spare_cap_x_sku_counts,n_items_near_vL,n_tall_items
194312,2,2
120554,2,3
165393,3,4
173390,2,3
137709,4,5
125050,3,2
147930,2,1
138886,3,5
175725,1,3
192192,2,0
177424,3,5
115940,3,4
145866,2,5
220121,2,5
147600,3,3
203607,2,3
149136,3,5
126340,2,4
103740,3,4
144696,2,1
147469,2,3
206016,0,1
183015,3,4
186057,2,4
113308,3,6
134608,0,2
40632,0,0
169110,3,2
192456,0,1
131376,2,3
142272,2,5
152768,3,4
67952,1,1
157122,3,4
147602,2,2
179800,2,5
197208,1,1
175428,2,4
107220,3,2
121759,3,4
154638,2,5
83700,4,3
192929,0,3
144948,1,5
144254,4,5
166991,2,4
185185,2,4
59579,5,4
153384,2,2
145464,3,6
182688,2,1
228240,1,4
172400,2,5
149226,2,3
104436,2,4
153840,3,2
153210,3,1
203016,1,4
162987,3,2
224070,0,1
181656,3,0
157355,2,5
159204,1,4
164660,2,5
157920,2,4
26700,3,5
124922,2,5
104952,4,5
183645,2,4
184920,3,2
180342,2,4
63401,3,6
-89642,4,8
159390,3,5
146880,3,2
157536,3,6
122556,3,4
142252,3,4
140980,3,6
148740,2,5
146512,3,4
128632,2,7
114240,3,4
163774,2,5
100204,3,4
195048,2,3
160270,2,7
135619,2,5
161980,3,4
179802,3,1
180117,2,3
163590,3,5
217440,0,2
140490,3,2
41160,1,0
152370,2,4
103292,2,3
130900,3,4
89683,5,4
191570,2,3
208824,2,4
138576,2,4
148500,3,2
176077,2,4
134676,2,1
141600,2,5
141012,3,1
138540,3,2
104517,2,0
38344,1,1
184608,1,4
106236,3,5
-1095,4,4
174678,0,1
109252,3,4
146705,1,1
206558,2,5
40954,1,1
151150,3,2
177342,2,3
144690,3,6
166944,3,2
186362,1,4
110361,0,2
73172,1,1
158774,3,4
106224,0,0
170384,2,4
147936,3,5
146628,3,2
111186,0,0
108290,2,6
133548,0,0
146211,3,2
141000,0,0
176120,2,1
177280,2,4
122507,4,4
166720,2,4
161608,3,3
161100,2,6
231048,1,4
188000,2,0
124773,4,3
205280,0,1
206492,0,3
125279,4,5
161440,1,4
169540,3,5
173000,3,4
188496,2,3
188986,1,3
133620,3,5
184317,1,4
199260,2,5
240570,1,4
163152,1,4
134771,2,1
174370,2,3
108300,3,5
87564,5,4
84098,4,5
108020,4,5
79552,0,0
156849,2,3
146201,2,5
146172,2,3
175076,2,4
82860,0,0
164164,2,2
165348,2,1
144045,3,3
142490,3,5
154737,3,2
202527,1,4
162384,1,6
146025,3,4
184464,2,5
-10560,4,4
232317,1,2
186856,2,1
-29903,4,5
172032,2,3
73584,1,0
172449,2,1
145431,3,5
108864,1,1
142926,2,1
177848,2,5
154224,2,3
81312,1,1
166970,2,5
113265,0,0
125210,5,4
214080,1,2
215150,0,2
124212,3,4
195280,2,3
112152,1,1
169912,2,1
94620,3,5
77546,4,7
204192,3,2
144530,1,4
99540,1,1
105807,3,2
129676,0,2
124474,4,3
146032,3,4
160853,2,3
187083,1,5
147490,4,3
195354,1,2
164619,3,4
160752,4,3
171600,3,4
157542,2,2
176932,1,2
8602,4,8
172689,4,4
156840,1,3
104804,4,6
215928,2,3
171060,3,3
160202,1,3
144912,3,4
99090,5,2
114191,4,3
169290,3,4
141889,2,4
174416,2,3
185990,2,2
81228,4,4
183000,1,2
146960,2,4
142483,3,5
122928,4,4
205062,2,0
111111,3,6
205972,1,6
-127925,5,5
179340,2,3
47670,4,3
116796,4,6
150417,4,4
129396,1,2
110151,1,2
161865,2,3
55796,3,4
164336,2,3
75985,3,4
38077,5,4
70774,4,5
153307,2,1
139623,2,5
166212,2,1
191994,2,1
108691,3,5
165720,3,1
143664,2,5
171864,1,2
142497,3,3
173921,2,2
145620,3,2
139840,3,3
91956,4,3
163048,1,3
143773,1,3
106301,1,5
135590,1,5
195390,3,4
124396,1,1
70905,2,5
-97812,4,5
145684,2,1
198864,0,2
49699,5,3
128815,1,3
122066,4,6
29471,3,6
-49840,3,6
136092,3,4
161253,2,5
104800,3,4
163260,2,5
170910,1,1
190611,1,3
141048,2,3
204408,0,2
40690,5,3
139700,4,5
177996,0,4
140770,3,5
-19440,4,9
199824,1,2
129576,3,2
158679,3,1
143379,5,2
177570,0,1
94934,3,4
137540,3,3
81564,2,4
163590,1,1
92040,2,4
135912,1,1
167055,1,1
154583,2,4
81526,0,1
72300,2,7
162655,0,0
7770,5,5
-29055,4,7
92064,2,5
166005,3,5
129756,2,4
162679,2,3
187484,2,2
156396,2,5
128799,3,2
176650,2,3
131901,3,5
140322,1,5
176904,2,0
170964,3,1
115687,1,4
153216,2,3
134167,3,4
114296,2,4
133420,3,5
122424,2,7
171504,3,2
107030,3,6
104988,2,6
128208,4,5
159670,3,4
138960,2,4
172008,3,4
61012,4,5
124718,4,3
131040,1,4
151570,1,3
171501,2,1
124487,2,3
-39270,4,9
65380,4,7
155351,1,3
207410,1,3
168192,2,2
204218,1,2
60872,3,6
115220,2,5
24585,4,5
50505,2,6
160370,2,4
128493,5,2
117741,2,6
160664,1,6
104304,2,5
172670,2,4
149604,2,4
150888,1,4
84252,4,5
156312,3,1
154370,3,4
156954,1,4
103020,3,5
98852,2,5
119132,1,6
131538,2,5
119244,2,5
116130,3,4
161730,3,3
182322,1,1
140701,4,4
172146,1,0
149660,2,2
-73695,4,4
163338,3,1
-110700,5,9
90649,3,4
178280,2,5
179410,3,6
-193420,4,6
200680,0,2
86450,3,3
161406,2,0
-110286,4,5
46787,3,4
103480,3,5
100802,3,6
68325,2,5
172016,1,4
185094,3,4
143781,2,4
133632,3,4
193518,1,4
76388,4,4
77779,3,4
141515,2,5
197870,2,1
170610,2,5
133078,2,5
131778,3,5
143052,2,5
138171,3,4
107412,5,4
156552,3,2
195399,1,2
152550,3,3
-112,3,6
146325,2,3
106909,2,5
163750,1,4
107076,2,5
237920,1,2
110940,3,6
143935,2,6
164770,2,4
172920,2,5
192060,2,3
118224,4,3
100243,1,5
165042,4,5
192784,0,1
89976,5,3
159336,1,3
168648,4,4
60718,2,5
174447,3,4
147238,3,6
168110,1,3
83168,3,3
120320,3,3
141715,3,1
114336,1,5
118120,3,2
109701,0,1
135344,2,4
175392,2,4
196800,3,1
131360,3,6
149732,2,5
158168,4,2
89340,5,7
180156,0,0
207414,0,2
74544,5,7
192060,1,2
110572,4,7
53115,2,5
154302,3,4
54936,4,4
190080,0,0
-72913,4,6
82208,2,6
-28528,3,4
73095,2,3
180144,2,3
157032,2,1
75096,1,1
159672,2,2
-31136,4,8
157450,2,3
148643,3,6
-50512,5,5
182208,3,4
199476,3,2
121884,2,0
124544,2,6
148380,3,3
143660,2,5
146650,4,3
156520,2,3
152187,3,5
171821,2,2
166878,2,4
142545,2,2
80064,2,4
160530,2,2
142534,3,3
162108,2,2
-8177,4,7
108248,4,5
150682,1,4
20774,3,4
-17440,3,4
197094,1,2
199908,2,0
124111,2,6
147440,3,4
195828,0,2
-52547,4,7
109185,0,1
9324,4,6
74228,2,1
74477,3,1
172116,1,2
151041,1,3
-34048,3,7
141728,1,1
151624,2,5
118044,4,3
-95886,3,5
148344,1,1
124284,2,4
178960,2,0
185650,1,4
164504,2,4
195705,1,4
72510,1,5
63896,4,4
188045,1,4
199367,1,2
128531,3,3
118590,3,6
214450,1,2
8330,2,6
156541,2,2
166460,1,2
189981,0,3
87948,4,3
180873,2,3
160368,2,3
126984,4,2
112770,1,0
-7920,3,4
-35760,4,7
157465,1,2
196035,0,0
5744,2,5
189224,2,1
-92786,3,4
61685,4,5
196104,1,4
45870,4,6
141470,2,5
166221,3,4
142967,4,3
180468,1,2
167410,0,3
159816,4,1
156864,1,4
150690,2,1
43665,3,4
101049,4,3
148869,2,3
152604,3,6
110025,3,6
90408,2,1
113420,3,2
105184,2,7
117360,2,1
29526,3,6
96572,3,6
-134262,4,7
144496,1,3
11880,3,5
-113924,4,6
65842,1,4
110935,1,4
207672,3,2
-186238,4,5
148772,0,1
-1064,3,4
89507,3,2
114060,0,2
118854,0,0
182315,2,0
91052,3,5
144824,0,0
190650,2,2
47700,3,4
149345,2,1
139356,3,3
195966,1,3
124025,4,2
155111,4,6
57495,2,6
170568,0,2
-61523,3,7
131508,2,2
10875,2,6
73284,2,6
208359,3,3
128880,2,4
179256,3,5
167808,1,3
148144,1,3
133655,1,1
146384,1,2
136395,3,4
38992,4,5
247203,1,2
183112,2,3
167337,3,1
159016,2,4
60130,4,4
82160,4,2
187103,1,3
147530,4,1
182960,1,4
174398,2,1
105755,3,4
134836,1,1
115008,1,1
47054,3,5
181279,2,4
92460,2,4
193977,3,5
117783,2,4
194052,3,5
127800,2,2
119370,3,7
139780,1,1
20832,4,8
-7185,4,5
178422,1,4
50245,3,4
203144,2,5
92470,3,4
122220,3,2
165172,2,7
77130,3,8
133095,3,3
172890,2,1
198740,0,2
197750,1,2
203434,0,2
172035,1,3
219588,1,1
150920,2,2
154584,1,1
96922,1,3
189980,1,2
179712,1,2
189576,1,1
140049,2,1
201080,1,1
213114,1,2
176484,1,1
202952,1,1
113448,3,1
153608,2,1
200376,1,2
144297,3,1
203379,1,2
181330,1,2
235092,1,1
151918,1,2
179712,1,2
231864,0,0
192698,1,1
140361,2,2
201260,1,2
216448,1,2
201303,2,1
199122,1,2
176111,1,2
214368,1,2
162264,1,2
-68778,2,3
207046,1,1
168518,1,2
178722,2,0
166810,2,2
173172,1,3
202290,1,1
177330,1,2
119713,1,1
188960,1,2
221420,0,2
147940,1,3
192776,1,1
114243,0,1
209200,0,2
123816,3,1
173052,2,2
229536,1,2
213577,0,2
200540,0,2
230080,0,2
118244,1,2
58548,2,1
192910,1,3
166356,2,1
219420,1,3
230692,1,1
142848,2,2
176694,1,3
163539,1,1
-34561,3,3
220408,1,1
192270,1,2
185848,2,2
206505,1,1
219447,1,1
190662,0,1
213152,0,2
8128,2,2
182938,1,2
117760,2,2
195399,2,2
160874,2,1
143192,1,3
197770,2,1
183126,1,1
189576,0,2
186996,0,3
224812,1,2
218799,1,1
206362,0,2
191196,1,1
139776,2,2
146608,1,2
215847,1,1
197055,1,1
207045,1,1
163410,0,4
118371,2,1
23070,3,2
241191,1,1
205260,1,2
179130,1,2
162918,1,2
161210,2,2
205200,0,2
203150,1,2
129100,2,2
161447,1,1
179744,2,2
152073,3,1
184646,0,2
176638,0,3
230436,2,2
110684,1,2
94556,2,2
75150,0,1
173404,1,2
213894,1,2
137640,2,1
227744,1,2
185746,1,2
222640,1,2
195420,1,1
136763,2,1
142590,2,1
255096,1,2
193536,0,2
212184,2,1
199752,1,1
204768,1,2
78045,3,2
52688,3,2
209646,0,2
195872,1,1
161445,2,2
233136,1,2
217448,0,2
171691,1,3
118557,0,1
152594,1,3
177160,2,1
224368,1,1
237591,1,1
251016,1,2
166562,1,2
173544,1,2
92690,2,2
79842,2,2
41760,0,0
119366,3,1
209524,2,2
210440,2,1
196368,3,1
208,2,2
15768,2,4
130702,2,2
235742,1,2
188552,2,3
248703,1,2
194928,2,1
193589,2,1
176160,1,3
184828,0,3
184842,2,1
187128,2,2
170720,1,2
214852,2,1
135476,3,1
240456,2,1
180960,2,2
144747,1,1
220596,1,2
233091,1,2
191191,1,2
245256,0,2
169092,3,2
232650,1,1
86916,1,1
257100,1,2
227510,1,1
160433,1,0
114897,1,0
169104,2,2
191680,1,2
165616,1,3
193424,2,1
133790,2,1
195630,1,2
184110,2,2
204990,2,2
159252,2,2
217168,1,3
224268,2,2
226140,1,2
196042,2,2
210236,1,1
214621,1,1
139706,2,1
222096,2,2
182730,1,0
185523,1,3
174380,1,1
97320,2,2
141557,2,1
153864,3,1
162180,2,0
257712,2,1
205816,1,2
236054,1,2
201690,1,1
225636,2,2
180829,1,2
169730,1,0
69445,2,3
113302,3,2
179748,1,2
218355,2,2
208455,3,2
198120,2,3
109680,0,0
133572,1,1
189360,2,2
113260,1,3
167538,2,3
51960,2,2
110115,3,2
202319,2,2
129375,2,2
107784,2,1
147675,1,3
122424,1,2
246873,2,2
183912,1,2
218218,1,1
163320,1,2
178248,0,2
224510,1,2
206244,1,2
143649,2,1
146354,0,3
181830,1,3
208650,2,1
210221,1,1
176680,2,2
214000,1,2
188573,0,3
224917,2,1
190652,0,3
193050,1,1
172524,2,1
200580,2,2
166180,2,0
196764,1,0
247182,2,2
158780,2,1
203488,2,1
229034,1,2
191889,1,1
178068,1,3
180336,1,3
126105,1,3
204281,1,1
99974,2,2
157118,1,2
200580,0,2
191844,2,1
199116,1,2
145395,2,1
196500,0,3
212150,2,1
192822,0,3
204780,2,2
214620,2,2
186538,1,2
187060,2,0
231900,1,2
137016,2,0
168504,2,2
199620,2,1
203400,1,2
172799,1,2
28032,3,2
213120,0,2
114062,3,1
122850,1,2
182847,1,1
140546,1,3
107432,2,2
174525,2,2
190385,1,3
208714,1,2
112584,2,1
185376,2,2
160459,0,3
242770,1,2
145266,2,2
160105,2,1
188617,1,2
172579,2,1
150252,2,1
200648,1,1
83174,3,2
210800,0,1
166320,0,2
118980,1,2
188922,0,1
76240,0,0
195912,0,1
220220,2,2
228384,0,1
170145,0,0
209088,1,2
100044,2,2
111664,2,1
67561,2,2
163275,1,2
154680,1,3
84030,2,2
204776,1,2
209568,1,2
190536,2,1
137184,1,2
211708,0,2
172256,1,2
226952,1,2
145483,1,3
135102,2,2
205348,1,3
220656,1,2
203269,1,3
183048,1,1
175084,1,3
159579,2,0
168020,2,1
175406,1,2
57176,2,2
203968,2,1
144992,2,4
110904,0,0
138842,2,1
11818,2,4
208332,1,3
219584,0,2
225819,0,3
194635,1,1
173742,1,1
138128,1,3
191347,1,1
95214,2,3
117015,0,1
92778,2,2
196042,2,2
176810,1,1
213756,0,3
196392,1,1
169965,1,2
141147,1,1
209033,1,2
195580,1,2
205926,1,3
208638,1,1
191140,0,2
229350,2,1
229428,0,2
185838,0,1
92905,2,3
143735,2,3
160986,1,1
172627,1,3
36397,3,2
179154,1,0
206360,2,1
197015,2,2
99414,1,0
43848,0,0
149310,1,1
179208,1,2
248922,1,1
-96805,3,3
211869,1,1
126735,0,3
132706,0,3
167088,2,0
187222,0,3
209985,1,3
223608,1,1
247470,1,2
-53244,2,2
53018,2,1
207430,1,1
200040,2,2
123450,2,2
149535,3,2
223410,2,2
253872,2,1
231760,1,1
159468,1,1
201520,0,2
180360,0,1
169286,2,2
95550,1,2
63990,1,2
194250,2,1
162578,2,2
152096,2,1
178574,0,2
208792,0,3
158026,2,1
-161519,4,3
168145,0,0
149184,2,2
175734,0,1
194556,0,1
194220,0,1
49408,4,2
170071,1,3
216612,1,2
209900,1,2
229788,1,3
202164,1,3
208780,2,1
181989,2,2
155950,3,1
205380,2,2
193736,2,1
195290,2,2
169848,2,3
182544,2,0
194070,3,2
239064,0,2
182944,2,2
170590,1,2
156024,0,2
245388,2,1
162441,2,1
166900,3,0
175540,3,0
155268,2,1
173921,0,2
187596,1,1
116964,1,1
152472,1,2
234780,1,2
199648,2,2
149814,0,2
148106,1,2
203556,0,1
206270,2,3
212532,1,3
204624,0,2
134220,1,1
215868,0,2
179046,0,2
157716,0,3
177338,1,2
151410,1,3
140524,2,0
167720,4,0
100542,4,2
153504,2,2
188361,2,1
24738,0,4
93008,2,3
196677,2,1
206484,2,1
186433,0,2
144090,2,1
32144,2,3
55440,0,3
176995,2,0
106575,0,3
173160,2,0
129430,2,2
-159543,1,3
148588,1,0
221670,1,2
168480,1,2
192199,2,1
151995,0,3
121062,0,0
182756,2,2
231096,2,1
121842,0,3
193479,2,2
143235,0,2
170712,2,3
124488,0,3
191893,3,2
190080,0,2
41360,0,0
207753,2,3
194481,0,1
207423,0,1
189059,2,3
221112,0,2
213048,0,2
200442,2,2
199200,1,2
213900,1,2
207560,3,1
219760,2,2
176876,0,2
197616,0,1
191334,1,3
216510,2,2
153216,2,2
187275,3,1
178896,1,1
162916,0,3
257466,2,2
198790,1,1
220812,0,1
193215,1,2
222876,0,3
157990,0,3
249615,2,1
130572,0,3
162883,3,0
94276,1,2
144536,4,1
244046,3,1
137440,1,4
112320,1,0
44172,0,4
179166,2,2
207010,2,1
203987,2,1
116752,0,3
208715,2,1
157140,0,3
204712,0,0
140724,0,0
187551,0,1
31312,2,2
13685,2,2
41832,1,0
42696,1,0
172230,0,2
115263,0,0
124800,3,2
141405,1,2
196152,1,1
214404,1,2
136404,2,1
163737,2,0
168102,1,1
184410,1,1
165150,2,3
169344,1,2
194400,1,2
169785,2,0
173286,1,1
152190,2,3
206869,2,2
179725,2,2
159256,1,2
115622,4,1
187368,0,2
179881,3,2
197217,1,0
173437,3,2
162344,3,3
200805,3,2
218498,3,1
141588,2,1
157290,2,2
135972,1,1
137606,2,3
162240,3,2
146052,3,3
153072,1,1
194350,3,2
163071,1,0
163233,1,0
212312,0,1
165270,0,1
205632,0,2
194128,0,2
188276,3,1
186720,2,3
173760,2,3
198575,3,2
171842,0,2
218101,2,2
215644,3,1
128115,0,3
252408,3,1
148500,1,1
75852,1,2
180198,0,1
206108,0,2
105084,1,2
167670,0,1
158622,2,0
137290,4,1
170547,0,3
164670,4,1
154980,0,1
204028,1,1
172774,2,3
203736,1,0
169535,1,0
-60360,2,4
2850,1,4
121520,3,2
199045,3,0
177522,3,0
30400,3,3
214272,0,2
-67012,3,3
170724,0,2
149664,3,1
231322,3,1
155259,0,3
151029,1,2
95248,0,3
168119,1,1
112554,1,2
215148,2,2
153171,2,1
129510,1,1
130912,3,2
159354,1,0
112875,3,3
155925,0,1
46384,4,2
155694,3,2
148480,3,3
152262,1,2
125472,3,3
136444,1,2
101136,3,2
190526,3,2
161294,3,2
185076,1,1
192676,3,1
149702,2,3
185757,2,2
142335,2,2
98085,4,2
142571,3,2
177837,3,2
129339,1,2
227352,3,1
184301,3,1
151864,1,2
189702,1,1
158103,0,2
91005,3,2
181960,0,1
213738,3,2
176760,1,1
160108,3,1
139696,1,1
177849,1,0
168931,3,0
92174,2,4
140236,1,0
123616,1,4
189618,2,0
-13566,1,4
163775,2,0
206400,1,2
206016,2,1
178373,1,3
212328,3,1
46265,3,2
118344,1,3
148642,0,2
170250,2,2
166764,3,2
163368,1,2
222552,3,1
181038,3,3
233870,3,2
130824,3,2
181380,3,1
236577,1,2
131348,2,2
227408,1,1
41871,2,3
-87570,2,4
76272,1,3
85824,2,3
241524,2,2
84496,1,3
70193,1,3
220467,3,2
224400,3,1
101805,0,1
102486,3,3
197008,3,2
167184,0,2
187109,0,3
147406,1,0
141390,1,1
225664,0,2
147516,2,3
166968,1,1
154116,2,3
184722,1,3
160184,2,1
259182,0,2
102578,3,2
202473,1,1
139044,3,2
-10600,2,4
157095,1,0
180170,1,0
-102900,2,4
177310,2,1
170048,1,1
157840,3,1
201300,1,2
193344,0,2
154712,1,1
190957,2,2
149076,0,0
136005,1,2
184751,0,1
117754,1,2
27330,1,3
61845,2,3
165804,1,1
210084,1,2
198690,0,3
199640,3,1
222464,0,2
172764,2,3
-29088,1,3
191844,2,2
192195,1,2
179487,1,1
181233,0,2
121056,1,2
121896,1,2
-48174,3,3
210296,0,1
195613,2,2
212498,1,2
171184,1,3
230571,2,1
162144,1,1
153588,1,2
255960,2,2
137790,2,1
230025,2,3
91716,1,1
171168,0,0
190872,1,2
176130,0,2
206635,0,3
144830,0,3
231237,2,0
234189,0,2
103730,1,1
-74480,3,3
151412,0,1
10830,3,2
210854,1,1
134838,1,1
133936,3,2
192444,3,1
203830,0,3
198200,2,1
132288,2,2
198792,0,1
197640,0,1
35154,1,2
190510,0,2
141948,2,1
197180,2,2
167600,3,2
220500,0,1
109269,0,1
105911,3,1
204273,1,2
15960,3,3
166445,0,1
171960,1,2
237062,2,2
198462,1,1
214230,2,2
177884,1,2
195872,1,2
154320,2,2
219725,1,1
184002,2,3
204061,2,3
219882,2,1
189365,1,3
148904,1,3
154370,1,1
188076,2,1
173240,1,1
142506,2,1
189585,1,1
218169,1,2
148320,2,2
57970,3,3
215033,0,1
-51700,3,4
146856,0,0
202968,1,2
167700,1,3
208550,1,3
119180,2,1
202176,0,2
76999,2,2
243666,1,0
244075,2,1
204312,2,0
119182,2,1
113104,1,3
207714,1,1
164645,0,1
100589,1,3
197484,2,1
230616,1,1
178932,2,3
207230,0,2
125750,2,2
224125,1,1
151658,2,3
210366,2,2
-95292,1,4
181048,0,2
164136,0,1
193815,0,3
208818,2,0
187044,0,4
80175,3,1
216207,0,3
176371,2,1
204302,0,1
190170,2,1
196119,2,0
191114,0,2
244343,0,3
169147,2,1
233056,0,2
118412,2,2
149963,2,1
-122076,4,2
139124,0,0
146112,1,2
226590,1,2
233650,0,3
49210,3,1
194676,2,0
171226,2,1
193212,3,0
191280,0,4
202690,0,3
190596,2,1
207830,0,3
127870,2,2
89771,3,1
146542,3,1
270491,0,3
169839,2,1
243347,0,3
159962,2,2
253528,0,2
144144,2,2
269346,0,2
189618,2,1
165810,2,2
185193,2,1
221169,0,3
201696,2,2
185878,2,2
227612,0,2
144326,1,1
125340,1,2
75647,2,1
158851,1,1
254639,1,3
181819,1,1
228510,1,2
139906,1,2
155558,1,1
135708,1,2
86879,2,1
153972,2,1
168355,1,1
245135,1,3
222167,1,3
169832,1,2
220734,1,2
151138,1,2
233676,1,2
163150,1,2
225360,1,2
161694,2,1
141372,2,2
93015,3,1
173547,2,1
239943,0,3
196515,2,1
216975,0,3
216486,0,2
157274,2,2
147884,2,1
245362,0,3
232265,0,2
248083,0,2
237919,0,2
218604,0,4
193548,0,4
204580,0,3
131280,3,0
131505,3,1
176683,1,3
174152,1,2
189970,1,2
142740,2,1
243776,1,3
216632,1,3
230923,1,2
195620,2,0
194025,0,3
231671,1,3
191323,1,1
149539,1,3
207852,2,1
175968,2,2
217070,0,3
241452,1,2
218960,0,3
246741,1,2
201684,2,1
154308,2,2
209720,0,3
179806,1,2
125818,2,1
-48875,3,1
187821,2,0
209824,1,1
82964,2,1
176584,2,1
112321,3,1
-61438,3,2
158065,1,0
185808,2,1
125150,2,1
7264,4,1
216336,0,4
210980,0,4
181006,2,1
157900,0,2
102170,2,2
169456,2,0
203476,0,4
184448,2,0
193325,2,1
215472,0,2
88956,0,4
130592,2,0
103598,0,4
157480,2,0
162050,0,3
50122,1,4
104856,1,0
68220,1,4
139065,1,3
198233,1,1
97648,2,3
240312,0,3
148090,2,1
229563,0,2
121264,2,2
38544,2,3
174570,0,4
162379,2,0
179060,0,4
200981,0,3
-4032,1,4
15776,1,4
89726,1,3
205218,2,0
192244,0,4
245938,0,3
238908,1,3
185450,1,1
228540,1,3
123172,2,1
218876,0,3
105833,2,2
194701,0,4
144914,1,3
121464,3,1
254530,0,3
145644,2,1
170700,2,1
221552,0,2
138544,2,2
224016,2,1
160620,3,1
220070,2,1
240950,2,1
161940,0,3
237192,2,2
178240,0,2
219936,2,2
174779,2,2
152320,2,3
116666,3,2
211562,0,2
186857,2,3
226633,0,1
171039,2,3
242451,0,1
203985,2,1
211794,0,2
187343,1,2
118664,2,2
195250,1,2
218240,1,2
218218,1,2
195272,1,2
201617,1,3
198729,1,1
182923,1,3
211671,1,1
205370,0,1
221188,0,1
198121,2,2
165048,1,3
189264,0,3
164208,0,3
180130,0,2
194510,0,2
144898,1,2
209988,1,1
163075,1,1
211991,1,2
219846,1,1
238706,0,2
184847,1,2
147257,1,1
192620,0,2
160048,2,2
-7310,3,2
209826,2,1
176858,2,2
59024,3,2
18160,2,3
117194,2,2
222563,1,2
-19873,3,3
170639,1,1
-78066,4,3
184085,0,3
229405,2,1
177728,0,2
215236,2,2
145675,0,1
186571,2,1
169246,0,3
204008,2,1
193270,0,2
183414,2,3
208120,2,1
210056,2,2
135200,1,0
194280,1,2
210972,0,2
207558,0,1
179886,0,0
137895,0,3
176360,2,0
174086,0,2
135030,2,2
-48042,1,3
55496,1,2
227223,2,1
157402,2,2
75528,0,1
137618,2,3
83440,3,2
174984,2,2
201992,0,1
213496,0,1
152642,2,3
180090,2,1
160349,2,3
182240,1,4
127854,5,1
111040,3,3
164850,1,3
202041,2,1
107129,2,3
128214,3,3
150488,3,3
71724,1,4
163544,2,0
163845,0,3
97830,2,4
220635,1,1
78694,1,6
123740,2,3
190488,2,2
161672,1,3
105790,1,5
162648,0,4
117108,2,5
137308,2,0
125352,2,4
144606,1,2
147330,2,1
138350,1,3
140940,2,4
80234,1,0
175584,1,4
78516,2,3
112140,1,6
147141,1,2
158031,1,2
149083,2,2
69672,1,3
143190,1,2
165250,1,2
175350,1,4
135300,3,4
154422,5,1
165732,1,4
31542,1,4
117585,4,4
182730,0,0
138024,2,1
167616,4,1
141822,1,4
132453,2,5
158165,3,1
187496,2,0
152104,2,2
188034,2,1
151860,1,3
110631,1,0
211911,2,0
124330,2,4
152526,2,2
155010,3,1
207210,2,1
138056,1,3
192090,2,1
132112,2,0
147065,1,3
76351,3,6
153495,1,3
164520,1,1
181000,3,2
168048,2,3
197673,1,1
192006,2,0
145572,1,0
85283,2,4
177690,2,1
106353,3,4
117227,1,4
145410,1,4
124080,1,2
169344,2,2
176715,1,1
140063,2,3
129855,1,3
157398,1,0
114261,1,0
140472,1,3
-34062,2,6
162960,1,3
160360,4,1
105246,0,2
122276,1,3
72464,2,4
126180,3,0
131160,2,3
150876,3,1
157221,2,2
90981,2,3
81564,1,3
84408,1,0
78420,1,0
139436,2,2
42970,0,0
184167,2,2
136300,1,2
208242,2,1
160304,1,2
174468,1,0
125748,4,4
193226,3,1
113232,2,2
133155,2,3
152825,1,1
138276,2,2
170991,1,2
124920,3,4
134600,3,4
131985,3,4
138397,1,2
144344,1,2
129978,3,4
201072,2,1
128310,1,6
161580,2,4
159572,1,4
197001,1,0
124674,3,2
180072,1,0
127708,1,2
123136,2,1
111780,2,5
31224,4,3
118440,3,4
136179,3,4
187308,2,0
188136,1,1
204402,1,0
176040,1,1
132600,1,4
151632,1,4
178976,1,2
134444,2,0
226216,2,0
133400,2,3
194688,4,0
197811,3,1
160578,4,1
142527,1,1
193689,1,1
188472,1,1
41760,0,0
137645,3,1
100584,3,5
167741,2,0
162946,1,2
180441,1,3
118236,3,1
79848,3,2
137016,3,4
171264,0,2
168960,3,1
183258,2,1
43272,0,0
82260,1,5
136320,1,3
142614,4,1
112827,2,2
191247,2,0
198656,2,1
40320,0,0
140346,2,3
136794,3,3
136017,2,4
156180,1,2
131296,1,2
197130,2,0
144456,0,5
183358,2,2
161403,3,2
118872,1,2
113400,3,4
210204,2,1
73620,0,2
103780,3,2
116149,2,2
130416,0,3
171774,3,2
127974,1,2
177456,2,1
177957,3,1
92202,3,2
131040,1,4
160446,1,2
75822,1,0
149415,0,3
135896,1,5
84816,4,1
162552,1,1
131288,2,5
188127,0,1
46995,1,5
102348,2,2
61971,1,3
105894,4,4
149288,2,2
93220,3,5
106311,1,0
146940,1,4
180960,1,0
168544,1,4
148752,1,4
171828,3,1
158808,3,0
154848,4,1
71456,4,4
135003,2,4
180190,1,3
136955,2,3
133424,0,0
150139,2,3
134568,5,1
168749,3,1
159415,2,0
188073,3,2
144331,4,3
135009,1,3
3390,2,6
207016,1,2
158520,3,1
180112,2,3
143479,1,3
109788,0,0
198747,2,2
107592,3,3
156790,0,2
185820,2,1
83534,3,5
133704,2,5
146076,0,3
129834,3,1
130400,1,6
141160,3,3
39390,3,4
190580,2,0
-7395,5,4
100890,3,4
95920,3,3
151268,3,1
138435,2,0
172161,3,0
114670,2,3
157428,2,3
136056,1,2
182651,3,0
144404,5,1
143780,4,1
184129,2,2
163917,1,3
52248,3,5
163816,2,0
140888,3,3
79140,2,4
142530,1,3
102888,0,3
147272,1,1
194910,1,1
133866,1,3
140067,1,3
141519,2,3
142296,3,2
172400,1,3
211880,3,0
144756,1,3
198350,1,1
184580,2,1
128448,3,3
165074,1,3
141295,2,1
151389,3,2
214100,2,1
238941,2,0
154287,4,1
200870,2,2
182810,1,1
149208,2,4
97350,1,4
142072,3,0
97965,2,0
166070,0,4
168160,0,4
152860,0,3
145206,2,0
96720,3,1
97344,1,4
103590,1,0
59472,1,4
139805,1,0
112294,2,4
200340,2,1
131208,3,3
119688,3,3
153559,1,3
129808,3,0
136530,1,3
137085,2,2
142337,3,2
139155,3,1
144610,2,3
151605,4,3
142816,1,0
128440,1,3
137052,3,3
137487,3,3
160636,4,1
183018,2,1
233940,3,0
81174,0,0
193303,2,3
164836,1,0
169659,1,0
204190,2,1
191686,2,1
176539,3,1
150152,1,3
159309,2,3
171570,2,3
170203,4,1
74448,1,1
136422,2,2
127449,2,4
168982,3,2
95985,3,6
114240,4,3
197930,1,1
129248,0,5
146641,1,3
227870,1,1
106344,0,1
123850,1,4
198980,2,1
156436,0,5
116400,4,1
138906,3,1
23232,2,4
158670,2,0
185350,3,1
176814,2,1
175188,2,0
110016,3,4
66570,3,4
132822,4,3
179946,3,1
89370,3,6
139761,1,3
90670,1,5
135330,1,3
143253,3,3
152322,2,2
148419,2,3
224850,1,1
133448,2,3
158326,0,3
145062,2,2
126903,3,3
225333,2,0
212373,2,0
168410,1,1
156961,2,3
103599,2,4
114489,2,4
142920,2,3
151195,2,2
116823,3,3
148584,4,3
147546,3,1
123723,1,5
129804,1,4
215952,2,1
132363,2,3
124632,4,3
164976,0,3
130530,0,5
131148,1,6
145530,2,1
130668,0,0
171624,1,3
136653,2,3
160251,1,3
172490,5,1
112968,4,3
129364,2,1
94810,2,4
203964,2,1
124659,4,3
236223,2,0
159464,0,3
212750,1,1
157716,1,3
157738,3,2
161028,2,2
172347,3,2
74670,2,0
104598,3,3
154806,3,1
145194,4,1
146232,3,2
175245,4,1
211080,2,1
164428,2,3
163926,3,1
155197,2,0
150612,2,3
179575,1,3
107920,4,1
117216,1,1
197874,2,3
135252,2,4
153468,1,0
161805,0,1
158130,0,1
134520,2,3
183210,1,3
129588,0,2
159915,0,3
164853,4,1
168540,2,1
84755,1,4
205975,2,1
141944,1,0
82552,0,0
119964,1,0
164298,1,3
74160,0,0
162352,2,3
153486,2,3
151656,1,3
146710,2,3
129636,2,3
158810,2,3
118162,2,4
147303,2,4
177570,1,3
192123,2,3
183771,1,3
159856,3,1
160744,4,0
132816,1,6
182210,2,0
199696,3,0
91845,2,4
162900,3,1
145323,2,3
179424,2,1
128184,3,2
144708,2,2
165851,2,2
129516,4,1
175252,4,0
110112,3,1
184030,2,1
218690,2,0
166243,1,1
176451,2,1
169477,2,2
167398,2,1
140526,2,3
161546,2,0
135756,1,3
205854,3,0
142032,1,4
149611,1,1
174980,3,3
172269,2,3
108780,2,2
195855,1,1
145040,3,3
165177,2,3
175744,3,0
146040,3,1
173129,2,1
153600,2,3
159819,2,1
154632,3,1
121248,4,1
114948,2,3
104340,0,2
24895,5,4
130932,3,4
75713,5,4
135522,3,2
6146,2,4
167280,1,0
-37712,3,4
117738,0,0
158256,2,1
161199,2,3
196548,2,1
181296,1,0
13245,3,4
-83419,4,4
203310,3,0
166260,2,1
42238,5,2
100061,5,2
19335,5,2
170731,5,1
152672,2,3
156195,2,1
140465,2,1
169001,1,3
97384,3,1
166548,2,0
50115,2,4
128268,3,1
102058,3,4
87766,3,2
103279,4,3
89320,4,1
153260,2,3
160121,2,1
97504,2,5
81970,2,3
139051,2,3
90024,2,4
156838,3,3
123904,3,3
146630,2,3
113080,3,4
162272,3,1
180708,2,1
124600,3,2
164592,3,1
125180,3,4
121608,2,5
169281,3,1
148336,3,1
182545,1,1
175482,3,1
155248,4,1
177401,2,1
142512,3,3
170248,3,1
192272,2,0
155960,1,5
160160,3,3
152600,3,1
100802,2,4
79781,1,4
147966,0,5
133434,0,6
171952,3,1
110088,2,5
88890,2,6
113859,3,5
151641,2,3
135288,3,3
151048,2,3
176856,3,3
186760,2,0
123216,2,3
156737,2,1
174031,3,1
163854,2,1
138159,2,4
172944,4,1
117024,2,1
143496,2,1
172656,1,5
103812,1,3
145998,4,1
148704,1,5
199177,1,1
169432,2,3
155029,2,2
159061,1,2
80102,4,3
134523,2,3
158391,3,1
129190,3,1
214620,2,0
166712,3,1
145431,3,1
79284,3,2
85386,3,1
140127,3,1
162736,2,1
136960,2,2
130800,3,2
173502,1,0
71540,4,2
45045,4,2
171776,1,1
96492,2,3
77688,3,3
153345,0,2
66766,4,4
147933,0,3
150051,1,3
102063,2,3
138585,0,2
145320,0,3
153890,3,3
154084,3,1
132147,2,5
162554,3,1
121257,2,5
162426,2,1
96240,3,5
149190,2,1
118300,3,5
123170,5,1
146268,0,5
129087,2,5
164286,3,1
117920,3,3
149418,2,3
155690,3,1
123000,2,5
137718,3,1
108297,2,5
114730,3,2
78771,2,6
171860,4,1
139170,3,5
141920,4,1
109230,3,5
162580,3,1
129890,2,5
140013,5,1
102168,3,5
181264,2,1
152952,2,1
128160,3,1
156544,2,2
122022,3,5
169128,2,1
118703,1,4
129123,5,1
137600,4,1
139740,1,3
141561,2,3
136428,3,1
159720,0,5
126252,2,5
136700,3,2
157671,2,2
137817,2,2
154716,2,3
183834,4,1
194200,3,1
176552,3,1
119916,3,2
165232,0,5
137886,0,5
132208,0,2
43716,5,4
149060,0,2
151459,2,4
122440,4,4
96564,3,2
-8624,5,2
76580,0,0
204660,2,0
156630,0,0
40515,5,2
166023,2,0
90990,4,2
-26832,4,2
102375,4,1
117381,3,1
173060,2,3
160816,1,3
118464,0,3
-26224,4,4
102869,4,3
156849,2,3
124398,3,3
215670,2,0
162921,1,1
138656,3,1
138312,1,5
186776,2,1
156888,4,1
161959,2,1
152904,3,3
181588,3,0
203570,2,0
140805,3,5
146384,3,2
147176,2,4
138455,1,2
146706,1,2
138264,0,0
173496,2,0
164862,1,0
124804,1,0
45216,4,2
167568,2,1
165384,2,2
148149,2,1
155352,0,3
1335,4,4
168936,0,3
123298,2,3
148491,2,3
160111,2,3
163920,2,3
163616,2,1
134308,2,0
158928,3,0
102070,2,6
141080,3,0
121023,2,6
149856,3,0
148561,1,5
207840,2,0
-76734,5,2
188910,3,0
151360,2,2
127872,3,3
68124,4,3
18272,4,3
155970,2,0
173136,2,1
119120,1,5
188460,3,1
141616,0,5
156672,4,1
130648,4,1
-34624,2,6
131688,2,0
96044,2,5
112024,1,5
185166,3,1
162624,4,1
166419,2,1
170082,3,1
149060,1,5
197448,2,0
112152,3,2
117190,2,6
-12592,1,6
154374,2,0
179937,3,2
80010,2,6
137196,3,2
140525,2,1
202680,2,0
144958,1,5
158220,3,1
142584,1,3
130564,1,0
180918,0,0
147735,3,1
127171,0,5
172773,4,1
143766,0,5
186830,1,3
149284,2,0
146850,1,1
193800,3,1
150228,3,1
127816,1,1
14115,1,6
149085,3,0
148984,1,4
154926,3,2
89650,0,6
169380,1,1
156814,1,2
131197,0,4
169479,4,2
129528,2,4
143080,4,1
123264,1,1
156984,2,1
190620,1,0
163590,2,1
179070,2,0
125440,3,3
116136,1,3
134475,2,1
160152,1,2
-5040,4,2
162813,1,2
129300,2,2
151002,2,1
142056,3,3
128970,1,3
184512,1,0
142030,0,2
35280,4,4
69003,2,6
132890,0,5
174690,4,1
162736,3,0
167951,0,2
87945,4,4
130935,2,3
139308,2,1
185409,0,1
120720,1,6
48581,0,6
189147,4,0
165246,1,1
140970,2,1
164781,4,1
151130,1,1
109392,2,5
172740,2,0
138744,2,2
163827,1,2
138105,3,4
172230,2,2
169368,1,0
158312,1,2
105846,3,4
128556,0,5
156205,3,1
50964,3,5
174132,2,2
100386,2,1
155940,2,1
60816,4,2
82484,0,0
4032,4,6
154565,1,0
178380,2,2
120318,2,4
157374,2,1
131700,1,2
191177,0,1
127589,4,1
172341,2,3
150072,0,0
150822,3,0
49770,2,6
123708,2,0
165816,1,2
170016,3,0
190323,1,0
185016,2,0
157830,2,2
196032,1,0
208968,2,0
174285,1,1
136770,2,4
150444,4,1
157608,2,1
167319,3,1
179712,2,1
155925,1,1
192648,2,0
160320,1,3
157734,1,4
164520,3,1
164850,1,1
164700,2,1
190536,1,1
150930,3,1
203472,2,1
134760,2,1
168102,1,2
182088,3,0
134829,2,3
124670,2,4
171544,2,1
147928,2,1
156429,3,1
168822,2,1
183375,3,1
166815,1,1
136190,2,2
202328,2,0
186760,2,1
172990,3,1
156820,2,1
201942,3,0
145719,2,3
153690,1,3
139920,2,3
172179,2,2
141405,1,4
126258,2,4
108471,1,4
139554,4,1
145170,4,1
129000,3,1
176904,4,0
185514,1,1
196479,1,1
184086,2,1
169533,1,1
204744,2,0
182871,1,1
179520,2,1
193761,1,1
158940,3,1
170478,2,1
181368,2,1
127890,2,2
194265,3,1
123750,1,3
175905,3,1
148290,2,2
166170,2,3
118644,0,0
-22022,4,6
134030,3,4
158860,1,1
66902,3,5
111793,3,4
166936,3,1
171192,1,1
39962,4,4
137780,4,1
129555,3,1
202496,1,1
109802,3,1
158620,0,1
93418,4,1
190368,2,2
159822,2,0
167636,1,2
164582,3,0
161988,2,2
152466,2,0
179120,2,2
167984,2,0
165664,1,2
182020,3,0
9920,4,2
89740,3,2
130000,1,0
129876,3,2
168522,1,0
171234,1,3
110220,3,3
93912,4,3
165792,3,0
132432,0,6
179280,4,0
-65760,4,6
77184,0,0
23520,3,6
131208,1,0
73116,3,6
170334,1,0
170667,2,1
162197,2,1
129510,2,3
114807,2,4
134760,4,1
174717,2,1
115167,1,0
153510,3,1
167280,2,1
183450,3,1
127479,2,2
184430,1,1
153063,3,2
63140,5,2
116103,1,2
203931,2,1
147730,4,1
160139,4,0
157031,3,1
130470,5,1
122485,4,2
177830,1,1
158730,3,2
166216,4,0
110820,4,1
111300,2,2
48807,3,2
121875,2,1
173880,2,2
144840,3,1
137160,3,1
150839,2,1
155911,3,2
117140,5,1
167100,2,1
144088,1,1
64776,4,1
131632,4,1
148790,4,1
167055,3,1
82940,4,1
211280,1,1
170550,0,2
136962,1,2
172172,2,1
166460,2,1
110745,4,2
112164,4,2
162820,2,2
39840,4,1
155001,3,2
141435,3,1
194030,1,1
93660,5,1
58786,4,2
137379,4,2
125092,4,2
132977,2,1
157322,5,1
93615,3,1
118188,5,2
126819,4,2
140250,4,1
186057,1,0
51422,5,2
151104,2,1
141192,3,2
112563,5,1
161612,2,1
169015,2,1
123096,3,0
120208,3,3
114741,5,1
160344,3,2
99780,2,2
186280,3,1
148043,4,1
115320,0,1
90077,5,2
133650,4,1
187627,4,1
153008,5,0
154352,2,1
175945,3,1
162927,3,2
169356,1,1
143720,1,1
158050,2,0
150755,2,0
165060,3,2
94932,5,1
192024,0,1
99276,3,2
165624,3,2
107340,6,1
216700,2,1
95100,5,2
132372,1,2
158536,4,0
149468,2,1
209493,3,1
154110,3,3
63260,5,2
132792,4,1
127629,5,1
104335,4,1
-30330,4,1
162664,3,1
123046,2,1
106860,4,2
54262,6,2
162400,3,2
79104,5,2
164234,3,1
156516,2,1
154903,3,1
128160,4,2
120760,3,2
83280,3,2
159756,5,1
187692,2,1
-32480,4,2
-75616,5,2
152392,4,1
142896,3,1
155280,2,1
123108,4,3
144639,4,2
164470,4,1
168930,2,1
155364,2,2
170896,3,1
155450,5,0
132034,3,1
119249,4,2
144620,4,2
141520,0,1
28990,4,1
156924,4,1
138294,2,2
208417,3,2
164934,3,1
163980,3,1
171080,2,1
142317,2,1
140085,2,1
211915,2,2
161520,2,2
136050,2,1
63480,4,1
105510,1,1
124927,4,2
147275,1,0
147366,2,2
141560,1,2
-29708,4,2
207050,2,2
203870,3,2
115995,2,1
206728,2,2
198776,3,1
182184,1,0
142135,1,1
126765,2,1
202164,3,2
115080,3,2
116670,3,1
107305,2,2
125125,2,2
207576,3,2
132432,2,1
98900,3,1
137700,2,2
119540,3,1
169697,4,1
172440,1,2
190674,2,2
163170,4,1
177240,2,0
180576,3,0
109840,1,2
42900,0,0
66183,3,1
220380,2,2
79105,2,2
94860,3,1
147147,4,2
62796,2,2
158984,2,1
112020,1,0
141345,2,1
201157,3,2
174350,3,2
159516,2,3
165451,4,2
175512,2,3
187764,4,2
180840,3,2
169686,4,2
126016,3,2
161748,3,1
199991,3,2
196083,3,1
171127,4,1
152515,3,3
141180,3,3
91223,2,2
112497,3,1
203553,3,1
81340,0,1
110208,5,2
148778,4,2
182724,3,2
124050,4,1
90300,2,2
126924,3,3
127510,2,1
151099,4,2
149456,4,1
158752,5,1
172400,2,2
135938,3,0
151580,3,1
141696,3,1
120033,2,1
164400,5,0
173730,3,0
178343,1,1
32200,4,1
137298,2,1
141375,3,3
106067,4,3
160120,4,1
183195,2,0
179484,4,1
161028,4,2
155700,3,3
119850,2,1
171198,2,0
226578,2,2
120615,3,1
159740,2,1
167409,2,0
157130,3,3
78372,3,1
102795,3,1
145640,1,1
201070,4,1
187985,3,0
167958,4,0
153234,5,0
165540,2,1
174434,3,2
108394,3,1
-3402,3,2
111600,1,0
160710,3,0
97834,3,1
103755,2,0
68124,3,1
104799,0,0
210663,3,1
189057,4,1
109740,2,2
168420,1,2
141010,2,1
148530,3,1
151194,4,0
165438,2,2
157740,1,2
159901,2,2
173514,2,2
153102,3,0
41249,1,0
142920,3,3
140532,3,1
69744,1,1
180330,2,0
122952,2,2
122423,4,1
103340,3,1
96107,3,1
78287,3,1
167255,3,2
147342,3,0
154233,3,2
140112,2,1
210780,2,2
158452,3,2
155140,0,2
142120,5,0
121751,1,2
142296,4,1
142875,3,2
163530,2,0
126510,4,1
109527,2,0
176111,4,2
120528,2,1
101380,3,1
150120,3,1
122480,1,1
149225,3,0
133168,2,0
135865,2,1
138085,3,0
126450,2,1
163672,5,0
143775,1,2
190597,3,2
150600,3,1
164896,2,1
151688,3,1
143096,2,1
169585,3,2
186914,3,2
125450,4,1
116037,1,2
132870,3,1
194095,2,2
196647,4,1
60476,4,2
202416,2,1
214852,2,2
114000,3,1
132678,2,1
148170,3,2
136450,3,2
202725,3,1
183986,2,3
99034,4,0
196700,2,0
128604,5,0
58707,5,2
191580,3,2
160504,4,0
142600,1,1
143196,4,0
133770,4,2
44040,4,1
144678,2,1
163009,3,1
153610,1,1
136848,2,1
140400,3,0
73403,2,2
159656,4,0
76064,1,0
75176,0,1
118584,5,1
173120,2,3
126854,3,3
152362,4,0
73190,3,2
150269,3,1
209720,2,2
32487,3,2
208758,2,2
93825,2,2
89850,2,2
126100,2,0
90693,4,2
139185,4,1
147190,4,2
146424,5,1
172139,4,1
195570,3,1
188730,3,2
129636,5,2
166923,4,1
184290,2,3
171496,4,0
122970,4,1
137450,1,2
97812,3,1
171660,1,2
71988,6,1
113664,6,0
156564,4,0
194040,1,1
116084,2,1
126324,2,1
-18590,4,2
172125,4,0
112338,1,0
176530,1,1
182532,2,0
193527,1,1
211010,3,2
183032,1,0
205029,2,2
184440,1,0
169998,0,0
175257,2,0
179851,1,0
181104,2,0
164255,1,0
169785,2,0
153230,5,0
151209,1,1
152170,5,0
161147,0,1
155623,2,2
219609,2,2
176904,1,0
167944,3,1
43560,0,0
190984,0,1
182790,2,0
189837,2,0
165789,1,1
125996,6,1
123497,4,2
173136,2,2
160080,3,1
164810,1,1
172224,2,0
145410,1,0
179838,2,0
124728,1,0
95678,3,1
122168,1,2
136590,2,1
98316,1,1
122285,3,1
164200,1,0
169491,1,0
152165,0,0
136060,2,1
180831,1,0
95436,1,1
162580,3,1
178790,4,1
134160,3,2
154984,3,1
-10512,5,3
-46869,5,3
214758,2,1
84840,3,2
17225,3,2
42582,1,0
80520,1,0
41940,0,0
181830,4,1
179811,4,1
123660,3,1
168500,4,1
178677,2,2
171980,2,1
168858,5,0
177672,4,0
174120,3,1
194159,3,0
178031,3,1
176046,2,1
151371,4,2
192870,4,1
217264,2,1
166230,3,2
178672,2,1
185310,2,1
206600,2,1
204056,3,1
197928,3,1
182819,3,0
191096,3,1
204304,2,1
134570,4,2
137636,2,0
76739,5,2
53242,5,2
163180,3,2
156398,3,2
186288,2,2
120,4,2
176850,4,0
133727,5,0
176275,2,1
208736,2,1
203918,3,1
193466,2,1
93363,2,1
168500,1,1
168150,2,1
157360,1,1
190855,2,1
175062,3,0
162005,2,1
185316,1,1
188629,3,1
145360,0,1
138756,1,1
200186,2,1
148000,0,1
164844,3,2
162352,3,1
128100,4,0
211770,3,1
89661,4,3
145320,5,1
40860,7,1
-145440,5,2
9750,5,0
210240,1,1
44968,4,2
132510,2,2
200424,1,2
167692,3,2
180474,2,1
154968,3,2
139656,5,1
189504,2,2
127624,1,2
131616,2,2
195228,3,1
203264,2,1
176976,4,1
99720,4,0
138600,2,2
83250,5,2
115488,3,2
157227,2,2
153612,3,0
163179,2,3
47982,4,1
157590,3,2
161064,2,1
117576,2,1
26146,3,2
90480,2,2
155754,4,1
70170,4,2
93528,4,2
207664,3,1
205380,1,1
-62860,4,2
163000,2,0
128970,2,2
198385,3,1
34200,6,2
196362,2,1
194000,3,1
111616,2,1
3090,4,1
152780,3,0
131176,2,1
128843,4,1
179249,3,1
105885,4,2
-109792,5,2
104916,1,0
10374,4,2
163872,2,0
138019,4,1
100716,2,1
26856,4,2
79044,1,0
90310,4,1
159200,2,1
96500,4,1
166140,2,1
152415,1,2
185013,4,0
67536,7,1
106464,0,1
7700,5,1
137800,1,1
170238,0,1
70800,4,1
195496,4,0
-11152,4,2
149238,4,1
189840,3,1
161462,2,1
152280,1,2
184570,4,0
118426,3,2
179610,4,1
156457,3,1
43484,4,2
-37568,5,2
1050,4,2
112266,1,0
69056,4,2
160900,1,0
149000,2,1
96540,4,1
27748,5,1
142040,0,1
114480,1,0
50862,4,1
135436,1,1
133497,3,1
171990,3,0
98802,4,1
199570,1,1
192792,2,1
214722,3,1
199863,4,1
174923,2,2
175815,3,2
175888,4,1
165320,5,1
194670,3,1
182673,3,1
193640,2,1
196050,3,1
185766,2,1
168800,3,1
193653,4,0
209380,3,1
210208,2,1
126324,5,1
169150,1,1
77784,6,1
56966,6,1
166243,3,2
188640,2,2
150136,5,0
184926,1,2
138940,6,0
171108,1,2
129734,6,0
65772,5,2
106842,2,0
109837,4,2
127452,3,0
170163,4,0
140455,2,1
46189,3,2
112130,2,2
152073,4,0
113877,2,2
154570,4,0
136320,2,2
70070,4,0
146629,2,1
181995,3,1
181260,3,1
97362,2,1
75570,3,1
104896,4,1
195692,1,1
137568,3,1
202960,2,1
130452,3,1
114812,3,1
106062,4,1
194950,1,1
179773,1,1
-1770,5,1
112830,0,1
90504,4,1
179700,1,1
184680,1,1
171392,1,0
53306,2,5
83895,2,4
217521,2,1
165438,3,2
138983,0,1
153748,3,0
155178,3,2
116996,1,4
112914,2,2
189408,2,0
149019,2,3
149084,4,1
156572,1,2
102518,1,3
153120,2,1
143056,3,2
186492,2,2
153168,2,3
81906,2,2
131628,3,1
187396,2,1
136560,1,4
169855,1,1
81855,2,2
202401,1,1
149198,2,1
216983,3,0
211718,3,0
143694,4,3
174704,2,2
175600,3,1
248928,2,0
250630,1,1
212640,1,0
223040,1,0
112650,3,1
195219,3,0
142905,2,1
128010,1,3
238692,1,1
147456,1,3
149980,1,1
147870,1,3
157509,1,2
158672,2,3
200123,1,1
147213,1,1
186450,1,0
189684,2,0
147114,1,2
206140,2,1
172176,2,3
77231,3,2
123000,1,2
165501,2,2
135770,3,2
176931,1,2
177507,1,2
100536,2,3
137214,3,1
134519,4,1
133299,3,2
131000,1,1
211510,1,1
119900,1,3
82940,2,3
161512,2,0
181379,2,3
146265,3,2
150120,2,3
181269,2,1
158660,1,1
106968,2,4
128440,1,3
5805,3,1
142130,3,0
213408,2,1
141054,1,2
149028,2,1
179688,1,1
149721,3,2
173390,5,0
126279,4,1
167648,1,2
148750,4,2
175680,2,1
195481,2,1
132986,3,1
136152,2,2
141736,1,1
131301,2,3
143085,3,1
203225,0,1
184032,2,1
174432,2,3
153940,2,3
116616,3,0
115076,2,1
209796,0,0
178803,0,2
117513,4,1
113670,2,3
-116520,3,4
117910,1,1
161466,4,0
196587,2,1
100089,1,4
142032,1,0
197910,3,1
169225,1,0
158829,1,2
177864,2,1
200160,3,2
197925,2,1
210230,2,1
44340,3,3
-67725,4,6
211820,1,0
116536,0,4
176490,4,1
57447,2,3
174951,2,0
210216,1,0
239895,1,0
185143,2,2
141396,2,0
-87732,3,1
158405,2,1
25376,3,4
120804,1,1
141075,2,1
62205,1,3
200097,2,2
205096,1,2
-12160,1,2
142630,3,3
86576,1,5
76738,1,0
77181,2,2
171738,1,1
191124,0,0
149928,2,4
157920,2,3
78840,1,2
156594,1,2
82860,3,2
134848,1,2
109824,1,3
54505,2,3
75446,4,2
102456,3,3
104146,4,2
101790,4,4
193998,0,1
82907,2,4
161752,1,3
167492,3,0
176363,2,1
194142,3,0
116028,1,1
134890,2,3
154847,1,3
119713,3,1
176930,1,1
144365,2,3
123530,3,1
165208,1,3
151019,2,4
178908,1,0
-156,4,2
178704,0,0
17160,3,2
147444,1,1
59235,2,3
129855,3,1
159848,1,2
125762,1,1
181468,2,1
144450,1,3
186693,1,0
134640,1,1
169520,3,0
152009,2,3
157487,2,4
147819,1,2
196170,3,0
140229,1,3
185964,1,0
236770,2,0
73920,3,3
94848,3,4
117632,2,2
120315,2,1
163190,1,3
184624,3,0
134210,3,1
202410,3,0
164790,3,2
144549,1,3
191724,1,0
194796,3,0
98712,1,1
153517,2,1
145770,2,1
158032,1,1
155638,1,0
131208,2,1
179420,2,0
163512,2,2
194870,2,1
159610,2,2
145912,2,1
200061,3,0
145368,1,2
136995,2,1
147448,1,0
113860,2,1
203324,2,0
117210,4,1
164659,3,1
180310,4,0
149490,4,2
173376,2,1
104090,3,4
184591,1,2
184938,4,1
152694,4,3
175596,2,1
111405,3,0
137488,2,1
193770,2,3
142155,3,0
127275,2,1
138376,1,0
210492,2,2
100416,1,4
61620,1,2
83535,3,1
65640,3,2
88998,2,5
114758,1,2
49896,2,5
92604,1,3
164725,2,3
167810,1,3
138830,3,1
154413,1,2
199320,1,1
148707,1,3
197268,1,0
125710,2,4
191210,1,2
107107,4,2
155820,3,2
133356,3,5
123770,2,4
92675,3,5
148786,1,3
113223,1,1
182300,2,3
150432,1,2
164990,2,1
132680,1,3
156233,1,1
117535,3,3
81972,3,1
110404,5,0
91546,4,3
132420,4,1
109956,4,4
127704,3,2
136682,3,1
104270,3,3
134459,3,0
71225,4,4
169928,2,1
85300,2,1
116532,4,0
99021,3,3
133243,3,1
143182,4,0
123786,4,2
137052,2,0
111120,2,2
137100,1,1
183872,3,0
128488,3,1
190223,2,1
210522,3,0
197626,2,1
199212,1,0
162920,1,2
99616,1,4
167636,3,0
64053,1,2
87598,3,1
68740,2,4
90408,2,5
114672,1,3
116298,3,1
110470,3,3
102410,2,2
115505,1,2
92455,1,3
150381,1,3
152208,3,0
135331,3,1
168252,2,1
151592,1,2
156620,3,2
167020,2,1
134130,1,3
104071,2,4
138904,3,1
155309,2,4
146433,1,2
193596,3,0
138447,1,3
149900,1,2
199048,1,1
120008,4,0
101150,3,3
93203,4,1
118188,3,4
74496,1,2
187677,2,0
99630,3,1
79425,2,4
78516,3,2
130380,3,1
125752,3,3
115500,2,2
101013,1,4
127386,1,1
105480,1,3
180752,1,1
114675,2,1
152026,4,0
145632,3,4
180726,4,0
156490,4,2
166838,3,1
175331,2,1
134000,2,3
173108,2,0
143077,2,2
179319,2,1
127620,1,3
97335,2,3
92844,3,1
118469,2,4
143217,1,2
138886,3,2
133410,2,1
114147,1,3
119808,1,2
160072,1,4
158081,2,3
122518,2,1
126203,4,1
176652,3,1
141130,2,3
182377,2,0
150920,2,2
102804,2,4
180691,1,3
86520,4,1
66315,3,4
68028,4,2
115921,3,2
117270,4,1
116138,4,3
102390,3,2
91399,2,4
116868,1,4
172487,2,3
78072,1,2
104100,3,1
131157,2,2
129030,3,3
131558,1,1
66348,2,5
202941,2,3
118310,1,4
85980,1,2
99905,2,4
89330,3,2
144066,3,1
124398,3,3
131170,2,2
137868,1,1
111800,1,3
166760,1,4
159336,2,3
180401,3,1
162890,2,4
137780,3,2
168003,3,3
194155,2,2
198060,1,2
147762,1,4
196008,1,1
160250,1,3
109380,1,2
152185,1,3
116622,1,1
154504,3,0
120307,3,1
147756,2,4
177632,1,1
105875,2,4
123028,1,1
114653,1,4
106736,3,1
87878,2,4
82775,3,2
129276,2,2
106812,2,5
135436,3,1
124140,3,3
121548,2,2
101650,1,4
131053,1,1
107492,1,3
154820,0,1
96421,4,1
78910,3,4
73180,4,2
116226,3,2
95634,3,5
123071,4,1
110175,3,2
120540,2,2
89622,2,4
118488,2,1
60060,3,5
95650,2,3
155590,1,3
128105,1,2
165880,3,0
148369,2,3
126610,3,1
174999,2,1
154407,2,4
192530,3,0
157950,3,2
179634,2,1
184656,1,1
182604,1,0
113490,2,4
149080,1,2
42608,0,0
149130,2,3
116800,2,1
222640,2,0
157482,4,0
139971,3,3
167893,3,1
147301,3,4
141337,2,2
152136,4,2
176904,2,1
131895,2,3
174852,2,0
107030,3,4
142620,2,2
217692,2,0
92784,2,1
122490,4,0
102285,3,3
96804,4,1
147095,3,1
122759,3,4
146187,2,2
142516,4,2
138360,3,1
151116,2,1
117777,2,3
123768,2,2
137775,1,3
226280,3,0
136164,3,0
117306,2,3
105897,3,1
154500,2,1
132036,2,4
142424,1,2
145160,3,2
122670,1,3
158379,1,0
220086,3,0
128388,1,3
118500,3,0
98295,2,3
93612,3,1
143637,2,1
119301,2,4
143793,1,2
139590,3,2
134370,2,1
114851,1,3
120576,1,2
158829,1,3
207140,3,0
123266,1,1
162960,3,0
144102,2,3
126951,3,1
177468,2,1
157736,1,2
164300,3,2
177772,2,1
185484,1,1
141810,1,3
183261,1,0
151668,1,2
163670,2,3
131340,2,1
176384,4,0
158873,3,3
206646,2,0
134690,4,1
163295,3,4
151515,2,2
190138,3,1
194352,2,1
144981,2,3
157160,2,2
169582,2,1
136670,2,4
104340,2,2
141284,4,1
107690,4,2
154187,3,2
133595,3,5
132615,2,3
167934,4,1
120681,2,4
159900,2,1
94570,3,5
130160,2,3
137973,1,3
152100,3,2
102410,1,1
136416,3,0
117558,2,3
106095,3,1
154716,2,1
132252,2,4
142568,1,2
165116,3,0
151228,2,1
160836,1,1
122850,1,3
158613,1,0
130812,1,2
116556,2,3
140900,2,2
77760,2,1
103710,4,0
83505,3,3
81780,4,1
130819,3,1
106483,3,4
134460,4,0
119580,3,1
133588,2,1
104005,2,3
131194,2,0
66036,3,4
108744,2,2
110286,1,0
162420,2,1
119053,2,4
83490,2,2
112336,4,1
93478,3,4
87175,4,2
134076,3,2
111612,3,5
128808,2,3
141036,4,1
127148,3,2
138476,2,2
105650,2,4
136253,2,1
111892,2,3
176886,2,1
174084,1,3
135288,1,1
175620,3,0
155415,2,3
139308,3,1
193141,2,1
168805,2,4
178065,1,2
206370,3,0
181478,3,2
200704,1,1
156739,1,3
198310,1,0
123564,2,4
166272,1,2
124668,0,0
236097,1,1
95136,2,3
76935,4,0
56730,3,3
60360,4,1
107614,3,1
83278,3,4
118854,2,2
107685,4,0
109109,4,2
108598,2,1
84370,2,3
44616,3,4
87324,2,2
119904,1,3
81108,1,1
107895,3,0
87690,2,3
85128,3,1
110110,2,4
138645,3,0
131813,3,2
137494,1,1
107074,1,3
135100,1,0
112092,1,2
212166,1,0
127044,2,4
88248,2,2
116820,4,1
96615,3,4
92268,4,2
142181,3,2
117845,3,5
142785,2,3
147570,4,1
138358,4,3
145824,2,2
113619,2,4
143430,2,1
76524,3,5
119232,2,3
112908,1,1
211360,1,0
111732,1,4
72936,1,2
97680,3,1
77475,2,4
76956,3,2
125593,2,2
101257,2,5
131301,1,3
128430,3,1
124322,3,3
113550,2,2
99583,1,4
125566,1,1
61212,2,5
103920,1,3
194508,1,1
155309,1,3
119746,1,1
158480,3,0
139622,2,3
123431,3,1
173628,2,1
151164,2,4
155176,1,2
187180,3,0
161100,3,2
173292,2,1
138610,1,3
179101,1,0
148148,1,2
118596,1,3
206784,1,1
79800,1,1
106260,3,0
86055,2,3
83820,3,1
133029,2,1
108693,2,4
136449,1,2
137010,3,0
130614,3,2
122130,2,1
105875,1,3
133574,1,0
68076,2,4
110784,1,2
193400,1,1
163910,1,3
131580,1,1
176696,3,0
159185,2,3
134930,3,1
184151,2,1
163559,2,4
151683,1,2
203346,3,0
190450,2,1
145197,1,3
192588,1,0
121810,2,4
157400,1,2
206100,0,1
141141,2,3
105578,2,1
140448,4,0
121590,3,3
109263,4,1
158172,3,1
135708,3,4
144872,2,2
169148,4,0
148220,4,2
155260,3,1
162357,2,0
94831,3,4
133980,2,2
157750,2,3
139083,0,3
125420,2,1
168688,4,0
151177,3,3
128770,4,1
177375,3,1
147371,2,2
195338,4,0
159894,4,2
182442,3,1
187248,2,1
185196,2,0
115650,3,4
151240,2,2
120175,1,3
139308,1,3
100512,1,1
132150,3,0
111945,2,3
104532,3,1
155467,2,1
131131,2,4
151983,1,2
162900,3,0
149600,3,2
148020,2,1
160132,1,1
157738,1,0
88788,2,4
131496,1,2
121726,1,4
147468,1,2
86163,1,2
115738,3,1
96880,2,4
89848,3,2
136992,2,2
114528,2,5
130752,1,3
144438,3,1
130570,3,3
130550,2,2
141635,1,2
139412,1,1
75416,2,5
114565,1,3
76230,0,1
66517,1,5
177582,1,1
30954,1,3
45472,3,2
26614,2,5
34639,3,3
76764,2,3
54300,2,6
90600,1,4
74172,3,2
80380,3,4
60284,2,3
76388,1,3
74165,1,2
20207,2,6
59356,1,4
66192,0,2
179816,1,0
156996,1,3
118200,1,1
154260,3,0
134055,2,3
122220,3,1
174629,2,1
150293,2,4
165249,1,2
185010,3,0
165814,3,2
170130,2,1
180768,1,1
141075,1,3
106476,2,4
149184,1,2
114840,1,3
207920,1,0
76044,1,1
101565,3,0
81360,2,3
80064,3,1
128960,2,1
104624,2,4
133632,1,2
132315,3,0
127171,3,2
117435,2,1
131586,1,1
102432,1,3
64320,2,4
107028,1,2
109857,0,0
224992,1,0
89232,1,3
50436,1,1
69555,3,0
49350,2,3
54456,3,1
101218,2,1
76882,2,4
114426,1,2
100305,3,0
103697,3,2
85425,2,1
101710,1,1
78958,1,3
38712,2,4
81420,1,2
103455,0,0
191124,0,0
157564,2,3
122001,2,1
161350,4,0
142492,3,3
125686,4,1
176088,3,1
153624,3,4
156816,2,2
190050,4,0
163150,4,2
176162,3,1
183989,2,1
140660,2,3
111254,3,4
150403,2,2
82746,1,0
106932,1,4
136686,2,3
68136,1,2
91680,3,1
71475,2,4
72156,3,2
120393,2,2
96057,2,5
127701,1,3
122430,3,1
119922,3,3
107550,2,2
122360,1,2
95183,1,4
119966,1,1
99120,1,3
107880,0,1
161850,1,2
56604,2,5
17808,2,3
28770,4,2
8565,3,5
21828,4,3
65871,3,3
41535,3,6
89955,2,4
59520,4,2
73788,4,4
44640,3,3
63644,2,3
49049,2,5
61250,2,2
48792,2,4
95298,1,2
136356,1,3
107592,2,4
68796,2,2
92505,4,1
72300,3,4
72816,4,2
121108,3,2
96772,3,5
128196,2,3
123255,4,1
120527,4,3
108375,3,2
123130,2,2
95788,2,4
120736,2,1
99780,2,3
108045,1,1
149380,1,1
153021,1,4
117458,1,2
155568,3,1
136710,2,4
121143,3,2
171132,2,2
148668,2,5
153512,1,3
184268,3,1
159020,3,3
170380,2,2
178620,1,2
136530,1,4
176397,1,1
106711,2,5
81920,0,1
187005,0,1
93896,2,4
58333,2,2
80318,4,1
61460,3,4
62018,4,2
106632,3,2
84168,3,5
110512,2,3
109018,4,1
105270,4,3
95130,3,2
108745,2,2
82780,2,4
106522,2,1
47586,3,5
71170,1,1
147210,1,2
156431,1,3
120868,1,1
159908,3,0
141050,2,3
124553,3,1
174852,2,1
152388,2,4
155992,1,2
188608,3,0
162120,3,2
174720,2,1
182650,1,1
139630,1,3
180427,1,0
110121,2,4
163520,1,2
130801,1,3
95238,1,1
127288,3,0
108430,2,3
98923,3,1
146892,2,1
124428,2,4
137352,1,2
155988,3,0
138820,3,2
142100,2,1
152360,1,1
116330,1,3
150137,1,0
84491,2,4
77880,0,0
174040,1,2
134960,1,3
102630,1,1
139061,3,0
121550,2,3
105980,3,1
152306,2,1
131714,2,4
131418,1,2
165711,3,0
139383,3,2
152815,2,1
159900,1,1
119142,1,3
157848,1,0
92860,2,4
40545,0,0
161559,1,3
132462,1,1
181824,3,0
165660,2,3
135477,3,1
183010,2,1
164290,2,4
183204,3,0
159536,3,2
194520,2,1
195580,1,1
141544,1,3
193699,1,0
123669,2,4
155700,1,2
172360,2,4
175720,1,4
93110,3,5
98296,0,5
125524,3,4
106632,0,1
106404,2,5
91900,2,4
159309,2,5
111888,1,2
92356,3,4
109900,3,4
147653,1,3
171752,1,3
181070,1,2
164216,2,4
127464,2,3
82797,1,4
136176,1,2
207756,1,4
52273,1,5
152310,1,1
122796,3,3
139455,1,3
84760,3,5
125536,4,4
80600,2,4
153640,1,2
180180,0,3
157464,2,2
114084,1,2
102375,1,3
195894,1,1
82970,1,5
86779,1,5
119844,4,4
158440,1,4
165340,0,2
85150,2,4
99156,2,2
116380,2,3
155947,1,3
102816,3,4
59172,1,5
148008,2,2
178424,2,2
147945,2,2
130144,2,4
178664,1,3
135477,2,3
180208,0,4
126664,2,4
-79650,3,7
-46704,2,4
120472,1,3
156960,1,3
113498,1,4
91390,2,3
122220,3,3
160668,1,5
149580,0,2
155600,1,2
134123,1,3
161856,0,4
208336,1,4
138760,1,4
176246,0,3
111760,1,4
161328,0,2
75708,3,4
140660,2,2
137848,3,4
135810,1,2
172116,1,3
125811,3,4
131648,2,3
165375,2,4
71200,3,4
112211,1,6
177795,1,2
140096,2,2
162127,2,1
184968,1,2
154640,1,1
144245,2,1
115450,1,4
130527,1,4
114555,2,4
130113,3,5
148167,2,4
104335,2,6
164129,2,2
154688,0,2
190656,0,4
111770,2,6
148225,2,4
31668,2,4
145908,2,6
190908,2,5
127875,1,5
104038,2,3
103248,0,1
145216,0,0
71844,1,4
149898,1,2
92532,3,6
181008,0,3
93880,4,6
88332,2,6
145629,1,3
165600,1,5
167083,1,3
160976,1,2
179560,2,4
129483,1,4
132282,3,4
187520,0,1
101699,1,5
171801,1,2
59543,4,4
176787,1,2
79836,1,0
130808,0,1
133216,1,1
124448,3,4
132084,1,3
126756,2,3
101628,4,5
134685,3,6
120210,1,2
180872,1,2
223191,1,0
180912,1,4
113443,1,3
147616,0,2
148420,2,2
104040,4,3
167790,1,3
148524,0,2
110100,1,3
164430,2,2
215676,1,0
210070,2,2
194337,1,1
168530,1,2
156936,0,4
174048,0,4
173990,1,4
152845,1,2
177856,1,5
104468,1,4
196280,0,3
140232,1,2
156840,0,2
97568,2,4
150520,0,3
123480,1,1
163860,1,3
236159,1,1
193186,1,2
92590,3,5
154770,1,3
177440,1,5
113272,3,5
105930,1,1
136920,2,1
163790,1,0
110724,1,3
224415,2,0
143480,1,2
142016,1,4
125545,1,4
110223,2,5
129624,2,3
167994,1,3
105972,1,3
128590,2,2
120720,3,4
175544,1,1
207272,2,0
156646,0,3
170760,0,3
181356,0,2
159248,0,3
197632,1,2
52164,2,5
160754,1,2
175131,1,3
199968,1,5
171348,1,2
170584,2,4
147931,2,4
173556,1,1
197400,1,4
174895,1,2
217400,1,0
108880,0,5
117400,3,4
173128,1,2
186522,1,1
138853,1,4
186544,1,3
122964,1,3
139884,2,4
128060,0,2
99900,0,2
61035,1,4
128032,0,2
65080,3,5
108350,3,5
145187,1,2
115353,1,3
128464,0,4
171435,2,2
192464,1,4
140826,0,3
128905,2,3
171648,2,2
144909,3,2
130410,1,5
151452,2,3
135696,2,3
110121,1,0
137956,2,3
95152,2,5
105624,2,4
169695,2,3
133028,3,3
141630,1,3
155853,2,4
121312,2,2
138635,2,1
160362,1,1
127044,3,4
162144,1,1
159664,0,3
163194,1,2
175672,1,3
207264,0,2
143340,0,3
156760,1,2
193260,0,2
133450,1,2
79956,3,5
185859,1,1
184681,1,1
141924,0,2
147180,1,3
178906,0,3
114048,3,3
194490,0,1
163405,1,2
113391,4,6
182070,1,3
137934,1,5
218896,0,3
171090,1,5
136312,1,3
98136,2,4
180032,1,3
158305,1,2
165088,0,3
179424,2,2
134559,3,4
147854,0,4
170865,1,1
131920,1,6
192258,0,3
146920,1,2
104010,1,3
152568,0,5
143192,1,2
151728,2,2
173830,1,2
142030,1,3
175736,0,3
156808,1,3
152312,1,3
174320,0,2
126350,0,5
114042,1,1
112850,1,3
183008,1,1
173076,1,4
117180,2,3
91480,3,5
167272,2,0
175230,2,4
138728,3,6
105876,4,6
117640,1,4
189992,2,3
13848,3,5
132307,2,5
172670,1,2
135426,2,3
152106,2,1
115650,4,4
141176,1,3
137760,0,3
87516,2,2
165904,0,3
81244,0,0
174042,1,0
204764,0,2
135970,1,4
161735,1,3
165630,1,3
144712,1,3
81640,0,5
171060,1,1
160171,2,2
168588,1,1
140679,0,4
131369,3,4
131540,1,5
112164,2,4
173418,2,2
144441,1,4
147294,2,1
119385,1,4
149310,2,1
176103,1,1
148194,0,4
164353,1,1
126180,3,4
145515,1,1
128502,0,4
99909,4,4
184786,0,1
156042,2,1
159607,1,1
97940,0,5
185946,1,0
128678,0,6
102583,1,5
107680,3,4
171550,1,1
157750,2,3
170058,2,3
173619,1,2
150458,0,3
145910,0,3
57376,3,5
127633,1,2
169152,0,2
157950,1,6
68220,1,5
135948,0,4
134628,1,3
178607,1,2
144496,0,5
66528,3,5
129800,2,1
95689,1,4
162552,2,1
156015,1,2
178336,1,5
128106,0,5
155124,1,2
67100,3,5
103246,0,5
177327,2,1
197280,2,4
140745,2,3
188300,1,4
141390,1,3
137568,2,3
140136,2,4
184842,2,3
150624,2,3
151092,2,3
114496,4,4
156720,1,1
179142,0,2
164320,1,2
160119,2,2
142702,2,3
163905,2,2
191660,1,3
164458,1,4
139842,2,4
127392,3,3
103160,3,5
163668,0,4
181112,1,3
121760,4,3
137792,2,1
141156,2,1
107930,2,5
154270,2,5
200305,1,0
141974,0,4
115119,2,3
158840,1,1
117523,3,3
107816,4,4
163398,2,4
206920,0,2
168900,0,2
160704,2,2
165930,1,2
189480,1,2
155352,1,1
158706,1,2
177009,1,1
149796,1,2
157176,1,2
157566,1,1
203609,1,1
177898,2,0
112014,0,4
116545,1,3
154165,1,2
116230,3,6
149976,1,3
176304,0,5
181368,1,2
167307,2,2
196224,1,4
170205,1,1
183510,0,3
188480,0,3
135000,2,2
159204,1,3
162816,2,3
128920,3,5
152944,0,3
161192,1,2
135088,0,4
169910,1,3
143136,2,3
155826,0,3
84270,3,5
131390,1,2
170784,1,5
156534,0,2
174867,0,2
127161,1,3
153432,0,3
187232,0,2
156366,1,6
168156,0,3
152600,0,4
195104,1,4
142926,1,4
187176,1,2
105237,1,3
124695,2,4
116250,2,5
84240,3,5
165784,1,3
162550,1,1
113510,1,3
112635,1,4
157913,1,1
177390,1,3
106592,3,5
150968,1,2
162480,1,5
168010,1,2
106092,2,4
140230,1,2
140520,1,0
168624,0,3
152050,1,1
147455,0,1
132216,4,4
162358,0,2
150465,1,1
188448,0,1
197043,1,0
153260,1,2
126315,1,3
134428,1,1
145760,2,1
169764,2,1
106533,1,0
115688,2,5
185688,1,3
149515,1,2
46824,2,6
115209,1,5
103185,1,1
103430,2,6
68420,2,4
156705,1,1
174664,1,2
159831,3,3
138564,1,3
168318,2,2
187110,0,3
149420,0,3
140772,1,0
142200,0,3
178250,1,2
149358,0,3
162400,2,1
129613,2,2
164853,1,3
137985,1,2
182896,0,3
79070,1,5
207760,0,2
145830,0,2
138712,0,4
145808,0,1
188608,0,2
112550,2,3
138418,2,3
189512,1,4
130064,1,3
163506,1,1
162550,2,2
180351,1,2
196192,1,4
139249,1,3
168516,1,1
202912,1,4
155754,0,4
177624,1,1
186416,1,1
140540,0,4
179718,1,1
126740,1,6
116136,3,5
136213,1,4
166860,1,2
62060,3,6
125930,1,3
147784,1,3
181270,1,1
136785,1,2
173920,1,5
102674,0,5
167632,1,2
98532,3,5
72527,1,4
149418,1,4
114426,3,4
171909,1,1
144000,0,4
165876,0,3
150350,1,3
177702,2,2
114990,2,3
171900,2,4
165144,2,3
137270,1,4
124644,1,5
90477,2,4
143830,0,2
143272,3,4
87471,3,5
170784,1,1
141255,0,3
120608,3,5
172270,1,3
99909,3,3
116452,2,4
153505,2,3
162084,1,2
128814,2,3
182547,1,2
118464,3,4
175460,0,2
79520,3,4
186192,0,4
153990,0,2
157000,1,2
133424,3,4
117776,2,2
108765,2,5
156666,2,4
148326,1,2
129425,1,3
132200,2,5
103023,2,0
135625,1,1
116210,1,2
175872,1,4
122240,3,5
172600,1,2
75920,3,5
163350,1,3
168219,1,1
150736,0,4
169912,2,1
165096,1,1
130966,1,3
120170,1,2
125400,0,4
125686,1,4
148362,1,3
90684,0,4
151558,0,2
97032,0,3
151880,2,2
91399,2,3
101299,1,2
86119,2,4
124610,1,2
51117,1,4
180690,0,1
53868,1,3
46248,2,2
54492,1,3
117180,1,0
117570,2,2
171756,2,2
136704,1,2
143384,1,2
107720,3,4
150104,1,2
176176,0,3
98541,1,4
144472,2,2
149490,2,1
165473,1,3
173990,1,1
167688,0,2
145170,0,4
158211,1,2
174105,1,1
170136,2,3
126900,2,5
160700,1,3
142335,2,2
107880,3,6
82236,1,4
131550,1,4
180340,0,5
163870,1,2
183120,1,3
182000,2,5
178704,1,5
184980,1,4
139599,1,2
143577,1,2
186984,0,3
155799,2,3
171678,1,2
168140,0,3
168910,1,4
151764,1,5
188896,0,3
148750,0,3
178570,0,2
182496,0,3
166736,0,3
172956,2,2
156776,2,4
160580,0,2
169944,0,3
184056,1,2
147444,0,4
158040,0,3
135152,2,4
72990,3,5
184968,1,3
166026,0,4
187971,1,1
161940,0,2
140112,0,3
143724,1,3
176967,1,1
153020,0,3
111991,1,2
170114,0,3
153678,0,4
186543,1,2
134270,0,4
144408,1,0
130288,2,2
99492,1,3
145930,1,3
177336,1,2
107910,1,3
173608,1,2
182416,0,3
133360,2,1
89412,1,2
101560,2,2
189136,0,3
178688,0,3
111636,1,3
187850,1,2
125528,1,3
149988,1,4
113223,1,4
116770,2,5
97656,0,3
122272,1,2
150870,1,3
148875,2,0
168028,3,2
141235,1,1
159020,2,2
176688,2,4
155830,0,1
161652,1,3
183504,1,3
174030,2,2
127400,3,4
146328,2,4
147520,0,2
162230,1,1
145536,1,2
156010,1,2
143100,0,3
166572,1,2
137968,1,3
114490,3,3
101056,1,3
95800,2,3
152920,2,3
119144,1,3
110265,1,3
86346,3,3
46704,3,4
91817,2,4
155920,2,2
135630,2,2
25844,3,5
149758,2,1
20688,3,5
161826,1,1
112576,2,4
157432,2,4
141015,2,4
124665,2,4
76736,4,6
141920,0,2
184152,0,2
126876,1,4
176448,2,3
121984,1,2
127060,2,5
131192,1,4
143253,2,5
96877,2,6
141054,1,3
38760,3,6
115308,0,1
132360,2,4
13305,3,4
87580,3,5
147672,0,1
34991,4,5
130095,2,2
147416,3,4
137955,1,1
132672,0,1
142460,1,3
153992,2,3
165519,2,3
168600,0,3
166616,1,2
139527,1,3
189968,0,2
143960,0,4
172228,0,2
137286,0,4
183710,1,1
134484,0,4
107445,1,3
120208,0,2
65406,2,3
200052,0,2
127985,1,2
131364,2,2
148434,1,2
48090,1,3
151230,0,2
89232,2,2
166302,0,2
169855,2,1
153864,1,2
179136,1,3
170200,0,2
108540,1,3
138576,1,3
112931,2,4
178784,2,3
195902,1,2
69174,1,4
156366,1,2
166200,0,4
108612,0,2
177390,0,1
167418,1,3
158280,1,3
145551,1,2
148424,2,2
123744,0,2
29412,2,4
135664,1,5
109208,1,2
171045,0,3
89412,2,3
175664,1,4
123585,1,3
180194,0,4
83182,2,2
154483,1,3
118393,1,2
176890,0,3
158346,0,2
162337,1,3
125973,1,2
187516,0,3
142093,1,2
184374,0,3
177496,1,1
148784,0,4
77935,1,4
184518,0,5
100212,1,2
182864,0,3
83652,2,4
151490,0,2
115357,1,3
148489,1,3
147984,0,1
45468,1,4
125848,0,3
96629,1,3
211940,1,5
197460,0,4
198048,1,2
47203,1,3
163242,0,4
38948,2,2
167570,2,4
157527,1,3
93841,1,3
161266,0,4
47879,1,3
174440,1,5
163710,0,4
119889,2,2
177842,1,3
113267,1,2
173628,0,3
144669,2,4
161400,2,2
182982,1,2
156149,1,3
193688,1,4
185969,1,2
147000,2,6
172218,1,3
154035,1,4
160482,1,3
174690,2,2
118321,2,3
118640,2,5
170862,1,4
148582,2,5
162522,0,2
156394,2,4
116224,2,6
160496,2,4
129330,2,5
123615,3,4
134890,2,5
126384,2,0
166302,1,1
147096,2,1
131400,2,3
153560,1,3
131499,2,3
121149,1,4
153688,1,5
150969,1,3
142218,1,4
187848,1,2
157773,1,3
134776,1,4
129696,2,3
130482,1,4
135192,1,4
145595,3,1
153321,2,2
124668,2,3
176680,2,2
154273,3,2
110079,2,4
151991,2,3
139433,2,4
147245,2,3
105768,2,5
147790,0,4
151785,2,4
118035,2,4
131612,2,1
142317,3,3
118958,3,3
141365,2,3
118521,2,5
133378,3,4
158557,2,4
111550,1,2
139656,1,2
147285,2,6
145999,2,5
113272,2,6
126009,2,5
127860,2,0
148494,1,1
168120,1,3
121842,2,5
165928,1,3
181824,0,3
186592,0,2
177730,1,2
148380,0,4
146802,2,1
138008,1,2
143216,2,1
168824,1,1
75966,1,4
135961,3,4
140866,0,2
142656,0,3
153540,1,2
158838,2,1
152180,0,2
36399,2,4
152982,1,3
176640,0,2
93890,1,3
135796,2,0
160398,1,1
161214,2,1
86499,2,4
138699,2,3
188188,1,2
208852,0,1
148347,1,2
108430,1,3
165882,2,0
190144,1,1
164990,2,2
175815,1,2
140938,0,4
128370,1,3
181291,1,2
139469,1,2
132484,2,1
179523,2,1
129801,1,2
153160,1,2
150606,2,6
185232,0,4
208964,0,3
198366,1,3
163576,1,3
158340,1,2
152720,2,4
158480,1,5
170758,0,3
193248,0,1
160044,0,3
150095,2,0
159621,1,1
182980,1,1
160573,2,1
156660,1,4
176309,2,4
141680,3,6
141309,2,5
131224,3,5
127179,2,4
160190,2,3
189192,0,2
161098,1,5
131157,2,4
183400,1,2
164946,1,2
150913,3,3
155058,1,2
113450,1,3
185104,0,2
174216,1,5
196736,0,3
166320,0,3
128620,2,1
168348,1,2
149634,1,2
169656,1,2
129458,1,5
178914,1,2
153811,2,4
162540,1,2
187808,0,4
157392,0,4
133084,2,0
156330,1,1
160836,0,3
157848,1,3
119035,1,5
170770,0,1
162705,1,1
148164,1,4
102519,1,4
192416,0,2
136737,1,4
142452,0,5
127285,2,2
127687,1,3
173100,0,1
154644,1,4
150040,2,3
135035,1,3
152325,1,2
149233,1,3
154042,0,4
146110,1,3
166425,1,1
189784,1,1
167377,2,1
140240,1,2
163548,2,5
150696,1,3
160227,2,5
159064,1,2
207856,1,5
219030,0,2
180292,0,4
174606,2,1
174776,1,3
170656,1,2
117567,2,4
139710,1,2
151794,2,1
145752,2,2
169696,2,2
157220,0,4
147984,3,0
140672,3,1
98505,2,4
125741,2,4
154140,0,3
174097,1,2
120796,2,1
137898,1,2
138714,2,2
175192,1,3
129798,2,5
140041,1,2
165978,2,2
143195,3,2
157808,0,4
192780,0,2
122244,1,3
146280,1,1
151466,3,4
154122,1,2
148883,3,4
138816,2,1
149961,2,3
173780,1,1
175080,1,2
144664,1,2
139584,2,1
128107,3,4
164704,1,2
84200,2,2
176352,1,1
151046,1,3
201776,1,2
171360,1,2
157920,1,2
119273,3,3
173874,1,2
150514,2,4
143874,1,3
154938,2,2
130753,2,2
178299,1,1
164664,2,3
150450,2,2
167532,0,2
176168,2,2
149040,2,3
126728,1,3
111046,2,3
169582,1,3
170217,2,3
149570,0,2
92050,2,4
172207,1,2
174410,1,2
80311,2,5
159030,1,1
194230,1,4
191954,1,4
203706,1,4
165550,0,3
134715,3,5
198254,0,3
125530,3,6
140056,0,2
190169,1,3
160353,1,5
182268,1,3
136425,1,2
168224,1,5
107110,2,5
112806,0,2
144264,0,2
151179,2,3
160296,0,4
113910,0,1
157544,2,4
205192,1,3
117366,2,3
89112,1,3
83972,2,4
202020,1,3
114450,2,3
193520,1,4
119717,2,4
200320,0,3
124830,2,4
163867,1,3
120595,3,2
105436,2,2
176931,2,3
95808,1,2
140820,3,3
125448,3,2
175770,1,3
115740,2,2
182960,2,3
114900,1,2
155637,3,3
138222,2,3
160867,2,2
144222,2,3
176022,0,3
173184,0,3
162253,2,3
144040,0,3
109351,1,4
176974,0,2
158334,1,1
146450,1,3
178717,1,1
127056,0,2
139363,1,2
123632,2,2
152640,0,3
184688,0,2
-31080,2,3
129136,0,1
74472,3,2
140084,3,1
133512,2,1
162380,1,2
117271,2,2
115190,2,2
132480,0,2
142340,2,1
172830,0,4
164048,1,5
183660,0,4
179118,0,4
132992,0,3
188944,1,4
150939,3,3
183000,2,2
146880,1,3
175805,1,2
165924,0,4
75480,0,2
148977,1,3
79233,1,5
133688,1,4
79944,0,1
153095,2,1
148883,2,3
158640,0,1
176928,1,1
145430,0,3
41616,3,3
176337,2,2
191870,0,2
116784,3,2
113400,3,2
156775,1,2
117304,3,3
143268,2,4
154980,2,1
131775,1,3
157304,3,2
141054,2,4
157563,2,1
103270,2,5
135099,2,2
129696,3,4
146272,3,1
158472,2,4
171451,2,1
135070,2,4
163719,2,1
104571,2,5
130424,2,2
135230,2,6
163863,2,3
142911,2,4
164504,2,1
130491,3,6
171824,1,5
153464,3,3
144120,2,5
193984,1,5
158893,2,2
153048,2,4
166705,2,1
101853,2,6
128008,2,3
151659,2,4
111876,1,2
172280,2,1
149610,2,5
176805,2,2
111590,2,5
142587,2,2
105240,3,4
136872,3,1
128472,2,5
145201,2,2
104421,2,0
112110,2,5
229990,3,1
85408,2,4
248710,1,2
195328,2,2
52130,5,2
105347,3,2
138681,2,2
107600,2,3
187852,2,3
109304,2,4
118622,2,3
121965,4,2
130819,5,3
82544,0,1
137384,3,4
119135,2,3
152300,0,2
89122,4,3
156564,3,2
200080,1,1
157080,2,3
41904,2,4
137140,3,3
122823,1,4
120880,2,2
181800,2,2
189868,1,2
129496,2,4
150059,2,2
141480,2,2
86339,2,3
8372,2,4
50088,3,3
98065,3,4
171164,2,3
32660,3,5
140085,2,3
156898,2,2
110000,2,3
253561,1,2
224081,1,2
198430,1,1
159984,1,3
167220,2,4
88692,5,3
13486,4,6
116391,1,1
137462,3,3
27650,3,6
126896,3,4
129822,3,0
97110,4,3
134976,2,2
154872,2,4
56364,5,2
-1692,3,4
37279,4,3
124020,3,4
162810,3,3
183584,2,2
167712,4,2
122166,4,0
81510,2,5
172752,1,4
173781,3,2
66370,2,3
103328,3,3
138424,2,4
62764,4,4
219108,4,2
132485,3,2
227892,3,1
16450,4,5
57024,5,2
221751,2,2
126030,4,4
165000,3,1
159024,2,1
156474,4,2
116721,3,1
96764,3,3
179711,2,2
208684,3,2
-18538,3,3
224994,3,1
179316,3,3
161088,3,3
79563,3,3
15171,4,3
157052,4,3
158664,1,2
134394,2,3
151945,1,2
-4992,3,4
112400,3,4
60093,3,5
194560,3,2
74030,3,3
77776,0,1
156936,2,2
132885,2,3
138467,2,4
170775,3,4
101552,2,3
163226,3,3
159381,2,3
179352,4,2
187124,0,3
186516,2,4
146976,3,0
136070,2,2
192401,4,2
100074,5,3
109458,2,3
156741,4,3
164576,1,3
96690,2,3
127296,1,3
152558,2,2
139356,2,3
156324,3,2
133301,2,3
103527,1,4
182608,0,2
17281,4,4
52547,3,5
143530,3,2
190992,3,2
139744,2,3
163890,3,3
-131068,4,5
125716,2,1
147744,1,0
47630,4,5
205114,1,0
-70155,3,5
190773,3,2
141442,3,2
221632,1,2
79776,5,2
98472,3,4
190792,1,3
72254,3,4
135680,5,2
140693,2,4
165004,3,2
164330,2,4
80878,2,5
182124,3,2
134710,3,4
180528,1,1
100188,2,3
145472,3,2
82775,2,4
192381,1,0
57348,4,2
138608,4,2
111069,3,3
95808,4,2
100254,3,3
173760,3,4
118940,2,4
39507,2,4
78828,3,3
146630,2,4
97746,2,5
236610,3,2
103750,2,4
213682,3,2
109095,4,3
128928,3,3
41280,2,4
135576,2,4
-77857,4,5
54864,3,4
37752,4,3
93120,2,3
31962,4,4
204291,1,0
193380,3,0
208160,1,0
72835,3,5
106730,2,4
199745,3,1
167565,2,2
146594,2,2
120573,2,3
97506,2,4
27907,3,3
152320,2,2
58308,2,4
202500,3,2
188258,4,2
129024,3,3
122436,2,5
159792,2,2
62080,3,3
150507,3,2
183729,2,2
213795,1,1
222336,3,2
143934,2,3
111020,1,4
181790,2,4
236280,3,2
173280,1,2
129976,2,3
200174,3,3
192075,3,2
87100,2,5
88010,4,3
35844,4,3
225108,1,3
163070,4,3
102276,3,3
192024,4,3
212993,2,3
128286,4,3
130296,2,4
67437,3,4
107856,3,3
186627,1,3
165544,2,3
148670,4,3
132042,2,3
134184,2,3
123579,2,4
173768,1,3
124005,2,4
136224,2,3
117410,3,3
114327,3,4
210550,3,2
151930,3,2
217815,4,1
177012,2,3
157840,2,4
84427,3,3
91196,2,3
-50016,4,3
44270,3,3
225390,1,1
78661,4,3
74457,2,5
115134,1,4
149830,2,1
97350,1,4
188150,1,1
-21758,3,6
204687,2,1
180008,3,2
24128,4,2
-145806,5,3
-2873,3,4
163376,3,3
60450,5,3
146816,5,2
208769,4,2
230859,1,2
254900,1,2
50742,3,4
153912,1,3
158925,2,1
78288,4,4
-63948,4,5
-23120,4,5
-33132,3,7
180268,3,3
78056,3,4
121625,1,3
6721,2,5
121410,2,5
70004,2,6
65640,3,4
115356,4,3
48631,3,4
58102,3,3
177744,4,2
135248,3,3
100161,3,4
155958,4,3
67008,2,4
219901,3,2
159039,2,3
88638,3,2
145368,2,3
225660,2,2
127910,4,3
77154,4,4
73340,4,3
57060,3,5
105060,4,4
21736,2,4
114304,2,2
82709,2,5
122680,2,4
126186,2,3
76670,3,3
56350,4,5
145764,3,4
104190,3,5
112480,4,3
38400,2,4
159210,3,3
90470,2,5
115578,3,2
9510,3,5
175800,2,1
162270,2,1
25740,3,6
126027,3,0
194264,3,2
168454,2,2
18469,3,4
134477,2,3
190152,2,2
96899,3,2
126990,1,3
122368,2,3
218504,2,2
71298,2,4
143591,3,2
76790,2,4
101367,1,4
186880,1,2
138276,3,1
158841,1,4
97472,4,1
101618,2,2
71020,3,3
208659,4,1
95997,4,2
90244,2,3
170262,3,2
116908,3,2
167450,2,0
139653,3,2
150808,4,2
126504,3,3
141354,2,2
134208,2,3
74511,4,4
118962,2,4
81444,2,4
154167,4,1
131440,2,3
136024,4,1
192200,2,3
198940,4,1
65660,5,4
190365,0,2
162552,4,2
192928,1,3
183425,2,3
142940,3,2
181062,2,3
196910,3,3
188415,3,2
178984,3,3
143017,4,2
150732,2,3
153072,2,3
236896,3,1
140920,2,3
142240,3,3
132216,2,4
136976,2,3
74190,3,3
113016,3,3
143013,4,2
147049,1,3
93060,2,4
143460,2,3
142752,2,2
167475,2,3
92925,4,4
168388,2,3
29568,2,4
106624,3,3
118782,3,3
158522,3,3
109914,3,4
100618,3,4
57860,2,4
116712,3,3
183547,3,3
205524,3,2
133083,3,3
171840,0,2
179176,1,2
20740,3,5
153055,1,2
72142,5,3
52560,4,4
100287,3,4
173982,0,2
180040,1,3
204282,4,2
196830,2,2
130328,3,4
97330,3,5
208672,2,2
191090,2,4
124956,3,3
136635,3,3
182610,4,2
205920,3,3
198517,3,3
169308,4,3
172172,3,3
138537,4,0
142713,3,3
192458,4,2
242151,2,2
184254,1,2
76113,2,3
240361,1,2
-129078,4,4
166045,1,1
77888,2,5
-15353,2,5
-45576,3,6
-39998,3,5
185912,2,1
155720,3,2
-16422,5,3
34485,5,3
190883,1,1
138915,4,2
60288,3,4
71357,3,4
120256,2,5
141228,2,2
79211,5,2
142164,4,2
147610,2,1
194510,1,3
184228,4,2
184168,4,1
166830,4,1
158942,2,3
191916,3,1
182756,3,1
191460,2,3
187725,2,3
66627,4,5
182560,0,3
156960,3,3
132088,3,4
132992,2,1
76648,3,5
39348,4,6
481,4,6
62496,3,2
133020,2,3
110220,3,2
152928,2,3
131885,4,3
122369,3,5
40970,1,0
155155,3,4
54336,2,3
107630,4,2
150856,3,3
117720,3,4
177419,4,3
110565,2,0
41844,3,4
139700,4,4
113790,3,2
184195,3,3
62424,3,3
145376,3,3
148032,3,4
22800,5,4
37791,5,5
179790,4,3
39884,3,3
79176,4,2
146552,2,3
-14289,3,5
212100,1,1
98312,1,5
212390,2,0
133740,3,2
173474,4,1
113319,1,3
113715,2,4
135468,2,2
223608,3,1
17232,3,4
55220,2,4
58656,3,3
181056,2,3
138030,2,2
109854,3,4
28044,2,5
178010,3,4
208988,1,4
126120,3,1
163548,2,2
167895,4,2
142792,2,2
127690,2,3
61360,4,4
150273,3,3
197088,4,1
121320,3,3
78936,3,3
129542,4,2
159393,4,1
92637,3,3
149402,4,2
179480,3,1
143272,3,1
149368,2,4
189566,3,2
166992,4,2
218052,3,2
156744,3,4
191532,4,2
136994,4,3
172914,3,3
144130,4,3
180427,3,3
232969,3,1
184652,3,3
116589,2,3
145134,2,4
193496,0,3
134824,3,0
149877,2,2
240564,3,2
179788,3,3
203294,3,3
86926,5,4
179732,0,2
213724,4,2
203232,2,0
161130,3,2
118936,3,3
121005,3,2
152055,2,3
187821,3,2
210639,1,3
125456,4,3
227988,1,3
124410,3,4
197275,2,3
181728,1,3
173796,4,3
164691,3,2
108661,3,4
173632,2,3
162656,1,3
151552,3,4
38052,3,6
128583,3,3
257488,1,2
141272,3,4
97744,2,5
178608,2,2
185016,2,3
171619,1,3
169939,1,3
124866,3,2
199667,3,2
224003,1,3
202640,2,3
87070,1,4
129544,2,3
104712,3,3
186303,3,2
130488,3,3
140664,3,3
120519,2,4
102015,3,4
198288,2,3
121820,3,2
-50028,4,5
157776,1,2
170286,1,2
178520,2,2
63882,4,5
120704,3,4
84117,4,4
99209,5,4
193728,1,2
70312,3,4
150720,3,3
198263,4,3
181640,2,2
241572,2,3
133609,3,4
177870,2,1
198410,3,2
107469,4,1
217584,2,3
172939,4,2
165396,4,3
132160,3,3
166112,1,3
192339,1,1
124200,3,1
137925,2,3
186446,3,2
200169,4,2
134784,2,3
119352,2,4
170436,0,3
168180,2,3
156570,2,5
134991,3,4
193160,2,2
31194,4,3
96546,2,3
187257,0,2
39980,4,3
141260,2,2
-83421,5,3
23958,4,3
159808,1,2
143514,2,2
66576,4,4
106389,4,3
199038,1,2
116235,4,3
112104,3,3
-98260,5,4
45096,5,3
227448,0,2
215838,1,2
168190,0,1
-69360,5,4
25194,5,3
241000,0,2
184608,2,1
-1764,3,5
45248,3,6
69168,3,5
115784,2,4
97090,3,3
184836,1,1
189990,2,2
-76590,4,5
163130,1,1
183440,2,2
108823,3,2
53805,3,2
168360,2,2
88606,4,3
102864,5,2
112903,4,1
152896,1,4
117328,4,1
99594,2,4
123620,3,1
139566,3,1
136455,2,1
170928,2,2
158608,3,2
188226,1,3
171388,4,1
125910,1,4
137998,1,4
125388,3,1
55470,3,5
96288,5,3
145230,2,4
83266,2,4
180216,4,1
204316,1,3
248472,1,2
156508,5,3
159770,3,3
88308,3,5
163100,1,2
191808,1,2
91510,4,5
128730,3,3
112098,0,0
108615,0,2
102786,1,0
114310,2,5
72564,2,3
116181,0,1
86859,3,5
39492,1,1
123264,2,4
43537,0,0
108996,0,1
-29508,5,4
89097,2,2
133416,2,4
146920,3,3
179952,3,0
169122,2,1
-50724,4,6
157086,4,0
54192,2,4
168160,0,2
151866,2,2
-90967,4,4
46995,4,2
212569,0,2
94835,5,3
188334,1,1
166059,3,3
172830,3,1
227610,1,2
112164,4,4
126112,3,3
238590,2,2
156525,3,4
168343,2,1
104268,4,4
442,4,4
169526,1,2
115320,1,1
127432,1,1
-20930,3,5
112671,3,2
150805,2,0
12446,4,5
196648,2,1
35268,3,5
94393,4,4
212807,1,1
183060,5,2
156126,2,1
76059,2,4
68680,3,5
177925,5,2
141060,1,2
149650,3,3
74481,1,4
189522,0,2
175168,2,3
169407,2,1
126882,4,2
184492,2,2
136906,4,0
150150,2,4
73853,4,5
209632,1,1
85491,2,4
190832,0,2
76703,4,4
134395,1,2
127276,1,2
61200,5,2
156522,1,2
45771,3,4
178108,3,2
110275,3,3
72708,2,4
222220,2,2
93910,4,5
133780,2,2
122132,1,1
63732,2,4
136552,3,1
130194,3,3
-52448,3,5
100506,3,3
156702,3,0
230615,1,1
99396,3,4
186152,2,1
95303,3,3
116028,5,2
173063,3,3
120051,2,4
151065,3,3
123111,2,4
148005,3,3
217008,1,1
123750,1,4
-11556,3,7
193020,3,1
211248,3,1
119770,2,4
193687,2,1
95767,2,5
161249,2,2
116754,3,3
128790,3,2
154926,2,3
189054,0,2
106536,1,5
115770,2,3
129357,2,3
202700,2,2
104616,1,5
188379,0,3
179872,1,1
48681,3,5
199536,0,1
211077,0,2
56706,3,4
45342,3,5
847,4,6
23420,4,5
194967,1,1
80670,3,5
195342,0,1
34524,3,6
180270,1,2
188912,0,2
67639,4,5
125973,3,1
106155,2,3
99450,3,3
230549,1,2
127440,1,3
211176,3,2
116298,1,4
119812,2,3
193609,2,2
124124,1,3
185980,2,3
189000,0,3
94743,1,4
129303,2,4
104664,1,4
84752,2,4
137970,2,3
84800,2,3
151640,2,3
127432,3,3
96530,4,3
107262,4,2
158787,3,2
95544,3,3
107296,3,3
157250,4,2
93546,1,6
93600,1,5
121428,5,0
179088,3,3
197316,3,3
197252,3,2
148478,2,4
141218,3,0
174430,2,4
178605,0,4
118908,2,5
135176,4,1
155683,2,4
221121,2,1
133137,3,2
127962,4,3
145726,3,3
170892,1,1
155772,4,1
155763,2,3
153335,3,1
82610,4,3
126990,3,3
141664,2,3
84730,3,3
101421,3,3
171660,3,2
114708,2,4
194229,2,1
200040,2,1
217844,1,3
196471,2,1
207819,2,2
155628,4,2
244224,1,1
123680,5,2
150327,4,3
180930,4,2
241011,1,1
146278,3,3
110660,4,3
124758,4,3
224870,1,2
245905,2,1
211688,0,1
192948,3,2
166364,4,1
196890,4,1
162520,2,2
182110,4,2
190280,2,2
222560,3,1
156926,4,2
101016,5,3
196317,3,2
143514,2,3
193677,3,2
209700,4,1
115240,1,4
115288,1,3
183073,4,1
212080,4,1
150368,2,2
237750,3,1
134640,3,3
141561,3,2
206100,4,1
160512,2,3
193086,2,2
234180,3,1
190848,0,2
129843,2,3
137784,2,3
225478,4,2
210386,3,2
195360,3,2
210023,3,0
209957,3,1
204273,4,0
175879,4,0
190971,4,1
227376,3,0
131725,3,4
205304,4,0
167175,2,4
172740,4,1
199650,2,3
201303,0,3
198649,3,1
141606,2,4
219870,4,1
187341,4,1
216310,2,3
206150,3,1
178594,2,3
203533,3,1
187275,3,2
231770,2,1
145521,4,3
147472,4,2
159383,3,3
227843,2,1
199932,2,2
137056,3,3
139496,3,3
211757,3,1
95809,2,4
127105,3,2
175090,2,2
197300,4,2
176220,2,3
181926,3,2
184257,2,2
161924,1,3
164210,2,3
115493,3,4
179168,3,3
197841,0,1
154819,2,2
149830,3,3
147852,3,3
190239,0,2
123760,3,4
141984,2,3
105380,3,4
143808,2,3
135080,4,4
193365,2,2
211528,2,2
121360,3,4
205713,3,2
132044,4,3
123736,1,4
131864,4,2
158816,2,3
155232,3,2
142400,3,3
149544,3,2
52120,5,4
199296,0,3
118450,3,3
141957,4,3
60093,3,6
130024,3,3
225896,2,1
172664,2,3
187872,4,1
161196,2,3
185193,1,2
111480,3,3
160864,3,4
163735,3,2
178827,4,2
167436,3,3
162184,1,2
77936,2,4
155000,3,2
191460,2,2
206757,2,2
156960,3,2
195344,2,2
109370,4,4
183294,2,3
100432,3,4
193482,3,3
165420,3,3
181134,2,3
199940,3,2
121583,1,4
138719,3,0
224163,3,0
34992,3,6
129825,2,3
160360,1,2
161118,1,2
184455,2,2
185927,1,2
94016,4,3
153496,1,3
170496,1,3
201564,1,2
106584,1,4
104160,2,5
121448,3,3
213026,3,2
129380,2,4
208550,3,1
131769,3,3
151808,2,4
87822,3,4
130239,3,4
170760,2,3
95150,3,4
117891,2,4
94689,1,5
125839,3,3
219241,1,2
149936,2,3
180612,3,2
149875,2,3
146232,2,4
125496,3,3
175700,2,3
138136,3,4
192360,2,3
127160,2,4
141867,3,3
115592,2,5
199888,1,2
115640,2,4
213516,3,2
175530,3,3
134950,3,3
191200,1,3
85437,2,5
197590,4,2
168276,4,2
208080,2,2
186504,4,2
138567,3,3
108170,4,3
136368,3,4
110799,3,4
183546,3,2
183480,3,3
197052,2,2
161810,2,3
129609,3,3
149888,2,4
180224,0,3
62810,3,6
116559,2,3
190683,2,3
183912,2,3
129670,3,3
19789,2,6
-26772,3,6
-56784,3,5
143825,1,1
218070,1,1
203098,1,1
141148,1,0
39116,2,4
175290,2,1
211660,2,1
161220,2,2
84900,2,6
139565,1,1
5551,3,6
-49168,3,5
172188,0,1
-45648,3,7
142160,0,1
51205,1,5
141673,2,3
186732,1,0
-17667,3,7
75229,2,4
183392,2,3
168120,2,4
132920,4,2
120324,4,2
168318,2,1
73402,4,2
102978,2,0
-17510,4,3
159214,2,3
173322,2,3
154418,4,0
153186,2,2
108710,4,1
125328,3,3
107808,2,1
37450,4,4
63739,3,4
156264,3,2
127099,2,3
126170,4,2
30368,4,4
66704,4,3
164941,2,2
-20228,4,5
-29003,3,6
104888,4,2
151536,1,3
72390,4,3
129768,1,0
99440,2,4
119987,3,2
152952,3,1
152540,2,3
21392,4,4
123464,3,3
156110,4,2
154712,4,1
214800,2,3
137010,3,1
147555,3,3
148152,4,2
199144,2,2
160740,4,1
211650,2,3
170326,3,3
155700,2,2
178062,2,2
135480,4,1
207592,2,3
196746,3,3
-3132,4,3
21913,4,3
107850,2,1
161110,2,2
193272,3,2
78484,3,4
190500,2,2
147430,3,3
199376,2,1
106452,3,4
-15525,4,4
174140,1,1
171192,2,2
201380,2,1
136550,3,4
-131544,4,5
82202,1,0
119895,2,3
129000,3,2
180245,2,2
195992,3,1
183666,3,0
120765,3,4
149994,4,2
216992,2,2
212340,3,1
191708,3,3
218768,3,0
147108,3,4
101310,4,2
191448,2,2
197400,3,1
199908,3,3
177100,3,4
8658,4,3
152655,3,2
170910,3,2
149712,1,3
62064,4,4
123296,1,2
-9800,4,5
81880,3,5
175488,2,2
72985,4,4
9919,4,5
53520,3,6
153984,2,1
177849,1,4
93267,4,3
179431,1,3
49401,4,4
-54045,4,6
101181,1,1
140376,2,4
110556,3,3
162816,2,2
102141,4,4
171144,3,3
44912,4,5
146988,3,4
159208,3,2
197505,2,3
130480,4,3
196399,2,2
83232,4,4
123228,2,2
166584,3,3
9399,4,6
-80835,4,7
69924,4,4
139707,3,3
160240,2,4
151445,3,2
118944,2,5
157960,1,2
106161,3,4
109812,3,3
68460,2,4
178356,0,1
-16632,4,6
-57984,3,7
115170,1,3
179396,3,2
109740,3,4
112080,0,1
32560,2,4
90090,4,3
52184,3,4
72810,1,0
33120,1,6
95880,3,5
54528,2,6
75250,2,4
127550,4,3
93090,3,4
9804,2,4
72564,4,3
31212,3,4
40920,3,4
228792,1,1
103680,5,3
62328,4,4
213471,3,1
91190,1,4
148720,3,3
110814,2,4
83470,0,0
227142,3,1
132011,3,3
94105,2,4
80432,0,0
213816,3,0
63384,1,5
126144,3,4
84792,2,5
225330,2,1
94760,2,4
147060,4,3
112600,3,4
42921,1,0
178344,2,2
60470,2,5
78310,3,5
145984,3,3
100920,1,4
118760,2,4
86097,1,5
217438,3,2
105721,2,5
149088,2,3
63312,3,4
110811,1,0
183666,2,2
23122,2,5
42746,3,5
71094,1,1
121272,2,4
43180,0,0
-44952,3,6
17808,5,5
62513,1,5
120043,3,4
78256,0,1
34644,1,5
97404,3,4
74965,2,5
132495,4,4
94589,3,5
80520,1,1
22308,2,5
150612,4,2
85068,4,4
43716,3,5
105912,1,1
59873,1,5
117403,3,4
79497,2,5
126492,4,3
85140,3,4
116268,1,0
103995,1,4
182080,3,3
169444,0,2
165970,2,5
131100,2,5
165396,1,0
181544,2,4
178616,0,2
88524,2,5
187173,1,5
170270,0,2
165935,2,5
145248,0,0
145152,2,3
171156,0,2
166831,2,4
164520,2,1
180936,1,1
145620,0,0
132275,1,2
142332,0,1
176008,1,2
128912,1,0
134823,0,2
116523,3,5
170665,0,2
191910,0,1
144300,1,1
170001,2,4
134730,2,4
129420,2,3
163416,1,1
157140,0,2
161812,2,3
85515,0,5
166472,2,4
174757,0,2
181150,0,3
151245,2,4
190168,0,2
104762,1,3
158170,2,5
170261,1,1
181672,1,4
158592,1,1
162552,0,0
157520,0,0
175496,1,5
137248,1,0
190683,0,2
165000,1,4
163140,0,2
177672,2,4
195630,0,2
228150,0,2
206190,0,2
115906,0,3
137330,2,5
203600,0,1
162250,2,5
172776,1,0
156792,1,1
171168,0,2
170210,2,4
216630,0,3
128460,0,6
161973,0,1
179060,0,0
161915,0,2
127728,1,0
110580,0,4
188363,0,4
142131,2,6
163920,1,1
175110,1,3
168203,1,4
148512,2,2
159648,1,1
159584,1,0
320,2,6
132341,1,3
69328,1,6
112356,0,0
170464,2,3
118608,2,0
145180,1,1
140952,1,0
160080,2,3
129272,2,6
193237,0,1
184744,0,1
170212,1,1
-5100,1,5
146939,0,3
104076,3,5
156123,2,5
146700,2,1
133104,0,1
108823,1,2
182601,2,4
173641,0,3
195840,1,2
55065,1,3
83880,0,0
189413,0,1
152016,2,1
159740,2,3
175304,2,4
78744,0,0
108696,1,0
132012,2,6
222615,0,2
172500,0,2
174867,1,4
141084,3,3
169568,2,3
149316,0,3
161181,2,4
205029,0,3
185050,1,5
231110,0,2
176520,1,0
158460,1,5
162240,1,0
167240,1,5
124376,0,4
-121676,1,6
79712,0,0
176575,1,2
180153,1,5
151540,1,0
101234,1,2
101556,1,0
117065,2,5
153076,1,0
194208,1,0
109788,1,1
165200,2,3
151820,2,1
138660,2,0
79440,1,4
160896,1,3
172403,1,4
150560,2,0
208296,0,0
150201,3,4
182817,1,5
158279,1,5
182791,1,4
190790,0,1
142690,1,4
164901,1,1
161616,1,2
140768,3,3
171830,0,2
155682,1,1
157365,2,4
184936,1,4
144564,1,1
164472,1,1
160632,2,5
169962,1,1
122447,0,3
155440,1,0
192670,0,2
140244,1,2
77294,2,4
189540,0,0
103103,1,1
156648,2,0
148440,2,3
161130,2,5
178444,1,1
159633,2,5
147930,2,5
127347,1,5
135780,1,2
158444,0,3
212784,0,4
177021,2,4
127283,0,3
174503,1,2
175840,1,0
167664,1,0
135952,1,0
178684,0,1
46725,1,2
186440,1,2
169484,1,1
116935,1,3
187912,1,4
161352,2,3
148240,2,5
177309,0,2
171153,2,5
191163,1,2
202840,0,1
189981,0,1
157335,0,1
207310,0,2
179904,1,0
-37536,2,5
56655,2,4
112176,0,1
162310,0,3
166001,0,3
163912,2,1
175008,1,0
161397,1,5
171210,1,6
145780,1,1
137520,0,1
162596,2,3
150040,2,4
183840,0,0
142596,0,2
143760,0,0
166375,1,5
153967,2,4
162606,1,3
184824,1,5
63300,1,6
178170,1,4
157245,1,3
164000,1,0
181472,0,0
188520,0,0
145893,1,2
187968,1,0
158632,2,4
165860,1,0
184040,1,4
167604,0,2
177912,1,0
153780,0,3
159520,1,6
178317,1,5
119168,0,4
168112,2,1
146928,2,2
155650,2,4
152800,1,1
125112,1,7
-143412,1,7
-24684,1,6
189440,1,2
88438,1,4
165220,0,0
155016,1,1
112099,1,3
150240,2,1
162696,1,1
166692,0,2
133008,1,0
177760,1,1
206096,0,1
159392,2,4
153840,2,1
179240,1,4
137800,2,1
178339,1,3
129920,1,1
205350,1,2
164240,1,0
79320,1,0
122112,1,5
75040,1,6
165960,1,3
164550,1,1
114696,0,0
205689,0,2
222156,0,1
151830,1,2
165763,0,2
76216,1,1
119244,2,4
193392,0,1
183825,1,5
146520,1,2
189830,1,3
162428,1,1
196273,1,3
118300,1,1
24016,1,5
202480,0,1
172920,1,6
177558,1,3
174960,1,6
157788,1,1
187750,1,2
167900,1,0
59570,1,2
224024,0,2
206921,0,2
155232,1,0
133996,0,1
145392,1,1
54375,1,5
163450,2,4
162932,1,6
176872,1,4
157458,1,1
166336,2,1
101647,1,4
156816,2,2
195912,1,4
172590,0,2
173450,2,4
154752,2,2
83728,0,0
152256,1,6
34920,1,6
178704,1,1
130692,1,3
150183,2,5
192850,1,5
161310,1,1
125244,1,5
156780,0,1
186957,2,4
156585,0,2
180450,2,4
181570,2,4
173295,0,3
148104,3,3
156768,2,3
183447,1,4
154350,1,3
163180,0,1
140140,2,0
173440,2,3
215595,0,2
189621,2,4
152100,1,0
169433,0,2
218259,0,2
167930,1,5
156200,1,1
156650,2,4
143253,0,2
164907,0,2
196839,0,2
153505,0,3
167820,1,5
168564,0,4
150524,2,5
157916,1,1
198760,0,1
184110,0,1
163270,0,1
195075,1,2
197790,0,3
144419,1,4
187310,1,2
141603,2,5
182112,1,1
123856,2,1
178610,1,4
166491,1,2
171388,1,1
44992,1,7
185647,1,4
197090,1,4
165492,1,2
147750,1,2
113436,3,5
161447,2,5
164703,2,5
138523,2,5
127205,2,5
193500,0,1
127344,2,6
182979,0,1
141372,2,6
81081,2,5
207000,0,2
167080,2,5
184280,0,2
154284,2,4
205227,0,3
182694,0,2
169056,2,4
132400,2,3
121620,1,3
160688,1,2
186730,1,5
137775,3,4
118596,1,2
194121,1,4
166177,0,2
183663,0,2
153960,1,0
175808,2,3
187070,0,1
151004,1,0
168201,2,4
174960,0,1
131172,0,3
173000,1,1
175040,1,5
178770,2,5
163383,2,5
159936,0,3
145057,1,1
192500,1,0
140796,2,5
73592,1,0
131417,2,5
136128,1,0
176328,2,3
141097,1,2
28424,1,7
155740,1,5
-80712,1,6
158680,1,1
179730,0,1
137480,1,0
159375,0,1
153456,1,0
138132,0,2
188770,1,5
147829,1,2
167880,2,3
155490,3,4
169296,1,1
153580,1,0
175365,1,4
130312,0,4
176704,2,3
190629,2,4
163143,1,2
174691,2,4
105516,1,0
184905,1,4
174213,2,3
160307,2,3
172200,1,1
139184,1,0
169308,1,1
131120,2,2
68838,2,4
27675,2,5
-72267,2,6
168876,1,0
189413,0,2
78968,0,0
191730,1,5
158535,2,4
173964,0,3
111708,2,4
176976,1,1
197793,1,4
186327,0,2
135663,2,4
144348,2,5
139920,2,1
119616,2,1
167848,2,3
162850,2,4
153100,1,1
173976,1,1
189532,1,1
129943,2,5
118776,1,7
209416,0,4
184512,0,6
190365,0,3
201411,0,4
-70380,2,6
84696,0,0
-194484,2,7
8475,2,5
112692,0,0
187341,0,2
199510,0,2
88746,1,2
134343,3,3
184096,0,1
166968,0,0
179950,1,2
103920,0,0
147771,1,4
201597,0,2
143900,1,1
173480,1,4
64545,3,5
122880,2,6
-11776,1,7
191988,0,5
67130,2,3
191219,0,4
154050,2,3
161997,1,2
-5824,1,7
162380,1,0
114452,1,5
192770,2,3
181468,1,2
10140,2,5
167424,0,1
158840,1,6
176720,1,1
132064,0,0
152610,2,4
158220,1,1
192492,0,1
171432,1,2
164688,1,5
159600,1,6
122880,1,1
37785,1,4
166859,1,5
126944,2,0
184921,1,2
145060,0,0
196315,1,3
131072,2,1
157236,1,2
188177,1,2
149149,1,2
186744,0,0
159930,2,5
114939,2,4
170208,0,4
169870,1,2
113659,1,2
172665,2,4
173673,2,4
179916,0,1
147588,1,2
193501,1,2
131920,0,1
121671,3,4
169704,0,2
149540,0,2
163233,3,3
135648,0,2
141330,3,3
191529,0,4
150840,3,1
147952,3,1
128128,2,0
70620,2,6
142720,0,1
57088,2,6
94066,0,4
177751,2,3
175200,0,2
152832,0,2
99600,2,5
-4828,0,6
166221,0,4
-136344,1,7
78576,1,0
-20247,1,6
133212,1,1
170922,1,2
158136,1,0
99666,1,2
157895,0,1
179200,1,0
153076,1,0
178568,2,4
136650,3,4
154473,1,2
150650,3,4
104700,0,1
144595,3,4
127312,0,2
183240,0,4
100968,2,0
173536,0,2
185328,0,1
174672,2,4
160512,2,5
170324,0,2
108920,2,5
158466,2,2
172760,2,3
173290,0,4
162613,2,3
201112,0,2
206244,0,2
77985,1,2
176000,1,0
172098,0,2
167796,1,5
167057,0,1
128736,1,1
158610,2,4
188456,1,3
176267,1,3
184365,1,4
155616,2,1
160130,1,5
164780,1,2
171320,1,5
178164,1,1
82560,1,6
150600,1,2
168945,1,3
173871,1,4
176445,1,3
150084,1,4
132768,1,1
73575,1,5
163242,1,2
126373,1,4
179128,1,3
171369,1,3
159057,1,4
173268,1,3
162008,1,1
182496,1,0
126528,1,2
167552,2,2
144859,2,5
104628,1,0
170721,2,4
145380,1,1
170634,1,1
133367,0,2
137696,1,0
153684,1,2
162333,2,3
150040,1,2
145220,2,1
171009,1,4
-18360,1,6
129519,0,2
94458,1,2
118415,3,4
111840,0,1
145880,3,1
190435,0,4
181692,2,1
86184,0,6
110148,1,0
69824,1,6
138740,1,1
120948,0,0
61138,1,2
154193,1,5
197424,1,2
196785,1,4
138256,1,1
161796,0,2
129360,1,0
189828,0,1
173117,1,1
181602,0,2
162576,2,1
75240,0,6
158130,1,1
172312,1,2
126995,3,4
141440,0,1
129360,2,2
145072,0,0
114660,1,2
181233,2,3
160608,1,2
169570,0,4
172215,1,1
186816,0,1
188041,1,1
109395,1,2
204001,0,1
155400,1,1
44100,1,6
163845,2,4
149200,1,1
145008,0,1
127952,2,1
194073,0,2
149110,2,2
189211,0,5
180355,2,3
88858,0,4
185080,2,2
79408,0,5
209461,0,2
147600,1,0
180015,2,5
157470,0,2
134988,2,5
158160,2,1
180549,1,4
181410,1,4
143440,1,2
162384,1,2
127040,1,1
150680,1,1
191429,1,2
66710,1,5
166660,1,1
-19520,1,6
139376,1,1
-46444,1,6
198153,0,4
184095,2,3
139884,0,4
167712,2,2
62400,0,5
-11152,0,6
46380,2,5
174120,0,2
167940,0,2
139425,0,3
188541,2,4
133956,0,3
160460,0,1
134940,2,6
157245,0,1
159500,1,1
153396,0,1
111538,0,2
149028,1,2
205011,1,2
175232,0,0
201348,1,1
159190,0,1
181656,1,1
158477,0,1
140368,1,0
124683,0,2
136487,1,2
136736,0,0
208590,1,2
166768,0,0
214752,1,1
160551,0,1
198492,1,1
201700,1,3
44100,0,0
187590,1,4
77556,2,0
224350,1,2
205310,3,3
164703,2,2
153068,4,3
94512,4,2
148335,3,4
169351,0,2
139774,6,2
216541,1,3
136310,4,3
119110,4,5
198132,3,2
131640,3,2
123827,4,4
194270,2,2
153324,4,2
157480,2,2
123620,4,2
183519,3,1
211992,3,2
226382,1,4
147520,2,2
81432,5,3
83589,5,3
179199,2,1
145530,2,1
70664,6,3
66484,4,4
203877,2,2
207520,3,1
93610,6,2
132792,3,0
185056,1,0
227715,2,3
182568,1,0
154427,2,3
185784,1,1
199404,3,5
118144,5,1
150634,5,5
129348,3,2
127620,2,2
180744,4,2
178620,2,4
211145,4,4
179560,3,1
139256,5,5
132147,4,2
190460,4,3
164604,3,2
211541,3,2
93613,3,3
122298,4,1
37162,3,3
191324,5,2
-32454,7,3
72780,3,2
66480,5,2
145044,4,2
182226,2,1
152982,2,3
19530,4,4
190362,2,0
177516,3,1
65808,5,2
81356,1,0
58170,2,3
153248,0,2
236430,2,3
223181,1,2
151305,4,4
206988,3,3
128520,3,3
174510,4,4
117812,1,1
125671,4,3
209085,3,3
136269,1,2
243727,1,3
82115,2,3
198180,4,1
126135,4,2
194616,2,0
159340,2,2
192647,1,4
177558,1,3
124326,4,2
-117390,7,5
139296,2,1
162240,4,2
89600,5,4
130351,1,4
133536,1,0
115167,3,4
-22491,3,5
189936,1,2
111020,3,4
7410,5,4
-118800,4,7
164681,2,3
150625,1,1
123570,4,2
159600,4,1
181856,3,2
157950,3,4
56276,6,3
187583,0,2
167344,5,2
210294,1,2
164276,3,2
115218,3,3
153828,3,4
190989,1,1
211068,1,2
136040,3,3
113230,4,2
210408,1,2
217656,1,1
222248,4,1
180180,3,3
144959,3,4
88200,2,3
127072,3,4
101981,4,3
240578,3,2
114120,2,4
107300,4,2
183736,4,2
139401,2,2
145008,3,2
192348,4,2
178024,1,2
215864,2,0
200880,4,2
130806,4,2
137456,3,2
115524,4,2
212136,2,2
134976,3,4
178536,6,1
146104,6,4
181496,4,1
126302,2,3
184100,1,5
146448,3,3
134030,4,3
181800,4,5
155824,4,3
94182,3,2
114561,3,2
143220,2,4
222376,3,2
191724,1,2
158840,3,3
203520,3,2
186900,1,4
148248,3,2
84474,4,2
210104,3,2
125064,3,3
75023,2,2
132146,4,4
208020,2,2
198544,4,3
160686,5,1
205072,2,1
116237,3,3
129088,2,5
196488,3,1
213138,2,2
159852,2,2
161993,4,3
100224,3,2
156260,5,4
136149,1,3
81477,2,3
127050,1,5
246270,3,1
109773,3,3
93280,4,3
137736,4,2
233702,2,3
110088,3,2
142100,4,3
163464,2,4
199820,3,0
164112,5,4
183534,1,2
159584,4,2
219086,3,3
152540,3,3
147488,4,2
178080,1,4
210260,2,0
233545,3,3
130186,4,2
133104,4,2
129030,2,2
156060,1,4
169995,4,1
205810,2,0
257196,3,1
68484,2,4
113640,3,5
86268,4,4
226092,1,3
144744,5,3
139150,5,2
214008,4,0
143192,1,3
254007,3,2
177736,3,3
85944,2,3
114216,4,3
113290,2,3
132450,1,5
158977,4,2
140790,4,5
168795,1,2
222168,3,3
127962,4,2
205758,3,2
135894,2,2
142747,3,2
121296,4,2
217932,2,0
165970,4,4
156330,2,1
175968,3,3
175260,4,2
100750,4,3
160232,2,2
156065,3,2
107445,1,4
81576,4,2
170159,2,0
177248,2,1
90076,1,3
38930,4,3
77265,3,4
83270,3,4
68688,4,3
75540,1,5
91468,4,5
98550,6,2
182882,5,2
139140,5,3
132797,0,2
129060,5,3
143094,6,4
164268,1,2
143586,2,2
114910,4,2
150714,4,1
195440,2,0
128970,2,2
185380,1,2
212448,3,2
197936,3,3
149050,4,2
180068,1,4
143856,3,2
160458,4,1
211680,2,0
143160,3,3
193661,1,2
172048,4,2
220092,3,2
208128,3,3
130141,2,2
156057,4,2
188986,1,4
137520,4,2
218050,2,0
169494,2,2
158032,2,3
142304,5,2
197784,4,2
162960,2,4
118930,5,2
199460,3,0
163680,5,4
80358,0,2
154098,1,4
152495,3,1
187863,3,4
155006,3,5
95292,2,4
123564,4,4
121080,2,4
144135,1,6
127310,3,4
150917,4,6
54090,2,3
-9684,5,3
175116,2,2
98700,4,3
30906,4,4
7020,3,3
51777,3,3
29532,5,3
126168,3,1
58912,5,5
164512,3,3
129344,4,2
165424,3,3
126698,4,2
110830,4,2
191360,2,0
165088,2,3
128192,5,2
187200,4,2
164272,4,3
99990,3,2
150612,2,4
110110,5,2
190640,3,0
153096,5,4
187472,2,1
105168,3,3
57256,6,3
142428,5,3
95591,5,4
53352,4,3
95128,5,4
91710,3,5
70037,6,3
158620,4,1
105482,6,5
144702,4,2
193284,1,2
171584,4,2
207664,3,3
160040,3,3
149328,3,2
137230,4,2
217760,2,0
81796,0,0
153760,4,2
164164,1,2
128894,4,2
197210,3,2
167229,3,3
103920,2,2
141482,3,3
128270,2,2
154920,1,4
116391,4,2
204974,2,0
160264,4,4
120822,2,3
194868,3,1
82400,5,3
152856,4,3
68508,3,3
104300,4,4
110544,2,5
99162,4,3
81490,5,3
130662,5,2
78588,0,0
141708,1,2
176358,3,2
84672,2,2
166592,4,2
123838,3,3
112230,2,2
130860,1,4
118460,3,2
155056,3,2
161896,2,2
126140,5,2
195104,4,2
164475,4,3
152490,2,4
132880,4,2
114609,5,2
158158,5,4
75960,1,0
143694,1,2
123312,2,2
79288,5,2
159276,4,2
117623,4,3
68904,3,2
109384,4,3
97176,5,2
111150,2,4
105320,4,2
149037,5,1
172876,3,0
122330,5,4
121410,1,1
127125,2,3
77958,5,3
166866,4,3
118548,4,4
70317,3,3
115332,4,4
100945,5,3
152676,3,3
113232,2,5
112189,4,3
87960,5,3
140416,3,2
167664,5,2
184596,3,1
127078,5,5
153135,2,1
31950,1,3
-36252,4,3
4338,3,4
-12168,2,3
18460,4,3
11712,1,5
42394,3,3
116904,4,2
108456,2,1
189000,1,4
43680,0,0
188604,1,2
165824,4,2
215424,3,2
201904,3,3
156440,3,3
151778,4,2
140481,2,2
146088,3,2
133630,4,2
214160,2,0
181320,4,4
120597,0,1
192310,1,3
165405,1,3
123894,4,3
202594,3,3
164484,3,4
103493,2,3
145956,3,4
134121,4,3
133408,2,3
140261,3,3
118584,4,3
188080,4,2
215220,2,1
151320,1,3
106992,4,3
189448,3,3
147582,3,4
134688,3,4
121914,4,3
129932,3,3
180568,4,2
149660,4,5
96210,2,3
238440,0,3
40860,5,3
138012,4,3
81450,4,4
90600,4,4
74152,5,3
82665,3,3
63228,5,3
159864,3,1
202320,1,4
174174,1,2
148064,4,2
202104,3,2
184144,3,3
113652,2,2
139568,4,2
136098,3,2
122530,4,2
155286,4,1
203060,2,0
168000,4,4
234245,1,3
125482,1,3
81923,4,3
161291,3,3
120258,3,4
70764,2,3
111089,3,4
85998,4,3
124345,4,5
42600,1,0
139664,2,2
148544,5,2
202464,4,2
184624,4,3
113982,3,2
145640,4,3
139898,5,2
130761,3,2
168420,2,4
155466,5,1
203360,3,0
134220,2,1
98040,2,3
43056,5,3
139720,4,3
83646,4,4
45110,3,3
92064,4,4
75738,5,3
82208,2,5
64692,5,3
152152,5,2
161328,3,1
141555,4,1
99932,5,5
137740,2,2
87480,2,2
30384,5,2
129864,4,2
70974,4,3
35958,3,2
83616,4,3
66586,5,2
151180,4,2
76263,3,2
70944,2,4
56244,5,2
146520,5,1
152880,3,0
135432,2,2
90076,5,4
130884,1,3
94784,4,3
163184,3,1
162144,3,3
130864,3,4
77022,2,3
112040,3,4
102938,4,3
121380,1,5
89230,4,3
135306,4,2
128040,4,5
105591,2,1
90375,3,3
146916,2,1
33858,6,3
132566,5,3
74448,5,4
38467,4,3
69095,6,3
78386,4,3
74032,3,5
148064,6,2
155196,4,1
92778,6,5
135128,4,2
177060,1,2
151616,4,2
204768,3,2
187696,3,3
116094,2,2
147560,3,3
142010,4,2
132489,2,2
171108,1,4
156618,4,1
205280,2,0
170664,4,4
31770,3,3
170358,2,1
-36468,6,3
77868,5,3
4122,5,4
-12324,4,3
39048,5,4
18304,6,3
35409,4,3
11520,3,5
42262,5,3
116808,6,2
108312,4,1
38080,6,5
147032,4,2
41304,0,0
157716,1,2
127808,4,2
186912,3,2
163888,3,3
99726,2,2
132680,3,3
125642,4,2
119097,2,2
150276,1,4
124704,3,2
147690,4,1
190400,2,0
152808,4,4
124664,4,2
194064,1,2
172544,4,2
220464,3,2
208624,3,3
130482,2,2
160640,3,3
156398,4,2
144261,2,2
189420,1,4
149868,3,2
164466,4,1
218360,2,0
186360,4,4
134484,3,2
103599,2,1
92854,6,2
169650,5,2
131189,5,3
78480,4,2
118162,5,3
106752,6,2
107070,4,2
123120,3,4
113300,5,2
93071,6,2
181654,4,0
204624,2,0
132704,6,4
80415,3,3
21906,6,3
123270,5,3
62496,5,4
29835,4,3
77964,5,4
60463,6,3
71082,4,3
63408,3,5
77935,5,3
50592,6,3
147228,4,1
83482,6,5
199360,2,0
42816,0,0
177372,1,2
152000,4,2
205056,3,2
188080,3,3
116358,2,2
147800,3,3
142274,4,2
132705,2,2
171444,1,4
138312,3,2
124990,4,2
156762,4,1
170952,4,4
211792,2,0
74960,0,0
116312,1,2
70788,4,2
152776,3,2
109123,3,3
62904,2,2
103884,3,3
91176,4,2
94090,2,2
103650,1,4
100320,3,2
78793,4,2
145537,4,1
115830,4,4
185024,1,0
169848,2,2
135796,5,2
202488,4,2
174131,4,3
108792,3,2
145948,4,3
137064,5,2
132330,3,2
161010,2,4
138560,4,2
120857,5,2
172305,5,1
165542,5,4
193984,2,0
43488,0,0
186108,1,2
162752,4,2
213120,3,2
198832,3,3
123750,2,2
154520,3,3
149666,4,2
138753,2,2
180852,1,4
144360,3,2
131710,4,2
160794,4,1
179016,4,4
112944,1,0
180528,1,0
127140,2,2
77976,5,2
166880,4,2
118566,4,3
70330,3,2
115344,4,3
100958,5,2
105347,3,2
113248,2,4
112200,4,2
87972,5,2
167672,5,1
127092,5,4
198090,3,4
78840,1,0
143472,2,2
103768,5,2
177996,4,2
142103,4,3
86184,3,2
125224,4,3
114456,5,2
113490,3,2
132750,2,4
119720,4,2
100133,5,2
159117,5,1
188716,3,0
78032,1,2
201726,3,2
137816,2,4
96900,5,4
172744,4,4
135235,4,5
81336,3,4
120780,4,5
109608,5,4
109450,3,4
126690,2,6
115680,4,4
95689,5,4
156289,5,3
184272,3,2
182880,3,3
115710,1,1
140970,2,3
94572,5,3
179788,4,3
135162,4,4
82316,3,3
126408,4,4
112944,5,3
115489,3,3
128000,2,5
122342,4,3
99036,5,3
175048,5,2
195672,3,1
201260,4,4
41304,0,0
157716,1,2
127808,4,2
186912,3,2
163888,3,3
99726,2,2
132680,3,3
125642,4,2
119097,2,2
150276,1,4
124704,3,2
109870,4,2
147690,4,1
190400,2,0
186480,3,3
114360,1,1
134220,2,3
86472,5,3
173488,4,3
127062,4,4
76466,3,3
121008,4,4
107094,5,3
110539,3,3
120800,2,5
117392,4,3
93636,5,3
171448,5,2
190272,3,1
180730,4,4
194640,2,0
148856,4,1
163386,4,1
191401,3,2
182160,4,1
188940,2,0
116171,3,2
119676,3,3
109318,2,2
132555,1,2
105651,4,2
92304,4,2
119024,1,4
116976,1,1
84007,3,3
164280,4,1
144795,2,3
172130,5,1
127530,2,1
180472,4,3
75456,1,0
113707,5,4
100412,4,1
58630,4,3
37648,5,3
35328,2,5
84293,5,2
195958,2,2
145236,4,2
162516,5,1
196728,0,2
175932,5,1
182376,2,0
149920,0,1
195237,5,2
147075,2,1
194306,3,3
133376,0,1
166082,5,1
153894,2,0
127728,3,2
122121,2,2
156840,4,4
129338,4,2
154980,1,4
103422,2,2
133184,4,2
139965,6,2
170758,2,1
164106,4,1
142480,2,1
185992,4,1
140120,1,0
150435,5,2
94632,5,2
93555,3,3
118752,5,5
118480,4,4
85239,5,3
85932,5,4
161946,4,1
184959,1,3
199710,4,2
157746,1,2
191259,4,2
182925,2,2
123079,2,3
107316,4,3
91286,2,3
153342,5,1
133182,4,2
127575,3,2
169962,2,2
136004,5,2
119290,5,2
142880,5,2
142218,4,2
172459,2,1
131488,4,2
170155,2,0
114472,4,3
78975,2,1
128414,3,3
81580,3,3
75350,2,3
58179,4,3
160293,4,2
263098,3,1
144693,5,2
175054,3,0
253580,3,1
171672,4,2
173688,3,0
213984,3,2
227760,3,1
178083,4,2
166426,3,0
206080,3,2
144400,3,2
167630,3,1
178430,4,2
152012,3,0
191640,3,2
121992,3,2
142896,3,3
130603,2,2
159236,4,4
161580,1,2
149984,1,4
159894,3,3
100178,2,2
209148,3,1
137484,6,1
143874,1,3
103040,5,2
101400,4,3
145310,2,2
143094,1,1
155839,2,2
158895,4,2
141480,2,2
125230,4,3
143536,1,1
153041,3,2
149316,3,3
185175,1,2
213440,4,2
201227,2,1
161739,2,1
99484,1,2
89342,1,2
144747,3,5
157536,3,2
118216,3,2
179380,3,3
155771,4,2
130869,3,2
155688,5,2
158592,2,1
186550,4,1
112140,5,4
147128,3,4
128882,3,2
156530,2,4
180015,3,5
167632,3,2
91752,4,4
184128,1,3
144180,3,0
143898,2,1
106344,2,3
-12038,5,3
130592,4,1
160258,2,2
31824,5,2
179964,2,1
152145,2,2
110870,3,2
157892,3,2
74496,5,4
173840,1,3
154200,2,3
149910,3,4
198029,2,1
189612,2,1
198484,0,1
76095,4,3
239239,2,1
197508,2,1
136202,1,1
64441,2,3
145140,2,1
131400,4,2
92652,4,4
89804,1,3
177944,2,0
108018,4,4
142020,3,2
146608,1,2
144272,4,2
201915,4,1
192410,4,1
115277,3,2
116304,2,2
115095,5,4
188829,4,0
59028,3,1
231786,3,1
148960,1,1
167401,4,3
173547,5,1
156024,0,1
180152,1,1
137620,2,2
131370,2,1
133275,2,2
159648,1,0
125072,4,3
180587,3,2
93093,3,2
90372,3,1
135444,4,2
139529,2,3
178308,3,3
151608,2,1
125312,4,2
29510,4,2
94740,4,2
130869,2,2
139800,2,1
137120,4,2
160830,3,2
143120,2,2
159435,2,3
132447,2,0
128776,1,1
65004,2,2
98376,4,3
131755,2,2
153090,2,2
181510,2,1
120960,1,1
177564,5,1
156870,1,1
142470,4,3
72995,3,4
74115,5,5
155197,3,4
115428,2,2
151407,2,2
190432,2,3
96300,3,2
93310,2,2
95056,5,4
121120,4,3
136016,3,2
144662,6,2
152061,2,3
127897,2,2
161304,3,4
142389,4,3
-54485,5,2
-20595,8,2
-3528,4,2
134109,2,1
166284,4,3
105016,3,1
112032,2,2
151950,3,3
162274,5,1
149114,4,3
128645,2,1
136201,6,1
183816,2,2
115560,2,1
139320,3,2
171996,3,0
96080,4,1
90852,4,2
179319,1,2
98076,3,1
164040,3,2
168337,5,1
140280,1,1
167913,3,2
199542,2,1
138348,1,1
241659,3,2
160342,2,1
101072,3,3
155640,2,3
93945,3,1
146390,2,1
163068,0,1
145684,1,1
206570,3,1
138171,3,1
158732,5,2
170716,0,1
170920,5,4
163812,4,1
97902,5,1
145296,3,3
212388,2,1
230477,2,2
133870,3,4
122290,3,1
241059,2,1
189344,0,1
199107,1,2
194160,3,2
239748,3,1
221868,2,0
149139,1,2
121490,2,4
218628,3,0
167216,2,1
122184,3,2
145926,0,1
160000,2,2
129159,1,1
140958,2,1
151800,2,3
155582,2,2
166990,2,2
149733,3,2
126330,4,4
121850,3,3
140600,1,4
124146,4,0
122440,1,2
163603,3,0
147704,2,4
177003,2,0
161145,1,4
127359,3,4
165260,4,0
147420,2,2
124410,3,3
145717,3,2
84660,1,2
164086,4,2
66715,3,2
139430,2,2
192127,2,1
120324,3,3
99187,2,2
148026,2,2
171465,2,2
161464,3,2
208351,4,1
117568,2,2
184800,5,1
122088,6,1
175716,1,1
198610,4,1
158900,5,2
190740,5,2
205870,4,1
146484,4,1
155649,4,2
200759,4,2
144564,4,1
175500,4,1
168568,3,2
177324,5,2
179707,4,1
130860,4,1
136884,4,1
193010,4,0
195520,2,2
167352,5,0
169310,4,0
172010,4,0
193820,3,4
180770,4,0
154231,6,0
248100,5,1
162148,4,0
74129,3,1
232518,3,1
152310,2,2
166707,0,1
109256,5,1
143528,2,0
174520,1,1
193802,3,0
163423,5,1
162484,3,1
166670,0,1
158664,2,1
173004,1,1
160407,0,1
133463,1,1
137916,3,1
135837,1,2
116457,1,3
130641,5,2
80595,2,1
169520,1,1
154557,2,1
147790,3,1
121352,3,3
195444,1,2
134004,1,1
151067,1,1
140994,0,1
127290,2,1
143920,1,1
173544,4,1
211432,3,2
195377,1,1
135112,3,1
154007,1,1
181753,2,1
89738,2,1
132520,2,1
239340,3,1
119574,2,2
162808,3,4
133128,1,1
136080,1,1
122716,2,2
144900,1,1
148040,1,1
195360,0,1
138450,2,1
194630,3,3
162648,2,1
135750,4,3
255827,3,2
246587,3,2
105435,3,2
235452,3,2
95280,5,3
104871,6,3
186240,3,3
191378,3,3
170340,2,2
117271,2,1
116655,2,1
150600,3,1
185592,3,4
56664,6,4
148280,4,2
164260,3,3
176844,3,2
76440,5,2
231940,4,2
160685,3,3
165305,3,3
191196,3,4
139392,3,2
171470,3,4
129216,4,4
60684,6,4
144485,4,2
180045,2,2
202895,2,1
263472,3,2
111837,2,1
103543,3,1
163737,2,0
151560,3,1
121610,2,2
154665,1,1
159170,1,1
170343,2,2
66708,4,2
155600,0,3
178374,0,1
181744,1,1
181584,1,2
161616,2,1
141120,2,1
111380,4,1
168920,2,1
110115,2,1
162200,2,1
150678,3,3
116360,3,2
150000,1,1
131790,3,3
161976,2,1
171951,2,1
108207,3,1
141399,2,1
164997,1,1
133224,2,0
138420,4,0
138843,2,0
93830,3,0
202565,4,2
130293,3,0
118860,3,0
130888,3,1
84620,3,1
171960,2,3
146160,4,3
123810,3,1
136584,2,0
143712,5,2
152770,2,2
152150,1,1
169044,1,2
128245,2,2
112640,3,4
139370,2,1
159999,2,2
127545,2,2
153864,1,1
147186,2,2
151848,3,2
219740,3,1
141507,0,1
145584,1,0
138750,4,2
146568,2,2
146520,2,1
164824,2,2
129570,4,2
165669,2,2
151522,3,2
165710,5,1
163548,1,1
164820,4,4
155061,2,3
103510,2,4
87540,3,4
144780,5,2
154875,2,2
151848,2,2
156765,2,2
165193,2,2
121366,4,3
152446,2,1
229151,2,0
154814,2,2
163928,3,4
176759,4,0
229262,3,1
148352,4,4
163692,1,1
156310,4,5
128052,3,1
186345,1,2
193824,2,3
120328,3,2
96660,3,3
141317,4,3
110784,6,2
99855,2,2
166100,2,3
197840,2,4
98545,4,2
151745,2,5
175356,3,3
147888,3,3
125640,4,3
224705,3,2
234975,3,1
159742,3,3
141144,2,4
102087,3,4
146880,3,3
180708,4,4
153304,3,4
155389,4,3
184393,4,4
94620,4,3
158679,3,2
130113,3,1
153209,3,3
143544,2,3
168408,3,3
188520,2,2
151830,3,4
130740,4,2
190377,2,3
139224,3,3
226140,2,1
163680,4,4
182656,1,1
144408,4,4
183230,3,3
131139,2,1
128136,2,0
146450,1,1
155470,3,4
164900,1,1
132030,5,4
180334,3,0
180657,2,2
169570,3,4
121554,4,2
133007,4,2
114768,5,2
124845,4,2
147960,5,2
136350,2,2
142768,5,2
183315,4,1
149170,4,2
185280,1,1
238271,3,2
183160,3,3
150790,4,2
139024,4,2
142608,5,3
110529,4,4
183609,2,2
198288,1,1
23716,4,3
207900,2,2
27510,5,1
157820,2,1
74877,5,3
119930,3,1
138915,3,2
223986,3,1
172733,3,1
122870,3,1
230568,4,2
113135,4,1
122100,2,2
133380,5,3
118400,3,1
133404,3,2
116750,3,1
113715,3,3
109670,4,1
138288,3,1
153230,4,3
144092,2,1
192257,4,1
132986,4,1
160430,1,3
132286,4,2
101761,4,2
194330,2,3
146600,3,2
197096,1,2
114621,7,1
190824,1,2
156937,5,3
218190,1,3
136215,4,1
105150,4,1
168440,4,3
206640,3,0
212283,5,0
201376,3,0
96750,2,3
198968,4,0
91487,1,4
74424,2,4
149112,4,3
193776,4,0
120016,4,3
80752,5,3
109417,1,2
194679,4,0
147645,5,0
155295,1,3
190032,3,0
194830,2,2
152650,2,4
146660,3,2
136647,1,1
119880,2,1
183753,3,3
131679,3,1
183627,2,2
118395,3,1
148365,3,2
167103,3,3
176330,2,1
192420,4,1
195525,4,0
167064,3,2
202770,1,1
138900,3,2
144340,1,1
194546,3,3
144930,4,2
142504,3,2
96020,5,2
170001,2,1
205980,2,3
196068,1,1
120637,4,2
183555,2,0
144450,3,2
167100,4,2
160610,4,2
101250,4,3
246279,3,2
164850,3,3
158890,3,2
170079,1,1
127479,4,4
159000,2,3
164835,3,4
47685,6,3
170180,1,1
-100814,3,3
82104,0,0
206526,1,0
123852,1,1
-20646,4,2
125323,1,3
-92820,4,2
104320,1,3
217750,3,1
143858,2,1
177658,3,2
250530,2,0
166728,1,1
159030,4,0
140272,0,1
110664,0,1
158389,0,1
173304,3,1
-132525,3,1
23632,1,1
231784,2,1
9112,2,1
89544,1,1
131634,1,1
125694,1,1
221508,2,1
232032,2,2
220948,1,1
248729,3,2
283788,3,1
100130,5,2
150864,1,2
144088,2,2
150147,2,1
116136,0,1
-216920,4,1
152317,2,1
82044,2,1
254007,2,1
-4998,2,1
167292,0,1
171430,2,1
242143,2,1
223230,2,1
93470,2,1
-68818,3,2
-13362,3,2
60102,1,2
196273,3,1
-97660,4,4
-201684,5,5
128142,3,3
195168,1,1
108120,4,2
181040,1,3
127149,2,4
212394,3,1
-59721,5,2
185916,2,1
118674,3,2
-31248,4,3
150712,0,0
-54740,5,3
152192,0,0
-122094,5,3
254430,3,0
174804,2,1
-7582,5,3
124904,5,1
161888,3,0
-31705,6,3
164367,1,2
-40944,5,3
26390,4,3
55562,4,2
-87360,3,2
166117,2,2
171563,1,1
70776,2,2
32396,2,2
136100,2,0
162450,2,0
127408,1,3
159291,2,0
8610,2,3
102564,2,3
139529,3,4
150950,4,2
114894,2,3
175950,4,2
-86488,5,4
39728,4,4
167538,0,1
19617,4,2
-132144,4,2
168918,1,1
155100,1,0
78540,0,0
115404,2,3
88332,3,3
38430,3,3
138815,2,1
140357,2,3
169470,1,1
171255,1,1
138990,2,2
-119289,5,6
146080,3,2
173635,2,1
67632,3,4
137616,1,2
106116,3,3
173474,1,2
179431,2,1
161289,2,3
134660,2,3
114279,3,4
72828,4,4
40082,4,4
168660,3,0
150870,2,2
158291,1,2
116952,2,2
164124,4,2
165330,4,2
-50752,3,4
-13520,5,1
-44353,5,1
190091,2,1
189518,2,1
209770,3,2
107613,3,0
157920,1,0
182325,5,2
107478,6,3
136098,3,1
36882,7,3
159630,2,1
79612,6,1
-58304,6,1
191300,2,1
10960,5,2
134016,4,0
221540,3,2
227140,3,2
131808,2,1
171048,3,1
104312,4,2
185440,4,2
200916,4,2
173670,1,1
179630,4,3
110726,5,3
126900,4,3
114536,5,1
82888,0,0
170225,6,1
193848,1,0
118920,5,3
222912,2,0
72670,6,3
159117,3,2
91230,1,2
-133314,4,3
112656,3,3
30270,4,3
159368,2,2
16269,4,2
91620,1,2
-98640,2,1
130520,2,1
42692,2,1
107272,1,1
105318,0,1
73740,0,1
118728,2,1
154455,1,2
157836,3,2
73775,1,3
145548,2,1
152667,2,4
143190,3,5
139332,2,1
187509,0,1
9960,5,2
153000,2,1
-12870,5,2
-38556,5,2
145276,1,0
-25004,3,3
179224,2,1
154973,2,0
151880,2,1
141251,3,3
158976,1,0
101880,2,1
137417,3,3
145824,1,2
19968,4,2
72702,4,2
-14336,5,3
100789,3,1
105720,2,2
208130,3,3
194364,3,3
104115,5,3
132450,5,3
124242,3,3
-10800,6,6
96360,4,3
161508,3,4
-17550,6,4
48646,6,4
187461,2,4
229568,2,2
157192,3,2
147830,1,1
47168,6,4
98424,3,3
185493,3,3
179739,3,2
162239,3,2
130718,4,3
-27648,5,4
179217,3,3
96579,3,1
181335,1,2
-19908,4,4
76092,0,0
118208,4,2
119229,2,4
82875,3,5
32040,4,2
75820,4,2
2460,5,2
59790,6,2
-14580,6,2
115212,0,1
142430,2,3
27456,3,2
137529,2,0
157528,3,3
162946,2,3
163038,2,2
126548,1,1
88284,4,5
122100,3,3
160874,2,3
119730,4,5
122320,3,3
168006,2,2
187080,2,2
151580,2,3
130772,1,1
126504,2,3
100890,3,1
120366,5,4
23004,6,5
162783,3,4
132202,4,2
196182,2,2
208944,1,2
97980,5,4
142884,1,1
175944,1,2
152530,3,3
184328,1,2
81152,0,0
75581,4,3
171928,3,3
134893,2,2
162877,5,1
136080,1,1
150657,4,3
139568,4,2
163890,3,2
140340,2,2
167454,5,1
143440,1,1
154294,4,3
132715,2,1
158653,3,4
151902,4,2
174031,3,2
122876,4,2
129564,3,1
131670,6,3
166560,4,2
146160,5,4
146350,6,2
162936,5,2
74711,2,2
90195,5,1
85104,1,1
73404,2,1
129510,2,2
101700,3,4
118476,3,2
132444,2,2
158242,5,1
145082,4,3
125477,2,1
164169,2,2
151415,3,4
145980,4,2
166793,3,2
247929,2,0
78345,5,2
106278,0,1
75624,1,2
64245,4,4
63924,2,2
121610,2,3
92220,3,5
108996,3,3
160380,2,2
149604,5,1
125870,1,1
137384,4,3
147568,2,2
139700,3,4
153680,3,2
58259,3,1
168483,1,2
78885,6,1
76056,2,1
64785,5,3
121970,3,2
101760,5,2
109428,4,2
84048,2,3
99190,5,3
86030,4,5
126207,2,4
105017,3,6
120395,3,4
170874,2,2
127650,2,1
134446,5,1
40545,0,0
114210,1,1
122226,4,3
104460,2,1
138240,2,2
122072,4,2
146720,3,1
154028,6,1
132891,2,1
140868,5,3
122166,3,1
161460,3,2
148104,4,4
163482,4,2
145899,2,2
169275,2,1
170521,5,1
158301,4,3
160440,2,2
155790,3,4
169770,3,2
90559,3,1
112086,1,0
98856,2,1
93285,5,3
87156,3,1
140970,3,2
115452,4,4
120760,5,2
132228,4,2
136336,3,1
121044,3,2
131782,5,3
115027,3,1
155619,3,2
140965,4,4
156343,4,2
108511,3,3
104604,3,2
155510,3,3
132900,4,5
135300,5,3
149676,4,3
34136,4,1
46462,4,2
43500,6,3
47328,4,1
107780,4,2
92400,5,2
179775,2,1
149061,2,2
139210,2,1
166040,2,2
162790,3,4
149872,4,2
176770,3,2
140070,3,1
119944,3,2
145210,6,1
132990,5,3
112740,3,1
144864,3,2
136320,4,4
128696,5,2
150300,4,2
49680,2,1
56052,2,2
69118,5,1
70280,0,0
55958,4,3
55451,2,1
106875,2,2
81389,3,4
88686,4,2
96767,3,2
84864,2,1
85254,2,2
102360,5,1
88260,4,3
83136,2,1
111432,3,4
117410,4,2
128208,3,2
141568,1,1
167175,2,1
139821,2,2
168701,5,1
156481,4,3
130810,2,1
159320,2,2
154390,3,4
143152,4,2
168370,3,2
141120,1,1
168015,2,1
140437,2,2
169429,5,1
43236,0,0
157209,4,3
159768,2,2
154950,3,4
143600,4,2
168930,3,2
114961,2,3
139321,5,2
40920,0,1
127101,4,4
108210,2,2
141240,2,3
131790,3,5
145770,3,3
242370,3,2
41360,3,2
49812,3,3
61838,6,2
60456,2,2
49731,3,2
102195,3,3
75669,4,5
84006,5,3
91047,4,3
100810,3,1
188028,3,3
97448,3,2
116430,6,1
113895,1,0
106092,2,1
94392,3,1
147000,3,2
122688,4,4
126790,5,2
139464,4,2
156075,3,2
131681,3,3
159081,6,2
42440,1,1
133160,2,2
123410,3,2
153400,3,3
146990,4,5
137232,5,3
160970,4,3
191043,3,3
95115,3,1
111405,6,1
102072,2,1
143650,3,2
118668,4,4
123440,5,2
164985,5,2
123606,0,1
144936,1,2
133236,2,2
179370,2,3
161532,3,5
159160,4,3
133725,2,1
115291,2,2
139711,5,1
40950,0,0
118260,1,1
127491,4,3
132090,3,4
146070,3,2
162972,0,1
11968,4,1
38040,7,1
43380,3,1
23940,6,3
59976,5,4
74530,6,2
76752,5,2
92336,2,1
154665,2,1
88044,2,2
106442,5,1
95502,1,1
93282,4,3
110715,3,4
112680,4,2
126093,3,2
155865,2,1
131527,2,2
158899,5,1
133020,1,1
146679,4,3
153288,2,2
146850,3,4
126132,2,3
150878,5,2
81960,0,1
130416,1,2
137718,4,4
145629,3,5
141246,4,3
161007,3,3
42602,3,2
52936,3,3
65070,6,2
103623,1,1
50970,5,4
53304,3,2
81600,4,5
92550,5,3
133584,2,1
118980,2,2
142534,5,1
80768,0,0
123860,1,1
129374,4,3
113135,2,1
139073,3,4
135882,4,2
154451,3,2
137775,2,1
118261,2,2
143221,5,1
131001,4,3
111210,2,1
134790,3,4
127472,4,2
148770,3,2
128325,3,2
111331,3,3
135031,6,2
114660,2,2
122811,5,4
104910,3,2
128490,4,5
122432,5,3
157050,2,2
68833,3,3
88215,6,3
83520,2,3
71820,3,3
128190,3,4
107980,5,4
116892,4,4
128848,2,1
138390,5,1
80176,0,0
120604,1,1
109879,2,1
133218,4,2
151195,3,2
87846,3,3
107276,6,2
38455,1,1
83560,3,2
121520,3,3
105352,5,3
137998,4,2
120804,3,3
81072,1,1
125532,2,2
131502,5,4
114807,3,2
155439,3,3
137250,5,3
156123,4,3
150915,2,1
154609,5,1
42096,0,0
129720,1,1
119970,2,1
150648,2,2
134480,4,2
157530,3,2
133740,4,2
155835,2,1
131505,2,2
158873,5,1
42424,0,0
133000,1,1
146653,4,3
123250,2,1
153272,2,2
146830,3,4
160810,3,2
-21307,5,3
86490,3,1
-34695,7,4
-15228,5,2
55650,5,3
13068,6,5
29844,6,3
109225,3,2
103883,3,3
123855,6,2
115380,1,1
109755,5,4
100332,3,2
128628,4,5
145404,4,3
109718,7,1
76080,2,0
96558,6,3
87351,4,1
132975,4,2
113289,5,4
114786,6,2
50252,2,3
58786,2,4
71820,5,3
104973,0,2
70404,1,3
57720,4,5
58704,2,3
117260,2,4
87000,3,6
97050,4,4
129675,3,1
112321,3,2
40680,1,0
123981,5,3
105810,3,1
129390,4,4
123152,5,2
156144,2,1
135900,2,2
83588,0,0
139370,1,1
166761,2,2
154583,3,4
148572,4,2
166755,2,1
139513,2,2
43152,0,0
156117,4,3
130530,2,1
159096,2,2
154110,3,4
142928,4,2
155331,3,4
127648,2,4
169085,0,4
75764,3,4
97209,2,0
66660,2,2
190320,2,2
149468,2,2
110705,4,2
140130,1,2
262170,0,0
168441,2,1
195800,1,2
204985,2,4
151644,3,2
125720,3,3
143478,1,2
96512,3,4
142264,3,1
157157,1,2
169272,2,2
117670,3,2
48594,4,4
188628,2,4
208776,2,3
17376,5,4
187150,2,1
196504,1,2
156244,1,3
226382,1,1
177462,2,4
201564,2,4
157322,2,4
174060,2,2
148414,2,2
223030,2,1
229635,1,1
151800,1,4
52980,4,2
99071,3,2
201936,0,1
168487,1,1
47232,2,2
154875,1,1
154323,2,1
149632,2,2
126633,2,3
151030,0,3
148841,2,3
133380,3,1
206976,1,3
185650,2,3
148533,2,1
209858,2,3
140701,2,2
214082,2,2
81024,3,4
251170,1,1
75732,3,2
231660,2,3
115934,3,3
171810,2,2
72990,5,2
197372,2,3
119457,3,2
64832,3,3
12733,3,2
163233,2,2
145928,2,1
137306,2,3
147368,3,1
125829,3,2
108559,1,2
124835,2,1
119462,1,2
30804,3,3
159960,2,0
73692,2,3
96538,2,5
136485,0,1
69240,6,2
82929,3,2
63440,3,4
14612,4,3
167424,1,1
143682,1,2
177112,2,1
104274,2,2
133944,1,3
99684,4,2
88632,3,2
132354,2,2
34032,4,2
85257,3,2
76920,3,2
141780,0,1
22457,3,3
147798,1,2
128445,2,2
138589,2,2
109884,3,2
125892,1,2
23628,3,3
71137,2,3
60858,4,3
169020,1,1
188661,2,2
137786,1,2
164864,2,4
189936,2,4
205284,2,2
134838,2,1
147830,2,2
185150,2,3
177892,2,2
102654,4,2
153538,2,2
267696,0,0
50760,4,4
137030,2,3
131145,2,3
110112,2,4
96468,4,2
109396,3,2
174944,2,2
85899,2,1
91320,2,2
45050,2,2
112912,2,3
98043,2,1
196696,1,2
104568,2,2
63818,2,2
95688,4,2
140767,2,2
168984,2,4
180340,1,2
152670,2,2
104964,4,2
147402,1,2
154605,2,2
101408,5,2
127160,2,2
182816,0,2
187460,2,3
150470,2,2
208730,1,1
121851,1,3
153468,2,5
96305,3,3
121068,2,2
129276,1,3
200480,1,1
66781,3,3
194016,2,3
115620,2,3
176752,2,4
116161,2,2
182304,2,4
147420,1,2
152484,2,2
49404,4,5
238160,0,1
-14331,4,5
41509,4,5
135499,2,3
211120,1,3
180334,2,1
151029,3,2
167216,1,3
150891,2,1
102858,3,2
172064,2,1
189959,2,3
182435,2,3
215330,2,2
136708,2,3
170753,2,3
111118,3,4
159800,1,2
192216,2,4
202812,1,1
207298,2,3
94908,3,3
145670,2,3
191424,2,3
95424,4,5
146760,1,3
98739,2,4
97258,3,4
140520,3,3
160336,2,4
107159,2,4
232505,2,3
63076,3,2
161850,2,1
226800,2,3
139152,2,2
237168,2,3
143052,2,2
184680,2,3
55380,3,2
66053,4,2
199960,1,1
-3484,5,4
187992,2,1
180948,1,2
122234,3,2
135010,3,2
137904,3,1
159858,2,2
134414,3,2
-5376,4,3
190134,1,1
97416,3,2
212211,1,2
84672,3,2
204292,1,2
180020,3,2
117708,4,2
121935,3,1
74041,4,4
145140,2,2
129778,1,2
158090,2,3
187132,2,2
110424,3,4
165472,3,1
19836,4,3
145035,2,1
32929,4,3
171144,3,3
131248,2,1
144144,4,1
104806,4,1
159830,2,2
134622,1,3
166960,0,3
50708,4,2
134862,1,2
182904,2,2
178776,2,1
179498,1,2
109080,3,2
136950,3,1
146965,2,1
111304,3,1
131677,2,2
155474,2,1
122474,2,2
147852,2,2
115766,2,2
130728,2,1
133237,1,2
128742,2,2
208809,2,0
121940,2,4
147706,2,4
171500,2,0
164444,3,0
130912,2,1
170848,2,0
94380,2,3
101211,2,2
102672,1,3
175788,2,1
