spare_cap_x_wl_cv,near_h_limit_share,wl_total_sq
9188.036619919765,0.75,487669.44439788896
2803.6529869099113,0.5714285714285714,1471166.8410863888
7247.9068042753715,0.7777777777777778,751833.5068866389
6486.334477259381,0.7,930421.006880139
4419.55268582497,0.7272727272727273,1212751.5625
4176.013111031919,0.6,1116544.4451488887
4200.005698482929,0.6,1026844.443768889
4591.526855187395,0.6363636363636364,1136000.693733889
6541.000684114098,0.7777777777777778,896966.840214639
8474.642368477078,0.625,570654.3403281388
7162.800548915503,0.75,497612.67365813884
3698.4425201174713,0.8,1119187.6743163888
3488.0396000136197,0.5714285714285714,1488400.0
6756.55684488733,0.45454545454545453,754002.777719889
5971.277531673974,0.8888888888888888,920000.6945083888
7842.102709473234,0.4444444444444444,642001.5625
4028.744167698264,0.6666666666666666,1216425.1743463888
3601.724493765528,0.8,1095511.1118088888
2259.810196733,0.7142857142857143,1774446.006056389
2340.200454591639,1.0,486506.25
6131.925314771777,1.0,618189.0625
6173.687214490839,0.375,418716.84023463895
8482.62143548451,0.4444444444444444,713321.006888139
5969.179499712764,0.6666666666666666,576334.0278283888
3258.0054665333573,0.6153846153846154,1610784.0286238887
12189.44469900984,0.75,106983.50692263889
0.0,1.0,16900.0
5272.6558660286355,0.6666666666666666,741034.027720389
5925.778687501677,0.4444444444444444,603858.506892639
3213.8831311909485,0.6666666666666666,1364029.3410563888
4119.429287716415,0.6153846153846154,1566669.4452788888
3788.6135871627002,0.8181818181818182,992514.0625
4853.714285074236,1.0,92011.11109088888
4389.687583867881,0.8888888888888888,746064.0625
3715.7340324723355,0.46153846153846156,1323458.5077113889
7752.239224939415,0.6,801025.0
5231.9593138617365,0.4444444444444444,568139.0625
6200.45963799829,0.36363636363636365,1011700.693773889
3195.142556600297,0.5833333333333334,1414117.3619038889
3240.277195406593,0.7272727272727273,1053189.0625
6973.951964137352,0.6666666666666666,796556.25
1885.8286804795355,0.9166666666666666,1596011.110268889
4771.9651693449,0.5454545454545454,868002.7778398888
4381.919844931393,0.5,1255333.5076913887
3736.790243431149,0.8181818181818182,1068639.0625
5390.802889587747,0.7272727272727273,1247875.172866389
6769.024287089427,0.6363636363636364,1056612.6742963889
1402.0569016893337,0.8461538461538461,1621377.776928889
6570.141429808682,0.8333333333333334,361000.69440438895
4733.4473114120965,0.5833333333333334,1275017.3618638888
6820.772621119806,0.625,580136.1111618888
8075.090135081232,0.5,733877.7778348888
9291.84888107102,0.625,581406.25
3944.8554465919206,0.8181818181818182,1054900.172926389
2135.618282212092,0.75,1334025.0
4187.180242927901,0.7,1001667.3604438889
4218.26779312573,0.6,980100.0
6498.679705139395,0.5454545454545454,973511.1111768888
4688.030139101756,0.5454545454545454,1109511.110408889
5595.049497694356,0.36363636363636365,836462.673550139
6666.997536910659,0.6666666666666666,743187.673553639
5922.074917046199,0.5454545454545454,1033611.1117888888
5242.4708231010045,0.5,1241367.3618538887
6319.773536771327,0.6,920000.6945083888
5098.77152313354,0.5833333333333334,1321541.839511389
448.0563538101504,0.6666666666666666,1899802.776858889
3556.071561701244,0.5,1649084.0286338888
2480.406769100731,0.8333333333333334,1354314.0625
7999.846271745645,0.6666666666666666,801771.0070041388
5982.931196874715,0.6,868002.7778398888
6418.454053437756,0.7777777777777778,668987.6736656388
1285.7759054250323,0.9230769230769231,1634136.110258889
-1460.610087040359,0.6842105263157895,2959833.5080913887
7135.4337821511535,0.6666666666666666,755450.6945023888
3045.326579254965,0.8,1132450.6951538888
7087.30446059934,0.6666666666666666,742469.4445018888
2808.186151335844,0.75,1249737.6743563889
3747.461518880944,0.7272727272727273,1080733.506251389
5350.961875855957,0.7,1003336.1117788889
4141.08890160094,0.6666666666666666,1193556.25
4999.717649966528,0.875,596112.673559639
3802.4898948128357,0.5714285714285714,1505733.506126389
2641.8263957846907,0.8333333333333334,1268439.0625
5164.530199528441,0.5384615384615384,1351406.25
2102.3155316127936,0.7692307692307693,1590751.5625
10851.802969942479,0.375,555646.0069941388
6336.594443469069,0.6363636363636364,920800.1735471389
3446.05206169679,0.9090909090909091,1079867.3618038888
4908.781409025991,0.8,854854.340216139
6614.917102136278,0.6666666666666666,730312.673554139
8389.895510139113,0.4444444444444444,766354.3403361388
6086.477705069093,0.7,989196.006878139
7779.778251167272,0.5555555555555556,650039.0625
2122.132171450828,1.0,634677.7778308889
0.0,1.0,11377.777784888887
4516.983222222423,0.8888888888888888,786916.840218639
2274.46035859033,0.6428571428571429,1691083.5078113887
3301.783210237808,0.9,987539.0625
2282.0341171726,0.9090909090909091,1301500.693683889
7584.531956904264,0.5,935250.173546639
6399.571179461607,0.5454545454545454,928011.111046889
3287.298122454239,0.75,1333062.672841389
3597.577560619189,0.8888888888888888,863350.6945063887
5407.1503533194045,0.6363636363636364,921600.0
3452.969512316966,0.5833333333333334,1312934.027013889
4646.253015683275,0.5833333333333334,1345600.0
3486.903249709769,0.5833333333333334,1260006.25
3421.6090744862267,0.5833333333333334,1243225.0
7666.390382903104,1.0,135976.5625
0.0,1.0,30044.444432888886
8326.263802129659,0.5555555555555556,739600.0
2547.075822372788,0.75,1273136.110358889
-21.69565007248782,0.6666666666666666,2005764.0625
6547.344682282545,0.42857142857142855,415487.67356813897
2598.9999660733915,0.6923076923076923,1435004.3410763887
8469.891228588705,0.6,233611.11107888888
6301.044676905972,0.5454545454545454,913617.361047389
0.0,1.0,9834.027778438889
4175.111809160803,0.6,965306.25
4604.310238999692,0.7272727272727273,1065196.006256389
4041.4026277718485,0.9,858711.1111728888
4525.643904417925,0.875,638667.3611643888
6927.884612981155,0.5454545454545454,985056.25
10984.720534758588,1.0,80987.67359213889
4922.480002066716,1.0,52517.36112638889
6108.55025547197,0.8571428571428571,412271.00690163893
4433.499386334488,1.0,123669.4444678889
5689.164550807154,0.875,573175.1735606389
4800.919671990258,0.5833333333333334,1292011.1118688888
2388.96293643589,1.0,444444.44448888884
12794.909993230982,0.6666666666666666,68906.25
2866.707492181573,0.5,1665175.1744713888
10834.683148168895,0.5,147584.0278033889
3682.9066513387056,0.5384615384615384,1406200.693653889
10975.736006669109,0.5,158006.25
4826.361416283908,0.7,966944.4443788889
5053.183931586459,0.8,791358.5068851389
3121.5263316867863,0.9090909090909091,1267500.693693889
6372.427464961598,0.6,934444.4445088888
4714.822667100174,0.75,642001.5625
5496.166302996442,0.6666666666666666,1193556.25
6689.56917172019,0.5,978450.6945103888
5995.156507415256,0.7,954691.840212639
3158.820290806403,0.9090909090909091,1284444.443688889
5200.890405501134,0.5,754726.5625
4617.293139073073,0.45454545454545453,712617.3611673889
4400.548744521109,0.7272727272727273,1279726.5625
6232.715758998716,0.6,980100.0
5078.138623630229,0.8,859483.506882639
4983.233632983363,0.7,827341.840217139
7250.975878798814,0.36363636363636365,999166.840211139
8472.559144414456,0.7142857142857143,323476.5625
3793.8444468426733,0.75,1479264.0625
8838.850968845689,0.5714285714285714,325850.69440638897
5817.219669905662,0.5,1016736.110438889
8487.639261269402,0.4,591617.3611623888
6542.920400891071,0.6666666666666666,723917.3610543889
3026.0907296707965,0.6153846153846154,1531406.25
6510.721429571817,0.8571428571428571,390104.34023613896
2059.531362797937,0.75,1263750.6951938889
1953.1438345057688,0.9166666666666666,1519056.25
2294.432533517579,0.6428571428571429,1956501.5625
3395.4766943348927,0.9,1075541.839586389
5084.150378206468,1.0,49136.11112588889
4108.855256081011,0.7272727272727273,1037851.5625
3671.8896024032915,0.9090909090909091,1100750.6951438887
3933.1486871791067,0.5833333333333334,1167300.174331389
4537.55749333531,0.7272727272727273,1049771.006261389
2345.094339268665,0.5,17556.25
4790.524755388277,0.45454545454545453,1036154.3409563889
4173.420695349809,0.5,1324417.3603438889
2283.3355704530986,0.7777777777777778,859483.506882639
3303.0549774033184,0.7,814506.25
3735.9924523138575,0.7777777777777778,847934.0277163889
5431.191071190766,0.46153846153846156,1233950.693703889
5601.280744621433,0.5833333333333334,1117425.172906389
3088.4756923833665,1.0,904876.5625
5120.490396072269,0.5833333333333334,1200850.693713889
-187.09462574471084,0.75,2329439.0625
8800.035684365379,0.4444444444444444,630039.0625
8507.540378407757,0.5,573806.25
-622.6617858452523,0.6470588235294118,2745925.172506389
5752.666233331909,0.875,584587.6735601389
3627.3802834417934,1.0,56011.11112688889
5584.442147337607,0.5555555555555556,780277.777718889
3770.7807546982044,0.7272727272727273,996669.444377889
12914.9938523277,0.6666666666666666,90000.0
3214.1399398646713,0.5,1646944.443588889
6620.79310182439,0.5454545454545454,1060900.0
4555.061958316469,0.8888888888888888,800279.340218139
16740.705880383448,0.5,28900.0
4602.603646484678,0.9,826584.0278383888
12467.189248496063,0.3333333333333333,64600.69446138889
3613.350281478465,0.9,1021784.0271038889
6136.305807991164,0.4,667625.173556639
5564.599130666167,0.3,611002.7778298889
3851.5134626358367,0.6666666666666666,1509826.5625
5531.919975959501,0.7,795812.673551639
7656.8030711571,0.6666666666666666,53669.444459888895
4870.264775786186,0.75,675136.1111658888
1902.9184022358036,0.6666666666666666,2028250.6953938887
2077.6511012058986,0.7142857142857143,1685669.443578889
8824.131731705991,0.5555555555555556,649367.361057389
5020.804626423053,0.6,945756.25
1327.203380836777,1.0,136284.02780238888
2374.6034954922065,0.6153846153846154,1575025.0
9029.069712838706,1.0,171879.3402501389
3553.924515619673,1.0,705600.0
6469.596015072545,0.875,636671.0069976388
4367.418188627815,0.7272727272727273,1094639.0625
4465.748599989638,0.46153846153846156,1247875.172866389
4299.635977449722,0.9,986711.111044889
5016.676873601258,0.4444444444444444,556889.0625
4499.337039009175,0.6153846153846154,1501646.0077613888
4392.137465710884,0.875,700011.1111668888
5147.127835250138,0.8,873446.006882139
6697.622168916493,0.6666666666666666,351056.25
5515.984248830503,0.42857142857142855,376689.0625
162.3901404638308,0.6470588235294118,2246251.5625
4840.886107286627,0.5454545454545454,1034458.5062663889
10782.789598479761,0.8333333333333334,350562.67357163894
2293.7709976886795,0.6428571428571429,1694336.1119788887
9297.458405052013,0.375,450576.5625
4854.09112820009,0.5,1136889.0625
8874.242812167608,0.7142857142857143,507062.67356363893
3291.8264551897937,0.75,1279726.5625
1563.7867780796219,1.0,1358196.0077213887
2946.273842141336,0.9090909090909091,1261877.777028889
6631.5905349304385,0.5,969404.340212139
3889.1202477955476,0.7272727272727273,1059184.028463889
5138.961120009809,0.6363636363636364,919201.5625
6050.134225534602,0.5,803264.0625
1843.9695171108044,0.9166666666666666,1577117.360273889
4800.360546245376,0.5,785439.0625
3877.5810894812744,0.8181818181818182,1039550.172931389
4536.448218687346,0.7272727272727273,1287279.339521389
3673.157852212533,0.75,1598117.3619538888
6486.3100646668,0.5454545454545454,1046358.5076263888
2829.795205677074,0.9090909090909091,1116544.4451488887
5558.942705030121,0.5384615384615384,1110389.0625
-2131.118191621294,0.7058823529411765,2740404.3413813887
5148.857311090248,0.8,804758.506884639
1014.8106992077995,0.8571428571428571,1948350.693513889
3163.673394154183,0.6666666666666666,1159211.1118288888
4933.084517950962,0.6666666666666666,773666.840219139
10515.45725062164,0.5,132314.0625
10398.392573519932,0.3333333333333333,54639.0625
11298.05900452829,0.4,163014.0625
1419.112711923869,0.6923076923076923,1798951.5625
5585.30651524081,0.875,569396.006894139
1613.334944059637,0.7692307692307693,1557296.007776389
765.6115572444857,0.9230769230769231,1856406.25
1939.8172946843238,0.9090909090909091,1362083.506166389
3748.2925400934405,0.6363636363636364,1221025.0
3822.9392738772967,0.7272727272727273,1043802.7784588888
5397.342529453394,0.6666666666666666,795069.4445038888
5374.021450334969,0.5454545454545454,1059184.028463889
2420.002337820358,0.7272727272727273,1066056.25
5239.809542674165,0.7,989196.006878139
4262.0163719007005,0.5833333333333334,1335950.693673889
7190.965555017537,0.4444444444444444,673083.5069991389
3665.0290483290664,0.7777777777777778,867226.5625
5356.125821692068,0.7272727272727273,1081600.0
5661.957185043881,0.6666666666666666,874225.0
3012.7614319900817,0.6,920800.1735471389
1958.500385337075,0.6666666666666666,1492469.4452588889
7167.235230027991,0.75,731737.6736681388
5884.09182128928,1.0,655425.173557139
2946.7560961179042,0.7692307692307693,1623500.6952938887
4918.399265738935,0.9,1013377.7784488888
6337.490909812175,0.5,828858.5070051388
13204.570654647527,0.5,182756.25
1681.937659202879,0.5333333333333333,1988100.0
-1881.1588213295206,0.6111111111111112,3163951.5625
3566.8350967572815,0.7272727272727273,1239511.110368889
8006.302134958232,0.75,464101.5625
936.5653518170559,0.6923076923076923,1764469.443558889
8324.91776556798,1.0,345646.00698363886
2822.976511180896,0.5714285714285714,1474200.6952538888
713.49553981462,0.9230769230769231,1829256.25
-1004.4983432168397,0.8125,2624400.0
3842.8650300384484,0.75,1497564.0625
5786.977129198766,0.6666666666666666,640000.0
3284.6349915648775,0.9,1140446.007656389
6272.659884452206,0.7,968584.0278433888
7261.398469377817,0.6666666666666666,330625.0
8413.117786037667,0.6666666666666666,736021.0070016388
3341.9929161572472,0.75,1350437.672836389
8039.694823178209,0.625,452816.8403226388
767.4337780566453,0.7692307692307693,1786677.7786688888
4250.326978630318,0.8,887521.006881639
4684.539828587624,0.75,1211834.027043889
4309.115187231454,0.7,822044.4445048888
-483.86032427210625,0.7333333333333333,2038946.0078963889
7194.17646388514,0.375,468654.34023213893
3804.857048870919,0.5833333333333334,1446006.25
4750.508914550607,0.8888888888888888,906462.6735476389
4119.216041528739,0.8888888888888888,895389.0625
4848.170373774736,0.5555555555555556,750389.0625
2615.2757094056424,0.6428571428571429,1853001.5625
3554.4511684725794,0.46153846153846156,1411146.0077363888
1521.2044824514935,0.6428571428571429,1636267.3619638889
7244.911050689523,0.7142857142857143,628056.25
2393.003589400943,0.6923076923076923,1738002.776898889
9800.217387292956,0.75,138136.1111358889
12200.39015546999,0.4,179917.3611393889
4037.7451252918604,0.7272727272727273,1022626.5625
11989.117646702494,0.0,18112.673602138886
1949.984488424564,0.6,1841675.172706389
9130.90388807511,0.6,226417.36107938888
148.4306731521688,0.7333333333333333,1970514.0625
-642.4442471443778,0.8,2242506.25
2397.8803239634185,0.6428571428571429,1909002.7786988888
5511.312644547839,0.6666666666666666,603211.1111628888
3684.3577483528807,0.75,1555216.8394463889
5596.219923623709,0.5454545454545454,1203591.839546389
6248.527102492796,0.6363636363636364,907256.25
5587.1314042490485,0.5,1150256.25
3116.833388379604,0.6363636363636364,1260006.25
5004.543621699625,0.7,772201.5625
4264.402990087827,0.7272727272727273,1264687.672861389
3160.728640359096,0.5,1555216.8394463889
6660.313541032356,0.6666666666666666,783962.6736701388
5326.142003923327,0.6666666666666666,754002.777719889
3404.42689406806,0.5384615384615384,1547950.6952738888
5204.496877984549,0.4166666666666667,1275958.506191389
4309.684287679356,0.7272727272727273,1281612.672856389
3287.6766659306218,0.6153846153846154,1637333.5060913889
5107.728886331179,0.7,998334.0278443887
4291.931544469642,0.6666666666666666,1187191.839551389
3989.614943764269,0.7777777777777778,872667.3611733888
3523.024169286211,0.7272727272727273,1280669.445198889
3217.304912087511,0.5833333333333334,1329216.8410463887
5586.352954015476,0.875,664904.3403321388
6338.541018197655,0.5,949812.673546139
4363.560926701462,0.4166666666666667,1290117.360353889
5393.647022695354,0.7777777777777778,599979.340226139
1294.4864587576315,0.7142857142857143,1682425.172746389
2944.941072190306,0.7272727272727273,1210000.0
3854.4974791002965,0.6666666666666666,1468136.1119188888
4821.108770532604,0.8,1160108.506226389
4844.503806543448,0.5454545454545454,1031917.360433889
3435.333464027675,0.8181818181818182,1401264.0625
-866.0032239543165,0.6470588235294118,2450529.3413213887
1680.343709619203,0.6428571428571429,1872336.110198889
8552.439415557517,0.8571428571428571,519000.1736591388
6293.264739262217,0.3,671034.0278323888
5946.184878861615,0.8888888888888888,838750.694383389
10719.301804493965,0.2857142857142857,312201.5625
1572.3168476333517,0.6428571428571429,1957667.3620438888
3283.983988864311,0.5714285714285714,1670556.25
605.0622282170792,0.6666666666666666,2337076.5625
1220.463584747289,0.5333333333333333,2017583.5078913888
5961.646238571169,0.7,1051479.3409613888
2333.202838678328,1.0,1072087.674301389
3590.924016153899,0.6923076923076923,1494506.25
4094.087962303582,0.5714285714285714,1401264.0625
3031.490848506196,0.6666666666666666,1510850.6952638887
5185.83918324729,0.7,808500.6945043888
4827.633090376496,0.6666666666666666,1340771.007716389
4973.005528218583,0.5833333333333334,1260006.25
2590.388331567602,0.75,1590751.5625
6734.661001741422,0.6666666666666666,862576.5625
4465.873643548801,0.7,803264.0625
3910.3160971458,0.5,1539667.3602838889
2881.691161352619,0.75,1599171.006101389
2624.990059228885,0.6153846153846154,1653367.3602538889
3690.0769771658724,0.6153846153846154,1409166.839486389
4389.329794762438,0.7272727272727273,1241367.3618538887
3959.7076843791724,0.5833333333333334,1314844.4452088887
2875.4718716469015,0.6428571428571429,1837154.3411813888
6387.495007568673,0.5,964487.673545639
4527.562981549591,0.5555555555555556,710508.5070006388
4176.966219603588,0.8181818181818182,1074677.7784688887
7316.748431172481,0.6666666666666666,339306.25
7660.6267930591675,0.8,221684.0277463889
-1218.5403152648412,0.7058823529411765,2715629.341376389
8657.881448173219,0.8333333333333334,360500.17365113884
-2232.0747889750537,0.6666666666666666,2795862.672496389
2278.6285052952117,0.7692307692307693,1832639.0625
6987.709920247437,0.625,448900.0
6029.527441416366,0.6,705600.0
-3475.3694562802975,0.55,3660844.4431688893
6651.859355648833,0.25,421417.3611543888
2339.6318524054386,0.7692307692307693,1840544.4453488889
8616.629431665217,0.8333333333333334,398476.5625
-2119.864414157253,0.6666666666666666,3193666.839086389
1186.523300420311,0.7692307692307693,1821375.172711389
2995.4393510191867,0.6153846153846154,1604444.4452888889
2928.023227889771,0.6153846153846154,1585500.6952838888
1767.5296185425718,0.5333333333333333,1999867.3620538888
4348.579465980619,0.6153846153846154,1460069.443638889
6155.736345125879,0.7777777777777778,631362.673558139
3122.760276280031,0.7272727272727273,1050625.0
4890.6478499851655,0.8888888888888888,879687.6736736388
5238.431866906153,0.5384615384615384,1252534.028523889
2020.7990597747778,0.7692307692307693,1943700.6953738888
2137.3157633384235,0.6923076923076923,1846201.5625
3052.97941263157,0.7272727272727273,1035306.25
7319.187127912002,0.5,792100.0
5095.499226004038,0.7,795069.4445038888
4452.637337529306,0.6363636363636364,1186284.0285038888
4864.695109800752,0.8888888888888888,865675.1736731388
3616.4510902426405,0.6153846153846154,1502667.360293889
4695.301780832547,0.5454545454545454,1242296.006201389
2786.8779012047744,0.8333333333333334,1307211.110348889
6096.29019792662,0.8333333333333334,333506.25
6501.798662218212,0.6666666666666666,607750.173559139
6506.146719442783,0.6666666666666666,335916.8402391389
-2.4928161446109187,0.75,2405084.026743889
8238.022952310977,0.6,223650.1736426389
3347.3940169735924,0.9090909090909091,1239511.110368889
4816.683578822694,0.9,883600.0
2450.1495244345047,0.9166666666666666,1390434.0285638887
8534.108781968884,0.3,682689.0625
2439.401467400441,0.9166666666666666,1318669.443678889
3612.726556613593,0.9090909090909091,1085069.445138889
3664.348517108774,0.7,783225.0
4833.634002213489,0.5833333333333334,1179034.027053889
5770.285823632153,0.7777777777777778,573175.1735606389
3745.0527144153293,0.5833333333333334,1547950.6952738888
2723.691507098061,0.5384615384615384,1563541.8411113888
5583.070884417771,0.7777777777777778,659479.3402236389
5671.3428114237995,0.5,542064.0625
1859.4053449488965,0.75,1456044.4452488888
3457.206818220968,0.5833333333333334,1081600.0
6322.681241537397,0.625,561875.1735611389
1499.8437061142934,0.7857142857142857,1906700.693523889
8026.675529371003,0.5714285714285714,413341.84032063885
3610.1410498953364,0.6153846153846154,1428025.0
6364.069742068351,0.7,975979.3403436388
1740.480453648933,0.4375,2118237.674581389
4140.120127067742,0.9,1186284.0285038888
6915.809541106563,0.8571428571428571,647354.3402241389
2244.6183619250037,0.4375,1880326.5625
3922.6066404455773,0.7,1134225.0
1791.887473855805,0.3333333333333333,67816.8402951389
4505.699430059037,0.6363636363636364,1202677.7785088888
4908.968416167418,0.5833333333333334,1195377.777048889
7201.819033415316,0.6,856396.0070061388
5058.12585814506,0.7,983402.7778438888
5637.394107591411,0.6363636363636364,1050625.0
5431.005562309175,0.875,704900.173555139
2859.282036177194,0.6666666666666666,1254400.0
7884.86752565404,0.6666666666666666,383367.36115238885
7396.956957470398,0.6666666666666666,666264.0625
2145.5741111014586,0.75,1458056.25
5832.770450144395,0.7,851775.1736726388
3641.149242795525,0.7272727272727273,1211834.027043889
1017.2314379200097,0.8,2092844.4454088889
11507.82503775789,0.5,333025.17357263895
1466.590704089046,0.5,1853001.5625
10680.086157781127,0.5,280900.0
-1553.7050328855491,0.5882352941176471,2708767.360013889
2191.934376013437,0.5,1630941.839426389
-597.1212206301584,0.6875,2614958.505866389
1476.6264848100127,0.6666666666666666,2084414.0625
10172.765015308201,0.375,535946.006895639
3977.6438189299265,0.5833333333333334,1343667.3618838887
130.829268422874,1.0,57200.69446038889
4332.439964750091,0.75,1400277.776988889
-697.8113584556312,0.75,2331983.505926389
4067.4537656750103,0.8,1056612.6742963889
5473.1820370995865,0.6363636363636364,991684.027711389
-899.200493980432,0.6875,2326896.0079613887
4663.122247301128,0.6666666666666666,1128021.006236389
6138.195081451267,0.6666666666666666,748225.0
5773.27079851635,1.0,248751.5625
2841.3210368758787,0.6428571428571429,1511875.172791389
8273.30843837965,0.8333333333333334,441117.3611553888
4742.919184477224,0.6363636363636364,1208167.3618438889
4891.9291206663775,0.8571428571428571,555025.0
6546.7455325811125,0.8571428571428571,452816.8403226388
8168.124383604138,0.8571428571428571,528650.1735626389
4310.2670478675,0.46153846153846156,1354314.0625
7401.848107429943,0.6666666666666666,778071.0068856389
8235.412792359086,0.6,221291.8403091389
1609.073083403852,0.5625,2097669.443478889
11672.443385720171,0.5,357006.25
6271.702047435065,0.8571428571428571,630700.6944973888
7042.379625654703,0.8333333333333334,385434.02773638896
-142.24673878991226,0.7647058823529411,2514867.360053889
2280.5408228783826,0.7142857142857143,1693251.5625
8495.343789260623,0.7142857142857143,522006.25
386.75493019120427,0.5882352941176471,2577362.674681389
-365.47909203190267,0.625,2588076.5625
11206.465906765847,0.3333333333333333,191041.84024863888
7385.615396142404,0.5555555555555556,792841.8403371389
3644.1304248753872,0.5384615384615384,1334987.6743813888
4326.723470880168,0.8,818271.006884139
10626.451194382667,0.5,215837.6735801389
-1057.9107678270661,0.7647058823529411,2755600.0
13902.629507671898,0.3333333333333333,70004.34026013888
214.39287914831948,0.7857142857142857,2131600.0
1352.3319832362652,1.0,42367.361097388886
1447.7205676904803,0.6923076923076923,1800069.4453388888
7181.445218200029,0.8571428571428571,429571.00698813883
4142.467094899664,0.7272727272727273,1085937.672916389
-767.1591958145623,0.6875,2349833.507966389
10732.558318612893,0.75,153402.7778038889
5121.211760182661,0.6363636363636364,1042100.693763889
3469.3399802875583,0.8888888888888888,1083334.0270838889
-1875.7567518438984,0.5555555555555556,3039211.109948889
13043.190843689363,0.5,91506.25
2822.9513512880344,0.6666666666666666,1136000.693733889
6359.492783813608,0.75,713321.006888139
4838.581014379123,0.6,687517.3611663888
7210.199069147353,0.875,721791.840221139
9762.347181438849,0.4444444444444444,596756.25
1738.6138702642,0.4666666666666667,1889479.339361389
1357.383045141798,0.7142857142857143,1701937.672741389
5045.9640845598215,0.5384615384615384,1256267.360363889
10717.609012217157,0.42857142857142855,321583.50690663897
3338.144687838153,0.5384615384615384,1431014.0625
4208.386223213412,0.9,1001667.3604438889
7233.689436190129,0.5,853314.0625
179.4512673020678,0.47058823529411764,2385737.672581389
4594.9632793621495,0.5454545454545454,1053189.0625
3803.6854285030763,0.6,951437.6736761387
5592.776314748189,0.5555555555555556,638667.3611643888
2478.3536232412644,0.5714285714285714,1895211.112028889
6964.364779186866,0.45454545454545453,1015896.0076163888
7821.675058812497,0.8333333333333334,294758.50698063883
2985.884539737694,0.7272727272727273,1226556.25
9098.799345438165,0.6666666666666666,57200.69446038889
-143.75271539763153,0.6875,2375451.5625
-791.5609023621469,0.75,2459669.443398889
8695.525747510594,0.6,207404.3403081389
9198.985113182285,0.42857142857142855,424669.44448788883
125.08675334305593,0.5625,2371600.0
10316.195309770848,0.5714285714285714,404284.02773538895
-1784.1112213054287,0.6470588235294118,3023251.5625
1528.893556329992,0.7692307692307693,1880326.5625
7345.431434947136,0.625,425756.25
1065.065878692341,0.6666666666666666,2124306.25
4167.43091445844,0.9,916806.25
5692.159393569611,0.5454545454545454,1136889.0625
4238.954306530672,0.8181818181818182,1090284.0284738888
4437.76163617446,0.5555555555555556,697921.0070001388
4596.819180804367,0.6,863350.6945063887
5423.646102509919,0.875,717550.173554639
3357.8766394226245,0.5833333333333334,1066056.25
7747.679474354191,0.8,228802.7777458889
856.0505667480749,0.6666666666666666,1963501.5625
2361.1430209497235,0.8461538461538461,1602334.026933889
5485.678686543899,0.7777777777777778,925604.340213639
4059.425870104427,0.6666666666666666,1127136.111818889
2356.010371964852,0.6,1766684.0286638888
6090.80552698994,1.0,168100.0
4014.2525490678245,1.0,421417.3611543888
2150.761560627467,0.625,1889479.339361389
2041.8087770535526,1.0,226417.36107938888
723.6867561917328,0.7857142857142857,1955336.110178889
2497.247908609534,0.6428571428571429,1824750.693543889
-2498.7254849119927,0.7777777777777778,3204100.0
4766.262717141845,0.6363636363636364,1231175.172871389
219.27470033147134,0.5555555555555556,2619002.776698889
-2195.594343770147,0.5789473684210527,3210069.445638889
1586.4875911502281,0.5714285714285714,1876900.0
3376.7574517198495,0.6363636363636364,1215506.25
6488.150238331544,0.5,1152044.4437288889
-3319.0953289738945,0.631578947368421,3643326.5625
7939.458796345914,0.25,71333.50692663889
-24.292533166557384,0.7142857142857143,2164576.5625
2592.0177315618484,0.6363636363636364,1408177.7785688888
6747.179920033559,0.6666666666666666,38841.840264638886
13027.740288592338,0.3333333333333333,71556.25
7765.908687507465,0.8571428571428571,522608.5069926388
1799.7641243877385,0.6153846153846154,1337877.7785488889
10052.12842706001,0.75,125434.02780138889
6556.749875073723,0.8,846400.0
932.9598266469083,0.7333333333333333,2015216.839331389
7646.352694937679,0.6,211600.0
3685.812534216389,0.8333333333333334,1343667.3618838887
6566.73057263344,0.7777777777777778,624758.5069971388
2959.385344739067,0.6363636363636364,1186284.0285038888
4537.6657558094985,0.6363636363636364,896177.7778408888
1415.4966048322624,0.7333333333333333,2085617.3620738888
9005.778248497001,0.8333333333333334,301126.5625
-1251.1127463012874,0.7647058823529411,2833611.109988889
8810.785130932678,0.5,115883.50696713889
242.10091808810668,0.8,2290177.776768889
2004.2289230045014,0.9166666666666666,1552100.693613889
7545.910943736371,0.4444444444444444,605154.3403296388
4730.322822674373,0.8888888888888888,924001.5625
4799.203766431292,0.5833333333333334,1128906.25
5940.292732771754,0.875,620812.6736636388
6696.432989972533,0.75,709104.340221639
9980.088646982415,0.6,310806.25
6283.948096195933,0.5,668987.6736656388
3277.5582172560034,0.6,1843937.6745163887
952.7722842900092,0.625,2344726.5625
9656.354057682147,0.3333333333333333,496437.67356413894
6593.616271413308,0.625,431758.506900639
4868.635337611743,0.8888888888888888,925604.340213639
3536.6696353064626,0.5454545454545454,841806.25
1277.473550960275,0.6428571428571429,1654439.0625
1536.804298237897,0.7692307692307693,1766684.0286638888
7910.6063482438,0.5714285714285714,302958.50698113884
3665.683068203071,0.9,1142226.5625
4504.693089382554,0.5,657450.694390389
5769.673196938633,0.8571428571428571,490000.0
2513.625815654211,0.6153846153846154,1391416.839491389
9548.891890967216,0.5,124844.44442088889
6006.916539406101,1.0,275625.0
1052.3244124730495,0.7857142857142857,2208939.0625
7136.554922467915,0.5714285714285714,288906.25
2218.8061014615337,0.8333333333333334,1732514.0625
6893.337121483623,0.5555555555555556,500556.25
3286.9204119303204,1.0,1099876.5625
5302.976123183142,0.5,950625.0
3855.9042047996154,1.0,583950.6944953888
2609.2633950802137,0.6,1586550.172771389
2704.347229583286,1.0,349084.0277383889
499.1000075017007,0.625,2053250.1745663888
-144.84397136722117,0.8,2537383.508006389
7734.029472172359,0.5,185617.36108238887
1071.985474327279,0.8461538461538461,2024691.8412263887
8285.036029412477,0.5,361000.69440438895
2234.6696383385593,1.0,1334987.6743813888
3163.534164228521,1.0,758350.694386389
3982.605288472011,0.5714285714285714,1329216.8410463887
2044.8624375609634,0.6,1758939.0625
3000.8850112817795,0.4666666666666667,1778889.0625
6737.715463230578,0.8,908050.1736746388
7730.764086310201,0.3,683377.7778328888
5353.032261157686,0.35714285714285715,1068639.0625
6391.505244072358,0.9090909090909091,870333.5070066388
4147.432789646539,0.5333333333333333,1278784.027023889
6970.473434550146,0.75,892237.6735481389
6767.4555684995385,0.45454545454545453,1146684.027063889
8475.46621443729,0.375,714729.3403341388
3554.6837495561867,0.2857142857142857,1445004.3394763889
5408.744670464168,0.6428571428571429,1102500.0
5747.705351427233,0.5833333333333334,900917.3611743888
8702.948244097426,0.75,456187.6736561388
6006.025257265688,0.6666666666666666,1053189.0625
9239.702871770487,0.625,411201.5625
7676.493598126986,0.8181818181818182,974333.506878639
5691.485414205732,0.5454545454545454,1123600.0
10553.173578108457,0.875,560626.5625
3886.922053674365,0.5,1764469.443558889
7881.525888032254,0.625,827341.840217139
7163.5177907385305,0.5454545454545454,700011.1111668888
6292.690727918443,0.6666666666666666,1154729.339561389
6631.541500498608,0.45454545454545453,1030225.0
7290.333080795667,0.8,909639.0625
8513.505021245419,0.6363636363636364,966125.1736766387
4378.367690586487,0.9230769230769231,1475212.672801389
5272.357620245244,0.5384615384615384,1018417.3617838888
10667.765143205435,0.5,414414.0625
6218.771797901042,0.5454545454545454,855625.0
5545.555565560082,0.46153846153846156,1377689.0625
7826.333849185683,0.9,867226.5625
10101.73094521457,0.375,301584.02781438886
9587.624507844645,0.6666666666666666,643337.673557639
6200.214233906839,0.7272727272727273,827341.840217139
5155.805765575388,0.6923076923076923,1404225.0
8929.650792286586,0.6363636363636364,835700.6945053888
5067.550097307511,0.5,1035306.25
-1801.3283917307149,0.4444444444444444,2450529.3413213887
12925.453550768989,0.42857142857142855,350069.44448388886
4555.027437674935,0.42857142857142855,1179939.0625
8605.15739441199,0.4444444444444444,918402.777713889
4921.903232973332,0.5714285714285714,1323458.5077113889
5605.8359301282135,0.5833333333333334,842571.0070056388
7386.171847820356,0.6363636363636364,1013377.7784488888
7136.619706291451,0.8,917604.3403416388
4553.317954086137,0.5454545454545454,1274076.5625
8592.457981414465,0.75,605154.3403296388
7552.489950673466,0.8,682689.0625
4541.318890564809,0.5384615384615384,1076406.25
8756.824896748596,0.75,450576.5625
16547.69017400341,0.3333333333333333,38187.67362413889
8567.988585083323,0.5,566256.25
4287.696521138292,0.5,1545877.776948889
6016.047126412213,0.8888888888888888,828858.5070051388
9426.888106271326,0.3333333333333333,376177.77773688897
6490.827115196847,0.3076923076923077,909639.0625
6473.993441536957,0.9,772201.5625
9335.894237564587,0.4,490000.0
3037.2063202537206,0.9285714285714286,1761150.172726389
1701.6738001169583,0.5714285714285714,2092844.4454088889
8069.70649097487,0.6,772934.0278363888
5972.448865681079,0.5,1432011.111908889
8116.407892869588,0.6666666666666666,952250.6943793889
8380.94063747296,0.6363636363636364,974333.506878639
5451.115482097599,0.8333333333333334,1443001.5625
4603.025603637711,0.5714285714285714,1146684.027063889
8308.380849436493,0.3333333333333333,819779.3403381387
-872.3946828553198,0.7647058823529411,2972750.695593889
11480.588937820205,0.875,537777.7777288889
4995.296924921521,0.6,1222867.3603738889
6415.750739718625,0.5384615384615384,1118306.25
8390.989221303264,0.6666666666666666,534726.5625
8779.220526898416,0.5555555555555556,485925.17356463894
12037.222836575665,0.8333333333333334,222076.5625
9200.476023833387,0.5,395326.5625
229.08065942859614,0.5,2143784.028753889
5570.771725012295,0.5,1277841.8410313888
4650.475467848445,0.7,1226556.25
7988.506941448998,0.7777777777777778,844867.3611723888
4778.233437690489,0.7857142857142857,1503689.0625
4059.0520965110654,0.5,1204506.25
8332.359630910867,0.7,803264.0625
14899.89166042076,0.5,284000.1736466388
8114.3359314837135,0.6666666666666666,542677.7778268888
6253.93183816278,0.5,806254.3403376387
6277.317772272261,0.5714285714285714,986711.111044889
9468.553101600719,0.8888888888888888,715434.027721389
6592.656207498264,0.6153846153846154,940900.0
7252.6496383601125,0.4444444444444444,790617.3611703888
5022.47487258505,0.7692307692307693,1590751.5625
5772.914672698248,0.45454545454545453,1174514.0625
8770.40786305452,0.5555555555555556,491751.5625
7733.628539378671,0.6666666666666666,568139.0625
8542.828182408657,0.7777777777777778,738167.3611683889
4191.750682286161,0.6,1260941.8410263888
4340.25345438525,0.7272727272727273,1423050.1744063888
681.3956240387973,0.6666666666666666,2156002.776798889
11317.71348886984,0.7777777777777778,622784.0278303889
7962.367966015255,0.9,859483.506882639
4930.7363576503485,0.6428571428571429,1539667.3602838889
4442.283602484336,0.42857142857142855,1189008.5076713888
4778.836115079818,0.5714285714285714,1333062.672841389
8500.123184044032,0.5,572544.4444948888
8190.016334420248,0.8,880469.444381889
5132.53949342249,0.8,1220104.339541389
6882.213911710731,0.5454545454545454,1120951.5625
7501.248462661164,0.875,636671.0069976388
6954.89252557439,0.6666666666666666,979275.173545139
5142.183841801494,0.35714285714285715,1136889.0625
5569.767847269125,0.8181818181818182,943326.5625
8202.880218036373,0.4166666666666667,859483.506882639
3996.7327865895645,0.5,1438000.6952438888
3316.2001861680233,0.5714285714285714,1486367.3619238888
9888.157895336379,1.0,39171.00695763889
8379.802726474847,0.8571428571428571,515404.3403256388
9785.101431737306,0.8888888888888888,663546.006890139
4985.052969245959,0.4166666666666667,1496544.443628889
7951.7786638486505,0.45454545454545453,608400.0
6224.039808425308,0.9090909090909091,1089414.0625
8389.600363790623,0.4,526834.0277293889
7659.811558974815,0.7,896177.7778408888
5119.975785069122,0.5454545454545454,1336914.0625
6230.163302449005,0.9,1165500.1728913889
7987.692521482761,0.5,676506.25
6416.876948692673,0.5,863350.6945063887
6954.016228473693,0.5833333333333334,1030225.0
10402.607428730078,0.875,566883.5069946388
6617.978056602559,0.5,804011.1111708888
2287.815294297876,0.8,2307867.362123889
1612.3413597312458,0.5625,2029437.672661389
7831.504067745945,0.8888888888888888,587139.0625
8928.685574457635,0.375,603211.1111628888
4435.727352167674,0.5333333333333333,1465108.5077513887
9306.185310393745,0.3333333333333333,371084.02781838883
7951.33065864572,0.45454545454545453,660156.25
5563.1020923161,0.7692307692307693,1269377.7785288887
4178.04110368656,0.0,26001.5625
4588.506773718111,0.7692307692307693,1431014.0625
8700.818116514152,0.5,957136.111045889
10048.329010922971,0.25,347117.36115038884
11189.630319744429,0.7777777777777778,629377.777724889
9396.582026822445,0.5833333333333334,911229.340214139
5206.917067035972,0.5454545454545454,1190826.5625
4852.750553561433,0.75,1053189.0625
3099.8555513954934,0.7692307692307693,1744600.693563889
2624.6184243464663,0.42857142857142855,1846201.5625
0.0,1.0,12656.25
4113.96784665174,0.6153846153846154,1610784.0286238887
6394.971943165708,0.7142857142857143,1302451.5625
8142.352894292766,0.6,778806.25
6478.641699907601,0.8333333333333334,1314844.4452088887
5.552890619983262,0.8125,2586736.110038889
357.16603715602577,0.6111111111111112,2231289.0625
4898.409003263306,0.6153846153846154,1524196.0061213889
6521.2419049536675,0.6923076923076923,953064.0625
5507.701708808501,0.6153846153846154,1187191.839551389
8457.87208176012,0.46153846153846156,1064336.1117988888
6293.798620212063,0.6666666666666666,1100750.6951438887
5878.48733026515,0.5454545454545454,1044654.339596389
6281.062059521345,0.5833333333333334,1108633.5076463888
5159.57086250741,0.6428571428571429,1212751.5625
6351.862414029094,0.7777777777777778,783225.0
8739.343773785906,0.6666666666666666,657450.694390389
5488.40857057849,0.7272727272727273,863350.6945063887
7202.749435525336,0.8181818181818182,963669.4445098888
4964.226571357312,0.7272727272727273,1334025.0
8331.822053752283,0.6666666666666666,958767.3611763888
5396.398723242777,0.46153846153846156,1221025.0
6611.463207876725,0.4444444444444444,917604.3403416388
7332.122519256802,0.5833333333333334,1001667.3604438889
12337.529325893802,0.3333333333333333,455062.67356613895
6075.637554345874,0.45454545454545453,809250.173551139
7681.18849344252,0.6666666666666666,803264.0625
5789.42372180163,0.6666666666666666,1274076.5625
11174.41090236344,0.7,677191.8403326388
2881.41259236724,0.5833333333333334,1551062.6744413888
12157.798849782917,0.6,605154.3403296388
9409.220088561753,0.9,810000.0
9742.490394823892,0.42857142857142855,573175.1735606389
13918.310803852304,0.6666666666666666,101071.0069656389
4636.358952780319,0.6875,1902100.6953638887
8520.46496794088,0.625,417100.69440138893
4665.378823059628,0.625,1579211.1119488887
7933.8761622269685,0.75,590336.111059889
5438.928030555218,0.5,1085937.672916389
7785.343386647995,0.6,781014.0625
6936.660875651712,0.7,816764.0625
8255.18645041807,0.6,724626.5625
4783.18236350717,0.8333333333333334,1446006.25
6420.674359504171,0.42857142857142855,1178129.3410013888
7114.2497805105095,0.5833333333333334,1008350.6951138888
9442.515011225116,0.8,764896.0068861389
5942.4443784171945,0.5,1205421.0076763888
6449.5254643946455,0.6923076923076923,1331139.0625
7646.674246222442,0.9090909090909091,1025156.25
7906.263643985367,0.7142857142857143,621469.4443918889
6653.22478329783,0.2857142857142857,1141336.110398889
8481.690318695175,0.6,941708.5070091388
6303.350289826914,0.38461538461538464,1106879.339576389
8724.167818076723,0.3,843336.111049889
3320.918801770769,0.8333333333333334,1616076.5625
4990.424855898572,0.8461538461538461,1655511.111968889
6030.047261348505,0.5833333333333334,1328256.25
6620.075503585482,0.5,1155625.0
8949.490595432446,0.5833333333333334,893025.0
6929.846687938521,0.7692307692307693,1199937.6743413887
7467.481570935555,0.5,1124483.5076513889
8367.934776617169,0.9,845633.506883139
8090.2340143028005,0.4166666666666667,867226.5625
5530.150264032078,0.8181818181818182,1076406.25
15056.962406730669,1.0,240917.36107838887
1549.163841138898,0.631578947368421,2277584.0287838886
4046.9570403772173,0.5,1582354.3411163888
7126.95559919028,0.8888888888888888,782487.673552139
6208.550256873293,0.5333333333333333,1300550.1743713887
7519.710470781078,0.46153846153846156,1192646.006216389
5271.479752898601,0.4666666666666667,1358196.0077213887
11850.697388809725,1.0,80277.77775888889
8672.684172062405,0.6666666666666666,501736.11106388894
5165.131934258914,0.3333333333333333,1394367.360323889
3117.165253710914,0.8571428571428571,1697591.8411463888
5097.730829382517,0.42857142857142855,1281612.672856389
1514.9696434560901,0.8666666666666667,2203987.672621389
3677.186822325619,0.4666666666666667,1725939.0625
6474.34891776638,0.46153846153846156,1089414.0625
3361.324247442752,0.8666666666666667,2004584.026833889
3584.6943641437806,0.5,1638400.0
4158.658324329408,0.7333333333333333,1585500.6952838888
4848.206533117584,0.3333333333333333,1261877.777028889
9890.06859711262,0.36363636363636365,663546.006890139
5990.014903859441,0.9166666666666666,1205421.0076763888
7894.675730651258,0.5454545454545454,980100.0
5501.479570195109,0.9,1002501.5625
4994.861850432591,0.9166666666666666,1101625.172911389
7646.527692567108,0.6923076923076923,1126251.5625
6811.927007089683,0.6666666666666666,1141336.110398889
6184.361967582379,0.6666666666666666,1044654.339596389
3976.9701725167924,0.8461538461538461,1294854.3410363889
6625.70106274279,0.8181818181818182,1039550.172931389
6530.93911732603,0.8461538461538461,1483321.0077563887
7507.577521138142,0.9090909090909091,1033611.1117888888
6176.919808980396,0.9,930421.006880139
10304.66845617228,0.4,657450.694390389
6734.084487928991,0.45454545454545453,711914.0625
8171.762000514932,0.9090909090909091,960400.0
7218.696448555101,0.36363636363636365,723917.3610543889
6858.572274984205,0.7,718962.6736676388
7105.6043340112265,0.3333333333333333,1253466.839531389
6978.440713483355,0.5,967764.0625
6798.993819831812,0.5,1146684.027063889
15080.386320119298,0.8333333333333334,303417.36107438896
8156.720163713651,0.6153846153846154,1061758.5076313887
7451.273500910869,0.6,1033611.1117888888
10269.413541529982,0.625,504100.0
6796.582451225992,0.5384615384615384,882034.0278403888
8620.661004772968,1.0,738883.5068871389
5563.733735685069,0.5,853314.0625
5977.239884573649,0.4166666666666667,866450.694382389
3507.889779278889,0.8,1672711.110248889
10126.80520624921,0.42857142857142855,281341.84031313885
3382.0184248354353,0.35714285714285715,1754521.0060613889
4518.419302314779,0.9230769230769231,1465108.5077513887
5601.909044059187,0.6666666666666666,1040400.0
8071.6761976797,0.4444444444444444,886736.1111738888
5998.23516765724,0.8333333333333334,1175417.3618338888
6836.764881978312,0.4444444444444444,1020941.8409513888
6095.131789801368,0.75,924802.7778418888
9174.031555983449,0.6,743187.673553639
5172.747992445497,0.5,1104250.693743889
6902.379821911271,0.8333333333333334,1282556.25
8515.164995141413,0.9,800279.340218139
5998.842519094259,0.6363636363636364,801025.0
8439.121192222909,0.4,1037002.777098889
7079.4729729099945,0.25,744625.1736686388
4756.882627881661,0.5833333333333334,1541736.111938889
7432.5390213988385,0.4166666666666667,991684.027711389
7877.928005527482,0.4444444444444444,733877.7778348888
5838.683780793683,0.6666666666666666,940091.840213139
5872.098888829911,0.6363636363636364,876564.0625
751.5044643048706,0.75,2699175.1747063887
8290.341838305825,0.2,628056.25
4015.4363979259033,0.6923076923076923,1596011.110268889
4531.434589548062,0.3076923076923077,1390434.0285638887
10445.97894651256,1.0,480133.5069906388
3794.9919598878423,0.5714285714285714,1189008.5076713888
3608.103511965601,0.8461538461538461,1736904.3411563889
5190.732554304059,0.8461538461538461,1560417.3619438887
6262.501173902678,0.6923076923076923,1193556.25
7541.512810687612,0.8181818181818182,982576.5625
3750.7342775291318,0.5,1627750.693593889
6960.090459697072,0.5833333333333334,995006.25
4851.261887495596,0.5384615384615384,1020941.8409513888
9989.900291973414,0.6363636363636364,800279.340218139
5572.1691630561445,0.6363636363636364,1317712.6743763888
6658.9682929163355,0.7272727272727273,1260941.8410263888
6452.605757102728,0.5454545454545454,813754.340217639
7212.244528720583,0.8181818181818182,1254400.0
5983.982439351476,0.5833333333333334,1174514.0625
9655.111598138616,0.7142857142857143,452816.8403226388
2538.446554967844,0.6923076923076923,2043708.505991389
9557.3510534728,0.625,442225.0
7794.438384279607,0.42857142857142855,431211.1111548888
4920.425417367315,0.5,1088544.443748889
11886.833351914864,0.3333333333333333,202875.17364113888
693.0909091211531,1.0,52517.36112638889
8913.213043550912,1.0,482446.00689813896
8191.694231762514,0.5454545454545454,871889.0625
10378.617524683901,0.125,345156.25
10924.35256935468,0.2,181689.0625
7044.116265374561,0.2727272727272727,761256.25
3337.250442379357,0.35714285714285715,1585500.6952838888
3567.2638224453385,0.5714285714285714,1895211.112028889
2090.896183275361,0.5384615384615384,1853001.5625
4088.5314742545643,0.4,1313889.0625
4925.656199764948,0.8333333333333334,1291064.0625
2749.6168250772153,0.5333333333333333,1636267.3619638889
7235.867259381974,0.5454545454545454,693056.25
6691.150433728115,0.5,796556.25
9258.651505973157,1.0,597400.1736626388
4987.578843685705,0.8333333333333334,1329216.8410463887
6126.884719720673,0.5714285714285714,1052334.027093889
6766.249844388792,0.875,689591.8403331388
9205.807712332531,0.7272727272727273,862576.5625
4252.288009780882,0.6153846153846154,1061758.5076313887
5825.579906927201,0.5454545454545454,1221025.0
7510.925776076974,0.36363636363636365,662867.3611653888
6222.7943548690255,0.5833333333333334,875004.3403401388
6909.180824283461,0.45454545454545453,651383.506890639
8476.767707463892,1.0,648696.0069981389
5466.9770651157205,0.46153846153846156,970225.0
8886.598503574598,0.7142857142857143,674451.5625
6911.291406758539,0.7,1122716.839571389
6433.893113172185,0.6363636363636364,1071225.0
1802.1549374527283,0.6428571428571429,2021136.112058889
9225.033345899035,0.75,702104.3403336388
3958.409077734885,0.625,1565626.5625
9890.078200752452,0.6666666666666666,83617.36113038889
5293.302790324616,0.45454545454545453,1353344.4436688889
262.93648489004124,0.6842105263157895,2354946.005921389
8483.395492196887,0.5833333333333334,870333.5070066388
10948.330822217178,0.625,327756.25
8417.032272968778,0.5454545454545454,589696.0069956388
9999.88526825532,0.7142857142857143,479556.25
9444.638549999076,0.8333333333333334,400056.25
3368.006814148902,0.625,1419076.5625
5635.087623226,0.8461538461538461,1414117.3619038889
3493.0462642497414,0.42857142857142855,1603389.0625
10386.028867838599,0.6666666666666666,56802.77776188889
2775.315473495743,0.5,1964669.4453788889
6733.474389878595,0.9090909090909091,1022626.5625
6733.916270101213,1.0,953064.0625
6548.22391837042,0.6666666666666666,860256.25
5851.120573057371,0.5,970225.0
7314.403347884412,0.8888888888888888,806254.3403376387
6431.386015414015,0.4444444444444444,925604.340213639
8013.523755437934,0.2727272727272727,879687.6736736388
5515.889720582475,0.6428571428571429,1093767.360413889
5315.372460877438,0.5,1037002.777098889
9638.041742595515,0.6666666666666666,688900.0
7058.819535086803,0.6,756900.0
8467.163693376711,0.8181818181818182,1105126.5625
8742.73341501401,0.4444444444444444,474376.5625
8828.665900023292,0.6666666666666666,278256.25
2419.9322596804104,0.6470588235294118,1839414.0625
3619.5875256918835,0.5882352941176471,1802306.25
7778.470656671007,1.0,315001.5625
5098.916404630558,0.5384615384615384,956321.0070096388
1050.3248788983344,0.5294117647058824,2203987.672621389
10506.90510436282,0.8333333333333334,361501.5625
8285.303496249231,0.7,768544.4445028888
6477.90737694829,0.5384615384615384,1077271.0076363888
14394.247436666024,0.6666666666666666,149511.11113688888
0.0,0.0,3600.0
6422.2838482461675,0.4,1036154.3409563889
7248.210765628215,0.7777777777777778,572544.4444948888
10990.934509552324,0.7777777777777778,592258.506893139
-2425.9662670934563,0.5263157894736842,2854691.839151389
15982.420616023639,0.7142857142857143,329189.0625
3416.294898592889,0.6666666666666666,1364029.3410563888
3264.508449583599,0.6428571428571429,1500625.0
9161.383222840386,1.0,410667.361068389
5075.918362860299,0.5,1113025.0
6364.709279282833,0.5333333333333333,1322500.0
11616.509276836352,0.875,531684.0278263888
11511.096991281263,0.3,539612.6735621389
-1363.0478099403695,0.5294117647058824,2499034.026723889
1537.997769938695,0.5714285714285714,1919379.3412013887
7380.561147231636,0.6,662189.0625
6424.803583109468,0.8333333333333334,1147576.5625
3075.36882229382,0.8666666666666667,1834896.006041389
3863.605171334112,0.8,1929784.0287038889
8164.428232404569,0.8181818181818182,911229.340214139
8591.71174358099,0.5833333333333334,1020941.8409513888
8363.287491542438,0.375,399529.34023563896
4975.913411419137,0.9166666666666666,1319626.5625
8443.929968216686,0.375,485925.17356463894
5444.517545130895,0.5,1043802.7784588888
4957.141185579674,0.9230769230769231,1387487.6743963887
2600.032800547424,0.8,1806784.0286738889
2068.858093419278,0.5333333333333333,1731417.360233889
7360.946372388938,0.9,893812.6736741388
5188.656236397579,0.7692307692307693,1301500.693683889
7655.624589117375,0.75,814506.25
6091.756219270051,0.36363636363636365,889877.777714889
9042.447661254902,0.5,357006.25
6463.782914413316,0.8181818181818182,1245084.027033889
-3762.306342966611,0.7368421052631579,3510939.0625
11030.038018832138,0.2,185258.5069731389
4616.623498965086,0.5714285714285714,1378667.3618938888
10425.784437642731,1.0,278696.0069796388
9878.54154332706,0.3333333333333333,242146.0069116389
7244.603381274882,0.5,721084.0278343888
1359.9229032583548,0.75,2580039.0625
4845.193484709365,0.5454545454545454,950625.0
5913.689260702164,0.6666666666666666,966944.4443788889
6746.256798441802,0.9,716139.0625
6673.717519863264,0.6666666666666666,793584.0277183889
7388.405169873719,0.75,1020100.0
8387.598316544001,0.7,828100.0
8151.865427036293,0.8888888888888888,741751.5625
7143.454675963727,0.9,1087675.1743063887
9323.518621527199,0.8,725336.1111678889
9401.250327437816,1.0,590976.5625
7004.8538219509255,0.6,874225.0
6710.740877439829,0.7777777777777778,785439.0625
7052.4043826201305,0.5833333333333334,1372802.7785588887
7043.397493400648,0.8,998334.0278443887
8045.350363350263,0.5,738167.3611683889
7620.227626144027,0.875,630039.0625
5907.243408184678,0.5,949812.673546139
5040.604451292086,0.7272727272727273,932834.027713389
9009.04332843878,0.6363636363636364,903291.8403411388
7895.373647190086,0.5555555555555556,940091.840213139
7007.326785633865,0.5,1261877.777028889
7521.335436441071,0.5,1078136.110418889
6192.86795848755,0.4166666666666667,1331139.0625
6003.646595501407,0.5454545454545454,881251.5625
7127.596300353493,0.4444444444444444,798044.444384889
4408.253342717186,0.6666666666666666,1333062.672841389
6626.988692976351,0.4166666666666667,1066056.25
7671.508490953414,0.8,623441.8402251389
9408.655810603532,0.75,549451.5625
4142.065497906031,0.42857142857142855,1260941.8410263888
4375.670970544131,0.5714285714285714,1409166.839486389
6591.451809162154,0.75,962851.5625
8699.944619304577,0.6,709806.25
6372.681738152894,0.75,855625.0
5995.105065663541,0.5833333333333334,944946.006879639
5225.326224901162,0.5833333333333334,1255333.5076913887
6980.065761118819,0.25,809250.173551139
5030.578054588157,0.35714285714285715,1145791.8409913888
5038.495733282937,0.46153846153846156,1043802.7784588888
5425.747767389081,0.5,1287279.339521389
3702.635255818317,0.6428571428571429,1412136.110318889
12227.327572639966,0.75,233208.5069766389
8445.611448203235,0.75,901708.506881139
3196.640013960181,0.6923076923076923,1940216.8412063888
5108.147698659613,0.6153846153846154,1241367.3618538887
8653.407135999727,0.7777777777777778,699314.0625
497.6001575359618,0.631578947368421,2149889.0625
2388.8833647049014,0.625,1829256.25
7548.575471752394,0.8888888888888888,772934.0278363888
6558.0442192559385,0.9166666666666666,1193556.25
5643.793224571465,0.38461538461538464,1012539.0625
5941.097739178449,0.6,1179939.0625
993.5341748899102,0.4375,2082008.5079063887
1353.4040629505923,0.4375,1763362.6744963888
11563.85534324537,0.5714285714285714,584587.6735601389
2837.9321632200704,0.4,1467126.5625
9194.334683240912,0.625,776601.5625
4760.904602121045,0.42857142857142855,1532437.6744363888
-3791.0675595214043,0.47368421052631576,2939796.005801389
15271.388628285371,0.5,142821.0069696389
8011.12024540982,0.8888888888888888,532291.840229139
5803.629786613286,0.5384615384615384,1197200.6951738887
11517.380235533827,1.0,430664.0625
3794.330602225239,0.5333333333333333,1363056.25
16743.246534419784,1.0,45511.11109688888
9371.957030241943,0.8571428571428571,464101.5625
12309.119132425025,0.875,485344.4444908888
3361.9108008779876,0.5714285714285714,1270316.839526389
5726.258038218056,0.6923076923076923,1318669.443678889
3682.7635643096432,0.4,1399291.8410663889
5549.213034100578,0.8333333333333334,1209083.506211389
3582.7874221350694,0.5,1286334.0285338887
5835.8191744632295,0.8461538461538461,1470156.25
6933.78034205486,0.5454545454545454,755450.6945023888
0.0,1.0,13611.111118888888
6824.27472756243,0.6923076923076923,1114784.027073889
8030.592806231013,0.6666666666666666,589696.0069956388
8626.645264592831,0.5555555555555556,538389.0625
6154.188522539108,0.7692307692307693,1188100.0
9830.241766856525,0.3333333333333333,417100.69440138893
7884.341613293696,0.45454545454545453,666944.4444988888
6863.329205991193,0.9090909090909091,1014216.8396063889
7742.816765050205,0.5,955506.25
6790.432758106645,0.9,709104.340221639
8412.25005393995,0.9,949000.6945093888
10159.182873878999,0.7,668306.25
5133.068574404501,0.6428571428571429,1171806.25
5994.010545263149,0.4166666666666667,975156.25
6003.39167866294,0.8181818181818182,873446.006882139
8934.959413645589,0.8,813002.7778378888
5715.436241793618,0.8333333333333334,1246014.0625
8113.651274773363,0.8181818181818182,1173611.110388889
5718.733650650895,0.6666666666666666,1179034.027053889
5168.773257863875,0.46153846153846156,1035306.25
10527.748972335863,0.6363636363636364,736021.0070016388
8466.532456763556,0.6,807751.5625
7134.579187737629,0.6666666666666666,896966.840214639
7255.547719956911,0.36363636363636365,944946.006879639
6862.992082229898,0.4166666666666667,781750.6945033888
4245.647963877096,0.5714285714285714,1226556.25
11877.804382761631,0.7777777777777778,572544.4444948888
4051.4168798361484,0.5384615384615384,1153834.028493889
9116.075747487397,0.7142857142857143,756175.173553139
3208.2840348465816,0.6153846153846154,1579211.1119488887
4679.453943833325,0.7857142857142857,1963501.5625
9243.307476214408,0.8181818181818182,1029379.339601389
3189.7681366155457,0.625,1447008.507746389
14265.828261131926,0.6666666666666666,113906.25
942.8029521821693,0.6666666666666666,1977539.0625
5512.226921566935,0.6923076923076923,1287279.339521389
7483.0211504484805,0.8,882034.0278403888
10973.245332869385,0.7142857142857143,430117.36106738896
2927.3633446912763,0.625,1507779.3410963889
6220.340810430215,0.8461538461538461,1328256.25
5224.003676750805,0.5833333333333334,911229.340214139
8358.350456780876,0.5,503508.50689713896
10431.042969124253,0.25,134139.0625
9136.942593206153,0.2857142857142857,398476.5625
943.292938808577,0.5625,2135251.5625
389.86548790427497,0.5294117647058824,2314201.5625
0.0,1.0,27225.0
0.0,1.0,6400.0
4621.299427673996,0.6,1305306.25
12749.844030097196,0.0,64389.0625
4321.490988741121,0.8461538461538461,1641601.5625
3905.321916342449,0.5333333333333333,1555216.8394463889
6410.432263688592,0.5833333333333334,1106002.7784788888
7733.9990669397675,0.4166666666666667,928814.0625
8863.114051531727,0.6666666666666666,572544.4444948888
10199.813998556216,0.42857142857142855,648696.0069981389
10819.34833552681,0.3333333333333333,389064.0625
7594.931645269219,0.7,870333.5070066388
4296.494793819753,0.7333333333333333,1544841.8411063887
6312.848297442462,0.5833333333333334,1069500.6951338889
7583.569123458249,0.5,963669.4445098888
11026.864259331687,0.42857142857142855,519000.1736591388
9572.0124715667,0.3333333333333333,290251.5625
4383.22439836361,0.7333333333333333,1763362.6744963888
6557.606820977424,0.7692307692307693,1422056.25
5339.999591690884,0.8461538461538461,1550025.0
8810.322760391198,0.625,688900.0
3891.9389312113544,0.8461538461538461,1851867.360203889
5499.986495737006,0.6666666666666666,1012539.0625
6091.981505546215,0.7692307692307693,1367925.172831389
10851.609253248964,0.5555555555555556,728889.0625
5425.993685619213,0.8181818181818182,1245084.027033889
5105.08439561595,0.6923076923076923,1427029.339481389
6906.640133563729,0.7272727272727273,1121834.0284838888
6303.666433020207,0.6428571428571429,1608669.443598889
10151.122446808526,0.6666666666666666,451136.1111558888
4151.332476221918,0.6666666666666666,1921689.0625
8889.8600254382,0.6666666666666666,495850.6944913888
3893.348858212808,0.7857142857142857,1788906.25
5340.843118762421,0.8333333333333334,1390434.0285638887
4374.680969526162,0.75,1450017.3619138887
8206.015062126307,0.5,702802.777721889
6071.671953835331,0.7692307692307693,1487383.506131389
7856.259089900938,0.5555555555555556,853314.0625
9948.482201380806,0.42857142857142855,566883.5069946388
10362.938704284024,0.5,451696.006899639
8865.158727809567,0.3333333333333333,331104.3403161388
10490.201165527458,0.125,384400.0
9914.788641082474,0.25,427934.02782138885
6567.267022977443,0.9090909090909091,1189917.360383889
4868.4501039490015,0.6666666666666666,1461076.5625
5089.920113177749,0.6666666666666666,1673789.0625
6874.483504715145,0.6923076923076923,1289171.0077013888
5626.147556379205,0.6363636363636364,868002.7778398888
6176.949796696493,0.7692307692307693,1226556.25
8163.8462225391895,0.8181818181818182,1069500.6951338889
3809.3647098914225,0.6153846153846154,1138666.8395663889
8891.724852897083,0.75,1154729.339561389
11591.366836491985,0.5,424669.44448788883
2619.074409055686,0.5714285714285714,1577117.360273889
11020.254637275431,0.16666666666666666,269101.5625
6022.69369549627,0.5714285714285714,1060900.0
3798.6161828155136,0.5,1448011.110308889
8932.958096869464,0.3333333333333333,326326.5625
11120.702800690004,0.6666666666666666,496437.67356413894
5469.963875957409,0.7,1333062.672841389
4635.4184340513175,0.6153846153846154,1228402.777038889
6338.0571004833455,0.7272727272727273,1411146.0077363888
9666.073313213574,0.4,204002.7778078889
7432.189734432371,0.6363636363636364,939284.0278423888
5105.114909660405,0.7142857142857143,1374756.25
8895.581318389082,0.75,598689.0625
12265.437905136047,0.6,240508.5069771389
-1249.6222375294326,0.7,2726626.5625
56.02649385797493,0.6842105263157895,2208939.0625
3368.164064829513,0.5625,1891771.0078613888
10610.706120444485,0.7142857142857143,540837.6736601389
9828.307246299486,0.8333333333333334,456187.6736561388
679.2571628464094,0.5789473684210527,2604189.0625
9457.041469937682,0.6666666666666666,474950.6944903888
-1304.005866293367,0.6363636363636364,3338233.505726389
10942.380567769094,0.5,226417.36107938888
3644.8633545521316,0.8125,2162125.1745913886
7186.7522522529025,0.7692307692307693,1409166.839486389
4733.32432383533,0.5384615384615384,1029379.339601389
8401.202907518598,0.4444444444444444,756175.173553139
2369.936134182899,0.375,1616076.5625
13011.700383088662,0.42857142857142855,441671.006900139
4382.544939670659,0.5384615384615384,1307211.110348889
6522.676552291258,0.8333333333333334,1097256.25
7355.519551415584,0.4444444444444444,856396.0070061388
11026.88882239347,0.6,350069.44448388886
3174.260330610768,0.6875,2149889.0625
12321.10310102191,0.3333333333333333,410133.5069871388
2927.514701838358,0.8,2009306.25
10959.838128330808,0.2,210451.5625
1259.5569668979517,0.8125,2557334.0288438885
4221.639654308265,0.8571428571428571,1766684.0286638888
3969.412403688076,0.6875,1887189.0625
6941.529597132276,0.2727272727272727,1013377.7784488888
3305.275253110299,0.75,1982229.3412163889
6017.384702318758,0.36363636363636365,1083334.0270838889
2419.619504269576,0.875,2237517.360113889
5472.692502695191,0.7857142857142857,1619256.25
4367.295732424536,0.8571428571428571,1755625.0
9298.661300881724,0.4444444444444444,772201.5625
6718.910066604246,0.9090909090909091,1180844.445168889
3905.606039667826,0.7857142857142857,1568756.25
5026.116196985913,0.8461538461538461,1355284.028553889
3386.2383480266667,0.8666666666666667,1771117.360223889
3071.9652519768088,0.7692307692307693,1920534.026853889
3903.7064857842133,0.8461538461538461,1644806.25
5561.308834121241,0.8181818181818182,1235802.7785188889
7476.245911340714,0.7142857142857143,623441.8402251389
7507.01001534022,0.8333333333333334,1270316.839526389
5636.285314768165,0.6923076923076923,1507779.3410963889
9742.796887239041,0.5,619500.173558639
11272.456886459056,0.2222222222222222,642669.4444978888
5363.303180156968,0.6363636363636364,946566.8403426388
2624.422967239229,0.8,2056834.0287338889
7765.546095556307,0.5,550687.6735616389
6739.221130194583,0.7142857142857143,1464100.0
10111.56240057627,0.3333333333333333,698617.3610553889
4792.733451571588,0.9230769230769231,1581306.25
7266.052789968818,0.75,765625.0
12359.013299221398,0.2857142857142857,490583.5069911388
10242.758437965123,0.7142857142857143,615571.006892139
2314.8557431581507,0.6470588235294118,1871196.0078563888
10905.518932263383,0.75,185258.5069731389
3398.787691522354,0.625,1658729.3411363887
10997.374124568265,0.6666666666666666,325375.17364913883
-302.7769699302389,0.6842105263157895,2468826.5625
10238.542156410114,0.8,260525.1736451389
9471.475765492843,0.7,729600.6945013888
5777.693289679941,0.75,1192646.006216389
6448.390936998982,0.6153846153846154,1101625.172911389
8459.007874621382,0.7777777777777778,834939.0625
1001.9870691616948,0.7368421052631579,2775000.693333889
5141.680511961727,0.4166666666666667,1134225.0
4310.8557479202345,0.46153846153846156,1232100.0
4065.5195401134847,0.6666666666666666,1693251.5625
4677.648803067137,0.6153846153846154,1569800.1744463888
11012.252759192845,0.375,566883.5069946388
7358.957226224092,0.8333333333333334,1279726.5625
5831.842269811127,0.6153846153846154,1346566.8410513888
7485.873612457594,0.6428571428571429,1382584.026993889
4548.436668731654,0.6666666666666666,1507779.3410963889
7814.191386952327,0.7,1046358.5076263888
9623.633008123976,0.36363636363636365,717550.173554639
3440.3481631099694,0.9285714285714286,1675946.006081389
12384.762948080961,0.375,424669.44448788883
972.1736218869536,0.8235294117647058,2220100.0
-1724.8358785868172,0.6666666666666666,2928376.5625
1926.030361231997,0.8125,1988100.0
1870.0113563921439,0.5555555555555556,2098876.5625
7684.08258590255,0.5,940900.0
2349.8792571937324,0.6875,1776666.8411663887
1833.1941410512397,0.6470588235294118,1940216.8412063888
7221.389752418669,0.5384615384615384,1288225.0
8460.60830877529,0.7,948189.0625
7392.384311562251,1.0,98962.67359013889
2386.211187113574,0.5789473684210527,2383164.0625
5320.895391718101,0.625,1818002.776878889
6783.584574560393,0.7777777777777778,629377.777724889
5841.606510391358,0.23076923076923078,975979.3403436388
8384.660260216246,0.8571428571428571,618844.4444968888
6614.180936250578,0.7,964487.673545639
10821.03199874086,0.25,280017.3611463888
4393.353742489542,0.5833333333333334,1299600.0
10258.97239286108,0.5,380277.77781888883
3449.619279707397,0.5555555555555556,1900951.5625
4515.007405698318,0.5294117647058824,1686751.5625
6351.00066014203,1.0,710508.5070006388
9304.931625792158,0.45454545454545453,551306.25
2504.0272263915826,0.8571428571428571,1957667.3620438888
11158.096340072427,0.7777777777777778,702802.777721889
4169.150163690842,0.5833333333333334,1487383.506131389
-223.25339448788034,0.65,2542696.005881389
8659.450471710958,0.8,299300.17357463896
18546.456356681683,0.8,192136.11108188887
-1930.6089479032319,0.65,2901344.443308889
7605.103626903862,0.8571428571428571,501736.11106388894
10424.204784084253,0.75,648025.0
7342.77912806183,0.8,1102500.0
6266.879398921623,0.5454545454545454,1015896.0076163888
6317.5533714324565,0.3333333333333333,928011.111046889
9139.735153442049,0.625,658126.5625
5143.003273242319,0.8461538461538461,1345600.0
12608.742230868942,0.0,98439.0625
3617.6842164746727,0.7333333333333333,1654439.0625
9076.170214586455,0.2857142857142857,403754.34032013884
4581.804681705478,0.5384615384615384,1297700.6952038887
884.310417979337,0.5333333333333333,1806784.0286738889
1385.1235178637464,0.631578947368421,2290177.776768889
8300.93201538814,0.8333333333333334,394802.77773588896
7272.391004648803,0.6666666666666666,1005841.8409463888
7048.230958177136,0.6,653402.777723889
6396.721067234034,0.7142857142857143,1490434.026963889
10988.985186346205,0.25,284444.4444088889
5746.087524740926,0.6666666666666666,1109511.110408889
-848.6065680354059,0.5625,2134034.026803889
7555.510400600369,0.7777777777777778,736021.0070016388
5673.997422074963,0.6,1371826.5625
7902.949820913666,0.42857142857142855,424126.5625
5533.175246662035,0.38461538461538464,1020941.8409513888
4153.070532252383,0.5,1431014.0625
5768.9932079072405,0.75,813754.340217639
-984.3169746769241,0.6666666666666666,3137326.5625
10226.86125314307,0.5,385951.5625
5858.032952122739,0.7272727272727273,1021784.0271038889
7915.429509712219,0.6153846153846154,1037002.777098889
5011.042652380153,0.6153846153846154,1268439.0625
9625.082479581964,0.7272727272727273,815258.5070046388
8248.567149850438,0.7777777777777778,841806.25
4125.23140920811,0.8333333333333334,1332100.6952138888
10377.359541252143,0.5,765625.0
5610.190087258019,0.5,1077271.0076363888
6862.099745628972,0.5333333333333333,1239511.110368889
3043.921500202932,0.5833333333333334,1540701.5625
8467.226228974781,0.8333333333333334,327756.25
8160.322930440866,0.5454545454545454,849469.4445058889
6895.055026735682,0.6,740316.8403351388
7918.298793232163,0.18181818181818182,664904.3403321388
4245.6722467248055,0.35714285714285715,1207251.5625
11061.549685802149,0.7777777777777778,761983.5070026388
10168.64318758998,0.1111111111111111,372608.5069851388
3696.633678073274,0.7272727272727273,1355284.028553889
-1603.6927097942507,0.7,2995784.026623889
10232.796911198498,0.5,89002.77775788888
298.6293370135054,0.8,2554669.443378889
8529.77262543906,0.42857142857142855,327279.3402396389
8596.596224314528,0.8333333333333334,485925.17356463894
3327.9719252854316,0.625,2170711.110128889
5471.796616170729,0.8571428571428571,1684587.6744763888
8163.459411555356,0.4,534726.5625
7728.17946556403,0.9,1013377.7784488888
4680.753272703209,0.5,1354314.0625
9721.416855432266,0.625,429571.00698813883
12120.711977534322,0.0,172225.0
1097.8761492478534,0.6428571428571429,1848466.839371389
7556.146536325913,0.5,682689.0625
5989.604724712922,0.7777777777777778,1030225.0
7381.778373024129,0.5,887521.006881639
4480.74725188277,0.6875,1922844.4453688888
9399.747180183796,0.3333333333333333,487669.44439788896
11903.193410650192,0.6666666666666666,66521.0069616389
3487.659651673336,0.7692307692307693,1961166.8412113888
6598.172767001881,0.5555555555555556,592900.0
346.404244915626,0.7368421052631579,2745925.172506389
13648.735527973668,0.4,138446.0069196389
4911.686788741971,0.9,839514.0625
8477.16624035326,0.5,1238583.507686389
5429.963658865116,0.6363636363636364,944946.006879639
7347.500230974725,0.7,799534.0278373888
5933.997596682292,0.6428571428571429,1288225.0
6933.527596331448,0.75,480133.5069906388
4566.559617133134,0.625,1785564.0625
6644.488739377593,0.9090909090909091,868002.7778398888
6762.273765713363,0.46153846153846156,1204506.25
8734.92744564539,0.45454545454545453,738883.5068871389
6240.153089949242,0.8461538461538461,1283500.1743663887
8121.043753640005,0.45454545454545453,803264.0625
4724.25912805396,0.35714285714285715,1322500.0
10249.313882196282,0.8,266084.02774338896
5965.71381136134,0.8333333333333334,1209083.506211389
7361.534377620425,0.5,982576.5625
8102.087360524721,0.7142857142857143,614917.3611633888
4704.552315224102,0.6666666666666666,1707377.7786488887
10385.39715413939,0.4444444444444444,543291.840228639
4053.052371810661,0.8,1669479.339416389
1498.5470544705565,0.5882352941176471,2134034.026803889
10631.13256699842,0.8571428571428571,323002.77773988893
-1090.5465680613597,0.6,2887167.362243889
14365.293671661662,1.0,108900.0
10943.66420034918,0.4444444444444444,563750.6943943889
6281.682378967235,0.5,1017576.5625
10322.288844807286,0.4,607750.173559139
4653.592564973153,0.8,1139556.25
8772.649161902984,0.2222222222222222,536556.25
2337.9625864846444,0.7692307692307693,1705200.693573889
10988.435028612088,0.5555555555555556,616225.0
6936.866071766528,0.6153846153846154,1217344.443708889
10044.202260403588,0.75,682689.0625
3641.061392424505,0.8571428571428571,1727034.0286538887
2517.2777399188517,0.75,1666250.693583889
5838.253187856068,0.8461538461538461,1358196.0077213887
12531.0642897713,1.0,169126.5625
2106.810270000492,0.7058823529411765,1824750.693543889
13370.245778695606,0.5714285714285714,460136.11106588895
7314.487593373197,0.8333333333333334,1108633.5076463888
6745.2915349944315,0.5,953064.0625
7606.389996524211,0.3,623441.8402251389
5832.739086841618,0.6,1133337.672901389
6709.568917998929,0.9090909090909091,860256.25
5324.468274748509,0.5384615384615384,1332100.6952138888
9759.162169649948,0.6666666666666666,626076.5625
-2486.8584199111833,0.3888888888888889,2485877.7788288887
9951.646518909383,0.5714285714285714,324900.0
7949.252958934513,0.5,323002.77773988893
8813.596159711411,0.4444444444444444,450576.5625
9135.341180769767,1.0,729600.6945013888
5353.566070313693,0.46153846153846156,940091.840213139
2311.895678452224,0.8666666666666667,2187934.028763889
9432.815737881105,0.3333333333333333,377712.6735701389
4963.562064756963,0.9230769230769231,1462084.028583889
8608.02487471217,0.42857142857142855,365521.00690413895
7474.48017898558,1.0,882816.840215139
10453.170473529843,0.7777777777777778,842571.0070056388
10354.97105083284,0.42857142857142855,287117.36107538897
7961.5399075085425,0.36363636363636365,589056.25
5734.747644925984,1.0,1115664.0625
9539.954520252142,0.375,327279.3402396389
3462.9243767375974,0.8571428571428571,1566669.4452788888
4732.296337491995,0.6363636363636364,1218264.0625
-2817.8549352147857,0.8333333333333334,3419417.3623438887
10515.700045561383,0.25,137208.5069691389
5393.789039540271,0.4166666666666667,1308164.0625
10276.69712331937,0.4,619500.173558639
8595.467566560359,0.4,500556.25
1471.3056973692703,0.9285714285714286,2082008.5079063887
6261.880069900746,0.75,1236729.3395363889
5998.142492896394,0.9090909090909091,1130677.777068889
6260.556920843865,0.9166666666666666,1383564.0625
5930.639908185972,0.5,819779.3403381387
7101.917356877196,0.6,646684.0278313888
6845.645540555428,0.8333333333333334,1110389.0625
8200.165004379127,0.4,528650.1735626389
4119.674702882775,0.9,1098129.340976389
3077.5789233409414,0.9090909090909091,1511875.172791389
4403.64560781962,0.9090909090909091,1347534.027003889
7509.685179916912,0.46153846153846156,754002.777719889
6505.273423146372,0.8888888888888888,815258.5070046388
7100.944756539253,0.5384615384615384,847934.0277163889
5851.927878212896,0.7272727272727273,1008350.6951138888
8539.357844227445,0.6363636363636364,671716.8402231389
5103.96367866304,0.8181818181818182,1078136.110418889
8650.350741574937,0.5454545454545454,616879.3403301388
6580.552356818889,0.7272727272727273,1054044.4451288888
6296.448446805836,0.9,956321.0070096388
7479.591000318693,1.0,783962.6736701388
6410.519711611019,0.46153846153846156,880469.444381889
8076.1395339990195,0.7272727272727273,872667.3611733888
7286.548030525785,0.8181818181818182,937669.4443798889
7329.3836688203255,0.5454545454545454,731737.6736681388
4190.490670499957,0.7692307692307693,1512900.0
3912.339853021223,0.9166666666666666,1395351.5625
2457.4092166077744,0.9230769230769231,1857541.8411863889
5209.837870221358,1.0,1185376.5625
7432.123616746427,0.36363636363636365,540225.0
6503.225988210931,0.9090909090909091,1073814.0625
8408.695851451974,0.5555555555555556,470939.0625
4524.338948921401,0.8461538461538461,1372802.7785588887
4002.6798892302227,0.7692307692307693,1311025.0
3852.398064722843,0.9166666666666666,1201764.0625
2791.9779957657247,0.9230769230769231,1633071.0077963888
4175.403106331261,0.9230769230769231,1462084.028583889
4895.184731250939,1.0,1007514.0625
10615.838713865507,0.36363636363636365,672400.0
9355.721958393508,0.45454545454545453,761256.25
4873.3465873655605,0.7692307692307693,1107756.25
10792.948733561221,0.5555555555555556,594826.5625
4330.778170874542,0.8461538461538461,1180844.445168889
11651.36384832465,0.4444444444444444,543291.840228639
4091.447463734709,0.9230769230769231,1275958.506191389
12729.683726789382,0.3333333333333333,481867.36115738883
4783.828446581262,0.7692307692307693,1424044.443648889
4539.527256499436,0.9166666666666666,1310071.006181389
3127.8366900706105,0.9230769230769231,1758939.0625
5874.421454601755,1.0,1106879.339576389
7983.3475709550175,0.36363636363636365,595469.4444958888
7183.499986355911,0.9090909090909091,999166.840211139
7399.986244782509,0.45454545454545453,679250.6944993888
8475.52887813083,0.5555555555555556,522608.5069926388
5150.160861585124,0.8461538461538461,1288225.0
4498.406720030288,0.7272727272727273,1202677.7785088888
6729.207262092945,0.23076923076923078,825826.5625
7399.012360114698,0.36363636363636365,739600.0
7644.629303663482,0.2727272727272727,682000.694389389
8325.436291774802,0.18181818181818182,612958.5069966388
7190.638725699417,0.3333333333333333,739600.0
6393.886011611549,0.4166666666666667,832656.25
7696.882699334746,0.5,658126.5625
4780.119993293483,0.9166666666666666,1550025.0
5181.280740582241,0.9090909090909091,1344633.506171389
7218.753170345755,0.38461538461538464,1085069.445138889
7714.507880914871,0.5454545454545454,985883.5070106388
8652.054671423368,0.45454545454545453,919201.5625
4153.3631296822305,0.9230769230769231,1674867.3619738887
7954.046575879504,0.38461538461538464,946566.8403426388
6954.30168947782,0.46153846153846156,1051479.3409613888
8308.355427447505,0.5454545454545454,854084.0278393888
7263.233828042147,1.0,942517.361046389
5665.366361454426,0.5384615384615384,981750.6943783889
7342.3331395910445,0.45454545454545453,620156.25
5955.384449941201,0.9090909090909091,904876.5625
5869.536144344787,0.46153846153846156,1197200.6951738887
7610.40823087492,0.75,1039550.172931389
5859.130619362931,0.7692307692307693,1211834.027043889
7431.333722510347,0.5,592900.0
8234.643658725945,0.4444444444444444,425212.67356763897
8153.720770547156,0.4,603858.506892639
8935.825205086978,0.45454545454545453,792100.0
6424.1171616058455,0.9166666666666666,1202677.7785088888
4663.004944467902,0.9090909090909091,1169101.5625
8903.874015186766,0.3,539000.6944933889
9005.42897300696,0.36363636363636365,838750.694383389
3422.488294260865,0.7142857142857143,1734708.506066389
-1212.4400116684371,0.7058823529411765,2902764.0625
7267.163910011079,0.6666666666666666,807751.5625
10376.800277844935,0.875,531684.0278263888
2547.4938273772204,0.8571428571428571,1957667.3620438888
7756.648703794334,0.5,673083.5069991389
4095.263395493888,0.5454545454545454,1457050.172806389
-1498.6002371075951,0.8235294117647058,2836417.362233889
11302.266686243483,0.4,286671.00698013883
5677.276367073644,0.9166666666666666,1193556.25
5007.0710211343285,0.5,1270316.839526389
192.40187037812962,0.875,2703284.028873889
6587.06732329785,0.4166666666666667,727466.8403346388
7157.426254860817,0.45454545454545453,628716.8403306388
5460.3225738568935,0.7142857142857143,1421062.672816389
9093.141282675859,0.8,190314.0625
2618.5460055213525,0.6470588235294118,1925156.25
7317.98493408066,1.0,573806.25
5557.072120831573,0.5714285714285714,1012539.0625
7785.234683311243,0.875,668306.25
7230.689459610427,0.6363636363636364,957951.5625
9275.753344735445,0.875,421958.5069011389
1895.1834391295286,0.6111111111111112,1821375.172711389
8358.084769940722,1.0,224834.0278093889
2357.739269502814,0.6470588235294118,1663025.172751389
10568.636527356146,0.8,285334.02781338885
4336.834601012013,0.7857142857142857,1273136.110358889
981.9799508923699,0.631578947368421,2043708.505991389
6338.562583352619,1.0,155367.36113738889
1421.4953447517694,0.6666666666666666,1875758.5060313889
3357.5024578602133,0.8,1460069.443638889
13197.627395308911,0.42857142857142855,378737.67365213885
2479.1494513813086,0.8125,1886044.443528889
7296.277299910075,0.25,720376.5625
6121.680660848356,0.6,1170904.339556389
9123.304605149715,0.3333333333333333,472656.25
4440.637780910289,0.46153846153846156,1545877.776948889
1190.9574551600535,0.4375,2070001.5625
4500.5315656042385,0.26666666666666666,1240439.0625
9094.946254123752,0.7142857142857143,667625.173556639
5005.762769227449,0.2857142857142857,1110389.0625
6885.572474671042,0.36363636363636365,796556.25
-108.29609041743156,0.3333333333333333,2251250.1746113887
449.66718108936146,0.35294117647058826,2074800.1745713889
2967.841065933961,0.42857142857142855,1636267.3619638889
8991.67986877037,1.0,736736.1110538889
5433.000750411036,0.46153846153846156,932029.3403421388
6530.041310925229,0.5,962034.027712389
6796.38344609552,0.4166666666666667,718256.25
6198.181936095577,1.0,794326.5625
8720.230252874833,0.4166666666666667,869556.25
3255.03824859676,0.7857142857142857,1716100.0
5658.800342877596,0.2857142857142857,1042951.5625
3000.990771173068,0.9230769230769231,1590751.5625
5861.194602007341,0.38461538461538464,945756.25
5254.589850419012,0.42857142857142855,1332100.6952138888
3238.1844264643682,0.9285714285714286,1888334.0286938888
8576.5316665674,0.3,429025.0
4310.136355587652,1.0,1365976.5625
5459.759881917329,0.9166666666666666,1246014.0625
9774.770707688938,0.5,367539.0625
4127.14493651613,0.7857142857142857,1482306.25
7229.860607819184,0.6666666666666666,1138666.8395663889
6052.3132567987695,0.8333333333333334,1440000.0
8314.14686851304,0.9,857167.361049389
9802.568639570034,0.8,762711.111052889
5341.135571963436,0.5833333333333334,903291.8403411388
8578.220077562577,0.6666666666666666,949812.673546139
6568.67090299593,0.7,721084.0278343888
7868.564149904111,0.75,1017576.5625
5428.3318802388085,0.6363636363636364,1106002.7784788888
5112.868148258138,0.8,1005841.8409463888
4212.904593891591,0.8181818181818182,1403237.672821389
6696.40808650322,0.6153846153846154,932834.027713389
6845.512731212206,0.6363636363636364,920000.6945083888
8208.58457484011,0.7272727272727273,747504.340220139
6117.867094932044,0.7272727272727273,986711.111044889
8662.331878801866,0.6363636363636364,689591.8403331388
9118.482379025958,0.8888888888888888,693750.1736666388
6920.766383119378,0.6363636363636364,791358.5068851389
4666.876436356631,0.6923076923076923,1210000.0
3897.9092230696415,0.8461538461538461,1520083.5077663888
5527.666250525873,0.9090909090909091,919201.5625
9703.887599090425,0.45454545454545453,748225.0
6472.948943183512,0.8181818181818182,821289.0625
8322.714176325662,0.5454545454545454,841806.25
5464.769902125062,0.6923076923076923,1015056.25
9655.62204084332,0.6666666666666666,666264.0625
5032.733872865333,0.7692307692307693,1085069.445138889
10618.992810580627,0.5555555555555556,611654.3402256389
6953.9998592046195,0.45454545454545453,819025.0
7455.204628758534,0.36363636363636365,758350.694386389
7059.812103697309,0.8181818181818182,1037002.777098889
4617.613478032573,0.8333333333333334,1105126.5625
6689.5181646137435,0.4166666666666667,819025.0
5684.868357479459,0.5,916806.25
7010.743781161724,0.6,733164.0625
7656.520943791464,0.5,675821.006889639
5902.571009880452,0.46153846153846156,1180844.445168889
8873.466079370599,0.3333333333333333,700011.1111668888
7305.087447843278,0.5454545454545454,1007514.0625
7191.928996139735,0.46153846153846156,1036154.3409563889
8162.351061530549,0.5454545454545454,874225.0
7491.888567747344,0.5384615384615384,834177.7777168889
6082.044573762555,0.5384615384615384,1145791.8409913888
6383.260512152251,0.6363636363636364,1077271.0076363888
7133.695125802247,0.6,664225.0
4384.045107565714,0.6428571428571429,1618196.006096389
-185.0480963887224,0.6470588235294118,2751451.5625
8335.15972015509,0.5555555555555556,728889.0625
5719.82886434911,0.5454545454545454,1120951.5625
1719.088560107257,0.5714285714285714,2089229.3412413888
486.4165131164711,0.75,2431000.695483889
3686.055973583603,0.7857142857142857,1833767.3620138888
7611.944658352057,0.8181818181818182,936056.25
-493.7181188871603,0.7647058823529411,2686867.3622038886
8626.884710134045,0.42857142857142855,548216.8403271388
-1842.3942194611386,0.7777777777777778,3255017.362313889
6814.008538233651,0.5454545454545454,702104.3403336388
8060.85624159143,0.8181818181818182,971867.361045389
8516.355809303932,0.75,457877.7778228888
6408.269077131741,0.6428571428571429,1315800.172846389
8765.135292824922,1.0,231601.5625
8654.648394701335,0.8571428571428571,507656.25
4953.588511747,0.6428571428571429,1105126.5625
8943.27284528163,0.75,596756.25
6996.479661285756,0.8181818181818182,792100.0
5592.1246656148005,0.5,1275017.3618638888
11496.692903451327,0.5,483604.3403241388
8778.278009436084,0.45454545454545453,793584.0277183889
11064.149870307996,0.75,206267.3611413889
5388.519529832601,0.9166666666666666,1026000.1742863888
7058.102500524783,0.3333333333333333,798789.0625
8917.00118813884,0.4444444444444444,536556.25
9974.147721063877,0.5,288458.5069086389
3743.5088371880247,0.3333333333333333,1342701.5625
9398.23477513419,0.625,769275.173552639
6156.697469053379,0.45454545454545453,878906.25
4964.811120204277,0.42857142857142855,1522139.0625
-1288.2788894170185,0.3888888888888889,2388312.674641389
1805.7135984520378,0.5,1753417.3619938889
10113.113238105665,0.8888888888888888,661511.1110568889
4174.968649101444,0.7142857142857143,1600225.0
12895.024388985852,0.5,42025.0
3958.3135068789393,0.8461538461538461,1479264.0625
2566.9795820298186,0.8571428571428571,1954171.0078763887
5253.364753524015,0.9166666666666666,1262814.0625
9773.792656275928,0.625,424126.5625
10228.378510619204,0.5,380791.84023663896
4455.290086834328,0.7857142857142857,1456044.4452488888
8850.469877668786,0.8333333333333334,397425.1736531388
9396.053888243716,0.7142857142857143,484764.0625
7796.669196153422,0.5,679250.6944993888
2133.0774815840105,1.0,1328256.25
3518.3325720601815,0.8,1115664.0625
5360.437120010363,0.7,832656.25
8139.406379839535,0.6666666666666666,862576.5625
2567.155790748596,0.8181818181818182,1328256.25
4284.673911255954,0.6666666666666666,565629.340227639
5675.758573475207,0.875,793584.0277183889
2011.9707744548755,0.6666666666666666,1414117.3619038889
4671.296792849896,0.875,813002.7778378888
5058.692807861143,0.8888888888888888,820534.0277173889
2561.6448054526654,0.8,1133337.672901389
10547.114592043972,0.5555555555555556,670351.5625
2057.508890037198,0.5,1611841.839431389
2668.4978578482683,0.8,1094639.0625
6290.429106259918,0.625,695139.0625
5666.981081333707,0.75,583950.6944953888
2583.4947058293665,0.6,920000.6945083888
7133.220390451037,0.625,626076.5625
3457.3945014657843,0.6666666666666666,1383564.0625
3875.0296504130565,1.0,221291.8403091389
3642.8698882895724,0.5833333333333334,1334025.0
3608.268148049924,0.6363636363636364,1214587.672876389
4414.304736968728,0.8,1095511.1118088888
4579.761335915301,0.7,917604.3403416388
4181.7254640632,0.6666666666666666,1391416.839491389
1497.4911583975143,1.0,44979.340263638886
9152.17807916379,0.5,456750.694399389
1813.4622848549436,0.6666666666666666,1554177.7786088889
3222.045136826002,0.5,1257201.5625
4914.91405488427,0.5555555555555556,822800.173550639
5171.036905226508,0.5555555555555556,733877.7778348888
4578.3780262912915,0.5454545454545454,1075541.839586389
1485.6241949233654,0.5833333333333334,1752314.0625
4209.407320844617,0.6,983402.7778438888
4734.861338955169,0.7,940900.0
6668.143332822997,0.6,848701.5625
3967.6854460297363,0.6666666666666666,1313889.0625
4093.4689582724013,1.0,1171806.25
5504.780840303547,0.5833333333333334,1144008.506231389
815.7954186789391,0.6428571428571429,1788906.25
3417.1214716950512,0.8888888888888888,1126251.5625
10816.309974384232,0.8333333333333334,340764.0625
4009.6183223718044,0.6666666666666666,1510850.6952638887
6415.510573587681,0.875,832656.25
5748.9918850342865,0.4444444444444444,807002.7777178889
5335.366266502301,0.5555555555555556,803264.0625
7098.906590960255,0.8571428571428571,697921.0070001388
7628.130612507948,0.75,598044.4443928889
7061.103161778043,0.625,697921.0070001388
11208.016258632495,0.5714285714285714,466944.44439888897
7530.548471175614,0.5,364011.11107088893
4471.500067376572,1.0,120466.84025463888
10146.034696378289,0.8571428571428571,481289.0625
3338.346112442241,0.8,1038700.6951238888
9326.794109314764,0.5,416562.6736541388
8831.996290179484,0.8333333333333334,490583.5069911388
7918.90893431829,0.7,977626.5625
4160.000942941922,0.75,695834.0278333888
6637.257581127872,0.7,1131564.0625
2867.1708100100245,0.75,198767.3610813889
6146.611450785447,0.8,214291.8403086389
2290.247573237401,0.6363636363636364,1325376.5625
4705.203311759472,0.5555555555555556,997501.5625
5695.12629799536,0.75,862576.5625
9360.180501163835,0.5,601271.0069961388
6859.32090151012,0.4444444444444444,780277.777718889
11541.685977640156,0.5714285714285714,449458.50698913884
9531.7057881872,0.8333333333333334,401639.0625
11744.501349209526,0.75,129900.1736351389
2026.9262011935455,0.8181818181818182,1320584.0285438888
6108.179183278567,0.7,1120951.5625
3678.3843203303013,0.5555555555555556,1096383.506246389
3702.6990367521735,0.6363636363636364,1121834.0284838888
4644.246050473417,0.7,1101625.172911389
4422.9971741550835,0.5,210069.44441388888
8429.342635208732,0.5,346136.11107188894
7501.692777816305,0.7142857142857143,638001.5625
4024.8270073050808,0.7272727272727273,1048917.3617938887
3787.303996313252,0.7272727272727273,1086806.25
6659.238105713851,0.8333333333333334,413877.77773488895
4090.02702656557,1.0,88011.1111308889
4965.276402520323,0.75,655425.173557139
-648.0713773054043,0.6428571428571429,2066406.25
6693.883873749532,0.5714285714285714,473229.3403236388
5891.702989284238,0.875,919201.5625
7907.420846670089,0.3333333333333333,67600.0
2838.1744598243226,0.8181818181818182,1298650.172851389
1731.6041196831466,0.6428571428571429,1889479.339361389
4743.039087041091,1.0,308487.6736481388
3482.0117536371476,0.5,1413126.5625
3542.8593620973743,1.0,636006.25
4568.905914713831,0.7777777777777778,1110389.0625
2047.8473048483477,0.6363636363636364,1408177.7785688888
2385.306487252779,0.5,1445004.3394763889
12985.846151848333,0.5,16900.0
2529.677418404986,1.0,66736.11109388889
3360.070214732306,0.6363636363636364,1142226.5625
0.0,1.0,7154.340277213889
7388.149718273889,0.6666666666666666,856396.0070061388
2823.520838875452,0.7,1185376.5625
10154.965232519018,0.5555555555555556,691669.4444998888
2927.7762690383956,0.625,807751.5625
10682.35233655368,0.8333333333333334,356011.11115088884
3749.60346339103,0.8888888888888888,1030225.0
5742.323820845512,0.7272727272727273,1301500.693683889
2519.4842405890113,0.6666666666666666,1449014.0625
9427.818603210913,0.8,300212.6736476388
10996.71580200617,0.6,257133.50691063888
3773.6090278895895,0.5833333333333334,1258136.1118588888
5706.447455344657,0.5555555555555556,742469.4445018888
4330.3200379956215,0.875,879687.6736736388
5055.67058353301,0.875,787656.25
5590.395261742615,0.8571428571428571,644675.1736646388
3163.3488118216223,0.5714285714285714,613611.111058889
4104.865634180799,0.625,711211.1110548889
3743.0936634978243,0.8888888888888888,1099002.777078889
10841.716050689693,0.625,552544.4443948889
4202.245364691098,0.5714285714285714,498200.69439738896
6298.881355609723,0.6,872667.3611733888
7733.996505490854,0.7142857142857143,427934.02782138885
9516.336974690526,0.8571428571428571,490583.5069911388
3731.8922097255863,0.6363636363636364,1342701.5625
7378.747378200538,0.75,626736.1111638888
1872.083667417551,0.5,169812.67358363888
3246.263215726502,0.6923076923076923,1725939.0625
3612.974472531718,0.7,1121834.0284838888
620.2612733447919,0.75,1947187.6745413889
3848.5940685103237,0.6666666666666666,1484336.110298889
5438.077410051358,0.7777777777777778,904876.5625
5377.258121805469,0.7272727272727273,1225633.506206389
7978.325031459371,0.75,737451.5625
13319.467134849532,0.6666666666666666,274314.0625
6119.97818810217,0.75,871889.0625
7092.912101063334,0.8,255867.3610773889
6812.582770122879,0.625,646684.0278313888
8507.215312426359,0.5714285714285714,444444.44448888884
14393.32168952046,0.75,198396.0069741389
10101.942897028373,0.75,611654.3402256389
2593.1179621464803,0.625,825069.444383889
7369.104749998687,0.875,866450.694382389
7983.83100499792,0.6666666666666666,801771.0070041388
9462.853786917378,0.8333333333333334,465237.67356563895
4839.160421842362,0.6363636363636364,1180844.445168889
7731.934398495953,0.6666666666666666,896966.840214639
9024.440720930352,0.625,640666.8403311388
0.0,1.0,18225.0
6167.440193943039,1.0,405344.4444868888
3021.2609447020623,0.6666666666666666,1414117.3619038889
9247.632497866793,0.8571428571428571,593541.8403291388
3194.0442395785585,0.5714285714285714,583314.0625
7191.775420347873,0.4444444444444444,757625.1736691388
4523.493875342405,1.0,304796.0069076389
2100.404144787021,0.6666666666666666,1660876.5625
5810.869461258201,0.875,744625.1736686388
6913.65488260675,0.625,574437.6736616389
5021.681884373401,0.6363636363636364,1351406.25
5465.810319228714,0.7777777777777778,1021784.0271038889
0.0,1.0,3600.0
1989.5428434817816,0.5833333333333334,1226556.25
4108.281939726017,0.7,1026000.1742863888
3235.220187790583,1.0,656775.1736651388
2558.4186832290256,0.6363636363636364,1416100.0
7599.92151470654,0.8571428571428571,583314.0625
9919.25823181972,0.625,589696.0069956388
0.0,1.0,16900.0
7533.801357645197,0.8333333333333334,466375.1736566388
5851.763720141764,0.7142857142857143,611002.7778298889
4525.645493056509,0.7142857142857143,546983.506895139
4742.825712697582,0.7,1032764.0625
3268.6979892893655,0.6363636363636364,1328256.25
7114.286992520211,0.7,849469.4445058889
4491.724804823387,0.5,286671.00698013883
7498.602396653943,0.5714285714285714,452816.8403226388
4808.1118883198415,0.7272727272727273,1401264.0625
2693.582685129637,0.6666666666666666,1530375.172786389
3915.492504438294,0.875,870333.5070066388
8297.35746637859,0.6666666666666666,778806.25
2300.624999769938,0.0,40000.0
2700.5115791384246,0.7,1300550.1743713887
2962.4537318629464,0.6363636363636364,1358196.0077213887
4430.026131302532,0.5454545454545454,1108633.5076463888
6988.033857502571,0.6666666666666666,880469.444381889
2820.6178463386314,0.6363636363636364,1385525.172826389
8634.998884964232,0.625,661511.1110568889
7207.25666701638,0.5555555555555556,841041.840216639
2409.324719705223,0.6363636363636364,1509826.5625
5551.330489054203,0.8333333333333334,404284.02773538895
4061.5619736155163,0.6363636363636364,1225633.506206389
3446.454545159662,0.5,54639.0625
7470.283878643196,0.8,246264.0625
3441.0777562627554,0.5,591617.3611623888
2176.78304642494,0.8333333333333334,1805664.0625
9869.70255994938,0.8333333333333334,352044.44440488896
5039.098300636628,0.625,693056.25
8358.797247308392,0.6666666666666666,772201.5625
1064.307219152811,0.6153846153846154,1543806.25
2379.8202618051314,0.6666666666666666,1562500.0
1639.0123278503909,0.5384615384615384,1655511.111968889
3107.511513515758,0.7777777777777778,1074677.7784688887
2962.132344411698,0.625,831136.1111718888
2572.2837218892114,0.6,1136889.0625
3650.801828152982,1.0,117021.00692163888
6336.733152359927,0.8333333333333334,348591.8403171388
5329.2948476716765,0.8,1075541.839586389
7470.410680487102,0.75,510034.0278253888
7644.0332906542035,0.8333333333333334,320167.36107338895
8724.70533948151,0.8333333333333334,413877.77773488895
3659.326744609841,0.8333333333333334,1630941.839426389
2467.2761983393193,1.0,1114784.027073889
1684.530166970935,0.8181818181818182,1578164.0625
4043.025423511979,0.5454545454545454,1266562.674361389
6247.6275006855885,0.5,912025.0
3808.7864359292807,0.5384615384615384,1630941.839426389
12238.760969379591,0.75,170844.44441688887
5236.365769749474,0.36363636363636365,1014216.8396063889
3440.1065439415333,0.8888888888888888,1219184.0285138888
9307.966145167667,0.8571428571428571,578233.5069951388
14931.678396226009,0.8,255446.0069781389
8903.097792569655,0.5555555555555556,697921.0070001388
5072.6924669638465,0.6363636363636364,1189008.5076713888
4622.88322753034,0.7142857142857143,561875.1735611389
71.3250661423181,0.5333333333333333,2072400.172651389
8645.789587700749,0.5,523814.0625
5232.253018285617,0.8,1335950.693673889
7799.246224319456,0.5,537777.7777288889
4890.358767932049,0.7142857142857143,488834.0278243888
15128.44068282658,0.6666666666666666,77469.44442588888
6547.54102506956,0.6666666666666666,798789.0625
2329.4649065370577,0.75,1034458.5062663889
10398.598293053537,0.4,166736.11108388889
5866.749366154299,0.6666666666666666,1469146.006136389
2305.9681706929996,0.6363636363636364,1268439.0625
5749.069477348852,0.625,652729.3403316388
6592.099373148503,0.8333333333333334,360500.17365113884
2780.8478665956595,1.0,667625.173556639
3675.8993941169665,0.625,624758.5069971388
5557.659723386687,0.625,810750.1736711388
852.5429452509782,0.6666666666666666,2243754.3412763886
6133.072550037451,0.7,1045506.25
-180.83944219671275,0.6,2508264.0625
3489.3647245709767,0.6,1225633.506206389
2602.347107987594,0.8,1279726.5625
4191.026464559114,0.6153846153846154,1718284.026903889
8137.567812846367,1.0,386987.6735696389
5051.882131603544,0.7272727272727273,1254400.0
2610.3468542911355,0.8,1193556.25
7702.644580980447,0.5,342225.0
9453.797730075177,0.25,108900.0
10094.205443851726,0.8571428571428571,583314.0625
3884.3156426346004,0.8461538461538461,1943700.6953738888
4292.438753922968,0.6923076923076923,1888334.0286938888
6556.94825853756,0.6363636363636364,1152939.0625
5631.078867721788,0.6666666666666666,726756.25
1288.3997287022496,0.6666666666666666,1590751.5625
5367.57949903445,0.75,819779.3403381387
5065.452305533774,0.75,804011.1111708888
2025.3082650258766,0.6666666666666666,1581306.25
7783.642525136153,0.8,259250.6944783889
8327.773731176318,0.6666666666666666,62917.361094388885
5609.337503054653,0.625,771469.444385889
6876.534951175124,0.7,1064336.1117988888
3170.5568270954846,0.7777777777777778,990025.0
4830.8671358196425,0.6666666666666666,806254.3403376387
4379.867095180923,0.5714285714285714,560626.5625
5785.3042544583495,0.5714285714285714,625417.361058389
7006.645358060896,0.75,533508.5069931388
6780.641075879655,0.7,1031917.360433889
3536.4907995161593,0.7777777777777778,892237.6735481389
8139.475920719424,0.6,900126.5625
7695.543933294206,0.6,924802.7778418888
4079.9873427573943,0.7777777777777778,1002501.5625
7745.133073758075,0.5714285714285714,440011.11106688896
2883.7601856092256,0.8571428571428571,702802.777721889
6100.246479530704,0.7142857142857143,664904.3403321388
9528.735348525424,0.6,795069.4445038888
9931.417700812803,0.7777777777777778,709104.340221639
5548.311557229926,1.0,757625.1736691388
6417.340285188471,0.6,964487.673545639
6244.44100231609,0.7,1170904.339556389
5066.633640655621,0.5833333333333334,1171806.25
3136.4540621962565,0.6,1091154.339581389
4068.5676553050125,0.8571428571428571,775133.5070031388
5057.586581735904,1.0,182400.17358263888
6359.917198747749,0.6,882816.840215139
8931.265140397694,0.5,481867.36115738883
10386.760723588246,0.6,159334.0278043889
1993.3029475484968,0.8333333333333334,573175.1735606389
2251.9590895353003,0.6923076923076923,2037756.25
2558.432390743626,0.6153846153846154,1582354.3411163888
1818.0629119060081,1.0,150802.77775188888
1423.727626659026,0.6428571428571429,1940216.8412063888
4508.133390321837,0.8,340277.7777388889
3034.8787868235436,0.6428571428571429,1763362.6744963888
6390.265590209659,0.6666666666666666,1349469.4452188888
4316.3791210993495,0.75,896966.840214639
3921.359831327146,0.75,887521.006881639
5403.526447586635,0.7142857142857143,495850.6944913888
7059.225866757606,1.0,259250.6944783889
6767.367013850742,0.6,265225.0
9186.43619698565,0.6,310341.84024063894
3965.6921952418584,0.6923076923076923,1774446.006056389
8293.8204411101,1.0,374646.00690363895
4326.718287740955,0.7,929617.3611753888
5948.719497165325,0.6666666666666666,887521.006881639
2775.2333272842466,1.0,209306.25
2816.735441388225,0.8,1165500.1728913889
3747.9786550250233,0.7777777777777778,1118306.25
5523.3024967531355,0.7142857142857143,659479.3402236389
6193.677711641654,1.0,679250.6944993888
5406.1816603362,0.7272727272727273,1343667.3618838887
7403.576347439855,0.8,988367.3611773888
620.1748727834628,1.0,60229.34029413889
6032.893056767158,0.7272727272727273,1066916.8409663888
3214.401521062169,0.8571428571428571,686826.5625
7165.369165938373,0.7142857142857143,535336.1111598888
7240.403701801606,0.7,1026844.443768889
6750.120545253198,0.5454545454545454,1107756.25
6321.269628761203,0.5454545454545454,1135112.6743213888
5122.852414329723,0.75,576334.0278283888
5229.624961367532,0.6666666666666666,687517.3611663888
7865.8049491902475,0.5714285714285714,416025.0
6618.011536384944,0.6363636363636364,1274076.5625
2189.6470586517926,1.0,65025.0
6904.773394163827,0.6666666666666666,472083.50689863897
3295.5969432129837,0.7777777777777778,920000.6945083888
6100.842875625548,0.6363636363636364,1180844.445168889
2943.0230392614785,0.6666666666666666,1005841.8409463888
2630.8978234459737,0.625,971867.361045389
7536.803465366972,0.7,1014216.8396063889
3822.5552361332434,0.625,640666.8403311388
4392.599460945122,0.5454545454545454,1315800.172846389
9925.284003321278,0.6,772201.5625
16849.580346180504,0.3333333333333333,87025.0
4085.342964265509,0.6,998334.0278443887
8345.112918049777,0.6,934444.4445088888
4860.455967141811,0.5714285714285714,354521.0069841388
2005.5359768153028,0.875,1104250.693743889
6256.080112348631,1.0,550687.6735616389
518.0126340744563,0.625,2319275.1746263886
10535.94715829655,0.8,268669.44440988894
7160.289613736515,0.6363636363636364,1245084.027033889
7654.705642083353,0.6666666666666666,971867.361045389
9970.147073155911,0.8333333333333334,477250.69439838897
3241.0859139561317,0.5833333333333334,1436002.776978889
1551.8173924633393,0.6428571428571429,2084414.0625
3777.6231547908806,0.7777777777777778,1048917.3617938887
4966.1783209563455,0.6923076923076923,1661950.6953038888
2774.826951655955,0.7,1129791.8409863887
4295.275743172041,0.7777777777777778,799534.0278373888
1991.915811466595,0.6,1069500.6951338889
4095.1252016186136,0.7,965306.25
5560.72237069186,0.6666666666666666,922400.1736751387
8430.946369215704,0.6666666666666666,411736.1111538888
5082.828575658175,0.6666666666666666,773666.840219139
9254.533219725863,0.6,816011.111050889
5030.915423279963,0.875,805506.25
6889.603150581524,0.8571428571428571,436150.1736551388
7376.748112180481,0.6666666666666666,478979.340231639
3363.6483902323534,0.7142857142857143,786916.840218639
8586.312696275752,0.7777777777777778,841041.840216639
8021.712934196366,0.7777777777777778,831896.006883639
5727.125108860437,0.7,1160108.506226389
4689.123830197792,0.7142857142857143,528650.1735626389
2519.5997812594073,0.7777777777777778,1009187.6729413889
2904.708116493846,0.7777777777777778,910434.0278413888
6977.294116091156,0.5,726046.0068876389
4453.08215829269,0.7272727272727273,1445004.3394763889
3089.257890160291,0.7142857142857143,778071.0068856389
5971.177869708507,0.625,778071.0068856389
6641.984834305824,1.0,558133.506894639
3017.493236388171,0.5555555555555556,817517.3611713888
3850.4747264502125,0.6666666666666666,1435004.3410763887
7524.188568244214,0.6363636363636364,1062617.360423889
3401.227108327642,0.7777777777777778,916806.25
2741.1268893038023,0.75,1020941.8409513888
6856.17888155671,0.75,560626.5625
5238.844389321281,0.4,203250.69441438888
3745.8949958268795,0.6666666666666666,723208.5070011388
4334.0801075283025,0.6363636363636364,1366950.6952238888
1375.0938266715166,1.0,260525.1736451389
6492.568947627198,0.625,514806.25
3671.7548110091234,0.7272727272727273,1233950.693703889
4923.047639245402,0.7142857142857143,578233.5069951388
6245.1946268257925,0.8,1185376.5625
3154.8171847515027,0.6666666666666666,1093767.360413889
3404.1935403661114,1.0,218166.8402466389
2137.609957442206,0.8,1186284.0285038888
6875.520200138008,0.6666666666666666,1292958.506186389
3441.2467222479045,0.7777777777777778,1145791.8409913888
9045.575586971296,0.7777777777777778,751111.1111688887
4797.68739395752,0.875,715434.027721389
8791.043063602512,0.6,909639.0625
3940.3484264425747,0.7777777777777778,901708.506881139
6503.993683473024,0.7142857142857143,591617.3611623888
6416.322883753713,0.7142857142857143,644006.25
9873.763395396129,0.5714285714285714,472083.50689863897
6231.227207996164,1.0,88258.50692463889
3073.763951035493,0.7777777777777778,1095511.1118088888
8036.03658867579,1.0,485344.4444908888
5398.735823815536,0.8571428571428571,715434.027721389
6814.865430394379,0.75,822800.173550639
9844.173842959364,0.8571428571428571,550687.6735616389
8880.152619047623,0.6,839514.0625
5880.7918342744315,0.45454545454545453,1064336.1117988888
5897.247444207735,1.0,735306.25
3217.409341324678,0.8571428571428571,708402.7778338888
4869.0052170927265,0.7142857142857143,598044.4443928889
6288.100707588057,0.45454545454545453,1037851.5625
2632.9755489305912,0.9,1429021.0077413889
1380.3816811055706,1.0,270400.0
8118.664000308953,0.6666666666666666,620156.25
4096.4426004700135,0.6153846153846154,1362083.506166389
1872.545516228757,0.8333333333333334,553784.0278273888
6849.995830255645,0.7142857142857143,648696.0069981389
8435.629180328111,0.6666666666666666,449458.50698913884
4630.175859938572,0.6,1204506.25
6833.947728032574,0.5,865675.1736731388
3565.6786441305503,0.5,198396.0069741389
7043.927304767829,0.42857142857142855,548216.8403271388
6175.963537812819,0.8888888888888888,1037851.5625
5294.809355696023,0.6666666666666666,1457050.172806389
2446.4412859683302,0.6363636363636364,1275017.3618638888
7364.338586137622,0.6363636363636364,1160108.506226389
12941.212556030305,0.75,165377.7778048889
19014.786515290645,0.5,22002.777767888885
2641.50556474791,0.75,248751.5625
5375.116665845468,0.8333333333333334,299756.25
699.6226414566321,1.0,70225.0
4114.270043195364,0.75,610351.5625
3693.5143216047127,0.7777777777777778,839514.0625
6144.45344787149,0.6666666666666666,359500.17357113893
2924.9422307303553,0.8,1160108.506226389
3062.305358322919,0.7777777777777778,924802.7778418888
3150.014061141618,0.8,1054044.4451288888
3258.7465611097846,0.6363636363636364,1158314.0625
3732.2502350351924,0.8888888888888888,878906.25
4308.008257749054,0.8888888888888888,861029.3403396388
6109.762000867147,0.7777777777777778,660156.25
6056.274624598006,0.7777777777777778,690284.027722389
2863.5818706080236,0.875,847166.8403391388
4176.582060338404,0.875,926406.25
4421.347847014394,0.625,586500.6943933889
5905.998979980812,0.8571428571428571,526229.3403261388
6648.130317127736,0.75,632687.6736641388
2431.5363104491594,0.6923076923076923,1715008.506071389
5110.1913497548685,0.6666666666666666,1377689.0625
3801.902475301288,0.7777777777777778,926406.25
5536.5027101453325,0.6666666666666666,1347534.027003889
4060.458498743204,0.6666666666666666,1480277.7785888887
4530.5734162367025,0.6666666666666666,1449014.0625
9440.13792087555,0.5714285714285714,497612.67365813884
4393.205968520467,0.6666666666666666,1584451.5625
5450.506934985753,0.8181818181818182,1462084.028583889
3053.4159041644934,0.75,1888334.0286938888
7136.063861693231,0.6363636363636364,1043802.7784588888
7864.367629027699,0.8,944946.006879639
5485.527441304084,0.7272727272727273,1292958.506186389
5855.077770736995,0.7272727272727273,1251601.5625
4766.971896695432,0.6363636363636364,1236729.3395363889
6078.9679452834,0.6363636363636364,1202677.7785088888
3277.6422364760847,0.7777777777777778,830376.5625
3399.9262844656123,0.8571428571428571,632687.6736641388
5342.364968114012,0.6666666666666666,416025.0
5724.309483853874,0.8181818181818182,1263750.6951938889
6153.7972911344405,0.5,656100.0
4418.191961575788,0.7272727272727273,1469146.006136389
4561.089711755381,0.7,830376.5625
5787.693749549524,0.6666666666666666,695834.0278333888
2807.3208233198325,0.75,1774446.006056389
7058.119053755084,0.6363636363636364,1067777.777088889
3076.756849400859,0.8,1080733.506251389
4246.09463273499,0.8888888888888888,885167.361048389
3217.673257083178,0.875,853314.0625
4925.57527765044,0.6666666666666666,1552100.693613889
5335.755902917791,0.7272727272727273,1307211.110348889
4376.367872075881,0.7,960400.0
4779.12499648273,0.7272727272727273,1425039.0625
4047.4009110169536,0.75,1615017.360263889
3415.955921620179,0.75,1838284.026873889
3049.48143645335,0.5833333333333334,1584451.5625
3255.849469170544,0.3333333333333333,80987.67359213889
518.2773469732654,0.8461538461538461,2084414.0625
2996.914981678683,0.7777777777777778,905669.4445078888
1685.1568322992398,0.8181818181818182,1559376.5625
4127.546708968325,0.6666666666666666,1020941.8409513888
119.40893672151252,0.7142857142857143,2256254.339276389
11529.55915852605,0.8,241326.5625
-727.3450415929061,0.6875,2663696.005856389
14318.546537018256,0.6666666666666666,54250.17362663889
5138.885811719022,0.6666666666666666,1395351.5625
3508.363396720873,0.7777777777777778,887521.006881639
7256.252574144006,0.6363636363636364,1105126.5625
9786.996104919857,0.8333333333333334,392189.0625
276.8888517095402,0.6666666666666666,2241258.505946389
-1473.847479206781,0.7058823529411765,3081487.6747813886
6813.527335182675,0.7,980100.0
8271.047276750525,0.8333333333333334,437802.7778218888
1127.6369306175598,0.7142857142857143,2291439.0625
2998.262282334822,0.6923076923076923,1914764.0625
501.8367945806234,0.7333333333333333,2476689.0625
5963.566513931904,0.8181818181818182,1319626.5625
4126.1532343445,0.75,691669.4444998888
4435.84312726939,0.6923076923076923,1668402.7786388888
3932.1258815364936,0.6923076923076923,1801187.672716389
5588.630952434295,0.8571428571428571,465806.25
2419.25915840381,0.6428571428571429,2076000.693483889
4149.483233749311,0.8333333333333334,442779.3403221388
1229.3314608169462,0.6666666666666666,2125521.0079163886
3180.7464435699458,0.7142857142857143,2014034.0287238888
1960.4592111470884,0.8181818181818182,1371826.5625
2188.6011234251832,0.7142857142857143,2137687.672636389
2458.836848369538,0.8181818181818182,1472177.776968889
2376.719975521039,0.7142857142857143,2262517.362113889
3828.8074101864477,0.8,953064.0625
4802.72101044421,0.6923076923076923,1605500.172766389
1758.6278499817597,0.6363636363636364,1246014.0625
2049.9094038563726,0.5714285714285714,1979883.506006389
2576.7270048612413,0.8181818181818182,1349469.4452188888
2245.8078801143474,0.6666666666666666,1467126.5625
3885.9910531354653,0.7272727272727273,1094639.0625
2409.535840699615,0.8181818181818182,1379646.006161389
3705.1527635338557,0.7272727272727273,1133337.672901389
2336.3807271330998,0.8,1180844.445168889
4151.272833077863,0.875,802517.361051389
6627.752149664552,0.6363636363636364,1094639.0625
3231.314183304914,0.7,1278784.027023889
4539.839706448736,0.7777777777777778,968584.0278433888
2611.447883178437,0.8,1073814.0625
4470.51842810369,0.625,779541.8403366389
2385.251436049961,0.8888888888888888,1062617.360423889
2560.316118682515,0.875,837987.6736721388
6547.523592942605,0.6363636363636364,1174514.0625
4974.28227272884,0.7777777777777778,871889.0625
3910.9743267232548,1.0,967764.0625
6011.225780974159,1.0,557511.1111608888
6034.8515728804105,0.75,708402.7778338888
3123.111592864245,1.0,893025.0
6475.152469833816,0.75,662189.0625
4234.5094014772,0.625,522608.5069926388
6779.550167949312,0.875,672400.0
2648.0401388672076,0.875,934444.4445088888
3065.514056882201,0.6153846153846154,1470156.25
2107.278689681404,0.6923076923076923,1763362.6744963888
5825.940024472141,0.5714285714285714,417100.69440138893
5322.165091123485,0.4444444444444444,649367.361057389
4607.031158763535,0.875,714729.3403341388
4015.503197365749,0.625,770737.6736696388
3238.8926521049752,0.5,1087675.1743063887
3507.556564682054,0.6666666666666666,1012539.0625
7922.697543834188,0.8571428571428571,551925.1736606389
2061.7833379178355,0.6666666666666666,971046.0070101388
2908.0644568529756,0.75,786177.7778368888
9417.666655323383,0.75,544521.0069936388
3130.845292895561,0.875,829617.361050389
3894.53796210221,0.5,1349469.4452188888
3361.6406616227914,1.0,666944.4444988888
4907.461541241401,0.8181818181818182,1362083.506166389
5249.003056309382,0.6666666666666666,922400.1736751387
6480.961647619535,0.6666666666666666,815258.5070046388
4818.838472990885,0.7777777777777778,932834.027713389
3025.4964343466554,0.6666666666666666,1718284.026903889
3726.8297143924638,0.75,1661950.6953038888
5874.847255085882,0.5,410667.361068389
2735.9259132144857,0.5833333333333334,1630941.839426389
1664.7757373539582,0.8888888888888888,1197200.6951738887
5042.356662278216,0.625,591617.3611623888
7592.1421519863015,0.6363636363636364,1017576.5625
9036.430892581931,0.75,571914.0625
6849.687511881003,0.7142857142857143,603211.1111628888
5270.480535291013,0.5714285714285714,508844.44439688895
1812.2029155721705,0.7272727272727273,1601279.3411213888
3288.244152820959,0.6666666666666666,937669.4443798889
1647.119475852742,0.8888888888888888,1169101.5625
1180.6679389282422,0.9,1467126.5625
11759.916541149307,0.7142857142857143,385951.5625
1857.6402546406432,0.875,895389.0625
1432.5063956034996,0.8888888888888888,1158314.0625
1546.192104127835,0.75,1880326.5625
2191.44571479477,0.6428571428571429,2002225.0
4008.1608577164534,0.6153846153846154,1651225.0
2021.6694198282048,1.0,709806.25
3477.078682138279,0.8,1293906.25
3409.678522053522,0.75,1606556.25
9063.359044076828,0.6666666666666666,362002.7778178888
1492.6607846686488,0.7857142857142857,2328167.360093889
1043.7112002019726,0.6666666666666666,2371600.0
6060.069935581547,0.75,778806.25
2868.0609971956883,0.6363636363636364,1506756.25
2194.556114523134,0.6153846153846154,1842806.25
7064.3104776250675,0.6,255446.0069781389
1973.3477865740929,0.6428571428571429,1903250.172691389
5320.0367413180375,0.5555555555555556,865675.1736731388
4917.814793909926,0.5454545454545454,1124483.5076513889
2650.0764423691166,0.6153846153846154,1739101.5625
3193.2500766271037,0.6,331104.3403161388
5266.0787861526105,0.5,757625.1736691388
5888.674827762456,0.8,1029379.339601389
2325.4130371471047,0.8571428571428571,698617.3610553889
4909.172523435373,0.6666666666666666,796556.25
3244.275754534275,0.8571428571428571,616879.3403301388
4430.495609722734,0.6666666666666666,889091.8403406388
4253.5638826626555,1.0,471511.11115688883
2962.8418319471066,0.6,1085069.445138889
3774.5363686802607,0.8333333333333334,501736.11106388894
3617.1505860708676,0.7,1040400.0
2306.623626277813,0.9,1482306.25
5721.116689974562,0.5,260950.69441038888
5737.08780169314,0.5714285714285714,559379.3403276388
3897.4367280496035,0.8888888888888888,961216.8403431388
1702.079318322201,0.7,1255333.5076913887
9818.031390125148,0.8333333333333334,369562.67365163885
2014.5339853978483,0.9,1359167.360333889
3768.7296201354784,0.7,1109511.110408889
2129.094721390709,0.8888888888888888,1103375.1743113887
3925.559387583428,0.6666666666666666,879687.6736736388
2750.436355753299,0.7272727272727273,1477237.674421389
2742.8811844215006,0.5454545454545454,1216425.1743463888
4323.531735862344,0.8,1103375.1743113887
5251.7379395383405,0.6,879687.6736736388
1953.447710087343,0.9,1389451.5625
3407.4778709275993,0.7,1136889.0625
4077.346468056202,0.8,1142226.5625
4923.885848909398,0.6,914414.0625
3049.684748849036,0.8888888888888888,1171806.25
3125.477549448437,0.5555555555555556,963669.4445098888
3112.7889198239573,1.0,868779.340215639
4751.0347740621355,0.5833333333333334,1398306.25
3347.111492381889,0.6666666666666666,1670556.25
2791.737066868419,0.625,748946.0070021388
3733.9025930744774,0.6666666666666666,921600.0
5902.599346793625,0.75,733877.7778348888
3545.267250563768,0.6153846153846154,1439000.172811389
2299.556589837427,0.8888888888888888,1283500.1743663887
3263.988301289294,0.875,1010862.6742813888
4340.70205564073,0.5,1319626.5625
7351.211212522601,0.8571428571428571,544521.0069936388
4297.536428299912,0.5833333333333334,1429021.0077413889
5019.942529004965,0.625,571914.0625
3820.69057777696,0.6666666666666666,986711.111044889
3727.268032163071,0.7,1167300.174331389
5082.909757667893,0.7777777777777778,963669.4445098888
4405.750453350967,0.6666666666666666,1006677.777108889
4315.452942640634,0.75,1352375.1743863889
5179.0625489491385,0.7777777777777778,837987.6736721388
6729.71464452271,0.875,666944.4444988888
6206.998167494649,0.75,702802.777721889
3133.0410845240717,0.75,1725939.0625
6210.472128863113,0.5,434500.69448838884
5220.29515113181,0.5714285714285714,410667.361068389
6499.998886433897,0.5,118737.67358813889
861.3487447877421,0.8333333333333334,1914764.0625
7685.822200848402,0.6,230000.17357913888
4867.257459882994,0.8571428571428571,515404.3403256388
3734.5659151022737,0.9,1155625.0
1895.942550503242,0.75,1894064.0625
-148.37833150950152,0.75,3113754.339101389
8104.097082915938,1.0,46046.00693013889
8110.43457189988,0.7777777777777778,785439.0625
10925.389966668292,0.8,247921.0069776389
762.1612463690099,0.7333333333333333,2655541.839191389
4926.724335761116,0.7777777777777778,980100.0
2038.9455549171,0.7333333333333333,2384450.695473889
-565.1942743667358,0.6875,2788900.0
2364.4010938468127,0.7692307692307693,1890625.0
2602.489356166617,0.8181818181818182,1550025.0
6261.958109734937,0.7,841806.25
6629.995228339405,0.75,620156.25
8303.927574420451,0.75,145034.02775238888
-670.2415986615052,0.6875,2463591.839231389
3101.2013373981486,0.7692307692307693,1624562.672761389
4720.511914932633,0.5454545454545454,1274076.5625
1687.8411553069975,0.6666666666666666,1072950.693753889
7155.538175576216,0.8,993344.4445108888
4985.9341236296505,0.7272727272727273,1349469.4452188888
1767.0734965062031,0.875,932834.027713389
4221.605560993901,0.5,554404.340228139
6477.343345776925,0.875,697225.0
2406.3448509208315,0.8888888888888888,1089414.0625
5528.994289978831,0.8571428571428571,590336.111059889
6508.21868609651,0.875,750389.0625
5079.901298148778,0.7272727272727273,1312934.027013889
6650.458054484145,0.8,1096383.506246389
5672.5307533001105,0.5555555555555556,770737.6736696388
5268.640110873663,0.625,766354.3403361388
4158.6921160797065,0.875,727466.8403346388
3859.5941576814885,0.4,268669.44440988894
3955.7750929855647,0.5,426844.4444008889
12726.279193455945,0.75,131708.5069686389
6030.060012726732,0.75,731025.0
8441.694184936241,0.6666666666666666,356011.11115088884
5112.069473980743,0.75,201002.77774788887
926.0530554318235,0.75,2819600.6955638886
2463.5053779395785,1.0,507656.25
4908.197944450007,0.7777777777777778,1015056.25
4368.411910297524,0.7777777777777778,973511.1111768888
9108.49234064017,0.6666666666666666,280017.3611463888
35.52130616601817,0.6666666666666666,2278841.839271389
7188.048642351154,0.5,640666.8403311388
3284.0191140611064,0.5714285714285714,1787791.839386389
6639.482951472435,0.7777777777777778,785439.0625
8657.088216197839,0.8571428571428571,479556.25
6881.614113403096,0.875,728177.777720889
2689.614508629422,0.875,909639.0625
13031.293715863976,1.0,195069.4444738889
8389.314951196711,0.8333333333333334,456187.6736561388
2122.705629290157,0.7,1108633.5076463888
6731.026756599301,0.8,378737.67365213885
2714.2059496814495,0.6666666666666666,842571.0070056388
5425.591860150808,0.8333333333333334,563125.1736611389
3814.7911669230534,0.5714285714285714,439458.50698863884
9583.907969863145,0.75,564376.5625
-1316.9754098910546,0.7222222222222222,3659250.1748863887
6264.770514323678,0.7,970225.0
3868.044756051813,0.8,1305306.25
4080.0400372367735,0.5833333333333334,1506756.25
1723.5847269265075,0.6428571428571429,2207700.693453889
432.21287224902346,0.625,2670500.695533889
9318.620215872148,1.0,363006.25
8056.825068589208,0.75,805506.25
3519.8915323082647,0.6,975156.25
7849.925169759229,0.7,1055756.25
5346.575772833239,0.5,531684.0278263888
4926.686792217281,0.75,1653367.3602538889
3757.520165059373,0.7142857142857143,2056834.0287338889
-808.7220972284174,0.5625,2168256.25
5295.531306754689,1.0,294306.25
2501.3688459167115,0.6153846153846154,1386506.25
3205.0238436774957,0.6363636363636364,1097256.25
8141.4609239129795,0.6666666666666666,936056.25
5244.926216695358,0.7272727272727273,1502667.360293889
5986.3816059160035,0.5454545454545454,1043802.7784588888
1719.9684077716456,1.0,1222867.3603738889
4893.791804585173,0.5,738167.3611683889
8688.697729519105,0.625,528044.4444928889
2196.734638227405,0.8333333333333334,1962334.026843889
2785.019037012388,0.7,956321.0070096388
-288.62595728237505,0.5625,2130383.505971389
3378.0477341808196,0.8181818181818182,1526254.3411013887
7221.0486400530135,0.6666666666666666,795812.673551639
1699.4308343751845,0.6,1154729.339561389
3599.6188818951687,0.75,1739101.5625
4360.373880572533,0.8,328711.11107288895
6531.385253520694,0.7,944946.006879639
4401.183895663911,0.5454545454545454,844867.3611723888
5075.550075241338,0.7777777777777778,1200850.693713889
4082.7819532907492,0.6666666666666666,455062.67356613895
5663.741296535771,0.75,205511.1110808889
9273.517099444069,0.8333333333333334,370069.44440388895
1732.7657735015237,0.8571428571428571,778071.0068856389
3504.1060139928204,0.6363636363636364,1070362.6729213889
7630.9696259581915,0.6666666666666666,961216.8403431388
5053.325815278087,0.5555555555555556,622784.0278303889
6527.9243888517785,0.7,818271.006884139
10944.238341477323,0.75,117021.00692163888
5220.082353116361,0.6,1054044.4451288888
6342.9873492957095,0.875,789876.5625
1235.0284007352318,0.8888888888888888,1271256.25
5547.3342128243685,1.0,225229.3402461389
338.20152206731024,0.5333333333333333,1958833.506011389
8879.673556251693,1.0,378737.67365213885
5667.178121690553,0.5454545454545454,910434.0278413888
4250.699825613961,0.7777777777777778,1125367.3604038889
2977.771561005607,0.45454545454545453,1048917.3617938887
9065.799138137578,0.8333333333333334,388025.17365263886
7289.493873898329,0.7142857142857143,592258.506893139
4396.043602169859,0.6363636363636364,1144008.506231389
6675.703954229303,0.6666666666666666,893812.6736741388
3699.725654213018,0.75,764896.0068861389
4145.062880063353,0.8571428571428571,757625.1736691388
3309.1857611323444,0.6666666666666666,1618196.006096389
3894.3848117397147,1.0,537166.8403266388
12376.98424208694,0.6666666666666666,242966.8403106389
7687.3016397100655,0.7142857142857143,701406.25
9261.76868500283,0.6666666666666666,340277.7777388889
4002.6151985056667,0.8,1126251.5625
3927.0985187670244,0.5,207025.0
2326.9869990130674,0.8,389064.0625
5552.6067711457235,0.75,865675.1736731388
-94.77800570436511,0.7333333333333333,2830806.25
6887.344442011528,0.7142857142857143,632687.6736641388
3247.84009858978,0.7,1355284.028553889
5756.293315312616,0.8333333333333334,467514.0625
5248.597717324186,0.7777777777777778,857939.0625
3535.7073296942617,0.6,348100.0
6206.86842509613,0.75,709104.340221639
8960.778021666722,0.4,228802.7777458889
882.9579407647257,0.7333333333333333,2361344.4454688886
1562.1254490600616,0.6363636363636364,1287279.339521389
3774.787516550404,0.6,949812.673546139
7324.780236691867,0.7,1082466.8409713889
6813.080499707571,0.8571428571428571,656775.1736651388
6566.691922052061,0.5714285714285714,523814.0625
2752.4236801494585,0.6923076923076923,1667326.5625
2354.325556756009,0.5714285714285714,678564.0625
3901.421783496274,0.6153846153846154,1605500.172766389
7620.624508013311,0.6666666666666666,816011.111050889
3502.8538435381693,0.625,707000.694388389
1265.5454039564563,0.5384615384615384,1611841.839431389
10652.80674549367,0.8571428571428571,555646.0069941388
3892.6779200231103,1.0,518400.0
1655.1381548598304,1.0,420336.11106788897
4649.538785516627,0.7777777777777778,1024312.672936389
8432.487515638151,1.0,285779.34024213895
2992.324732547831,0.5833333333333334,1248806.25
4291.16561233808,0.8,1210916.8410113887
4906.532791271574,0.625,844101.5625
4577.7636403157085,0.6666666666666666,964487.673545639
5554.983214696832,0.6363636363636364,1066916.8409663888
5931.2006830387545,0.7,1124483.5076513889
4045.147112600387,0.8333333333333334,488251.5625
6444.937306284793,0.5714285714285714,542677.7778268888
3279.915506513633,0.6923076923076923,1634136.110258889
4915.375508543657,0.5,337367.36107238894
3191.923371424462,0.8571428571428571,691669.4444998888
1349.0885470477542,0.6666666666666666,1650154.339421389
10325.203053491618,0.5714285714285714,462400.0
2389.5781494391813,0.6923076923076923,1947187.6745413889
10405.607247482152,0.8,270400.0
1268.2815785879611,0.7142857142857143,2410256.25
7012.328530867675,1.0,20904.340268138887
81.61982330650429,0.6666666666666666,1881469.4453588887
8325.234817771265,0.8,263511.1110768889
6727.1899204759775,0.5555555555555556,751111.1111688887
4115.680967894609,0.7272727272727273,1318669.443678889
1670.0009540575356,0.8571428571428571,755450.6945023888
3550.514290977998,0.6,346136.11107188894
11128.697870952008,0.5714285714285714,474376.5625
2876.796083185091,0.8181818181818182,1504711.1119288888
7820.456200654916,0.7777777777777778,707000.694388389
13163.188793894658,0.75,85800.17363063889
6790.349227020891,1.0,555646.0069941388
1172.2498651831206,0.5714285714285714,1903250.172691389
10274.277978882626,1.0,237250.17357863887
5666.9796663069565,0.5,642669.4444978888
6902.196803505118,0.75,807751.5625
9300.036612508713,0.7142857142857143,437802.7778218888
6506.589234981527,0.75,739600.0
5406.0856475311775,0.7,1113904.3409813887
6691.546348169064,0.75,717550.173554639
9360.798152039779,0.625,535336.1111598888
7240.4619836981865,0.5555555555555556,804011.1111708888
4050.3039527691203,0.7,945756.25
5092.455056001277,0.7777777777777778,1037851.5625
5432.395486028955,0.75,725336.1111678889
4914.374764702336,0.7777777777777778,960400.0
5132.593198521775,0.7777777777777778,935250.173546639
4527.628023383845,0.7777777777777778,1131564.0625
6356.28577400832,0.875,807751.5625
5667.19608643501,0.625,677191.8403326388
5620.1477755967635,0.7777777777777778,763439.0625
6600.523415248651,0.875,846400.0
7049.7606537469865,0.8571428571428571,566883.5069946388
5614.730588552732,0.6,1069500.6951338889
6588.212237487486,0.875,754002.777719889
5222.365284573166,0.6,1096383.506246389
9424.74178205165,0.75,566883.5069946388
3378.8664974497324,0.7,1351406.25
7035.775876941173,0.6666666666666666,842571.0070056388
5005.7364875108615,0.7777777777777778,995006.25
3816.883870593595,0.5555555555555556,944946.006879639
3717.6677555300153,0.7,1046358.5076263888
6832.215006847655,0.75,692362.673555639
4820.196194975733,0.75,813754.340217639
4313.272985341052,0.7777777777777778,1061758.5076313887
4567.060968924462,0.7777777777777778,1035306.25
6964.53388373896,0.6666666666666666,813754.340217639
5249.421306756603,0.7777777777777778,1026844.443768889
4676.70797406085,0.6,1138666.8395663889
7041.982609345013,0.875,719669.444387889
6346.832584186585,0.7,1025156.25
5986.55401873797,0.7,1051479.3409613888
3998.6914723196746,0.8,1301500.693683889
5558.870572255923,0.8888888888888888,952250.6943793889
4200.722347016793,0.5555555555555556,849469.4445058889
5283.701346691908,0.5,1000833.5076113888
4903.868520210233,0.5,1026844.443768889
4858.1997011679505,0.6666666666666666,928814.0625
4725.711131708259,0.6363636363636364,1105126.5625
4304.407045128394,0.6363636363636364,1132450.6951538888
3012.8114033437732,0.7272727272727273,1391416.839491389
4367.560124164279,0.7777777777777778,1143117.3618238887
5433.82176151929,0.7,1233025.1743513888
3519.134194353064,0.8,1502667.360293889
5585.359272472655,0.8888888888888888,1125367.3604038889
9362.724075359269,0.8571428571428571,466375.1736566388
8737.569235410938,0.6666666666666666,740316.8403351388
8335.365034722481,0.6666666666666666,762711.111052889
6012.30887479525,0.7777777777777778,977626.5625
8129.4358003792,0.875,678564.0625
7383.15084593844,0.6666666666666666,875004.3403401388
6349.51735195874,0.875,776601.5625
7982.367620875976,0.6666666666666666,783225.0
5925.614977839853,0.7,1204506.25
6966.997636040672,0.6666666666666666,899336.111047889
7614.442730467996,0.6666666666666666,806254.3403376387
3166.405957877305,0.8,1401264.0625
7339.421169823253,0.6666666666666666,725336.1111678889
3245.1854242639924,0.6,1274076.5625
4845.231883723065,0.8888888888888888,1037851.5625
5231.064949354629,0.6,1033611.1117888888
4927.00425254364,0.8,1029379.339601389
16335.957129211078,0.6666666666666666,43402.77776388889
-420.8291498756811,0.6923076923076923,2120664.0625
5110.22938579706,0.8,1022626.5625
12480.936119435262,0.8,214677.7777468889
1627.0617891658128,0.6363636363636364,1443001.5625
3709.051756369683,0.8181818181818182,1313889.0625
7493.169859368688,0.875,801771.0070041388
10524.837947829996,0.8333333333333334,358002.777737889
1028.7418743377814,0.7692307692307693,1904400.0
4431.194385613122,0.8,1275017.3618638888
1899.057918586787,0.8888888888888888,1202677.7785088888
14121.24440451011,0.42857142857142855,328711.11107288895
1191.7401235345471,0.9090909090909091,1801187.672716389
15669.154790421633,0.4,196544.4444148889
1635.4068959068868,0.8461538461538461,2167029.339296389
9236.213778481693,0.5555555555555556,686136.1110558889
2271.1283598047753,0.8888888888888888,1181750.172886389
9879.492178903794,0.5714285714285714,487669.44439788896
3655.986760208397,0.8181818181818182,1481291.839466389
5097.764574379055,0.6666666666666666,1461076.5625
3816.024569249937,0.8333333333333334,499377.7778248888
7483.271237242959,0.6,928011.111046889
2733.7015166414676,0.875,906462.6735476389
7996.184445507251,0.625,694444.444388889
4572.122580261005,0.8,1170904.339556389
202.93628020713152,0.6875,2892834.026643889
2232.973908069178,0.6428571428571429,2080806.25
5580.90972630691,1.0,223650.1736426389
4098.725329454094,0.5833333333333334,1433008.506146389
3928.5789344598734,1.0,516002.77772988897
9871.258128791607,0.2857142857142857,390625.0
2874.9542541805627,0.9090909090909091,1541736.111938889
2418.2226617025913,0.8461538461538461,1881469.4453588887
4866.965649010583,1.0,981750.6943783889
5724.920628974564,0.375,556267.361061389
5791.6065755350255,0.9,1256267.360363889
-1399.9814334530497,0.625,2811211.1122288886
14218.105261661252,1.0,36100.0
609.1182577122016,0.5714285714285714,2011669.443498889
8968.22581620775,1.0,201002.77774788887
2401.7716847709553,0.5,1375733.5077263888
6270.788508278072,1.0,481289.0625
7072.350689226126,0.7142857142857143,520802.7778258888
6437.154514166154,0.7142857142857143,596112.673559639
3313.6564531055988,0.6,1116544.4451488887
3060.767238065258,0.7272727272727273,1226556.25
3896.762913768775,0.8,1331139.0625
6067.8827578647215,0.7777777777777778,840277.7778388888
9288.237405073161,1.0,74029.34025963889
3911.1473435694043,0.8,1243225.0
4170.283773938691,0.8,1214587.672876389
6105.909221398358,0.7,973511.1111768888
3930.8730764862935,0.6363636363636364,1326336.111878889
5270.4722973983735,0.6,847934.0277163889
6949.242754607288,0.5555555555555556,1038700.6951238888
1584.0611105177702,0.8181818181818182,1944862.672681389
2495.6418660486397,0.5384615384615384,1462084.028583889
7524.965926352444,0.5555555555555556,636006.25
3308.7707563105,0.8,1147576.5625
5846.154566412253,1.0,594826.5625
4019.180337851114,0.8571428571428571,598689.0625
3138.8618373019317,0.9,1154729.339561389
3064.1646088356383,0.9090909090909091,1282556.25
5358.81947502071,0.6,825069.444383889
3940.067346511642,0.6,999166.840211139
6119.698554771796,0.875,695139.0625
3759.374259844724,0.8,1437001.5625
3949.0785930786315,0.6666666666666666,1530375.172786389
848.5859659917118,0.5294117647058824,2292700.6954538887
3003.8575845772993,0.6153846153846154,1456044.4452488888
5462.23831582694,0.5555555555555556,718256.25
4763.989415704294,0.75,786916.840218639
3798.473286224384,0.75,827341.840217139
3184.34805396943,0.6153846153846154,1335950.693673889
10999.183137622744,0.8571428571428571,571914.0625
2635.2824872006827,0.9,1297700.6952038887
4028.764640182355,0.5833333333333334,1125367.3604038889
6735.203364831279,0.25,92011.11109088888
1197.4088253030548,0.8333333333333334,1755625.0
3283.3324469189884,0.875,934444.4445088888
2975.5977083349508,0.8,1179939.0625
5397.537202617081,0.7142857142857143,574437.6736616389
1913.3336137130573,0.8461538461538461,1682425.172746389
7710.619884157102,0.5,429571.00698813883
6594.545497051275,0.4,130501.5625
2870.3843567936774,0.42857142857142855,1462084.028583889
5034.449933619563,0.6363636363636364,1082466.8409713889
6771.29481590547,0.7142857142857143,468084.0278233888
3784.2925164795897,0.8888888888888888,1237656.25
3685.049540227044,0.5833333333333334,1733611.1119888888
7627.12645887254,0.6,988367.3611773888
707.2694782920247,0.5,2381877.776748889
10134.351554792793,0.5714285714285714,614917.3611633888
4168.785182317329,0.8571428571428571,679937.673556139
5993.069471732351,0.6,807002.7777178889
1951.3768331240447,0.8333333333333334,1675946.006081389
1694.746746070851,0.6153846153846154,2029437.672661389
5353.081373241238,0.5454545454545454,1343667.3618838887
4775.3179249432915,0.6363636363636364,1387487.6743963887
2989.2726716915295,0.6153846153846154,1490434.026963889
4065.0021366268334,0.6363636363636364,1284444.443688889
1706.8023567325172,0.4666666666666667,1963501.5625
3926.6405415558015,0.6666666666666666,1610784.0286238887
4686.132550807068,0.5454545454545454,1396336.1118988888
3421.114823259162,0.8,1149362.672896389
5880.786012943183,0.4444444444444444,718962.6736676388
1014.9683524049441,0.6428571428571429,2074800.1745713889
3926.931899402609,0.5833333333333334,1266562.674361389
3238.057692768061,0.5833333333333334,1345600.0
2436.898668806591,0.8181818181818182,1475212.672801389
4396.530716013311,0.6363636363636364,1129791.8409863887
4522.400211258447,0.6363636363636364,971867.361045389
2816.639390452685,0.5833333333333334,1496544.443628889
4282.542384843119,0.5454545454545454,1393383.5077313888
4341.557048908321,1.0,1232100.0
9597.721584727811,0.5,716844.4445008888
3373.078983645764,0.6666666666666666,1586550.172771389
6376.037853811073,0.625,598689.0625
7750.6790081292975,0.8571428571428571,758350.694386389
8341.16250807568,0.0,51000.69442938889
2741.95051543636,0.6153846153846154,1943700.6953738888
3519.296756062763,0.8,1122716.839571389
5200.49025650213,0.5454545454545454,1113904.3409813887
4753.138056704854,1.0,834177.7777168889
4403.885086620785,0.6363636363636364,1103375.1743113887
4999.381260232452,0.6363636363636364,1062617.360423889
4511.825639575696,0.8888888888888888,826584.0278383888
4090.588830804476,0.3333333333333333,1152939.0625
4968.50141465704,1.0,94812.6736316389
4584.838183835456,0.6,1017576.5625
4222.220535255606,0.5454545454545454,1147576.5625
7997.204603350026,0.5555555555555556,911229.340214139
1833.088526341139,0.8333333333333334,1715008.506071389
6703.884847196442,0.5,470367.36106538895
3221.428030588966,0.5833333333333334,1644806.25
9541.832252556409,0.5,738167.3611683889
3373.152061508754,0.9,1553139.0625
5619.877348373247,0.6,685446.0069996389
2980.9614860057663,0.6666666666666666,1768900.0
2938.1452287136763,0.5833333333333334,1314844.4452088887
5114.32781558467,0.875,733164.0625
3974.8148259772215,0.6363636363636364,1126251.5625
7002.895733321541,0.4444444444444444,693750.1736666388
6289.113856247788,0.6363636363636364,1188100.0
1767.0755215028153,0.9,1704112.6744813889
5759.712301620459,0.875,1033611.1117888888
5178.940182157394,0.8888888888888888,1197200.6951738887
2370.98312504382,0.7272727272727273,1457050.172806389
-507.94478454886996,0.6666666666666666,2592100.0
4746.941561957602,0.75,699314.0625
2553.3688151020137,0.5714285714285714,1679184.026913889
2435.698142018809,0.6666666666666666,1495525.1744263887
1507.9888848252363,0.6923076923076923,2167029.339296389
7310.048697436472,0.5,1034458.5062663889
2337.2370057595613,0.6666666666666666,1944862.672681389
5993.749177818388,0.8571428571428571,488834.0278243888
3627.615316995885,0.6666666666666666,1168200.693723889
5550.095418329839,0.8571428571428571,583314.0625
4392.474839476375,0.5833333333333334,1567712.672776389
4847.025311914909,0.6,1236729.3395363889
2574.6142638749207,0.5833333333333334,1814633.506046389
3552.1677531104565,0.6666666666666666,1354314.0625
4968.512154774633,0.5,226417.36107938888
-780.2127911682281,0.6875,2861736.1122388886
-1708.719061842079,0.7058823529411765,3129950.6956238886
7724.120348728956,0.75,871111.111048889
3375.281313418407,0.75,1319626.5625
6427.612627045015,0.8333333333333334,386469.4444858888
4417.893698439239,0.6666666666666666,1518029.339456389
5459.097816462281,0.5454545454545454,1372802.7785588887
5306.426290937827,0.9,939284.0278423888
9442.214897762748,0.8333333333333334,328711.11107288895
13010.424319709551,0.5,412271.00690163893
6031.060711730762,0.75,580136.1111618888
4553.79602371474,0.8,1105126.5625
2778.2844667886898,0.6428571428571429,1659802.776918889
2917.677238664584,0.6923076923076923,1619256.25
3144.119117029922,0.6428571428571429,1463091.839471389
6719.819297624895,0.0,96617.36109038889
748.3254671381575,0.6923076923076923,2248750.172611389
5869.367891137203,0.8888888888888888,881251.5625
3340.292504185182,0.5384615384615384,1455039.0625
5837.941071008268,0.5454545454545454,937669.4443798889
4506.079535909985,0.7777777777777778,872667.3611733888
4886.64046485814,0.7777777777777778,844867.3611723888
6346.098105338473,0.7142857142857143,485344.4444908888
3720.3416782840272,0.7777777777777778,901708.506881139
5986.26582138355,0.6666666666666666,998334.0278443887
6220.1764309311275,0.45454545454545453,908844.444380889
7186.262091838038,0.4,1044654.339596389
5524.059094175711,0.6,1213669.4451788887
1761.088655252866,0.75,2001046.006001389
6227.363698828213,0.6666666666666666,92011.11109088888
3501.5672610317433,0.8181818181818182,1210000.0
6688.690927990234,0.6,240508.5069771389
11103.58093082305,0.5,499377.7778248888
14316.597070226784,0.4,318754.34024013893
-660.96611055788,0.7142857142857143,2690966.8413713886
6857.884344345322,0.5,771469.444385889
6416.784075711957,0.6,798044.444384889
4228.483991982404,0.5454545454545454,1408177.7785688888
8380.508417997387,0.5,413877.77773488895
8170.846205825003,0.75,532900.0
5988.933206595502,0.5,616879.3403301388
7913.137741722107,0.5714285714285714,683377.7778328888
5214.588100011374,0.6666666666666666,1100750.6951438887
5277.6444461597675,0.5,1062617.360423889
2541.4113180917084,0.5714285714285714,1648014.0625
4410.19155476256,0.7,1269377.7785288887
3936.907743005516,0.7272727272727273,1403237.672821389
4690.082346758739,0.7272727272727273,1379646.006161389
4403.477764566452,0.5833333333333334,972689.0625
5984.320820595092,0.625,938476.5625
3261.7654697370494,0.7,1445004.3394763889
5837.482722171667,0.5555555555555556,1044654.339596389
4307.983540721949,0.7,1395351.5625
4727.061661417147,0.6363636363636364,1158314.0625
7612.75502171248,0.6666666666666666,251251.5625
5885.117475230952,0.6666666666666666,662189.0625
4884.167857326357,0.7,994175.173544639
7153.7124974968965,0.6666666666666666,308025.0
6613.468380195705,0.75,605802.777725889
8802.564371369044,0.75,318754.34024013893
0.0,0.0,3906.25
1823.3111763836205,0.6153846153846154,2064011.1120688887
6181.639248317587,0.5,662189.0625
2427.0486906634915,0.46153846153846156,1822500.0
2946.296001045105,0.6666666666666666,1681344.4453088888
3875.416123919129,0.6153846153846154,1390434.0285638887
1823.6796590083843,0.5833333333333334,1822500.0
9772.896150721679,0.5714285714285714,634014.0625
11379.35768359538,0.6666666666666666,88506.25
5995.102992030864,0.6666666666666666,1079867.3618038888
5870.935245514833,0.5454545454545454,913617.361047389
5184.938313459638,0.7,913617.361047389
4094.113583397517,0.5,1219184.0285138888
4017.375317116328,0.6153846153846154,1418084.026983889
4075.736475118215,0.5,1080733.506251389
4527.208088479212,0.6666666666666666,1136000.693733889
4952.0999833349715,0.5833333333333334,1075541.839586389
5168.419167729522,0.6363636363636364,1037851.5625
5744.877635689237,0.875,922400.1736751387
7456.482019724334,0.6666666666666666,938476.5625
6062.7766735106625,0.5454545454545454,885167.361048389
6823.013052970771,0.6666666666666666,664225.0
5081.4693783528655,0.8181818181818182,1099002.777078889
3990.752959386904,0.6363636363636364,1081600.0
3523.88737559087,0.5833333333333334,1215506.25
2886.171581471464,0.6363636363636364,1600225.0
3934.3359590273226,0.6363636363636364,1444002.7785788889
7188.244195864385,0.4444444444444444,673083.5069991389
4379.846153615129,1.0,18337.673620138892
2502.65653622369,0.6428571428571429,1772226.5625
3425.103293562333,0.5714285714285714,1570844.443608889
4689.837803205398,0.5,1083334.0270838889
2873.9532828726274,0.8,1170904.339556389
2990.9415218102645,0.5,1625625.0
4704.510768862527,0.5833333333333334,1481291.839466389
4631.767267302181,0.6,1297700.6952038887
3596.677912965354,0.6153846153846154,1414117.3619038889
3469.6054843832467,0.875,838750.694383389
4436.054034674979,0.8181818181818182,1221946.0076813889
6243.011758803406,0.875,573175.1735606389
3099.3294682395326,0.6363636363636364,1347534.027003889
5935.833985414762,0.6,1229326.5625
6504.599815224349,0.6666666666666666,1039550.172931389
5088.248526333765,0.6666666666666666,1102500.0
4299.798308418799,0.8,1134225.0
7126.949621776829,0.8333333333333334,393233.50690263894
4536.208949945169,0.36363636363636365,1022626.5625
838.8263010344091,0.6428571428571429,2421914.0625
6908.439479798301,0.7142857142857143,781014.0625
3290.216568387248,0.5384615384615384,1396336.1118988888
3589.2840464780734,0.6153846153846154,1675946.006081389
4045.418241382398,0.875,724626.5625
5348.791570636694,0.5555555555555556,744625.1736686388
4735.315398395752,0.5,1249737.6743563889
4498.183768324796,0.6666666666666666,1246944.4451888888
3801.1536875045535,0.5833333333333334,1252534.028523889
4748.025159372884,0.6,1235802.7785188889
5164.771327859905,0.5555555555555556,860256.25
5567.992905639765,0.45454545454545453,789876.5625
4124.45176922274,0.7272727272727273,1468136.1119188888
5582.979190206224,0.7142857142857143,499377.7778248888
3927.9679819631824,0.5454545454545454,1205421.0076763888
7669.636656904903,0.6,964487.673545639
2290.13851218566,0.6666666666666666,1854136.1120188888
3429.35034825329,0.7272727272727273,1492469.4452588889
7667.648054109497,0.5,790617.3611703888
5997.45680576682,0.8,814506.25
7629.947151348235,0.7142857142857143,475525.17356513895
6450.703415903935,0.8571428571428571,566256.25
4913.765810497934,0.8888888888888888,952250.6943793889
3793.1436276214904,0.4166666666666667,1185376.5625
3843.713182614608,0.5384615384615384,1285389.0625
3801.9849239493137,0.6363636363636364,1546914.0625
-54.463324774698215,0.5,2557334.0288438885
510.7645098756688,0.6666666666666666,66306.25
5778.912603643807,0.8333333333333334,400583.5069866388
3221.1578092674035,0.6363636363636364,1603389.0625
4474.132011216928,1.0,140937.6736361389
2127.9147070969684,0.6666666666666666,1815756.25
7164.705696832238,0.6666666666666666,107529.34029963889
7523.239593757129,0.6666666666666666,648025.0
5569.90750229496,0.7272727272727273,1055756.25
3707.5312379861534,0.5,1600225.0
7434.59434727264,0.42857142857142855,455625.0
7605.118695199869,0.8,277377.77781288885
4567.358095459681,0.8333333333333334,460701.5625
6726.208309038741,1.0,457314.0625
8407.16234921415,0.6666666666666666,868002.7778398888
8405.616396979352,0.8333333333333334,341737.67357213894
5882.361010624282,0.8571428571428571,542677.7778268888
5044.355588026094,0.5454545454545454,943326.5625
7722.177362446132,0.8333333333333334,437251.5625
0.0,1.0,20187.673601638886
5428.187941527714,0.5833333333333334,1328256.25
2977.343510803466,0.8333333333333334,552544.4443948889
10165.638375783577,1.0,114751.5625
4440.39928364372,0.6,917604.3403416388
7061.378025278838,0.8333333333333334,620812.6736636388
5482.052724755408,1.0,878906.25
3613.33765627674,0.7,1419076.5625
3281.9987834126346,0.7272727272727273,1593906.25
2606.3472986974243,0.7272727272727273,1619256.25
4431.925258136885,0.45454545454545453,1094639.0625
6189.020496881731,0.8333333333333334,467514.0625
7495.517855303286,0.7777777777777778,982576.5625
6905.110482526934,0.625,895389.0625
5531.611796544621,0.5,699314.0625
3298.295405660359,0.5,1431014.0625
7871.442420904691,0.2,204002.7778078889
3960.5460715907343,0.8,1245084.027033889
5513.425463858712,0.7142857142857143,796556.25
4156.9759306348,0.875,813754.340217639
4476.980782978101,0.8888888888888888,921600.0
7195.157254876582,0.8,235225.0
2817.648488534512,0.8,1292958.506186389
9170.627556740086,1.0,98962.67359013889
4006.1304853808197,0.6153846153846154,1273136.110358889
12798.441075823535,1.0,261376.5625
2117.4191884738034,0.8,1328256.25
4469.091638669364,0.75,809250.173551139
7549.174673875496,0.75,201750.6944743889
6215.505601773796,1.0,300212.6736476388
10075.926619595593,1.0,156684.02775138887
3337.695412888258,0.8,361501.5625
6476.267440907953,1.0,358501.5625
4814.4142545266905,0.6,1263750.6951938889
5489.839990360899,1.0,720376.5625
6845.122396465995,0.6666666666666666,925604.340213639
5228.521179698348,0.5454545454545454,957136.111045889
3748.445589643632,0.5,1318669.443678889
9374.654879192627,0.5,737451.5625
7554.878334235413,0.625,880469.444381889
7136.9815989262415,0.625,817517.3611713888
4289.586023590003,0.5384615384615384,1382584.026993889
4346.411144856001,0.5384615384615384,1234876.5625
3082.917817140154,0.8,1259071.006196389
4500.008086719081,0.5555555555555556,1107756.25
5156.625944868056,0.7,1246944.4451888888
5591.1721901457095,0.45454545454545453,928011.111046889
5204.732085078682,0.5454545454545454,985883.5070106388
1835.7488822953,0.7692307692307693,1950677.7787088887
6982.728438594686,0.375,470367.36106538895
5187.078585226588,0.45454545454545453,803264.0625
4087.0375065269664,0.7,1401264.0625
7109.506827088511,0.7142857142857143,759076.5625
2820.2946373373106,0.4666666666666667,1616076.5625
3838.5862513471925,0.6,1103375.1743113887
6885.223916863059,0.7777777777777778,680625.0
4527.164960945875,0.5454545454545454,954691.840212639
1881.0071219111896,0.6923076923076923,1777777.776888889
6751.5781664831575,0.5714285714285714,396900.0
2990.6146754211127,0.75,1509826.5625
1685.4519581163315,0.9090909090909091,1784450.693553889
4843.812128733335,0.5833333333333334,1104250.693743889
4937.619162305615,0.875,830376.5625
8856.400576755532,0.6,261802.7778118889
5209.625455635022,1.0,548834.027728389
3303.3775474360614,0.6153846153846154,1571889.0625
1187.792300888859,0.75,2029437.672661389
3968.779733083211,0.6666666666666666,470939.0625
7467.650339223403,1.0,539000.6944933889
3660.1297678599626,0.5,1022626.5625
2766.7435099257455,0.75,863350.6945063887
4028.3099354934725,0.875,858711.1111728888
2257.3169543036843,0.6363636363636364,1625625.0
5446.049748326825,0.875,803264.0625
13055.761187828153,1.0,49877.77776288889
2635.3210323099524,0.5,51000.69442938889
3117.4308296006075,0.8333333333333334,1565626.5625
5426.421061111228,0.6,788396.0070036388
2957.1638456897344,0.6153846153846154,1441000.1744113888
6226.787550814618,0.8571428571428571,645344.444390889
2233.0572919172755,0.6923076923076923,1943700.6953738888
8433.763989594758,0.7142857142857143,732450.694387389
5769.242115028403,0.5,674451.5625
539.3145556403847,0.5294117647058824,2361344.4454688886
5060.899116943451,0.45454545454545453,807751.5625
3405.5614777332244,0.7777777777777778,1245084.027033889
3103.8402460796888,0.7,1418084.026983889
6115.8834761634325,0.75,211983.5069751389
2979.838597599032,0.8888888888888888,1353344.4436688889
3508.7569552962455,0.8888888888888888,994175.173544639
6436.903434751448,0.8,1142226.5625
3696.8892931077826,0.5833333333333334,1430017.3603138889
5258.222747797967,0.5454545454545454,1089414.0625
5950.225287923759,0.4,819779.3403381387
6866.59125966514,0.6,751111.1111688887
3058.826136922524,0.6923076923076923,1609726.5625
5645.051488140384,1.0,822044.4445048888
5711.725069315786,0.5,755450.6945023888
5834.931114482962,0.875,716139.0625
4431.54889947223,0.7,1372802.7785588887
5763.5391320771,0.4,1107756.25
2929.0169119729294,0.6666666666666666,1827002.7786788887
6961.416710750651,0.3333333333333333,280017.3611463888
1572.658410625773,0.8571428571428571,2027064.0625
2639.667731100478,0.8333333333333334,1659802.776918889
5468.014240851478,1.0,476100.0
7997.583660400365,0.2857142857142857,370069.44440388895
11963.869878704518,0.75,295211.11107488896
6619.905921936498,0.8333333333333334,654076.5625
-439.1121789784264,0.7692307692307693,2453139.0625
4747.7091747460945,0.7777777777777778,865675.1736731388
9019.434810045292,0.6666666666666666,97656.25
4975.067832895801,0.4,876564.0625
8114.686466702851,0.5,286225.0
6396.528749348247,0.6666666666666666,698617.3610553889
6065.115334349491,0.6,665584.027723389
5458.328188125761,0.5,640666.8403311388
6933.617292207284,0.4444444444444444,530469.444395889
9079.473272124696,0.3333333333333333,270400.0
7580.06102027088,0.3333333333333333,302958.50698113884
4717.483025460188,0.6666666666666666,779541.8403366389
5422.173675035733,0.5714285714285714,436150.1736551388
8260.585715275214,0.5714285714285714,463534.02773238893
6653.597092426601,0.5714285714285714,505876.5625
5575.926999560892,0.6666666666666666,853314.0625
3875.6232839015806,0.9,1174514.0625
3824.7733715276217,0.5555555555555556,876564.0625
4161.782550505845,0.9,1142226.5625
4712.433310235563,0.42857142857142855,509439.0625
3489.2684355573697,0.5384615384615384,1303402.7785388888
7535.173764436106,0.4444444444444444,516002.77772988897
6293.695640604209,0.5,597400.1736626388
4340.986506255742,0.75,720376.5625
0.0,0.0,5625.0
6219.1661244216975,0.25,509439.0625
4794.403753274958,0.6,1026000.1742863888
5343.902679435304,0.6666666666666666,761983.5070026388
4431.576745101232,0.5555555555555556,857939.0625
2847.3036334659587,0.8461538461538461,1633071.0077963888
3204.4046639793173,0.6363636363636364,1272196.0076963888
6572.623796720412,0.5,566256.25
4044.8496347408436,0.6666666666666666,1283500.1743663887
5602.732599799531,0.2,150802.77775188888
5868.454986806868,0.625,714025.0
8402.001647244882,0.6,283556.25
6037.911392410633,0.5555555555555556,819025.0
6382.264042767977,0.75,220900.0
2003.412382535791,0.7272727272727273,1506756.25
15944.126421010063,1.0,224834.0278093889
10217.728304758408,0.8,424126.5625
15810.318287199229,0.6666666666666666,161001.5625
6853.469994845841,1.0,510034.0278253888
9123.251815641175,0.4,209306.25
6194.577066670617,0.5714285714285714,504691.8403251388
7095.683200706495,0.4,238062.6736436389
11124.457135251832,0.8,404814.0625
6992.258543083706,0.5714285714285714,490583.5069911388
12754.743966926531,0.6666666666666666,179564.0625
4497.824813618342,0.7272727272727273,1119187.6743163888
6165.912291068642,0.8,908844.444380889
3097.320156370823,0.6153846153846154,1491451.5625
3674.3383250854995,0.75,737451.5625
-194.40203625070998,0.6875,2483250.693393889
-844.3075419022152,0.6470588235294118,2684136.110018889
6367.786544970942,0.3333333333333333,578867.361060389
2778.369824293113,0.75,1740200.6953238887
460.45494983475817,0.6923076923076923,2215136.110118889
0.0,1.0,6006.25
583.4782608019156,1.0,29756.25
0.0,0.0,7225.0
5532.89248370942,0.8,928011.111046889
6596.203684538022,0.8888888888888888,793584.0277183889
2315.7738230386367,0.8,1213669.4451788887
5161.36296302399,0.8,1056612.6742963889
5956.631467699118,0.6666666666666666,771469.444385889
5273.818751408848,0.7,961216.8403431388
5112.225841658592,0.7777777777777778,940900.0
7202.541263106307,0.75,668987.6736656388
5827.279161815693,0.625,673083.5069991389
8571.79633979918,0.5714285714285714,448341.84023313894
9729.847691106737,0.8571428571428571,410667.361068389
9611.476344306093,0.6666666666666666,252506.25
7030.294803089348,0.8888888888888888,1012539.0625
6005.689457684178,0.8,931225.0
7616.846984558555,0.625,439458.50698863884
8554.550058531771,0.7777777777777778,858711.1111728888
7225.925554127997,0.75,555646.0069941388
5393.079940431222,0.7,838750.694383389
8565.429231506207,0.625,529256.25
7906.498147859879,0.75,551306.25
8596.12385934063,0.75,511225.0
7736.655240552128,0.5714285714285714,461833.50689913897
7156.1422266602385,0.75,566256.25
6998.8394556802905,0.625,452816.8403226388
3871.615581787508,0.9,1076406.25
10684.034751615043,0.75,142191.84025263888
1638.3086184397223,0.8461538461538461,1822500.0
1121.1623446394442,0.7857142857142857,1995156.25
4807.5478620355,0.8,949812.673546139
4397.933536885246,0.7272727272727273,1075541.839586389
6074.442877311315,0.75,564376.5625
2.896942717861622,0.8333333333333334,2223826.5625
4536.800951408756,0.7,1010862.6742813888
3311.474597929576,0.8181818181818182,1331139.0625
4491.563764057666,0.6363636363636364,996669.444377889
7126.443113758991,0.625,449458.50698913884
5227.694754872241,0.6363636363636364,966125.1736766387
7303.6647452599545,0.7142857142857143,372608.5069851388
8216.772571834612,1.0,231200.69441238887
5824.855365318017,0.4,158669.44441788888
8324.419594156205,0.5,361501.5625
11436.615453331013,0.4,201750.6944743889
9241.273709844827,0.7142857142857143,425756.25
9010.365186675122,0.6666666666666666,353529.340238139
11659.297681885115,0.8,174306.25
8822.290004852903,0.3333333333333333,289802.77774188895
8449.961456547571,0.8571428571428571,445556.25
7657.752227988184,0.0,83136.11109188889
12144.397234350981,0.25,135362.6736356389
8390.32107692072,0.7142857142857143,345646.00698363886
6959.725055250107,0.0,90500.69442438889
4800.091433212706,0.5833333333333334,1213669.4451788887
8794.14819025633,0.625,763439.0625
3096.315507219952,0.9,1208167.3618438889
6600.716085588391,0.4,801771.0070041388
2118.293611232011,0.6923076923076923,1596011.110268889
3559.2338703951305,0.8333333333333334,1441000.1744113888
834.1815117272696,0.8666666666666667,2253751.5625
-2869.928049034909,0.75,3473564.0625
172.82060925255038,0.7333333333333333,2423211.112148889
7316.95487180067,0.25,466944.44439888897
1274.1453507074825,0.7142857142857143,2165802.7787588886
2664.5635500616136,0.5,1498584.0285938887
4839.141482568042,0.42857142857142855,274314.0625
3368.179851495765,0.5,1461076.5625
9616.29922724772,0.8333333333333334,262656.25
4077.9777961000777,0.5454545454545454,1134225.0
4086.768138688455,0.9090909090909091,1234876.5625
5392.118677183669,0.4444444444444444,708402.7778338888
5487.82203102356,0.625,936056.25
6220.708668035142,0.7777777777777778,1013377.7784488888
4971.096051214415,0.45454545454545453,996669.444377889
6547.151653971534,0.375,491167.36106438894
6095.088654373237,0.8888888888888888,788396.0070036388
2120.1420507688476,0.75,1585500.6952838888
7177.048614051436,0.7142857142857143,743187.673553639
1694.7046616287676,0.6666666666666666,2034189.0625
4637.012681125752,0.7777777777777778,1178129.3410013888
10824.586808572058,0.42857142857142855,591617.3611623888
3322.487150522784,0.5833333333333334,1381604.3410613888
9020.038706137591,0.5555555555555556,818271.006884139
1383.8771259876728,0.8181818181818182,1823625.1745113889
7647.929604360924,0.7777777777777778,900917.3611743888
4222.5724763764,0.4166666666666667,1278784.027023889
13201.43884753353,0.75,251251.5625
478.87036550887393,0.5294117647058824,2492451.5625
1885.027927853097,0.4666666666666667,1825876.5625
5318.051454402758,0.6666666666666666,934444.4445088888
2170.6361754030295,0.8,1558336.110278889
2347.95498657395,0.5833333333333334,1575025.0
6413.997108301641,0.875,487087.67365763884
8726.679724748225,0.2857142857142857,358002.777737889
-1401.0163217336267,0.7142857142857143,2726626.5625
8414.326216253796,0.8,220900.0
5688.863577968618,0.7,1054900.172926389
5540.319842834504,0.45454545454545453,1108633.5076463888
625.2621737032158,0.8,2261264.0625
7344.827443002634,0.4444444444444444,679250.6944993888
6357.635922712365,0.5,813002.7778378888
10481.761298780331,1.0,315937.67357363895
47.58743875015725,0.6666666666666666,2431000.695483889
3475.528921927102,0.7,1072950.693753889
6211.083958739227,0.75,931225.0
2645.882089287334,0.7272727272727273,1336914.0625
7574.07225777551,0.5714285714285714,460701.5625
2451.1140548111025,0.7692307692307693,1623500.6952938887
-2158.4891966116525,0.75,3286666.841486389
11476.947807673952,0.6666666666666666,95069.44442388888
246.43527510737388,0.7692307692307693,2296487.674621389
8675.707169337144,0.6666666666666666,367034.02773738897
6600.749114666666,1.0,786177.7778368888
2225.428566419821,0.5833333333333334,1524196.0061213889
658.6326495877347,0.8333333333333334,2074800.1745713889
1824.0923074678042,0.5,26406.25
2727.838061912296,0.8181818181818182,1663025.172751389
5461.343420916374,0.625,691669.4444998888
3049.0874976341297,0.9,1475212.672801389
5203.436778252373,0.5555555555555556,822044.4445048888
7707.484063243409,0.6666666666666666,882816.840215139
5706.273627928316,0.6666666666666666,836462.673550139
1406.9335777278816,0.9285714285714286,2070001.5625
9094.355888114096,0.3333333333333333,83136.11109188889
184.28794573577525,0.7857142857142857,2518833.505886389
6981.147841191514,0.6,285334.02781338885
7982.32126432902,0.3333333333333333,306639.0625
1356.3684201272047,0.6666666666666666,2110966.841246389
6903.467724578596,0.75,588416.840226639
-274.3478751480604,0.6875,2647400.172526389
3944.5044502894425,0.7777777777777778,957136.111045889
7774.246406098244,0.875,560626.5625
5703.6604319823655,0.7142857142857143,580136.1111618888
8313.705860590877,0.75,769275.173552639
5519.802837818214,0.6,954691.840212639
4615.562205054594,0.7272727272727273,1343667.3618838887
4837.622827883339,0.9,991684.027711389
6868.664272628951,0.7142857142857143,534726.5625
1268.5623028234254,0.7142857142857143,2121877.778748889
-875.9260671746553,0.75,2912711.1122488887
26.008542696327456,0.7333333333333333,2654184.0288638887
4667.343423672008,0.3333333333333333,50625.0
2033.6035636974323,0.7692307692307693,1985750.6953838887
9926.169457410544,0.4,198025.0
7208.067709406206,0.75,835700.6945053888
2105.5550510309927,0.6666666666666666,1643737.672756389
696.2163597890087,0.7142857142857143,2468826.5625
4995.163814870073,0.5,80041.8402966389
5476.665374955178,0.6666666666666666,55225.0
1378.7051510034491,0.6428571428571429,2225069.445438889
11570.484055356857,0.75,131406.25
5325.008904059234,0.7777777777777778,1116544.4451488887
5322.650630161694,0.6666666666666666,851006.25
3300.754535969834,0.7272727272727273,1590751.5625
8191.308870552911,0.5714285714285714,351550.17365063884
8216.623730389745,0.625,522006.25
6144.391126416536,0.7777777777777778,578233.5069951388
6340.380566516259,0.8888888888888888,705600.0
7877.521751914738,0.7142857142857143,413877.77773488895
5435.053358998838,0.7777777777777778,798044.444384889
7252.32134952362,0.875,628716.8403306388
4731.049730164583,0.9,1087675.1743063887
7322.653185747223,0.7777777777777778,658126.5625
7109.076797105805,0.7777777777777778,767084.027719389
7792.430991641228,0.625,543906.25
6460.925662880955,0.7,902500.0
10414.704579875313,0.6666666666666666,242556.25
4848.591158148368,0.8,990854.3403441388
6615.755432413972,0.6666666666666666,795812.673551639
6464.952836308413,0.7,783962.6736701388
7058.166805945075,0.75,466375.1736566388
3205.9697922601927,0.8888888888888888,1090284.0284738888
5089.001365655883,0.8,137208.5069691389
1528.1563571448091,0.8333333333333334,1840544.4453488889
1161.4632374096789,0.7692307692307693,2014034.0287238888
4247.724555061352,0.7272727272727273,1104250.693743889
4888.689825794917,0.7,825826.5625
5446.923847268969,1.0,669669.444389889
6313.465942426471,0.7142857142857143,355514.0625
3560.837693744845,0.9,1278784.027023889
6277.375102560122,0.8333333333333334,284889.0625
3394.7147834963594,0.8181818181818182,1424044.443648889
1279.8207512037477,0.7857142857142857,2034189.0625
12501.418071085796,1.0,90500.69442438889
2255.7121995935627,0.7692307692307693,1649084.0286338888
10202.06994836483,1.0,196175.1736406389
7118.307879131398,0.8571428571428571,570654.3403281388
7454.022754148637,0.8571428571428571,704200.6945003888
1229.1017193733887,0.6923076923076923,2066406.25
3906.5469783268823,0.7,1299600.0
4657.032489740791,0.7777777777777778,962851.5625
4229.937446270777,0.7777777777777778,1134225.0
4431.141375678946,0.7,1115664.0625
8343.011187472906,0.8333333333333334,543291.840228639
1452.8582577075802,0.6923076923076923,1915917.3620338887
8388.015034977561,0.7142857142857143,671034.0278323888
5273.257524445579,0.6363636363636364,1071225.0
4767.128938117608,0.5833333333333334,1232100.0
13839.929560335717,1.0,173264.0625
1511.8073976203252,0.6,2067604.3412363888
3519.6399955690267,0.7272727272727273,1584451.5625
8051.730882803807,0.5714285714285714,354521.0069841388
6384.448893949633,0.75,924001.5625
6166.095662039668,0.6,797300.1736706388
6485.859936126727,0.8571428571428571,785439.0625
10541.325324659134,1.0,311736.11107388895
3402.550040288624,0.7272727272727273,1622439.0625
8537.098545312629,0.5714285714285714,336883.50698313885
4843.32341549924,0.5454545454545454,966944.4443788889
-43.39690719717951,0.6666666666666666,2669139.0625
5167.099917818833,0.6666666666666666,48583.50695913889
2831.400613648039,0.6666666666666666,1785564.0625
8998.771500764682,0.6666666666666666,268237.67364563886
9552.455804984367,0.3333333333333333,273877.77774288895
4677.949734482363,0.5384615384615384,1053189.0625
2039.3098710865277,0.6363636363636364,1350437.672836389
1729.9277622716206,0.4666666666666667,1913611.110188889
10027.487551634491,0.4444444444444444,690976.5625
4329.256446854847,0.8888888888888888,971046.0070101388
3954.1608247152676,0.6923076923076923,1287279.339521389
4489.248749005649,0.42857142857142855,1295802.777018889
4216.994067800542,1.0,958767.3611763888
4365.899235219866,0.5454545454545454,1059184.028463889
4095.2617726208814,0.6666666666666666,1176321.006221389
6569.614656977823,0.4166666666666667,962034.027712389
3309.2898563897834,0.5384615384615384,1354314.0625
4535.691907667199,0.46153846153846156,1190826.5625
3450.5018286255263,0.46153846153846156,1310071.006181389
2391.3869237141607,0.5384615384615384,1543806.25
3832.019567690672,0.5,1332100.6952138888
6719.309255157237,0.75,773666.840219139
5135.821981273489,0.5,1226556.25
9671.767283395217,0.5,688208.506889139
3075.0649129907697,0.6363636363636364,1637333.5060913889
4893.605116177126,0.5714285714285714,1949514.0625
7048.4057049265975,0.5454545454545454,1112146.006241389
9081.418054782878,0.6666666666666666,385434.02773638896
10780.417399307942,0.7142857142857143,443889.0625
3101.4758444920294,0.6666666666666666,1366950.6952238888
6575.895095440303,0.6666666666666666,668306.25
4627.915621178419,0.5,1771117.360223889
6762.649617072799,0.46153846153846156,1129791.8409863887
8084.115687598651,0.6153846153846154,1450017.3619138887
6053.736768152116,0.8888888888888888,871111.111048889
7011.881921227201,0.875,603211.1111628888
4775.090041953981,1.0,834177.7777168889
10195.615120097214,0.4166666666666667,1106002.7784788888
11252.641692351563,0.3,690976.5625
8786.689754945599,0.5,1019258.506271389
6714.089422567677,0.6,828858.5070051388
4069.713623602972,0.6,1410156.25
7135.464800725456,0.7777777777777778,746784.0278353888
11904.781983220932,1.0,286671.00698013883
5833.3162623253365,0.8333333333333334,441671.006900139
8624.223271488016,0.4166666666666667,971046.0070101388
8429.503597338384,0.5555555555555556,743187.673553639
6364.112768983469,0.8,926406.25
6527.410841882378,0.7777777777777778,719669.444387889
6549.67964159945,0.6666666666666666,667625.173556639
7751.543458639699,0.625,576334.0278283888
10125.239365202897,0.5714285714285714,322529.3403156388
6247.271192593778,0.6666666666666666,668306.25
6597.078155158729,0.6,630700.6944973888
7081.41294814515,0.6666666666666666,1275958.506191389
4764.021312610157,0.7272727272727273,971046.0070101388
9713.96954996488,0.6363636363636364,740316.8403351388
2754.7099539504047,0.5,1136000.693733889
2525.042909383798,0.5454545454545454,1494506.25
4128.893373178201,0.7,1102500.0
2971.5592644082976,0.5714285714285714,470939.0625
6783.945525110779,0.7,1041250.1742913888
4364.445698032217,0.5555555555555556,728889.0625
5147.359471754496,0.4444444444444444,789876.5625
3417.66544265007,0.4166666666666667,1564584.026943889
4418.316920027765,0.5714285714285714,1925156.25
4956.33430494542,0.5454545454545454,1027689.0625
3064.0519215607615,1.0,1106879.339576389
5023.45654084027,0.7,1285389.0625
6874.444475298163,0.7,801025.0
4026.629741895184,0.5,1059184.028463889
3254.727157657655,0.8,1372802.7785588887
5384.915922310159,0.38461538461538464,1175417.3618338888
9209.917132084458,0.45454545454545453,932834.027713389
5618.399127125202,1.0,643337.673557639
6617.411943219823,0.5555555555555556,640000.0
5961.994238012263,0.7272727272727273,1114784.027073889
10497.999141162469,0.8,198767.3610813889
3680.611462844688,0.6666666666666666,1322500.0
5900.934446702486,0.7,978450.6945103888
159.54077824425062,0.5333333333333333,2151111.112088889
12061.06405393889,0.8,373626.5625
14243.4065253253,0.625,524417.3611593888
9629.514212669663,0.8333333333333334,397425.1736531388
11805.615254060764,0.8333333333333334,435600.0
10057.302011548563,0.8333333333333334,389584.02781938884
3620.365027931176,0.5384615384615384,1258136.1118588888
8655.964024698766,0.6,913617.361047389
5992.191799940845,0.6666666666666666,981750.6943783889
9945.579781053422,0.375,590336.111059889
5263.63058482008,0.5,1378667.3618938888
8143.265902134722,0.4444444444444444,867226.5625
3761.2447256265464,0.3076923076923077,1024312.672936389
3659.1182629456475,0.42857142857142855,1433008.506146389
3882.5245450277544,0.5833333333333334,1062617.360423889
3760.5796275415287,0.25,91002.77779788889
5001.575281559797,0.6666666666666666,940900.0
3878.2924484924615,0.6,1873476.5625
5193.002919333852,0.2727272727272727,983402.7778438888
8706.438618141587,0.6666666666666666,230000.17357913888
5915.239862520207,0.5,534726.5625
7383.135428591584,0.5,987539.0625
8640.16711522802,1.0,315937.67357363895
4040.4788376364654,0.46153846153846156,1588650.174451389
6532.414002049969,0.0,170500.1736386389
6316.091847520222,0.2222222222222222,575701.5625
4387.979653744664,0.6363636363636364,1379646.006161389
4631.249088583891,0.8333333333333334,604506.25
-3316.50977938549,0.6666666666666666,2484564.0625
4190.4292698862855,0.5384615384615384,1275958.506191389
14209.091195686067,0.6666666666666666,418177.77782088885
8119.742675074719,0.6666666666666666,849469.4445058889
3120.9652014352478,0.7777777777777778,972689.0625
10601.550315224258,0.75,144400.0
8200.588317852327,0.6666666666666666,638001.5625
10550.739700658894,0.8571428571428571,514208.50689663895
5329.973607813733,0.6363636363636364,971046.0070101388
16212.493715321882,0.6666666666666666,305256.25
11236.445925188411,0.5555555555555556,703501.5625
15886.247250567123,0.5714285714285714,505284.027730389
10926.053295863403,0.5,1025156.25
1210.2898979294905,0.5333333333333333,2353667.362133889
-2266.419448685872,0.6,2419321.007981389
8948.14661738832,0.6,997501.5625
4281.425340841679,0.75,711914.0625
7291.414687425105,0.8888888888888888,1050625.0
1937.856512212011,0.6923076923076923,1860950.6953538887
8510.158140216203,0.6666666666666666,719669.444387889
10798.363175617513,0.5,146306.25
9154.199872261399,0.6666666666666666,421417.3611543888
9488.699777998912,0.5714285714285714,340764.0625
5289.941691526215,0.5833333333333334,1764469.443558889
-2218.1865677995625,0.6666666666666666,3424041.841511389
12736.794405491206,0.8,234821.0069121389
722.8007438066759,0.7692307692307693,2110966.841246389
11474.884861698069,0.75,204379.34024763887
4423.584211250227,0.9090909090909091,1471166.8410863888
1826.1945746669396,0.6153846153846154,1955336.110178889
7414.583937584677,0.5555555555555556,583950.6944953888
10827.431087272318,0.375,520802.7778258888
-269.57300424365474,0.5,2471446.005896389
7007.186007878991,0.7,942517.361046389
4536.662967769663,0.625,876564.0625
7537.779908151015,1.0,79571.00692563888
2286.60033904015,0.7692307692307693,1611841.839431389
7821.937933434718,0.6666666666666666,743906.25
9763.2037532864,0.6666666666666666,638001.5625
9723.911510686066,0.5,612306.25
5953.745480770813,0.5714285714285714,459006.25
2605.373793613715,0.6666666666666666,1682425.172746389
11585.061240887935,0.6666666666666666,371591.84023713897
3113.5935628397433,0.5833333333333334,1496544.443628889
2942.5755263033852,0.42857142857142855,1597064.0625
3846.777909160246,0.6666666666666666,1280669.445198889
1795.8857052248427,0.6363636363636364,1681344.4453088888
2330.4401190265685,0.42857142857142855,1559376.5625
2993.164924386708,0.6666666666666666,1441000.1744113888
3530.763527464194,0.5714285714285714,2023506.25
2726.2676768681094,0.9,1317712.6743763888
12199.03581661162,0.7142857142857143,372100.0
3118.48676106467,0.6363636363636364,1279726.5625
8998.248040272632,0.625,484764.0625
5525.369186329116,0.46153846153846156,1351406.25
5410.077288212982,0.7272727272727273,1241367.3618538887
7049.426640834835,0.6153846153846154,1785564.0625
4254.495632107158,0.6363636363636364,1407189.0625
2808.051853677664,0.5,1528314.0625
9440.451202398743,0.7142857142857143,519000.1736591388
5030.907579335303,0.5454545454545454,1237656.25
4029.75666343443,0.38461538461538464,1329216.8410463887
2958.6461116417777,0.5384615384615384,1387487.6743963887
5408.114572417598,0.6,1111267.361813889
9479.068827985664,0.625,606451.5625
7419.563109365018,0.5454545454545454,1025156.25
5371.5599087479795,0.5833333333333334,860256.25
-5.290226778908538,0.6666666666666666,2078402.7787388887
9411.773007816431,0.5,348591.8403171388
484.52632766091835,0.6,2667777.776688889
10333.888841969414,0.8333333333333334,505284.027730389
1023.691459517703,0.4666666666666667,2088025.0
5293.308961032507,0.5454545454545454,1332100.6952138888
8483.495944825125,0.75,654076.5625
5475.955089456228,0.7142857142857143,770737.6736696388
5576.41111272028,0.5,1811267.360213889
5459.331299818165,0.7,946566.8403426388
5702.254061615526,0.5384615384615384,1055756.25
5678.646367651216,0.625,959583.506879139
5195.367938689718,0.46153846153846156,1162802.777058889
3130.9385830367414,0.5384615384615384,1383564.0625
7758.537067651058,0.5454545454545454,1021784.0271038889
8584.997391574187,0.8571428571428571,499966.840230639
7262.632125693285,0.6153846153846154,1567712.672776389
5514.784209890983,0.7777777777777778,759076.5625
5596.521631311962,0.5833333333333334,857167.361049389
6521.852621258062,0.4,558133.506894639
1755.5668438679777,0.5,1851867.360203889
4218.640592643723,0.5,1429021.0077413889
6024.978778918725,0.75,795069.4445038888
3105.4509525122794,0.38461538461538464,1632006.25
7061.987026705301,0.6,881251.5625
7183.904460821928,0.45454545454545453,846400.0
5749.209782730001,0.5,1132450.6951538888
7369.705624891342,0.5384615384615384,1597064.0625
4223.811721820871,0.8888888888888888,978450.6945103888
5495.1248775067725,0.6666666666666666,779541.8403366389
5708.955688054278,0.5,878906.25
9524.88067307488,0.4444444444444444,578867.361060389
3127.9254538511395,0.5833333333333334,1682425.172746389
3796.3878745037546,0.6153846153846154,1442000.693643889
4006.2262862350376,0.4666666666666667,2002225.0
3147.7390413307266,0.35714285714285715,1597064.0625
3970.033605718508,0.5,1202677.7785088888
5195.693965491732,0.6363636363636364,1342701.5625
6670.314681724811,0.4,808500.6945043888
9800.490434353833,0.75,546983.506895139
4866.53539658834,0.38461538461538464,1266562.674361389
6651.579504986825,0.6363636363636364,986711.111044889
3616.4408503036902,0.6153846153846154,1367925.172831389
9710.215711695197,0.4444444444444444,627396.006891639
6638.810525407194,0.6666666666666666,716844.4445008888
3815.370435350204,0.4666666666666667,1914764.0625
3613.364765374251,0.5,1135112.6743213888
3963.777812096534,0.7,1327296.006176389
7961.522035474157,0.36363636363636365,820534.0277173889
4903.937952669229,0.6,1162802.777058889
4555.191763044997,0.7272727272727273,1114784.027073889
6473.285503567521,0.6153846153846154,1633071.0077963888
3601.280560544822,1.0,1006677.777108889
3739.8066239070677,0.4166666666666667,1251601.5625
4266.052318442757,0.6,1090284.0284738888
4568.750823006162,0.45454545454545453,1051479.3409613888
6802.622209949068,0.6153846153846154,1578164.0625
4085.5052756827845,1.0,963669.4445098888
5256.328767653765,0.5833333333333334,864900.0
2711.46448605344,0.4666666666666667,1685669.443578889
3018.6488802926942,0.6923076923076923,1562500.0
6562.735887115815,0.4444444444444444,655425.173557139
4155.01674419222,0.6,2167029.339296389
3240.4387056622827,0.5333333333333333,2143784.028753889
3335.028894070377,0.5714285714285714,1312934.027013889
4895.309310294507,0.5555555555555556,592900.0
3452.186336068743,0.5833333333333334,1408177.7785688888
1762.4592040022847,0.5833333333333334,1920534.026853889
2213.2951250725578,0.4,1790021.007836389
2202.259067420052,0.5,1721562.672736389
3396.3616942533977,0.46153846153846156,1613958.5077913888
2346.803983698333,0.35714285714285715,1829256.25
1646.3598169728582,0.5,1633071.0077963888
2947.5396121530707,0.5833333333333334,1489416.8410913888
3593.553587161044,0.5454545454545454,1099876.5625
7821.172322602307,0.6,824312.6736716388
6437.292016555099,0.5,1067777.777088889
9740.209961665561,0.7142857142857143,473229.3403236388
4884.954683398936,0.3333333333333333,1152939.0625
6317.235262807296,0.6666666666666666,726046.0068876389
6217.429784806624,0.5,822044.4445048888
5711.579830633818,0.5,998334.0278443887
5426.6495236623405,0.5,868002.7778398888
4104.180609046319,0.5454545454545454,1323458.5077113889
3941.3746875704423,0.6666666666666666,1272196.0076963888
5730.013728309104,0.5,1229326.5625
4136.366776216597,0.7,939284.0278423888
3461.650997597056,0.5454545454545454,1246014.0625
5737.725244209025,0.6363636363636364,1055756.25
3737.3831252829914,0.6363636363636364,1504711.1119288888
5002.203146398967,0.5,863350.6945063887
7271.7577645660185,0.75,652056.25
4795.636185021691,0.5,1807904.339381389
4520.930491032052,0.7,944136.1111758888
10675.882284976913,0.42857142857142855,459571.00698963884
4577.21517353217,0.7272727272727273,1334025.0
2475.870690370879,0.7272727272727273,1833767.3620138888
3389.518785272985,0.5,1706289.0625
2059.6676473846637,0.5714285714285714,1971684.0287138887
3741.4426736232404,0.75,1582354.3411163888
4657.7470555609225,0.5833333333333334,1534501.5625
5854.58755351071,0.875,874225.0
3319.9647227263267,0.46153846153846156,1744600.693563889
3654.355064895327,0.8,1208167.3618438889
4467.074240993907,0.6153846153846154,1331139.0625
2581.3281987093023,0.6363636363636364,1553139.0625
8903.407438645092,0.5,632025.0
3072.936275499644,0.7,1530375.172786389
4158.10524645712,0.46153846153846156,1414117.3619038889
2627.9770470359063,0.5384615384615384,1656583.506086389
4522.5943869297125,0.7272727272727273,1301500.693683889
5386.754244848539,0.6153846153846154,1857541.8411863889
3712.133236353898,1.0,1184469.443718889
5360.620791828357,0.5833333333333334,1074677.7784688887
4794.321912303883,0.7,1148469.4451588888
5482.869037057602,0.6,1221946.0076813889
5906.15613801117,0.38461538461538464,1118306.25
6336.2019275117245,0.625,858711.1111728888
5979.0392058553,0.6363636363636364,1018417.3617838888
8116.245466425269,0.5384615384615384,1515976.5625
6692.593282407637,0.46153846153846156,1496544.443628889
6313.919333247972,0.5,819025.0
7083.842310507677,0.6,883600.0
3982.450868081441,0.7272727272727273,1146684.027063889
10787.08415205801,0.42857142857142855,580771.006893639
2115.5749724811335,0.7272727272727273,1612900.0
2611.9398135219567,0.5,1493487.672796389
1474.4863717896233,0.5714285714285714,1742400.0
3960.714584833088,0.5833333333333334,1333062.672841389
5710.3911315329415,0.875,723917.3610543889
3919.4723737208333,0.6428571428571429,1948350.693513889
2882.074608484542,1.0,1257201.5625
3060.198951792431,0.5714285714285714,1926312.6745363888
2693.656392761622,0.46153846153846156,1529344.4452688887
3422.391737608097,0.7272727272727273,1220104.339541389
6068.736347593187,0.5454545454545454,980925.1736771388
4292.266719243686,0.35714285714285715,1303402.7785388888
7692.952354368412,0.7142857142857143,709806.25
4578.989684809697,0.5833333333333334,1195377.777048889
7932.689002125694,0.625,593541.8403291388
4332.057112344224,0.8,1083334.0270838889
5053.125203880755,0.42857142857142855,1709556.25
4873.2675729483535,0.6,873446.006882139
4152.364431263263,0.45454545454545453,1170002.7784988887
7742.351910267587,0.625,795069.4445038888
7497.841035836844,0.45454545454545453,1050625.0
8118.3876022547865,0.7142857142857143,520201.5625
7027.803762306793,0.5384615384615384,1603389.0625
5232.753055874892,0.6666666666666666,783962.6736701388
5935.0662413040955,0.6,950625.0
7433.2838881853,0.625,548834.027728389
3522.2635953865815,0.5,1490434.026963889
2113.1753870312186,0.5714285714285714,1739101.5625
3577.8480723832104,0.6363636363636364,1428025.0
5133.098775102581,0.5833333333333334,1330177.777008889
2114.139696861895,0.6666666666666666,1814633.506046389
9823.944094006041,0.7142857142857143,438906.25
2466.786957637405,0.4666666666666667,1687834.028643889
1340.0052518229043,0.5333333333333333,1951841.839346389
2607.7126522882377,0.5833333333333334,1621377.776928889
3844.379109034208,0.6,2169483.5079263886
2552.3115243834386,0.9090909090909091,1436002.776978889
2975.66512389752,0.5333333333333333,2146225.0
2909.4221632922813,0.7272727272727273,1192646.006216389
3145.9516912554573,0.5714285714285714,1314844.4452088887
3231.1168793148913,0.6666666666666666,1396336.1118988888
6891.692439522081,0.75,603211.1111628888
3892.970433185897,0.6363636363636364,1520083.5077663888
4396.739073099448,0.42857142857142855,1404225.0
6428.640232719824,0.5,1248806.25
6132.0375193621,0.5714285714285714,1846201.5625
4136.699141352065,0.9,1175417.3618338888
4985.644351049411,0.5,1824750.693543889
3896.6911527702346,0.38461538461538464,1439000.172811389
4820.522745589021,0.7,956321.0070096388
5060.3199916666845,0.5384615384615384,1066056.25
5298.505945798932,0.6363636363636364,1139556.25
7862.343165817493,0.7142857142857143,476100.0
4563.9607589318675,0.6666666666666666,1255333.5076913887
1844.4918245913918,0.5333333333333333,1875758.5060313889
3328.136980127093,0.5833333333333334,1552100.693613889
4704.362103681696,0.5384615384615384,1450017.3619138887
6327.060176341476,0.7777777777777778,810750.1736711388
3417.059824976788,0.9090909090909091,1370850.693663889
3664.6018922538715,0.5333333333333333,2066406.25
3682.203946231413,0.7272727272727273,1133337.672901389
3995.0115550533415,0.6666666666666666,1332100.6952138888
11192.19750251717,0.5,580136.1111618888
6647.601267976658,0.6363636363636364,1060041.839591389
4388.502745930917,0.6363636363636364,1509826.5625
5220.538570882806,0.5454545454545454,1334025.0
5251.039906330698,0.6666666666666666,1282556.25
5479.820391356528,0.7,948189.0625
5738.219745728924,0.5384615384615384,1057469.4437588889
5914.8144870862325,0.6363636363636364,1130677.777068889
4234.923063724833,0.6666666666666666,1331139.0625
13593.426625649625,0.42857142857142855,406406.25
2726.2514675799716,0.4666666666666667,1703025.0
1642.0309279676944,0.5333333333333333,1968175.1745463887
2706.3855632668274,0.5833333333333334,1636267.3619638889
3622.5341899579607,0.6923076923076923,1579211.1119488887
3991.5713046403675,0.6,2186701.5625
3688.543004665799,0.9090909090909091,1450017.3619138887
3168.885757740448,0.5333333333333333,2163350.693463889
3600.6117344278746,0.7272727272727273,1205421.0076763888
4341.982878594365,0.5833333333333334,1286334.0285338887
14720.433610638838,0.5714285714285714,431758.506900639
2503.2186400370524,0.5833333333333334,1777777.776888889
2898.3303253820213,0.4,1652296.0078013889
3512.8444582063266,0.6153846153846154,1530375.172786389
3414.3156011611363,0.8181818181818182,1403237.672821389
3774.103146980498,0.5,1283500.1743663887
2394.417520776079,0.5,1501646.0077613888
13135.833587117277,0.4444444444444444,620156.25
5158.242342597337,0.7,1007514.0625
2927.961019344164,0.7,1447008.507746389
2258.24123846098,0.5384615384615384,1569800.1744463888
3693.6914498992483,0.6,1275017.3618638888
5194.16925200865,0.6153846153846154,1765576.5625
3122.8719596976453,1.0,1111267.361813889
4174.798448565454,0.5384615384615384,1744600.693563889
4717.1380322555,0.5833333333333334,1005006.25
4464.925873158079,0.7,1076406.25
8438.893624162836,0.6,783225.0
8802.543258076854,0.5555555555555556,821289.0625
6228.908251132641,0.38461538461538464,1073814.0625
4122.0247975158545,0.46153846153846156,1286334.0285338887
6910.541941057814,0.5,1020941.8409513888
6287.774620398158,0.8888888888888888,875004.3403401388
7011.259040314499,0.46153846153846156,1445004.3394763889
5551.341151926196,0.3333333333333333,1104250.693743889
7057.519737656899,0.6666666666666666,687517.3611663888
6794.202873637821,0.5,781014.0625
7577.835350873162,0.6,844101.5625
10319.667319622371,0.75,228404.3403096389
5988.501237914414,0.7272727272727273,1019258.506271389
3985.85897984508,0.7272727272727273,1461076.5625
4302.856483140044,0.5,1347534.027003889
4773.310191295379,0.6363636363636364,1288225.0
6503.816097757409,0.5833333333333334,1195377.777048889
3700.4135959116074,0.46153846153846156,1381604.3410613888
4096.762011824953,0.6363636363636364,1211834.027043889
14499.670569266375,1.0,178154.3402496389
4307.603413356437,0.6363636363636364,1135112.6743213888
2960.8181873733643,0.42857142857142855,1480277.7785888887
1662.2904817617662,0.5,1728129.339401389
3058.6044924226353,0.5454545454545454,1418084.026983889
3282.1662846135773,0.6666666666666666,1365002.776998889
4502.233426935736,0.5,1320584.0285438888
4392.839848039917,0.5714285714285714,1933258.5078713887
2766.2849356784463,0.9,1245084.027033889
3450.695807884487,0.5,1911306.25
3342.089159737833,0.7,1019258.506271389
3689.950572990425,0.5384615384615384,1132450.6951538888
3716.7803625092743,0.6363636363636364,1208167.3618438889
7719.2660552760035,0.8,197284.0278073889
3499.53792666923,0.46153846153846156,1427029.339481389
2149.7534689736344,0.5384615384615384,1670556.25
3201.599318007307,0.6,1365976.5625
4031.8513095020558,0.7272727272727273,1313889.0625
4803.21390336791,0.5454545454545454,1270316.839526389
4671.237469866646,0.6153846153846154,1872336.110198889
3775.411268856,0.5384615384615384,1850733.5078513888
3589.229263136923,0.4166666666666667,1462084.028583889
3958.4314275114602,0.7777777777777778,975156.25
4735.629133501878,0.5833333333333334,1085937.672916389
2632.0236294288998,0.6,1287279.339521389
4187.93410330787,0.7,1160108.506226389
6836.576363751248,0.7,865675.1736731388
10234.863690074042,0.8,310341.84024063894
5058.525008419247,0.46153846153846156,1170002.7784988887
3026.4794842581587,0.5384615384615384,1391416.839491389
5521.344408881118,0.6,1114784.027073889
5029.517691182955,0.7272727272727273,1067777.777088889
7565.99172861264,0.5454545454545454,1028534.0284538888
7090.732995782311,0.6153846153846154,1576071.0077813887
4247.822156189185,1.0,962034.027712389
5765.352097689436,0.5384615384615384,1556256.25
4121.734286010566,0.4166666666666667,1201764.0625
5471.197339514195,0.5833333333333334,863350.6945063887
4842.7033113980715,0.6,1043802.7784588888
6033.119948890563,0.7,929617.3611753888
0.0,1.0,5877.777778288889
6923.121115029782,0.7,1070362.6729213889
4177.136894533161,0.7,1522139.0625
9493.719336521532,0.5454545454545454,995837.6736776388
5561.449601147593,0.46153846153846156,1406200.693653889
3655.338109234801,0.5384615384615384,1648014.0625
5623.481600119504,0.7272727272727273,1293906.25
7300.561706898122,0.5454545454545454,1250669.4436988889
8232.64629257603,0.8571428571428571,663546.006890139
4476.968480792521,1.0,1177225.0
5046.474642328693,0.4166666666666667,1441000.1744113888
5644.809455050592,0.7777777777777778,957951.5625
6748.687738962717,0.5833333333333334,1067777.777088889
4604.500986924456,0.6,1267500.693693889
6099.508504308036,0.7,1141336.110398889
11678.634435838234,0.5555555555555556,744625.1736686388
3030.538379607449,0.6666666666666666,1873476.5625
3638.1557445420817,0.4666666666666667,1744600.693563889
2326.2146553130774,0.5333333333333333,2012851.5625
3622.114690206688,0.5833333333333334,1677025.0
4236.618204847809,0.6923076923076923,1619256.25
5088.103206463913,0.5384615384615384,1570844.443608889
7033.63769220749,0.7777777777777778,901708.506881139
4030.309762548211,0.9090909090909091,1488400.0
4053.4908920108983,0.5333333333333333,2210177.7787688887
3728.497824608677,0.42857142857142855,1783337.6745013888
4264.458541632745,0.7272727272727273,1240439.0625
4480.047628937381,0.6666666666666666,1448011.110308889
5648.816544245995,0.6363636363636364,1074677.7784688887
11088.62862157974,0.6,991684.027711389
4068.491530284716,0.42857142857142855,1411146.0077363888
2527.9807135655974,0.5,1653367.3602538889
4274.300867413195,0.5454545454545454,1350437.672836389
4434.9379139535295,0.6666666666666666,1298650.172851389
5926.152843428011,0.5,1255333.5076913887
7462.889675887681,0.75,666944.4444988888
4065.353983583395,0.9,1181750.172886389
4594.14827840954,0.7,962034.027712389
4849.576646636709,0.5384615384615384,1072087.674301389
12529.269508709984,0.6666666666666666,769275.173552639
4691.427512540481,0.5833333333333334,1334987.6743813888
3284.7152169467136,0.4,1707377.7786488887
2011.5476472393298,0.4666666666666667,1972854.339341389
3357.619216934575,0.5,1640534.026923889
3789.9413178238237,0.6153846153846154,1583402.776938889
4769.744424926843,0.46153846153846156,1535534.0286038888
6453.889074742814,0.6666666666666666,875004.3403401388
3547.1923619518902,0.8181818181818182,1454034.026973889
3752.1138594702056,0.4666666666666667,2168256.25
3837.6527028792875,0.6363636363636364,1209083.506211389
4108.46066520991,0.5833333333333334,1414117.3619038889
6849.915425586117,0.6363636363636364,938476.5625
9314.180814930936,0.6,1131564.0625
4729.976289813398,0.6363636363636364,1364029.3410563888
4885.003706509375,0.42857142857142855,1254400.0
3137.2906343490017,0.5,1483321.0077563887
5539.966196044805,0.5454545454545454,1197200.6951738887
5302.410441630378,0.6666666666666666,1148469.4451588888
9087.498894016375,0.75,560626.5625
5229.002577631495,0.9,1038700.6951238888
5687.245953005239,0.5,1653367.3602538889
4430.226775644202,0.38461538461538464,1287279.339521389
5665.498172879234,0.7,833416.8403386388
5377.656578860963,0.5384615384615384,936056.25
6129.886710416277,0.6363636363636364,1005006.25
7112.421345779394,0.7,876564.0625
4751.2366526071755,0.7,1289171.0077013888
5341.500544511006,0.46153846153846156,1182656.25
3196.2313225824378,0.5384615384615384,1405212.6744013887
9354.944017978405,0.5454545454545454,1201764.0625
5799.020527404199,0.6,1127136.111818889
7933.713701111059,0.5454545454545454,1040400.0
8525.319220149619,0.8571428571428571,513014.0625
6045.781981039357,0.5384615384615384,1570844.443608889
4272.90206618614,0.4166666666666667,1214587.672876389
5546.533909813523,0.7777777777777778,775133.5070031388
6280.244076176883,0.7,940900.0
5679.115801907081,1.0,638667.3611643888
5791.844856947709,0.7,919201.5625
3596.4347502704677,0.7,1340771.007716389
4253.12557689557,0.46153846153846156,1232100.0
4473.623161480336,0.6,1175417.3618338888
4257.406642005403,0.7272727272727273,1127136.111818889
6350.6466558234515,0.5454545454545454,1086806.25
7087.377419735968,0.8571428571428571,545751.5625
6006.130991680392,0.6153846153846154,1648014.0625
4448.709259236242,0.7777777777777778,815258.5070046388
4819.167057267816,0.5833333333333334,916806.25
3851.125349341226,0.6,1102500.0
5049.973820340355,0.7,985056.25
5183.503426295829,0.7272727272727273,1264687.672861389
5565.033526694351,1.0,401111.111068889
3030.9083330382696,0.7272727272727273,1752314.0625
3959.926570798785,0.5,1627750.693593889
2407.9528245053807,0.5714285714285714,1887189.0625
3792.236620919359,0.6363636363636364,1562500.0
4073.704139056745,0.75,1506756.25
5501.723388977981,0.5833333333333334,1460069.443638889
6296.972944917589,0.875,818271.006884139
5295.674394651436,0.6428571428571429,2101291.839311389
4290.430053809727,0.5714285714285714,2078402.7787388887
3553.579172065622,0.46153846153846156,1665175.1744713888
4065.7666917837882,0.8,1142226.5625
4876.297039675768,0.6153846153846154,1261877.777028889
4509.04660387109,0.7272727272727273,1341736.110338889
3961.8506323785723,0.75,1415108.5061513889
5581.365315479832,1.0,323002.77773988893
2192.8470511632186,0.75,1928626.5625
2720.297032467981,0.5333333333333333,1797834.026883889
1559.032126738206,0.6,2070001.5625
2713.2594500154464,0.6666666666666666,1729225.0
3142.6288967280107,0.7692307692307693,1670556.25
4031.354546310695,0.6153846153846154,1621377.776928889
3994.0390502771324,0.6666666666666666,2293962.6726013892
3140.134216210755,0.6,2270044.445448889
2682.5579953910305,0.5,1837154.3411813888
3131.5908731571712,0.8181818181818182,1285389.0625
3570.6327538620594,0.6428571428571429,1412136.110318889
2153.660938944434,0.6666666666666666,1640534.026923889
3417.704380090407,0.75,1496544.443628889
9569.931713818936,1.0,112784.02775538889
5862.653499670938,1.0,506469.4444918888
4446.550030832766,0.7272727272727273,1094639.0625
2626.244067782107,0.7272727272727273,1551062.6744413888
3044.322800267303,0.5,1434006.25
1694.7732263234352,0.5714285714285714,1678104.3411413888
3243.6785213164085,0.6363636363636364,1372802.7785588887
3326.078893330741,0.75,1320584.0285438888
4710.090202876129,0.5833333333333334,1276900.0
5890.310058755455,0.875,682689.0625
4578.834082149237,0.6428571428571429,1880326.5625
3596.3460501345794,0.5714285714285714,1858677.776868889
2716.40852443547,0.46153846153846156,1469146.006136389
3430.7647054864774,0.8,980925.1736771388
3665.2902926577035,0.6153846153846154,1092025.0
3848.5251003547346,0.7272727272727273,1166400.0
7377.845178269865,0.6666666666666666,964487.673545639
6687.117934002519,0.5,1086806.25
4760.886236682478,0.5,1541736.111938889
4755.325496443199,0.3333333333333333,1425039.0625
3085.1232611336904,0.4,1668402.7786388888
5502.77600766394,0.4166666666666667,1364029.3410563888
5203.7833294414495,0.5384615384615384,1311979.3410413887
7155.076316607056,0.38461538461538464,1268439.0625
8865.127962403207,0.5555555555555556,676506.25
6847.950064790722,0.4666666666666667,1870056.25
5274.039894999211,0.7272727272727273,1194466.841006389
4343.049312726008,0.2857142857142857,1460069.443638889
5552.119423849375,0.5454545454545454,973511.1111768888
5174.296057442784,0.42857142857142855,1084201.5625
4750.637279681392,0.4166666666666667,1285389.0625
6014.998409580043,0.5,1158314.0625
8797.965168262788,0.0,35626.5625
11545.687573360292,0.3333333333333333,603858.506892639
3287.3109184770556,0.75,1556256.25
2126.2500068958448,0.5333333333333333,1956501.5625
1155.0439252766207,0.6,2240011.1121088886
1978.747332089165,0.6666666666666666,1884900.1745263888
2724.7285757117183,0.7692307692307693,1823625.1745113889
3154.037269970624,0.6153846153846154,1772226.5625
4742.237847733515,0.8888888888888888,1055756.25
3206.214912988824,0.6666666666666666,2472756.25
2366.1802009930925,1.0,1684587.6744763888
2373.390426402188,0.5,1997511.110168889
2615.7641252393955,0.8181818181818182,1420069.4452388887
1450.6268591201679,0.6666666666666666,1792251.5625
2788.7289973368856,0.75,1641601.5625
4438.555623364639,0.6666666666666666,1424044.443648889
2498.3139114436462,0.6666666666666666,1939056.25
3102.560751219664,0.4666666666666667,1807904.339381389
1899.3972350060458,0.5333333333333333,2080806.25
3036.8868774114944,0.5833333333333334,1739101.5625
4410.441514760712,0.5384615384615384,1630941.839426389
4356.604096083102,0.6,2305336.110098889
3401.5968535631314,0.9090909090909091,1546914.0625
3220.090386406071,0.42857142857142855,1847334.0286838887
3655.133063763437,0.7272727272727273,1293906.25
4125.063953533586,0.5714285714285714,1421062.672816389
3867.893516387246,0.6666666666666666,1505733.506126389
10059.611676578988,0.5555555555555556,850237.673549639
4598.728491515458,0.5833333333333334,1215506.25
2821.738769975735,0.5833333333333334,1694336.1119788887
3087.997919923111,0.4,1571889.0625
1834.5891865324945,0.4666666666666667,1827002.7786788887
3371.1867134265513,0.5,1507779.3410963889
3602.124679524746,0.6153846153846154,1453029.3410813888
4735.9965892771515,0.46153846153846156,1407189.0625
6453.322550430786,0.6666666666666666,778806.25
4646.1919423276795,0.5333333333333333,2037756.25
3515.5827061038644,0.8181818181818182,1329216.8410463887
3002.886431749122,0.35714285714285715,1608669.443598889
3723.028044033304,0.6363636363636364,1095511.1118088888
3772.310604410568,0.5,1212751.5625
2729.4753563472455,0.5,1425039.0625
4032.467834621417,0.5833333333333334,1291064.0625
12772.165844209985,0.3333333333333333,61876.5625
8048.255026059484,0.5,569396.006894139
3734.44593053237,0.5,1251601.5625
2138.279362985568,0.5,1736904.3411563889
2384.3436758670327,0.3333333333333333,1612900.0
1275.6439888274356,0.4,1871196.0078563888
2616.9291243938,0.4166666666666667,1547950.6952738888
2817.5064705791733,0.5384615384615384,1492469.4452588889
3854.1111294968528,0.38461538461538464,1446006.25
5284.466383753573,0.5555555555555556,807751.5625
3833.9550307729914,0.4666666666666667,2084414.0625
2621.127762944581,0.7272727272727273,1366950.6952238888
2952.536409937461,0.4,2061617.360153889
2894.1147107955308,0.5454545454545454,1129791.8409863887
2979.4146550300948,0.42857142857142855,1248806.25
2022.201044896906,0.4166666666666667,1464100.0
3219.227637966268,0.5,1328256.25
4864.23986112951,0.3333333333333333,797300.1736706388
6478.458537705354,0.6363636363636364,961216.8403431388
4421.4383054848595,0.6363636363636364,1391416.839491389
4609.585203464776,0.42857142857142855,1280669.445198889
2889.8400787092082,0.5,1511875.172791389
5214.657639588865,0.5454545454545454,1222867.3603738889
4955.412987770554,0.6666666666666666,1173611.110388889
6958.617478910659,0.5,1132450.6951538888
8521.314429486549,0.75,578233.5069951388
6615.9204532893145,0.5714285714285714,1704112.6744813889
4789.742188090483,0.9,1062617.360423889
5390.0170934945945,0.5,1683506.25
5283.854881313828,0.7,854854.340216139
5071.837040854891,0.5384615384615384,958767.3611763888
5773.56719082606,0.6363636363636364,1028534.0284538888
4000.07126170664,0.5833333333333334,1437001.5625
5534.243311395857,0.375,455062.67356613895
2216.88426440272,0.5833333333333334,1954171.0078763887
2781.4404636127288,0.4,1822500.0
1600.700710508297,0.4666666666666667,2096462.6745763887
2749.906762515232,0.5,1753417.3619938889
3172.240090707844,0.6153846153846154,1694336.1119788887
4086.918466178329,0.46153846153846156,1644806.25
5374.468192664968,0.6666666666666666,957951.5625
4042.953934238053,0.5333333333333333,2321814.0625
2709.2170176251625,0.8181818181818182,1560417.3619438887
3185.967039630232,0.4666666666666667,2297750.693433889
3152.9778259164423,0.6363636363636364,1306258.5077063888
3639.3874318297476,0.5,1434006.25
2196.912384121311,0.5,1664100.0
3450.6147987652516,0.5833333333333334,1519056.25
5376.999301154743,0.4,880469.444381889
7138.6653546573625,0.6,874225.0
4776.310106335518,0.6,1286334.0285338887
5357.928478875924,0.38461538461538464,1179939.0625
3210.905232789568,0.46153846153846156,1402250.6952338887
5824.62636508611,0.5,1124483.5076513889
5231.230353324706,0.6363636363636364,1077271.0076363888
7960.263854050201,0.45454545454545453,1037851.5625
8568.807181038721,0.7142857142857143,511225.0
7439.91303543215,0.5384615384615384,1587600.0
6067.062656803616,0.46153846153846156,1567712.672776389
5573.498966516779,0.6666666666666666,772934.0278363888
5745.7964464240595,0.5,871889.0625
5145.18016097723,0.5,1053189.0625
6305.837774748301,0.6,938476.5625
6659.537004259737,0.2222222222222222,668987.6736656388
5253.426208202548,0.7272727272727273,1113904.3409813887
3281.7547598828023,0.7272727272727273,1573979.339441389
3822.539534052139,0.5,1456044.4452488888
2220.9657081654873,0.5714285714285714,1701937.672741389
4031.0375919077687,0.6363636363636364,1394367.360323889
3926.012131217012,0.75,1341736.110338889
5701.285340934828,0.5833333333333334,1297700.6952038887
6559.630636457541,0.875,697921.0070001388
5467.6289007197765,0.6428571428571429,1905550.1745313888
3235.3364806991817,1.0,1222867.3603738889
4376.647184584242,0.5714285714285714,1883756.25
4423.2682942337,0.6153846153846154,1111267.361813889
3420.135682136493,0.6363636363636364,1314844.4452088887
4587.8182467474735,0.7272727272727273,1186284.0285038888
6670.509425827107,0.7,935250.173546639
7576.4545463020195,0.7142857142857143,468654.34023213893
4276.2985511305205,0.7,1360139.0625
5107.6778530272495,0.46153846153846156,1250669.4436988889
3032.0687714016935,0.5384615384615384,1479264.0625
5309.245249335081,0.6,1193556.25
4911.824049789303,0.7272727272727273,1144900.0
7806.1691436783585,0.8571428571428571,558133.506894639
6962.4502331604635,0.6153846153846154,1669479.339416389
3736.187864805983,1.0,1035306.25
5664.497117544116,0.5384615384615384,1649084.0286338888
4087.7991991024637,0.4166666666666667,1283500.1743663887
5665.7549767182745,0.5833333333333334,932834.027713389
4680.451768456162,0.6,1120069.443738889
5849.966869909801,0.7,1001667.3604438889
5742.127114836675,0.8,347608.50690513896
5279.531243369458,0.6666666666666666,1128021.006236389
3447.6407721499363,0.6666666666666666,1590751.5625
3575.1180832835,0.4666666666666667,1472177.776968889
2214.8593360263326,0.5333333333333333,1719376.5625
4044.1571870609077,0.5833333333333334,1410156.25
4143.53176372636,0.6923076923076923,1357225.0
5482.515317174325,0.5384615384615384,1312934.027013889
7393.203826270449,0.7777777777777778,709104.340221639
5332.296180543513,0.6,1924000.172686389
4214.155594159196,0.9090909090909091,1237656.25
4284.779371499265,0.5333333333333333,1902100.6953638887
3449.6233764863373,0.42857142857142855,1507779.3410963889
4172.79600503438,0.5714285714285714,1125367.3604038889
3348.288274441292,0.5833333333333334,1330177.777008889
4683.198287880955,0.6666666666666666,1200850.693713889
4683.3463739673625,0.6363636363636364,1097256.25
9176.07195323955,0.8333333333333334,365017.36115138885
2788.564242760381,0.6363636363636364,1554177.7786088889
3247.3939729125386,0.42857142857142855,1437001.5625
1873.0634943714115,0.5,1681344.4453088888
3421.7364970063836,0.5454545454545454,1375733.5077263888
3575.8228703409177,0.6666666666666666,1323458.5077113889
4921.744870492942,0.5,1279726.5625
6238.433134660212,0.75,684756.25
4773.897996013072,0.5714285714285714,1883756.25
3134.9931224723828,0.9,1205421.0076763888
3782.3120034363274,0.5,1862087.672701389
2971.5078838643567,0.38461538461538464,1472177.776968889
3942.3980556078486,0.5384615384615384,1094639.0625
2812.294564376658,0.5454545454545454,1296751.5625
4071.2987873495426,0.6363636363636364,1169101.5625
10573.838708585927,0.5,37539.0625
2525.045610880288,0.7272727272727273,1291064.0625
9768.463375636904,0.6666666666666666,265654.34031213884
918.997942649978,0.7272727272727273,1783337.6745013888
1344.6809775650374,0.5,1657656.25
562.7295057154203,0.5714285714285714,1919379.3412013887
1242.3300589207,0.6363636363636364,1591802.7786188887
2067.376923208305,0.75,1535534.0286038888
2269.0522276664697,0.5833333333333334,1488400.0
4038.2544936043005,0.875,839514.0625
2390.955378278232,0.6428571428571429,2135251.5625
1778.0598594632932,1.0,1408177.7785688888
1725.840756006258,0.5714285714285714,2112177.776808889
1742.487582802705,0.46153846153846156,1695421.006076389
2342.4196484700997,0.6153846153846154,1288225.0
718.6113810773129,0.6363636363636364,1506756.25
2068.9138603255847,0.7272727272727273,1368900.0
3807.504424509203,1.0,79806.25
7907.82590686588,0.625,445556.25
6211.296701898479,0.5833333333333334,1079001.5625
4275.360915631144,0.5833333333333334,1532437.6744363888
4317.667331893305,0.4,1416100.0
2803.1779821567725,0.4666666666666667,1658729.3411363887
4946.680828750387,0.5,1355284.028553889
4913.3529848636845,0.6153846153846154,1303402.7785388888
6500.94758945665,0.46153846153846156,1260006.25
8549.181199658598,0.6666666666666666,670351.5625
6260.352528252635,0.5333333333333333,1859814.0625
5072.861493538938,0.8181818181818182,1186284.0285038888
5112.71103228065,0.4666666666666667,1838284.026873889
4127.429848422365,0.35714285714285715,1451021.006141389
5207.5893404100925,0.6363636363636364,966125.1736766387
4203.409647639022,0.5,1276900.0
5568.97570182971,0.5833333333333334,1150256.25
4017.7607316214994,0.75,1255333.5076913887
10364.501375688742,0.375,343200.69440538896
2324.1766967537114,0.75,1741300.172731389
2616.9393627452387,0.5333333333333333,1617136.1119588888
1477.2882298680042,0.6,1875758.5060313889
2819.969284409312,0.6666666666666666,1552100.693613889
3124.7323661391356,0.7692307692307693,1496544.443628889
4096.348304021127,0.6153846153846154,1450017.3619138887
5729.542139380773,0.8888888888888888,810750.1736711388
4060.5255721400613,0.6666666666666666,2089229.3412413888
2983.6515285308615,1.0,1370850.693663889
3168.212370019081,0.6,2066406.25
2583.1883279248777,0.5,1654439.0625
3197.184230879218,0.8181818181818182,1133337.672901389
2210.563416102517,0.6666666666666666,1468136.1119188888
3484.8001908344563,0.75,1332100.6952138888
10482.775894073755,1.0,71111.1111288889
10521.863389050208,0.625,314066.8403151388
3066.574438780642,0.5833333333333334,1312934.027013889
1486.015704094427,0.5833333333333334,1809025.0
1790.3716989751285,0.4,1682425.172746389
893.1472793061132,0.4666666666666667,1946025.0
1864.885981495421,0.5,1616076.5625
2416.883255358846,0.6153846153846154,1559376.5625
2958.6835541679166,0.46153846153846156,1511875.172791389
4737.800004416258,0.6666666666666666,857167.361049389
3026.4265270711776,0.5333333333333333,2163350.693463889
2308.3670496269087,0.8181818181818182,1431014.0625
2267.3346297640483,0.4666666666666667,2140125.1745863887
1985.5307107362107,0.35714285714285715,1720469.4453188889
2406.124823547512,0.6363636363636364,1188100.0
1296.3047712481473,0.5,1530375.172786389
2595.8983391748257,0.5833333333333334,1391416.839491389
9543.384077880377,0.3333333333333333,85312.67359163889
7457.4039622180835,0.5555555555555556,553164.0625
6894.470500605432,0.6363636363636364,926406.25
4763.406888039112,0.6363636363636364,1349469.4452188888
4896.121013152971,0.42857142857142855,1240439.0625
3164.983253763238,0.5,1468136.1119188888
5565.81572539581,0.5454545454545454,1183562.6743363887
5361.641777019501,0.6666666666666666,1135112.6743213888
7329.0247429529445,0.5,1094639.0625
9225.40037027002,0.75,551306.25
6954.107322894892,0.5714285714285714,1657656.25
5342.95258332708,0.9,1026000.1742863888
5705.890167541332,0.5,1637333.5060913889
4487.893875989226,0.38461538461538464,1273136.110358889
5732.2290216665115,0.7,822044.4445048888
4816.210264483138,0.5454545454545454,1110389.0625
6175.607609119208,0.6363636363636364,992514.0625
10937.689653160884,0.5,11826.5625
3466.630709105525,0.5833333333333334,1321541.839511389
11493.932584626784,0.6666666666666666,421417.3611543888
1889.075415757154,0.5833333333333334,1819126.5625
2217.4022285222063,0.4,1692167.360243889
1153.2016235749918,0.4666666666666667,1956501.5625
2351.8806206915883,0.5,1625625.0
2613.9347291425966,0.6153846153846154,1568756.25
3560.8558504791936,0.46153846153846156,1521111.110288889
4852.454402148214,0.6666666666666666,864125.1735491389
3560.3001646735925,0.5333333333333333,2174396.005961389
2286.892991314444,0.8181818181818182,1440000.0
2721.3896970157357,0.4666666666666667,2151111.112088889
2117.1484002655684,0.35714285714285715,1730321.0078213888
2645.9448485000094,0.6363636363636364,1196289.0625
2870.5997983524776,0.5,1318669.443678889
2962.59077427988,0.5833333333333334,1400277.776988889
3122.145458038117,0.3333333333333333,87517.36109138888
3666.4634743356673,0.5,344666.8402386389
2488.864588560886,0.6666666666666666,1468136.1119188888
652.9618792070296,0.6666666666666666,1990450.693503889
996.583210371597,0.4666666666666667,1857541.8411863889
241.33372462061223,0.5333333333333333,2134034.026803889
904.2958633063639,0.5833333333333334,1787791.839386389
2282.0586316870194,0.6923076923076923,1728129.339401389
1880.2849330420868,0.5384615384615384,1678104.3411413888
5022.082953041397,0.7777777777777778,983402.7778438888
2115.101024326596,0.6,2361344.4454688886
2583.222927213155,0.9090909090909091,1592854.339436389
1467.2296702722492,0.5333333333333333,2337076.5625
1949.3044054629324,0.42857142857142855,1897506.25
2105.623888582496,0.7272727272727273,1335950.693673889
2331.495062928656,0.5714285714285714,1465108.5077513887
2024.8649182947986,0.6666666666666666,1551062.6744413888
19626.634361723834,0.6666666666666666,128104.34030163889
11155.393357501605,0.5,427389.0625
3564.1988153451603,0.6666666666666666,1311025.0
1956.1567966740636,0.6666666666666666,1806784.0286738889
2283.840040567161,0.4666666666666667,1680264.0625
1213.5471884957833,0.5333333333333333,1943700.6953738888
2421.4646079135637,0.5833333333333334,1613958.5077913888
2720.56681800422,0.6923076923076923,1557296.007776389
3639.559379157699,0.5384615384615384,1509826.5625
5038.368252838177,0.7777777777777778,855625.0
3635.700158457582,0.6,2160900.0
2447.0215532827106,0.9090909090909091,1429021.0077413889
2791.565309036866,0.5333333333333333,2137687.672636389
2221.8778965439506,0.42857142857142855,1718284.026903889
2755.625786520674,0.7272727272727273,1186284.0285038888
2964.5729731682727,0.5714285714285714,1308164.0625
3055.42787111324,0.6666666666666666,1389451.5625
6199.555172884322,0.6666666666666666,84826.5625
8210.704860869799,0.8571428571428571,568767.3611613888
6245.748419204135,0.5454545454545454,974333.506878639
4230.809734726466,0.5454545454545454,1407189.0625
4434.023345727177,0.35714285714285715,1295802.777018889
2731.7482510767404,0.42857142857142855,1528314.0625
5013.2121715464555,0.45454545454545453,1237656.25
4734.8996297498425,0.5833333333333334,1188100.0
6737.5060145276775,0.4166666666666667,1146684.027063889
8167.958191606203,0.625,588416.840226639
6414.740200476215,0.5,1721562.672736389
4511.581249675993,0.8,1076406.25
5203.824544842316,0.42857142857142855,1700850.6953138888
3899.272256340007,0.3076923076923077,1329216.8410463887
5043.6948396598455,0.6,867226.5625
4871.898317404624,0.46153846153846156,971867.361045389
4305.931659569416,0.45454545454545453,1162802.777058889
5119.999998771201,0.0,17777.777768888885
12592.876793412232,0.5714285714285714,402696.00690213894
3438.2786014831518,0.7272727272727273,1224711.111848889
1701.625271998541,0.7272727272727273,1705200.693573889
2240.593306614295,0.5,1582354.3411163888
1172.890073272184,0.5714285714285714,1838284.026873889
2188.6488441830334,0.6363636363636364,1518029.339456389
2665.2379189919975,0.75,1463091.839471389
3457.6300219794607,0.5833333333333334,1417091.8410713887
4741.296666041416,0.875,786177.7778368888
3450.288203632377,0.6428571428571429,2049669.4453988888
2112.3906244134455,1.0,1338841.8395063889
2641.5832190033675,0.5714285714285714,2027064.0625
2235.2941382431272,0.46153846153846156,1619256.25
2624.900454551255,0.8,1104250.693743889
3090.4624254393902,0.6153846153846154,1221946.0076813889
1653.1668688002637,0.6363636363636364,1435004.3410763887
762.1169687453396,1.0,63966.840294638896
8188.119551121591,0.5714285714285714,537777.7777288889
6430.887984161242,0.7272727272727273,1015896.0076163888
4307.817212930328,0.7272727272727273,1457050.172806389
4682.145262829736,0.5,1343667.3618838887
2944.604189030964,0.5714285714285714,1580258.506106389
5119.504720689456,0.6363636363636364,1284444.443688889
4957.330230277946,0.75,1233950.693703889
6899.5462897150555,0.5833333333333334,1191736.1118388888
8307.536651064687,0.875,620812.6736636388
6559.079773284896,0.6428571428571429,1776666.8411663887
4622.750602906811,1.0,1120069.443738889
5357.428193339364,0.5714285714285714,1755625.0
4165.482545515806,0.46153846153846156,1377689.0625
5230.667466795297,0.8,906462.6735476389
5273.347660710685,0.6153846153846154,1013377.7784488888
4430.416378936365,0.6363636363636364,1208167.3618438889
9343.449209146966,0.7142857142857143,502917.36115838884
5341.042479090842,0.6363636363636364,1065196.006256389
3309.3410232041297,0.6363636363636364,1515976.5625
3772.1613110937124,0.42857142857142855,1400277.776988889
2305.793103420582,0.5,1641601.5625
3989.451685967772,0.5454545454545454,1339806.25
4179.0510730352735,0.6666666666666666,1288225.0
5575.81659785903,0.5,1245084.027033889
7172.165321328233,0.75,659479.3402236389
5371.224747144376,0.5714285714285714,1841675.172706389
3861.265491013648,0.9,1171806.25
4326.7132787322325,0.5,1820250.6953438888
3534.389014510344,0.38461538461538464,1435004.3410763887
4328.1635423277685,0.7,953064.0625
4534.039049655164,0.5384615384615384,1062617.360423889
3345.396280693931,0.5454545454545454,1261877.777028889
17104.485980206435,0.5,31802.777765888884
8236.819385554163,0.625,516601.5625
6095.7816715916115,0.7,1045506.25
3584.998667224994,0.7,1492469.4452588889
4735.328586956968,0.46153846153846156,1377689.0625
2994.8348478260577,0.5384615384615384,1617136.1119588888
4476.164420192519,0.6,1317712.6743763888
4867.421847750796,0.7272727272727273,1266562.674361389
6423.141083246755,0.5454545454545454,1223789.0625
7408.519290285856,0.8571428571428571,644006.25
6096.817577949865,0.6153846153846154,1815756.25
3836.2245698978877,1.0,1151150.1743263889
5013.946674400255,0.5384615384615384,1794483.506051389
4299.707286559925,0.4166666666666667,1412136.110318889
4892.111849408991,0.7777777777777778,934444.4445088888
5806.029937393895,0.5833333333333334,1042951.5625
3905.4009843263393,0.6,1240439.0625
0.0,1.0,28476.5625
8081.796229388296,0.6666666666666666,728889.0625
5271.127682193644,0.6666666666666666,1108633.5076463888
6201.222877089287,0.4166666666666667,1010025.0
3707.672598725033,0.5,1216425.1743463888
6566.423209426164,0.5555555555555556,958767.3611763888
5856.919481916144,0.7,915211.1111748888
9088.939031907526,0.5,878906.25
6198.498577774416,0.6428571428571429,1781112.672721389
4449.52569785313,1.0,817517.3611713888
6856.215368466209,0.5,1370850.693663889
4821.59657621108,0.36363636363636365,1039550.172931389
6254.846123121974,0.75,636671.0069976388
6606.601667763277,0.5454545454545454,726756.25
5898.361015119585,0.5555555555555556,893025.0
7112.175329690171,0.6666666666666666,787656.25
11661.448999912924,0.375,528044.4444928889
9613.51164939468,0.5,405344.4444868888
4284.360333599589,0.6,1224711.111848889
3925.3054293860023,0.45454545454545453,1066916.8409663888
7983.627679704571,0.5714285714285714,694444.444388889
15325.711956635303,0.3333333333333333,70889.0625
4111.736091522156,0.5,1378667.3618938888
4373.442370541789,0.5,1249737.6743563889
7500.065368067119,0.5555555555555556,548834.027728389
12965.384356941795,0.3333333333333333,54639.0625
4011.137129486988,0.6363636363636364,1500625.0
4764.275609674257,0.5,1314844.4452088887
5207.082368359044,0.36363636363636365,876564.0625
8993.642541330251,0.42857142857142855,439458.50698863884
8555.136787885847,0.4,961216.8403431388
7858.628849371731,0.375,472083.50689863897
9299.770031227325,0.5,517800.17356313893
2770.2842152836492,0.5384615384615384,1394367.360323889
9975.656721779875,0.5,108076.5625
7933.544863661616,0.4444444444444444,430664.0625
1479.1212098237895,0.46153846153846156,1521111.110288889
14011.642270733368,0.6,252087.67357763887
5694.542750660487,0.6666666666666666,1061758.5076313887
7756.349814300093,0.5555555555555556,890664.0625
3929.3982396547112,0.5,1209083.506211389
7325.46981266938,0.625,810000.0
2653.128394836475,0.5,1236729.3395363889
7239.483608097398,0.375,839514.0625
8834.946542070984,0.6,846400.0
10380.28136058448,0.6666666666666666,442225.0
4646.96399922531,0.5,1498584.0285938887
3885.480450643547,0.5384615384615384,1695421.006076389
11000.691050223897,0.5555555555555556,746064.0625
3350.9782881221586,0.5,1040400.0
2873.6352301663755,0.45454545454545453,1058326.5625
5876.0168575093485,0.6666666666666666,1020100.0
13670.887147775209,0.4,118737.67358813889
10525.138226625033,0.4,133834.0277533889
3369.536568339748,0.5384615384615384,1625625.0
4000.1951204267766,0.5833333333333334,1550025.0
4536.735977716022,0.5454545454545454,1309117.3618738889
7179.977016258624,0.45454545454545453,1108633.5076463888
4310.589853864042,0.75,1027689.0625
1579.4489428347936,0.5,1283500.1743663887
7328.069593744731,0.5,815258.5070046388
11016.138101383429,0.625,566883.5069946388
8896.26234296638,0.6,204756.25
8670.195483540085,0.42857142857142855,615571.006892139
8827.395687555616,0.5,445000.17356663896
5511.9626820529165,0.5555555555555556,1123600.0
9411.698804502264,0.5,494677.777730889
7781.374674652339,0.625,640666.8403311388
-2223.2099863976614,0.5333333333333333,2216376.5625
-1447.009587213602,0.5625,2173167.3620938887
5402.146663942269,0.5454545454545454,1149362.672896389
9013.326093447451,0.4,155039.0625
3460.637920304485,0.45454545454545453,1004171.006276389
3428.8196686444194,0.6153846153846154,1809025.0
6202.295683856446,0.7142857142857143,798789.0625
8840.326420516589,0.4444444444444444,603858.506892639
7567.807407647717,0.5,1112146.006241389
8149.178886143079,0.5,906462.6735476389
5433.898497293146,0.5454545454545454,1415108.5061513889
6543.178244402192,0.4444444444444444,601271.0069961388
10714.463692253135,0.375,304796.0069076389
5854.116733630519,0.5,581406.25
10536.594850705254,0.5714285714285714,407469.44440188893
2936.9161830677153,0.5,940091.840213139
16337.9037996741,0.5,346626.5625
3199.533708321722,0.6666666666666666,1325376.5625
6731.322267893833,0.5,1164600.6951638889
7651.892873245443,0.625,847166.8403391388
6081.91967776683,0.5,1249737.6743563889
9007.161754107394,0.42857142857142855,354025.0
6004.974820491704,0.6666666666666666,1031071.0076213888
7005.266358303346,0.5,800279.340218139
9121.097931098493,0.5555555555555556,705600.0
2373.565690178714,0.6,1454034.026973889
3965.5357612709563,0.45454545454545453,908844.444380889
8869.057555750302,0.5555555555555556,741751.5625
5707.204968772335,0.36363636363636365,1106879.339576389
11045.565476835427,0.42857142857142855,511225.0
9150.699884446827,0.5,187056.25
11401.608074319955,0.6,196175.1736406389
11007.666128107288,0.6,208544.4444748889
3735.3057618647513,0.6,1072950.693753889
5350.610082381482,0.5555555555555556,868002.7778398888
6780.694836635676,0.5714285714285714,743906.25
6042.419651239189,0.5555555555555556,871889.0625
6203.2295007792545,0.5555555555555556,882034.0278403888
4677.549374155467,0.5454545454545454,1108633.5076463888
11170.300948691047,0.5714285714285714,450576.5625
10426.66575457747,0.5,648696.0069981389
10938.177101843356,0.5,347117.36115038884
4048.9861518122802,0.5,839514.0625
6590.920167681502,0.45454545454545453,1111267.361813889
968.4938055717912,0.38461538461538464,1875758.5060313889
8287.78546148784,0.4444444444444444,636671.0069976388
8659.43077726174,0.5555555555555556,552544.4443948889
4375.8506126230905,0.45454545454545453,900126.5625
4282.648199120593,0.5454545454545454,1438000.6952438888
16271.857669568015,0.3333333333333333,113906.25
20360.429522732768,0.5,130802.7778018889
2789.6466055298683,0.5,1633071.0077963888
10204.438133364845,0.5714285714285714,576966.840227139
4129.77679491774,0.5454545454545454,1286334.0285338887
11610.673055899259,0.4444444444444444,656100.0
4246.468040855155,0.6,1203591.839546389
2717.738905038682,0.5,1108633.5076463888
5649.777547126918,0.5555555555555556,695834.0278333888
5407.7242759202045,0.4,691669.4444998888
10020.204471043426,0.5714285714285714,344666.8402386389
7423.114703860727,0.5,662867.3611653888
8298.428122746584,0.5,413877.77773488895
4000.426245937101,0.5555555555555556,751111.1111688887
7316.985691673122,0.5555555555555556,952250.6943793889
12904.315597259458,0.5,571284.027727389
2947.572947520114,0.5384615384615384,1173611.110388889
12127.426149294044,0.5714285714285714,470939.0625
2284.4004449051163,0.5454545454545454,1756729.3411613887
9505.730065040727,0.4444444444444444,810750.1736711388
17349.51942825318,1.0,55617.361095388886
14441.426745999295,0.5,189587.6736401389
13801.938040733967,0.5,110833.50696663889
6552.522754693801,0.625,889877.777714889
9985.532973347606,0.5,509439.0625
7065.705956490993,0.5555555555555556,1002501.5625
4642.6596259273465,0.6666666666666666,1097256.25
6796.822471441736,0.5555555555555556,843336.111049889
7100.865750776699,0.5,560002.777727889
8428.00416310578,0.625,507062.67356363893
12503.977200708323,0.5555555555555556,584587.6735601389
11698.002346231144,0.3333333333333333,180271.0069161389
5387.978678225851,0.6363636363636364,1126251.5625
8476.362882880623,0.5,724626.5625
6812.64442904601,0.5,968584.0278433888
4340.10010862584,0.75,1035306.25
7663.621936410241,0.6,811500.694384389
11807.046083380368,0.3333333333333333,362504.340237639
3829.0143860107914,0.5833333333333334,1405212.6744013887
7122.156999802283,0.7,842571.0070056388
12080.845204807629,0.4444444444444444,573806.25
11038.439847057409,0.5,653402.777723889
8863.129151661036,0.45454545454545453,977626.5625
7528.449378230243,0.6,850237.673549639
15037.443709906356,0.3333333333333333,263511.1110768889
8474.909532711823,0.2857142857142857,322529.3403156388
9075.360824106045,0.5,769275.173552639
5536.504952432166,0.6363636363636364,1053189.0625
10060.42436745562,0.375,373117.3610703889
5914.887379945105,0.42857142857142855,718962.6736676388
9959.811386024752,0.5,680625.0
9034.705229298825,0.5,404814.0625
14999.5150818192,0.5,365017.36115138885
5418.737139417584,0.5,954691.840212639
9097.094604907415,0.2,182044.4444728889
13864.759600997117,0.75,243377.77774488888
6950.716222530076,0.6666666666666666,975979.3403436388
11243.635399203722,0.5454545454545454,703501.5625
11296.116112253714,0.5714285714285714,267375.1735766389
3885.0336384464913,0.6,1379646.006161389
6253.3223564707805,0.5,876564.0625
10315.205061203069,0.375,460701.5625
5819.70400668518,0.75,922400.1736751387
12460.63455682858,1.0,126617.36108738888
13644.70540968567,1.0,211216.84024713887
17952.50506881116,0.8,267806.25
4001.8805955046573,0.5833333333333334,1248806.25
13123.961713808463,0.5555555555555556,520201.5625
10827.11030229438,0.6,205133.5069746389
10848.018160975445,0.5714285714285714,457877.7778228888
7492.362445422208,0.5714285714285714,558133.506894639
4942.588504373711,0.6666666666666666,942517.361046389
5814.158581460721,0.6363636363636364,1178129.3410013888
15331.911860292805,0.5,280017.3611463888
9404.4602704488,0.5,251251.5625
5324.9868784993005,0.5454545454545454,1414117.3619038889
6295.045898224435,0.625,1005006.25
12465.099253939647,0.5,601271.0069961388
14222.757124786338,0.625,568139.0625
8516.806857872429,0.5714285714285714,399529.34023563896
9667.755807244814,0.5,236034.02774538888
14107.339722507839,0.5,286225.0
8906.63152221945,0.5,568139.0625
11708.414940249642,0.625,568767.3611613888
2033.279977165686,0.5,1686751.5625
6729.719450546198,0.5454545454545454,973511.1111768888
7989.632231239704,0.5454545454545454,871111.111048889
9176.164288887365,0.375,323950.69448238885
14357.438245730791,0.5,304336.1111478888
10394.318584931618,0.5,487669.44439788896
9106.378198985858,0.5714285714285714,584587.6735601389
12774.9404988481,0.5,338821.00690563896
9817.110964765416,0.5,642001.5625
10005.03241010134,0.5714285714285714,362504.340237639
14763.278341711397,0.5,428479.34023413894
4754.806101418715,0.5,746064.0625
5363.1750825237805,0.6,1166400.0
10650.76318609922,0.625,558133.506894639
12491.655153339654,0.5714285714285714,408001.5625
5316.19894871819,0.5384615384615384,1154729.339561389
11743.069193769557,0.5,480133.5069906388
4386.195905326182,0.5,1429021.0077413889
5638.928800079042,0.5833333333333334,1076406.25
9116.82919130526,0.4,324425.17357313895
17534.497248294465,0.3333333333333333,104006.25
1886.3716208784028,0.46153846153846156,1775556.25
7055.44179837543,0.25,142191.84025263888
2807.0553527285324,0.6,1442000.693643889
4807.5466843065815,0.6363636363636364,1271256.25
7638.251329499202,0.42857142857142855,699314.0625
5303.113869422218,0.3333333333333333,1033611.1117888888
6558.657417878716,0.42857142857142855,569396.006894139
7497.330703950935,0.6363636363636364,903291.8403411388
11183.181108385315,0.5,474376.5625
7740.251301060346,0.42857142857142855,646014.0625
9653.815950876164,0.42857142857142855,596112.673559639
8031.9098092967715,0.625,705600.0
6619.35728398274,0.5555555555555556,1096383.506246389
6835.338205311971,0.5555555555555556,840277.7778388888
7854.772482740787,0.7142857142857143,616225.0
11439.590793616531,0.5,373626.5625
13795.985290742383,0.6666666666666666,114751.5625
8725.913677957953,0.42857142857142855,639333.506891139
4708.28152703593,0.625,900126.5625
4880.586355846722,0.4444444444444444,1110389.0625
8752.191272521068,0.6666666666666666,828100.0
8807.732090380507,0.5714285714285714,618189.0625
10200.330820490157,0.6666666666666666,371591.84023713897
7899.4860530472215,0.5555555555555556,812251.5625
5448.343533288328,0.5,1030225.0
13305.82787260426,0.6,261802.7778118889
12909.762733147452,0.5,364514.0625
6810.816073316107,0.5555555555555556,940900.0
11109.92230245172,0.5,637336.111057889
5248.395624691166,0.5,574437.6736616389
15550.65481693008,0.3333333333333333,295211.11107488896
12306.070425047828,0.375,468654.34023213893
13225.909351876955,0.5,419256.25
5761.475490104839,0.6,920800.1735471389
9232.643918001684,0.375,685446.0069996389
12666.934394960179,0.3333333333333333,158669.44441788888
6550.436222715585,0.5,1018417.3617838888
3993.3853110410037,0.5555555555555556,1189917.360383889
9400.810822340449,0.4444444444444444,688900.0
13676.787569325985,0.5714285714285714,406937.6736536388
10797.431319353915,0.5,480133.5069906388
8632.42083435494,0.6,201376.5625
13121.02985968153,0.42857142857142855,392189.0625
4627.35005164435,0.6666666666666666,1142226.5625
12020.222189446231,0.4444444444444444,683377.7778328888
6696.602612606825,0.45454545454545453,1156521.0076613887
5959.915790278239,0.6666666666666666,988367.3611773888
12158.448169611334,0.4444444444444444,648696.0069981389
4798.02073373243,0.5555555555555556,691669.4444998888
8667.707390752043,0.5,302500.0
8116.403142689467,0.5555555555555556,627396.006891639
4397.444288021458,0.625,642669.4444978888
4209.949998370583,0.4444444444444444,1064336.1117988888
7439.794519254369,0.5,543906.25
8949.976204414805,0.42857142857142855,479556.25
6463.245591522329,0.42857142857142855,401639.0625
9662.997945820242,0.625,642669.4444978888
7157.827817415867,0.6666666666666666,954691.840212639
4958.20258412051,0.42857142857142855,470939.0625
9692.214148004317,0.5555555555555556,773666.840219139
4908.888084094854,0.5,577600.0
8936.49858568333,0.5555555555555556,600625.0
6408.168313986946,0.5,895389.0625
3464.8951162678745,0.4,1318669.443678889
5495.41626483926,0.5555555555555556,624758.5069971388
6311.335006784779,0.5,1010862.6742813888
9225.007287678243,0.625,748225.0
9263.093877324998,0.6,936862.6736756387
5880.7922338402805,0.5,996669.444377889
8512.878298477126,0.5,549451.5625
8821.316445778175,0.625,667625.173556639
8409.56248239365,0.5,660833.5069986389
12389.814080958286,0.5,595469.4444958888
3964.951842152776,0.5714285714285714,527439.0625
21100.17616186897,0.6666666666666666,81462.67363013889
4568.779319039113,0.4,1215506.25
13827.619350376495,0.5714285714285714,377712.6735701389
15557.163586560799,0.5,263939.0625
8350.120866250147,0.42857142857142855,632025.0
4628.088709567195,0.5,1141336.110398889
10563.828381444588,0.7142857142857143,599334.0278293889
8016.002429801168,0.6,861029.3403396388
8420.42627834014,0.5,653402.777723889
5610.68664857119,0.5555555555555556,974333.506878639
4286.388300722557,0.625,801025.0
11791.45558902422,0.75,556889.0625
436.9016018017216,0.5,2077201.5625
8065.6319203904395,0.5714285714285714,599979.340226139
7865.606637351263,0.5,1020941.8409513888
8201.624348225841,0.6666666666666666,599334.0278293889
10990.933130455065,0.6666666666666666,386469.4444858888
5691.798209883098,0.6666666666666666,1143117.3618238887
7863.9482404360715,0.375,625417.361058389
8957.504043798686,0.3333333333333333,402696.00690213894
3193.770129367328,0.46153846153846156,1833767.3620138888
10371.984319642743,0.5,601917.361059389
14536.969901301318,0.5,62084.027794388894
13515.737155481971,0.6666666666666666,428479.34023413894
9003.422928346623,0.42857142857142855,252506.25
6225.500024590361,0.4,1054900.172926389
11549.30604165959,0.42857142857142855,480133.5069906388
12601.728509722543,0.6,114187.6736336389
7213.159491455809,0.375,812251.5625
2263.2047393300327,0.5384615384615384,1431014.0625
18132.475064201375,0.8,176400.0
6967.245331584049,0.5454545454545454,1291064.0625
9970.598613865292,0.4444444444444444,771469.444385889
4183.602106243197,0.4444444444444444,715434.027721389
8245.788522732606,0.7142857142857143,706300.1736671388
4146.113515764191,0.6,934444.4445088888
4091.4353692591094,0.5833333333333334,1547950.6952738888
10667.894741254366,0.7142857142857143,526834.0277293889
6299.669732035399,0.45454545454545453,1144900.0
8942.897640762178,0.5555555555555556,910434.0278413888
4761.525105403506,0.5555555555555556,849469.4445058889
11246.878705299394,0.6666666666666666,463534.02773238893
10357.227819640835,0.5555555555555556,783962.6736701388
4435.691567522914,0.5555555555555556,727466.8403346388
13817.251073550728,0.5714285714285714,483604.3403241388
5958.0886124997805,0.5555555555555556,1047211.1104288889
15633.038914124958,0.4,243789.0625
4745.421183190799,0.5454545454545454,1049771.006261389
4387.815412558565,0.6666666666666666,1138666.8395663889
16405.709777715936,0.42857142857142855,424669.44448788883
10734.296762258338,0.6666666666666666,391667.361069389
11342.038482415142,0.5714285714285714,551925.1736606389
3736.64900082131,0.5,1000833.5076113888
17740.762626996846,0.5,268237.67364563886
4046.8971845998026,0.45454545454545453,871889.0625
3850.877500514783,0.46153846153846156,1467126.5625
4436.366418056828,0.6,1250669.4436988889
8917.582413040234,0.5,903291.8403411388
8836.771154923872,0.5,863350.6945063887
11451.779065477951,0.5714285714285714,430117.36106738896
10922.840503215666,0.4444444444444444,706300.1736671388
5761.522088803092,0.5714285714285714,459571.00698963884
10071.258841896983,0.6,185617.36108238887
1984.5841240481109,0.5454545454545454,1576071.0077813887
5589.343887199766,0.45454545454545453,1182656.25
7717.423419765089,0.3333333333333333,263939.0625
6486.6315795321125,0.5555555555555556,560626.5625
2377.974047312808,0.5833333333333334,1561458.506111389
5281.009394684995,0.5,367539.0625
5205.582440869179,0.5,1338841.8395063889
9362.502577237983,0.5454545454545454,920800.1735471389
4355.219008640148,0.5454545454545454,859483.506882639
2456.8210817807267,0.5454545454545454,1632006.25
6306.197683834279,0.45454545454545453,1339806.25
3315.5000246739783,0.45454545454545453,1265625.0
9315.855982986797,0.5,781750.6945033888
9132.836767442603,0.5555555555555556,801771.0070041388
8104.829548881249,0.5,409066.84023513895
3915.0575665892825,0.5555555555555556,744625.1736686388
10670.542979751495,0.6666666666666666,386987.6735696389
2696.209553959004,0.5454545454545454,1463091.839471389
3090.0485764813434,0.45454545454545453,1018417.3617838888
11113.636574946091,0.5555555555555556,709104.340221639
8392.448612310456,0.5,343689.0625
5867.467081389971,0.5454545454545454,1181750.172886389
9613.607394645103,0.42857142857142855,269966.84024313895
9307.92897133921,0.4444444444444444,864900.0
7251.2256533184855,0.625,851006.25
11010.179736361699,0.5,368550.17357063893
9527.735520418433,0.6666666666666666,721084.0278343888
6392.687410638012,0.5555555555555556,998334.0278443887
7030.462516418396,0.5555555555555556,867226.5625
5861.503011558957,0.75,929617.3611753888
9152.15846353756,0.5,715434.027721389
9163.067411723256,0.3333333333333333,219726.5625
7523.5260571537765,0.4,1006677.777108889
9589.159583469384,0.6666666666666666,844867.3611723888
10897.522845483112,0.42857142857142855,565629.340227639
11394.38288854445,0.5714285714285714,514806.25
10957.229356222306,0.5714285714285714,347608.50690513896
8737.67726893133,0.7142857142857143,428479.34023413894
8026.1944160299245,0.5555555555555556,816764.0625
5921.365367530528,0.625,948189.0625
4758.947467695693,0.6,1176321.006221389
10349.166988355195,0.5,230800.1736431389
11829.961917358502,0.5,541450.694395389
5956.0088070261745,0.75,922400.1736751387
8209.799289676748,0.625,849469.4445058889
11935.912106738006,0.5,452256.25
4028.3274160780425,0.5,1159211.1118288888
7475.353049801702,0.6,900126.5625
14831.045124197335,0.5714285714285714,394279.34031963884
4366.2598392436585,0.5714285714285714,513014.0625
7201.374467332134,0.5555555555555556,948189.0625
11877.963832862646,0.4,170500.1736386389
6776.104418470627,0.5714285714285714,711211.1110548889
5587.831456989373,0.625,916008.506880639
11853.431006926727,0.5,219336.11107988888
12711.579861928487,0.5,698617.3610553889
9192.394415751656,0.4,971867.361045389
9147.189001848574,0.625,656100.0
13462.125635106697,0.4,130501.5625
13241.941956047924,0.5,516601.5625
12614.219733956794,0.3333333333333333,356011.11115088884
14210.382980127208,0.3333333333333333,312201.5625
13450.15298921253,0.42857142857142855,397425.1736531388
6474.205476357865,0.5,1397321.006156389
9985.250825648078,0.375,577600.0
13091.025006063408,0.5,439458.50698863884
17049.253455669033,0.42857142857142855,322056.25
14306.79450142889,0.5714285714285714,485344.4444908888
4586.658126535127,0.5555555555555556,875004.3403401388
5198.813039453155,0.45454545454545453,1340771.007716389
8243.152636807827,0.4,186336.1111398889
5983.58995483301,0.6,1063476.5625
11494.855663175313,0.5,343689.0625
8619.454261417826,0.5,386469.4444858888
9066.82468983546,0.5,216612.6736421389
10649.582409065684,0.42857142857142855,505284.027730389
13893.892462540149,0.5,392189.0625
11488.161455475192,0.42857142857142855,447226.5625
7606.131454633527,0.5555555555555556,661511.1110568889
9569.130780945243,0.375,490000.0
16557.24709773298,0.75,151775.1735851389
12481.499523465964,0.5,347117.36115038884
11433.030586419614,0.5,236844.4444768889
7489.157857207374,0.625,819779.3403381387
4788.670260511837,0.625,620812.6736636388
10219.76222515736,0.5,652729.3403316388
4310.70973115537,0.625,636671.0069976388
8292.670119831104,0.4,932029.3403421388
5395.338733052274,0.5555555555555556,954691.840212639
8132.20124171989,0.5,284889.0625
3318.96750205163,0.6,1328256.25
6462.594071373043,0.5,1015056.25
7865.087270571121,0.375,431211.1111548888
7862.525661511774,0.42857142857142855,558756.25
6388.359616545795,0.2857142857142857,380277.77781888883
7297.461399798905,0.6666666666666666,854854.340216139
9217.275112099356,0.5555555555555556,775867.361052389
5533.039512508047,0.375,474376.5625
9468.637492694546,0.5714285714285714,329189.0625
6367.182272002373,0.3333333333333333,718962.6736676388
7743.75468785274,0.42857142857142855,408001.5625
10935.05100069832,0.42857142857142855,231601.5625
5288.98219644779,0.5714285714285714,452816.8403226388
12916.810782511691,0.5,459571.00698963884
4601.6787273060245,0.4444444444444444,1196289.0625
6956.203513290928,0.5555555555555556,930421.006880139
4751.655721171635,0.5,1207251.5625
3567.1394755515944,0.5,1363056.25
8111.174371254179,0.625,580771.006893639
9223.866754799143,0.4,1068639.0625
4172.944491684251,0.5,1123600.0
4368.763564735005,0.4444444444444444,976802.777711889
9888.166467033447,0.42857142857142855,668306.25
9030.268270358183,0.4,902500.0
5543.510591296962,0.625,908844.444380889
10203.758335637594,0.625,664904.3403321388
11594.566888519614,0.5,215837.6735801389
7915.92895003386,0.5,1144008.506231389
5425.542824069128,0.4444444444444444,971867.361045389
7792.171628777828,0.5,924802.7778418888
13455.994797024323,0.75,168784.0277503889
6327.080133514604,0.3333333333333333,608400.0
11904.241372137349,0.6,324900.0
11794.937071828479,0.4,289802.77774188895
7639.072292992856,0.75,822800.173550639
9403.567014777987,0.42857142857142855,592258.506893139
10992.24577318528,0.4,189950.6944153889
13701.75766253655,0.5,673767.3610563889
15532.157338212326,0.5714285714285714,472083.50689863897
12209.692235603461,0.4,158337.6736376389
8042.7250587304925,0.4444444444444444,908050.1736746388
15376.949593987081,0.5,175002.7777498889
11691.714268458347,0.6,293854.34024163894
14401.791393788102,0.5,330146.00690613897
11942.151229636285,0.6666666666666666,135976.5625
6799.301593838723,0.5,831896.006883639
11034.156067203397,0.5,495850.6944913888
15402.973665983222,0.6,230000.17357913888
1308.561477662531,0.5833333333333334,1616076.5625
4445.611183180035,0.5555555555555556,892237.6735481389
13643.588607969145,0.6666666666666666,125139.0625
4545.926815612869,0.6,1041250.1742913888
2608.672396904257,0.4,1482306.25
15856.815575842975,0.8,223650.1736426389
9867.851191213662,0.625,651383.506890639
8010.202129029341,0.6666666666666666,801025.0
6378.296443038496,0.5,1126251.5625
7948.216329852033,0.5,283556.25
13502.998415178608,0.4444444444444444,581406.25
7868.447489823615,0.4,900126.5625
10851.276879780618,0.5,115883.50696713889
7431.905927731914,0.4444444444444444,839514.0625
8692.933343273786,0.6,781014.0625
7249.672177750402,0.5454545454545454,1118306.25
8256.465149072897,0.5,1040400.0
6510.20703260927,0.5454545454545454,1057469.4437588889
8341.067943766753,0.4444444444444444,753279.3403356388
11661.021717077761,0.4,321583.50690663897
9924.01086220291,0.7142857142857143,302500.0
2603.626831337786,0.5,1228402.777038889
11429.412385531676,0.5,429025.0
9411.986262038628,0.4,298389.0625
5779.109577733616,0.5714285714285714,601271.0069961388
20147.48166483853,0.75,124844.44442088889
12741.350050510351,0.5714285714285714,472656.25
6238.037737152263,0.5,1110389.0625
9436.208468563358,0.5714285714285714,609050.1736631388
8087.725601859634,0.375,387506.25
5113.480082426727,0.45454545454545453,1261877.777028889
11398.03862317482,0.5,366025.0
8564.13737187935,0.6,998334.0278443887
11805.283131622651,0.4444444444444444,680625.0
8566.514383883436,0.5,396375.173569139
5447.491712179445,0.5454545454545454,1277841.8410313888
11650.077535462127,0.6666666666666666,374646.00690363895
8422.394618301218,0.375,359500.17357113893
4784.791618085332,0.4444444444444444,677191.8403326388
16340.220353838973,0.5,285779.34024213895
12153.614259008757,0.625,614264.0625
3643.5782085054084,0.5,842571.0070056388
10482.602964640957,0.5714285714285714,458441.84023263893
4049.5646111195447,0.5,804011.1111708888
5723.528866932502,0.5555555555555556,1016736.110438889
5701.047522313063,0.45454545454545453,1178129.3410013888
13000.222257377667,0.5,321583.50690663897
2414.2086787489798,0.7,1374756.25
6367.6294231015645,0.6,1009187.6729413889
8369.060971010013,0.7142857142857143,534726.5625
10179.470667004516,0.5,831896.006883639
6369.202035337275,0.45454545454545453,1231175.172871389
7196.383867442651,0.4,728889.0625
3015.375281550383,0.45454545454545453,1160108.506226389
8836.594531232851,0.5,699314.0625
4339.701416854311,0.6666666666666666,1130677.777068889
2533.194972499331,0.46153846153846156,1655511.111968889
4849.88572235699,0.5555555555555556,655425.173557139
5093.4589192083195,0.6666666666666666,1237656.25
10311.687850261764,0.5555555555555556,892237.6735481389
5464.013275158306,0.5555555555555556,831896.006883639
8846.519329114242,0.5,260950.69441038888
6824.69575569421,0.5,1041250.1742913888
12477.439083169043,0.5714285714285714,486506.25
5701.346712854893,0.5,1057469.4437588889
8983.785657527651,0.5555555555555556,732450.694387389
9872.445382696444,0.5714285714285714,532900.0
8638.982253718357,0.5714285714285714,524417.3611593888
8792.270928125768,0.5,425756.25
3935.5149035107074,0.4444444444444444,1242296.006201389
7139.860851162383,0.4,973511.1111768888
9390.504931140538,0.625,761983.5070026388
4323.076477773606,0.6666666666666666,1205421.0076763888
8381.437109109993,0.4444444444444444,727466.8403346388
7257.492467765276,0.4,227608.50691263887
7161.492423365759,0.5,762711.111052889
8590.489005228448,0.7142857142857143,448341.84023313894
4795.096925081505,0.4444444444444444,1213669.4451788887
6741.795340237795,0.5714285714285714,704900.173555139
6434.565413858396,0.5454545454545454,1263750.6951938889
11158.622681206016,0.6666666666666666,434500.69448838884
7474.39657075971,0.5714285714285714,789876.5625
10046.483700911607,0.4444444444444444,639333.506891139
5834.4312156331525,0.625,919201.5625
8030.729337620117,0.2,109726.5625
2867.7892676868614,0.6,1507779.3410963889
10354.76405777221,0.5,473229.3403236388
15589.219279668741,0.4,235225.0
13815.349353252896,0.4,146306.25
6651.854424086571,0.625,789136.111051889
6369.192321780873,0.5,818271.006884139
5379.874059125849,0.5555555555555556,1044654.339596389
14702.697651204067,0.5,273877.77774288895
10007.23182339478,0.6666666666666666,390104.34023613896
9787.784782355373,0.6,305716.84031463886
6601.242282315482,0.625,782487.673552139
12606.006833543373,1.0,171879.3402501389
11325.479819352873,0.6,377200.6944853888
4715.595587330268,0.6,1177225.0
12056.262480889627,0.5,206646.00691413888
7171.4604976674145,0.5,807002.7777178889
13231.284098316104,0.5,555025.0
3017.3089342509707,0.5,1311979.3410413887
9860.857819905123,0.5,785439.0625
10012.648754838681,0.5555555555555556,757625.1736691388
5370.401457278104,0.5,551925.1736606389
12428.927065605923,0.625,580771.006893639
11335.680099248895,0.625,747504.340220139
5899.392852034193,0.5454545454545454,1226556.25
6175.129745929871,0.5,1128906.25
5704.493662519911,0.4166666666666667,1154729.339561389
5991.575226433094,0.45454545454545453,1076406.25
8171.955676925722,0.6666666666666666,307562.67357413896
3920.08072119035,0.5454545454545454,1238583.507686389
7234.887770419621,0.45454545454545453,1041250.1742913888
3917.540975405854,0.4166666666666667,1483321.0077563887
6892.4493223819745,0.5,1048917.3617938887
3448.543952282764,0.6363636363636364,1437001.5625
3765.78670681978,0.5454545454545454,1322500.0
3503.538602071358,0.5454545454545454,1274076.5625
5295.935952185503,0.5,1113025.0
1832.379982341197,0.6363636363636364,1450017.3619138887
11364.58647127983,0.2,98700.6944653889
1842.2798289582593,0.5,1713917.3619838888
1666.877316175372,0.5,1841675.172706389
1989.2142630073029,0.5,1540701.5625
25359.862699899637,0.6666666666666666,72002.77775988888
5165.335957663284,0.6,1085069.445138889
9020.173767899762,0.6666666666666666,896177.7778408888
6953.285010200973,0.375,686826.5625
7239.97104571088,0.5,698617.3610553889
5390.661201390614,0.6,1243225.0
7986.318153110434,0.375,649367.361057389
10589.961409864538,0.625,507656.25
4275.153380704809,0.5555555555555556,912025.0
8002.012054338221,0.5,628056.25
7979.000414348954,0.5555555555555556,862576.5625
7441.223890931395,0.45454545454545453,885167.361048389
7469.404358818228,0.5,855625.0
14048.626454475563,0.3333333333333333,290700.69448038883
7502.655675721664,0.5555555555555556,802517.361051389
7740.657295165978,0.5555555555555556,756900.0
9095.001065813618,0.5555555555555556,844867.3611723888
10209.93899362636,0.6666666666666666,305256.25
7331.044525837557,0.4444444444444444,828858.5070051388
10695.711560333797,0.4,143136.11108588887
12403.555860215021,0.6,257556.25
5586.952776977369,0.5,1048917.3617938887
3276.8175299943737,0.5,1359167.360333889
6353.812214997082,0.4,840277.7778388888
8081.3261742040895,0.5,687517.3611663888
17855.254005605217,0.6,182044.4444728889
11393.126911889283,0.42857142857142855,274314.0625
12198.430587355024,0.5714285714285714,323002.77773988893
12731.434086460871,0.3333333333333333,155367.36113738889
14886.192802857313,0.3333333333333333,142191.84025263888
6249.03350853757,0.4444444444444444,811500.694384389
5825.341029864261,0.4444444444444444,1022626.5625
10354.44113643915,0.3333333333333333,172571.0069721389
10031.765485465905,0.5555555555555556,721084.0278343888
9963.449888546285,0.5,239691.84024513888
12075.505605045655,0.42857142857142855,388544.44440288894
8502.881894334834,0.5714285714285714,359500.17357113893
8702.819620145521,0.5,278696.0069796388
9186.830382938313,0.375,399529.34023563896
9152.025154242683,0.5714285714285714,494677.777730889
6861.150734738078,0.5714285714285714,385434.02773638896
9096.875739487019,0.3333333333333333,185617.36108238887
7569.338771401424,0.5,507062.67356363893
9749.527421038227,0.5714285714285714,555025.0
8367.08427566347,0.5,713321.006888139
8208.021666163422,0.4,928814.0625
12367.583744735755,0.5,214677.7777468889
10978.402160259926,0.5,587139.0625
8012.054188509499,0.6666666666666666,303417.36107438896
10840.278119587972,0.6666666666666666,360000.0
5998.997560836205,0.75,799534.0278373888
2716.284999819383,0.7777777777777778,1260941.8410263888
9581.299445625838,0.3333333333333333,189587.6736401389
8312.723207280387,0.5714285714285714,354025.0
13054.03535450341,0.2857142857142857,440564.0625
9487.594285135638,0.4,161336.1111378889
8750.921096816157,0.6666666666666666,441671.006900139
8808.278094773685,0.6666666666666666,315937.67357363895
11451.95209082176,0.5555555555555556,692362.673555639
12941.71394266478,0.4,165377.7778048889
4573.588895740891,0.5454545454545454,1235802.7785188889
11210.244988571423,0.5714285714285714,430117.36106738896
7395.269214494984,0.42857142857142855,501736.11106388894
10269.507682750886,0.5555555555555556,677191.8403326388
7182.490896368061,0.6,244200.6944773889
17748.303148352185,0.75,138756.25
5588.522171991457,0.5,921600.0
3930.348361332998,0.5833333333333334,1343667.3618838887
6952.272112687113,0.5,828100.0
10130.391726229664,0.625,634014.0625
4436.557359049571,0.4,1123600.0
10361.90512379029,0.625,731737.6736681388
8832.760770570227,0.625,560002.777727889
7226.1024380233775,0.5,1161006.25
3781.6680402540064,0.4166666666666667,1602334.026933889
4481.781356242222,0.4,1227479.3410163887
9449.358076253275,0.5,516002.77772988897
9744.884737868791,0.625,652056.25
3916.7580370771184,0.4166666666666667,1470156.25
10108.527929803515,0.4,870333.5070066388
6306.768795751535,0.5,715434.027721389
6409.721165456087,0.4166666666666667,1190826.5625
4532.475133333368,0.5454545454545454,1275958.506191389
5163.7891545682305,0.5,1062617.360423889
4142.989726511375,0.4166666666666667,1322500.0
10447.59711857139,1.0,216225.0
7258.643248746285,0.5,907256.25
12690.787667855308,0.6,381821.0069856388
9973.526861531627,0.7142857142857143,535336.1111598888
10963.709430466675,0.6,312667.3611483888
9015.23007876036,0.6,156354.3403041389
11666.586745566428,0.5,169126.5625
13459.46194828379,0.4,265654.34031213884
9131.344415087624,0.6666666666666666,247506.25
9528.371120566428,0.625,497025.0
8459.491266093099,0.5,935250.173546639
6555.396054833971,0.75,1019258.506271389
7566.535220076677,0.625,871889.0625
7479.9833126144285,0.5,1108633.5076463888
16393.534520017558,0.4,133529.34030213888
12086.235784485165,0.5,348591.8403171388
12821.27291546857,0.6,247921.0069776389
10206.671883028628,0.6,295211.11107488896
9795.115082754935,0.42857142857142855,445000.17356663896
10444.17602618182,0.5,722500.0
3664.620972679465,0.6,1211834.027043889
11162.674611467812,0.5,287117.36107538897
5143.802740823237,0.5,1159211.1118288888
6823.5195703720765,0.625,764167.3611693888
7530.478800839369,0.5,847166.8403391388
9386.768589178962,0.4,408001.5625
3066.1952021989273,0.6153846153846154,1721562.672736389
1982.090594485291,0.5833333333333334,1691083.5078113887
4482.052618794643,0.5454545454545454,1384544.445228889
8254.963768667265,0.5,650711.1111648888
5921.783590563423,0.5454545454545454,1184469.443718889
1058.439976270894,0.5384615384615384,1822500.0
8048.905220769674,0.5714285714285714,573175.1735606389
854.1512865498448,0.5833333333333334,1883756.25
8681.448693646265,0.5,334469.44440588896
14896.649977609768,0.5,186696.0069156389
6197.075956894021,0.5454545454545454,1062617.360423889
8771.374721177295,0.42857142857142855,504100.0
11925.920257834401,0.4,286225.0
3175.7644964633187,0.5454545454545454,1350437.672836389
14208.203285835505,0.5,90500.69442438889
9793.51291676072,0.5,226417.36107938888
9479.351958289919,0.6666666666666666,414950.6944873888
9062.91816744386,0.5,656100.0
16556.64071733854,0.5,172225.0
4764.181908371954,0.6,1079867.3618038888
6762.251812958332,0.5,684066.8402226389
6284.047217539521,0.6666666666666666,876564.0625
3805.722554285935,0.5454545454545454,1210916.8410113887
8122.108886280721,0.6666666666666666,439458.50698863884
1416.803156025692,0.5833333333333334,1636267.3619638889
8459.667251257451,0.3333333333333333,65025.0
4848.678559343668,0.5833333333333334,1400277.776988889
398.9285002057698,0.5333333333333333,2450529.3413213887
3763.6029356285067,0.5,1337877.7785488889
12786.170086025852,0.75,86534.02779738889
1329.6078813298363,0.5454545454545454,1783337.6745013888
10845.123535317203,0.6,380791.84023663896
8457.234931169412,0.625,792841.8403371389
11374.135504124493,0.6,308025.0
12127.8168966447,0.5,141564.0625
8278.675698141871,0.4,217000.69441338888
4845.195471764586,0.5,584587.6735601389
6255.007658405671,0.4444444444444444,635341.8402246389
9168.137483371478,0.5,819025.0
12238.52827078372,0.5,578233.5069951388
3987.4123034994604,0.5555555555555556,777336.1111698888
14555.49263090616,0.375,513611.11115888885
7786.645494871495,0.5,894600.694381389
13589.043915375463,0.42857142857142855,468084.0278233888
7413.072766551889,0.5555555555555556,834177.7777168889
8642.635012838966,0.5,786177.7778368888
9316.730812905254,0.5,399002.77781988884
4506.770822154863,0.5384615384615384,1473189.0625
3875.384626907948,0.5,186696.0069156389
1880.002909515723,0.45454545454545453,1618196.006096389
14321.707958954943,0.5555555555555556,571284.027727389
3213.8872372882,0.6,308950.6944073889
5771.741124208574,0.4444444444444444,941708.5070091388
8065.006540612984,0.5,346136.11107188894
1780.975443880947,0.5,2072400.172651389
17573.77061651164,0.6,195069.4444738889
3376.6643425343973,0.5,1567712.672776389
11012.64848174224,0.4444444444444444,702104.3403336388
9839.004547103506,0.5714285714285714,495850.6944913888
9225.307130742178,0.5555555555555556,760529.340219639
7806.749923234893,0.3333333333333333,224439.0625
12106.394571861621,0.4,107256.25
13704.41621379668,0.3333333333333333,47851.5625
11185.902045395293,0.25,89251.5625
3972.15314001994,0.46153846153846156,1510850.6952638887
8038.753570943133,0.5,437802.7778218888
12804.41645370495,0.5714285714285714,362002.7778178888
2190.475084595851,0.5,1812389.0625
10991.651368673207,0.3333333333333333,418716.84023463895
6816.2756255017875,0.6,781750.6945033888
9514.403190683895,0.3333333333333333,70225.0
9743.596744311359,0.6,102934.02775638888
6723.855918976098,0.5555555555555556,606451.5625
10037.801370444873,0.6666666666666666,372100.0
8846.1302637236,0.42857142857142855,590336.111059889
8167.284162513028,0.5,697225.0
11468.135747241411,0.5,149189.0625
1217.8837735055074,0.5,1653367.3602538889
7647.7886656150185,0.5,622784.0278303889
4647.286992547803,0.45454545454545453,1233025.1743513888
7239.966682183548,0.42857142857142855,376689.0625
3499.313495685813,0.5833333333333334,1515976.5625
7852.5493381454635,0.625,539612.6735621389
5785.44543404209,0.45454545454545453,1117425.172906389
9043.06672516804,0.42857142857142855,314066.8403151388
3667.367212742704,0.5454545454545454,1407189.0625
9261.744742102403,0.5714285714285714,475525.17356513895
5013.701685137032,0.5454545454545454,1248806.25
7602.047138641928,0.5714285714285714,385434.02773638896
9246.670874915877,0.4444444444444444,781014.0625
7319.857582313407,0.5714285714285714,402696.00690213894
5995.789589491677,0.5555555555555556,950625.0
10779.077121079075,0.42857142857142855,295211.11107488896
8821.777394026687,0.42857142857142855,526834.0277293889
9417.470413590168,0.5555555555555556,628056.25
10482.152717565852,0.5,562500.0
8161.1065837207325,0.5,590336.111059889
3111.430059628975,0.46153846153846156,1436002.776978889
7537.7884626200475,0.4444444444444444,492336.11115788884
3857.436974768246,0.5,1398306.25
6305.553855261154,0.5,470367.36106538895
3461.0973346303317,0.5,1348501.5625
9570.602542387875,0.6,198767.3610813889
5200.896003735498,0.45454545454545453,1150256.25
6020.368639948674,0.45454545454545453,1210916.8410113887
7439.762267634224,0.25,79336.11112988889
1708.970468450614,0.5833333333333334,1529344.4452688887
9108.995523431913,0.5,140000.6944693889
3826.875772630309,0.5384615384615384,1420069.4452388887
7434.763369821278,0.5,495264.0625
7578.86875267925,0.5555555555555556,483025.0
12220.895883664916,0.625,470939.0625
1675.15733752161,0.46153846153846156,1800069.4453388888
6593.748948919556,0.4444444444444444,714025.0
1448.167722144845,0.46153846153846156,1930941.839351389
8178.737292886694,0.4,813002.7778378888
7560.973084844359,0.4444444444444444,797300.1736706388
3959.386742508938,0.5454545454545454,1271256.25
7162.499043594919,0.5714285714285714,397950.69440238894
1783.9961290579474,0.46153846153846156,1622439.0625
6935.571484660568,0.4,617534.027725389
6614.685109270162,0.4444444444444444,603858.506892639
5385.722838600552,0.5454545454545454,1153834.028493889
8018.434138150252,0.5714285714285714,333506.25
4926.56609590896,0.5454545454545454,1384544.445228889
9891.615823212793,0.5714285714285714,462400.0
9052.629861372312,0.5714285714285714,678564.0625
10082.199576867908,0.6666666666666666,447784.0278223888
15932.255699536483,0.5,333987.67364963883
9795.916538822423,0.5714285714285714,644675.1736646388
11836.848784094875,0.5,542064.0625
10224.948659398242,0.5714285714285714,519000.1736591388
12122.416164537468,0.42857142857142855,388025.17365263886
12577.35713188487,0.5,372608.5069851388
8024.549372858526,0.7142857142857143,599979.340226139
10042.837861389544,0.6666666666666666,442779.3403221388
12658.895238727744,0.6666666666666666,374646.00690363895
7319.779699754198,0.5714285714285714,694444.444388889
6827.561067051222,0.625,957136.111045889
11436.745495861878,0.3333333333333333,200256.25
10343.926605156987,0.5714285714285714,617534.027725389
7764.845982328612,0.5,301126.5625
10366.795476123203,0.5714285714285714,641334.027724389
6031.010540672083,0.75,902500.0
10045.025281263672,0.625,735306.25
6217.428957131012,0.5555555555555556,1113025.0
6134.513851317062,0.5555555555555556,1216425.1743463888
8212.512284957336,0.7142857142857143,707000.694388389
11175.820256906785,0.75,210069.44441388888
9227.320713622848,0.5,297934.02774138894
10729.777270426739,0.5,377712.6735701389
9202.599229811183,0.5,523814.0625
10085.134361648574,0.5,777336.1111698888
6092.403070150887,0.5555555555555556,901708.506881139
7995.006816580408,0.42857142857142855,735306.25
10505.902866308803,0.375,625417.361058389
9578.655996973148,0.42857142857142855,600625.0
11689.143016907248,0.3333333333333333,442225.0
11942.290843558594,0.5,255446.0069781389
11416.288775601262,0.42857142857142855,542677.7778268888
7248.979839267278,0.375,872667.3611733888
7236.056911095183,0.375,964487.673545639
9182.41026548105,0.5,518400.0
8114.658103266111,0.375,750389.0625
10981.911063583379,1.0,335434.0278163888
8668.887715830033,0.7142857142857143,606451.5625
8836.308026681474,0.5,606451.5625
9611.934166997109,0.7142857142857143,444444.44448888884
9803.869296831435,0.7142857142857143,540837.6736601389
4140.431622002609,0.5555555555555556,1179939.0625
10363.180520951706,0.5714285714285714,650711.1111648888
8116.445986819466,0.5714285714285714,704200.6945003888
8045.926655808436,0.5714285714285714,729600.6945013888
4496.057176024513,0.75,1006677.777108889
10439.40816818674,0.4,179564.0625
8034.84629566599,0.6666666666666666,918402.777713889
5457.493890207957,0.5555555555555556,1082466.8409713889
16206.309117174686,0.75,164025.0
8223.095410366115,0.7142857142857143,707000.694388389
5837.840953058384,0.7142857142857143,908050.1736746388
7021.288968004068,0.7142857142857143,781750.6945033888
5192.539398384405,0.4444444444444444,934444.4445088888
8113.012046362923,0.5714285714285714,605802.777725889
12498.979319634214,0.42857142857142855,472083.50689863897
4646.330491069853,0.6,1309117.3618738889
7394.63823441496,0.5,801025.0
8546.324180461083,0.4444444444444444,714729.3403341388
10049.409471530229,0.42857142857142855,517800.17356313893
5838.783161425401,0.625,781014.0625
6033.155513846323,0.4444444444444444,977626.5625
11113.713512914275,1.0,275187.6735761389
9650.219558961473,0.6666666666666666,524417.3611593888
7249.324972840181,0.5,735306.25
5483.466648562561,0.5555555555555556,1066916.8409663888
5970.919027407419,0.42857142857142855,410667.361068389
6760.187914245651,0.375,459571.00698963884
6847.660767722477,0.2857142857142857,352539.0625
10648.94478931938,0.6,773666.840219139
5207.321391207953,0.5,903291.8403411388
7664.320676944691,0.6666666666666666,445556.25
5940.789061152193,0.5,751833.5068866389
9939.068048420286,0.625,764167.3611693888
11486.993064225273,0.625,648696.0069981389
3619.224156271929,0.45454545454545453,1350437.672836389
8243.470929854328,0.7142857142857143,713321.006888139
6236.581915466122,0.45454545454545453,1120951.5625
6434.241685382779,0.5,1140446.007656389
8055.5163867965975,0.5,903291.8403411388
9127.942926878215,0.6666666666666666,321111.1111488888
7516.969847525739,0.5,987539.0625
1463.6234785579613,0.5454545454545454,1570844.443608889
14573.815600623066,0.3333333333333333,400056.25
12287.162245562506,0.5,228802.7777458889
3786.763186466232,0.6,1199025.0
19119.7778676382,0.75,150479.3403036389
13923.248507245651,0.5,345156.25
15356.989447547028,0.5,296117.3611473888
4371.026292516639,0.4444444444444444,1008350.6951138888
7033.330718248441,0.6666666666666666,1114784.027073889
13129.237188896592,0.5714285714285714,372608.5069851388
15277.97549482191,0.42857142857142855,317344.444406889
7438.083930783264,0.4444444444444444,743906.25
4773.656513849464,0.4,984229.340211639
14036.344201750782,0.8333333333333334,405875.173568639
11560.443774135067,0.625,525021.006896139
7447.651932075518,0.6,948189.0625
9216.801616505172,0.4444444444444444,664225.0
9129.063397052945,0.5714285714285714,473802.777731889
5474.775636029648,0.6,958767.3611763888
8023.313883031244,0.5454545454545454,872667.3611733888
5624.25959931965,0.45454545454545453,1175417.3618338888
5762.522567532542,0.45454545454545453,1281612.672856389
9368.30741754023,0.5555555555555556,666944.4444988888
8061.023772968189,0.5714285714285714,660156.25
9966.054422557023,0.5714285714285714,490583.5069911388
9006.276388607483,0.5555555555555556,831136.1111718888
8731.576138117061,0.5,405344.4444868888
8995.129526167835,0.2857142857142857,223256.25
9110.052667854514,0.5714285714285714,263083.5069786388
10018.8449986803,0.5,556267.361061389
8749.22992881627,0.6,192501.5625
8514.338103668499,0.625,802517.361051389
12755.164522335463,0.42857142857142855,362504.340237639
7095.928277715005,0.5714285714285714,367034.02773738897
5993.76716920435,0.3333333333333333,208544.4444748889
6511.1799030006805,0.5,301584.02781438886
10997.992554198709,0.8,281341.84031313885
8773.931704667631,0.5714285714285714,532900.0
8183.753677494652,0.5714285714285714,381821.0069856388
9836.166896279121,0.5714285714285714,471511.11115688883
11603.775697335012,0.42857142857142855,414950.6944873888
11269.799958071268,0.5714285714285714,488834.0278243888
8751.379854429793,0.625,764896.0068861389
10084.660990347551,0.42857142857142855,568139.0625
6975.414112061526,0.625,861029.3403396388
6380.887191064417,0.4444444444444444,773666.840219139
7591.6663428190695,0.5,816764.0625
9085.872646351309,0.3333333333333333,198767.3610813889
8550.856633582687,0.5714285714285714,341737.67357213894
6017.0232488211805,0.4444444444444444,980100.0
11214.115872909077,0.375,559379.3403276388
13546.284397044936,0.5,296571.0069081389
10560.880221443234,0.5714285714285714,442779.3403221388
7829.75647403693,0.6666666666666666,324425.17357313895
5007.4876746170685,0.5,1081600.0
10700.499300130916,0.625,529256.25
11561.34604087345,0.3333333333333333,167758.50691713887
8718.769905716981,0.625,396900.0
7365.662304666087,0.5,608400.0
14130.621172188921,0.75,176750.1736391389
8883.796044405652,0.6666666666666666,262656.25
10897.403922002253,0.5,384400.0
10381.29397691062,0.5,257979.3403116389
8572.307000215482,0.5714285714285714,502917.36115838884
12254.156872601212,0.5,391146.0069861388
10082.771486543648,0.42857142857142855,539612.6735621389
8572.59267832898,0.4,167076.5625
8634.372057444116,0.625,378225.0
7370.772165841907,0.5,585225.0
13234.119192479373,0.75,189587.6736401389
10669.832742314766,0.5,403225.0
8494.182008528174,0.6666666666666666,292500.6944083889
13666.916128077079,0.3333333333333333,313600.0
6969.060201505021,0.5714285714285714,687517.3611663888
15712.45084551838,0.4,203250.69441438888
9956.876696696003,0.4,164362.6736381389
7487.523832249284,0.6666666666666666,311271.00698163884
3880.420218538645,0.5555555555555556,1135112.6743213888
10780.357828477281,0.2857142857142857,379250.69440338894
6662.052631252022,0.6666666666666666,837987.6736721388
6019.989168333696,0.6666666666666666,752556.25
8408.96270292506,1.0,341737.67357213894
6610.807005723654,0.7142857142857143,614917.3611633888
8961.073990241612,0.4,153402.7778038889
8501.538993646553,0.6666666666666666,357504.3403176388
8109.222001662219,0.625,829617.361050389
7341.348323148529,0.6,247921.0069776389
7057.583730107442,0.4444444444444444,946566.8403426388
8636.134226732824,0.42857142857142855,571914.0625
7802.815080762324,0.42857142857142855,410133.5069871388
8783.693138552486,0.6,194334.02774838888
10661.056434076538,0.5714285714285714,478402.7778238888
10047.15908515353,0.5714285714285714,335916.8402391389
11701.881987441464,0.5714285714285714,420336.11106788897
6199.291251009903,0.375,882034.0278403888
9726.351668831081,0.6666666666666666,819025.0
8029.349303416338,0.375,784700.694385389
9201.455900547942,0.5555555555555556,703501.5625
9192.744208671795,0.375,754726.5625
10164.848680867277,0.5,279576.5625
7465.053062158346,0.42857142857142855,217000.69441338888
9075.031374918357,0.5714285714285714,311736.11107388895
14531.412465249936,0.8333333333333334,291150.17357513896
8594.877082849185,0.5,773666.840219139
9805.224774121616,0.5,622784.0278303889
4804.674780656026,0.5555555555555556,1228402.777038889
7292.829171442422,0.5,1060041.839591389
9475.36406976611,0.6666666666666666,475525.17356513895
7911.892259085981,0.5,715434.027721389
9019.900324907481,0.5,860256.25
6640.989562884866,0.5,818271.006884139
10039.5462880173,0.6666666666666666,543906.25
8205.956750051182,0.5,798789.0625
4407.707960675905,0.45454545454545453,1389451.5625
6120.183475361218,0.7142857142857143,799534.0278373888
7671.937212309454,0.6666666666666666,320167.36107338895
7744.945378921641,0.45454545454545453,1075541.839586389
10156.036342113784,1.0,226021.0069761389
8561.16864532461,0.6666666666666666,455625.0
9950.201377574556,0.6666666666666666,399002.77781988884
9492.435604168215,0.5,658802.7778318888
6889.916755231522,0.5555555555555556,974333.506878639
5896.663493965649,0.45454545454545453,1032764.0625
14098.748605371315,0.6666666666666666,298389.0625
12985.541820340517,0.8,259250.6944783889
7519.893211137853,0.5,485925.17356463894
10102.67482815334,0.2857142857142857,300212.6736476388
4856.229771786199,0.4166666666666667,1361111.1118888888
9311.589431178862,0.5,432854.3403216388
10483.350648728769,0.7142857142857143,620156.25
12142.387664916892,0.5,365521.00690413895
10187.376305367026,0.5714285714285714,520201.5625
8598.145165793754,0.6666666666666666,460701.5625
9572.390166328061,0.5714285714285714,502326.5625
6362.884509954854,0.4,121336.11108788889
10561.883378514589,0.625,546367.3611603888
7073.735807540548,0.5,790617.3611703888
7351.054210693986,0.5,878125.1735486389
7853.476952667853,0.7142857142857143,809250.173551139
6152.977729285831,0.5,570025.0
3563.6270131325136,0.6,1331139.0625
10111.359043726472,0.5,273441.84031263884
7281.619635670103,0.7142857142857143,451696.006899639
9879.325608693824,0.625,393233.50690263894
8162.3160582338505,0.5,603858.506892639
8985.026975268986,0.6666666666666666,316875.1736486388
8268.982702723288,0.5714285714285714,624100.0
10994.436511212047,0.6666666666666666,429571.00698813883
9296.28598766071,0.7142857142857143,690284.027722389
10295.184537168685,0.5,504100.0
13513.257432959821,0.5,315001.5625
9077.018979056555,0.5714285714285714,591617.3611623888
8722.098684195531,0.5555555555555556,739600.0
10768.228224194594,0.5,493506.25
12246.221851498038,0.5,332544.44448288885
8095.414139525587,0.6666666666666666,308950.6944073889
11330.921567103247,0.625,484184.027731389
5353.614507902626,0.5555555555555556,962851.5625
9610.84527147557,0.5714285714285714,668306.25
3886.4905350159156,0.5384615384615384,1678104.3411413888
8874.963506389788,0.5714285714285714,569396.006894139
7989.481262582144,0.5555555555555556,829617.361050389
11106.838705777807,0.4,281784.02774238895
4420.547358425139,0.6,1309117.3618738889
10824.179750739513,0.42857142857142855,472083.50689863897
8678.191316142947,0.5,938476.5625
3740.980029246097,0.5454545454545454,1425039.0625
10337.488677916002,0.5,406406.25
8589.930600984591,0.5,830376.5625
14517.646468998453,0.5714285714285714,401111.111068889
10654.36338423795,0.5555555555555556,653402.777723889
19533.471235986824,0.4,167758.50691713887
8549.6995065093,0.5714285714285714,575701.5625
13885.515196546514,0.42857142857142855,341737.67357213894
5646.435368366005,0.5,966944.4443788889
19809.615665794932,0.5,129600.0
11559.646422959477,0.42857142857142855,476675.17365713883
6822.0485255181775,0.5555555555555556,845633.506883139
14051.228770895901,0.5,345156.25
13271.07262223757,0.4,268237.67364563886
8547.487266054282,0.625,666944.4444988888
4295.035015539801,0.6,1104250.693743889
21115.13938359344,0.3333333333333333,80514.0625
18413.564063386442,0.25,132314.0625
9711.8691235745,0.5714285714285714,550069.4444938888
11265.481314845421,0.5,351550.17365063884
16670.885843985565,0.3333333333333333,98700.6944653889
9618.885387601302,0.5,626076.5625
12336.594544032518,0.625,532291.840229139
7718.072382832745,0.5,609050.1736631388
10994.790460853548,0.6666666666666666,158669.44441788888
2762.0355880138195,0.5,2090434.026813889
15039.660791005663,0.7142857142857143,392711.1111528888
6278.057772736413,0.42857142857142855,780277.777718889
9206.104208274339,0.6,923200.694380389
4399.579470121255,0.5384615384615384,1803425.1745063888
12590.112038944113,0.5,543291.840228639
7457.768570064534,0.6666666666666666,525625.0
7438.261674515589,0.45454545454545453,1252534.028523889
10034.621109464488,0.8,401639.0625
9009.203313060782,0.75,321583.50690663897
8637.88924666133,0.5555555555555556,771469.444385889
12392.014570735178,0.6666666666666666,150802.77775188888
6315.706008131744,0.6,1117425.172906389
8336.067698321865,0.6666666666666666,542677.7778268888
11658.821169968513,0.5714285714285714,502326.5625
7953.653136261667,0.6,448900.0
10721.15335805791,0.625,601271.0069961388
10522.79365645616,0.5,241326.5625
8149.866090812063,0.6666666666666666,910434.0278413888
8410.457433276395,0.6666666666666666,511225.0
11558.216857741663,0.5714285714285714,533508.5069931388
6656.954701756161,0.5,347608.50690513896
9349.615999867792,0.45454545454545453,878906.25
13043.615662091877,0.5,532900.0
8899.99602462039,0.42857142857142855,386987.6735696389
17006.041396676577,0.4,201002.77774788887
5060.091407203365,0.5454545454545454,1144008.506231389
16282.087392478526,0.42857142857142855,405344.4444868888
6913.508242626444,0.5,327756.25
4956.014504279342,0.5,835700.6945053888
9435.846446262285,0.42857142857142855,366025.0
15924.526257168247,0.25,162006.25
6447.034438194473,0.42857142857142855,662867.3611653888
4655.359267015464,0.5,879687.6736736388
7309.509206497652,0.5,1188100.0
13800.009955050913,0.625,523211.111062889
-900.8911660591119,0.4666666666666667,2516189.0625
3783.1085315002806,0.5,178154.3402496389
3379.7157339086584,0.5833333333333334,1457050.172806389
5764.3351943986145,0.7142857142857143,626076.5625
5272.282399918618,0.6666666666666666,525021.006896139
9555.950714011906,0.5,818271.006884139
6143.131585621025,0.5454545454545454,1173611.110388889
6067.325067216313,0.6,1104250.693743889
13004.5180813063,0.4,274314.0625
6450.319661819657,0.6,1079001.5625
9960.993336014295,0.5714285714285714,309877.77781488886
6125.779427314133,0.5,494091.8403246388
6121.290104696708,0.5,658802.7778318888
6980.168742759052,0.5555555555555556,535336.1111598888
14188.988271643711,0.5,96617.36109038889
10684.963488130148,0.5,451696.006899639
7400.268095605504,0.5555555555555556,706300.1736671388
10208.058387151967,0.625,520201.5625
12855.799242012406,0.4,176400.0
11266.777182794094,0.5714285714285714,428479.34023413894
5964.470965889919,0.5454545454545454,929617.3611753888
11219.999998787029,0.5,34225.0
6616.363081719679,0.3333333333333333,962851.5625
2662.131896169364,0.45454545454545453,1465108.5077513887
6274.9101875489505,0.5,767814.0625
10278.514284539599,0.5,30625.0
13006.838013181077,0.6,250416.8403111389
7861.299318809576,0.7142857142857143,532291.840229139
13136.026572037557,0.4,162341.8403046389
11640.384879056017,0.5,220508.50691313887
7539.936469679316,0.6,234417.3611433889
1449.8606369568906,0.5,1816879.3411763888
8943.296962389404,0.6666666666666666,763439.0625
11369.417098595068,0.5714285714285714,394802.77773588896
5670.504738521217,0.5555555555555556,1027689.0625
4381.181037386551,0.5833333333333334,1577117.360273889
13049.085713060613,0.6,297479.34031413886
6678.5968107905255,0.625,810000.0
10989.899820194702,0.6666666666666666,519600.69439638895
8895.433886028208,0.5714285714285714,525021.006896139
12190.204239744151,0.4,360000.0
8139.864297131878,0.75,714729.3403341388
10954.571448189947,0.5,428479.34023413894
9462.850109104727,0.7142857142857143,625417.361058389
4022.640511670946,0.5,1290117.360353889
5433.397451603914,0.5555555555555556,871889.0625
6605.753367976043,0.625,897756.25
8277.16591228752,0.7142857142857143,555646.0069941388
10335.211798320752,0.5,733164.0625
12702.061207132032,0.5714285714285714,427934.02782138885
6684.559170083913,0.6,1221946.0076813889
9049.233569739798,0.6666666666666666,816011.111050889
5167.361311095715,0.5555555555555556,1169101.5625
7409.731991864086,0.625,772934.0278363888
6893.897678266621,0.5,1029379.339601389
8847.679342214678,0.5555555555555556,660156.25
6750.061935582645,0.5555555555555556,997501.5625
8165.195757877309,0.625,634677.7778308889
6804.492642732528,0.5555555555555556,955506.25
7510.204173909836,0.5,441671.006900139
8675.987790773032,0.625,601271.0069961388
8313.596457244572,0.5,789876.5625
8296.093276728912,0.375,341737.67357213894
10118.573455623065,0.5714285714285714,471511.11115688883
8433.687251824538,0.5,816764.0625
10073.855402149158,0.5714285714285714,492336.11115788884
4521.642878557085,0.6666666666666666,1108633.5076463888
6143.201087730379,0.75,723917.3610543889
7992.928440262226,0.5555555555555556,922400.1736751387
4636.441545647323,0.5,1309117.3618738889
9720.574097484578,0.625,575069.4443938889
7579.705769509942,0.6,1015896.0076163888
9393.081263166505,0.6666666666666666,649367.361057389
4655.367551229457,0.5,1340771.007716389
6460.718084808871,0.5555555555555556,913617.361047389
4560.8071022703425,0.5,1454034.026973889
6703.114382267634,0.5555555555555556,1007514.0625
6564.55520882958,0.625,890664.0625
8219.088622731555,0.7142857142857143,550069.4444938888
13558.32476942318,1.0,126321.0069681389
5116.818032747999,0.5,1188100.0
9215.874567935289,0.8,942517.361046389
2176.3559136316494,0.625,1962334.026843889
10623.357854281854,0.6,624100.0
10991.92968090838,0.5714285714285714,380277.77781888883
1895.058972015199,0.7,1415108.5061513889
3558.789827087576,0.6363636363636364,1292958.506186389
6323.823776804098,0.5555555555555556,846400.0
3976.7416653903533,0.6,1058326.5625
8366.71284684349,0.5714285714285714,320167.36107338895
3001.9115558100316,0.5384615384615384,1582354.3411163888
5642.907382022955,0.8571428571428571,776601.5625
3689.5950202375398,0.6666666666666666,2056834.0287338889
3600.8977913880212,0.6923076923076923,1682425.172746389
19190.165603287205,0.5,17117.361102388888
3709.285071808356,0.5384615384615384,1264687.672861389
5862.374506168707,0.8,425756.25
11067.391813067265,0.4,246264.0625
2997.4502441510303,0.6363636363636364,1296751.5625
4613.03111441759,0.6666666666666666,1332100.6952138888
10464.871862565089,0.625,560626.5625
5561.206767425667,0.5454545454545454,1109511.110408889
1376.2119312546922,0.75,1736904.3411563889
4197.663785051863,0.6,877344.4445068887
6567.414152992604,0.6666666666666666,819779.3403381387
4700.468395230156,0.7,1096383.506246389
9702.883325607432,0.5555555555555556,738883.5068871389
9522.102122877159,0.42857142857142855,304336.1111478888
5966.340439146322,0.625,757625.1736691388
6722.000454991202,0.7142857142857143,547600.0
8357.23595461694,0.6666666666666666,430664.0625
3217.676946747879,0.7272727272727273,1473189.0625
259.7647973833883,0.6923076923076923,2102500.0
1610.0720499549404,0.5833333333333334,1652296.0078013889
3449.060949386987,0.6363636363636364,1566669.4452788888
4786.123315009258,0.5714285714285714,359000.6944843888
1077.3169833772688,0.8,1390434.0285638887
4381.596862167562,0.6666666666666666,892237.6735481389
9798.18779359661,0.5714285714285714,464101.5625
3790.5933466787933,0.6,1143117.3618238887
9779.047295240433,0.5454545454545454,719669.444387889
7441.361081597251,0.6153846153846154,1138666.8395663889
8080.419064918138,0.6,878125.1735486389
8448.100230038177,0.4444444444444444,711914.0625
3498.182516469843,0.5555555555555556,646014.0625
2663.940316784413,0.8333333333333334,1764469.443558889
422.79532223104246,0.7272727272727273,1649084.0286338888
4824.732465691746,0.3333333333333333,40166.84029113889
3855.8716335118747,0.6153846153846154,1401264.0625
1149.392595955215,0.7,1268439.0625
3253.350583579587,0.6875,2113389.0625
7525.554076621634,0.6666666666666666,519000.1736591388
2706.8880855943753,0.6153846153846154,1547950.6952738888
6383.388012490702,0.625,747504.340220139
8129.046872989877,0.5555555555555556,668987.6736656388
1569.2281709381964,0.75,1915917.3620338887
-51.784135034695815,0.8333333333333334,2065208.505986389
1193.0651796913005,0.7272727272727273,1619256.25
3656.285713157698,0.5384615384615384,1436002.776978889
4395.416045434844,0.6666666666666666,1918225.0
8067.821743180196,0.625,580136.1111618888
4729.208887499925,0.6875,2213896.0079363887
4219.471117432729,0.7777777777777778,1219184.0285138888
2865.1978095793975,0.8,1333062.672841389
7501.086364923142,0.5,464669.44448988885
8457.776070658938,0.5555555555555556,757625.1736691388
2722.03156563007,0.7,1236729.3395363889
4011.657371739358,0.875,1020941.8409513888
7875.819709612323,0.625,757625.1736691388
1940.5481104850317,0.8461538461538461,1988100.0
7204.443624415659,0.75,1245084.027033889
9077.307758707328,0.8,351550.17365063884
8139.168182822866,0.6666666666666666,1221025.0
492.0891748613878,0.9,1766684.0286638888
1961.1055276891937,0.7777777777777778,1365002.776998889
9151.04142521646,0.5555555555555556,577600.0
5113.087330019557,0.7,1133337.672901389
4665.987529699208,0.6666666666666666,1918225.0
11024.846893584012,0.6666666666666666,357006.25
5698.200352233319,0.7777777777777778,1084201.5625
5133.689698667907,0.5555555555555556,1024312.672936389
4158.162312589607,1.0,339791.8403166388
10712.953645897484,0.5714285714285714,438354.34023363894
6613.364895791431,0.6428571428571429,1534501.5625
-531.9293731923715,0.7692307692307693,2237517.360113889
8482.334527008652,0.7272727272727273,1101625.172911389
5028.885603452813,0.5833333333333334,1102500.0
4783.316564034091,0.6666666666666666,1186284.0285038888
2595.776339399408,0.8181818181818182,1643737.672756389
410.5573299855084,0.8461538461538461,2398626.5625
4776.871978085473,0.7142857142857143,1730321.0078213888
12574.593163264073,0.5,304796.0069076389
9084.779446482411,0.6666666666666666,399002.77781988884
12014.207982648253,0.4,166736.11108388889
-139.36306300114012,0.7692307692307693,2097669.443478889
4348.880397983872,0.6,954691.840212639
1843.5003990630507,0.6363636363636364,1523167.3619338889
9084.7835987475,0.625,551306.25
2367.54981231585,0.6363636363636364,1340771.007716389
197.40101537031464,0.5,26950.69445538889
6829.636241241201,0.625,637336.111057889
6126.670288338303,0.6666666666666666,825826.5625
7400.162379924319,0.7142857142857143,551306.25
5376.715886148432,0.6363636363636364,1031917.360433889
3747.0097833518325,0.5454545454545454,1171806.25
4532.946148550437,0.7142857142857143,1750108.5078263888
6701.9897290142835,0.6666666666666666,758350.694386389
5970.358107754459,0.75,1403237.672821389
11271.745112653563,0.42857142857142855,393233.50690263894
5680.469068018854,0.5555555555555556,532900.0
7113.58835177979,0.625,746064.0625
5314.7927969335005,0.6,1015896.0076163888
6726.372032292056,0.8181818181818182,1222867.3603738889
3017.043228217851,0.8461538461538461,2012851.5625
4461.442230544176,0.8888888888888888,1131564.0625
5378.90692419484,0.6923076923076923,1629877.7786288888
8350.100733686408,0.5,572544.4444948888
3698.4169034060324,0.8,1334987.6743813888
7421.078074723752,0.625,688900.0
10124.264504204457,0.42857142857142855,438354.34023363894
8544.695941877133,0.5714285714285714,578867.361060389
9571.271544458405,0.7142857142857143,603211.1111628888
6065.73367561075,0.8571428571428571,697225.0
4501.684393651581,0.6666666666666666,958767.3611763888
8802.42128912539,0.5,598044.4443928889
553.5149876136886,0.7272727272727273,1722656.25
1801.3708411538073,0.7272727272727273,1442000.693643889
5645.1339308172755,0.6,1031071.0076213888
9011.011033207704,0.625,556267.361061389
6062.343807784708,0.625,673083.5069991389
4782.990111501587,0.7,966125.1736766387
-3165.2751632407035,0.7857142857142857,2847656.25
6106.951934563319,1.0,269101.5625
18833.276153885356,0.5,133834.0277533889
1433.520967322171,0.8181818181818182,1582354.3411163888
13867.741208410267,0.5714285714285714,413341.84032063885
-1898.1205908058403,0.6666666666666666,2360064.0625
6778.042829261411,0.8888888888888888,940900.0
4294.68011918237,0.6428571428571429,1579211.1119488887
11996.166335122172,0.5,375666.84031863883
2222.069886738872,0.75,1900951.5625
4301.899312197424,0.75,950625.0
8771.576181317201,0.625,555025.0
2076.3352264085484,0.6153846153846154,1660876.5625
4659.845585626616,0.9,1359167.360333889
7756.847732565272,0.7142857142857143,613611.111058889
5046.325765824289,0.6428571428571429,1798951.5625
8180.727479714637,0.6,868002.7778398888
2569.0848860816764,0.6428571428571429,1739101.5625
6475.122107224822,0.6666666666666666,1020941.8409513888
5048.1813272999025,0.6,868002.7778398888
14346.263325496233,0.5,359000.6944843888
3781.651858718565,0.8888888888888888,1210000.0
3955.428353193559,0.6875,2124306.25
2855.128606480366,0.6363636363636364,1491451.5625
10712.12972874495,0.7142857142857143,517200.6944923888
1565.2161078591416,0.75,1897506.25
3603.419011257942,0.75,2446617.3621538887
5528.200159729877,0.5555555555555556,885167.361048389
2567.7054869999693,0.6875,2304071.007956389
3698.6249673843236,0.6363636363636364,1264687.672861389
5451.390840359219,0.5833333333333334,1076406.25
4509.122983686334,0.6,1182656.25
1336.0207669237482,0.6923076923076923,1871196.0078563888
2754.9791341975692,0.5833333333333334,1448011.110308889
7034.444940372239,0.5,804011.1111708888
3820.5176796516844,0.5454545454545454,1331139.0625
9550.173846264097,0.6363636363636364,995837.6736776388
3847.108573376113,0.7,1269377.7785288887
6816.583051979903,0.6428571428571429,1527284.026953889
3217.9254585530766,0.7333333333333333,2129167.3620838886
3599.306160737726,0.625,2167029.339296389
1225.3364018949424,0.75,1857541.8411863889
5832.461293675307,0.5555555555555556,795069.4445038888
-2088.3266548500983,0.8461538461538461,2580039.0625
1815.9153840513547,0.75,1698677.776908889
1053.916104491781,0.6666666666666666,1648014.0625
3521.5537965770036,0.8,1341736.110338889
948.2220498464171,0.7857142857142857,2216376.5625
8993.509098939261,0.7777777777777778,813002.7778378888
6966.199347399336,0.8,1231175.172871389
10909.718725319028,0.625,599979.340226139
3538.5838992000845,0.8571428571428571,825069.444383889
4656.306633519211,0.7,1189917.360383889
6232.645750770562,0.7692307692307693,1557296.007776389
5024.42704009898,0.6666666666666666,1778889.0625
8725.135546057381,0.7142857142857143,556889.0625
5475.8227433047405,0.6666666666666666,1033611.1117888888
3844.082833420395,0.7777777777777778,1092896.0076413888
899.2725009442471,0.8181818181818182,1832639.0625
8545.114475278882,0.5714285714285714,510629.340230139
2049.920537706655,0.75,1715008.506071389
8707.71036906232,0.5555555555555556,641334.027724389
5595.399825849356,0.7142857142857143,1909002.7786988888
5094.402448387529,0.7777777777777778,1031071.0076213888
5135.841495432616,0.6666666666666666,819025.0
7068.940002304406,0.625,632687.6736641388
2125.5796657534706,0.8,1485351.5625
6992.782957552235,0.7142857142857143,608400.0
6182.137404029785,0.6153846153846154,1271256.25
10350.910184899183,0.6666666666666666,722500.0
8536.293449921277,0.6666666666666666,1193556.25
6870.817049611688,0.7142857142857143,633350.6943913889
5446.124115668739,0.6,968584.0278433888
5613.922523617444,0.5,654076.5625
8855.911098354298,0.5833333333333334,1115664.0625
9951.400577035123,0.625,539612.6735621389
6505.249161170589,0.75,850237.673549639
6404.750120403614,0.6153846153846154,1350437.672836389
6507.072750448047,0.6923076923076923,1406200.693653889
3158.5614465014482,0.6923076923076923,1510850.6952638887
2726.0428577799594,0.9,1617136.1119588888
952.7074399160196,0.9166666666666666,2221341.841271389
7272.442464547977,0.5833333333333334,910434.0278413888
5027.119206078477,0.7,979275.173545139
4038.3083141414195,0.6666666666666666,999166.840211139
6857.616668319268,0.6666666666666666,1283500.1743663887
8284.058573192546,0.6363636363636364,855625.0
5183.657062563039,0.7777777777777778,1044654.339596389
6273.69690697956,0.625,633350.6943913889
2426.984640677045,0.8888888888888888,1345600.0
3954.279791328498,0.7777777777777778,1037851.5625
11284.467500632853,0.42857142857142855,290700.69448038883
6937.020491186709,0.5,487669.44439788896
5856.794262838797,0.7,1042951.5625
7389.392858656669,0.6666666666666666,505284.027730389
7681.001526615365,0.6666666666666666,501146.0069916388
5884.012139854822,0.5555555555555556,852544.444382889
9610.815835879223,0.375,490000.0
5292.396360867968,0.7142857142857143,666944.4444988888
7683.200891227381,0.6666666666666666,453939.0625
3434.965761225149,0.7,1060900.0
4586.533189997686,0.6666666666666666,849469.4445058889
7641.06845455326,0.6,784700.694385389
5607.909859365259,0.7,1097256.25
7078.738470807035,0.7692307692307693,1634136.110258889
5210.626069472965,0.6666666666666666,611002.7778298889
5188.2193884093385,0.5,793584.0277183889
3596.0006334532727,0.8571428571428571,820534.0277173889
5190.3183965613425,1.0,323002.77773988893
-1535.1191644380353,0.75,2064011.1120688887
1580.1621356208211,0.8,1399291.8410663889
8679.146671661678,0.6363636363636364,986711.111044889
2607.866625257685,0.8181818181818182,1660876.5625
3659.5452074423874,0.6666666666666666,982576.5625
8328.426020295092,0.6666666666666666,431758.506900639
9731.089849720222,0.8,329667.36114938883
4444.2421246695985,0.6,985056.25
7811.9135911926915,0.6,1021784.0271038889
-649.4182022175565,0.8181818181818182,1873476.5625
8883.50284440376,0.6666666666666666,746784.0278353888
6763.735840430536,0.75,670351.5625
670.3502788521349,0.625,2281358.5079513886
-3093.636292854433,0.6842105263157895,3664034.0290538887
-89.71431348010283,0.6153846153846154,1853001.5625
4775.616828349128,0.625,530469.444395889
1683.8260044351778,0.7333333333333333,2306601.5625
5704.201026096309,0.875,966944.4443788889
7842.491670812087,0.7272727272727273,1105126.5625
10873.868656695147,0.5555555555555556,556267.361061389
12570.336271951934,0.5,626076.5625
1130.6469424043264,0.6111111111111112,2407669.4454788887
8789.251532088154,0.5,621469.4443918889
14603.18366003192,0.6,247921.0069776389
2496.1948140668496,0.6666666666666666,1514950.693623889
-1851.0522731577,0.75,2053250.1745663888
-639.3182150505452,0.75,2623050.172531389
-1002.5844168584407,0.7272727272727273,1913611.110188889
5840.133934699132,0.5454545454545454,931225.0
2260.8284807450414,0.7272727272727273,1763362.6744963888
7521.2169016450425,0.7142857142857143,599979.340226139
194.12274225877468,0.7692307692307693,2049669.4453988888
4863.880924298638,0.6,922400.1736751387
2244.7534313623382,0.6363636363636364,1482306.25
2392.4821306702397,0.6,1435004.3410763887
3781.889677407312,0.5833333333333334,1346566.8410513888
1550.0699589534443,0.6363636363636364,1642669.4452988887
1892.75174059521,0.8181818181818182,1657656.25
5375.862104468546,0.7142857142857143,1715008.506071389
6909.661695166172,0.625,666264.0625
3636.4562908724647,0.6666666666666666,1152044.4437288889
4793.194497515159,0.6363636363636364,1072950.693753889
2385.4922823761794,0.75,1661950.6953038888
8979.671715195413,0.7272727272727273,1075541.839586389
7597.909929285933,0.5555555555555556,689591.8403331388
2973.040539361086,0.7272727272727273,1383564.0625
7025.316288905743,0.6666666666666666,756175.173553139
8591.26856936484,0.6666666666666666,1116544.4451488887
5091.23542298021,0.7,1161006.25
2276.1680675573075,0.7272727272727273,1781112.672721389
2458.2701114149045,0.7,1274076.5625
1945.5656324756296,0.7,1495525.1744263887
3321.6152844447797,0.6666666666666666,1405212.6744013887
691.6077395946467,0.6923076923076923,1894064.0625
11043.161096377264,0.75,220117.3611423889
2995.435220968726,0.5454545454545454,1350437.672836389
5520.487094979466,0.5,957951.5625
7865.345704794867,0.6666666666666666,546983.506895139
2284.5155499038888,0.6363636363636364,1436002.776978889
2270.867910577457,0.7,1288225.0
6935.466978534094,0.5555555555555556,692362.673555639
3930.746931639918,0.6,1186284.0285038888
2829.8883740966103,0.6875,2162125.1745913886
1217.1924680021277,0.75,1749006.25
4401.73394042527,0.6666666666666666,1807904.339381389
3226.41389706138,0.6,1228402.777038889
4549.371621614134,0.6666666666666666,987539.0625
291.57518889458464,0.7333333333333333,2237517.360113889
8016.102539770934,0.75,729600.6945013888
6944.258803556261,0.7777777777777778,995837.6736776388
970.6617737840702,0.7777777777777778,1389451.5625
5413.831515772897,0.6666666666666666,995006.25
6091.566775062002,0.6428571428571429,1625625.0
5682.617774514758,0.6363636363636364,1079001.5625
558.1486058667697,0.9090909090909091,1900951.5625
8148.7927664348945,0.5714285714285714,636671.0069976388
7795.9006848876215,0.5555555555555556,672400.0
3027.787517181134,0.7272727272727273,1558336.110278889
6260.208099953507,0.6666666666666666,842571.0070056388
6131.787469116283,0.75,807002.7777178889
7193.41171140644,0.6923076923076923,1377689.0625
3226.11289365809,0.7777777777777778,1109511.110408889
6647.636818185294,0.8571428571428571,727466.8403346388
3033.66640667916,0.7,1133337.672901389
4738.446500902637,0.6666666666666666,881251.5625
6824.942624534314,0.7,985056.25
6877.900196158107,0.5555555555555556,864900.0
7346.72723334772,0.5555555555555556,681312.6736661388
4098.961376744427,0.75,998334.0278443887
3644.2511596388604,0.6363636363636364,1303402.7785388888
2279.0627119154497,0.9,1510850.6952638887
7250.175597433883,0.8181818181818182,1210000.0
3060.7461886265446,0.7272727272727273,1575025.0
3324.4621595672943,0.5454545454545454,1336914.0625
6367.139273588176,0.6666666666666666,793584.0277183889
4324.629970086488,0.6363636363636364,1373779.339496389
6370.375360761676,0.7,1116544.4451488887
4945.233535571939,0.7777777777777778,1081600.0
4646.291944093659,0.6428571428571429,1783337.6745013888
5914.29701238467,0.7142857142857143,626076.5625
6918.285247310886,0.5555555555555556,791358.5068851389
5901.5318927502885,0.5555555555555556,898546.0070076388
2714.3604343140887,0.7777777777777778,1219184.0285138888
5518.96567147686,0.7777777777777778,1024312.672936389
3002.3330522923447,0.8181818181818182,1514950.693623889
5111.978439268439,0.6923076923076923,1698677.776908889
5623.423019817173,0.6,990854.3403441388
3944.0618642259274,0.7142857142857143,1924000.172686389
7532.211286701153,0.6,796556.25
6142.124460612015,0.7142857142857143,1841675.172706389
2020.0453928146635,0.7857142857142857,2205225.0
9802.267173564498,0.42857142857142855,409066.84023513895
5469.686820367326,0.8333333333333334,1561458.506111389
10603.170052008723,0.375,381821.0069856388
6765.745907803841,0.5454545454545454,943326.5625
4824.412711459521,0.6428571428571429,1717191.8411513888
5414.281501535808,0.6428571428571429,1590751.5625
6169.886912479426,0.6428571428571429,1444002.7785788889
5876.84395550497,0.6666666666666666,1860950.6953538887
4981.566228904498,0.625,522608.5069926388
6795.213215045301,0.8571428571428571,738883.5068871389
6736.367015707198,0.5555555555555556,709104.340221639
7850.07269493656,0.625,600625.0
8997.502016872535,0.7272727272727273,1053189.0625
7236.7786509819425,0.75,662867.3611653888
7542.470745106652,0.7142857142857143,570654.3403281388
5888.981350881581,0.625,699314.0625
8414.741285243397,0.5714285714285714,632025.0
2756.3385776452,0.7,1307211.110348889
4959.284026462949,0.75,874225.0
4586.685302078353,0.7692307692307693,1764469.443558889
7824.20174893797,0.5714285714285714,600625.0
3756.989406844068,0.7,1208167.3618438889
6272.913323479652,0.5555555555555556,764167.3611693888
9744.457423247883,0.8333333333333334,424669.44448788883
4965.902394555982,0.6,1624562.672761389
4252.884035739332,0.8571428571428571,841041.840216639
5560.153380849056,0.5454545454545454,959583.506879139
935.1461125145926,0.75,1936736.1120388887
4568.73994604979,0.7142857142857143,821289.0625
4454.669868885446,0.8333333333333334,611002.7778298889
5148.565563384344,0.6428571428571429,1765576.5625
4097.66316899713,0.8333333333333334,620156.25
3735.6835299641284,0.8571428571428571,867226.5625
1707.864041785139,0.8181818181818182,1701937.672741389
4283.340385448271,0.7777777777777778,1261877.777028889
5795.589175640754,0.6923076923076923,1541736.111938889
6248.5270308214085,0.75,1381604.3410613888
6117.323640117049,0.6666666666666666,1096383.506246389
11241.46680891361,0.3333333333333333,307562.67357413896
7392.400254417236,0.625,774400.0
787.6371683246105,0.8,1494506.25
8785.809651632782,0.42857142857142855,562500.0
2092.9709324206733,0.7857142857142857,2242506.25
1582.4603976150588,0.7333333333333333,2263771.005941389
4775.510075133835,0.6666666666666666,1000000.0
11590.026333733207,0.3333333333333333,304336.1111478888
9212.77678688507,0.42857142857142855,411201.5625
6385.210532706467,0.6923076923076923,1427029.339481389
6826.9729012781245,0.6,819025.0
6717.1401545432755,0.625,782487.673552139
4073.673904352225,0.7,1114784.027073889
10486.342350661413,0.5,455625.0
6816.152842392343,0.6,792100.0
4522.490445284659,0.6666666666666666,895389.0625
3779.608731835599,0.6666666666666666,1813511.1120088887
7254.106493124932,0.6666666666666666,759802.7778358888
8391.94751532886,0.6,762711.111052889
7575.063724123814,0.5454545454545454,906462.6735476389
6805.882521302372,0.6666666666666666,770006.25
6346.291926618776,0.5454545454545454,1069500.6951338889
6080.170850154096,0.6666666666666666,1056612.6742963889
5576.782830128199,0.5555555555555556,727466.8403346388
6300.2024673508095,0.7142857142857143,1807904.339381389
8631.787664965412,0.6153846153846154,1204506.25
8926.458348445673,0.7142857142857143,511821.0069921388
3202.8733669196045,0.7777777777777778,1110389.0625
9947.022410942176,0.5454545454545454,857167.361049389
-3087.838740702215,0.7222222222222222,3327584.0289938888
13720.69062022462,0.8,264796.00691013894
3947.1791841920194,0.75,875784.027715389
-543.4670753549048,0.6153846153846154,1760044.4453288887
-1378.705339161644,0.75,2036566.839326389
-1116.6295968610777,0.7142857142857143,2184237.674596389
9501.202844899139,0.625,548834.027728389
6806.6999761498255,0.75,841806.25
-383.63128503501247,0.7058823529411765,2909867.359973889
903.3387026718271,0.7333333333333333,2441406.25
11759.610189182558,0.5714285714285714,374136.11115188885
5054.580142896212,0.7777777777777778,1095511.1118088888
2107.327394001558,0.5833333333333334,1460069.443638889
2583.8084598169494,0.6363636363636364,1329216.8410463887
4521.237841440257,0.75,857167.361049389
5382.088367594403,0.5555555555555556,927208.5070086388
2563.1848738911144,0.6363636363636364,1334987.6743813888
4938.267728428747,0.6666666666666666,813002.7778378888
11171.356872355094,0.6,232806.25
9026.302845919601,0.5,682689.0625
6992.22832887766,0.7272727272727273,1202677.7785088888
7916.627959241947,0.875,786916.840218639
8566.641938533787,0.8333333333333334,496437.67356413894
10334.686380638848,0.7142857142857143,521404.34022963897
7887.513611698273,0.7777777777777778,976802.777711889
9076.813814744866,0.7142857142857143,649367.361057389
6025.417362079651,0.5833333333333334,1072950.693753889
5420.381619434967,0.6,1591802.7786188887
2322.648111929826,0.7777777777777778,1258136.1118588888
8698.88982736139,0.375,510034.0278253888
5942.093735174503,0.6666666666666666,804011.1111708888
4685.34226174632,0.5454545454545454,974333.506878639
13464.32585041353,0.75,195806.25
2152.200630452923,0.5384615384615384,1325376.5625
1034.7336235137477,0.6666666666666666,1566669.4452788888
14.340130373175848,0.6923076923076923,1811267.360213889
1958.3492670291084,0.6666666666666666,1615017.360263889
5798.864909258239,0.6,929617.3611753888
4218.199557983094,0.6,1106879.339576389
8721.606574994988,0.5,555646.0069941388
3529.663588929118,0.6923076923076923,1665175.1744713888
3075.037257373682,0.6153846153846154,1392400.0
0.0,1.0,16684.02778638889
4650.533601189204,0.5384615384615384,1246014.0625
1772.0671902142058,0.8333333333333334,1797834.026883889
3594.7520845650333,0.7,1248806.25
7683.365534368863,0.625,657450.694390389
4282.845740625643,0.6666666666666666,1140446.007656389
5394.084253362988,0.6363636363636364,1061758.5076313887
9213.157047575025,1.0,152425.17363713888
1363.0068169628357,0.8181818181818182,1672711.110248889
4352.780443611938,0.6363636363636364,1085069.445138889
4404.628249594816,0.6,1100750.6951438887
6035.123457037165,0.5454545454545454,925604.340213639
2018.2381282680894,0.5833333333333334,1468136.1119188888
3927.5482647104423,0.625,1955336.110178889
3878.418265757457,0.5833333333333334,1234876.5625
619.2642473706399,0.75,2651469.443358889
1096.792437013297,0.6923076923076923,1834896.006041389
5098.358195780914,0.6666666666666666,1756729.3411613887
1236.2107127055099,0.7692307692307693,2148667.360133889
2554.2846990033627,0.6666666666666666,1693251.5625
9216.761756068325,0.5714285714285714,472083.50689863897
-473.6083316470724,0.7272727272727273,1699764.0625
9484.354098023758,0.6,862576.5625
4494.65982041291,0.625,875004.3403401388
8888.536368375391,0.7,1054044.4451288888
3988.1586663613652,0.8,1262814.0625
4821.1484300562,0.7857142857142857,2054444.443488889
5496.633049600896,0.7777777777777778,916008.506880639
5581.856547386388,0.6666666666666666,845633.506883139
6105.969510661112,0.5555555555555556,851775.1736726388
7921.103997681209,0.6666666666666666,1227479.3410163887
482.8169710154739,0.8333333333333334,1932100.0
1774.4272898861918,0.8181818181818182,1598117.3619538888
1849.1429881654892,0.8333333333333334,1981056.25
4978.790761697486,0.5,432306.25
4815.786688263449,0.7,1034458.5062663889
4617.802464262196,0.7777777777777778,1053189.0625
819.4136821106877,0.8333333333333334,1886044.443528889
5222.6848302636545,0.6428571428571429,1616076.5625
6299.278549358642,0.6153846153846154,1130677.777068889
5075.1167633379355,0.625,855625.0
6014.816207838271,0.6666666666666666,780277.777718889
5933.852252573877,0.6153846153846154,1566669.4452788888
8565.18327124152,0.5,649367.361057389
4658.910002250668,0.6,1064336.1117988888
1935.364585147675,0.8,1411146.0077363888
5493.550080047556,0.6666666666666666,783225.0
6523.584264617729,0.75,1389451.5625
4717.610991500628,0.6,1019258.506271389
2514.1393670635784,0.6363636363636364,1333062.672841389
4001.8997179970233,0.7142857142857143,1889479.339361389
4828.073290456306,0.7692307692307693,1711736.110238889
3816.036276338512,0.6666666666666666,1160108.506226389
5141.736902769411,0.6363636363636364,1166400.0
5334.948432073397,0.7142857142857143,1760044.4453288887
7711.63090042205,0.625,724626.5625
8531.216976318405,0.625,581406.25
5537.591662659421,0.6923076923076923,1572934.028613889
4956.397417666344,0.7857142857142857,2018767.360163889
8309.87969590944,0.6666666666666666,1199937.6743413887
4674.473046269906,0.7142857142857143,1717191.8411513888
6844.590083705972,0.75,1360139.0625
4680.168568070955,0.7692307692307693,1731417.360233889
5494.727352572229,0.6428571428571429,1575025.0
4202.131568439261,0.7142857142857143,1761150.172726389
5888.396392649572,0.6923076923076923,1443001.5625
8766.806806479466,0.7272727272727273,1059184.028463889
5342.478679010123,0.7692307692307693,1547950.6952738888
4664.266969964955,0.5454545454545454,1153834.028493889
7542.237550513835,0.5555555555555556,707701.5625
10561.697050830744,0.375,498200.69439738896
6348.366852653469,0.75,815258.5070046388
5619.6465790497905,0.7777777777777778,851006.25
9084.841279549668,0.5833333333333334,1109511.110408889
5804.850750369286,0.5714285714285714,1663025.172751389
6328.822996647262,0.6153846153846154,1446006.25
2702.7403487924266,0.7142857142857143,2090434.026813889
9674.597664681276,0.5714285714285714,460701.5625
6974.799201133951,0.6428571428571429,1704112.6744813889
9185.487024553773,0.75,710508.5070006388
4633.579727947801,0.7333333333333333,2074800.1745713889
4641.507034221333,0.875,1010025.0
3584.8668308262727,0.6666666666666666,1943700.6953738888
4690.374307611561,0.6,1818002.776878889
6959.479097677257,0.6666666666666666,783962.6736701388
7341.827586619036,0.5384615384615384,1170002.7784988887
3881.679511957012,0.875,1087675.1743063887
7379.574588748203,0.5833333333333334,989196.006878139
4420.353965408232,0.6923076923076923,1532437.6744363888
5847.698630333927,0.6153846153846154,1166400.0
11289.150439005938,0.5,466375.1736566388
6239.50973708916,0.75,1373779.339496389
7720.362356841358,0.6666666666666666,888306.25
5327.140773609591,0.7142857142857143,764896.0068861389
9675.177506909467,0.5,485925.17356463894
8660.466861347244,0.5,513014.0625
4673.541725412864,0.625,539000.6944933889
1601.5854934220513,0.7777777777777778,1146684.027063889
6828.761086117519,0.7142857142857143,578867.361060389
10014.282886221656,0.5454545454545454,714729.3403341388
7208.293738915929,0.625,603211.1111628888
5321.094825923484,0.625,718256.25
8632.716781575917,0.625,627396.006891639
7166.068455108035,0.6666666666666666,1142226.5625
8174.257371092336,0.42857142857142855,375666.84031863883
8100.315097545832,0.42857142857142855,327756.25
6668.747605389546,0.7142857142857143,650711.1111648888
6240.751498943743,0.6923076923076923,1413126.5625
7004.687247586558,0.5384615384615384,1015896.0076163888
7817.242410137974,0.5,696529.340222139
3896.226138654891,0.6,1136889.0625
5488.216205289401,0.75,864125.1735491389
3831.3010564125816,0.75,980100.0
5995.472673971019,0.6923076923076923,1593906.25
4945.232003010377,0.8333333333333334,602564.0625
6098.947283432255,0.75,921600.0
5830.357818164849,0.5555555555555556,916806.25
4096.305523968415,0.6666666666666666,1060041.839591389
7588.082008145964,0.5555555555555556,674451.5625
4445.065967257106,0.8,1362083.506166389
-1303.5793600555983,0.9166666666666666,2396046.0079763886
7195.384817304047,0.5,695139.0625
9382.877250262489,0.5,384400.0
7622.431343118106,0.625,786177.7778368888
2584.76265580662,0.7777777777777778,1165500.1728913889
6333.119740150927,0.625,733164.0625
2789.9445892297917,0.7272727272727273,1463091.839471389
3457.781190097143,0.7272727272727273,1417091.8410713887
9995.413522818646,0.5,646014.0625
2382.299905813821,0.8181818181818182,1550025.0
6996.807104459601,0.625,642001.5625
6667.43297002333,0.6923076923076923,1397321.006156389
6591.30164006633,0.7,891450.6945073887
7987.586089793184,0.5833333333333334,874225.0
6323.62367647703,0.7142857142857143,636006.25
6236.272865990602,0.7,1018417.3617838888
7489.926564966563,0.7,1000833.5076113888
4007.377609640286,0.6666666666666666,1020941.8409513888
10213.355944201772,0.5555555555555556,558756.25
4864.4349040877105,0.7692307692307693,1589700.693603889
4749.0972301730435,0.6428571428571429,1658729.3411363887
6633.597731760855,0.7142857142857143,576334.0278283888
6567.868975914748,0.5,618189.0625
7913.941187662445,0.6666666666666666,780277.777718889
5578.518190822173,0.625,782487.673552139
4704.716077819175,0.6666666666666666,817517.3611713888
5639.940802702395,0.6923076923076923,1473189.0625
7880.317531794669,0.6666666666666666,750389.0625
8632.170487700207,0.6666666666666666,401111.111068889
5774.446163687352,0.625,816764.0625
8116.318206270093,0.42857142857142855,436150.1736551388
4925.885481670542,0.6,767814.0625
3432.165839135225,0.6,761256.25
5012.643252702191,0.6666666666666666,770737.6736696388
10986.521047066597,0.5,512417.36106338893
1127.5668250533508,0.7777777777777778,1344633.506171389
5180.340848103532,0.8333333333333334,603211.1111628888
9806.196187345286,0.5714285714285714,370576.5625
1114.6669145167475,0.9,1663025.172751389
5693.181639119707,0.6,983402.7778438888
-2184.825184485801,0.7692307692307693,2565336.1121788886
708.163263048898,0.8181818181818182,1816879.3411763888
8130.614373246883,0.625,646684.0278313888
6090.721960427656,0.6666666666666666,871111.111048889
2235.9913100287486,0.8333333333333334,1810146.0078413887
3641.9380011452126,1.0,1290117.360353889
6382.664102827339,0.5714285714285714,1447008.507746389
4047.5644602333387,1.0,908844.444380889
4788.431025195297,1.0,688208.506889139
-2239.498492765973,0.8235294117647058,3506256.25
1087.5366950074617,1.0,2309133.505931389
7667.54627394087,0.5384615384615384,1003336.1117788889
6653.125694161493,0.5714285714285714,1266562.674361389
15697.614840162647,0.6,166396.00697163888
-1698.1311547029366,0.8125,3195156.25
632.8244176524881,0.9230769230769231,2489821.0079963887
10652.58022474019,0.5,578867.361060389
8140.846110549163,0.6666666666666666,827341.840217139
-57.53600102959122,0.75,1898654.3411963887
1435.1186218057728,0.875,1191736.1118388888
2532.95092140399,1.0,786916.840218639
5821.805567523881,0.75,829617.361050389
2346.9868509462676,0.6428571428571429,1738002.776898889
11731.57009281535,0.5,230800.1736431389
7045.563900215372,0.5555555555555556,593541.8403291388
-1894.7982519969657,0.7333333333333333,2699175.1747063887
12236.063418408126,0.6,178154.3402496389
7348.500564001631,0.625,507062.67356363893
3923.506154954305,0.5384615384615384,1450017.3619138887
1654.0290997806956,0.6,1922844.4453688888
8718.78200931446,0.8333333333333334,440564.0625
2583.8829057584658,0.7142857142857143,2054444.443488889
2858.569172791644,0.8333333333333334,1830383.5078463887
5149.41276206358,0.7142857142857143,731737.6736681388
7572.710861635667,0.625,592900.0
5494.992622096896,0.625,829617.361050389
3986.2590040833306,0.5454545454545454,1164600.6951638889
6633.575471753879,0.8,362002.7778178888
8099.072833988543,0.6666666666666666,431758.506900639
10505.976005545663,0.6,278696.0069796388
9101.188738967534,0.625,696529.340222139
6445.450675511565,0.625,596756.25
9589.031343886561,0.5555555555555556,594184.027726389
7017.078791011444,1.0,691669.4444998888
3940.9670436735605,0.5333333333333333,1484336.110298889
4606.731033131187,0.5714285714285714,1352375.1743863889
6742.339442574579,1.0,276062.67364613886
1581.8298009858818,0.6666666666666666,2080806.25
2258.25190033199,0.6875,2203987.672621389
3943.5893817121523,0.5333333333333333,1551062.6744413888
2001.3502383762027,0.5882352941176471,2038946.0078963889
9605.237173964715,0.8333333333333334,434500.69448838884
6477.967530233876,0.5714285714285714,1294854.3410363889
9943.244874591857,0.5833333333333334,948189.0625
4209.912991840951,0.7272727272727273,1239511.110368889
5844.531995464926,0.6,906462.6735476389
2589.903133010026,0.5833333333333334,1200850.693713889
7644.450679646894,0.4,131708.5069686389
10540.693678527905,0.5,582677.777726889
3132.25422935404,0.7,1096383.506246389
5019.3072331933745,0.7,1146684.027063889
15713.574935148097,0.6666666666666666,76775.17359263888
9260.507023184462,0.6666666666666666,74711.11109288888
12098.925799841518,0.6666666666666666,113906.25
4735.709136308399,0.6,1155625.0
2410.865156479493,0.75,1694336.1119788887
19606.535527651227,0.3333333333333333,43925.173597138884
3153.155865171833,0.6666666666666666,1164600.6951638889
0.0,1.0,18225.0
5365.804217028975,0.5555555555555556,999166.840211139
0.0,0.0,3071.006944813889
17159.684282241487,0.3333333333333333,85069.4444638889
-825.7171372887805,0.75,2078402.7787388887
5574.7652073286445,1.0,200629.3403076389
6063.937990203212,0.5555555555555556,724626.5625
6663.120523266955,0.6,989196.006878139
9319.441892787516,1.0,485344.4444908888
10677.10295833212,0.6666666666666666,465237.67356563895
-1263.6188233013502,0.8333333333333334,2352389.0625
7740.719901077945,0.8333333333333334,589696.0069956388
1389.6802362193148,0.625,1977539.0625
12475.46501885771,0.4,121626.5625
10614.840683685057,0.6666666666666666,375156.25
-2246.1379709005564,0.7647058823529411,3118167.359933889
1394.8266333304907,0.6153846153846154,1830383.5078463887
9457.754798235981,0.42857142857142855,242146.0069116389
3012.8979443701946,0.7692307692307693,1891771.0078613888
13879.889140164933,0.6666666666666666,328233.50698263885
7726.304912674701,0.6666666666666666,801771.0070041388
5063.53424234509,0.7142857142857143,1914764.0625
9638.57295330888,0.5,622784.0278303889
3868.041714575225,0.6923076923076923,1658729.3411363887
3768.1929265970803,0.875,1073814.0625
9020.662244054605,0.6,646684.0278313888
3837.502429579388,0.6,1500625.0
10609.569350320999,0.5714285714285714,526229.3403261388
3265.270157771879,0.75,1734708.506066389
10.650095325187396,0.6470588235294118,2605534.0288538886
9598.109941964654,0.5714285714285714,396900.0
3960.518914528431,0.3333333333333333,41344.444430888885
11865.8195088725,0.75,169812.67358363888
-671.5691771917257,0.6923076923076923,2054444.443488889
5143.261669219913,0.5555555555555556,891450.6945073887
13874.006797178265,0.6,315001.5625
261.3808924340252,0.6428571428571429,1793367.3620038887
9033.602420573872,0.75,731737.6736681388
1179.0551332664093,0.6666666666666666,1463091.839471389
3053.4189730898856,0.6923076923076923,1680264.0625
13770.666644636449,0.5714285714285714,326326.5625
6088.936566531993,0.7777777777777778,900917.3611743888
9188.971059832431,0.8333333333333334,515404.3403256388
3449.114015617051,0.6666666666666666,989196.006878139
3379.1399342436957,0.75,934444.4445088888
5957.984977262242,0.7272727272727273,1283500.1743663887
10502.77327184494,0.6,290251.5625
6431.274859282652,0.7,1085937.672916389
2960.9457781660362,0.7272727272727273,1246944.4451888888
9262.151242884902,0.4444444444444444,618844.4444968888
7834.992445226937,0.5,528044.4444928889
9737.278825502975,0.7142857142857143,602564.0625
3823.9048500219355,0.7142857142857143,2076000.693483889
11147.45347844075,0.7142857142857143,423584.02773438895
6273.871877578235,0.7142857142857143,712617.3611673889
4231.398720161069,0.6666666666666666,1768900.0
2382.6162920038214,0.6923076923076923,1913611.110188889
10483.674276753087,0.625,549451.5625
3481.7399198533444,0.7777777777777778,1012539.0625
8226.96405638374,0.5,489416.840231139
2310.6875397398385,0.7272727272727273,1651225.0
11328.0751114226,0.6,325375.17364913883
15860.913055867682,0.75,167758.50691713887
1455.9985896091873,0.7058823529411765,2829404.3391563892
12228.279043268943,0.5,308025.0
1507.753770415414,0.8181818181818182,1665175.1744713888
5363.603808700366,0.7142857142857143,1739101.5625
4041.2306221836207,0.6363636363636364,1447008.507746389
2692.395342427827,0.75,1518029.339456389
9438.788410228353,0.6,778806.25
2968.277794145906,0.7,1182656.25
11894.939729673277,0.6,278256.25
10433.485849702674,0.5,210069.44441388888
2385.0002586934875,0.6666666666666666,1541736.111938889
6225.736625656351,0.75,949812.673546139
4898.770905136541,0.6666666666666666,865675.1736731388
-1457.7559528741326,0.6875,2505625.174666389
2929.9364231374943,0.6428571428571429,1730321.0078213888
8043.580593322716,0.8333333333333334,529862.6736596389
8729.963513176826,0.6363636363636364,876564.0625
4193.90410270461,0.7777777777777778,1097256.25
11037.168051073226,0.625,592258.506893139
3162.169944972683,0.6923076923076923,1740200.6953238887
3625.1651114010187,0.8181818181818182,1694336.1119788887
7070.773916653521,0.6363636363636364,1106879.339576389
5162.031701970857,0.5555555555555556,1005006.25
6813.36458437403,0.7777777777777778,967764.0625
5216.041062535281,0.5555555555555556,937669.4443798889
6711.367651143972,0.7777777777777778,1036154.3409563889
10617.84155873867,0.6666666666666666,717550.173554639
4484.8031007976415,0.45454545454545453,1170002.7784988887
-439.9352910129427,0.6666666666666666,1580258.506106389
6745.731160698132,0.75,1400277.776988889
7345.097069274527,0.6666666666666666,1309117.3618738889
6792.993583470125,0.7142857142857143,609700.6943923889
6450.809759364408,0.6923076923076923,1447008.507746389
5428.650210688956,0.7142857142857143,627396.006891639
6392.489842851442,0.7272727272727273,1267500.693693889
4150.6290247817615,0.8181818181818182,1453029.3410813888
4735.806816258955,0.8,1276900.0
7964.842828483815,0.6666666666666666,769275.173552639
8445.625641926055,0.4444444444444444,691669.4444998888
5131.319409654413,0.625,742469.4445018888
5036.600114782921,0.6,1155625.0
5413.572287846213,0.6666666666666666,975979.3403436388
8175.350814538144,0.6,798789.0625
5457.643291936084,0.625,674451.5625
7455.023147582601,0.5555555555555556,590336.111059889
9988.810241738647,0.5714285714285714,389584.02781938884
1857.2485450317852,0.7777777777777778,1199937.6743413887
10100.184964905307,0.625,459006.25
10288.764655656107,0.4444444444444444,496437.67356413894
1892.671660651174,0.7692307692307693,1863225.0
1660.8259480637091,0.8181818181818182,1658729.3411363887
26.687993941873433,0.9090909090909091,1870056.25
728.236857366673,0.9,1669479.339416389
8487.638380254653,0.6666666666666666,772201.5625
3202.8021957649116,0.8,1309117.3618738889
11198.745857113487,0.42857142857142855,306177.77774088894
1226.2492106114678,0.7777777777777778,1322500.0
6915.386075686781,0.5555555555555556,616225.0
8196.742764138902,0.5,434500.69448838884
2431.051922431519,0.7272727272727273,1396336.1118988888
5730.437632883755,0.5555555555555556,880469.444381889
5400.581713317523,0.8571428571428571,714729.3403341388
3821.2964385323653,0.8888888888888888,1224711.111848889
8204.607729613059,0.5454545454545454,769275.173552639
6688.9157492740005,0.75,738883.5068871389
7353.395311143759,0.5833333333333334,1177225.0
6142.855471652034,0.6666666666666666,857167.361049389
6119.0800325487435,0.8571428571428571,705600.0
6418.805545830438,0.6153846153846154,1308164.0625
7779.361889506654,0.7142857142857143,595469.4444958888
7903.1603844166275,0.6,851775.1736726388
8202.07080425615,0.3333333333333333,596756.25
4450.368575138876,0.6666666666666666,1015896.0076163888
5708.355000791849,0.5555555555555556,862576.5625
5139.634877171505,0.75,775133.5070031388
4580.884186857882,0.625,829617.361050389
4868.049768800516,0.6,917604.3403416388
4185.042202821852,0.75,940900.0
6005.797813555433,0.6,901708.506881139
4731.048661490099,0.75,765625.0
3653.8583727264295,0.8,1397321.006156389
4129.286024156129,0.7777777777777778,1224711.111848889
7557.118045591099,0.6666666666666666,919201.5625
4492.24829057277,0.5555555555555556,1106002.7784788888
4813.850804803012,0.625,930421.006880139
6480.1110491764,0.6,992514.0625
4220.898506024354,0.6666666666666666,865675.1736731388
3999.7507572089403,0.7777777777777778,979275.173545139
4286.937123753598,0.7777777777777778,1233950.693703889
5827.127158444841,0.75,1391416.839491389
6341.743737056431,0.6666666666666666,1300550.1743713887
6049.9910791872635,0.8181818181818182,1239511.110368889
5513.0191529142285,0.7272727272727273,1259071.006196389
8153.845168941441,0.5714285714285714,601917.361059389
6698.424003405729,0.7,957136.111045889
7019.968633951346,0.4444444444444444,685446.0069996389
4524.5128036489605,0.6666666666666666,968584.0278433888
6503.996214363732,0.625,748946.0070021388
4675.766532631473,0.6363636363636364,1071225.0
9814.703269609126,0.6666666666666666,621469.4443918889
5235.26630481844,0.6666666666666666,976802.777711889
4874.304047415123,0.8888888888888888,1118306.25
9059.989222785605,0.7142857142857143,531684.0278263888
7825.083445419991,0.5555555555555556,693056.25
5225.5381075510595,0.75,1546914.0625
7559.543649092842,0.5555555555555556,749667.361053389
4991.919246988671,0.6923076923076923,1596011.110268889
2727.4380991164176,0.8181818181818182,1602334.026933889
6175.073661125891,0.6666666666666666,878906.25
5592.044468796575,0.625,741034.027720389
3428.1780177781047,0.6,1289171.0077013888
3856.4383047322904,0.6666666666666666,1099002.777078889
6830.561018543643,0.6,910434.0278413888
4667.680573648717,0.7272727272727273,1206336.110378889
8731.040329523954,0.6666666666666666,783962.6736701388
9198.520320704918,0.6,833416.8403386388
7343.6767531205005,0.6363636363636364,869556.25
7467.943886200049,0.6363636363636364,993344.4445108888
9368.16343825094,0.6666666666666666,630700.6944973888
5540.969446473547,0.8181818181818182,1535534.0286038888
11232.85313402957,0.5555555555555556,510629.340230139
3752.939526813045,0.9,1545877.776948889
6909.057320507656,0.7777777777777778,980925.1736771388
6867.027172631562,0.8,1199937.6743413887
10964.619705763062,0.5555555555555556,514806.25
5800.439646957775,0.7272727272727273,1225633.506206389
4173.636105227418,0.7,1412136.110318889
4295.979087645276,0.7777777777777778,1212751.5625
8227.90195477272,0.6,677877.777722889
10056.897627369517,0.6363636363636364,934444.4445088888
9613.27511356666,0.5,407469.44440188893
6837.95442690253,0.6666666666666666,1263750.6951938889
6463.9012120007765,0.7272727272727273,1345600.0
7740.728222725361,0.8,1072087.674301389
7588.903806102326,0.625,639333.506891139
7189.995212440145,0.8,1084201.5625
8332.633444488021,0.7,984229.340211639
9732.89716715135,0.7,924802.7778418888
5839.688826736102,0.8181818181818182,1404225.0
3302.140400342603,0.8333333333333334,1833767.3620138888
6738.389300699166,0.7272727272727273,1233950.693703889
7033.8923917964385,0.5555555555555556,885951.5625
6988.158555052868,0.7272727272727273,1145791.8409913888
7577.710915682602,0.75,1473189.0625
6291.110788966133,0.75,704900.173555139
5879.006373206877,0.875,807751.5625
7193.885197736611,0.6363636363636364,1256267.360363889
8353.989861611244,0.7,992514.0625
7017.972742436056,0.75,703501.5625
10288.923226502557,0.6,851006.25
5168.627315444753,0.9,1233950.693703889
5603.924929073538,0.8888888888888888,1072087.674301389
6586.6828040161145,0.75,1564584.026943889
9321.948332312339,0.75,612306.25
8935.521451732528,0.7777777777777778,787656.25
10036.601294512584,0.6,856396.0070061388
9447.063833161363,0.5,543291.840228639
6230.484890629765,0.6666666666666666,961216.8403431388
6302.141797258453,0.75,798044.444384889
8328.632657096907,0.6363636363636364,1024312.672936389
7473.977901040215,0.6363636363636364,1063476.5625
7428.263429916945,0.7,855625.0
7091.72991128097,0.8181818181818182,1247875.172866389
7204.403081300987,0.7272727272727273,1119187.6743163888
7466.970718385878,0.8888888888888888,939284.0278423888
5631.052008537453,0.8181818181818182,1386506.25
7024.705241295505,0.8888888888888888,950625.0
9636.729130809694,0.7777777777777778,801771.0070041388
5276.761844460123,0.7272727272727273,1294854.3410363889
6075.206541372836,0.9090909090909091,1497564.0625
9544.104827946165,0.5555555555555556,655425.173557139
6131.19813906671,0.9,1251601.5625
9272.791120413283,0.6,836462.673550139
9883.537507018607,0.3333333333333333,583950.6944953888
6948.043431089448,0.7272727272727273,1280669.445198889
6875.338149986662,0.5555555555555556,847166.8403391388
7885.290627822204,0.8,970225.0
5508.700130870826,0.8181818181818182,1276900.0
9395.903950969332,0.5,682689.0625
6997.2081351758125,0.8,1008350.6951138888
5537.885334183453,0.6923076923076923,1438000.6952438888
7707.432293054623,0.7272727272727273,1113025.0
7136.424399409035,0.7272727272727273,1125367.3604038889
9446.87297929986,0.6363636363636364,962851.5625
5552.529140911212,0.8888888888888888,1106879.339576389
5577.981235586398,0.875,953877.7778428888
9897.60970199153,0.7142857142857143,523814.0625
9209.329885516732,0.6363636363636364,968584.0278433888
6586.7585394837,0.6666666666666666,1277841.8410313888
6742.712259670654,0.625,849469.4445058889
6163.515050255042,0.7142857142857143,696529.340222139
7346.84148204038,0.6923076923076923,1521111.110288889
4864.528825622749,0.8571428571428571,724626.5625
4769.91640023972,0.7272727272727273,1407189.0625
7607.74840165811,0.8,1063476.5625
7820.128775256246,0.7,1004171.006276389
7711.171102031337,0.6363636363636364,1120069.443738889
8190.391838916575,0.7777777777777778,945756.25
9333.873150670075,0.6666666666666666,822800.173550639
8627.921170618536,0.42857142857142855,475525.17356513895
6454.910190057195,0.7,1109511.110408889
5090.40009262234,0.7142857142857143,715434.027721389
8575.556248273488,0.625,565002.7778278888
11505.342922934933,0.42857142857142855,302958.50698113884
8822.066676239416,0.5714285714285714,506469.4444918888
5866.110222414607,0.8,1148469.4451588888
6590.924402756632,0.7777777777777778,973511.1111768888
11227.019546020243,0.2857142857142857,372100.0
4216.601556772349,0.8,1283500.1743663887
8186.518514652478,0.5,728177.777720889
3823.0900316862044,0.7272727272727273,1488400.0
8057.558700714971,0.5714285714285714,587139.0625
5264.2103198764435,0.8,1152044.4437288889
8033.282674499399,0.5555555555555556,667625.173556639
10768.009211465205,0.5,451696.006899639
4484.314986818095,0.8,1193556.25
8955.37587495371,0.5555555555555556,636671.0069976388
4787.694115595256,0.8181818181818182,1527284.026953889
7134.5344808654345,0.75,717550.173554639
4970.038710091391,0.875,964487.673545639
8369.855351255906,0.625,619500.173558639
6325.883768804763,0.7777777777777778,992514.0625
6044.745544345907,0.7,1128906.25
6973.103530455081,0.75,830376.5625
1544.2082955809212,0.9,1692167.360243889
10704.353117617227,0.375,469796.00699013885
4452.710499205066,0.7,1310071.006181389
5751.914473693741,0.7777777777777778,995837.6736776388
2854.092986999295,0.7777777777777778,1079867.3618038888
7638.070715114817,0.625,728889.0625
8286.169532481716,0.7272727272727273,1087675.1743063887
10012.428343610702,0.625,552544.4443948889
5947.265501876533,0.8333333333333334,1664100.0
11389.1057326163,0.5714285714285714,433402.77773388894
7477.377057862106,0.5555555555555556,880469.444381889
4141.828643732926,0.7,1396336.1118988888
9288.367577237008,0.625,555025.0
5063.120299575856,0.7272727272727273,1311979.3410413887
5825.594114332078,0.7272727272727273,1268439.0625
8892.105263194338,0.6666666666666666,823556.25
8922.59996274377,0.625,598689.0625
3564.521660549426,0.875,990025.0
6187.406962332143,0.7,1086806.25
8507.802507064267,0.7,879687.6736736388
9476.819126967557,0.6666666666666666,719669.444387889
5715.764506498665,0.75,1451021.006141389
10653.14777123233,0.625,582677.777726889
4200.505912937201,0.8,1329216.8410463887
7492.460366791822,0.6666666666666666,827341.840217139
4130.442251427147,0.75,979275.173545139
8829.846425444246,0.6666666666666666,722500.0
6118.178623066314,0.7,990025.0
7869.125397930402,0.6666666666666666,755450.6945023888
8727.792573406441,0.7,1025156.25
8074.237233322163,0.5714285714285714,511821.0069921388
7889.298997855254,0.5714285714285714,606451.5625
9378.111059565957,0.7777777777777778,807002.7777178889
1457.9983413237833,0.7777777777777778,1221025.0
6127.558458450229,0.6666666666666666,889091.8403406388
8607.143285320319,0.375,653402.777723889
6978.773676611035,0.4444444444444444,795812.673551639
7675.374296193298,0.5555555555555556,893025.0
9684.114206848477,0.42857142857142855,460136.11106588895
3067.752671765371,0.7692307692307693,1887189.0625
7788.598643275624,0.5,694444.444388889
6436.638944531463,0.4444444444444444,713321.006888139
9651.556476668364,0.4444444444444444,743187.673553639
4746.100621790515,0.75,847934.0277163889
4248.598411263795,0.6,1147576.5625
5961.2461586277195,0.625,859483.506882639
7250.4122456474715,0.6363636363636364,1148469.4451588888
6318.126849285347,0.5,1015056.25
6601.726577946297,0.8,1091154.339581389
4483.995524728256,0.7777777777777778,1118306.25
7839.379383901335,0.625,647354.3402241389
3889.887560258911,0.6666666666666666,1159211.1118288888
6355.44350487695,0.5555555555555556,889091.8403406388
5357.226848838165,0.6,933639.0625
3732.35760276735,0.6,1183562.6743363887
5472.155067330661,0.5555555555555556,925604.340213639
4726.277277938227,0.5555555555555556,900126.5625
5545.715323072607,0.7142857142857143,705600.0
8760.847278093393,0.5454545454545454,904084.027714389
7016.987228741711,0.625,729600.6945013888
6484.0487779281975,0.6666666666666666,1435004.3410763887
6070.798496732416,0.6363636363636364,1300550.1743713887
7664.16416241572,0.625,708402.7778338888
4216.996374934821,0.7777777777777778,1198112.672881389
7611.663241599444,0.6,993344.4445108888
6425.202475369795,0.625,732450.694387389
8182.809682974033,0.5,825069.444383889
5505.440324106931,0.625,765625.0
6097.434718630058,0.6666666666666666,1037002.777098889
6368.601118346978,0.625,643337.673557639
9042.538811680433,0.5,409600.0
6037.544840334626,0.75,741751.5625
7510.35978290579,0.6666666666666666,1146684.027063889
7657.269154476854,0.7,987539.0625
5054.45375698557,0.7,1082466.8409713889
8911.661068802036,0.375,489416.840231139
3695.3495670168486,0.6666666666666666,896966.840214639
7678.684997006231,0.7,1014216.8396063889
5309.304736896873,0.75,1431014.0625
9183.245491685757,0.6666666666666666,638667.3611643888
5820.411944884024,0.6666666666666666,1338841.8395063889
4974.77348997472,0.7272727272727273,1296751.5625
3472.5603425393433,0.8,1306258.5077063888
6233.451003185454,0.6666666666666666,792100.0
3985.153565002606,0.6666666666666666,1001667.3604438889
6454.888636129442,0.6363636363636364,1039550.172931389
6293.675131095102,0.5454545454545454,922400.1736751387
6708.49861796033,0.6666666666666666,1188100.0
6758.192599778478,0.7,1026000.1742863888
4912.313747747544,0.7777777777777778,1034458.5062663889
8245.837204555528,0.625,583950.6944953888
7958.14416878123,0.375,516601.5625
2238.076848832505,0.7,1078136.110418889
5456.626473826055,0.7777777777777778,1048064.0625
4078.3759939867427,0.5555555555555556,551306.25
5220.294132048288,0.5,428479.34023413894
5732.016813787917,0.6,1221946.0076813889
749.8514471690546,0.6363636363636364,1402250.6952338887
-884.0906910380286,0.6666666666666666,1724844.443568889
-1573.237098620995,0.7692307692307693,2120664.0625
13870.79351973581,0.4,222469.4444758889
10601.066073332366,0.6666666666666666,628716.8403306388
12945.236860918621,0.5714285714285714,372608.5069851388
12775.269364345942,0.75,160667.3610843889
1240.349067722547,0.7142857142857143,1891771.0078613888
11507.0732875102,0.6666666666666666,370069.44440388895
8373.812173448876,0.7,872667.3611733888
6649.13580896745,0.8,1145791.8409913888
4024.444931017414,0.6,957136.111045889
11384.697157849325,0.8,308950.6944073889
182.59748527469307,0.6923076923076923,1855271.006036389
-1465.1231483612642,0.7857142857142857,2449225.0
12895.979926079934,0.5,323476.5625
-1470.156421579583,0.6666666666666666,1871196.0078563888
10252.264671123656,0.25,76314.0625
1821.9348568290454,0.6363636363636364,1470156.25
9050.805365207514,0.5714285714285714,524417.3611593888
14235.008936977367,0.6666666666666666,341737.67357213894
-514.0401038748316,0.6153846153846154,1578164.0625
2852.2435755325655,0.7272727272727273,1411146.0077363888
6081.9420213323865,0.5,426300.1736546388
3985.2733722423036,0.5,667625.173556639
4093.5459405018187,0.8,1277841.8410313888
3337.1566253390415,0.75,1622439.0625
13770.043313120223,0.5,344666.8402386389
1812.7123180459453,0.7857142857142857,2120664.0625
11561.188767684565,0.6666666666666666,142506.25
-401.00369789963133,0.7058823529411765,2775000.693333889
6233.906823511988,0.6363636363636364,1087675.1743063887
8376.056876309553,0.5555555555555556,740316.8403351388
4953.877568431648,0.8181818181818182,1399291.8410663889
9027.392900687031,0.6666666666666666,423584.02773438895
3160.1741683869204,0.7142857142857143,1939056.25
4301.992447934385,0.6666666666666666,1373779.339496389
9408.809802836671,0.75,283556.25
981.3140704653141,0.7142857142857143,2088025.0
2052.721066553545,0.6923076923076923,1892917.360193889
8144.321910157855,0.625,620812.6736636388
6873.554205271453,0.7142857142857143,649367.361057389
4341.8282408731475,0.7272727272727273,1372802.7785588887
883.2244468223884,0.7692307692307693,2101291.839311389
1943.2344639650717,0.8181818181818182,1739101.5625
10544.835232514484,0.5714285714285714,433951.5625
-514.6393862405318,0.6923076923076923,2104917.360143889
-821.7834032553566,0.6153846153846154,2164576.5625
4461.705259578297,0.75,946566.8403426388
8013.636508626113,0.5,670351.5625
2336.60222135876,0.7,1386506.25
13650.736862548498,0.5,156684.02775138887
3269.832331163357,0.5454545454545454,1328256.25
6276.70420050809,0.7142857142857143,711914.0625
8874.104373572112,0.6666666666666666,374136.11115188885
6220.781052359572,0.6,997501.5625
550.9091737200354,0.6428571428571429,2010487.6745563888
4349.726229777465,0.6363636363636364,1272196.0076963888
5565.190576815105,0.9,1401264.0625
4913.687394813741,1.0,1108633.5076463888
7743.729489609693,0.5833333333333334,961216.8403431388
7312.808600548036,1.0,447784.0278223888
4200.329786322974,0.6666666666666666,1860950.6953538887
4719.607012350989,0.8333333333333334,1761150.172726389
10947.85173390954,0.625,498789.0625
5151.725687927463,0.9,1431014.0625
9709.383434560328,0.6,700708.506888639
5707.830089019578,0.6923076923076923,1490434.026963889
13353.34249462586,0.6,219336.11107988888
13374.525225700962,0.5,274314.0625
3888.500787043902,0.9166666666666666,1900951.5625
12207.575881844623,0.5,428479.34023413894
7873.28107313911,0.6363636363636364,1078136.110418889
-76.848355272595,0.7222222222222222,3149146.005761389
554.3326238789177,0.7647058823529411,2955534.0289238887
12071.935002270995,0.6666666666666666,98700.6944653889
13941.407538396921,0.6,198025.0
9312.398399157537,0.75,686826.5625
2323.6000575092203,0.6428571428571429,1876900.0
6901.41319414064,0.6,1060900.0
6654.400439207396,0.7,1044654.339596389
10023.686591475911,0.625,681312.6736661388
3667.160320379911,0.6666666666666666,1504711.1119288888
-380.5775945404558,0.7333333333333333,2756983.508051389
15945.307466910359,0.4,153402.7778038889
5299.198750874406,0.6666666666666666,1470156.25
8178.236221506373,0.7,1015896.0076163888
5607.902363623537,0.6,1090284.0284738888
-3001.569687205157,0.6666666666666666,3496900.0
14766.263154227334,0.5,33154.340265638886
3300.694636100744,0.6,2022321.005996389
8477.07004108912,0.8,396900.0
6188.453284226015,0.6153846153846154,1482306.25
9275.105614477723,0.75,743187.673553639
11549.608952673558,0.8333333333333334,487087.67365763884
2608.1382999176903,0.6,1583402.776938889
4144.321960977792,0.6923076923076923,1678104.3411413888
11043.85416340986,0.625,436700.694400389
8288.68246370928,0.7,1010862.6742813888
6287.595806756116,0.6363636363636364,904084.027714389
11090.605622560466,0.75,707701.5625
3790.467205636283,0.6153846153846154,1243225.0
2473.2672839798147,0.7333333333333333,2184237.674596389
12761.606804965251,0.5,228802.7777458889
6488.747863710376,0.75,1411146.0077363888
7704.05178420874,0.5555555555555556,590336.111059889
5092.474487014051,0.5454545454545454,869556.25
192.48179876250862,0.6666666666666666,2847656.25
4377.262229846582,0.6666666666666666,1953006.25
6902.608404339587,0.6666666666666666,312201.5625
8422.661253336415,0.5,398476.5625
2158.756772889865,0.75,1836025.0
12425.784986564528,0.5,182044.4444728889
-275.9276094350068,0.7142857142857143,2432300.172571389
3023.801184106782,0.6,1287279.339521389
9410.644852371866,0.75,725336.1111678889
2570.731424799542,0.8181818181818182,1688916.839411389
281.08619269616037,0.7692307692307693,2262517.362113889
1861.7906213237377,0.5833333333333334,1601279.3411213888
8869.998679224509,0.8333333333333334,519600.69439638895
8332.823826823793,0.4444444444444444,668306.25
3192.2950459166914,0.8888888888888888,1365976.5625
12479.45138109021,0.42857142857142855,375666.84031863883
1362.9612141506775,0.8181818181818182,1886044.443528889
-1389.5001701955484,0.6666666666666666,2719750.695543889
14987.563150728975,0.6666666666666666,113625.17358863888
4625.431733240389,0.5833333333333334,1443001.5625
6267.579192438599,0.8333333333333334,616225.0
10460.127422213232,0.6666666666666666,368044.4444848888
3122.8639215858366,0.6923076923076923,1648014.0625
7844.035901183884,0.7777777777777778,880469.444381889
1178.6842469759608,0.7142857142857143,1939056.25
4871.855753423489,0.5833333333333334,1172708.5076663888
7785.876427369642,0.8571428571428571,652056.25
9851.37704022207,0.5555555555555556,628716.8403306388
4264.496438510023,0.8,1204506.25
13961.530021352064,0.5714285714285714,395326.5625
2264.737214358679,0.75,1591802.7786188887
12663.77370105083,0.75,179564.0625
5800.885666313297,0.6666666666666666,1384544.445228889
256.7207139220835,0.6153846153846154,1902100.6953638887
-1885.8924430080137,0.6,2381877.776748889
2259.7568872685565,0.6666666666666666,1607612.6744563887
6495.9676063590705,0.6666666666666666,956321.0070096388
5106.554604834088,0.5,867226.5625
9115.108029052464,0.7142857142857143,662189.0625
2975.481209725756,0.5,1199937.6743413887
13603.931698484283,0.4,190677.7778068889
3713.461458891678,0.6363636363636364,1398306.25
3803.8194175207977,0.75,1589700.693603889
2294.12394058819,0.5833333333333334,1637333.5060913889
11898.952384946795,0.5,245025.0
-531.1002754379629,0.8333333333333334,2024691.8412263887
-1777.6703266086502,0.6666666666666666,2078402.7787388887
7446.231370397804,0.8333333333333334,513014.0625
5333.5068903510055,0.6428571428571429,1606556.25
3925.9093370606683,0.6666666666666666,1444002.7785788889
11245.359789692488,0.3333333333333333,47487.67362563889
1304.6799430932047,0.6363636363636364,1411146.0077363888
3372.374225284234,0.7272727272727273,1531406.25
1878.59980025063,0.5454545454545454,1578164.0625
14884.802954491839,0.5,64389.0625
1138.118748504038,0.6666666666666666,1458056.25
3120.9228729507577,0.75,1580258.506106389
1713.0215802985308,0.5833333333333334,1627750.693593889
3104.8448900284925,0.7,1130677.777068889
4872.250905479768,0.8,1238583.507686389
3392.4027449361647,0.6,1280669.445198889
341.7142662272384,0.6666666666666666,1617136.1119588888
2376.8359928266154,0.75,1745701.5625
985.0284291253921,0.5833333333333334,1795600.0
1364.3628662339127,0.75,1754521.0060613889
11690.197367996181,0.625,434500.69448838884
3220.944611337801,0.8333333333333334,1888334.0286938888
1857.981270114789,0.6666666666666666,1940216.8412063888
9882.465030537529,0.7777777777777778,821289.0625
3641.190662195944,0.6363636363636364,1161006.25
5631.907787422237,0.7272727272727273,1270316.839526389
4051.811481040335,0.5454545454545454,1312934.027013889
727.9360463761981,0.5,20544.444434888886
10489.52244749681,0.6666666666666666,751833.5068866389
4945.92396352759,0.8181818181818182,1360139.0625
3397.80460198007,0.6363636363636364,1404225.0
16343.488581214744,1.0,33306.25
9342.272885185974,0.875,705600.0
2530.1477534455453,0.5833333333333334,1308164.0625
4822.08373093204,0.6666666666666666,1424044.443648889
3151.6530863945577,0.5,1469146.006136389
9838.185308499284,0.7,857167.361049389
3907.233907690839,0.7,1119187.6743163888
5618.804022729499,0.8,1226556.25
4105.276691124947,0.6,1268439.0625
0.0,1.0,15314.0625
9679.174868314847,0.75,720376.5625
2500.47447272012,0.7,1143117.3618238887
2857.2315294379578,0.6,1293906.25
6683.4496383375845,0.875,861802.777715889
4648.439475741074,0.6,979275.173545139
4962.640790580283,0.5,1119187.6743163888
3691.02482048934,0.6363636363636364,1134225.0
7332.078925947713,0.6923076923076923,1393383.5077313888
4174.783733191022,0.5454545454545454,1284444.443688889
11854.60434167534,0.6666666666666666,360000.0
1857.0696825199345,0.6666666666666666,1921689.0625
8339.785396438823,1.0,147264.0625
10916.926826343273,0.7142857142857143,497025.0
887.497746435192,0.7272727272727273,1471166.8410863888
1461.3860380283968,0.6363636363636364,1641601.5625
10042.426008248078,1.0,77701.5625
5287.383833440838,0.625,891450.6945073887
0.0,0.0,3402.7777773888893
-1504.7756490636964,0.75,1910154.339356389
552.4832444332137,0.8333333333333334,2049669.4453988888
2270.630453901147,0.6363636363636364,1296751.5625
4080.030477048183,0.7272727272727273,1412136.110318889
3267.3075343849387,0.5,41854.34026413889
1292.338384488519,0.5833333333333334,1502667.360293889
3441.730626547968,0.6666666666666666,1626687.6744613887
2983.0433482188882,0.6363636363636364,1164600.6951638889
4998.539865059929,0.7272727272727273,1274076.5625
3444.7765815592684,0.5454545454545454,1316756.25
1388.2758618774794,0.5,21025.0
743.9630602124842,0.6666666666666666,1498584.0285938887
4080.8330663674515,0.7142857142857143,1794483.506051389
2677.936127894063,0.75,1622439.0625
1325.4204894925786,0.5833333333333334,1670556.25
7354.825087549404,0.6666666666666666,84100.0
2291.735216782137,0.6363636363636364,1206336.110378889
4242.829878830935,0.7272727272727273,1317712.6743763888
2766.2656354684677,0.5454545454545454,1361111.1118888888
4476.437764535429,0.75,1667326.5625
2914.819209016408,0.5833333333333334,1716100.0
18569.347686892357,0.6666666666666666,94556.25
5070.30786552831,0.6666666666666666,872667.3611733888
6287.015900273087,0.6,822044.4445048888
5348.58077011541,0.2727272727272727,1086806.25
6654.695796070695,0.5,798044.444384889
4205.120491764879,0.5,1176321.006221389
9761.090476193576,0.5714285714285714,517200.6944923888
10376.934226794201,0.625,473802.777731889
7494.9744706729925,0.25,589056.25
2849.047526559643,0.5833333333333334,1393383.5077313888
8041.824660347523,0.4444444444444444,558756.25
6503.863813900043,0.3,812251.5625
5725.6168618991305,0.45454545454545453,996669.444377889
11336.56231747688,0.5,138756.25
4204.418321359351,0.7142857142857143,613611.111058889
5512.103222797974,0.3333333333333333,1092896.0076413888
10171.793192783665,0.7142857142857143,410667.361068389
10078.326605929602,0.8333333333333334,510034.0278253888
12200.892768671185,0.5,260525.1736451389
8915.579215494323,0.6,322529.3403156388
3979.571220630341,0.3076923076923077,1439000.172811389
4328.638263979383,0.0,139689.0625
9407.168628276924,0.5714285714285714,600625.0
12241.59159605616,1.0,268669.44440988894
3918.0186530408614,0.3076923076923077,1397321.006156389
4722.776826419832,0.6363636363636364,1297700.6952038887
5614.0408304536,0.2727272727272727,1012539.0625
7703.639547865514,0.3,800279.340218139
11508.690655633263,0.8,362002.7778178888
6764.211148377107,0.4444444444444444,749667.361053389
5739.410062941524,0.7,951437.6736761387
4145.138465237062,0.6666666666666666,979275.173545139
10456.49816031086,0.8333333333333334,487669.44439788896
4738.21448106627,0.25,1209083.506211389
4760.233799011805,0.7142857142857143,565002.7778278888
2409.888896308146,0.3333333333333333,1577117.360273889
7936.944180890368,0.5,586500.6943933889
6453.540045396923,0.2727272727272727,900126.5625
6553.352999191246,0.3,801025.0
6075.274702572615,0.5555555555555556,799534.0278373888
6951.2246798256065,0.36363636363636365,931225.0
2754.903125061843,0.35714285714285715,1633071.0077963888
5525.634428694476,0.5,894600.694381389
9240.196492145931,0.5714285714285714,619500.173558639
8526.262425329054,0.375,520802.7778258888
6417.428976378306,0.4166666666666667,1388469.443658889
8024.946623342186,0.6666666666666666,435050.17356713896
10101.581576149412,0.6,287564.0625
7858.805935256708,0.5,490000.0
14257.432460184047,0.75,240100.0
7946.835971944996,0.2222222222222222,664225.0
7945.3111157525,0.5,562500.0
4686.474324883908,0.25,1223789.0625
8814.390274532949,0.75,543906.25
6925.678303842535,0.3,831136.1111718888
6933.640739284047,0.1,671034.0278323888
6804.764879489611,0.3,704200.6945003888
2933.317091087219,0.21428571428571427,1584451.5625
4872.7112283771485,0.6,949000.6945093888
8490.581782245132,0.3,783225.0
5658.1236988846185,0.5,904084.027714389
10078.248362582617,0.6666666666666666,523211.111062889
9145.880893561916,0.6666666666666666,523211.111062889
5356.107001750597,0.25,1188100.0
7281.338435806814,0.6,773666.840219139
6547.504771883712,0.2,638667.3611643888
2925.5030387361503,0.2,1428025.0
7167.957898297559,0.42857142857142855,542677.7778268888
7071.7993997298845,0.5714285714285714,584587.6735601389
4599.174491499812,0.23076923076923078,1331139.0625
11919.664078777772,0.75,272136.11114588886
3135.1399211032076,0.26666666666666666,1548987.672781389
9285.918088158927,0.2857142857142857,331584.0277393889
4669.461004423571,0.45454545454545453,1010025.0
6612.328528343008,0.4,944136.1111758888
12006.744132140448,0.5,265225.0
9702.000196649054,0.7142857142857143,388544.44440288894
6236.534076569488,0.625,907256.25
10834.672487938022,0.6666666666666666,367539.0625
7584.442718625835,0.75,908050.1736746388
7.9770769900967,0.4375,2119450.693473889
3660.41804572251,0.2727272727272727,1250669.4436988889
1866.107072867044,0.42857142857142855,1581306.25
4911.671100224545,0.6666666666666666,105625.0
4067.043836877484,0.5,739600.0
9501.605939559075,1.0,322056.25
12975.547496904159,0.6,337367.36107238894
9396.880224007315,0.8333333333333334,571914.0625
4615.874702992113,0.5,987539.0625
4067.8669424192603,0.45454545454545453,1029379.339601389
6686.885015424331,0.36363636363636365,982576.5625
8805.958053984006,0.2857142857142857,488251.5625
6972.426697379459,0.5714285714285714,583314.0625
-114.00108782321102,0.35294117647058826,2314201.5625
4235.1079113518135,0.3076923076923077,1285389.0625
3713.7033812922086,0.5833333333333334,1535534.0286038888
4718.95235974104,0.5454545454545454,1086806.25
11228.689978757688,1.0,377200.6944853888
3834.754290537418,0.5,184900.0
3688.8817066056654,0.38461538461538464,1688916.839411389
7540.057872215442,0.6666666666666666,701406.25
6088.058668498962,0.3076923076923077,1157417.360393889
7553.9860895680595,0.3333333333333333,667625.173556639
1325.9102357772929,0.26666666666666666,1958833.506011389
14927.796608145385,0.0,21756.25
10045.98726327728,0.2857142857142857,340277.7777388889
8795.940377557663,1.0,551306.25
4636.0309230130715,0.5714285714285714,570025.0
8673.76703340267,0.625,548834.027728389
5541.2444427853125,1.0,50625.0
15838.91090052562,1.0,152100.0
3787.349760445151,0.4166666666666667,1221025.0
7881.301062457872,0.1111111111111111,517200.6944923888
5556.408159580766,0.25,1110389.0625
6160.890830569401,0.36363636363636365,922400.1736751387
5255.697746272939,0.6666666666666666,1099002.777078889
4146.908090671103,0.625,725336.1111678889
4378.083430624436,0.3333333333333333,1179939.0625
6738.505750740925,0.6666666666666666,755450.6945023888
5467.9326733058615,0.09090909090909091,854084.0278393888
5867.141033694791,0.4,819025.0
6989.110639544384,0.2,665584.027723389
14799.428829073162,0.6666666666666666,395326.5625
4694.782557541108,0.4166666666666667,1079001.5625
13074.068284335408,0.6666666666666666,436150.1736551388
5760.757365294638,0.3,792841.8403371389
3930.4857826187913,0.2857142857142857,1298650.172851389
-2520.677053682855,0.3157894736842105,2790291.841391389
18322.42653901673,0.5,30917.361099388887
13506.570755092569,0.7142857142857143,502917.36115838884
6713.76020176083,0.4444444444444444,640000.0
11172.5064929526,0.8,382336.1110698889
3347.9188264379363,0.35714285714285715,1814633.506046389
12627.144669638434,1.0,177802.7778058889
3312.776185173735,0.46153846153846156,1403237.672821389
8578.043516709084,0.8571428571428571,727466.8403346388
12179.081550198387,0.625,647354.3402241389
6116.1782807242325,0.6666666666666666,108350.6944663889
7192.547109549834,0.5714285714285714,493506.25
5979.1605473646505,0.8,321111.1111488888
9135.412465864014,0.8,445556.25
2230.2015890171606,0.4,1715008.506071389
7137.133904091042,0.3333333333333333,348100.0
9981.188027231223,0.42857142857142855,386469.4444858888
11004.79657948125,0.8,404284.02773538895
9523.222594224791,0.4444444444444444,668306.25
8204.56047266895,0.7777777777777778,872667.3611733888
6814.038771250096,0.5555555555555556,634677.7778308889
4517.24649014954,0.5454545454545454,1050625.0
10063.078900169638,0.5714285714285714,354025.0
7671.560348401517,0.4,785439.0625
5948.637275963437,0.5,914414.0625
6003.964530556267,0.36363636363636365,1082466.8409713889
5240.679875996984,0.4166666666666667,1230250.6951838888
6079.698660966466,0.75,899336.111047889
6221.877003241388,0.3,889877.777714889
10284.78340363293,0.5,476675.17365713883
8560.276576437587,0.5555555555555556,837225.0
8675.80382850585,0.375,528044.4444928889
5705.033925920467,0.4166666666666667,1411146.0077363888
11638.84695885919,0.6666666666666666,459006.25
6918.324785582528,0.5555555555555556,655425.173557139
11765.83333043911,0.5,433951.5625
3105.7803012581053,0.23076923076923078,1467126.5625
15087.105486650593,0.8,320167.36107338895
6811.246417742924,0.2,837225.0
4787.891642280773,0.3333333333333333,1198112.672881389
2490.539818423068,0.5714285714285714,1591802.7786188887
8776.520591652572,0.5555555555555556,715434.027721389
3603.7388624027426,0.5384615384615384,1710646.0078163887
8697.304044290386,0.8333333333333334,583950.6944953888
5305.894631964073,0.6666666666666666,429025.0
5642.190650839026,0.6,888306.25
10239.895060483277,0.5714285714285714,604506.25
6563.566999236395,0.5555555555555556,715434.027721389
6902.712772023643,0.6,986711.111044889
4524.3695757346195,0.5454545454545454,1070362.6729213889
4133.452366057464,0.3333333333333333,1327296.006176389
5414.145534448529,0.3076923076923077,1178129.3410013888
6708.672311629655,0.16666666666666666,828100.0
8186.58410266593,0.4444444444444444,661511.1110568889
3615.4570410497518,0.23076923076923078,1331139.0625
13278.719772058355,0.5714285714285714,507656.25
11422.763286101617,0.5714285714285714,578233.5069951388
9815.249089510438,0.7142857142857143,679937.673556139
14209.587333404876,0.5,147904.34025213888
6546.1934804099565,0.45454545454545453,1010025.0
1393.1702970638319,0.4666666666666667,2152333.505966389
11691.901610190513,0.625,654750.6944983888
8176.3659218172115,0.5714285714285714,677877.777722889
3454.398468797523,0.38461538461538464,1375733.5077263888
10202.84065001952,0.375,447784.0278223888
5452.800920783771,0.5555555555555556,798789.0625
5272.069001556625,0.4,873446.006882139
6248.845382507369,0.36363636363636365,949812.673546139
7705.859605997505,0.5555555555555556,640000.0
14915.933964427131,0.5714285714285714,463534.02773238893
7278.3385646727575,0.2727272727272727,970225.0
6565.779885047849,0.2727272727272727,989196.006878139
5464.021715288707,0.4,243789.0625
6894.8321730780135,0.2,718256.25
10255.197143610492,0.5,587777.7778288889
-938.8528713074096,0.4117647058823529,2278841.839271389
1690.7036252891605,0.4666666666666667,1797834.026883889
852.9076376967985,0.0,96100.0
4831.1317723973125,0.2,945756.25
5058.937152254911,0.18181818181818182,1040400.0
7905.615711111267,0.8571428571428571,709806.25
13240.477497316579,0.6666666666666666,443334.02773338894
6277.822713579414,0.5555555555555556,686136.1110558889
5887.222625228947,0.4,738167.3611683889
11764.612623498053,1.0,358002.777737889
5899.96437995062,0.75,164025.0
4647.850358163211,0.5714285714285714,577600.0
4265.119056595315,0.5,678564.0625
9429.348699632863,0.5,317814.0625
4700.3732413203825,0.3333333333333333,1160108.506226389
4141.755896198906,0.5,184900.0
5647.325670464999,0.45454545454545453,881251.5625
5546.377056422402,0.45454545454545453,1009187.6729413889
11560.790466300708,0.6666666666666666,295211.11107488896
7105.3317066041245,0.4444444444444444,590976.5625
1667.5797275139253,0.4,1716100.0
7296.959556428133,0.4,740316.8403351388
5022.124105545109,0.36363636363636365,1079867.3618038888
12696.28990763897,0.6,354025.0
10059.725135621717,0.5,561250.6944943888
12302.88042603557,0.5,261376.5625
5421.710673403381,0.36363636363636365,1347534.027003889
10170.833066275569,0.625,734591.840220639
7944.343524319388,0.75,591617.3611623888
16824.587121306362,0.6,288906.25
8651.173138908596,0.5,516002.77772988897
5395.139507274478,0.25,1099876.5625
11631.014314768605,0.7142857142857143,573175.1735606389
5020.951477330399,0.3333333333333333,1058326.5625
5210.468740356321,0.4,754726.5625
7599.6571508923635,0.3333333333333333,609700.6943923889
3502.290472626125,0.2857142857142857,1433008.506146389
8167.3767587248685,0.5714285714285714,707000.694388389
9199.004577161879,0.6666666666666666,524417.3611593888
7241.514892766846,0.5,1030225.0
4973.846427132531,0.8,301584.02781438886
2946.2682485249957,0.3076923076923077,1283500.1743663887
-2726.035870371759,0.3684210526315789,2911289.0625
-558.4882399188624,0.4117647058823529,2253751.5625
8783.903312125485,0.375,514208.50689663895
2788.662800156207,0.42857142857142855,1543806.25
14392.639607027197,0.4,171879.3402501389
8937.383553759058,0.5,528044.4444928889
2962.566005092425,0.38461538461538464,1513925.1744313887
8587.13451424635,0.8333333333333334,556267.361061389
11415.57460458269,0.5,463534.02773238893
4794.674006068966,0.3333333333333333,1216425.1743463888
5755.279265454413,0.75,221684.0277463889
6700.74999345106,0.36363636363636365,1062617.360423889
7404.173284653908,0.36363636363636365,963669.4445098888
5071.556738420108,0.5,662867.3611653888
8867.424461307455,0.5,553784.0278273888
8395.950235803784,0.75,518400.0
9731.195474625572,0.6,414950.6944873888
9983.555685052821,0.7142857142857143,409600.0
5557.96070005986,1.0,201750.6944743889
7411.218834374427,0.2,748225.0
15539.195212148401,0.4,186696.0069156389
20171.896550309393,0.5,37377.77776488889
3930.6539875963117,0.5,1217344.443708889
2019.682068540872,0.42857142857142855,1593906.25
9428.425054115623,0.625,561875.1735611389
6400.357692967299,0.5,1206336.110378889
13997.90252084478,0.6666666666666666,74256.25
5871.154534284172,0.2727272727272727,882034.0278403888
8449.096050809667,0.3333333333333333,593541.8403291388
6470.254569837668,0.4,1125367.3604038889
4711.158105316775,0.3076923076923077,1323458.5077113889
7508.267658422301,1.0,50250.69445938889
4210.281093920612,0.5833333333333334,1537600.0
12275.381764307054,0.16666666666666666,198396.0069741389
6864.556041359035,0.4444444444444444,648025.0
5251.897524364287,0.45454545454545453,1106002.7784788888
5563.721651428896,0.3,802517.361051389
8731.933257933844,0.42857142857142855,537166.8403266388
5785.01434801496,0.2727272727272727,889877.777714889
4236.97761778926,0.5384615384615384,1685669.443578889
641.1485327387171,0.375,1964669.4453788889
8457.386185611958,0.4,768544.4445028888
5235.839230174805,0.36363636363636365,861029.3403396388
12187.77355685119,0.5,270400.0
5159.441208623787,0.3333333333333333,951437.6736761387
6393.975843586639,0.4444444444444444,854084.0278393888
8027.975019571668,0.4,997501.5625
16843.30018305776,0.6,294306.25
1808.047818476799,0.5,2015216.839331389
6584.730940470394,0.125,458441.84023263893
5946.687435844409,0.18181818181818182,897756.25
11042.975790894146,0.8333333333333334,525021.006896139
6433.524137836955,0.25,161671.00691763888
5240.264481872609,0.46153846153846156,1612900.0
1514.0136710655247,0.4666666666666667,1744600.693563889
8480.288812075296,0.5,926406.25
5215.2931024744275,0.36363636363636365,839514.0625
8271.357365123673,0.625,523211.111062889
10498.41643575355,0.6666666666666666,472083.50689863897
8208.87488289391,0.625,840277.7778388888
2627.850888446411,0.3076923076923077,1552100.693613889
6885.511990558295,0.5555555555555556,1000000.0
8747.370355479143,0.625,478402.7778238888
6207.640145499568,0.4,859483.506882639
8155.930460783662,0.7,970225.0
7975.735521795579,0.625,810000.0
1729.917355910606,0.5,40669.444457888894
4734.120321474015,0.25,994175.173544639
938.5602672558177,0.3333333333333333,1773336.111998889
9563.72570830602,0.5,322529.3403156388
3719.991888171312,0.25,1359167.360333889
6729.507035599101,0.5454545454545454,1083334.0270838889
7051.438132707163,0.4,726756.25
5935.089480672217,0.4,985883.5070106388
4336.913423266375,0.5,1170904.339556389
3395.751336712099,0.4,280900.0
8858.439877709478,0.5555555555555556,621469.4443918889
4720.788735272965,0.2727272727272727,1106879.339576389
7085.8322561598,0.5,828100.0
7108.399936567085,0.4,843336.111049889
6292.569750702469,0.3333333333333333,718256.25
6633.853472131103,0.6666666666666666,991684.027711389
5673.684022500979,0.625,690284.027722389
7148.280739184323,0.36363636363636365,824312.6736716388
4845.083329074442,0.4,983402.7778438888
7329.116030722815,0.4,234417.3611433889
9390.01681468954,1.0,441117.3611553888
6183.451405156541,0.5,644006.25
6506.766597343632,0.1111111111111111,595469.4444958888
8996.610609148545,0.6666666666666666,616225.0
10852.635651132672,0.6,392711.1111528888
5582.1000655490725,0.36363636363636365,995837.6736776388
6557.76697257747,0.2222222222222222,590336.111059889
6396.117900869107,0.5,767084.027719389
13317.591514708984,0.8,324900.0
6231.107755937189,0.5,886736.1111738888
4815.864412890667,0.36363636363636365,1060041.839591389
5895.219775417055,0.3333333333333333,802517.361051389
6562.901683863775,0.2222222222222222,640000.0
5154.968880399137,0.36363636363636365,962851.5625
5487.769651762402,0.4166666666666667,972689.0625
6280.2782939085355,0.2727272727272727,918402.777713889
5262.513376194294,0.36363636363636365,964487.673545639
6587.545455205172,0.45454545454545453,1278784.027023889
7297.901942539747,0.4,872667.3611733888
6438.763352415678,0.3,896966.840214639
5796.658102154854,0.4,951437.6736761387
7139.202614616389,0.2222222222222222,668306.25
5152.422291538188,0.1,768544.4445028888
5819.873579324836,0.45454545454545453,1007514.0625
8453.371422574986,0.3,931225.0
5723.822547286722,0.5454545454545454,1195377.777048889
7132.537763167219,0.42857142857142855,523211.111062889
12082.03226503961,1.0,267806.25
7032.2768580101365,0.5,799534.0278373888
7406.236888282927,0.3333333333333333,732450.694387389
10571.853401364133,0.42857142857142855,472083.50689863897
919.1486753903438,0.3125,1881469.4453588887
10250.15084601524,0.5714285714285714,360000.0
7769.409387448775,0.5,703501.5625
6945.465995317843,0.3333333333333333,795812.673551639
6331.358940655708,0.4,1114784.027073889
4477.777434500329,0.5833333333333334,1408177.7785688888
5573.068649869542,0.45454545454545453,986711.111044889
5692.565020160493,0.5454545454545454,980100.0
4873.645901693302,0.5454545454545454,1043802.7784588888
3969.0451761725135,0.46153846153846156,1281612.672856389
8349.32903807712,0.3333333333333333,701406.25
3953.478588140775,0.4166666666666667,1128021.006236389
7530.961362405446,0.3333333333333333,717550.173554639
4547.649672216312,0.4166666666666667,1107756.25
2570.9716959564785,0.5384615384615384,1507779.3410963889
7432.376670615791,0.125,451136.1111558888
6909.868161832115,0.5,734591.840220639
6930.502035651826,0.4,841806.25
5382.48933496969,0.4166666666666667,1106879.339576389
6217.175631832774,0.2222222222222222,565002.7778278888
12141.81798521913,0.5,266084.02774338896
5844.5960383885995,0.4444444444444444,742469.4445018888
4522.9618691670785,0.6,1075541.839586389
3642.078348599487,0.4166666666666667,1266562.674361389
5267.0344840128955,0.45454545454545453,1127136.111818889
7596.00537124008,0.3,686136.1110558889
6045.807789794742,0.5454545454545454,1224711.111848889
4549.635211004841,0.4166666666666667,1427029.339481389
8742.001601573305,0.3333333333333333,591617.3611623888
5468.005271680539,0.2727272727272727,1002501.5625
6434.098335259262,0.2222222222222222,752556.25
14806.054694579514,0.6,323950.69448238885
6299.689104233465,0.625,638667.3611643888
6557.8207597010005,0.4,890664.0625
8387.15791216559,0.7142857142857143,733164.0625
8115.607073245322,0.6666666666666666,666944.4444988888
6499.496955944676,0.4,932834.027713389
3768.1390838768666,0.25,1223789.0625
6643.641084454669,0.4,966944.4443788889
6845.169426559495,0.3,702104.3403336388
7668.919097959538,0.5,718256.25
5926.95390491433,0.36363636363636365,945756.25
5710.411649892877,0.3333333333333333,1077271.0076363888
5876.597838737658,0.45454545454545453,1300550.1743713887
12899.23537005459,0.5714285714285714,531076.5625
5513.889486234291,0.5,1301500.693683889
2348.680851463605,1.0,75167.3611293889
4558.653447275446,0.5384615384615384,1531406.25
12161.209649309847,0.75,175002.7777498889
11190.822055562667,0.625,653402.777723889
4921.415210170587,0.36363636363636365,1096383.506246389
573.5172709464764,0.29411764705882354,2014034.0287238888
4335.501443581412,0.3076923076923077,1180844.445168889
-1821.0629640224583,0.3333333333333333,2466208.507991389
7652.277581237821,0.5,1052334.027093889
4750.444637954513,0.3333333333333333,358501.5625
12089.71951257343,0.8,394279.34031963884
5539.615209407057,0.4,248751.5625
10814.923701317008,0.6666666666666666,529862.6736596389
4052.754899457058,0.3333333333333333,1287279.339521389
6880.168389172016,0.4,718256.25
4641.202024232271,0.45454545454545453,1147576.5625
5814.010690326056,0.5,885951.5625
8120.969868592874,0.7,963669.4445098888
10387.071324476246,0.5,483025.0
11114.365164810622,0.8,388544.44440288894
8140.929562689814,0.4444444444444444,636006.25
4304.750125711092,0.3076923076923077,1192646.006216389
6269.767471962575,0.5,652056.25
9027.632952687092,0.5555555555555556,629377.777724889
6104.198458701236,0.3333333333333333,834177.7777168889
7106.569728710127,0.5454545454545454,859483.506882639
5789.784346442155,1.0,137517.36108638888
11246.464925592973,0.4444444444444444,666944.4444988888
7053.82946846037,0.6666666666666666,784700.694385389
9457.846027440655,0.7142857142857143,474950.6944903888
13246.42369420199,0.3333333333333333,417100.69440138893
19151.257841304523,0.5,194334.02774838888
7659.570057900892,0.4444444444444444,771469.444385889
4468.633080689561,0.5454545454545454,1215506.25
2116.422996548196,0.5,1672711.110248889
776.6291814354832,0.5333333333333333,1886044.443528889
-1665.8492248038667,0.47058823529411764,2491136.110058889
8724.36239395642,0.5555555555555556,934444.4445088888
5809.80332174292,0.2857142857142857,432854.3403216388
3948.399999661566,0.5,54444.444428888884
6981.864148094908,0.5,712617.3611673889
5118.558808727159,0.4444444444444444,759076.5625
6395.345026922222,0.3333333333333333,1057469.4437588889
3920.969603604399,0.5,1317712.6743763888
12972.968649549166,0.5,421417.3611543888
8918.247680989096,0.3333333333333333,599334.0278293889
6547.003461948332,0.3333333333333333,746784.0278353888
5590.010643698968,0.6363636363636364,1046358.5076263888
5666.874015974946,0.5833333333333334,1293906.25
4946.285669372766,0.8,358002.777737889
5025.610044624355,1.0,248336.11107788887
8090.1169843306025,0.625,622784.0278303889
5812.457475181712,0.7,932834.027713389
15228.688623223423,0.4,297934.02774138894
13479.782504423423,0.5,412806.25
11781.660859028945,0.42857142857142855,551306.25
3987.8024305984572,0.5454545454545454,1153834.028493889
2783.421872128382,0.2857142857142857,1393383.5077313888
9817.138537957113,0.25,394802.77773588896
4962.775148366962,0.16666666666666666,914414.0625
6068.759600933133,0.14285714285714285,367539.0625
5158.306351321932,0.1111111111111111,585862.6736621389
-1662.0700269257688,0.47058823529411764,2378021.005916389
15967.278686430524,0.0,23256.25
-3856.8005757449696,0.42105263157894735,3052300.172446389
225.2322409137774,0.5333333333333333,2014034.0287238888
4174.508125990065,0.3333333333333333,111111.11108888888
5744.67508009227,0.14285714285714285,437251.5625
5657.882278494791,0.2,810000.0
2706.8418018616517,0.42857142857142855,1935576.5625
5255.681579425591,0.7272727272727273,1390434.0285638887
9567.149455414701,0.375,536556.25
12149.595389792781,0.5,328711.11107288895
6677.833420787364,0.4,1105126.5625
13587.241904336835,0.6666666666666666,111946.00692213888
3610.348341987863,0.23076923076923078,1322500.0
4937.558063118339,0.2727272727272727,993344.4445108888
4547.5725784550505,0.4,335434.0278163888
11305.956560877421,0.5,591617.3611623888
2036.61757514101,0.6923076923076923,1860950.6953538887
3377.180217231084,0.4166666666666667,1253466.839531389
-257.24703902732574,0.375,2153556.25
6623.37128061443,0.2222222222222222,561875.1735611389
1849.392798336814,0.42857142857142855,1739101.5625
9508.827178819187,0.2857142857142857,337367.36107238894
7187.917631385006,0.6,889091.8403406388
6300.18506097737,0.36363636363636365,1195377.777048889
-138.59984471255606,0.375,1988100.0
11982.136900805293,0.4,239691.84024513888
3731.6723944616974,0.38461538461538464,1265625.0
9832.841093694087,0.6,907256.25
11818.121539289,0.5714285714285714,522006.25
277.585092548166,0.5333333333333333,1912458.507866389
10123.69126429671,0.3333333333333333,352539.0625
4494.492342233675,0.36363636363636365,948189.0625
7746.167272706667,0.4,857167.361049389
11767.895648807338,0.75,185976.5625
7105.421672708519,0.8,1026844.443768889
9920.376253691322,0.2,248336.11107788887
8340.148272850476,0.4444444444444444,687517.3611663888
8729.599556780864,0.3333333333333333,334469.44440588896
4973.408393514449,0.4166666666666667,1015056.25
4487.288497752787,0.3333333333333333,1042951.5625
4496.355837141707,0.5833333333333334,1564584.026943889
925.8700480032969,0.3333333333333333,1903250.172691389
5475.604238307216,0.5454545454545454,945756.25
11556.379212174219,0.75,290700.69448038883
7212.138278962349,0.2727272727272727,1134225.0
9160.429194998138,0.8,313133.5069071389
12332.908354841313,0.42857142857142855,316406.25
12207.314018949432,0.75,174306.25
5380.022605747023,0.4166666666666667,1416100.0
7360.013414940448,0.36363636363636365,1127136.111818889
5565.0460947085785,0.45454545454545453,1339806.25
12185.419520292297,0.3333333333333333,264796.00691013894
5951.699790142087,0.4,855625.0
4100.2858048170365,0.5454545454545454,1210916.8410113887
6074.385709598915,0.25,1011700.693773889
6406.952676477159,0.3,923200.694380389
4224.143688065632,0.38461538461538464,1542771.006116389
6891.777495021442,0.5555555555555556,743906.25
6889.969542623186,0.4444444444444444,758350.694386389
6570.250559672483,0.36363636363636365,1026844.443768889
4621.046153387757,0.4166666666666667,1251601.5625
8379.951702451455,0.2727272727272727,1025156.25
3569.7671953411805,0.25,187777.77774888888
4908.983583254426,0.8181818181818182,1343667.3618838887
3970.650907374083,0.5,372100.0
4498.332089936809,0.4,263511.1110768889
8657.419115077662,0.7777777777777778,904084.027714389
3382.896293235232,0.25,148225.0
6328.520550642387,0.8,1164600.6951638889
6933.695384617607,0.4444444444444444,641334.027724389
8685.454910488661,1.0,577600.0
6748.482360046375,1.0,789136.111051889
11882.145517322127,1.0,287117.36107538897
1732.6312602952423,0.4,1722656.25
9048.379130164483,0.4,291150.17357513896
1370.4436412411242,0.375,1849600.0
2413.9072023217127,0.2857142857142857,1522139.0625
10410.319503946761,0.5714285714285714,443334.02773338894
6934.869076682622,0.4,820534.0277173889
8119.394695824651,0.5,383883.50690313894
2621.6769983826816,0.3333333333333333,1638400.0
-113.1926362825389,0.29411764705882354,2029437.672661389
7822.589521068,0.4444444444444444,656775.1736651388
-2773.413297627923,0.3684210526315789,2718376.5625
6395.720929066942,0.5,62917.361094388885
-482.9021001556944,0.4117647058823529,2190400.0
8239.185182556323,0.25,176050.17358313888
7920.112434441841,0.16666666666666666,334951.5625
13627.230219932113,0.6666666666666666,456187.6736561388
3311.6920764772094,0.42857142857142855,1792251.5625
5430.5316143278715,0.2,252087.67357763887
8986.313963492306,0.6,1021784.0271038889
6579.272630777384,0.6363636363636364,1297700.6952038887
8815.069082954933,0.625,556267.361061389
6165.743563886084,0.6,1121834.0284838888
6449.825142095388,0.36363636363636365,1228402.777038889
7081.614765599881,0.8,1062617.360423889
3878.456330450785,0.3333333333333333,111111.11108888888
5908.67169689076,0.7272727272727273,1278784.027023889
5297.762243779495,0.5,170844.44441688887
7966.685504885837,0.375,495850.6944913888
11889.227365469453,1.0,192867.3611403889
6226.84757029704,0.2727272727272727,970225.0
8440.486997545051,0.3333333333333333,682000.694389389
7316.939007096197,0.4444444444444444,696529.340222139
5345.968650389861,0.36363636363636365,987539.0625
9239.359837097278,0.42857142857142855,445000.17356663896
2939.9303686140483,0.35714285714285715,1519056.25
6144.253557271635,0.5,414414.0625
5721.51694523784,0.375,644675.1736646388
7749.822890525411,0.4,736021.0070016388
4652.444732959766,0.36363636363636365,1085069.445138889
5036.6162473325485,0.25,574437.6736616389
5181.511033869675,0.25,1090284.0284738888
2330.1641429835395,0.4,2070001.5625
7657.7216361662695,0.5454545454545454,1233950.693703889
6673.856103965456,0.16666666666666666,315001.5625
6814.516120132149,0.3333333333333333,624758.5069971388
5882.076283056037,0.36363636363636365,1046358.5076263888
5286.403171625866,0.75,204756.25
7406.860048128001,0.6,1023469.4451188889
8565.43085922244,0.625,547600.0
9840.68388593609,0.5714285714285714,413877.77773488895
7184.005647698878,0.6666666666666666,672400.0
9079.03809485863,0.6666666666666666,548834.027728389
5288.482619300719,0.5,861802.777715889
6130.114706900168,0.45454545454545453,1008350.6951138888
5909.398096232981,0.3,801771.0070041388
8389.451141437035,0.5555555555555556,714025.0
1936.7845086912694,0.26666666666666666,1672711.110248889
6019.999173423951,0.4,287117.36107538897
5136.120758084958,0.2857142857142857,496437.67356413894
4585.117221493976,0.2222222222222222,746064.0625
9450.856361014294,0.5555555555555556,635341.8402246389
3611.30449757428,0.25,1215506.25
5393.021510507382,0.25,207784.02774738887
2140.007516324705,0.4666666666666667,1625625.0
5558.703352794105,0.16666666666666666,390104.34023613896
4419.314884357024,0.5384615384615384,1245084.027033889
5349.32637779309,0.125,614264.0625
4601.288526317646,0.18181818181818182,1045506.25
7742.020003156803,0.6666666666666666,688208.506889139
4717.6526200230055,0.16666666666666666,1144900.0
7510.027979399468,0.45454545454545453,1152044.4437288889
10628.127663532534,0.625,760529.340219639
7023.884119406396,0.5,185617.36108238887
7360.122821948885,0.625,847934.0277163889
5874.17022233092,0.6363636363636364,1188100.0
5280.746241511984,0.6666666666666666,140000.6944693889
9381.825850290881,0.6666666666666666,789136.111051889
4776.1941326225615,0.6,331584.0277393889
11589.347915369444,0.3333333333333333,445000.17356663896
3881.4839148231126,0.38461538461538464,1377689.0625
13805.574586649658,0.5,248336.11107788887
5242.943805932942,0.3333333333333333,1424044.443648889
8513.336068322866,0.6666666666666666,877344.4445068887
6212.899903542284,0.6,278256.25
10972.270810452448,0.8,381306.25
6879.799463891893,0.5555555555555556,716844.4445008888
-444.88394175655293,0.4117647058823529,2084414.0625
3765.350733569651,0.3076923076923077,1385525.172826389
2872.4235019136718,0.42857142857142855,1949514.0625
4759.164104818159,0.7272727272727273,1351406.25
1269.6649386737945,0.3333333333333333,91002.77779788889
6573.472687320442,0.8571428571428571,795069.4445038888
9351.276518142484,0.42857142857142855,327756.25
10606.131610043081,0.5714285714285714,430664.0625
2232.3099886671594,0.2857142857142857,1545877.776948889
22528.199607184004,0.6666666666666666,116167.36108838889
1605.792538867447,0.25,1797834.026883889
9100.82031558901,0.8,312201.5625
11889.232195587818,0.3333333333333333,59617.36112738889
1844.299088291766,0.42857142857142855,2038946.0078963889
4834.159325363967,0.3076923076923077,1138666.8395663889
8143.321599251751,0.2222222222222222,634014.0625
8864.601317363671,0.4444444444444444,586500.6943933889
5618.628874431696,0.75,177100.69441638887
4654.093079745309,0.3333333333333333,1205421.0076763888
11775.97636578917,0.75,277377.77781288885
8205.92859062682,0.3333333333333333,693056.25
9298.175901388719,0.5714285714285714,627396.006891639
7133.376407265682,0.0,276939.0625
9614.966760419375,0.6666666666666666,370576.5625
1910.3538890529296,0.26666666666666666,1666250.693583889
10317.303363932208,0.5,483604.3403241388
8759.399028581252,0.375,730312.673554139
5680.224258583107,0.7272727272727273,1232100.0
1047.8046023306404,0.25,161336.1111378889
4366.04528559958,0.5,1322500.0
12638.675897542062,0.25,114751.5625
3730.96408713345,0.5,1653367.3602538889
8535.36859541354,0.6666666666666666,694444.444388889
10491.14143051886,0.5,460136.11106588895
6753.629415126901,0.4,837987.6736721388
8328.274832785244,0.4444444444444444,863350.6945063887
8952.204067963252,0.42857142857142855,483604.3403241388
10930.089119024073,0.2857142857142857,361000.69440438895
3546.6500826472743,0.46153846153846156,1777777.776888889
9663.692083444597,0.14285714285714285,308025.0
6156.604870202946,0.6,1247875.172866389
1104.9384606563076,0.4,1838284.026873889
6872.499414708865,0.7777777777777778,749667.361053389
11410.13854807321,0.4,358002.777737889
9841.302017330874,0.0,127806.25
6301.383912244649,0.75,220900.0
5923.357928557677,0.2727272727272727,1023469.4451188889
5217.897939529919,0.5,1052334.027093889
6266.7973011637305,0.2727272727272727,763439.0625
12449.038338360717,0.5714285714285714,370069.44440388895
2050.610912501398,0.2857142857142857,1667326.5625
9006.161339618011,0.42857142857142855,464669.44448988885
2251.9084868087316,0.35714285714285715,1483321.0077563887
7386.211593392883,0.14285714285714285,333025.17357263895
6441.925031740464,0.6,1199025.0
6643.027860089184,0.45454545454545453,907256.25
5507.099370511633,0.3,896966.840214639
4800.52922682961,0.5833333333333334,1416100.0
4807.546496897059,0.8333333333333334,483025.0
9855.200932239452,0.5555555555555556,749667.361053389
8424.129785163926,0.5,932834.027713389
11933.778470856396,0.6,334469.44440588896
10703.012732972176,0.6666666666666666,455625.0
12737.190590053253,0.5,248336.11107788887
11665.103434652683,0.6,354025.0
9220.834007608171,0.14285714285714285,392189.0625
1905.802433235718,0.5,1621377.776928889
12746.186312909053,0.2,209306.25
-463.71423996200207,0.4375,2079604.339316389
15177.084000078403,0.25,124256.25
-1003.2420328177187,0.4117647058823529,2393466.839246389
8494.364727149576,0.3333333333333333,510629.340230139
6510.660564313016,0.3333333333333333,723208.5070011388
4945.303196181555,0.4166666666666667,1100750.6951438887
10374.020851721063,0.5,332544.44448288885
1588.0852140636168,0.3333333333333333,1750108.5078263888
-244.17267334842245,0.29411764705882354,2196571.005956389
1259.6596848855042,0.4,1892917.360193889
8451.535013387833,0.3333333333333333,274314.0625
6775.778680665747,0.4444444444444444,736736.1110538889
4325.240150920059,0.36363636363636365,1054900.172926389
9405.310720213716,0.4444444444444444,589056.25
3629.6260326865004,0.3333333333333333,1281612.672856389
9986.824955834723,0.2,196914.0625
3917.481044297104,0.38461538461538464,1257201.5625
4855.129983070909,0.45454545454545453,1138666.8395663889
18455.037618844497,0.4,250000.0
4138.527616715089,0.4166666666666667,1373779.339496389
2585.0767315479843,0.35714285714285715,1772226.5625
5481.427381307568,0.4166666666666667,1452025.0
10337.698955684473,0.3333333333333333,757625.1736691388
8238.309199190891,0.5,642669.4444978888
14045.57871997616,0.42857142857142855,492336.11115788884
5668.575128825993,0.4,941708.5070091388
16083.17223942901,0.5,356011.11115088884
4866.918283368511,0.36363636363636365,1156521.0076613887
19511.769113695475,0.75,191406.25
3233.297893711177,0.3076923076923077,1524196.0061213889
4453.629020317826,0.38461538461538464,1703025.0
13108.372753774103,0.5,134750.17358663888
8952.66149876642,0.3,941708.5070091388
9576.248263213181,0.5714285714285714,492336.11115788884
12265.10367008079,0.375,642669.4444978888
6715.8969556365155,0.4444444444444444,757625.1736691388
13934.832558897528,0.42857142857142855,485344.4444908888
7195.714646117429,0.6,719669.444387889
0.0,0.0,1406.25
5390.1383721005795,0.46153846153846156,1042100.693763889
2281.0588226012023,1.0,58000.69442838889
10192.751917958869,0.4,861802.777715889
6138.030448024128,0.42857142857142855,1285389.0625
7437.51221238958,0.5454545454545454,913617.361047389
3648.3359771063238,0.35294117647058826,2047284.026823889
1482.44418329633,0.9090909090909091,1798951.5625
4477.8078961617675,0.4666666666666667,1506756.25
5212.083258729809,0.38461538461538464,1625625.0
3502.578411738152,0.47058823529411764,2293962.6726013892
6853.125900277538,0.3076923076923077,944946.006879639
4693.968040069127,0.6,1267500.693693889
4428.241611293403,0.6,1166400.0
6183.7997675710485,0.5454545454545454,1158314.0625
5123.0017448473,0.8,1000000.0
4307.7181526575705,0.6363636363636364,1137777.7784888889
8406.514709761246,0.6,975979.3403436388
6857.930766870586,0.6666666666666666,810750.1736711388
6803.506082168071,0.625,815258.5070046388
4769.728262607434,0.7,1094639.0625
9873.46095742638,0.5714285714285714,484184.027731389
6964.146054549848,0.5454545454545454,1062617.360423889
5756.005918046737,0.38461538461538464,804011.1111708888
8228.79256436778,0.5,673767.3610563889
3054.2146844902,0.6666666666666666,1473189.0625
3303.658358034432,0.7272727272727273,1322500.0
8344.53635283463,0.5555555555555556,769275.173552639
6274.477294741007,0.8571428571428571,679250.6944993888
2547.597289034745,0.8181818181818182,1387487.6743963887
2044.6280644390113,0.6363636363636364,1681344.4453088888
7741.03505297829,0.5555555555555556,541450.694395389
9296.272406136251,0.6,759802.7778358888
1424.4533130469622,1.0,1440000.0
3484.729396892039,1.0,283556.25
9285.41600936805,0.75,798044.444384889
6114.302203053292,0.4,1190826.5625
6994.287855318208,0.875,760529.340219639
5347.856685250802,0.5384615384615384,1335950.693673889
7660.962462293859,0.75,636671.0069976388
6075.91136939445,0.4166666666666667,816011.111050889
2854.2119122220956,0.5,2518833.505886389
5010.117597188576,0.6363636363636364,928011.111046889
5534.218475445857,0.5555555555555556,1086806.25
5026.547782274478,0.7,957951.5625
6429.901116937757,0.6666666666666666,1396336.1118988888
4865.471257109396,0.6153846153846154,1082466.8409713889
7995.326230828914,0.5454545454545454,889091.8403406388
6892.562420295422,0.7,926406.25
4012.5835820014913,0.6923076923076923,1449014.0625
4254.87456675266,0.8888888888888888,993344.4445108888
7840.500762567873,0.7,940091.840213139
6218.638900178129,0.5,1400277.776988889
5441.676471442069,0.5454545454545454,928814.0625
3258.7744956054667,0.6923076923076923,1761150.172726389
2810.8687080156396,0.47058823529411764,2383164.0625
918.7004798484419,0.47058823529411764,2605534.0288538886
7601.363118354711,0.42857142857142855,1407189.0625
-720.8796536476132,0.6111111111111112,3122583.505766389
2056.3294520382906,0.4666666666666667,2100084.0287438887
1451.651702070988,0.5,3081487.6747813886
3983.6309251913412,0.4117647058823529,2263771.005941389
6805.349800069754,0.5454545454545454,1081600.0
5725.752350419472,0.6666666666666666,807751.5625
521.6561071248095,0.7142857142857143,1846201.5625
11657.739782219407,0.6666666666666666,461267.3611563888
5395.057021128103,0.6666666666666666,1477237.674421389
1540.2481900731138,0.6875,2545354.341341389
18879.263158006484,0.5,30334.027789388892
1663.0320951275125,0.5714285714285714,1649084.0286338888
7719.177128067031,0.625,662189.0625
6503.544991275497,0.3333333333333333,1159211.1118288888
9795.111318345196,0.14285714285714285,224834.0278093889
4406.844434121343,0.4666666666666667,1414117.3619038889
7319.141594036109,0.5,959583.506879139
4865.72747480579,0.5833333333333334,1265625.0
4694.394625476746,0.4666666666666667,1477237.674421389
6043.2463926227865,1.0,299300.17357463896
3698.3570208997044,0.46153846153846156,1335950.693673889
5878.630055460839,0.4,1319626.5625
5985.092874404359,0.8571428571428571,695834.0278333888
8380.228791803665,0.36363636363636365,596112.673559639
2662.9028620126633,0.7272727272727273,1243225.0
5785.388165053232,0.6666666666666666,580771.006893639
3738.8725081373314,0.8888888888888888,1011700.693773889
9920.615244184204,0.5,504691.8403251388
14816.73868962356,0.6,244200.6944773889
5436.385430025629,0.46153846153846156,1053189.0625
11043.692114756219,0.3333333333333333,226417.36107938888
6032.421752346211,0.6666666666666666,1043802.7784588888
-2065.0597208198087,0.8,3144711.109928889
19567.68188985673,0.5,100277.7777988889
7469.629060153405,0.7,966125.1736766387
2611.7124566230464,0.7142857142857143,1811267.360213889
4304.596251293386,0.5384615384615384,1337877.7785488889
14757.819758575823,0.5,168100.0
4209.6749810583715,0.5384615384615384,1252534.028523889
-614.583887657952,0.4117647058823529,2179314.0625
5921.268551858364,0.4166666666666667,1429021.0077413889
2542.0785243892237,0.6923076923076923,1440000.0
132.57989931665853,0.9230769230769231,2134034.026803889
-2364.623459608958,0.6,3023251.5625
5552.532126309124,0.6363636363636364,1157417.360393889
8286.778357896292,0.8,344666.8402386389
5241.800963357477,0.5555555555555556,983402.7778438888
7930.900283830712,0.5,978450.6945103888
11503.230364454332,0.5,505876.5625
7060.414358240815,0.7777777777777778,842571.0070056388
1628.1982018638264,0.9090909090909091,1576071.0077813887
6351.118490134402,0.36363636363636365,1260006.25
4428.628046174458,0.4375,1964669.4453788889
10231.304679222794,0.4444444444444444,761983.5070026388
3733.9434262871805,0.5,1831511.110208889
2491.6966591398805,0.3888888888888889,2164576.5625
3567.521501386068,0.3333333333333333,1763362.6744963888
6133.491540660891,0.5555555555555556,1032764.0625
6380.605203749836,0.36363636363636365,1041250.1742913888
5068.006794744541,0.6,1333062.672841389
3482.351477702971,0.9,1372802.7785588887
7369.058404850905,0.36363636363636365,1119187.6743163888
9565.912974308574,0.4444444444444444,786916.840218639
7774.8737776366,0.38461538461538464,1360139.0625
4756.182906237253,0.5384615384615384,1424044.443648889
3360.4675963715695,0.4117647058823529,1719376.5625
2763.5259219170525,0.6666666666666666,1302451.5625
4220.786793652755,0.5454545454545454,1304354.339516389
2745.66008339173,0.8181818181818182,1343667.3618838887
8401.773599190428,0.38461538461538464,1167300.174331389
2857.7290180051236,0.4666666666666667,1610784.0286238887
4286.211107044987,0.5,1136000.693733889
5674.571437564718,0.42857142857142855,1592854.339436389
5261.578953687774,0.5555555555555556,1061758.5076313887
7358.959392512521,0.4444444444444444,781750.6945033888
6638.166245242805,0.46153846153846156,1373779.339496389
4683.619060477367,0.35714285714285715,1828129.339376389
7799.032557554108,0.6363636363636364,1195377.777048889
5822.621950640228,0.4166666666666667,1198112.672881389
4782.9379837833485,0.6153846153846154,1487383.506131389
6542.216728390497,0.45454545454545453,1106002.7784788888
3922.864289144199,0.75,1514950.693623889
8249.774568251376,0.3333333333333333,1097256.25
3013.524125079673,0.5,1695421.006076389
8824.740745634588,0.75,669669.444389889
3833.333715317735,0.6428571428571429,1682425.172746389
5095.09659463945,0.42857142857142855,1678104.3411413888
5138.212208219558,0.6363636363636364,1024312.672936389
5338.356638377883,0.42857142857142855,1111267.361813889
8356.322674027788,0.4444444444444444,723917.3610543889
4982.498846109466,0.8,1060900.0
6641.815099368469,0.5833333333333334,1100750.6951438887
4270.823097519887,0.4375,1675946.006081389
3287.67006748392,0.7272727272727273,1264687.672861389
3708.6416628789093,0.6666666666666666,1231175.172871389
4070.3868503407693,0.5,1361111.1118888888
6791.765323648278,0.35714285714285715,1399291.8410663889
5763.038303068958,0.38461538461538464,1566669.4452788888
6332.0791984260195,0.5,1072950.693753889
6948.23541233524,0.6,949812.673546139
5004.707721878508,0.42857142857142855,1160108.506226389
7769.908245614839,0.4444444444444444,763439.0625
1914.3728591246147,0.4444444444444444,2926950.693303889
9181.961570715997,0.5,420876.5625
2958.609763620876,0.4444444444444444,2343450.693423889
2072.992637676201,0.6923076923076923,1851867.360203889
3467.806063756527,0.6428571428571429,1954171.0078763887
7518.341555336215,0.5,921600.0
5096.117345947716,0.4375,1487383.506131389
11861.220570791818,0.8333333333333334,369562.67365163885
8454.225458160252,0.625,646014.0625
3938.207757127773,0.5454545454545454,1418084.026983889
3026.503888627349,0.4375,1557296.007776389
6912.067418020837,0.6666666666666666,1354314.0625
8838.55622182714,0.4444444444444444,752556.25
4198.586728481962,0.5,1846201.5625
3823.671878365595,0.47058823529411764,1721562.672736389
3195.4773311831445,0.75,1304354.339516389
4537.732270536005,0.6923076923076923,1390434.0285638887
3774.9457650355243,0.38461538461538464,1760044.4453288887
2788.3848407837177,0.6363636363636364,1232100.0
3458.074216889831,0.42857142857142855,1327296.006176389
9106.131001732163,0.6,809250.173551139
5138.225645782895,0.4444444444444444,900126.5625
2568.6518188315194,0.8,1272196.0076963888
8999.011500246053,0.6666666666666666,446669.444399889
6938.327893196633,0.35714285714285715,1042951.5625
3754.6481993474154,0.7272727272727273,1223789.0625
4950.425236354776,0.6,1225633.506206389
4405.939967098235,0.5,1318669.443678889
7581.279923356096,0.8,1132450.6951538888
5170.406718620006,0.6666666666666666,1307211.110348889
5302.358706415754,0.38461538461538464,1604444.4452888889
4233.242071956887,0.375,1960000.0
6791.010420985689,0.42857142857142855,1161006.25
5776.168963190458,0.5,1104250.693743889
5368.145587900933,0.6363636363636364,1116544.4451488887
4619.173712786972,0.42857142857142855,1192646.006216389
8544.610814071339,0.7,1015896.0076163888
7311.007488684548,0.38461538461538464,992514.0625
3374.2337133408037,0.4117647058823529,2194101.5625
4706.178946844194,0.6666666666666666,1294854.3410363889
4790.050151347006,0.6,1246014.0625
4091.8850210737614,0.4666666666666667,1376711.110328889
11546.80670647792,0.7142857142857143,475525.17356513895
8072.9242777678555,0.7272727272727273,1186284.0285038888
8647.644953184754,0.4166666666666667,913617.361047389
2301.169400152553,0.6153846153846154,1372802.7785588887
4122.758303875291,0.5,1374756.25
2714.0892945580676,0.75,1415108.5061513889
8077.328760446216,0.3333333333333333,803264.0625
4682.112324132514,0.5833333333333334,1518029.339456389
5659.95187528477,0.5454545454545454,1144900.0
7315.443342879461,0.75,1414117.3619038889
3913.5471111330116,0.42857142857142855,1866639.0625
8200.798361670666,0.38461538461538464,956321.0070096388
5064.137590942381,0.5384615384615384,1444002.7785788889
2865.4280104951486,0.6666666666666666,1321541.839511389
3866.9355585069757,0.6666666666666666,1336914.0625
3933.0578856044185,0.6,1287279.339521389
3368.3091189141046,0.4666666666666667,1420069.4452388887
10102.777287773297,0.7142857142857143,501146.0069916388
4293.861104724523,0.6153846153846154,1408177.7785688888
4531.273866002918,0.3333333333333333,1895211.112028889
7991.918711112941,0.5,936056.25
3087.992478921127,0.3333333333333333,2280100.0
5622.801988839812,0.42857142857142855,1469146.006136389
4937.90002367614,0.45454545454545453,1311025.0
6235.595053670493,0.36363636363636365,997501.5625
3652.683794808656,0.6666666666666666,1387487.6743963887
8003.878238891674,0.5833333333333334,1249737.6743563889
4827.5265041814255,0.5,1433008.506146389
7260.734329842343,0.6666666666666666,737451.5625
5080.4652790268265,0.5833333333333334,1324417.3603438889
5026.6210250014965,0.4,1765576.5625
2758.179018503543,0.9,1246944.4451888888
8188.288756842695,0.625,520802.7778258888
4290.3658743713395,0.6153846153846154,1658729.3411363887
2842.9807478694115,0.5333333333333333,1633071.0077963888
2096.1095234881764,0.9090909090909091,1571889.0625
5832.410804256354,0.8181818181818182,1425039.0625
8309.039111227275,0.625,523211.111062889
2430.5578691270857,0.5,2104917.360143889
995.9788224464369,0.47058823529411764,2509584.028833889
2054.4391179102813,0.47058823529411764,1971684.0287138887
2771.2024918235684,0.6363636363636364,1525225.0
2285.1345505523614,0.75,1539667.3602838889
2096.291698191711,0.5333333333333333,1628814.0625
2821.531800791481,0.6923076923076923,1616076.5625
2307.170868441688,0.4444444444444444,2351111.110088889
4767.266336685943,0.5714285714285714,1526254.3411013887
3083.7965434419125,0.4444444444444444,1831511.110208889
6711.282000569762,0.7142857142857143,599334.0278293889
4296.580045866679,0.5833333333333334,1402250.6952338887
3986.386825031915,0.6428571428571429,1489416.8410913888
4560.6324365573255,0.38461538461538464,1665175.1744713888
6600.092581363955,0.7777777777777778,781014.0625
3242.8814327977575,0.8,1191736.1118388888
10253.516512798993,0.6666666666666666,399529.34023563896
7549.567865392945,0.7,1064336.1117988888
5041.350292010434,0.7777777777777778,868779.340215639
5743.866492738337,0.38461538461538464,1542771.006116389
6887.5247846240345,0.5,1161006.25
5315.1125250816785,0.375,1429021.0077413889
5848.4063996674195,0.6363636363636364,1065196.006256389
4964.654581073226,0.42857142857142855,1139556.25
7795.916358417492,0.4444444444444444,746784.0278353888
13297.732186691224,0.6666666666666666,340764.0625
9327.236186135375,0.7,966944.4443788889
5834.934052823791,0.625,854084.0278393888
5835.792585153879,0.38461538461538464,1564584.026943889
4693.825461590067,0.375,1915917.3620338887
6910.455964385735,0.5,1179939.0625
5477.221469015126,0.375,1450017.3619138887
4873.7798732960255,0.6363636363636364,1069500.6951338889
5943.3345803939455,0.6363636363636364,1083334.0270838889
5072.114413865351,0.42857142857142855,1158314.0625
4532.337158248629,0.8,1106879.339576389
9308.917735324894,0.7,984229.340211639
4662.064427067164,0.46153846153846156,1720469.4453188889
7793.01539998557,0.5,745344.444386889
3693.2525835915017,0.4375,2088025.0
5692.588240727196,0.5833333333333334,1315800.172846389
4283.423905864735,0.5,1292958.506186389
3258.13050193199,0.9,1238583.507686389
7563.441519793187,0.8,1108633.5076463888
5105.1773130124475,0.6666666666666666,1281612.672856389
5384.814432101474,0.0,14701.5625
4357.227062869677,0.35714285714285715,1733611.1119888888
6173.224906837539,0.7142857142857143,736736.1110538889
5464.477021909196,0.46153846153846156,1327296.006176389
3771.0938835531883,0.35294117647058826,1612900.0
3289.7728095777425,0.5833333333333334,1210000.0
4338.936539285993,0.5833333333333334,1224711.111848889
4587.944401908577,0.5,1177225.0
3550.54483583277,0.4,1304354.339516389
6048.931487684694,0.4,881251.5625
4695.743852339339,0.5384615384615384,1292958.506186389
1246.77263683985,0.5333333333333333,2598812.672536389
-220.59978179183963,0.5,3046479.3414413887
12798.338961953426,0.3333333333333333,316875.1736486388
2429.2188263139487,0.6428571428571429,2095256.25
745.956058491034,0.5,2450529.3413213887
192.76417833061004,0.7692307692307693,1947187.6745413889
1245.2709913222577,0.7272727272727273,1905550.1745313888
643.892008543322,0.9166666666666666,1997511.110168889
3697.7587264252907,0.8333333333333334,1831511.110208889
1549.9951525237018,0.7142857142857143,2052056.25
7955.478854026212,0.625,773666.840219139
3349.8616554371183,0.375,2041326.5625
4210.238051104387,0.375,1559376.5625
4395.1683021206045,0.6363636363636364,1178129.3410013888
3093.872196446373,0.8,1202677.7785088888
7342.595098228755,0.7,1074677.7784688887
7336.052542685985,0.5,655425.173557139
3578.068475605718,0.4375,2246251.5625
6029.143379671934,0.5833333333333334,1442000.693643889
4807.209354097901,0.4375,1739101.5625
3673.2644791323514,0.7272727272727273,1319626.5625
4653.763510376539,0.5,1418084.026983889
3327.3226194433373,0.9,1361111.1118888888
7649.648485948513,0.8,1224711.111848889
5266.024062817528,0.6666666666666666,1406200.693653889
10169.119002757669,0.625,556889.0625
2681.234401359195,0.5,2058029.339321389
1396.427816384509,0.47058823529411764,2458362.674656389
3825.346133779579,0.6153846153846154,1612900.0
2379.3389691332395,0.47058823529411764,1926312.6745363888
1649.9821282489816,0.75,1483321.0077563887
2988.7950492896084,0.6363636363636364,1485351.5625
2338.6009601144524,0.5333333333333333,1587600.0
1773.6496603249566,0.9090909090909091,1527284.026953889
5392.8275980094695,0.8181818181818182,1382584.026993889
3045.7342949575936,0.6923076923076923,1575025.0
5538.668070456791,0.7777777777777778,893812.6736741388
6128.440164142858,0.38461538461538464,1526254.3411013887
4854.91569758838,0.375,1873476.5625
5677.851365055684,0.375,1413126.5625
6810.790755444529,0.5,1039550.172931389
8298.220918338235,0.4444444444444444,735306.25
4912.593674681199,0.8,1074677.7784688887
9846.386642707115,0.7,953877.7778428888
10383.430051787123,0.5,25867.361100388887
7783.450268347413,0.75,679937.673556139
4356.074580554108,0.42857142857142855,1839414.0625
3164.516612417479,0.4117647058823529,2218858.505951389
5381.5817502550435,0.5384615384615384,1420069.4452388887
3979.159684128057,0.4117647058823529,1715008.506071389
3350.847346033968,0.6666666666666666,1298650.172851389
4836.473852399768,0.5454545454545454,1300550.1743713887
4334.3980936564885,0.6,1264687.672861389
3711.983800844912,0.4666666666666667,1396336.1118988888
3266.3060575538134,0.8181818181818182,1339806.25
7461.4620402668825,0.7272727272727273,1204506.25
4704.870083730764,0.6153846153846154,1384544.445228889
3441.4129569980505,0.46153846153846156,1813511.1120088887
8708.366394975495,0.6666666666666666,695834.0278333888
2221.2350483868936,0.4375,2190400.0
4669.696969855611,0.5833333333333334,1397321.006156389
2414.762546741031,0.7272727272727273,1276900.0
3710.0408672442236,0.6,1278784.027023889
3197.949306296831,0.5,1373779.339496389
4720.22595369096,0.5555555555555556,938476.5625
2327.0286333960835,0.9,1317712.6743763888
8687.74212039045,0.8333333333333334,473802.777731889
13778.415582984062,1.0,37056.25
3757.7556020586267,0.5,1926312.6745363888
4881.144135664297,0.6153846153846154,1496544.443628889
2732.427549294866,0.75,1371826.5625
8567.298798769083,0.625,628716.8403306388
4165.70713172559,0.6363636363636364,1373779.339496389
3664.9813412220565,0.7,1336914.0625
3295.8156256988714,0.5333333333333333,1472177.776968889
5157.0412343398975,0.6,1020100.0
7740.281182349854,0.75,614264.0625
4380.276648458118,0.42857142857142855,1951841.839346389
3184.976884583383,0.4117647058823529,2342175.174631389
5559.569750185858,0.5384615384615384,1519056.25
4179.660110748986,0.4117647058823529,1823625.1745113889
3994.4446498593325,0.4666666666666667,1494506.25
5879.617892468651,0.5,1038700.6951238888
3257.86053762184,0.8181818181818182,1436002.776978889
4819.545258753952,0.6153846153846154,1482306.25
9766.285713541616,0.5,68906.25
7690.927377544135,0.6666666666666666,491751.5625
3249.143605856707,0.42857142857142855,2125521.0079163886
1995.8830765463047,0.4117647058823529,2532076.5625
4489.563087956273,0.5384615384615384,1672711.110248889
3078.9529287475266,0.4117647058823529,1991626.5625
2208.6161920670343,0.6666666666666666,1540701.5625
3528.7427935411465,0.5454545454545454,1542771.006116389
3151.4884658260303,0.6666666666666666,1557296.007776389
3023.639819177438,0.4666666666666667,1646944.443588889
4429.10770177212,0.5,1166400.0
8352.536499070977,0.7142857142857143,639333.506891139
6037.708089038458,0.7272727272727273,1438000.6952438888
3684.9698350020362,0.6153846153846154,1634136.110258889
3981.1325730108015,0.8,481289.0625
3236.9924783988063,0.4,2147446.007921389
1845.6370779605795,0.3888888888888889,2556001.5625
4422.906641308284,0.5,1692167.360243889
2791.843335998799,0.3888888888888889,2012851.5625
2152.7833962965647,0.6153846153846154,1559376.5625
3706.9613553400663,0.5,1561458.506111389
3134.7636577110225,0.6153846153846154,1576071.0077813887
6269.235645675972,0.5555555555555556,959583.506879139
2730.506206810649,0.4375,1666250.693583889
4541.642360333503,0.45454545454545453,1182656.25
2391.5641471303506,0.75,1604444.4452888889
7917.525168560389,0.5,668306.25
9153.692997576161,0.625,651383.506890639
6284.31725869343,0.6666666666666666,1456044.4452488888
3587.484905090851,0.5714285714285714,1653367.3602538889
11728.701558656461,0.4,283556.25
742.9591680620057,0.5333333333333333,2646044.4455288886
-834.082564540558,0.5,3097600.0
106.42976862014272,0.5,2496400.0
-337.1260769448586,0.7692307692307693,1988100.0
516.5897387002213,0.7692307692307693,2006944.4453888887
296.87509061278854,0.5625,2108546.005976389
1479.4324605491195,0.6363636363636364,1559376.5625
4971.089787384588,0.875,937669.4443798889
3193.752339477094,0.8333333333333334,1871196.0078563888
5704.493432944215,0.5,942517.361046389
0.0,0.0,2500.0
5780.1572559109445,0.38461538461538464,1551062.6744413888
4577.915313663313,0.375,1900951.5625
6896.2241492586445,0.5,1168200.693723889
5377.559541713611,0.375,1437001.5625
6388.54646814018,0.5,1060041.839591389
5885.99599328443,0.6363636363636364,1072087.674301389
5742.396054707498,0.5555555555555556,1027689.0625
7822.439373759811,0.4444444444444444,752556.25
4529.8943925443755,0.8,1095511.1118088888
9320.485747240205,0.7,973511.1111768888
6227.727449848961,0.5833333333333334,1136000.693733889
3871.9262263789933,0.3333333333333333,34844.444456888894
7305.1293130630775,0.5,695834.0278333888
4384.22071401243,0.4,1910154.339356389
2962.219556495872,0.3888888888888889,2296487.674621389
5457.568697536933,0.5,1482306.25
3703.2045430445787,0.3888888888888889,1783337.6745013888
3295.4081742024027,0.6153846153846154,1358196.0077213887
5052.676534879931,0.5,1360139.0625
4345.233442191668,0.6153846153846154,1373779.339496389
4762.186368989046,0.5454545454545454,1323458.5077113889
6043.310077589952,0.45454545454545453,1008350.6951138888
3504.1539167445494,0.75,1400277.776988889
11216.700098906342,0.625,523814.0625
7793.512559779668,0.6666666666666666,1261877.777028889
4161.160217861933,0.3333333333333333,1871196.0078563888
2629.4463156671322,0.3333333333333333,2253751.5625
5323.430479456959,0.42857142857142855,1448011.110308889
3418.4874664536865,0.3333333333333333,1745701.5625
4866.604844277387,0.4166666666666667,1327296.006176389
4107.141587121812,0.5384615384615384,1340771.007716389
5823.487900701391,0.36363636363636365,980100.0
11358.936452963939,0.5,503508.50689713896
4465.588991682378,0.5,1412136.110318889
2249.145194000979,0.5333333333333333,2285136.1121188886
8547.167618107613,0.3,496437.67356413894
916.0044891507592,0.5,2706025.0
3344.9341415573845,0.6428571428571429,1814633.506046389
1839.8415164505338,0.5,2146225.0
2598.368786016189,0.6666666666666666,1679184.026913889
2101.3326132261477,0.7692307692307693,1694336.1119788887
2264.1855678790744,0.7272727272727273,1638400.0
1478.985657143549,0.9166666666666666,1723750.1744863887
4913.782388200648,0.8333333333333334,1569800.1744463888
6408.7856454728235,0.4166666666666667,825069.444383889
4790.001777671636,0.46153846153846156,1710646.0078163887
3837.18610463404,0.4375,2077201.5625
5804.226778029477,0.5833333333333334,1307211.110348889
4739.001086248848,0.4375,1590751.5625
3853.027818771078,0.7272727272727273,1190826.5625
4813.316429685518,0.7272727272727273,1205421.0076763888
6377.601689404362,0.5555555555555556,864900.0
3363.655555421803,0.9,1230250.6951838888
10230.28732551512,0.8333333333333334,421958.5069011389
7710.602490827076,0.8,1100750.6951438887
5230.658826357019,0.6666666666666666,1273136.110358889
7814.442726160501,0.45454545454545453,702104.3403336388
3351.596874071983,0.42857142857142855,1899802.776858889
2036.014583963822,0.4117647058823529,2285136.1121188886
4486.389716112713,0.5384615384615384,1473189.0625
2957.45913496294,0.4117647058823529,1773336.111998889
2301.1438692606844,0.6666666666666666,1349469.4452188888
3784.305913918189,0.5454545454545454,1351406.25
2415.1269123032216,0.8181818181818182,1391416.839491389
3710.388789709454,0.6153846153846154,1437001.5625
0.0,1.0,4444.444444888889
8768.968750029419,0.42857142857142855,563750.6943943889
3968.407762681746,0.4375,1947187.6745413889
6138.068595539531,0.5833333333333334,1204506.25
4764.343173261982,0.4375,1477237.674421389
4125.15527889623,0.7272727272727273,1092896.0076413888
5596.3074709635075,0.6,1094639.0625
5152.671426270006,0.7272727272727273,1106879.339576389
4935.469082453978,0.6666666666666666,1061758.5076313887
4402.88912334946,0.5,1182656.25
11682.796669347501,0.8333333333333334,364514.0625
8373.329466460244,0.8,1006677.777108889
6634.089484307577,0.6,301584.02781438886
2967.777693705088,0.4,2142564.0625
1177.2225893709287,0.3888888888888889,2550675.172546389
4562.106390900759,0.5,1687834.028643889
2352.712149297418,0.3888888888888889,2008125.172666389
1665.5061871930354,0.6153846153846154,1555216.8394463889
3560.037019104184,0.5,1557296.007776389
2819.5202199171354,0.6153846153846154,1571889.0625
2470.288175521711,0.4375,1661950.6953038888
2230.3083590971382,0.75,1600225.0
10370.249444941433,0.625,648696.0069981389
6561.626504210021,0.6666666666666666,1452025.0
12343.508139991418,0.8,288458.5069086389
3416.9765685580255,0.5714285714285714,1649084.0286338888
16282.666664041377,0.6,235225.0
1937.207497241093,0.4,2334529.341296389
657.0098057940935,0.3888888888888889,2759751.5625
2958.984737016701,0.5,1858677.776868889
1547.8684368141178,0.3888888888888889,2194101.5625
945.4509509164702,0.6153846153846154,1719376.5625
2236.1365820188053,0.5,1721562.672736389
1780.5738813473456,0.6153846153846154,1736904.3411563889
6058.234708819317,0.7,971046.0070101388
1897.9188211954383,0.5454545454545454,1680264.0625
1546.9576153488115,0.4375,1831511.110208889
1188.881878635729,0.75,1766684.0286638888
6302.476710637595,0.625,756175.173553139
4414.181172992574,0.6666666666666666,1610784.0286238887
5220.413396855498,0.625,928814.0625
2219.0766469570945,0.5714285714285714,1818002.776878889
3719.9762598339967,0.46153846153846156,1810146.0078413887
2549.9160794820577,0.4375,2186701.5625
11082.710646309868,0.42857142857142855,445556.25
4937.978719865973,0.5833333333333334,1394367.360323889
3624.3313289610064,0.4375,1686751.5625
2708.517675091912,0.7272727272727273,1274076.5625
3978.1620096299557,0.6,1275958.506191389
3667.4916109186515,0.7272727272727273,1289171.0077013888
3496.8509955886684,0.5,1370850.693663889
2540.1557054563655,0.9,1314844.4452088887
8980.554592080878,0.8333333333333334,472083.50689863897
4192.208859865684,0.6666666666666666,1359167.360333889
1673.1739552451097,1.0,90500.69442438889
2017.5108595671666,0.5333333333333333,2238764.0625
8043.323935216848,0.8333333333333334,484184.027731389
729.5921353764658,0.5,2655541.839191389
3008.2157852686864,0.6428571428571429,1773336.111998889
1583.8628506635546,0.5,2101291.839311389
1019.1977511366329,0.7692307692307693,1637333.5060913889
1864.940077547332,0.7692307692307693,1654439.0625
2047.1538570783473,0.7272727272727273,1599171.006101389
1559.7710550404406,0.5625,1746802.7786588888
6591.156945205533,0.875,702104.3403336388
4566.197209970308,0.8333333333333334,1531406.25
2279.7266210170237,0.7142857142857143,1733611.1119888888
5210.961777747893,0.875,777336.1111698888
4869.495076913363,0.46153846153846156,1717191.8411513888
3932.7861824670713,0.4375,2084414.0625
5888.693389011066,0.5833333333333334,1312934.027013889
4845.705109238289,0.4375,1597064.0625
3936.219510729034,0.7272727272727273,1196289.0625
5150.323654791999,0.6,1198112.672881389
4897.105559397656,0.7272727272727273,1210916.8410113887
4306.782961218788,0.6666666666666666,1163701.5625
4487.014936562365,0.5,1290117.360353889
10290.816564395278,0.8333333333333334,425212.67356763897
7787.030064873301,0.8,1106002.7784788888
5319.383997978588,0.6666666666666666,1278784.027023889
739.672432340436,0.5333333333333333,2652826.5625
7881.631026810778,0.8333333333333334,317344.444406889
-840.2139913818052,0.5,3104937.672436389
1946.9097544010951,0.6428571428571429,2143784.028753889
101.35793546607492,0.5,2502987.672556389
-341.8651203546016,0.7692307692307693,1993979.339336389
1055.2216097016917,0.6666666666666666,1996333.5078863888
512.786515628589,0.7692307692307693,2012851.5625
850.1169759378939,0.7272727272727273,1951841.839346389
292.8056782981787,0.5625,2114600.695413889
1475.4023479645193,0.6363636363636364,1564584.026943889
4966.321804904127,0.875,941708.5070091388
3191.5412656453136,0.8333333333333334,1876900.0
1015.6699044904767,0.7142857142857143,2100084.0287438887
5644.073596737068,0.875,786177.7778368888
0.0,1.0,12100.0
4338.751715350182,0.46153846153846156,1704112.6744813889
3310.086380311122,0.4375,2070001.5625
5362.953040557923,0.5833333333333334,1301500.693683889
4205.664784631145,0.4375,1584451.5625
3381.823264546944,0.7272727272727273,1185376.5625
4646.965545481324,0.6,1187191.839551389
4334.975006720538,0.7272727272727273,1199937.6743413887
3901.907937781993,0.6666666666666666,1152939.0625
3907.5633055812864,0.5,1278784.027023889
5852.518257357053,0.5555555555555556,860256.25
9760.350460906879,0.8333333333333334,418716.84023463895
7239.76909250328,0.8,1095511.1118088888
4754.255965804539,0.6666666666666666,1267500.693693889
2613.031920045963,1.0,920000.6945083888
6208.914409002683,0.38461538461538464,1520083.5077663888
4914.75841362553,0.375,1866639.0625
7419.224187271047,0.5,1141336.110398889
5746.029791258298,0.375,1407189.0625
5218.998138850333,0.6363636363636364,1032764.0625
6910.296509399756,0.5,1034458.5062663889
6351.149091189974,0.6363636363636364,1046358.5076263888
6291.234699807619,0.5555555555555556,1002501.5625
5400.789584361295,0.42857142857142855,1120069.443738889
8410.000832572001,0.4444444444444444,731025.0
14331.033055631578,0.6666666666666666,330146.00690613897
9973.17800405404,0.7,949000.6945093888
6697.312386425819,0.5833333333333334,1109511.110408889
3311.276326535406,0.5,2062814.0625
20493.732414866965,0.6666666666666666,87764.0625
2207.6356811688747,0.47058823529411764,2463591.839231389
4365.692901596905,0.6153846153846154,1617136.1119588888
3167.6975761368035,0.47058823529411764,1930941.839351389
2335.5939937428184,0.75,1487383.506131389
3561.176735764494,0.6363636363636364,1489416.8410913888
3227.265166925185,0.75,1503689.0625
2966.803456024756,0.7,1451021.006141389
3015.8972402056647,0.5333333333333333,1591802.7786188887
4495.111138593883,0.6,1120069.443738889
2212.758755946777,0.9090909090909091,1531406.25
5946.747500763917,0.8181818181818182,1386506.25
9155.513200287072,0.7777777777777778,877344.4445068887
3689.749292611069,0.6923076923076923,1579211.1119488887
2285.96037564922,0.4666666666666667,2225069.445438889
571.4649918893401,0.4444444444444444,2640625.0
3763.094233530466,0.5714285714285714,1761150.172726389
1680.6070858230219,0.4444444444444444,2088025.0
1029.555243618726,0.6923076923076923,1625625.0
2794.4402791860866,0.5833333333333334,1627750.693593889
2105.548563817748,0.6923076923076923,1642669.4452988887
2544.2056664249208,0.6363636363636364,1587600.0
1804.753203238651,0.5,1734708.506066389
3487.7703367631834,0.5454545454545454,1240439.0625
1593.280078518835,0.8333333333333334,1671633.507806389
5577.055547350973,0.75,1520083.5077663888
2679.906993448525,0.6428571428571429,1721562.672736389
9998.102424983688,0.875,741034.027720389
0.0,0.0,5750.694443938889
5073.401547822184,0.38461538461538464,1616076.5625
4007.1179209961965,0.375,1972854.339341389
6076.934263644018,0.5,1224711.111848889
4803.148409907859,0.375,1499604.339461389
4115.299525146622,0.6363636363636364,1112146.006241389
5520.891675077092,0.5,1113904.3409813887
5122.890570751845,0.6363636363636364,1126251.5625
4816.202065148106,0.5555555555555556,1080733.506251389
4420.088989028332,0.42857142857142855,1202677.7785088888
6849.79263960933,0.4444444444444444,798044.444384889
3751.9981910715155,0.8,1150256.25
11341.462580757794,0.6666666666666666,375666.84031863883
5478.594590967595,0.5833333333333334,1191736.1118388888
12913.994638541502,0.7142857142857143,420336.11106788897
4982.890172779247,1.0,83136.11109188889
3021.778584188471,0.5,2201514.0625
1775.6837940414055,0.47058823529411764,2614958.505866389
4268.194413993766,0.6153846153846154,1740200.6953238887
2879.281875662625,0.47058823529411764,2065208.505986389
1984.0905689688327,0.75,1605500.172766389
3252.8551984455726,0.6363636363636364,1607612.6744563887
2907.4491571618337,0.75,1622439.0625
2675.2348271928286,0.7,1567712.672776389
2846.406370020618,0.5333333333333333,1713917.3619838888
4112.764514566431,0.6,1222867.3603738889
2010.9682777938112,0.9090909090909091,1651225.0
7780.606910752541,0.8571428571428571,681312.6736661388
3458.8346082099733,0.6923076923076923,1700850.6953138888
11448.63064878802,0.7142857142857143,571284.027727389
4278.770888726929,0.5,1894064.0625
3221.931153193063,0.47058823529411764,2278841.839271389
5212.979882502865,0.6153846153846154,1468136.1119188888
4018.1665854081803,0.47058823529411764,1767791.839391389
3313.7873277734716,0.75,1344633.506171389
4665.188401953399,0.6363636363636364,1346566.8410513888
4253.776887596679,0.75,1360139.0625
4087.976795207538,0.7,1310071.006181389
3701.43178497385,0.5333333333333333,1444002.7785788889
5762.3010341575755,0.6,996669.444377889
3088.672662491178,0.9090909090909091,1386506.25
9684.204156798727,0.8571428571428571,515404.3403256388
4613.827484211142,0.6923076923076923,1432011.111908889
9529.576996986432,0.75,751111.1111688887
0.0,1.0,4900.0
5392.365980556374,0.46153846153846156,1601279.3411213888
4325.255946596746,0.4375,1956501.5625
6403.849574215525,0.5833333333333334,1211834.027043889
5108.568180524299,0.4375,1485351.5625
4438.983292246581,0.7272727272727273,1099876.5625
5873.998874035664,0.6,1101625.172911389
5464.493649207716,0.7272727272727273,1113904.3409813887
5160.65836995994,0.6666666666666666,1068639.0625
4700.283659046284,0.5,1189917.360383889
7258.042842906769,0.5555555555555556,787656.25
4050.788817924993,0.9,1137777.7784888889
11910.734864511682,0.8333333333333334,368550.17357063893
5808.507479919644,0.6666666666666666,1179034.027053889
19737.500929833044,0.6666666666666666,103469.4444658889
9499.24042199305,0.8333333333333334,378225.0
3508.143148097394,0.4666666666666667,2301541.839266389
1996.2277909466936,0.4444444444444444,2723875.1747113885
4949.122759713389,0.5714285714285714,1829256.25
3150.2528482843977,0.4444444444444444,2162125.1745913886
2349.865098527689,0.6923076923076923,1691083.5078113887
3968.04412536991,0.5833333333333334,1693251.5625
3403.8526288096723,0.6923076923076923,1708466.839406389
3572.6067689645697,0.6363636363636364,1652296.0078013889
3175.4081767323164,0.5,1802306.25
4837.335232181754,0.5454545454545454,1297700.6952038887
2639.5382053342864,0.8333333333333334,1738002.776898889
9870.93640709143,0.75,737451.5625
3970.081030677551,0.6428571428571429,1788906.25
7849.074080755295,0.5555555555555556,524417.3611593888
1126.2857145560229,1.0,85069.4444638889
3679.4371866527154,0.5,2211416.839286389
2580.4670579875765,0.47058823529411764,2625750.174691389
4902.222845348325,0.6153846153846154,1749006.25
3717.9651813695846,0.47058823529411764,2074800.1745713889
2680.0746287517463,0.75,1613958.5077913888
3853.660219578045,0.6363636363636364,1616076.5625
3599.426502539208,0.75,1630941.839426389
3145.166881683421,0.7,1576071.0077813887
3606.5357145763965,0.5333333333333333,1722656.25
4836.871158017151,0.6,1230250.6951838888
2493.1108028696617,0.9090909090909091,1659802.776918889
8308.8942266322,0.8571428571428571,686826.5625
6333.8614094207705,0.8181818181818182,1508802.776958889
17734.545453179802,0.5,24284.027767388885
8355.477260010242,0.6666666666666666,739600.0
3853.195819038757,0.42857142857142855,1825876.5625
2477.6034193321384,0.4117647058823529,2203987.672621389
5033.871141758826,0.5384615384615384,1408177.7785688888
3388.006573114948,0.4117647058823529,1701937.672741389
2779.0458325734107,0.6666666666666666,1287279.339521389
4378.378869622299,0.5454545454545454,1289171.0077013888
3802.5817980476736,0.6666666666666666,1302451.5625
3964.5335498358536,0.6,1253466.839531389
3253.213221720764,0.4666666666666667,1384544.445228889
5374.528742437909,0.5,947377.777712889
2912.963095609237,0.8181818181818182,1328256.25
10342.680702763195,0.7142857142857143,480133.5069906388
7089.954147292911,0.7272727272727273,1193556.25
8174.613876437792,0.625,678564.0625
5848.243472193603,0.6666666666666666,36896.00693163888
3708.87678299904,0.4666666666666667,1925156.25
2250.481897143268,0.4444444444444444,2312934.026763889
4808.074482558091,0.5714285714285714,1495525.1744263887
3035.7323759259302,0.4444444444444444,1797834.026883889
2600.604493162164,0.6923076923076923,1370850.693663889
4333.807967374156,0.5833333333333334,1372802.7785588887
3630.6208134127514,0.6923076923076923,1386506.25
4072.4944585587746,0.6363636363636364,1335950.693673889
2887.6719633258376,0.5,1471166.8410863888
5226.037491975359,0.5454545454545454,1019258.506271389
2892.066051384826,0.8333333333333334,1413126.5625
10318.442591771141,0.75,531684.0278263888
7023.580742000098,0.75,1274076.5625
8180.522927478476,0.6,787656.25
0.0,1.0,16469.444435888887
4362.272467340195,0.46153846153846156,1752314.0625
3344.880753141834,0.4375,2123091.839306389
5450.910838847628,0.5833333333333334,1343667.3618838887
4323.204598191174,0.4375,1630941.839426389
3403.6189911767688,0.7272727272727273,1225633.506206389
4623.218027512604,0.6,1227479.3410163887
4355.8940007928995,0.7272727272727273,1240439.0625
3829.088859140786,0.6666666666666666,1192646.006216389
4059.0564164259854,0.5,1320584.0285438888
5831.455882018515,0.5555555555555556,894600.694381389
3017.569074481816,0.9,1265625.0
9645.471761876332,0.8333333333333334,442779.3403221388
7226.14121605764,0.8,1134225.0
9621.677780897639,0.75,589696.0069956388
10279.14681937114,0.3333333333333333,61462.67362763889
3296.3590189953984,0.4,2083211.110148889
1975.910503404828,0.3888888888888889,2485877.7788288887
4350.07968236956,0.5,1635201.5625
2814.601127397437,0.3888888888888889,1950677.7787088887
2246.6618018673576,0.6153846153846154,1504711.1119288888
3774.9682763885435,0.5,1506756.25
3201.046207508202,0.6153846153846154,1521111.110288889
3441.345167932075,0.5454545454545454,1468136.1119188888
2684.132837285942,0.4375,1609726.5625
4617.944677410111,0.45454545454545453,1135112.6743213888
2431.578882201907,0.75,1548987.672781389
9007.601422599175,0.625,616225.0
6277.871967593437,0.6666666666666666,1403237.672821389
6445.533490611943,0.6363636363636364,1031917.360433889
14297.309052771032,0.8333333333333334,327756.25
7194.81440776683,0.75,812251.5625
12890.759224217554,0.6666666666666666,352044.44440488896
9238.473500059892,0.5714285714285714,351056.25
7943.477600234991,0.6666666666666666,951437.6736761387
5631.674888333853,0.75,1739101.5625
4118.482401055894,0.5454545454545454,1439000.172811389
3293.0803616465987,0.5833333333333334,1854136.1120188888
2755.3455580939617,0.6363636363636364,1811267.360213889
3070.3327921265827,0.4666666666666667,2488506.25
2955.422369403593,0.6923076923076923,1870056.25
2063.7502662429665,0.8333333333333334,1900951.5625
2885.777645935155,0.5,1968175.1745463887
4461.583392695579,0.5,232806.25
3294.1215153434187,0.5454545454545454,1518029.339456389
13014.836695133688,0.6666666666666666,351056.25
7216.654412494253,0.5714285714285714,652729.3403316388
10658.64329422137,0.7142857142857143,502326.5625
4404.4341638534725,0.8,471511.11115688883
11141.370297670908,0.5,509439.0625
9781.333332608789,0.5,72900.0
4422.0634913805325,0.6363636363636364,1277841.8410313888
2604.5484916483806,0.8461538461538461,2159675.172631389
2039.8462587702275,0.6363636363636364,1523167.3619338889
1045.114459929552,0.7692307692307693,1965837.672676389
877.7618081224614,0.5625,2066406.25
2232.593040733078,0.8181818181818182,1585500.6952838888
9108.30155541125,0.5714285714285714,323002.77773988893
4426.11091414731,0.7692307692307693,1915917.3620338887
11894.11947572172,0.8333333333333334,372100.0
10852.442789916457,0.375,640000.0
6949.579230063718,0.6666666666666666,869556.25
5291.848130559613,0.6666666666666666,1585500.6952838888
9087.265395524122,0.6,385434.02773638896
10493.1157201081,0.5555555555555556,622784.0278303889
3883.589098833535,0.5333333333333333,2068802.776818889
5437.3475330969795,0.42857142857142855,1464100.0
9281.857482440404,0.5,198767.3610813889
10292.991423065947,0.8571428571428571,616225.0
4266.42585900884,0.6923076923076923,2056834.0287338889
6320.848288515944,0.5555555555555556,985056.25
4181.596953180459,0.6666666666666666,1296751.5625
5470.111149438199,0.6666666666666666,1418084.026983889
4859.27286174496,0.7272727272727273,1346566.8410513888
4877.240846646675,0.5,1430017.3603138889
3847.8220295785122,0.7272727272727273,1331139.0625
3756.734113283327,0.4375,2261264.0625
7636.623259474876,0.8571428571428571,602564.0625
9076.134862129886,0.7142857142857143,498789.0625
14101.644914071689,0.6666666666666666,333025.17357263895
10355.044888568047,0.8,297479.34031413886
11258.187897795746,0.625,544521.0069936388
13341.142982060228,0.75,155367.36113738889
7785.042448603406,0.6666666666666666,790617.3611703888
2865.876266455868,0.8333333333333334,1761150.172726389
3048.788730799265,0.6666666666666666,1243225.0
3898.7475236405094,0.6666666666666666,1362083.506166389
3291.9082321966885,0.4375,1690000.0
3002.940131513141,0.6363636363636364,1250669.4436988889
2356.512462397431,0.6666666666666666,1639466.8411313887
13187.954889951096,0.6666666666666666,344666.8402386389
7375.346225724758,0.5555555555555556,614917.3611633888
11004.503839065183,0.5555555555555556,598689.0625
7100.1682393094525,0.8333333333333334,374136.11115188885
11030.284045809805,0.4444444444444444,576966.840227139
5562.0980631057755,0.5333333333333333,1679184.026913889
4617.971515067203,0.45454545454545453,1291064.0625
3346.1383373374106,0.6666666666666666,1366950.6952238888
3025.3198818489723,0.5384615384615384,1325376.5625
10014.549704925126,0.8333333333333334,441671.006900139
6226.648029274987,0.5555555555555556,893025.0
4102.755823405959,0.6666666666666666,1190826.5625
4698.066961658747,0.46153846153846156,1750108.5078263888
4712.258589864148,0.7272727272727273,1238583.507686389
3274.2900731018303,0.9,1263750.6951938889
3736.527183492227,0.4375,2120664.0625
9308.841542370446,0.8333333333333334,431758.506900639
10761.09077444479,0.5714285714285714,362002.7778178888
5858.266214676299,0.875,835700.6945053888
8643.075245725333,0.4,119889.0625
5438.044764491218,0.875,832656.25
2266.04385235433,0.8461538461538461,2100084.0287438887
3715.748176330842,0.6153846153846154,1654439.0625
3523.8447753085525,0.6,1151150.1743263889
2358.4616884699935,0.7,1486367.3619238888
1608.2193406861,0.9090909090909091,1567712.672776389
9473.744772310481,0.7142857142857143,489416.840231139
11747.328379066195,0.36363636363636365,842571.0070056388
5853.684978792547,0.6666666666666666,898546.0070076388
5777.215744852583,0.7272727272727273,1404225.0
12697.205675187171,0.4,724626.5625
9009.124231217058,0.625,587139.0625
5429.199233186271,0.6666666666666666,1566669.4452788888
6487.318586750884,0.5,1204506.25
15458.817143187227,0.5,482446.00689813896
7894.004183754032,0.5555555555555556,733164.0625
4686.7507152873495,0.6153846153846154,1800069.4453388888
5168.679042377773,0.42857142857142855,1572934.028613889
6320.405872618594,0.4,949000.6945093888
14672.901605409455,0.6,211983.5069751389
9016.386588868394,0.6,871889.0625
4806.436989610383,0.6428571428571429,2014034.0287238888
5635.9800926744965,0.4666666666666667,1773336.111998889
4713.537117179621,0.38461538461538464,1460069.443638889
5478.474041125877,0.5,1473189.0625
5119.607465616639,0.5454545454545454,1435004.3410763887
5297.370543774885,0.5714285714285714,1562500.0
4801.708048014897,0.4,2043708.505991389
4275.258467061641,0.4375,1575025.0
4304.0585794922035,0.3888888888888889,1912458.507866389
3626.111706609062,0.6153846153846154,1471166.8410863888
7515.98961792235,0.75,1707377.7786488887
4963.764566266756,0.6666666666666666,2062814.0625
4824.730724604524,0.6666666666666666,849469.4445058889
3190.256864637723,0.7142857142857143,2594784.026703889
3941.99658228604,0.7,1305306.25
3154.590443111564,0.8,1204506.25
8119.284628739001,0.6666666666666666,592258.506893139
3469.1219714610415,0.6470588235294118,2372883.5079713888
9135.524389553913,0.6666666666666666,857167.361049389
6408.411471423245,0.75,999166.840211139
4859.558994934526,0.6428571428571429,1660876.5625
6162.2095663966875,0.5,95584.0277983889
8385.030365855038,0.5714285714285714,824312.6736716388
6318.369348785208,0.5,1161006.25
3868.930638143994,0.7777777777777778,800279.340218139
9097.755545037926,0.5,907256.25
5625.267297870131,0.6153846153846154,1587600.0
7629.930245325269,0.5555555555555556,692362.673555639
3887.3732989008618,0.7272727272727273,1555216.8394463889
2452.187311098843,0.8181818181818182,1760044.4453288887
5961.9466262416445,0.5555555555555556,781014.0625
7320.864447533745,0.5833333333333334,1232100.0
4558.962657617771,0.6428571428571429,1609726.5625
9878.177854240139,0.5,756175.173553139
6900.719336468339,0.7272727272727273,1213669.4451788887
5093.125797546163,0.6666666666666666,798044.444384889
6307.83229469377,0.6153846153846154,1330177.777008889
5321.269406735857,1.0,782487.673552139
7922.84910288065,0.7,1382584.026993889
4371.765873985893,0.7,1142226.5625
7602.500817559228,0.625,709104.340221639
3268.606458394476,0.6923076923076923,1903250.172691389
4568.389263513271,0.6363636363636364,1156521.0076613887
7708.1416895642815,0.5454545454545454,863350.6945063887
9369.644099973964,0.5,890664.0625
3664.0850903632218,0.5833333333333334,1458056.25
6736.385267847594,0.625,582041.8403286388
4218.4543244370325,0.6666666666666666,994175.173544639
5687.014954991762,1.0,579501.5625
2658.3048897929743,0.8888888888888888,1179034.027053889
-294.45607181880087,0.8461538461538461,2405084.026743889
5944.353392224178,0.875,943326.5625
6329.805091113041,0.5714285714285714,621469.4443918889
784.6085196612818,0.625,2646044.4455288886
9204.212501218528,0.5,272571.00690963893
8256.691489403156,0.8571428571428571,786916.840218639
8213.654696056345,0.8,433951.5625
6740.252954668882,0.5714285714285714,723917.3610543889
2532.7760927161335,0.5,1694336.1119788887
5718.58855437645,0.6,754726.5625
9738.0113981095,0.5,810750.1736711388
5629.238899770347,0.7,906462.6735476389
4581.511571310822,0.6923076923076923,1762256.25
4732.932372973307,0.75,1537600.0
4871.047521167867,0.7272727272727273,1129791.8409863887
2631.6267255105367,0.6,1917071.006021389
7229.2493520400185,0.7272727272727273,1170002.7784988887
5274.506773359546,0.6666666666666666,1486367.3619238888
4547.36101780316,0.8181818181818182,1463091.839471389
1069.2160131225266,0.7692307692307693,2098876.5625
2891.8799940386284,0.7333333333333333,2251250.1746113887
6957.499289710855,0.75,804011.1111708888
2654.9865401109387,0.75,1596011.110268889
2851.0260769832976,0.7272727272727273,1524196.0061213889
5117.629194630793,0.875,804011.1111708888
4918.888532644924,0.6666666666666666,984229.340211639
6233.1545314956775,0.5,1318669.443678889
3306.2902463499718,0.875,825826.5625
7706.318789139899,0.75,794326.5625
9808.936581836264,0.6666666666666666,1001667.3604438889
9132.77027540921,0.5,936862.6736756387
2401.278560708446,0.6470588235294118,2786117.3622238887
4031.572502230539,0.6666666666666666,1710646.0078163887
4380.095027895789,0.5333333333333333,1810146.0078413887
8364.513246557224,0.6666666666666666,956321.0070096388
1755.81541706946,0.8333333333333334,2060421.0079013887
11645.899923271581,0.4444444444444444,723208.5070011388
6405.161612903859,0.7,1154729.339561389
7751.282851530441,0.5384615384615384,1236729.3395363889
6135.067314554053,0.6363636363636364,1467126.5625
7334.008176651331,0.75,749667.361053389
9049.852512393963,0.7142857142857143,483604.3403241388
5491.92720941169,0.9,1325376.5625
4329.568541359052,0.6,1017576.5625
2662.0112818099315,0.6666666666666666,2235025.0
7686.656311830049,0.875,871889.0625
6680.746808773049,0.625,794326.5625
9657.372455022085,0.5454545454545454,1009187.6729413889
2241.543444703912,0.8461538461538461,1972854.339341389
3055.299678148772,0.6666666666666666,1466117.360303889
5467.503906865217,0.5833333333333334,1773336.111998889
3747.623255511762,0.6923076923076923,1544841.8411063887
8239.191271818956,0.4166666666666667,1368900.0
7062.633044361036,0.625,626076.5625
6573.909344161292,0.625,816764.0625
574.8911488271834,0.7692307692307693,2170711.110128889
3413.358613108766,0.8,1594958.5077863887
5111.227367253465,0.8888888888888888,1225633.506206389
6217.572361520359,0.5,674451.5625
7607.207053603232,0.75,763439.0625
7435.524982764461,0.5,1225633.506206389
3062.493902343676,0.625,2273812.674616389
8219.95566420585,0.6666666666666666,1000000.0
4921.716866297886,0.7142857142857143,625417.361058389
8178.332769187751,1.0,255867.3610773889
2252.438072958652,0.75,2002225.0
3927.518562763988,0.5,1976367.360173889
10928.890909476111,0.8,433402.77773388894
10199.31522082971,0.8333333333333334,507062.67356363893
4021.688426262675,0.7142857142857143,1946025.0
4438.552813360699,0.8,1461076.5625
6416.745171966781,0.5833333333333334,1567712.672776389
10161.546597541932,0.8333333333333334,616225.0
6377.6814083853005,0.5,1269377.7785288887
1498.0818578596834,0.6923076923076923,1777777.776888889
2715.3185852720926,0.5333333333333333,1708466.839406389
8610.497498902469,0.5714285714285714,445000.17356663896
2228.8732975615853,0.8333333333333334,1729225.0
6262.114732990076,0.8888888888888888,1220104.339541389
8097.734240413038,0.625,524417.3611593888
2073.3613323826867,0.7333333333333333,2419321.007981389
3341.339643266786,0.8,1426034.0285738888
4116.063771336255,0.6153846153846154,1517002.7785988888
5337.037603697465,0.5,1404225.0
2765.5116989955773,0.6875,2449225.0
4521.518816077123,0.5714285714285714,2022321.005996389
7640.665555639661,0.7142857142857143,510629.340230139
2439.9769566740747,0.8181818181818182,1436002.776978889
7944.8369672159915,0.625,614264.0625
6067.481272462424,0.6153846153846154,1373779.339496389
-1176.669819687043,0.7647058823529411,3523441.839026389
-594.1387313054603,0.6666666666666666,3007334.0289338888
-109.36769163723716,0.8333333333333334,2297750.693433889
5195.753777983078,0.5555555555555556,816764.0625
8053.844419452354,0.5833333333333334,1147576.5625
9697.281400916954,1.0,312201.5625
3635.6553611125005,0.6666666666666666,1603389.0625
6368.101260659522,0.7,1253466.839531389
5326.979644691231,0.5,1873476.5625
6187.222019295089,0.5,1411146.0077363888
4497.582373503939,0.45454545454545453,1041250.1742913888
4985.788818783676,0.6153846153846154,2181775.172626389
8682.829311675554,0.375,639333.506891139
4799.899451799332,0.8,1584451.5625
6957.356395025656,0.875,1236729.3395363889
13794.11673774397,0.5,551925.1736606389
1910.176079907748,0.75,2890000.0
1747.7467208179041,0.8333333333333334,1967006.25
13797.047350139595,0.2857142857142857,517800.17356313893
3024.4979661903844,0.8181818181818182,1792251.5625
9871.041622398032,0.5,861802.777715889
5434.101216846849,0.5384615384615384,1818002.776878889
5077.647874807288,0.7,1276900.0
8691.317518611982,0.4444444444444444,1049771.006261389
4891.167325136716,0.6428571428571429,1872336.110198889
6280.328190893713,0.7777777777777778,992514.0625
11820.549855211015,0.6363636363636364,714025.0
3739.989551282959,0.7142857142857143,2257506.25
2007.6390229820288,0.625,2444011.110068889
7060.9464975400315,0.75,611654.3402256389
1822.668898146419,0.8,2620351.5625
5284.547706560047,0.5,953064.0625
3583.2050749671234,0.75,1408177.7785688888
2883.59791133869,0.6428571428571429,1727034.0286538887
7585.649200991762,0.7,1055756.25
4878.105490848835,0.7272727272727273,1589700.693603889
6191.360650735155,0.5714285714285714,1786677.7786688888
3659.2441577045884,0.7692307692307693,1639466.8411313887
6736.911558219728,0.6,998334.0278443887
5446.868796317225,0.6666666666666666,1727034.0286538887
2532.769382134819,0.6428571428571429,2324354.339261389
6394.952157319394,0.6666666666666666,1268439.0625
5609.168218235816,0.6666666666666666,1426034.0285738888
6496.356802131091,0.6153846153846154,1427029.339481389
4589.853120827934,0.6,961216.8403431388
6340.842358403102,0.8571428571428571,760529.340219639
6724.643055339393,0.6153846153846154,1436002.776978889
6097.952827469987,0.625,495264.0625
11027.742079872894,0.4444444444444444,801771.0070041388
6478.277959097839,0.5,1444002.7785788889
6605.753649947277,0.75,1233025.1743513888
5753.161799976661,0.6666666666666666,1336914.0625
5804.849470896488,0.7777777777777778,1291064.0625
3816.0466958212455,0.7,1136000.693733889
8024.276058082726,0.75,1609726.5625
3455.080845101154,0.7142857142857143,2053250.1745663888
2665.8333594538753,0.6666666666666666,1545877.776948889
5766.666796926497,0.7777777777777778,943326.5625
4329.766994802476,0.7,1103375.1743113887
5332.944599214242,0.7777777777777778,1069500.6951338889
5472.579407351494,0.6666666666666666,804011.1111708888
4225.4995705271,0.6363636363636364,1221025.0
8405.520941028872,0.8571428571428571,668306.25
5529.5248272357985,0.8,1052334.027093889
5108.980753820417,0.8888888888888888,1055756.25
4461.013238986235,0.7,1093767.360413889
3906.9940610420413,0.8,1195377.777048889
3096.593980766157,0.6,1000833.5076113888
3023.949699625532,0.9090909090909091,1685669.443578889
4414.513850533135,0.8,1287279.339521389
4950.318559507375,0.9090909090909091,1449014.0625
5698.4143023044435,0.75,721791.840221139
4862.680067203326,0.8888888888888888,947377.777712889
8578.092458974257,0.3333333333333333,847166.8403391388
5249.156235421105,0.5555555555555556,1229326.5625
6202.0131742836875,0.7,1213669.4451788887
7753.04427381861,0.8571428571428571,698617.3610553889
3085.758626841944,0.8,1286334.0285338887
3321.9565196366048,0.8181818181818182,1539667.3602838889
1990.0583559493327,0.9,1555216.8394463889
6978.937600794383,0.5384615384615384,1424044.443648889
1412.3027425098132,0.8181818181818182,1650154.339421389
3527.8510269441454,0.8,1134225.0
4556.2560073359755,0.6923076923076923,1740200.6953238887
3165.4218559409032,0.6666666666666666,1617136.1119588888
1861.0561605390167,0.8181818181818182,1482306.25
9999.619184415695,0.8333333333333334,575069.4443938889
7943.781212576845,0.8571428571428571,560626.5625
7618.438258315485,0.625,1015896.0076163888
8007.56541331789,0.7272727272727273,1384544.445228889
2538.42484955507,0.7272727272727273,1345600.0
7019.958534211748,0.5833333333333334,1585500.6952838888
4143.641183356572,0.6666666666666666,1895211.112028889
5528.435627728057,0.4444444444444444,607100.6944963888
8602.304052805666,0.7,1173611.110388889
6626.966324509195,0.7,1348501.5625
6993.029428999969,0.5833333333333334,1521111.110288889
8696.294776040839,0.6,1203591.839546389
5003.761930394853,0.6153846153846154,1518029.339456389
6368.78990260629,0.6153846153846154,1660876.5625
8163.04295422646,0.46153846153846156,1239511.110368889
5159.007802402256,0.5833333333333334,1411146.0077363888
6351.54515358818,0.5833333333333334,1432011.111908889
7170.552268615343,0.875,992514.0625
6938.279646243177,0.5,1294854.3410363889
7368.144066874005,0.5454545454545454,1142226.5625
6555.399921577345,1.0,710508.5070006388
4071.806360659408,0.6666666666666666,1766684.0286638888
7373.187952359106,0.7,1161904.3409963888
7986.1063393910035,0.6,940091.840213139
5900.002646678262,0.5833333333333334,1528314.0625
6383.458070287141,0.6,1189008.5076713888
6812.482074100375,0.7,1329216.8410463887
7072.0504285038605,0.5454545454545454,996669.444377889
6897.756660920162,0.7,1163701.5625
5132.091763871097,0.7272727272727273,1645875.1744663888
9074.120417490183,0.5,1398306.25
4103.464633728921,0.7857142857142857,2089229.3412413888
2164.1572788064154,0.9090909090909091,1896358.506026389
8707.09774906361,0.5454545454545454,1164600.6951638889
4634.283284527736,0.7,1078136.110418889
8058.746688495338,0.6666666666666666,822044.4445048888
3005.282744921333,0.7142857142857143,2176854.3412613887
6281.7558171706705,0.625,691669.4444998888
9376.486041133647,0.4,122500.0
15414.884940524666,0.42857142857142855,614264.0625
5372.3570744855715,0.5384615384615384,1763362.6744963888
3705.5235218512726,0.7142857142857143,2236271.007941389
6427.242081699027,0.7,1042100.693763889
5459.340990217247,0.7272727272727273,1435004.3410763887
4471.3167602484045,0.75,1514950.693623889
6387.241246211774,0.7777777777777778,932834.027713389
5133.996778045623,0.8181818181818182,1375733.5077263888
5890.153692159719,0.6666666666666666,920000.6945083888
5391.847744166078,0.7777777777777778,936862.6736756387
4153.879753102439,0.6363636363636364,1213669.4451788887
7606.57250541987,0.7142857142857143,778806.25
1781.8986215475834,0.7333333333333333,2775000.693333889
5349.270822657222,0.7,1017576.5625
4325.860499861256,0.7692307692307693,2016400.0
5336.41773441285,0.8,1203591.839546389
6192.697129794705,0.7272727272727273,1325376.5625
8614.031142851496,0.5555555555555556,653402.777723889
5364.405361268664,1.0,712617.3611673889
8243.486486403412,0.7142857142857143,700708.506888639
2753.2678405400948,0.7857142857142857,1761150.172726389
2704.9990843563824,0.7333333333333333,2200277.776788889
6778.319367387336,0.7142857142857143,765625.0
6163.923427371478,0.75,1600225.0
8096.621051645836,0.6923076923076923,1085069.445138889
6626.868542442114,0.7142857142857143,328711.11107288895
4937.044259570485,0.75,1154729.339561389
7461.896206812171,0.5714285714285714,749667.361053389
4488.64096805186,0.6923076923076923,1685669.443578889
2439.14892502383,0.9090909090909091,1833767.3620138888
3867.8292097163026,0.9,1586550.172771389
11051.662993352225,0.4,825826.5625
4245.657143379381,0.8888888888888888,1161006.25
8240.115143268458,0.5,526229.3403261388
4740.565843135552,0.8888888888888888,1158314.0625
5217.407751942188,0.8888888888888888,1106879.339576389
4090.627213790907,0.7272727272727273,1459062.6744163889
5838.311810074267,0.7,1192646.006216389
6020.71059179915,0.7,1174514.0625
4195.476176796692,0.75,1364029.3410563888
5370.307918648295,0.7,1248806.25
10719.54919692705,0.5,755450.6945023888
7533.141281416912,0.5,622126.5625
6683.4927625681385,0.6,1052334.027093889
13308.64459870168,0.5454545454545454,669669.444389889
12273.826707999007,0.5454545454545454,698617.3610553889
5089.599396018001,0.4444444444444444,955506.25
9977.250246513451,0.6666666666666666,1012539.0625
5093.071538167539,0.625,1016736.110438889
4614.070533546675,0.6923076923076923,1586550.172771389
11187.685277898014,0.7,775133.5070031388
9738.382322989879,0.7272727272727273,977626.5625
4872.193773125923,0.6,954691.840212639
4091.8419143646215,0.7272727272727273,1522139.0625
4496.738753057063,0.6363636363636364,1409166.839486389
6328.67404701292,0.4,887521.006881639
10363.191011470386,0.5454545454545454,857167.361049389
2649.472805483023,0.75,1677025.0
6492.300259222268,0.5,1360139.0625
4180.406171439543,0.8,1082466.8409713889
8243.796752396996,0.5833333333333334,1220104.339541389
2929.4525045493306,0.6428571428571429,1977539.0625
10467.03664621957,0.5,841041.840216639
9810.056932925838,0.8571428571428571,606451.5625
8663.068404607613,0.8571428571428571,511821.0069921388
7249.2940188041575,0.6666666666666666,625417.361058389
3796.3506487569275,0.8333333333333334,1640534.026923889
9465.7471866773,0.4,746784.0278353888
6402.2401778302465,0.5,1311979.3410413887
2840.2858308609125,0.5833333333333334,1553139.0625
6543.991158020828,0.6363636363636364,1526254.3411013887
4608.815196170629,0.6666666666666666,1919379.3412013887
7018.715376023821,0.7272727272727273,1085937.672916389
11157.78089570659,0.4166666666666667,991684.027711389
3409.1845304103103,0.6363636363636364,1220104.339541389
3217.4351752165708,0.7272727272727273,1368900.0
3944.8496991353795,0.7777777777777778,1018417.3617838888
5495.747395659209,0.6,960400.0
2586.5289686792316,0.7,1232100.0
8187.836289747169,0.7142857142857143,805506.25
6952.958749406881,0.4,177802.7778058889
6691.195974670062,0.3333333333333333,831896.006883639
1452.2310856080578,0.75,1871196.0078563888
4861.017498180609,0.5,531076.5625
6704.833016061785,0.5714285714285714,394279.34031963884
7168.413305988488,0.625,659479.3402236389
7265.976194069934,0.5,487087.67365763884
6870.979035142622,0.625,693750.1736666388
6546.046775069123,0.5,652056.25
4356.827083100354,0.6,1178129.3410013888
9561.380873832206,0.375,525021.006896139
4933.315613951205,0.5555555555555556,1044654.339596389
8459.684934025785,0.375,550687.6735616389
7399.654943713264,0.7272727272727273,1066916.8409663888
5412.342094230579,0.5,1134225.0
5757.580872912362,1.0,526834.0277293889
5209.425823408034,0.4,845633.506883139
7570.128283410346,0.375,608400.0
3933.2615191201894,0.7692307692307693,1749006.25
3475.0048357365126,0.45454545454545453,1150256.25
5258.116931956745,0.5555555555555556,857939.0625
9514.427527363443,0.8571428571428571,752556.25
4863.5205124736385,0.75,736736.1110538889
4176.584532154729,0.7,1260941.8410263888
4106.215174099601,0.7777777777777778,934444.4445088888
2332.5849830561338,0.8,1367925.172831389
8876.10356272878,0.5454545454545454,1240439.0625
3476.6422652527626,0.7777777777777778,1155625.0
3977.031315042243,0.6,1100750.6951438887
4803.218271440679,0.75,735306.25
3110.0833667081856,0.7,1373779.339496389
10246.004980350448,0.625,680625.0
9334.608347809586,0.5,684756.25
3707.8964677940476,0.6,1047211.1104288889
4317.363182255385,0.625,786916.840218639
5529.7112907550645,0.6666666666666666,1910154.339356389
6693.391312436035,0.7,1159211.1118288888
7469.521900955695,1.0,373117.3610703889
11526.86321723725,0.6666666666666666,382851.5625
6117.652557449182,1.0,443889.0625
4868.272424322369,0.7,1200850.693713889
9301.91269739957,1.0,534117.361062389
9720.477840501646,0.8571428571428571,695834.0278333888
2523.957574532234,0.8181818181818182,1503689.0625
6120.27361710922,0.75,996669.444377889
11675.619820094236,0.6666666666666666,513611.11115888885
8895.289514882294,0.875,932029.3403421388
10111.624751762534,0.5,1051479.3409613888
5945.930675041141,0.7777777777777778,1083334.0270838889
6062.945638651953,0.8888888888888888,1229326.5625
6924.597277860626,0.7,1211834.027043889
6527.450136521875,0.875,868779.340215639
7597.083842075847,0.5,737451.5625
7857.476280277798,0.875,864125.1735491389
7611.788578185508,0.7142857142857143,791358.5068851389
9144.471905448467,0.7142857142857143,653402.777723889
3136.8114627608697,0.7142857142857143,2043708.505991389
6312.764547427245,0.7,1166400.0
7515.179422466871,0.8888888888888888,1100750.6951438887
9467.910659907551,0.7,837225.0
7643.354713040227,0.6666666666666666,1042100.693763889
2415.8738326032326,0.7272727272727273,1310071.006181389
2020.8280051467677,0.6666666666666666,1521111.110288889
4958.943662292321,0.5833333333333334,1473189.0625
7040.514009283631,0.7142857142857143,579501.5625
5710.78595549046,0.875,754726.5625
7944.813222792931,0.8571428571428571,678564.0625
8262.258647355706,0.8571428571428571,526229.3403261388
7928.948861750671,0.7142857142857143,631362.673558139
3260.582989670195,0.7857142857142857,2124306.25
5720.3241466763575,0.7692307692307693,1590751.5625
3397.5691115126565,0.8181818181818182,1419076.5625
7405.8919068829355,0.625,588416.840226639
6136.743025686486,0.7272727272727273,1429021.0077413889
8880.59019214348,0.5454545454545454,1140446.007656389
7485.978621653272,0.625,697225.0
7508.296077388051,1.0,523211.111062889
5751.842041012517,0.5,809250.173551139
7963.667789164856,1.0,602564.0625
10176.779496450315,0.4444444444444444,878125.1735486389
7325.432680402127,0.6666666666666666,626736.1111638888
2870.001624573881,0.7692307692307693,1961166.8412113888
2328.983150545066,0.8,1340771.007716389
4836.850180113185,0.7272727272727273,1267500.693693889
3496.3068382156303,0.6666666666666666,1881469.4453588887
4106.310255932747,0.7777777777777778,1186284.0285038888
5086.9183822408595,0.7,891450.6945073887
7270.026661406231,0.5,700708.506888639
6424.8267343066,1.0,517200.6944923888
4510.314761236998,0.5454545454545454,1011700.693773889
9472.745754537093,0.6666666666666666,900917.3611743888
6217.910409973475,0.4444444444444444,921600.0
6287.174724208119,0.5555555555555556,1185376.5625
5996.187022807146,0.6923076923076923,1566669.4452788888
6149.759397545044,0.6923076923076923,1473189.0625
3947.938267883234,0.7272727272727273,1308164.0625
5820.878289656588,0.625,663546.006890139
4501.259725534936,0.6666666666666666,1016736.110438889
5713.524173822695,0.6,946566.8403426388
9600.985758613224,0.6363636363636364,966125.1736766387
6980.008168649216,0.75,610351.5625
6791.904197242267,0.5384615384615384,1379646.006161389
9410.599766391464,0.45454545454545453,872667.3611733888
3319.145436415166,0.7,1189008.5076713888
7152.776239381456,0.4444444444444444,728889.0625
4448.595600041449,0.6666666666666666,923200.694380389
10002.338872097644,0.7142857142857143,686136.1110558889
6671.862055394438,0.75,791358.5068851389
8969.093166507499,0.75,778071.0068856389
9133.964272870238,0.5,229600.6944763889
5316.489409819553,0.6,896966.840214639
9573.589410678698,0.8333333333333334,531076.5625
11143.045477703912,0.3333333333333333,791358.5068851389
7813.508227278884,0.75,882816.840215139
5986.079327691864,0.75,1398306.25
6222.357518942277,0.6,945756.25
7496.96148489716,0.75,634014.0625
5446.259721475805,0.5454545454545454,1085937.672916389
10110.35957024181,0.5,748225.0
4898.178238108128,0.5555555555555556,850237.673549639
3992.249696553712,0.75,795069.4445038888
7364.327296234898,1.0,368044.4444848888
5586.6897387078825,0.7,1025156.25
6094.432187749459,0.6,168100.0
4954.439536447997,0.7,1185376.5625
11914.467786599871,0.5714285714285714,711914.0625
7144.797955806308,0.4444444444444444,810750.1736711388
7171.886874609993,0.5,810750.1736711388
5347.389241838916,0.6666666666666666,1056612.6742963889
7898.752977543114,0.7142857142857143,672400.0
4769.453864952293,0.7777777777777778,1195377.777048889
7220.8530828447665,0.7142857142857143,702802.777721889
7999.422864922437,0.625,816011.111050889
3266.4174180735945,0.8,1153834.028493889
6642.329048011268,0.75,997501.5625
7754.0170286020275,0.5454545454545454,1091154.339581389
10991.780203806855,0.5714285714285714,570654.3403281388
8045.704925024058,0.75,596112.673559639
11500.743108068415,0.6363636363636364,729600.6945013888
10830.545917561365,0.7,791358.5068851389
7687.142493757094,0.7,1005006.25
7203.212302020614,0.75,868779.340215639
8187.304777205602,0.625,782487.673552139
5220.957250435962,0.5555555555555556,992514.0625
7617.4641957408885,0.4444444444444444,767814.0625
6616.796891509797,0.5,215450.69447538888
598.5380349721419,0.9090909090909091,1934417.360183889
12088.978908556883,0.42857142857142855,340277.7777388889
869.3190105137245,0.8,1620316.8411263889
17805.11934956455,0.6,285334.02781338885
2774.8947667892885,0.5454545454545454,1642669.4452988887
10425.05823828351,1.0,392189.0625
2861.6692722390603,0.6666666666666666,2168256.25
5120.946486430834,0.6428571428571429,1628814.0625
4285.695326437841,0.7272727272727273,1275017.3618638888
9102.658541575205,1.0,433951.5625
8196.776572065268,0.4166666666666667,1172708.5076663888
7396.817312098364,1.0,528044.4444928889
4512.7484234541635,0.6363636363636364,1348501.5625
5527.63748213912,0.5833333333333334,1341736.110338889
9510.172665170356,1.0,411201.5625
11439.582323326485,0.6666666666666666,451136.1111558888
8619.326739445325,1.0,435050.17356713896
6562.298682966515,0.7142857142857143,706300.1736671388
8031.282544042022,1.0,614264.0625
11684.544551919229,0.6666666666666666,456187.6736561388
6547.8140505131005,0.5,1300550.1743713887
3302.746566171171,0.7692307692307693,1871196.0078563888
4973.7055394085255,0.7692307692307693,1922844.4453688888
3056.0137955210685,0.7142857142857143,2323084.0287938886
7277.646354337417,0.4,1146684.027063889
2906.590265569154,0.8181818181818182,1635201.5625
2162.1293369334426,0.8181818181818182,1696506.25
10483.371472745925,0.3,987539.0625
6934.692935294119,0.5,1257201.5625
14436.345952608239,0.25,578233.5069951388
3194.935554020017,0.6923076923076923,2299014.0625
11986.333508711672,0.375,679937.673556139
7670.847048947675,0.5454545454545454,1143117.3618238887
13299.943974952956,0.3,748225.0
5683.347832380211,0.5555555555555556,977626.5625
3574.7258757491923,0.6,1268439.0625
6067.762894395826,0.7,1059184.028463889
12929.768363080711,0.5,806254.3403376387
10829.709639608764,0.5555555555555556,1155625.0
11896.539274591389,0.625,844101.5625
2044.2352478432256,0.6,2252500.693443889
11776.507315410248,0.5,868002.7778398888
1857.83554698034,0.7272727272727273,1417091.8410713887
1542.8316035958737,0.6666666666666666,1636267.3619638889
5218.057382231761,0.5833333333333334,1644806.25
9858.267828376625,0.625,1054900.172926389
4070.2501264054636,0.46153846153846156,1561458.506111389
2192.8434876207284,0.5714285714285714,2228800.174606389
3793.053631366787,0.7272727272727273,1477237.674421389
11019.29496543611,0.4444444444444444,1002501.5625
7063.395127734067,0.5555555555555556,1251601.5625
6735.94867610125,0.7142857142857143,620156.25
10769.393845232888,0.625,922400.1736751387
6912.741581203317,0.5,951437.6736761387
5186.040808807214,0.4,1000833.5076113888
5152.7370278828175,0.8,1437001.5625
6651.124491632583,0.7777777777777778,1189917.360383889
5675.408717309795,0.7777777777777778,1331139.0625
7872.7425010489615,0.4444444444444444,750389.0625
6829.4514361053625,0.6666666666666666,1032764.0625
7500.343678191541,0.4444444444444444,778071.0068856389
5840.875604692398,0.5555555555555556,1094639.0625
9113.43882131022,0.8571428571428571,878125.1735486389
6600.55975958863,0.4444444444444444,813002.7778378888
4259.418874259221,0.6428571428571429,1840544.4453488889
7874.46797200157,0.4166666666666667,1176321.006221389
7823.567708049894,0.5454545454545454,1198112.672881389
9691.255219756164,0.5,900126.5625
8818.93351078126,0.5555555555555556,659479.3402236389
5647.1576375843615,0.7,1373779.339496389
6433.90425749603,0.6,1092896.0076413888
10791.057581044844,0.5454545454545454,864125.1735491389
6307.183928796693,0.7,1476225.0
6546.639146673378,0.5,1041250.1742913888
3495.4095457010003,0.6,1648014.0625
8104.802853149397,0.3333333333333333,640666.8403311388
7475.3316192825905,0.5,707000.694388389
6651.015852860664,0.3333333333333333,181334.0277493889
4592.071657520568,0.6363636363636364,1708466.839406389
4587.792388497119,0.7777777777777778,985883.5070106388
7238.810945334489,0.5555555555555556,1106879.339576389
7836.003275201851,0.5,1247875.172866389
6766.151932796277,0.6,1470156.25
4696.24881873164,0.5,1493487.672796389
11716.800040168262,0.5454545454545454,763439.0625
8767.002261786603,0.4,1084201.5625
6982.3282408810455,0.6,1338841.8395063889
9381.282651966338,0.7142857142857143,776601.5625
5703.430533405449,0.45454545454545453,1355284.028553889
6597.068965150689,0.625,657450.694390389
6817.980117349627,0.5555555555555556,774400.0
1898.0199708163389,0.6363636363636364,1989275.1745513887
5913.25207966,0.4,164362.6736381389
-1450.4339573001532,0.7368421052631579,4050156.25
7965.313431884739,1.0,28056.25
9444.691287429188,0.6666666666666666,261376.5625
2360.528276093266,0.8333333333333334,1754521.0060613889
-336.708611863031,0.7222222222222222,3459600.0
2483.0827743491127,0.8181818181818182,1469146.006136389
-1341.8769650649726,0.75,4144617.359753889
1983.5151075862489,0.8,1345600.0
10689.028722529509,0.6,882034.0278403888
2948.471827000986,0.6923076923076923,1892917.360193889
4708.157125831981,0.6153846153846154,1786677.7786688888
9875.883203521333,0.6,825826.5625
7967.867317158431,0.5,363006.25
4131.930247392503,0.7333333333333333,2208939.0625
8536.319838992418,0.5,109450.69442238889
6751.49806274323,0.6666666666666666,74256.25
5650.8451290582225,0.7272727272727273,1184469.443718889
4343.436321954146,0.75,1796716.8411713887
-2360.437834735985,0.7894736842105263,4436289.0625
530.061586975379,0.8571428571428571,2594784.026703889
9882.642968904265,0.625,576966.840227139
197.0235785352289,0.7058823529411765,3005889.0625
2381.777498388452,0.8461538461538461,2134034.026803889
4857.611571664047,0.8333333333333334,735306.25
4383.4645456194585,0.8888888888888888,1258136.1118588888
5736.083292390602,0.6666666666666666,1308164.0625
16351.122588639717,0.75,344177.7778168888
18744.14541625536,0.7142857142857143,270400.0
9640.052024433237,0.6153846153846154,1000000.0
12246.258139715403,0.6666666666666666,1014216.8396063889
2434.1869424458905,0.631578947368421,2707396.008041389
7340.327130601727,0.7142857142857143,673767.3610563889
7272.877895240608,0.5,816011.111050889
6316.507127022182,0.6666666666666666,737451.5625
3731.485754746227,0.3333333333333333,32550.173623138893
-3143.2604377039693,0.7,4487336.109698889
5166.496770204687,0.6363636363636364,1027689.0625
1780.175269433941,0.6666666666666666,1765576.5625
11394.738917525583,0.5555555555555556,562500.0
-86.86570021153757,0.7142857142857143,2398626.5625
5952.2239785081165,0.6666666666666666,409066.84023513895
4175.385864263217,0.6428571428571429,1646944.443588889
8383.527317582239,0.5454545454545454,962034.027712389
5502.191297218765,0.6428571428571429,1535534.0286038888
2284.4639499548266,0.7,1304354.339516389
-1319.2979629880722,0.7368421052631579,4462656.25
-276.4901135813909,0.7647058823529411,3831806.25
1478.9010651023514,0.7857142857142857,2641979.3413613886
6457.438381429562,0.7272727272727273,1311025.0
-1683.829203356585,0.6842105263157895,3768451.5625
-3247.4784949615187,0.6666666666666666,4457376.5625
2852.6055812931563,0.6428571428571429,1983402.776838889
9966.291910882108,0.6666666666666666,243377.77774488888
2531.0663867078138,0.7333333333333333,2300277.778788889
5408.1868807699875,0.7,961216.8403431388
3698.720157022522,0.7272727272727273,1301500.693683889
4955.449249559086,0.7142857142857143,1728129.339401389
-1267.118150861453,0.7647058823529411,3557939.0625
4488.9288726373015,0.75,1560417.3619438887
4654.572397028731,0.8888888888888888,1179034.027053889
-536.6791131913143,0.6666666666666666,3664034.0290538887
8647.665774667763,0.25,78633.50696313889
-1145.4654786752974,0.7058823529411765,3936917.362433889
8155.937217195176,0.5,101601.5625
-2511.1870899116634,0.631578947368421,4413500.6930438895
13502.760288280228,0.5,985056.25
6274.672318353238,0.8571428571428571,692362.673555639
-141.40621238865296,0.6470588235294118,3246002.778978889
3606.973251438197,0.7692307692307693,2205225.0
7234.59769809399,0.875,858711.1111728888
-637.3782868150276,0.6470588235294118,3329104.339061389
7500.665053993198,0.7142857142857143,526834.0277293889
-885.3524020794317,0.75,3274591.839071389
694.1002339608016,0.7142857142857143,2326896.0079613887
1383.335820133425,0.7692307692307693,2073600.0
-1776.2752473621654,0.8125,3315434.026563889
6308.618535880681,0.7142857142857143,610351.5625
6476.515493190692,0.7142857142857143,558756.25
1886.434956621317,0.8333333333333334,1914764.0625
778.5491151020975,0.7857142857142857,2393466.839246389
4551.8443238925265,0.9,1399291.8410663889
6301.238868793178,0.8,1248806.25
2873.2935972590662,0.75,825826.5625
5391.107091652663,0.8181818181818182,1494506.25
149.5098289615204,0.7333333333333333,2325625.0
2110.845121935865,0.6666666666666666,1589700.693603889
4752.999552710323,0.7692307692307693,1450017.3619138887
6337.742690050159,0.6,1063476.5625
3740.4300420018235,0.7692307692307693,1590751.5625
8736.587360636566,0.5555555555555556,823556.25
-1918.4045191679186,0.6842105263157895,3150625.0
1024.9990337511388,0.75,2300277.778788889
7736.1849432061645,0.6666666666666666,271267.3610763889
379.1639224075579,0.6923076923076923,2191633.507931389
-2006.88242371669,0.75,3178791.8414663887
10294.625862400098,0.6666666666666666,356508.50690463895
6451.4119151570085,0.6,275625.0
2309.9999997825885,0.5,45156.25
2894.2638958027596,0.6666666666666666,1423050.1744063888
2517.8542733074905,0.75,1886044.443528889
890.0471399759477,0.7857142857142857,2566671.005876389
5452.834507907903,1.0,343689.0625
3809.9504229577474,0.8571428571428571,619500.173558639
11354.200108288998,0.8333333333333334,504100.0
9346.140827808473,0.8571428571428571,783225.0
9201.402163286453,0.8,288011.1111468888
-2198.7620903049487,0.7058823529411765,3153584.026593889
5358.580492333621,0.875,837987.6736721388
7063.702022749511,0.8571428571428571,570025.0
1572.9219160584655,0.8333333333333334,1778889.0625
9528.959603042067,0.5,112784.02775538889
2308.9062026865713,0.75,1608669.443598889
5224.212837819866,0.7142857142857143,476100.0
7521.968256385749,0.7142857142857143,513611.11115888885
4710.869056072382,0.6666666666666666,841806.25
3394.9139360454346,0.7,1084201.5625
2789.9970032716506,0.6363636363636364,1440000.0
2176.1477674543876,0.6666666666666666,2030625.0
1164.4199086446313,0.5714285714285714,2376736.112138889
7166.681967816775,0.8333333333333334,514806.25
6293.631873609938,0.6,1260941.8410263888
4429.287889742737,0.7142857142857143,610351.5625
4201.311733391563,0.6363636363636364,1554177.7786088889
7171.66469600074,0.6666666666666666,1210916.8410113887
6800.215246006488,0.5454545454545454,1481291.839466389
-1220.5277606703673,0.5625,2948375.172466389
-357.70894842793604,0.75,3347375.172391389
-1077.8351182726853,0.7647058823529411,3742612.672321389
5332.8451193123,0.6363636363636364,1129791.8409863887
7345.389415732692,0.5714285714285714,548216.8403271388
7195.337600235982,0.45454545454545453,1151150.1743263889
4217.503074589557,0.8181818181818182,1616076.5625
9974.093987452994,0.8571428571428571,658126.5625
5922.990945711865,0.6,1723750.1744863887
2957.586740824453,0.5555555555555556,2518833.505886389
10274.173657821235,0.6666666666666666,542064.0625
996.3003254256001,0.6666666666666666,2994341.8414313886
15099.494585638202,0.3333333333333333,351550.17365063884
2400.103188258589,0.6153846153846154,2217617.3621038888
-1345.0031662890556,0.6875,3210069.445638889
6430.890095367159,0.6,904084.027714389
265.6190507788638,0.5625,2562667.360043889
6438.705240902155,0.625,866450.694382389
8537.797360251896,0.45454545454545453,1010025.0
9975.693492296401,0.4,851006.25
8020.302082919223,0.5,124844.44442088889
8301.062711964136,0.6666666666666666,406406.25
3701.398856472265,0.6923076923076923,2255002.7787788888
7256.596486213506,0.6,1180844.445168889
8437.86219198521,0.5555555555555556,831136.1111718888
14882.472029969396,0.6666666666666666,423584.02773438895
8802.748170070894,0.5,907256.25
2990.851156592414,0.6428571428571429,2126736.110138889
5416.774790568827,0.7,1115664.0625
6196.789223970293,0.875,1002501.5625
12638.950354810051,0.5,13806.25
6098.906923175348,0.7272727272727273,1705200.693573889
9131.099082722172,0.16666666666666666,215450.69447538888
4229.860696782812,0.5833333333333334,1698677.776908889
10098.100981664484,0.375,560002.777727889
2580.6379262277774,0.6153846153846154,2335802.776758889
10851.581034464682,0.5714285714285714,726756.25
3629.7521024212797,0.7,1344633.506171389
-3558.1351515681777,0.7058823529411765,3210069.445638889
4030.7420325702956,0.5833333333333334,1313889.0625
921.5105193134277,0.6666666666666666,2112177.776808889
9039.079125336251,0.375,664904.3403321388
500.5005764961151,0.7058823529411765,2580039.0625
11327.258314190685,0.3333333333333333,155039.0625
-2140.214128989886,0.7333333333333333,2744544.4455488888
4154.990013621163,0.6,1031917.360433889
947.5855592677917,0.6923076923076923,1738002.776898889
3901.4312022583817,0.8181818181818182,1406200.693653889
1703.9993545669981,0.3333333333333333,100806.25
2168.82352920764,0.0,45156.25
3708.0789159139676,0.625,793584.0277183889
8429.29071594498,0.7142857142857143,783225.0
7810.026038428849,0.8571428571428571,666944.4444988888
2147.519867243259,0.6923076923076923,1740200.6953238887
6133.524583771154,0.8888888888888888,1084201.5625
6017.701430697118,0.5555555555555556,769275.173552639
5009.715976514214,0.6,977626.5625
14384.519596443482,0.5,160333.5069711389
6599.825609416043,0.7142857142857143,365017.36115138885
326.88011375217127,0.8333333333333334,2205225.0
6763.591805134489,0.7777777777777778,1005841.8409463888
-416.6548754496249,0.7692307692307693,2381877.776748889
-1129.2193490409704,0.7857142857142857,2717002.776678889
17139.764797608525,0.25,145034.02775238888
-710.1168056493931,0.7142857142857143,2814006.25
7350.444193695863,0.75,693056.25
9835.59287652349,0.5714285714285714,891450.6945073887
9525.226222229561,0.6,323002.77773988893
5982.438323191664,0.45454545454545453,1420069.4452388887
7791.440505104653,0.75,855625.0
6246.82226915505,0.6666666666666666,164025.0
7446.157478500333,0.5714285714285714,831136.1111718888
9362.78424869955,0.5714285714285714,502917.36115838884
666.2290079398581,0.5384615384615384,1804544.443548889
2342.9204543356564,0.7142857142857143,1716100.0
-449.499736054078,0.5714285714285714,1988100.0
3495.4883027227347,0.6923076923076923,1545877.776948889
8473.107372131077,0.75,325850.69440638897
12995.572491123175,0.7,810750.1736711388
9092.171365589205,0.75,1275017.3618638888
4538.190195413989,0.7272727272727273,1447008.507746389
6506.929773589134,0.7,1056612.6742963889
8273.664349671824,0.6666666666666666,525625.0
-293.64372466230077,0.6111111111111112,2437501.5625
3686.694334745435,0.6363636363636364,1442000.693643889
6880.269587910562,0.6666666666666666,1136889.0625
-530.3875750807543,0.7333333333333333,2479312.672561389
1774.9883009766131,0.6923076923076923,1841675.172706389
10068.044045482204,0.5555555555555556,576334.0278283888
15909.123712035604,0.75,355017.36107138894
13355.97507492077,0.7142857142857143,495850.6944913888
15208.181701491882,0.2,256711.11114488888
1610.771382006097,0.625,2525450.6955038887
4266.516380959451,0.3333333333333333,1617136.1119588888
8461.320626994035,0.6363636363636364,1079867.3618038888
10066.757406299279,0.3333333333333333,691669.4444998888
11007.583497787671,0.42857142857142855,511225.0
5318.645394779403,0.5714285714285714,1906700.693523889
-910.2999642572431,0.5,2707396.008041389
11030.865374799612,0.5555555555555556,916008.506880639
2972.1200903058734,0.7777777777777778,1140446.007656389
13181.247573216397,0.5714285714285714,522608.5069926388
-534.6355096397792,0.6428571428571429,1974025.0
2080.640624035846,0.5,45511.11109688888
4833.92225463779,0.625,845633.506883139
3995.4611198518505,0.6363636363636364,1059184.028463889
2398.4907426453447,0.6153846153846154,1438000.6952438888
795.5171692242924,0.75,1841675.172706389
2258.2300640400617,0.7,1298650.172851389
84.74276684268953,0.75,1822500.0
2280.9508600168106,0.6,1447008.507746389
-432.74762047777733,0.6666666666666666,2024691.8412263887
5993.306454833658,0.3333333333333333,35941.84026513889
4993.562665963274,0.6,1004171.006276389
879.0599126971142,0.46153846153846156,2038946.0078963889
4734.028688215837,0.5714285714285714,647354.3402241389
9591.602883502845,0.5,854854.340216139
8250.852809059115,0.7142857142857143,550069.4444938888
13207.765486063658,0.6666666666666666,425212.67356763897
14739.274676640383,0.75,232404.3402456389
2667.110851564922,0.75,1663025.172751389
4344.4224786996865,0.8181818181818182,1584451.5625
8691.727341959295,0.7142857142857143,533508.5069931388
4682.651298884134,0.7,1125367.3604038889
4832.963592014063,0.8,1479264.0625
14348.801557315735,0.5,376689.0625
10412.428250300067,0.625,709806.25
8121.735579494327,0.4,1211834.027043889
15496.624174567993,0.5,228006.25
5190.045449196968,0.5,1767791.839391389
5911.920556291255,1.0,165716.8402506389
6195.310296556333,0.5555555555555556,903291.8403411388
810.8845392744133,0.6666666666666666,1764469.443558889
6711.507475958186,0.5555555555555556,716139.0625
7956.731934879278,0.8571428571428571,688208.506889139
11502.311460683744,0.4444444444444444,794326.5625
9090.944965326416,0.375,443889.0625
3872.5863563663534,0.7,1544841.8411063887
5903.474380505843,0.7777777777777778,1068639.0625
9236.664423746903,0.5,302041.84024113894
7670.047499420076,0.5,1106002.7784788888
12154.87596074189,0.375,634014.0625
4595.354216669567,0.5,29900.173622638893
3362.1245807951814,0.5454545454545454,1634136.110258889
7433.402658970167,0.5,671034.0278323888
2982.7466645953673,0.8181818181818182,1357225.0
5500.916377435237,0.6153846153846154,1741300.172731389
5305.806669659223,0.8,1212751.5625
6639.641033833058,0.6153846153846154,1296751.5625
8084.783326953382,0.75,737451.5625
7833.307979858593,0.5,1192646.006216389
2919.1588827857095,0.75,1568756.25
5181.341293544088,0.5714285714285714,1979883.506006389
5072.206274958148,0.7272727272727273,1413126.5625
6134.498033201909,0.5714285714285714,1503689.0625
4247.11196970991,0.5454545454545454,1120951.5625
5320.656366958359,0.6363636363636364,1080733.506251389
7695.285497312567,0.6666666666666666,895389.0625
7471.258461656962,0.45454545454545453,1391416.839491389
2511.87532611783,0.7692307692307693,2043708.505991389
4050.6811686027986,0.75,1865500.693533889
4773.808201929103,0.6,1969344.443508889
6435.005219379165,0.8,1486367.3619238888
4613.572130175146,0.6666666666666666,1480277.7785888887
6304.544307727353,0.7,1261877.777028889
6080.481067838608,0.5,1840544.4453488889
1252.8868480642388,0.7692307692307693,1990450.693503889
2403.547705921028,0.6,2450529.3413213887
2460.1938901080407,0.75,1814633.506046389
1954.7289443481736,0.5833333333333334,1481291.839466389
4677.954857257747,0.8,1441000.1744113888
2852.720524146897,0.6666666666666666,1435004.3410763887
4204.048648024223,0.5,1790021.007836389
2476.9251537393498,0.8333333333333334,1621377.776928889
4716.972394070478,0.6428571428571429,2038946.0078963889
5617.468115685156,0.6428571428571429,1555216.8394463889
3778.0833401189116,0.6363636363636364,1165500.1728913889
7077.730916494144,0.8888888888888888,1129791.8409863887
4801.493412688184,0.7272727272727273,1124483.5076513889
6989.680771977925,0.7777777777777778,935250.173546639
6851.436361909466,0.5454545454545454,1441000.1744113888
7339.8509107084965,0.7272727272727273,1089414.0625
2060.345054350046,0.6,2570677.776708889
7225.392602713046,0.6666666666666666,123376.5625
2122.9367658079373,0.75,1918225.0
2208.6156698307827,0.6,2023506.25
1700.1462212803517,0.5833333333333334,1575025.0
4181.341657242029,0.8,1533469.443618889
2588.050290792265,0.6666666666666666,1527284.026953889
3761.100860314778,0.5,1892917.360193889
4052.595423287258,0.7777777777777778,984229.340211639
4790.985695520816,0.6153846153846154,1842806.25
4488.022241255325,0.8,1297700.6952038887
5841.935635921116,0.6153846153846154,1384544.445228889
6776.928014974313,0.875,985056.25
4883.010282573434,0.7,980100.0
6851.035152673714,0.5,1276900.0
1043.6062951527028,0.7647058823529411,3146189.0625
4404.61140508928,0.7142857142857143,516601.5625
2080.8327841387854,0.6666666666666666,2659617.360023889
2128.320073573897,0.8333333333333334,1995156.25
2237.696020417904,0.6666666666666666,2102500.0
4117.631972810624,0.9,1602334.026933889
3927.1047344007607,0.8,1368900.0
3746.2670721722407,0.5833333333333334,1969344.443508889
1530.6858648807147,0.6875,2546684.026713889
2869.4777325409846,0.5714285714285714,2110966.841246389
3266.3060799598943,0.5714285714285714,1618196.006096389
5106.451816569229,0.7777777777777778,1183562.6743363887
3205.5991447578836,0.6363636363636364,1178129.3410013888
4753.225932790255,0.45454545454545453,1501646.0077613888
4321.802465107553,0.7777777777777778,948189.0625
2560.161407229614,0.7333333333333333,2306601.5625
4278.054129771225,0.6153846153846154,1892917.360193889
0.0,1.0,15314.0625
4006.6599568142847,0.8,1339806.25
5184.561263699858,0.6153846153846154,1428025.0
3451.149686042516,0.6,1055756.25
6159.914839126559,0.875,1021784.0271038889
6342.79795018721,0.75,837225.0
2850.617232323726,0.6875,2508264.0625
4647.814037425115,0.5714285714285714,2076000.693483889
4497.615135298379,0.7272727272727273,1494506.25
5515.665630551149,0.5714285714285714,1587600.0
3817.357999113505,0.5454545454545454,1193556.25
6999.49489292097,0.7777777777777778,1157417.360393889
4865.978197051065,0.6363636363636364,1152044.4437288889
6756.308126296118,0.45454545454545453,1472177.776968889
3639.0814247142125,0.7777777777777778,995006.25
3381.068915613402,0.7333333333333333,2235025.0
5484.53870988291,0.6153846153846154,1828129.339376389
6748.537973072806,0.6153846153846154,1371826.5625
7459.065592413397,0.875,974333.506878639
5465.506136424815,0.7,969404.340212139
7621.027836055434,0.5,1264687.672861389
1666.1570938585662,0.6470588235294118,2710139.0625
10292.482420430748,0.3333333333333333,63126.5625
3155.7789085700997,0.6666666666666666,1651225.0
3356.988043528244,0.5333333333333333,1749006.25
2507.977580968833,0.5,1334025.0
5768.581660579416,0.7,1295802.777018889
3471.9663254738593,0.5833333333333334,1290117.360353889
5356.144705217828,0.6,1086806.25
5090.282377940147,0.4166666666666667,1627750.693593889
2612.7966243074748,0.75,2819600.6955638886
2184.512257236181,0.8333333333333334,1909002.7786988888
5006.93549843274,0.6428571428571429,1837154.3411813888
3444.166217423503,0.6363636363636364,1411146.0077363888
5711.612573326448,0.8888888888888888,1371826.5625
4470.093211204698,0.7272727272727273,1365976.5625
5881.041478346222,0.5454545454545454,1712826.5625
2545.8242882199493,0.6923076923076923,1881469.4453588887
3460.8510149766344,0.5,1387487.6743963887
6809.13868157846,0.7,1348501.5625
4569.043582020035,0.5833333333333334,1342701.5625
6472.2208860805995,0.6,1135112.6743213888
6085.137407099049,0.4166666666666667,1686751.5625
666.4431057886858,0.7647058823529411,3228011.1123088887
928.3780075150363,0.8461538461538461,2247500.6954438887
1557.6578076052244,0.6666666666666666,2169483.5079263886
1411.8717685285524,0.6666666666666666,1704112.6744813889
3830.1296578942283,0.9,1660876.5625
3285.4081635923494,0.5833333333333334,2034189.0625
4165.547904437216,0.6666666666666666,2061617.360153889
3947.1135567281517,0.7272727272727273,1295802.777018889
5559.232712966583,0.5,892237.6735481389
9527.130642517608,0.75,861029.3403396388
6790.092597629991,0.6,856396.0070061388
9561.401532977092,0.625,692362.673555639
9104.268959087416,0.4,1135112.6743213888
3080.796679290053,0.7333333333333333,2442708.5079863886
2673.7259281264037,0.8181818181818182,1601279.3411213888
4771.130767816553,0.6153846153846154,2016400.0
5803.513865904157,0.6153846153846154,1535534.0286038888
4092.602420135496,0.6,1148469.4451588888
6460.097758418191,0.875,1113025.0
5227.8820943069,0.7,1107756.25
6811.539186212359,0.75,920000.6945083888
6662.662174135627,0.5,1422056.25
1065.8300540355633,0.75,3004444.4432888892
1226.8895562828388,0.8333333333333334,2061617.360153889
2079.8200079134012,0.6428571428571429,2529425.1746713887
2509.9999986646303,1.0,114469.44442188888
2213.8622540859787,0.6428571428571429,1986925.172671389
1858.337303480166,0.6363636363636364,1542771.006116389
4040.5112062661437,0.8888888888888888,1501646.0077613888
2868.996288994366,0.7272727272727273,1495525.1744263887
3984.078972654883,0.7777777777777778,1275958.506191389
3745.5588808398556,0.5454545454545454,1857541.8411863889
1541.9870587709554,0.7647058823529411,2752834.028883889
1601.6034296758876,0.8461538461538461,1854136.1120188888
2861.400640854668,0.6666666666666666,2299014.0625
3149.015666220192,0.6666666666666666,1783337.6745013888
2353.833478296861,0.6666666666666666,1364029.3410563888
3302.3764583498414,0.75,1319626.5625
5102.319279415993,0.8,1113904.3409813887
4852.665287145301,0.5833333333333334,1660876.5625
5810.7053480962995,0.875,951437.6736761387
3633.6028030867433,0.6666666666666666,2112177.776808889
3278.615054919993,0.7272727272727273,1335950.693673889
5814.831756889745,0.5384615384615384,1717191.8411513888
6999.465411006805,0.5384615384615384,1275958.506191389
4831.571776948112,0.5,925604.340213639
8492.135440267111,0.75,893812.6736741388
5985.978211523539,0.6,889091.8403406388
8550.377981765214,0.625,721791.840221139
8239.749376080224,0.4,1172708.5076663888
6860.470032036998,0.75,862576.5625
3348.0481778501953,0.7333333333333333,2250000.0
2657.879607227891,0.8181818181818182,1446006.25
5427.462556826584,0.6153846153846154,1841675.172706389
0.0,1.0,11025.0
6686.056118065116,0.6153846153846154,1383564.0625
7343.7475987206535,0.875,984229.340211639
5417.157722639855,0.7,979275.173545139
7608.215728057286,0.75,803264.0625
7534.617310204361,0.5,1275958.506191389
2197.4120091569516,0.7272727272727273,1434006.25
4481.039975132663,0.5384615384615384,1828129.339376389
0.0,0.0,10000.0
5418.449188037515,0.5384615384615384,1371826.5625
3581.0065622777583,0.5,1007514.0625
6566.43246243124,0.75,974333.506878639
4623.525603180091,0.6,969404.340212139
6543.660409152386,0.4,1264687.672861389
13479.064489507517,0.6,604506.25
927.0342242011396,0.6875,2851876.5625
1206.1517700417767,0.75,1935576.5625
1951.3780499351576,0.5714285714285714,2389600.693413889
2115.6603604426255,0.7272727272727273,1762256.25
1780.0801995363918,0.5454545454545454,1434006.25
4327.121930338684,0.7777777777777778,1394367.360323889
2834.8369653254854,0.6363636363636364,1388469.443658889
4113.811942155421,0.6666666666666666,1177225.0
3767.922769749783,0.45454545454545453,1738002.776898889
2016.3125557999062,0.6470588235294118,2733511.110008889
12786.161137425966,0.6666666666666666,660833.5069986389
2158.860448335979,0.6923076923076923,1838284.026873889
3454.6791341981248,0.5333333333333333,2281358.5079513886
17566.54510798339,0.3333333333333333,66736.11109388889
3597.881408872812,0.6666666666666666,1669479.339416389
2989.676798124972,0.5,1350437.672836389
6345.830799968112,0.7,1311979.3410413887
4043.31949062772,0.5833333333333334,1306258.5077063888
5950.831369020336,0.6,1101625.172911389
5596.61750403495,0.4166666666666667,1645875.1744663888
3307.2575871230183,0.7333333333333333,2136469.4454188887
2926.6815215278984,0.8181818181818182,1355284.028553889
5382.071289552488,0.6153846153846154,1739101.5625
0.0,1.0,4444.444444888889
5205.9754554424635,0.8,1210916.8410113887
4416.160148010352,0.6,941708.5070091388
7916.098244968506,0.875,909639.0625
5534.531747077474,0.7,904876.5625
7970.643776083877,0.75,736021.0070016388
7709.522857788452,0.5,1190826.5625
12514.717838757562,0.4444444444444444,583950.6944953888
2031.1803662213813,0.7647058823529411,2897087.672476389
3383.9244081820384,0.6666666666666666,2431000.695483889
3532.2969563106353,0.8333333333333334,1797834.026883889
6196.691743672101,0.9,1426034.0285738888
4169.042151564794,0.75,1420069.4452388887
5870.967849153772,0.8,1206336.110378889
5470.251097949017,0.5333333333333333,1953006.25
5928.781046367637,0.3333333333333333,21146.00695413889
5773.994599284173,0.6666666666666666,1390434.0285638887
4814.9196222632445,0.5,1100750.6951438887
9392.09095071234,0.7,1066056.25
6015.909688620162,0.5833333333333334,1060900.0
8810.055491565829,0.6,877344.4445068887
2664.0740624712366,0.6666666666666666,2272556.25
2165.850739246468,0.7272727272727273,1464100.0
4456.409939519624,0.5384615384615384,1862087.672701389
0.0,0.0,12656.25
4181.0536128801705,0.7,1313889.0625
5410.091182042269,0.5384615384615384,1401264.0625
4610.184829993569,0.6,994175.173544639
6463.272830911042,0.4,1292958.506186389
7744.238824490964,0.5,278696.0069796388
228.74845239405667,0.7058823529411765,3135850.693263889
1046.6960183151657,0.6,2650112.6746963887
1291.6573347114106,0.75,1986925.172671389
853.1656738853998,0.6,2094050.172646389
1845.1948421352427,0.6666666666666666,1588650.174451389
3047.497677890453,0.7,1362083.506166389
2744.1379120182746,0.5,1961166.8412113888
1674.8863355261535,0.75,2608225.0
8814.574952353028,0.42857142857142855,467514.0625
1474.8555464037004,0.8333333333333334,1735806.25
3042.721457857902,0.6428571428571429,2167029.339296389
2961.30485785213,0.8181818181818182,1571889.0625
3518.4811292649088,0.6428571428571429,1667326.5625
3354.5772432715517,0.7272727272727273,1220104.339541389
5005.872329273729,0.7777777777777778,1022626.5625
4878.465190545906,0.5454545454545454,1548987.672781389
3182.2160220582523,0.7333333333333333,2183006.25
2678.471959003183,0.8181818181818182,1392400.0
5222.09507100451,0.6153846153846154,1781112.672721389
4965.208591543184,0.8,1246014.0625
6341.661344229335,0.6153846153846154,1331139.0625
7485.464947936232,0.875,940091.840213139
5293.593912533661,0.7,935250.173546639
3072.0983189128615,0.6666666666666666,1465108.5077513887
4988.690497369674,0.5,1863225.0
2268.265682388987,0.0,12750.173618638888
5088.578485415483,0.6363636363636364,1314844.4452088887
5745.624363163931,0.5,1402250.6952338887
5357.150270431296,0.5454545454545454,995006.25
7893.896202950147,0.5555555555555556,817517.3611713888
7480.197417123101,0.36363636363636365,1293906.25
961.6479090954056,0.7058823529411765,3155064.0625
1349.1193160547589,0.7692307692307693,2186701.5625
2002.6229407176347,0.6,2667777.776688889
17257.282541843564,0.6666666666666666,145351.5625
1981.5510267937657,0.6,2109756.25
1883.035875714654,0.5833333333333334,1651225.0
2994.1690434927627,0.6666666666666666,1602334.026933889
4358.602158310141,0.7,1374756.25
2488.5695666001225,0.75,2636564.0625
2103.5981789816456,0.8333333333333334,1758939.0625
4118.021571676208,0.6428571428571429,2192867.360123889
7429.479053350691,1.0,52326.5625
3891.1315909567015,0.8181818181818182,1593906.25
4923.814170807042,0.6428571428571429,1690000.0
3332.097814653837,0.6363636363636364,1282556.25
4333.38069199943,0.7272727272727273,1239511.110368889
6100.031083068124,0.7777777777777778,1040400.0
6014.062990072913,0.5454545454545454,1570844.443608889
3096.394235492417,0.7333333333333333,2464900.0
2737.9662021161967,0.8181818181818182,1619256.25
4754.480289474468,0.6153846153846154,2036566.839326389
5764.017842018854,0.6153846153846154,1553139.0625
4128.824176640294,0.6,1163701.5625
5279.616640896651,0.7,1122716.839571389
6813.904010191823,0.75,933639.0625
6641.508883129463,0.5,1439000.172811389
2560.094457356068,0.7333333333333333,2241258.505946389
2118.2428368955425,0.8181818181818182,1439000.172811389
4335.258255516757,0.6153846153846154,1833767.3620138888
4108.592299580048,0.8,1290117.360353889
5229.914675807548,0.6153846153846154,1376711.110328889
3464.9762459604253,0.6,1011700.693773889
4500.182040864604,0.7,973511.1111768888
6516.606758400123,0.75,798044.444384889
9039.802143589384,0.8333333333333334,420876.5625
1306.448585013449,0.6470588235294118,2659617.360023889
2560.44402697242,0.5333333333333333,2213896.0079363887
2764.7209229380214,0.6666666666666666,1611841.839431389
2146.7511191708168,0.5,1298650.172851389
5463.42128291071,0.7,1260941.8410263888
4963.632389754919,0.6,1054900.172926389
4631.27727542728,0.4166666666666667,1588650.174451389
2493.3579677813723,0.75,2600156.25
4109.373316454412,0.6428571428571429,2159675.172631389
11826.727967032393,1.0,47306.25
3956.862220740496,0.8181818181818182,1565626.5625
3395.4825622069125,0.6363636363636364,1257201.5625
6236.2825288858285,0.7777777777777778,1017576.5625
6076.810260400487,0.5454545454545454,1542771.006116389
1884.537367131503,0.8181818181818182,1582354.3411163888
3491.2104862821498,0.6153846153846154,1995156.25
0.0,1.0,25733.50695513889
2966.5847949948443,0.6,1132450.6951538888
5381.6248170141,0.875,1097256.25
5527.727003283701,0.75,905669.4445078888
8839.574693290582,0.7142857142857143,626076.5625
2631.4777501217063,0.75,1606556.25
16691.294115683377,0.5,28900.0
4482.913414828476,0.7272727272727273,1449014.0625
5280.954255298167,0.5714285714285714,1540701.5625
3797.062948678776,0.5454545454545454,1152939.0625
7167.1104947294125,0.7777777777777778,1117425.172906389
7003.77920951953,0.6666666666666666,924001.5625
6724.809726640237,0.45454545454545453,1427029.339481389
3012.805780371948,0.7333333333333333,2237517.360113889
4969.08124254913,0.6153846153846154,1830383.5078463887
0.0,1.0,10167.36110438889
4657.5895462478475,0.8,1287279.339521389
3966.888269899369,0.6,1009187.6729413889
6989.941922164382,0.875,975979.3403436388
7172.923849696015,0.75,795812.673551639
7063.541658835986,0.5,1266562.674361389
9796.50020964834,0.6666666666666666,510629.340230139
3219.6713799735635,0.7333333333333333,2165802.7787588886
2758.2782308406413,0.8181818181818182,1378667.3618938888
5272.042333742678,0.6153846153846154,1765576.5625
0.0,1.0,5877.777778288889
5043.501525203287,0.8,1233025.1743513888
6383.026253027998,0.6153846153846154,1317712.6743763888
4270.751478905805,0.6,961216.8403431388
7630.348399561517,0.875,928814.0625
5367.845650028729,0.7,924001.5625
7525.120969987367,0.5,1212751.5625
-488.0612206040901,0.8461538461538461,2495083.505891389
7578.3987860747475,1.0,232404.3402456389
-1288.2827877886173,0.6666666666666666,2412844.443408889
-497.13103341834403,0.6666666666666666,1920534.026853889
1991.1433770085239,0.9,1874617.3620238889
445.4658485393771,0.75,1867777.7786888888
1078.9528444309674,0.5833333333333334,2270044.445448889
2012.736366648587,0.6470588235294118,2648756.25
2029.999982342872,0.6923076923076923,1768900.0
3539.5921285185836,0.5333333333333333,2203987.672621389
7602.994591635743,0.3333333333333333,54056.25
3968.9676898098232,0.5333333333333333,1699764.0625
2897.327570227081,0.5,1291064.0625
3877.1170985053304,0.5833333333333334,1247875.172866389
5685.072907101606,0.4166666666666667,1580258.506106389
3182.3930842044842,0.6428571428571429,2424508.505906389
623.6065573361569,1.0,93025.0
3711.156004432549,0.6428571428571429,1894064.0625
2711.3905177662655,0.6363636363636364,1461076.5625
4886.187783882166,0.8888888888888888,1421062.672816389
3716.2940811463272,0.7272727272727273,1415108.5061513889
4987.212412021935,0.7777777777777778,1201764.0625
910.1716008649734,0.6470588235294118,2811211.1122288886
1088.529437754949,0.6923076923076923,1902100.6953638887
1988.5505466358388,0.5333333333333333,2352389.0625
10140.30055428071,0.3333333333333333,79336.11112988889
2164.6534616376052,0.6666666666666666,1730321.0078213888
2048.347015982535,0.5333333333333333,1830383.5078463887
1651.7903001875961,0.5,1405212.6744013887
4565.602619112419,0.7,1365976.5625
2565.5210843148016,0.5833333333333334,1360139.0625
4142.474677046147,0.6,1151150.1743263889
3460.9718072809287,0.7333333333333333,2624400.0
3411.8576193261797,0.8181818181818182,1749006.25
0.0,1.0,50625.0
5890.648171114414,0.6153846153846154,1680264.0625
4687.2856721955,0.6,1274076.5625
5989.236560408101,0.7,1231175.172871389
7290.027283162212,0.75,1032764.0625
3309.93400616412,0.625,2285136.1121188886
3255.4017684470587,0.6666666666666666,1474200.6952538888
4179.3999992835315,0.0,13611.111118888888
5382.660829050793,0.6363636363636364,1323458.5077113889
8501.586079873137,0.6666666666666666,1007514.0625
5626.395185013402,0.5454545454545454,1002501.5625
8219.220416822069,0.5555555555555556,824312.6736716388
3340.436588949615,0.6666666666666666,2223826.5625
2693.4185171296913,0.7272727272727273,1425039.0625
0.0,0.0,9264.0625
6670.492154682837,0.5384615384615384,1363056.25
4338.8819058977115,0.5,1000000.0
7466.0326697946475,0.75,966944.4443788889
5427.487071092032,0.6,962034.027712389
7687.448139222405,0.625,787656.25
6392.8328895091045,0.6666666666666666,782487.673552139
4295.205509259583,0.3125,2055639.0625
6669.303763152447,0.2857142857142857,333987.67364963883
2820.7284007398252,0.6153846153846154,1786677.7786688888
5372.154627896953,1.0,204756.25
2469.832086152929,0.9,1634136.110258889
7860.622046148663,0.4,772201.5625
5999.1120745972485,0.7272727272727273,1366950.6952238888
6924.169111072867,0.8571428571428571,765625.0
4692.7916439363225,0.5,1011700.693773889
8789.414726400466,0.2,662867.3611653888
6820.457685520865,0.7142857142857143,639333.506891139
8602.671942388975,0.5,867226.5625
7683.996616084287,0.5454545454545454,917604.3403416388
7193.633662864745,0.4166666666666667,1514950.693623889
4572.05862053505,0.42857142857142855,1946025.0
6493.564245455479,0.7777777777777778,1140446.007656389
4005.1462111808346,0.46153846153846156,1858677.776868889
6399.616422367761,0.875,1001667.3604438889
8553.289085334916,0.7142857142857143,669669.444389889
9337.69775742671,0.5,627396.006891639
6038.173483048066,0.5714285714285714,842571.0070056388
1640.193989826732,0.46153846153846156,1675946.006081389
6241.910107719195,0.5454545454545454,949812.673546139
10275.306571339104,0.3333333333333333,1147576.5625
685.1746233585765,0.75,1776666.8411663887
6011.235174661186,0.5,1115664.0625
7858.263021845628,0.45454545454545453,992514.0625
6019.7770601293005,0.5454545454545454,1147576.5625
8110.951990959927,0.46153846153846156,1281612.672856389
6734.8113914564,0.6666666666666666,736736.1110538889
6475.472489335428,0.5833333333333334,1143117.3618238887
4959.105873352656,0.6363636363636364,1193556.25
7299.3060562551545,0.6666666666666666,339306.25
14468.055052044307,0.42857142857142855,545751.5625
8212.082836403342,0.6,1026844.443768889
8833.361678021689,0.4444444444444444,791358.5068851389
5670.020494504878,0.26666666666666666,1706289.0625
2139.0383172335924,0.5833333333333334,1732514.0625
5358.488781286774,0.8571428571428571,936056.25
4599.752910520487,0.2857142857142857,1597064.0625
5403.751974782193,0.5454545454545454,1318669.443678889
1118.0987937023708,0.5625,2636564.0625
4277.6293510907835,0.7142857142857143,625417.361058389
3881.441854489642,0.5384615384615384,1754521.0060613889
8776.019187192584,0.5714285714285714,542677.7778268888
2696.0459182575996,0.47058823529411764,2272556.25
8273.65898347128,0.4,169812.67358363888
7679.563820862328,0.7142857142857143,540225.0
5855.790908849407,0.8888888888888888,1256267.360363889
10439.730275756532,0.25,1094639.0625
10483.03480754029,0.3,929617.3611753888
6646.143455924459,0.7272727272727273,1447008.507746389
11746.75321598804,0.36363636363636365,967764.0625
4502.061028462126,0.6363636363636364,1601279.3411213888
11201.339728697238,0.36363636363636365,1084201.5625
3331.4809018624223,0.6666666666666666,1840544.4453488889
10739.44039440365,0.3,796556.25
2980.596126121199,0.6666666666666666,1715008.506071389
12858.723052750685,0.2727272727272727,885167.361048389
4771.297655732652,0.35714285714285715,1858677.776868889
9354.000705899161,0.6666666666666666,786916.840218639
2114.897429408481,1.0,942517.361046389
8479.803936841976,0.2857142857142857,1461076.5625
5744.313961236873,0.7777777777777778,1085069.445138889
2307.266202680818,0.4375,2467517.360063889
337.95314266185466,0.4117647058823529,2623050.172531389
11143.196774478922,0.5714285714285714,461833.50689913897
9805.518908426908,0.625,777336.1111698888
4045.152060326488,0.5384615384615384,1497564.0625
9652.250842571064,0.75,777336.1111698888
6739.652014761294,0.7777777777777778,1023469.4451188889
4073.1411946081175,0.6363636363636364,1322500.0
7838.49250854005,1.0,472083.50689863897
3934.608148625207,0.5,1782225.0
1151.0687933419072,0.75,1904400.0
13226.823531590711,0.8333333333333334,476100.0
1939.4392886325609,0.75,1846201.5625
2677.318966284634,0.6923076923076923,1773336.111998889
11556.605026384914,0.8,371591.84023713897
2461.460493233204,1.0,1357225.0
2867.222119603001,0.7272727272727273,1506756.25
2214.8788969297543,0.4375,2474066.841326389
540.9686963380398,0.7692307692307693,2178084.0267938892
7722.730141345216,0.6666666666666666,457314.0625
7566.058890409934,0.8333333333333334,580136.1111618888
8216.865298157414,0.75,875004.3403401388
4549.523892493888,0.8888888888888888,1284444.443688889
4528.719174019031,0.5,1365976.5625
3418.345060789307,1.0,794326.5625
3128.6217975000905,1.0,437251.5625
4692.186771908211,0.6666666666666666,928814.0625
1297.1488531602292,0.75,1985750.6953838887
6046.409486436922,1.0,201376.5625
2155.8003954348246,0.75,1926312.6745363888
11182.05194608673,0.6,240100.0
489.2995890947662,0.35294117647058826,2484564.0625
7427.952414566122,0.5714285714285714,568139.0625
3159.8434444632185,0.3333333333333333,1722656.25
3960.214479647735,0.7272727272727273,1311979.3410413887
4813.018940468831,0.5833333333333334,1420069.4452388887
4533.703434681521,0.8333333333333334,531076.5625
876.0093951516877,0.75,1854136.1120188888
2026.3526095065572,0.8181818181818182,1850733.5078513888
1398.8300244741254,1.0,1136889.0625
9994.007802858094,0.5,312201.5625
6759.752821619671,0.36363636363636365,932834.027713389
4407.5761057447,0.45454545454545453,1210916.8410113887
4109.327061324619,0.5,1651225.0
5321.063121031568,0.5833333333333334,1250669.4436988889
6849.441559899734,0.25,1022626.5625
6508.359157022465,0.7777777777777778,1141336.110398889
5348.082708178543,0.7,1323458.5077113889
7334.854497060453,0.2857142857142857,1589700.693603889
5432.865188154732,0.3076923076923077,1289171.0077013888
4264.807059314156,0.8333333333333334,754002.777719889
4415.379277406912,0.6363636363636364,1305306.25
7745.3259181265585,0.18181818181818182,812251.5625
1575.3697985714368,0.75,1950677.7787088887
4957.368419818074,0.7,1323458.5077113889
3277.619764857385,0.26666666666666666,1683506.25
3726.2751841346208,0.375,2043708.505991389
2738.220968552671,0.8333333333333334,2110966.841246389
3220.7952591890567,0.5714285714285714,1977539.0625
9571.719124986615,0.7142857142857143,501736.11106388894
2901.4364345518293,0.8181818181818182,1796716.8411713887
2357.389627430691,0.75,2023506.25
939.882889370713,0.35294117647058826,2463591.839231389
3871.445676978457,0.375,2225069.445438889
3828.538698051113,0.8181818181818182,1719376.5625
9676.975945701031,0.375,505284.027730389
3234.208705560117,0.75,1941377.776848889
1518.0738814771796,0.35294117647058826,2372883.5079713888
3638.269173619616,0.8333333333333334,772201.5625
3968.9260091884994,0.6363636363636364,1329216.8410463887
4703.2826325897095,0.5833333333333334,1267500.693693889
7248.0538815222935,0.5,944946.006879639
5892.524232855257,0.7,1281612.672856389
5622.16478419707,0.8333333333333334,702104.3403336388
6085.15243242911,0.5555555555555556,810750.1736711388
4009.640456981355,0.26666666666666666,1636267.3619638889
4149.5085358504475,1.0,1189917.360383889
4355.819440385865,0.7272727272727273,1330177.777008889
8775.26157995745,0.25,517200.6944923888
7685.48601651881,0.2857142857142857,1521111.110288889
5743.605317064441,0.7,1288225.0
9213.186272600306,0.5,851006.25
4343.152606474353,0.5555555555555556,902500.0
4262.627999429465,0.5833333333333334,1287279.339521389
4276.568108436004,0.6363636363636364,1340771.007716389
5747.2898987903745,0.7777777777777778,1154729.339561389
4850.295163875562,0.5555555555555556,855625.0
8618.800720456486,0.5,897756.25
2469.2551740461413,0.6153846153846154,1786677.7786688888
8603.678490349166,0.75,590336.111059889
3556.8827972010804,0.6666666666666666,1783337.6745013888
8057.056620335387,0.625,560002.777727889
2528.2036031045723,0.35294117647058826,2257506.25
6716.615289527416,0.6666666666666666,738883.5068871389
5363.290183358293,0.6,1025156.25
4381.778360484032,0.6666666666666666,1498584.0285938887
1430.699055901015,0.8333333333333334,1946025.0
10219.884303847633,0.5,502326.5625
-320.41735011910436,0.4117647058823529,2378021.005916389
1033.3790622445013,0.7692307692307693,1890625.0
6312.899555365255,0.3076923076923077,1527284.026953889
10265.432859358809,0.23076923076923078,1169101.5625
6582.7805144024505,0.7142857142857143,646014.0625
5753.527234081231,0.8888888888888888,1189008.5076713888
6666.7537134627055,0.2857142857142857,1581306.25
7060.474413922306,0.5384615384615384,1404225.0
4147.928208035035,0.6428571428571429,1729225.0
9951.234520967691,0.75,804011.1111708888
9359.927448974197,0.2727272727272727,1111267.361813889
9177.074772453136,0.2727272727272727,1079867.3618038888
9449.376729907744,0.6,842571.0070056388
5625.715383793673,0.38461538461538464,1643737.672756389
8349.02615003427,0.2727272727272727,1127136.111818889
4641.356422922563,0.5,1912458.507866389
6689.068632856,0.625,905669.4445078888
9598.830425465378,0.3333333333333333,1120951.5625
7081.131934535865,0.4166666666666667,1237656.25
9456.799187350902,0.38461538461538464,1328256.25
4066.5503524005467,0.5833333333333334,1462084.028583889
6104.615126860069,0.7,1199937.6743413887
8917.723654140906,0.3333333333333333,1260006.25
3587.6840366384376,0.5,1851867.360203889
11219.508244781382,0.5,594826.5625
5252.235518289422,0.6666666666666666,1020100.0
3465.714348846346,0.2857142857142857,1782225.0
6944.024879651633,0.6,1168200.693723889
8460.550142081534,0.36363636363636365,984229.340211639
4498.695302315651,0.46153846153846156,1563541.8411113888
11250.866105467154,0.3076923076923077,1070362.6729213889
2522.5019730373447,0.6923076923076923,1791136.110218889
5937.098367098707,0.7,1365002.776998889
10884.683060760362,0.25,1109511.110408889
3809.507375354532,0.3076923076923077,1623500.6952938887
11507.086102248384,0.25,1062617.360423889
3825.0177613135174,0.3076923076923077,1655511.111968889
9262.824723237562,0.3333333333333333,1119187.6743163888
2183.7145885549717,0.6923076923076923,1912458.507866389
2406.461663572625,0.6923076923076923,1933258.5078713887
10732.424655251198,0.5,425756.25
-129.52154689217562,0.6923076923076923,1954171.0078763887
8431.624306101474,0.6666666666666666,798044.444384889
6900.894535808628,0.5,1129791.8409863887
4433.497186681463,0.6428571428571429,1675946.006081389
5205.479866523259,0.4,1127136.111818889
5468.017035219414,0.75,978450.6945103888
8114.8852700382395,0.4444444444444444,810750.1736711388
5035.818001419608,0.7142857142857143,1665175.1744713888
-175.30411947250488,0.7142857142857143,2217617.3621038888
11762.785460991583,0.42857142857142855,352539.0625
4098.904805456079,0.6666666666666666,1465108.5077513887
10545.04682893044,0.3333333333333333,556267.361061389
3458.114231164241,0.6666666666666666,1520083.5077663888
8972.855065658241,0.45454545454545453,933639.0625
9069.35170420127,0.6,811500.694384389
5204.011575445237,0.6666666666666666,1338841.8395063889
4479.2368862867015,0.8181818181818182,1775556.25
3557.1482783780825,0.6363636363636364,1214587.672876389
6224.2495906964405,0.5833333333333334,1190826.5625
5457.392554502759,0.45454545454545453,1246014.0625
7919.062561223946,0.5,773666.840219139
8798.789447835232,0.5454545454545454,887521.006881639
3834.5416240267155,0.75,1579211.1119488887
9372.852636615155,0.875,783225.0
918.0595645930744,0.6666666666666666,1700850.6953138888
7661.15783448248,0.5454545454545454,1128906.25
1433.4650056159626,0.6153846153846154,1681344.4453088888
6516.489407103704,0.7777777777777778,816011.111050889
5581.147202501399,0.6153846153846154,1576071.0077813887
7262.362753625086,0.7272727272727273,1216425.1743463888
4404.174634237692,0.6923076923076923,1661950.6953038888
5860.967136029678,0.7,1277841.8410313888
5120.161258071334,0.5555555555555556,900126.5625
6095.3101096422515,0.3,835700.6945053888
1872.154887236589,0.7142857142857143,2014034.0287238888
5320.698324051251,0.7142857142857143,630039.0625
5219.952411742827,0.25,1251601.5625
7109.780626152957,0.625,747504.340220139
6643.556167636603,0.45454545454545453,1075541.839586389
5059.655618448092,0.6666666666666666,1357225.0
6650.361841084137,1.0,663546.006890139
7328.250930156283,0.7142857142857143,769275.173552639
5149.030878293084,1.0,1175417.3618338888
6456.624338458488,0.8571428571428571,778071.0068856389
6050.3500221881495,0.7272727272727273,1541736.111938889
4711.814048448788,0.7272727272727273,1617136.1119588888
5021.713232145182,0.4166666666666667,1388469.443658889
3413.2074205649337,0.35714285714285715,1809025.0
4226.935239418034,0.75,1655511.111968889
4643.759050748499,0.5384615384615384,1626687.6744613887
7473.286602446065,0.8333333333333334,590336.111059889
12774.065487082391,0.6666666666666666,809250.173551139
5264.705379549966,0.46153846153846156,1656583.506086389
6387.7960407066685,0.38461538461538464,1547950.6952738888
11290.118349659475,0.7142857142857143,644006.25
10729.784013358189,0.8571428571428571,656100.0
6842.844241642434,0.875,950625.0
9678.109064064702,0.75,812251.5625
2506.122889308396,0.38461538461538464,1841675.172706389
2787.5054471712497,0.8181818181818182,1648014.0625
3352.866898537265,0.5833333333333334,1619256.25
9440.474435601904,0.6666666666666666,902500.0
