q90_l_to_L,spare_cap_x_n_wide,height_tail_share
0.5383333333333333,24289,0.0
0.5133333333333334,25833,0.0
0.5333333333333333,36754,0.0
0.5333333333333333,52017,0.0
0.5333333333333333,25038,0.0
0.535,37515,0.0
0.535,29586,0.0
0.5333333333333333,25252,0.0
0.5066666666666667,39050,0.0
0.5383333333333333,24024,0.0
0.5433333333333333,0,0.0
0.5333333333333333,11594,0.0
0.5233333333333333,10419,0.0
0.5333333333333333,20011,0.0
0.5366666666666666,32800,0.0
0.54,22623,0.0
0.5333333333333333,12428,0.0
0.5333333333333333,37902,0.0
0.5333333333333333,7410,0.0
0.5333333333333333,0,0.0
0.5333333333333333,21067,0.0
0.43833333333333335,77256,0.0
0.54,40670,0.0
0.54,0,0.0
0.5333333333333333,17432,0.0
0.45666666666666667,0,0.0
0.43333333333333335,0,0.0
0.5533333333333333,56370,0.0
0.4366666666666667,64152,0.0
0.5283333333333333,21896,0.0
0.5266666666666667,21888,0.0
0.5333333333333333,13888,0.0
0.5233333333333333,33976,0.0
0.54,0,0.0
0.5166666666666667,34062,0.0
0.5333333333333333,35960,0.0
0.4666666666666667,65736,0.0
0.5333333333333333,63792,0.0
0.5333333333333333,35740,0.0
0.5333333333333333,0,0.0
0.5333333333333333,17182,0.0
0.5333333333333333,0,0.0
0.45,52617,0.0
0.47833333333333333,48316,0.0
0.5333333333333333,0,0.0
0.5333333333333333,30362,0.0
0.5333333333333333,50505,0.0
0.5466666666666667,4583,0.0
0.55,25564,0.0
0.5333333333333333,24244,0.0
0.5383333333333333,68508,0.0
0.48833333333333334,22824,0.0
0.5333333333333333,21550,0.0
0.5333333333333333,13566,0.0
0.53,17406,0.0
0.535,46152,0.0
0.535,30642,0.0
0.48333333333333334,18456,0.0
0.5333333333333333,29634,0.0
0.43333333333333335,81480,0.0
0.5366666666666666,20184,0.0
0.5333333333333333,14305,0.0
0.48000000000000004,26534,0.0
0.5366666666666666,32932,0.0
0.5283333333333333,26320,0.0
0.5333333333333333,3560,0.0
0.5183333333333334,17846,0.0
0.5333333333333333,0,0.0
0.5333333333333333,40810,0.0
0.535,55476,0.0
0.54,0,0.0
0.5333333333333333,0,0.0
0.5333333333333333,-4718,0.0
0.5333333333333333,17710,0.0
0.5366666666666666,14688,0.0
0.54,17504,0.0
0.5333333333333333,0,0.0
0.5333333333333333,12932,0.0
0.5333333333333333,14098,0.0
0.53,0,0.0
0.5433333333333333,0,0.0
0.5183333333333334,18376,0.0
0.5333333333333333,9520,0.0
0.5233333333333333,37794,0.0
0.5333333333333333,7708,0.0
0.5333333333333333,48762,0.0
0.5333333333333333,14570,0.0
0.5333333333333333,0,0.0
0.5366666666666666,0,0.0
0.5533333333333333,19978,0.0
0.5333333333333333,40026,0.0
0.5366666666666666,32718,0.0
0.45666666666666667,24160,0.0
0.5466666666666666,0,0.0
0.5333333333333333,0,0.0
0.54,0,0.0
0.5183333333333334,22134,0.0
0.5366666666666666,0,0.0
0.55,0,0.0
0.5333333333333333,38314,0.0
0.5333333333333333,18984,0.0
0.53,11548,0.0
0.54,16500,0.0
0.5333333333333333,0,0.0
0.525,33669,0.0
0.5283333333333333,23600,0.0
0.5333333333333333,35253,0.0
0.5483333333333333,34635,0.0
0.5466666666666667,0,0.0
0.5333333333333333,38344,0.0
0.49333333333333335,41024,0.0
0.5333333333333333,0,0.0
0.5433333333333333,-146,0.0
0.44,49908,0.0
0.5333333333333333,25212,0.0
0.52,0,0.0
0.5333333333333333,18778,0.0
0.5666666666666667,0,0.0
0.5516666666666667,30230,0.0
0.5333333333333333,16122,0.0
0.5366666666666666,0,0.0
0.5433333333333333,20868,0.0
0.48333333333333334,50826,0.0
0.47333333333333333,0,0.0
0.5533333333333333,0,0.0
0.5466666666666666,0,0.0
0.49666666666666665,0,0.0
0.5433333333333333,0,0.0
0.5333333333333333,24656,0.0
0.55,0,0.0
0.43,37062,0.0
0.5183333333333334,30940,0.0
0.445,0,0.0
0.5333333333333333,33741,0.0
0.43333333333333335,35250,0.0
0.535,52836,0.0
0.5366666666666666,17728,0.0
0.55,0,0.0
0.5333333333333333,33344,0.0
0.5433333333333333,0,0.0
0.5283333333333333,26850,0.0
0.47833333333333333,38508,0.0
0.535,18800,0.0
0.5333333333333333,0,0.0
0.485,61584,0.0
0.45,56316,0.0
0.5333333333333333,11389,0.0
0.48833333333333334,32288,0.0
0.5366666666666666,0,0.0
0.5366666666666666,17300,0.0
0.5333333333333333,34272,0.0
0.49333333333333335,26998,0.0
0.5333333333333333,22270,0.0
0.49333333333333335,0,0.0
0.5266666666666667,16605,0.0
0.47333333333333333,24057,0.0
0.49333333333333335,72512,0.0
0.5266666666666667,31101,0.0
0.5466666666666666,0,0.0
0.5333333333333333,18050,0.0
0.5483333333333333,0,0.0
0.5333333333333333,12014,0.0
0.5366666666666666,10802,0.0
0.49833333333333335,0,0.0
0.5333333333333333,0,0.0
0.5333333333333333,0,0.0
0.5266666666666667,24362,0.0
0.5333333333333333,15916,0.0
0.4,41430,0.0
0.5333333333333333,29848,0.0
0.525,41337,0.0
0.54,32010,0.0
0.5366666666666666,28498,0.0
0.54,0,0.0
0.4766666666666667,15579,0.0
0.4816666666666667,27064,0.0
0.54,0,0.0
0.5283333333333333,15372,0.0
0.5333333333333333,-1980,0.0
0.5066666666666667,25813,0.0
0.5383333333333333,0,0.0
0.5333333333333333,-8795,0.0
0.5333333333333333,0,0.0
0.5233333333333333,0,0.0
0.5366666666666666,38322,0.0
0.5333333333333333,0,0.0
0.5133333333333333,0,0.0
0.5083333333333334,40836,0.0
0.5333333333333333,32336,0.0
0.5333333333333333,0,0.0
0.5133333333333333,0,0.0
0.5366666666666666,0,0.0
0.4166666666666667,0,0.0
0.5516666666666667,0,0.0
0.4583333333333333,64224,0.0
0.435,64545,0.0
0.5333333333333333,20702,0.0
0.5366666666666666,19528,0.0
0.5366666666666666,37384,0.0
0.5333333333333333,0,0.0
0.5333333333333333,6308,0.0
0.5333333333333333,11078,0.0
0.5366666666666666,22688,0.0
0.48833333333333334,43359,0.0
0.5133333333333333,0,0.0
0.5333333333333333,24417,0.0
0.4683333333333333,0,0.0
0.5466666666666666,17782,0.0
0.5433333333333333,18254,0.0
0.5333333333333333,43869,0.0
0.4733333333333334,43173,0.0
0.5516666666666667,0,0.0
0.4733333333333334,65118,0.0
0.5333333333333333,12663,0.0
0.5433333333333333,0,0.0
0.5333333333333333,0,0.0
0.55,0,0.0
0.4966666666666667,50552,0.0
0.5333333333333333,506,0.0
0.5333333333333333,15699,0.0
0.5166666666666666,26140,0.0
0.5333333333333333,7486,0.0
0.5433333333333333,26991,0.0
0.5333333333333333,42765,0.0
0.5033333333333333,22886,0.0
0.5333333333333333,12076,0.0
0.5516666666666667,0,0.0
0.55,0,0.0
0.5333333333333333,33858,0.0
0.5333333333333333,0,0.0
0.5333333333333333,47568,0.0
0.535,55797,0.0
0.5483333333333333,0,0.0
0.4583333333333333,54900,0.0
0.5333333333333333,13360,0.0
0.5333333333333333,25906,0.0
0.5333333333333333,20488,0.0
0.5333333333333333,37284,0.0
0.5333333333333333,0,0.0
0.48000000000000004,15844,0.0
0.54,-15050,0.0
0.5333333333333333,17934,0.0
0.5333333333333333,3405,0.0
0.5333333333333333,0,0.0
0.54,0,0.0
0.5266666666666667,0,0.0
0.5166666666666666,0,0.0
0.5533333333333333,0,0.0
0.5333333333333333,12876,0.0
0.5433333333333333,0,0.0
0.5333333333333333,0,0.0
0.5466666666666667,0,0.0
0.5333333333333333,6434,0.0
0.5333333333333333,27874,0.0
0.5333333333333333,0,0.0
0.5366666666666666,55404,0.0
0.5333333333333333,69816,0.0
0.5333333333333333,19762,0.0
0.535,16572,0.0
0.5283333333333333,47888,0.0
0.4666666666666667,76384,0.0
0.54,0,0.0
0.5333333333333333,15811,0.0
0.5366666666666666,64720,0.0
0.5366666666666666,27968,0.0
0.5483333333333333,15326,0.0
0.49833333333333335,40762,0.0
0.5133333333333333,20539,0.0
0.4966666666666667,16354,0.0
0.5033333333333333,13559,0.0
0.5366666666666666,19539,0.0
0.5083333333333333,31099,0.0
0.5133333333333333,18908,0.0
0.5333333333333333,-21736,0.0
0.5333333333333333,39732,0.0
0.48833333333333334,24858,0.0
0.5466666666666667,7646,0.0
0.5133333333333333,25763,0.0
0.5333333333333333,8719,0.0
0.5333333333333333,2267,0.0
0.5333333333333333,-6230,0.0
0.5333333333333333,22682,0.0
0.54,0,0.0
0.5333333333333333,10480,0.0
0.5333333333333333,16326,0.0
0.5333333333333333,0,0.0
0.49333333333333335,63537,0.0
0.53,11754,0.0
0.48833333333333334,0,0.0
0.5466666666666667,9390,0.0
0.5366666666666666,0,0.0
0.48333333333333334,14833,0.0
0.5366666666666666,0,0.0
0.5333333333333333,-1296,0.0
0.475,49956,0.0
0.5333333333333333,53990,0.0
0.5533333333333333,17631,0.0
0.5533333333333333,15931,0.0
0.4866666666666667,39460,0.0
0.5333333333333333,20343,0.0
0.5333333333333333,21160,0.0
0.5233333333333333,11652,0.0
0.5133333333333333,46740,0.0
0.5266666666666667,14160,0.0
0.5033333333333333,33978,0.0
0.5,0,0.0
0.5333333333333333,0,0.0
0.31666666666666665,0,0.0
0.5133333333333333,9640,0.0
0.49333333333333335,0,0.0
0.5433333333333333,1554,0.0
0.5333333333333333,-3874,0.0
0.5233333333333333,13152,0.0
0.54,0,0.0
0.53,21626,0.0
0.5333333333333333,29578,0.0
0.5333333333333333,17044,0.0
0.5266666666666667,26066,0.0
0.5333333333333333,23418,0.0
0.5366666666666666,0,0.0
0.5333333333333333,23982,0.0
0.4683333333333334,30069,0.0
0.5366666666666666,19656,0.0
0.5366666666666666,56988,0.0
0.4766666666666667,17798,0.0
0.525,25536,0.0
0.5333333333333333,24394,0.0
0.5233333333333333,17584,0.0
0.5333333333333333,13342,0.0
0.5283333333333333,10202,0.0
0.54,19056,0.0
0.5333333333333333,9730,0.0
0.5283333333333333,26247,0.0
0.5433333333333333,16026,0.0
0.5366666666666666,31934,0.0
0.5233333333333333,46320,0.0
0.54,19112,0.0
0.545,13074,0.0
0.55,34014,0.0
0.49833333333333335,21840,0.0
0.5033333333333333,30314,0.0
0.5333333333333333,46773,0.0
0.5333333333333333,22634,0.0
0.5333333333333333,-4620,0.0
0.5333333333333333,9340,0.0
0.5033333333333333,44386,0.0
0.4583333333333333,41482,0.0
0.5366666666666666,18688,0.0
0.4833333333333334,0,0.0
0.5333333333333333,8696,0.0
0.5183333333333334,24690,0.0
0.5333333333333333,3278,0.0
0.5133333333333333,13468,0.0
0.5333333333333333,32074,0.0
0.5533333333333333,0,0.0
0.5233333333333333,18114,0.0
0.47833333333333333,11476,0.0
0.5283333333333333,17384,0.0
0.5333333333333333,0,0.0
0.5283333333333333,37401,0.0
0.47833333333333333,37722,0.0
0.5333333333333333,7021,0.0
0.5366666666666666,34736,0.0
0.5366666666666666,0,0.0
0.4733333333333334,11211,0.0
0.5333333333333333,17170,0.0
0.5233333333333333,30416,0.0
0.48000000000000004,18328,0.0
0.5333333333333333,11958,0.0
0.5283333333333333,9937,0.0
0.5333333333333333,8295,0.0
0.5333333333333333,32346,0.0
0.5066666666666667,40516,0.0
0.55,12791,0.0
0.5166666666666666,0,0.0
0.5533333333333333,29932,0.0
0.5333333333333333,-8670,0.0
0.5583333333333333,27223,0.0
0.5333333333333333,-12300,0.0
0.5333333333333333,13946,0.0
0.5433333333333333,0,0.0
0.5366666666666666,0,0.0
0.5333333333333333,-38684,0.0
0.43833333333333335,50170,0.0
0.5333333333333333,19950,0.0
0.5416666666666667,26901,0.0
0.5333333333333333,-30635,0.0
0.5333333333333333,14396,0.0
0.5333333333333333,15920,0.0
0.5333333333333333,15508,0.0
0.5133333333333333,9110,0.0
0.4966666666666667,13232,0.0
0.54,0,0.0
0.5333333333333333,26142,0.0
0.5333333333333333,14848,0.0
0.4733333333333334,29772,0.0
0.5333333333333333,11752,0.0
0.5333333333333333,11966,0.0
0.5333333333333333,25730,0.0
0.535,19787,0.0
0.5366666666666666,0,0.0
0.5333333333333333,24196,0.0
0.54,14642,0.0
0.5233333333333333,11004,0.0
0.5333333333333333,25122,0.0
0.5483333333333333,8951,0.0
0.55,26092,0.0
0.5066666666666667,0,0.0
0.55,0,0.0
0.5333333333333333,-14,0.0
0.5533333333333333,0,0.0
0.5333333333333333,9719,0.0
0.5033333333333333,0,0.0
0.53,0,0.0
0.4583333333333333,23792,0.0
0.5333333333333333,0,0.0
0.5333333333333333,0,0.0
0.5366666666666666,32954,0.0
0.5283333333333333,14410,0.0
0.54,21340,0.0
0.5333333333333333,19704,0.0
0.4733333333333334,30844,0.0
0.54,0,0.0
0.48833333333333334,48196,0.0
0.5483333333333333,22494,0.0
0.49833333333333335,26556,0.0
0.5433333333333333,0,0.0
0.5233333333333333,8674,0.0
0.5466666666666666,0,0.0
0.5333333333333333,11326,0.0
0.48833333333333334,50433,0.0
0.5333333333333333,15594,0.0
0.535,24064,0.0
0.54,40490,0.0
0.4666666666666667,21438,0.0
0.535,47248,0.0
0.4033333333333334,73134,0.0
0.5333333333333333,24608,0.0
0.5283333333333333,14616,0.0
0.535,19680,0.0
0.5366666666666666,13136,0.0
0.5333333333333333,27224,0.0
0.555,19771,0.0
0.5333333333333333,7445,0.0
0.4916666666666667,30026,0.0
0.4866666666666667,23046,0.0
0.5333333333333333,6212,0.0
0.5033333333333333,19206,0.0
0.5333333333333333,10052,0.0
0.52,3541,0.0
0.55,25717,0.0
0.5333333333333333,11772,0.0
0.43333333333333335,63360,0.0
0.5333333333333333,-12867,0.0
0.5183333333333334,17616,0.0
0.5333333333333333,-8915,0.0
0.5133333333333333,19492,0.0
0.5333333333333333,22518,0.0
0.525,52344,0.0
0.5233333333333333,0,0.0
0.5283333333333333,26612,0.0
0.5333333333333333,-1946,0.0
0.5333333333333333,15745,0.0
0.5333333333333333,13513,0.0
0.5416666666666667,-6314,0.0
0.5333333333333333,15184,0.0
0.54,22164,0.0
0.545,0,0.0
0.5183333333333334,8896,0.0
0.55,24730,0.0
0.5333333333333333,26120,0.0
0.5466666666666666,0,0.0
0.5333333333333333,0,0.0
0.5466666666666666,21741,0.0
0.5166666666666667,52868,0.0
0.5333333333333333,18542,0.0
0.5533333333333333,0,0.0
0.5083333333333333,20016,0.0
0.5333333333333333,26755,0.0
0.5466666666666666,20362,0.0
0.55,0,0.0
0.5333333333333333,-481,0.0
0.5333333333333333,7732,0.0
0.5033333333333333,21526,0.0
0.5333333333333333,3666,0.0
0.5333333333333333,-4360,0.0
0.475,32849,0.0
0.5366666666666666,22212,0.0
0.5233333333333333,38188,0.0
0.5366666666666666,14744,0.0
0.45,32638,0.0
0.5333333333333333,-6182,0.0
0.41000000000000003,0,0.0
0.5333333333333333,666,0.0
0.5633333333333334,0,0.0
0.5333333333333333,11458,0.0
0.5133333333333333,0,0.0
0.5,0,0.0
0.5333333333333333,-4256,0.0
0.5233333333333333,0,0.0
0.5333333333333333,55136,0.0
0.5333333333333333,13116,0.0
0.5333333333333333,-21308,0.0
0.49833333333333335,37086,0.0
0.5266666666666667,31071,0.0
0.5383333333333333,0,0.0
0.47333333333333333,55695,0.0
0.5333333333333333,20563,0.0
0.48000000000000004,43490,0.0
0.47,19336,0.0
0.5333333333333333,13692,0.0
0.4966666666666667,14465,0.0
0.4733333333333334,28481,0.0
0.5333333333333333,29661,0.0
0.5333333333333333,11859,0.0
0.5033333333333333,21445,0.0
0.5033333333333333,1960,0.0
0.5333333333333333,42693,0.0
0.5033333333333333,33292,0.0
0.45666666666666667,42218,0.0
0.5333333333333333,18846,0.0
0.5333333333333333,49329,0.0
0.5333333333333333,0,0.0
0.5333333333333333,34632,0.0
0.51,37590,0.0
0.5333333333333333,-990,0.0
0.5333333333333333,-4470,0.0
0.54,0,0.0
0.44,28005,0.0
0.5083333333333333,1436,0.0
0.54,27032,0.0
0.5333333333333333,-21832,0.0
0.5333333333333333,9490,0.0
0.52,0,0.0
0.5333333333333333,6116,0.0
0.5333333333333333,0,0.0
0.5333333333333333,30222,0.0
0.5333333333333333,12997,0.0
0.5133333333333333,40104,0.0
0.4533333333333333,33482,0.0
0.5383333333333333,19977,0.0
0.49833333333333335,26144,0.0
0.5333333333333333,30138,0.0
0.5433333333333333,5822,0.0
0.5333333333333333,7773,0.0
0.5333333333333333,33082,0.0
0.5333333333333333,0,0.0
0.5333333333333333,7335,0.0
0.5333333333333333,30136,0.0
0.5333333333333333,22684,0.0
0.5166666666666666,6574,0.0
0.5333333333333333,0,0.0
0.5333333333333333,4218,0.0
0.5333333333333333,13796,0.0
0.5333333333333333,-14918,0.0
0.48333333333333334,26272,0.0
0.5333333333333333,2640,0.0
0.5333333333333333,-29980,0.0
0.4733333333333334,18812,0.0
0.48333333333333334,30255,0.0
0.5333333333333333,34612,0.0
0.5333333333333333,-39208,0.0
0.3866666666666667,37193,0.0
0.5333333333333333,-228,0.0
0.5333333333333333,24411,0.0
0.46,0,0.0
0.39666666666666667,39618,0.0
0.54,26045,0.0
0.5333333333333333,14008,0.0
0.495,36206,0.0
0.535,19065,0.0
0.5333333333333333,9540,0.0
0.5533333333333333,0,0.0
0.5333333333333333,11613,0.0
0.5066666666666667,21774,0.0
0.55,22550,0.0
0.5333333333333333,0,0.0
0.52,7666,0.0
0.4916666666666667,0,0.0
0.5333333333333333,-7238,0.0
0.5566666666666666,0,0.0
0.52,1450,0.0
0.53,6107,0.0
0.54,23151,0.0
0.5333333333333333,14320,0.0
0.5333333333333333,14938,0.0
0.51,0,0.0
0.49833333333333335,18518,0.0
0.5,26731,0.0
0.475,54894,0.0
0.5333333333333333,18186,0.0
0.5333333333333333,7311,0.0
0.45333333333333337,54934,0.0
0.5433333333333333,0,0.0
0.5366666666666666,18593,0.0
0.5333333333333333,28912,0.0
0.545,8590,0.0
0.5333333333333333,18960,0.0
0.5066666666666667,0,0.0
0.535,14753,0.0
0.4766666666666666,36592,0.0
0.5333333333333333,24914,0.0
0.5466666666666667,16270,0.0
0.5316666666666667,0,0.0
0.5233333333333333,28752,0.0
0.5333333333333333,6722,0.0
0.5466666666666666,0,0.0
0.53,15410,0.0
0.54,0,0.0
0.5333333333333333,13087,0.0
0.5333333333333333,16171,0.0
0.5333333333333333,21300,0.0
0.5333333333333333,7958,0.0
0.52,0,0.0
0.5333333333333333,2604,0.0
0.5333333333333333,-958,0.0
0.5166666666666666,0,0.0
0.5333333333333333,7730,0.0
0.5433333333333333,0,0.0
0.5333333333333333,9247,0.0
0.5333333333333333,17460,0.0
0.5183333333333334,11798,0.0
0.5333333333333333,10284,0.0
0.5333333333333333,35492,0.0
0.535,17289,0.0
0.455,19874,0.0
0.42833333333333334,28250,0.0
0.48333333333333334,18494,0.0
0.4766666666666667,11469,0.0
0.495,18299,0.0
0.5666666666666667,13720,0.0
0.525,38646,0.0
0.48500000000000004,13846,0.0
0.49000000000000005,13570,0.0
0.465,14976,0.0
0.48666666666666664,23697,0.0
0.57,15561,0.0
0.48666666666666664,25135,0.0
0.5,0,0.0
0.5,32088,0.0
0.515,0,0.0
0.565,18908,0.0
0.5716666666666667,19201,0.0
0.4666666666666667,18216,0.0
0.57,16033,0.0
0.5,18489,0.0
0.505,0,0.0
0.5,21372,0.0
0.4966666666666667,11686,0.0
0.4633333333333334,13824,0.0
0.4766666666666667,28983,0.0
0.45,35036,0.0
0.5433333333333334,10797,0.0
0.505,0,0.0
0.475,0,0.0
0.5366666666666666,22367,0.0
0.48333333333333334,18102,0.0
0.4966666666666667,13547,0.0
0.5,0,0.0
0.49333333333333335,27044,0.0
0.51,-11463,0.0
0.4966666666666667,0,0.0
0.445,24074,0.0
0.57,39716,0.0
0.5083333333333334,11915,0.0
0.4316666666666667,14431,0.0
0.5,18390,0.0
0.505,0,0.0
0.5,32649,0.0
0.5033333333333333,0,0.0
0.485,0,0.0
0.49000000000000005,11380,0.0
0.475,24097,0.0
0.39333333333333337,0,0.0
0.435,20920,0.0
0.5633333333333334,20636,0.0
0.5366666666666666,0,0.0
0.48000000000000004,0,0.0
0.40666666666666673,32858,0.0
0.485,0,0.0
0.41833333333333333,23008,0.0
0.495,8446,0.0
0.5466666666666667,12546,0.0
0.49,0,0.0
0.5583333333333333,27726,0.0
0.49833333333333335,0,0.0
0.5,20972,0.0
0.545,11904,0.0
0.47833333333333333,12621,0.0
0.5166666666666667,36342,0.0
0.5566666666666666,-2033,0.0
0.515,0,0.0
0.48,12818,0.0
0.5166666666666667,14296,0.0
0.4666666666666667,22945,0.0
0.4666666666666667,24383,0.0
0.45833333333333337,0,0.0
0.4716666666666667,0,0.0
0.5166666666666666,1524,0.0
0.45,13067,0.0
0.5683333333333334,11776,0.0
0.5533333333333333,0,0.0
0.5233333333333333,11491,0.0
0.48500000000000004,10228,0.0
0.535,19777,0.0
0.5,0,0.0
0.42000000000000004,21064,0.0
0.4166666666666667,15583,0.0
0.4800000000000001,16058,0.0
0.51,0,0.0
0.46,15874,0.0
0.5133333333333333,21244,0.0
0.54,10752,0.0
0.5,26656,0.0
0.48000000000000004,23983,0.0
0.48000000000000004,21895,0.0
0.4966666666666667,23005,0.0
0.4766666666666667,0,0.0
0.5666666666666667,21522,0.0
0.5533333333333333,3076,0.0
0.51,0,0.0
0.505,0,0.0
0.495,12795,0.0
0.4566666666666667,23274,0.0
0.5133333333333334,11515,0.0
0.43666666666666665,20520,0.0
0.505,0,0.0
0.5533333333333333,12910,0.0
0.5,29354,0.0
0.5383333333333333,0,0.0
0.57,16897,0.0
0.42833333333333334,26378,0.0
0.5,0,0.0
0.525,0,0.0
0.45,15812,0.0
0.5083333333333334,13508,0.0
0.4166666666666667,0,0.0
0.51,0,0.0
0.51,0,0.0
0.56,22940,0.0
0.43333333333333335,20704,0.0
0.5,0,0.0
0.47333333333333333,0,0.0
0.505,19542,0.0
0.5666666666666667,24866,0.0
0.5533333333333333,14259,0.0
0.495,0,0.0
0.44833333333333336,16128,0.0
0.525,17682,0.0
0.515,0,0.0
0.4633333333333334,17064,0.0
0.56,5203,0.0
0.55,6586,0.0
0.4866666666666667,0,0.0
0.52,24484,0.0
0.49999999999999994,10763,0.0
0.4666666666666667,0,0.0
0.43333333333333335,19768,0.0
0.4966666666666667,0,0.0
0.3433333333333333,0,0.0
0.5,0,0.0
0.5683333333333334,17716,0.0
0.45166666666666666,28046,0.0
0.51,0,0.0
0.49833333333333335,0,0.0
0.5,15142,0.0
0.4816666666666667,14462,0.0
0.5533333333333333,7130,0.0
0.5466666666666667,11406,0.0
0.45,0,0.0
0.56,9182,0.0
0.5233333333333333,14966,0.0
0.5366666666666666,0,0.0
0.5483333333333333,0,0.0
0.525,26,0.0
0.49833333333333335,876,0.0
0.5366666666666667,20108,0.0
0.4966666666666667,18134,0.0
0.5233333333333333,0,0.0
0.4966666666666667,19131,0.0
0.525,16244,0.0
0.5333333333333333,17599,0.0
0.49833333333333335,14680,0.0
0.495,13202,0.0
0.54,0,0.0
0.5366666666666666,0,0.0
0.45,15520,0.0
0.5333333333333333,0,0.0
0.5666666666666667,12316,0.0
0.53,0,0.0
0.5166666666666667,13920,0.0
0.5166666666666667,32166,0.0
0.4816666666666667,18383,0.0
0.4733333333333334,0,0.0
0.45,17381,0.0
0.4816666666666667,20438,0.0
0.5483333333333333,0,0.0
0.505,23265,0.0
0.4966666666666667,21729,0.0
0.505,0,0.0
0.505,22751,0.0
0.5133333333333334,45838,0.0
0.5433333333333333,0,0.0
0.525,10569,0.0
0.475,0,0.0
0.4916666666666667,10351,0.0
0.5433333333333333,0,0.0
0.5383333333333333,26758,0.0
0.4616666666666666,0,0.0
0.5366666666666666,0,0.0
0.5366666666666666,0,0.0
0.5433333333333334,13271,0.0
0.47833333333333333,0,0.0
0.5283333333333333,0,0.0
0.505,0,0.0
0.5083333333333334,14003,0.0
0.4966666666666667,32344,0.0
0.5,19511,0.0
0.5533333333333333,19958,0.0
0.5083333333333334,15864,0.0
0.5083333333333333,36546,0.0
0.49000000000000005,0,0.0
0.4783333333333333,34876,0.0
0.5433333333333334,16220,0.0
0.54,21778,0.0
0.5633333333333334,12822,0.0
0.5683333333333334,32436,0.0
0.53,0,0.0
0.4966666666666667,15832,0.0
0.48500000000000004,0,0.0
0.505,20169,0.0
0.5266666666666667,0,0.0
0.48333333333333334,16439,0.0
0.53,0,0.0
0.5066666666666666,3655,0.0
0.5566666666666666,8093,0.0
0.4966666666666667,19972,0.0
0.52,0,0.0
0.5466666666666667,0,0.0
0.5133333333333333,0,0.0
0.42,36560,0.0
0.5416666666666667,22262,0.0
0.49999999999999994,12624,0.0
0.5,8090,0.0
0.5233333333333333,0,0.0
0.53,6928,0.0
0.5533333333333333,7341,0.0
0.52,0,0.0
0.53,8625,0.0
0.56,17964,0.0
0.49333333333333335,9845,0.0
0.4966666666666667,20404,0.0
0.5333333333333333,0,0.0
0.49833333333333335,15326,0.0
0.5,19838,0.0
0.49,16332,0.0
0.4816666666666667,14854,0.0
0.4966666666666667,17270,0.0
0.49833333333333335,17187,0.0
0.57,15961,0.0
0.4966666666666667,11258,0.0
0.5,0,0.0
0.54,16050,0.0
0.5,19111,0.0
0.535,17668,0.0
0.475,0,0.0
0.45,0,0.0
0.5333333333333333,20447,0.0
0.4666666666666667,0,0.0
0.47333333333333333,19305,0.0
0.555,28754,0.0
0.5266666666666667,0,0.0
0.5683333333333334,33236,0.0
0.525,0,0.0
0.5266666666666667,0,0.0
0.5683333333333334,15878,0.0
0.5433333333333333,0,0.0
0.49333333333333335,0,0.0
0.51,21321,0.0
0.465,0,0.0
0.4966666666666667,0,0.0
0.49333333333333335,8407,0.0
0.49333333333333335,0,0.0
0.5466666666666667,14282,0.0
0.4966666666666667,12086,0.0
0.4816666666666667,16715,0.0
0.5533333333333333,21316,0.0
0.49833333333333335,0,0.0
0.5566666666666668,32310,0.0
0.4816666666666667,0,0.0
0.535,21215,0.0
0.46166666666666667,13773,0.0
0.545,0,0.0
0.535,0,0.0
0.45,16958,0.0
0.5683333333333334,37412,0.0
0.4466666666666667,19325,0.0
0.555,34254,0.0
0.525,14042,0.0
0.54,22180,0.0
0.4816666666666667,16950,0.0
0.5,15709,0.0
0.5583333333333333,1752,0.0
0.455,21312,0.0
0.56,17548,0.0
0.49000000000000005,18900,0.0
0.52,0,0.0
0.445,10039,0.0
0.54,8264,0.0
0.54,0,0.0
0.4966666666666667,0,0.0
0.5,0,0.0
0.56,18764,0.0
0.525,15448,0.0
0.43000000000000005,12343,0.0
0.5,0,0.0
0.5666666666666667,13206,0.0
0.5666666666666667,14555,0.0
0.5,17147,0.0
0.55,15689,0.0
0.525,25042,0.0
0.5166666666666667,0,0.0
0.5633333333333334,6398,0.0
0.44166666666666665,26350,0.0
0.45000000000000007,23760,0.0
0.5083333333333333,23796,0.0
0.45833333333333337,0,0.0
0.465,0,0.0
0.4533333333333333,24489,0.0
0.5333333333333333,0,0.0
0.37999999999999995,28548,0.0
0.39666666666666667,34029,0.0
0.5,19008,0.0
0.5233333333333333,14292,0.0
0.5466666666666667,15952,0.0
0.5533333333333333,10394,0.0
0.44333333333333336,21770,0.0
0.5,0,0.0
0.49999999999999994,11204,0.0
0.45,18616,0.0
0.44833333333333336,17464,0.0
0.5383333333333333,0,0.0
0.49833333333333335,11432,0.0
0.445,15122,0.0
0.5033333333333333,0,0.0
0.5,0,0.0
0.4466666666666667,11191,0.0
0.5666666666666667,12282,0.0
0.5,0,0.0
0.4816666666666667,18388,0.0
0.45,0,0.0
0.515,0,0.0
0.4866666666666667,13468,0.0
0.5733333333333334,22797,0.0
0.5683333333333334,16802,0.0
0.5,15946,0.0
0.535,8168,0.0
0.555,0,0.0
0.5166666666666666,0,0.0
0.4633333333333333,0,0.0
0.5666666666666667,25244,0.0
0.5066666666666666,622,0.0
0.4916666666666667,0,0.0
0.44166666666666665,0,0.0
0.4166666666666667,0,0.0
0.51,0,0.0
0.5166666666666667,0,0.0
0.4666666666666667,8633,0.0
0.4966666666666667,14719,0.0
0.5466666666666667,6801,0.0
0.48,0,0.0
0.5466666666666667,13254,0.0
0.5333333333333333,0,0.0
0.505,17681,0.0
0.4816666666666667,0,0.0
0.44833333333333336,32732,0.0
0.51,0,0.0
0.5166666666666667,31366,0.0
0.5,19003,0.0
0.48500000000000004,13970,0.0
0.47833333333333333,14709,0.0
0.51,23182,0.0
0.5,19114,0.0
0.55,0,0.0
0.47000000000000003,0,0.0
0.475,0,0.0
0.5133333333333333,5465,0.0
0.5133333333333333,0,0.0
0.48333333333333334,26831,0.0
0.43000000000000005,13279,0.0
0.5466666666666666,4282,0.0
0.5083333333333333,29859,0.0
0.5366666666666666,20636,0.0
0.5166666666666667,15155,0.0
0.5566666666666668,33138,0.0
0.2,0,0.0
0.5083333333333333,29862,0.0
0.45333333333333337,19912,0.0
0.5133333333333333,0,0.0
0.5399999999999999,-10190,0.0
0.52,0,0.0
0.4533333333333333,8449,0.0
0.495,9479,0.0
0.5416666666666667,27848,0.0
0.4666666666666667,13373,0.0
0.49333333333333335,0,0.0
0.515,0,0.0
0.4616666666666666,0,0.0
0.5133333333333333,-9396,0.0
0.5233333333333333,11361,0.0
0.47333333333333333,20743,0.0
0.53,0,0.0
0.52,8230,0.0
0.5433333333333333,0,0.0
0.5333333333333333,0,0.0
0.53,21156,0.0
0.49833333333333335,28970,0.0
0.4966666666666667,13289,0.0
0.48833333333333334,25190,0.0
0.44833333333333336,30060,0.0
0.5266666666666667,13022,0.0
0.48666666666666664,6370,0.0
0.46,8532,0.0
0.535,0,0.0
0.5266666666666667,0,0.0
0.5716666666666667,19012,0.0
0.4666666666666667,16234,0.0
0.4716666666666667,0,0.0
0.5666666666666667,14366,0.0
0.5533333333333333,-8501,0.0
0.4066666666666667,33629,0.0
0.5133333333333334,10656,0.0
0.48333333333333334,0,0.0
0.475,32426,0.0
0.43666666666666665,38844,0.0
0.5583333333333333,3088,0.0
0.5,15461,0.0
0.49833333333333335,18051,0.0
0.5033333333333333,0,0.0
0.49833333333333335,0,0.0
0.49833333333333335,0,0.0
0.535,20878,0.0
0.5366666666666666,0,0.0
0.5533333333333333,15595,0.0
0.535,0,0.0
0.5383333333333333,0,0.0
0.535,19529,0.0
0.5366666666666666,0,0.0
0.56,30424,0.0
0.5516666666666667,0,0.0
0.465,0,0.0
0.5383333333333333,0,0.0
0.5066666666666666,17059,0.0
0.45,14184,0.0
0.5333333333333333,22308,0.0
0.57,18049,0.0
0.5683333333333334,33380,0.0
0.5683333333333334,35108,0.0
0.555,25878,0.0
0.4666666666666667,15811,0.0
0.5133333333333333,20844,0.0
0.465,19494,0.0
0.465,12706,0.0
0.5033333333333333,0,0.0
0.5383333333333333,0,0.0
0.445,21402,0.0
0.46166666666666667,10579,0.0
0.465,16963,0.0
0.535,0,0.0
0.49833333333333335,0,0.0
0.4666666666666667,17052,0.0
0.465,22370,0.0
0.4466666666666667,17989,0.0
0.42833333333333334,25578,0.0
0.46,12132,0.0
0.46166666666666667,12667,0.0
0.5,10815,0.0
0.5616666666666666,0,0.0
0.5716666666666667,20965,0.0
0.5633333333333334,7734,0.0
0.52,11808,0.0
0.5366666666666666,20929,0.0
0.47,1302,0.0
0.5083333333333333,5813,0.0
0.5366666666666666,21853,0.0
0.53,17207,0.0
0.43000000000000005,28682,0.0
0.5683333333333334,14409,0.0
0.5333333333333333,2009,0.0
0.45833333333333337,6930,0.0
0.5733333333333334,25285,0.0
0.44333333333333336,14210,0.0
0.5716666666666667,21645,0.0
0.5366666666666667,9245,0.0
0.47333333333333333,-25191,0.0
0.5316666666666667,0,0.0
0.5066666666666667,0,0.0
0.4633333333333334,12960,0.0
0.54,0,0.0
0.4666666666666667,10133,0.0
0.47333333333333333,0,0.0
0.54,0,0.0
0.5383333333333333,0,0.0
0.445,8703,0.0
0.5266666666666667,14883,0.0
0.44333333333333336,19098,0.0
0.53,0,0.0
0.46166666666666667,8892,0.0
0.5466666666666667,0,0.0
0.45,17280,0.0
0.4666666666666667,0,0.0
0.5266666666666667,0,0.0
0.45333333333333337,21609,0.0
0.45333333333333337,23047,0.0
0.5266666666666667,0,0.0
0.45333333333333337,0,0.0
0.43333333333333335,19368,0.0
0.5333333333333333,0,0.0
0.44833333333333336,16600,0.0
0.5033333333333333,0,0.0
0.5516666666666667,0,0.0
0.535,0,0.0
0.46166666666666667,12634,0.0
0.44833333333333336,32936,0.0
0.5,0,0.0
0.535,0,0.0
0.53,12768,0.0
0.55,17025,0.0
0.465,14908,0.0
0.4466666666666667,12532,0.0
0.5333333333333333,0,0.0
0.475,19879,0.0
0.465,18401,0.0
0.5,17565,0.0
0.4666666666666667,0,0.0
0.4666666666666667,11285,0.0
0.5366666666666666,0,0.0
0.4633333333333334,10044,0.0
0.5733333333333334,23269,0.0
0.5,14504,0.0
0.5616666666666666,10324,0.0
0.55,0,0.0
0.4916666666666667,0,0.0
0.53,0,0.0
0.4716666666666667,2454,0.0
0.5233333333333333,13782,0.0
0.535,20701,0.0
0.54,0,0.0
0.45,7297,0.0
0.5266666666666667,16055,0.0
0.4316666666666667,13095,0.0
0.43833333333333335,51178,0.0
0.41000000000000003,35181,0.0
0.47000000000000003,26793,0.0
0.5166666666666666,3914,0.0
0.5066666666666667,1610,0.0
0.55,0,0.0
0.5333333333333333,0,0.0
0.46,11482,0.0
0.31,38421,0.0
0.5466666666666667,9600,0.0
0.46,9427,0.0
0.465,16346,0.0
0.465,0,0.0
0.5666666666666667,22734,0.0
0.5633333333333334,46782,0.0
0.525,28017,0.0
0.475,18441,0.0
0.52,0,0.0
0.465,14112,0.0
0.4633333333333334,16200,0.0
0.5533333333333333,48510,0.0
0.5166666666666666,28881,0.0
0.53,0,0.0
0.54,0,0.0
0.54,0,0.0
0.525,19907,0.0
0.5633333333333334,8894,0.0
0.4666666666666667,15614,0.0
0.5466666666666667,0,0.0
0.5166666666666667,43826,0.0
0.55,0,0.0
0.5466666666666667,0,0.0
0.55,0,0.0
0.545,15607,0.0
0.5583333333333333,23598,0.0
0.53,10486,0.0
0.5416666666666667,22662,0.0
0.535,0,0.0
0.5483333333333333,0,0.0
0.5483333333333333,0,0.0
0.49,38268,0.0
0.5466666666666667,0,0.0
0.4766666666666667,54357,0.0
0.5033333333333334,46638,0.0
0.5,26539,0.0
0.48333333333333334,27545,0.0
0.39499999999999996,25704,0.0
0.44166666666666665,24266,0.0
0.55,0,0.0
0.52,0,0.0
0.53,0,0.0
0.5466666666666667,0,0.0
0.45,15622,0.0
0.5266666666666667,0,0.0
0.55,0,0.0
0.4466666666666667,9855,0.0
0.5483333333333333,0,0.0
0.5416666666666667,24750,0.0
0.46166666666666667,10836,0.0
0.4083333333333333,30033,0.0
0.4566666666666667,14722,0.0
0.46166666666666667,15012,0.0
0.475,27945,0.0
0.575,26437,0.0
0.5683333333333334,13729,0.0
0.4966666666666667,13119,0.0
0.5666666666666667,14970,0.0
0.4166666666666667,30996,0.0
0.45,18548,0.0
0.5233333333333333,0,0.0
0.485,25467,0.0
0.52,0,0.0
0.5033333333333334,-3018,0.0
0.48666666666666664,150,0.0
0.5416666666666667,7595,0.0
0.5566666666666666,0,0.0
0.5583333333333333,0,0.0
0.5366666666666666,1600,0.0
0.47333333333333333,0,0.0
0.53,-3046,0.0
0.44166666666666665,0,0.0
0.5416666666666667,9354,0.0
0.5466666666666667,0,0.0
0.43000000000000005,11943,0.0
0.5166666666666667,16781,0.0
0.44166666666666665,11906,0.0
0.5133333333333334,24017,0.0
0.4633333333333334,17316,0.0
0.53,0,0.0
0.5433333333333333,34038,0.0
0.55,25902,0.0
0.5416666666666667,8182,0.0
0.5166666666666667,53118,0.0
0.5433333333333333,0,0.0
0.4266666666666667,31185,0.0
0.5583333333333333,2899,0.0
0.545,0,0.0
0.5416666666666667,0,0.0
0.5,27684,0.0
0.5416666666666667,0,0.0
0.5,24808,0.0
0.5416666666666667,6321,0.0
0.545,0,0.0
0.545,0,0.0
0.5033333333333334,41128,0.0
0.55,0,0.0
0.5233333333333333,0,0.0
0.5266666666666667,0,0.0
0.52,9489,0.0
0.5633333333333334,7545,0.0
0.5466666666666667,10967,0.0
0.55,0,0.0
0.5333333333333333,18477,0.0
0.5483333333333333,0,0.0
0.5466666666666667,14177,0.0
0.525,18983,0.0
0.4766666666666667,42156,0.0
0.4666666666666667,14373,0.0
0.5533333333333333,6067,0.0
0.4533333333333333,45490,0.0
0.545,0,0.0
0.4766666666666667,39280,0.0
0.5466666666666667,12316,0.0
0.525,34924,0.0
0.5033333333333334,50814,0.0
0.5733333333333334,24133,0.0
0.5133333333333333,0,0.0
0.5316666666666667,0,0.0
0.4916666666666667,0,0.0
0.55,0,0.0
0.48666666666666664,-714,0.0
0.5533333333333333,0,0.0
0.505,0,0.0
0.5283333333333333,17168,0.0
0.49333333333333335,0,0.0
0.5533333333333333,0,0.0
0.5366666666666666,2435,0.0
0.4966666666666667,9862,0.0
0.4466666666666667,22868,0.0
0.52,11350,0.0
0.5466666666666667,12828,0.0
0.525,20421,0.0
0.5483333333333333,0,0.0
0.5466666666666667,0,0.0
0.545,0,0.0
0.5633333333333334,10902,0.0
0.5683333333333334,18138,0.0
0.45,0,0.0
0.5233333333333333,9382,0.0
0.485,0,0.0
0.5133333333333333,2463,0.0
0.5,-4170,0.0
0.4916666666666667,4767,0.0
0.49833333333333335,4768,0.0
0.5283333333333333,0,0.0
0.48333333333333334,5281,0.0
0.48000000000000004,4129,0.0
0.5466666666666667,0,0.0
0.5516666666666667,0,0.0
0.45666666666666667,0,0.0
0.5366666666666666,0,0.0
0.5416666666666667,0,0.0
0.44,18576,0.0
0.44333333333333336,14393,0.0
0.5133333333333334,42116,0.0
0.4783333333333333,28278,0.0
0.4266666666666667,0,0.0
0.53,12293,0.0
0.4833333333333334,27828,0.0
0.51,0,0.0
0.49,0,0.0
0.5383333333333333,20023,0.0
0.45,0,0.0
0.545,7327,0.0
0.5166666666666667,22497,0.0
0.5483333333333333,11587,0.0
0.5033333333333334,-530,0.0
0.5266666666666666,0,0.0
0.53,0,0.0
0.4883333333333334,-5145,0.0
0.5466666666666666,0,0.0
0.525,21256,0.0
0.5533333333333333,15784,0.0
0.48333333333333334,18300,0.0
0.4266666666666667,32224,0.0
0.5016666666666667,19339,0.0
0.5266666666666667,0,0.0
0.30666666666666664,37269,0.0
0.48,9067,0.0
0.48000000000000004,26393,0.0
0.45,18116,0.0
0.48,3644,0.0
0.5066666666666666,3255,0.0
0.5083333333333333,0,0.0
0.495,0,0.0
0.4683333333333333,0,0.0
0.545,14260,0.0
0.4316666666666667,0,0.0
0.5283333333333333,0,0.0
0.48333333333333334,-3636,0.0
0.5366666666666666,0,0.0
0.48,12813,0.0
0.5133333333333333,25641,0.0
0.43000000000000005,27882,0.0
0.49833333333333335,20176,0.0
0.525,15237,0.0
0.5333333333333333,-2294,0.0
0.44333333333333336,26287,0.0
0.5333333333333333,0,0.0
0.4866666666666667,16346,0.0
0.48000000000000004,0,0.0
0.5333333333333333,20961,0.0
0.5166666666666667,18016,0.0
0.4816666666666667,12799,0.0
0.53,0,0.0
0.5383333333333333,27558,0.0
0.52,0,0.0
0.495,22929,0.0
0.45833333333333337,28528,0.0
0.4666666666666667,17352,0.0
0.47,17613,0.0
0.4166666666666667,18785,0.0
0.42833333333333334,20690,0.0
0.5533333333333333,0,0.0
0.36333333333333334,26021,0.0
0.5,18860,0.0
0.535,-3724,0.0
0.47833333333333333,0,0.0
0.56,722,0.0
0.5033333333333333,30122,0.0
0.5166666666666667,22473,0.0
0.5416666666666667,8371,0.0
0.545,13746,0.0
0.4216666666666667,0,0.0
0.5516666666666667,0,0.0
0.53,22048,0.0
0.44333333333333336,24849,0.0
0.3333333333333333,32940,0.0
0.49000000000000005,5022,0.0
0.47,19051,0.0
0.57,15772,0.0
0.535,19718,0.0
0.5416666666666667,0,0.0
0.38,49000,0.0
0.4166666666666667,0,0.0
0.5633333333333334,8147,0.0
0.49333333333333335,22697,0.0
0.5366666666666666,840,0.0
0.44666666666666666,0,0.0
0.48833333333333334,17196,0.0
0.535,0,0.0
0.48333333333333334,36084,0.0
0.5366666666666666,0,0.0
0.49000000000000005,12706,0.0
0.49833333333333335,0,0.0
0.525,9645,0.0
0.5,19975,0.0
0.5300000000000001,0,0.0
0.5333333333333333,0,0.0
0.5266666666666667,16914,0.0
0.4666666666666667,0,0.0
0.4516666666666667,10636,0.0
0.52,0,0.0
0.53,15673,0.0
0.4933333333333333,34648,0.0
0.5533333333333333,20358,0.0
0.49333333333333335,25278,0.0
0.4733333333333334,0,0.0
0.52,9888,0.0
0.54,3410,0.0
0.49,0,0.0
0.535,-2585,0.0
0.49,0,0.0
0.48333333333333334,0,0.0
0.465,0,0.0
0.43,0,0.0
0.5383333333333333,23836,0.0
0.46,22464,0.0
0.5266666666666667,11846,0.0
0.5133333333333333,27074,0.0
0.5266666666666667,18775,0.0
0.555,25539,0.0
0.5233333333333333,17026,0.0
0.4916666666666667,7069,0.0
0.4966666666666667,15978,0.0
0.4666666666666667,0,0.0
0.49,5917,0.0
0.5566666666666666,0,0.0
0.49833333333333335,19218,0.0
0.5266666666666667,0,0.0
0.4216666666666667,20723,0.0
0.5533333333333333,12575,0.0
0.5,20375,0.0
0.5333333333333334,0,0.0
0.5366666666666666,0,0.0
0.4766666666666667,-10588,0.0
0.4366666666666667,0,0.0
0.44166666666666665,27356,0.0
0.4266666666666667,0,0.0
0.5366666666666666,23202,0.0
0.4666666666666667,0,0.0
0.5433333333333333,10690,0.0
0.4166666666666667,0,0.0
0.5266666666666667,13567,0.0
0.47333333333333333,29186,0.0
0.535,19017,0.0
0.57,21791,0.0
0.4366666666666667,0,0.0
0.4666666666666667,0,0.0
0.5333333333333333,15377,0.0
0.4716666666666667,0,0.0
0.5233333333333333,8458,0.0
0.5333333333333333,27266,0.0
0.555,-13564,0.0
0.4216666666666667,34781,0.0
0.49833333333333335,24352,0.0
0.4616666666666666,0,0.0
0.4683333333333333,0,0.0
0.545,7030,0.0
0.53,32446,0.0
0.5333333333333333,15566,0.0
0.5483333333333333,16101,0.0
0.465,0,0.0
0.4683333333333333,0,0.0
0.53,15883,0.0
0.42,0,0.0
0.535,12787,0.0
0.55,16322,0.0
0.55,13322,0.0
0.48000000000000004,0,0.0
0.5366666666666666,18871,0.0
0.48000000000000004,0,0.0
0.5333333333333333,14542,0.0
0.48333333333333334,0,0.0
0.5333333333333333,13104,0.0
0.48333333333333334,0,0.0
0.5333333333333333,17238,0.0
0.535,0,0.0
0.5366666666666666,0,0.0
0.46,17013,0.0
0.5333333333333333,0,0.0
0.5333333333333333,0,0.0
0.4666666666666667,20692,0.0
0.49333333333333335,22204,0.0
0.5,10445,0.0
0.54,11638,0.0
0.5,14441,0.0
0.48333333333333334,0,0.0
0.5,16529,0.0
0.49333333333333335,0,0.0
0.49333333333333335,10762,0.0
0.49333333333333335,23932,0.0
0.5,11309,0.0
0.5266666666666667,13366,0.0
0.5266666666666667,11844,0.0
0.5,15305,0.0
0.48333333333333334,0,0.0
0.48333333333333334,0,0.0
0.49333333333333335,13064,0.0
0.4966666666666667,0,0.0
0.49333333333333335,11626,0.0
0.4966666666666667,0,0.0
0.4966666666666667,12550,0.0
0.47000000000000003,0,0.0
0.5266666666666667,24876,0.0
0.53,11781,0.0
0.5466666666666667,14310,0.0
0.5333333333333333,15777,0.0
0.4666666666666667,0,0.0
0.5333333333333333,17865,0.0
0.4666666666666667,0,0.0
0.47000000000000003,0,0.0
0.5266666666666667,12098,0.0
0.5333333333333333,26888,0.0
0.4566666666666667,18874,0.0
0.4666666666666667,21115,0.0
0.4666666666666667,22553,0.0
0.4166666666666667,21629,0.0
0.4816666666666667,0,0.0
0.4816666666666667,0,0.0
0.485,0,0.0
0.5483333333333333,21880,0.0
0.55,11955,0.0
0.48000000000000004,13591,0.0
0.48333333333333334,15832,0.0
0.48333333333333334,17270,0.0
0.54,10980,0.0
0.48000000000000004,0,0.0
0.48000000000000004,0,0.0
0.48333333333333334,0,0.0
0.535,19562,0.0
0.4633333333333334,14925,0.0
0.48333333333333334,0,0.0
0.5,17393,0.0
0.48000000000000004,11503,0.0
0.53,17321,0.0
0.5266666666666667,13536,0.0
0.4683333333333333,0,0.0
0.49333333333333335,0,0.0
0.485,0,0.0
0.48333333333333334,0,0.0
0.53,16807,0.0
0.5333333333333333,14028,0.0
0.455,0,0.0
0.45,16346,0.0
0.5233333333333333,17974,0.0
0.54,-8625,0.0
0.5366666666666666,41738,0.0
0.52,0,0.0
0.5466666666666667,11852,0.0
0.5383333333333333,22073,0.0
0.55,20422,0.0
0.5466666666666666,-7228,0.0
0.5166666666666667,31613,0.0
0.53,15484,0.0
0.5533333333333333,25030,0.0
0.5583333333333333,908,0.0
0.46166666666666667,0,0.0
0.4666666666666667,0,0.0
0.5233333333333333,12929,0.0
0.4766666666666667,0,0.0
0.5133333333333333,6010,0.0
0.54,24208,0.0
0.47833333333333333,0,0.0
0.5383333333333333,23056,0.0
0.5333333333333333,17575,0.0
0.48833333333333334,0,0.0
0.4716666666666667,4942,0.0
0.545,0,0.0
0.47333333333333333,6094,0.0
0.5433333333333333,0,0.0
0.47833333333333333,11575,0.0
0.48666666666666664,2638,0.0
0.5333333333333333,0,0.0
0.48833333333333334,3790,0.0
0.49333333333333335,9271,0.0
0.5,0,0.0
0.5166666666666666,6103,0.0
0.46166666666666667,20026,0.0
0.5683333333333334,14809,0.0
0.47000000000000003,25507,0.0
0.5533333333333333,9328,0.0
0.5333333333333333,2409,0.0
0.4766666666666667,11638,0.0
0.5733333333333334,23197,0.0
0.47833333333333333,12790,0.0
0.48333333333333334,18271,0.0
0.48833333333333334,-448,0.0
0.49,1856,0.0
0.495,12818,0.0
0.5366666666666666,22802,0.0
0.4633333333333334,0,0.0
0.47833333333333333,0,0.0
0.4816666666666667,0,0.0
0.5033333333333333,18545,0.0
0.4816666666666667,0,0.0
0.5233333333333333,17596,0.0
0.46166666666666667,15634,0.0
0.5266666666666667,8141,0.0
0.48000000000000004,0,0.0
0.47833333333333333,10351,0.0
0.545,8676,0.0
0.4683333333333333,0,0.0
0.53,12137,0.0
0.53,14225,0.0
0.4716666666666667,0,0.0
0.5233333333333333,9896,0.0
0.53,18668,0.0
0.5483333333333333,13385,0.0
0.535,0,0.0
0.535,0,0.0
0.4316666666666667,13495,0.0
0.53,0,0.0
0.435,17824,0.0
0.53,0,0.0
0.5333333333333333,15889,0.0
0.535,0,0.0
0.55,10606,0.0
0.4466666666666667,16274,0.0
0.5333333333333333,0,0.0
0.45,20603,0.0
0.5333333333333333,0,0.0
0.45,22041,0.0
0.5366666666666666,0,0.0
0.4666666666666667,19254,0.0
0.4966666666666667,14411,0.0
0.5266666666666667,9128,0.0
0.5,0,0.0
0.43333333333333335,19840,0.0
0.5,0,0.0
0.45,17752,0.0
0.4966666666666667,0,0.0
0.47000000000000003,22081,0.0
0.4966666666666667,0,0.0
0.47000000000000003,23519,0.0
0.43333333333333335,37340,0.0
0.43333333333333335,40216,0.0
0.5333333333333333,0,0.0
0.5,0,0.0
0.4316666666666667,15772,0.0
0.44833333333333336,13684,0.0
0.455,18013,0.0
0.455,19451,0.0
0.4466666666666667,22292,0.0
0.5133333333333333,23332,0.0
0.45,29650,0.0
0.4466666666666667,16307,0.0
0.45,19986,0.0
0.43000000000000005,18362,0.0
0.45,14219,0.0
0.45,26774,0.0
0.435,19262,0.0
0.5233333333333333,11432,0.0
0.54,-860,0.0
0.5366666666666666,23314,0.0
0.5333333333333333,16078,0.0
0.545,8432,0.0
0.5333333333333333,1135,0.0
0.5466666666666667,8371,0.0
0.5,0,0.0
0.5466666666666666,-1169,0.0
0.52,24377,0.0
0.555,-4337,0.0
0.4166666666666667,16735,0.0
0.5333333333333333,0,0.0
0.4216666666666667,22216,0.0
0.5233333333333333,0,0.0
0.4266666666666667,29135,0.0
0.54,0,0.0
0.42833333333333334,12089,0.0
0.5383333333333333,0,0.0
0.43333333333333335,17570,0.0
0.5183333333333334,0,0.0
0.5383333333333333,0,0.0
0.5333333333333333,0,0.0
0.525,0,0.0
0.49833333333333335,16190,0.0
0.4116666666666667,35162,0.0
0.42000000000000004,46124,0.0
0.4,59962,0.0
0.4266666666666667,18386,0.0
0.5716666666666667,22045,0.0
0.43333333333333335,31652,0.0
0.5316666666666667,9645,0.0
0.465,-8007,0.0
0.48500000000000004,11892,0.0
0.5366666666666666,0,0.0
0.5233333333333333,11243,0.0
0.48,0,0.0
0.5266666666666667,0,0.0
0.545,5960,0.0
0.53,0,0.0
0.43833333333333335,25249,0.0
0.43833333333333335,26687,0.0
0.5233333333333333,0,0.0
0.5833333333333333,30015,0.0
0.54,22907,0.0
0.44666666666666666,18224,0.0
0.5866666666666667,14206,0.0
0.5516666666666667,22208,0.0
0.49166666666666664,16485,0.0
0.5533333333333333,44898,0.0
0.55,9739,0.0
0.575,64107,0.0
0.55,18811,0.0
0.48000000000000004,11954,0.0
0.555,20443,0.0
0.48333333333333334,18205,0.0
0.57,9783,0.0
0.5,49030,0.0
0.4683333333333334,22484,0.0
0.5683333333333334,12374,0.0
0.555,71433,0.0
0.5083333333333333,20209,0.0
0.49166666666666664,31737,0.0
0.44833333333333336,40662,0.0
0.5583333333333333,19518,0.0
0.5733333333333334,0,0.0
0.5583333333333333,31338,0.0
0.48333333333333334,52584,0.0
0.57,14733,0.0
0.4616666666666666,13835,0.0
0.5433333333333334,23490,0.0
0.5616666666666666,0,0.0
0.47333333333333333,21948,0.0
0.5583333333333333,19629,0.0
0.47833333333333333,37380,0.0
0.4733333333333334,49047,0.0
0.5,52677,0.0
0.5666666666666667,40659,0.0
0.48333333333333334,29030,0.0
0.49166666666666664,42957,0.0
0.4933333333333333,33050,0.0
0.49166666666666664,35070,0.0
0.565,11275,0.0
0.5866666666666667,17158,0.0
0.47833333333333333,27622,0.0
0.4733333333333334,4506,0.0
0.56,13065,0.0
0.45833333333333337,30455,0.0
0.5583333333333333,34506,0.0
0.5883333333333334,20952,0.0
0.48000000000000004,47274,0.0
0.5366666666666666,44151,0.0
0.5700000000000001,22595,0.0
0.5666666666666667,23437,0.0
0.5383333333333333,57039,0.0
0.5566666666666666,26862,0.0
0.525,50620,0.0
0.5566666666666668,0,0.0
0.5566666666666666,30273,0.0
0.57,12433,0.0
0.5416666666666667,76263,0.0
0.575,25835,0.0
0.5516666666666667,41442,0.0
0.5083333333333333,17257,0.0
0.5516666666666667,38418,0.0
0.5783333333333334,33028,0.0
0.51,0,0.0
0.55,20823,0.0
0.4966666666666667,68220,0.0
0.5033333333333333,41130,0.0
0.555,67875,0.0
0.5533333333333333,56016,0.0
0.5166666666666667,56478,0.0
0.5583333333333333,32001,0.0
0.5383333333333334,0,0.0
0.5666666666666667,7753,0.0
0.5516666666666667,35538,0.0
0.56,47268,0.0
0.48333333333333334,21314,0.0
0.49,29082,0.0
0.53,62040,0.0
0.5583333333333333,56448,0.0
0.51,50490,0.0
0.5666666666666667,12733,0.0
0.48333333333333334,11805,0.0
0.525,26233,0.0
0.5633333333333334,0,0.0
0.485,17559,0.0
0.5416666666666667,-7299,0.0
0.53,46560,0.0
0.5650000000000001,20045,0.0
0.38,70164,0.0
0.48333333333333334,22232,0.0
0.5416666666666667,15528,0.0
0.55,31545,0.0
0.5583333333333333,54650,0.0
0.575,50292,0.0
0.56,34938,0.0
0.5666666666666667,24813,0.0
0.44833333333333336,27188,0.0
0.53,0,0.0
0.5433333333333333,0,0.0
0.5666666666666667,38028,0.0
0.48333333333333334,0,0.0
0.5733333333333334,40926,0.0
0.49166666666666664,54520,0.0
0.5533333333333333,23138,0.0
0.5083333333333333,80152,0.0
0.5166666666666667,0,0.0
0.5866666666666667,13972,0.0
0.5666666666666667,35132,0.0
0.5583333333333333,28308,0.0
0.5433333333333333,26631,0.0
0.5233333333333334,30565,0.0
0.5583333333333333,34569,0.0
0.5,56997,0.0
0.5650000000000001,15615,0.0
0.5650000000000001,16825,0.0
0.5700000000000001,18855,0.0
0.5166666666666667,59313,0.0
0.5083333333333333,54129,0.0
0.56,28884,0.0
0.555,25134,0.0
0.51,36660,0.0
0.5516666666666667,16158,0.0
0.51,0,0.0
0.5166666666666667,28143,0.0
0.55,45336,0.0
0.5083333333333333,22509,0.0
0.5183333333333334,63854,0.0
0.55,28416,0.0
0.555,11178,0.0
0.565,10408,0.0
0.5483333333333333,29610,0.0
0.56,15131,0.0
0.5666666666666667,34056,0.0
0.5033333333333333,47034,0.0
0.525,34067,0.0
0.5033333333333333,44010,0.0
0.54,0,0.0
0.5033333333333333,18954,0.0
0.51,51136,0.0
0.545,33611,0.0
0.555,28277,0.0
0.5766666666666667,50025,0.0
0.555,48672,0.0
0.57,21979,0.0
0.5833333333333333,26763,0.0
0.48333333333333334,25914,0.0
0.4966666666666667,43042,0.0
0.5083333333333333,47118,0.0
0.45,0,0.0
0.58,27529,0.0
0.565,8382,0.0
0.54,23963,0.0
0.5166666666666667,93112,0.0
0.5,80196,0.0
0.585,29559,0.0
0.5483333333333333,26616,0.0
0.5650000000000001,17127,0.0
0.46,42816,0.0
0.5666666666666667,46080,0.0
0.5566666666666668,40724,0.0
0.4,0,0.0
0.47833333333333333,20565,0.0
0.49499999999999994,27264,0.0
0.575,23769,0.0
0.55,30771,0.0
0.5566666666666666,27321,0.0
0.555,24832,0.0
0.43333333333333335,0,0.0
0.5416666666666667,23391,0.0
0.5566666666666666,39084,0.0
0.58,19431,0.0
0.49,31236,0.0
0.48333333333333334,47744,0.0
0.5666666666666667,19713,0.0
0.44166666666666665,48152,0.0
0.5566666666666666,52388,0.0
0.5666666666666667,29346,0.0
0.48333333333333334,39624,0.0
0.5650000000000001,14175,0.0
0.57,46712,0.0
0.29666666666666663,73620,0.0
0.5516666666666667,41512,0.0
0.55,31677,0.0
0.45,35568,0.0
0.5733333333333334,19086,0.0
0.48333333333333334,46536,0.0
0.555,22182,0.0
0.5666666666666667,39546,0.0
0.55,33528,0.0
0.525,0,0.0
0.48333333333333334,58344,0.0
0.5383333333333333,37911,0.0
0.45,29883,0.0
0.5083333333333333,50961,0.0
0.565,14136,0.0
0.525,0,0.0
0.5383333333333333,49233,0.0
0.44333333333333336,41806,0.0
0.4766666666666667,10845,0.0
0.5433333333333334,25587,0.0
0.4766666666666667,19068,0.0
0.5733333333333334,23532,0.0
0.555,55983,0.0
0.5516666666666667,37288,0.0
0.5533333333333333,0,0.0
0.5416666666666666,0,0.0
0.49166666666666664,36192,0.0
0.495,0,0.0
0.525,0,0.0
0.5833333333333333,0,0.0
0.565,26468,0.0
0.5650000000000001,38712,0.0
0.5666666666666667,12992,0.0
0.5666666666666667,49092,0.0
0.49166666666666664,72076,0.0
0.5366666666666667,42140,0.0
0.445,0,0.0
0.5666666666666667,54596,0.0
0.5733333333333334,29904,0.0
0.5700000000000001,24107,0.0
0.5433333333333333,31883,0.0
0.5533333333333333,62691,0.0
0.5666666666666667,39363,0.0
0.4966666666666667,19287,0.0
0.5333333333333333,1130,0.0
0.5083333333333333,77631,0.0
0.55,47556,0.0
0.5766666666666667,45028,0.0
0.5166666666666667,20497,0.0
0.43333333333333335,0,0.0
0.5533333333333333,66249,0.0
0.5650000000000001,40347,0.0
0.42000000000000004,62716,0.0
0.5433333333333334,30970,0.0
0.55,30376,0.0
0.5383333333333333,50139,0.0
0.4666666666666667,0,0.0
0.575,21639,0.0
0.5183333333333333,32600,0.0
0.5650000000000001,52935,0.0
0.56,7878,0.0
0.5666666666666667,38116,0.0
0.56,-1972,0.0
0.555,40356,0.0
0.5516666666666667,19184,0.0
0.5633333333333334,34908,0.0
0.5433333333333333,27687,0.0
0.5666666666666667,15651,0.0
0.5516666666666667,11467,0.0
0.5833333333333333,52476,0.0
0.4866666666666667,68028,0.0
0.55,26093,0.0
0.5633333333333334,22216,0.0
0.55,33180,0.0
0.5666666666666667,33478,0.0
0.5,18213,0.0
0.5483333333333333,17416,0.0
0.555,20477,0.0
0.5650000000000001,52833,0.0
0.5433333333333334,13190,0.0
0.5233333333333333,0,0.0
0.39666666666666667,0,0.0
0.5083333333333333,36818,0.0
0.49,38982,0.0
0.5,29748,0.0
0.4733333333333334,15563,0.0
0.58,60651,0.0
0.5566666666666666,81312,0.0
0.5083333333333333,0,0.0
0.5666666666666667,42376,0.0
0.5,32168,0.0
0.49166666666666664,39670,0.0
0.5516666666666667,18458,0.0
0.5533333333333333,28544,0.0
0.51,47164,0.0
0.58,20185,0.0
0.55,64881,0.0
0.5516666666666667,21410,0.0
0.5533333333333333,26549,0.0
0.5700000000000001,22041,0.0
0.5516666666666667,60261,0.0
0.49,36562,0.0
0.5433333333333334,12434,0.0
0.4616666666666666,19470,0.0
0.5566666666666666,40592,0.0
0.5466666666666667,32655,0.0
0.43833333333333335,33214,0.0
0.43333333333333335,21020,0.0
0.42000000000000004,0,0.0
0.5583333333333333,24201,0.0
0.5633333333333334,22320,0.0
0.48333333333333334,22464,0.0
0.5366666666666667,0,0.0
0.48333333333333334,12744,0.0
0.5333333333333333,27961,0.0
0.5300000000000001,16042,0.0
0.5433333333333334,33390,0.0
0.5650000000000001,49203,0.0
0.5650000000000001,44883,0.0
0.5166666666666667,21937,0.0
0.5733333333333334,32452,0.0
0.54,54612,0.0
0.5433333333333333,82251,0.0
0.5633333333333334,21898,0.0
0.58,27831,0.0
0.5666666666666667,14461,0.0
0.5733333333333334,50535,0.0
0.5533333333333333,35704,0.0
0.49166666666666664,25688,0.0
0.56,60912,0.0
0.5700000000000001,58923,0.0
0.59,22948,0.0
0.55,33276,0.0
0.5683333333333334,23394,0.0
0.47333333333333333,40587,0.0
0.55,17573,0.0
0.5166666666666667,47096,0.0
0.5166666666666667,24237,0.0
0.5516666666666667,40838,0.0
0.5666666666666667,52278,0.0
0.5666666666666667,32098,0.0
0.5083333333333333,18769,0.0
0.5666666666666667,17701,0.0
0.58,49020,0.0
0.55,30946,0.0
0.585,0,0.0
0.5416666666666667,68211,0.0
0.5733333333333334,14161,0.0
0.5666666666666667,15362,0.0
0.56,31995,0.0
0.5766666666666667,57120,0.0
0.49,39586,0.0
0.46,32312,0.0
0.48333333333333334,53324,0.0
0.49166666666666664,45574,0.0
0.4066666666666667,35448,0.0
0.49166666666666664,24770,0.0
0.5516666666666667,19898,0.0
0.4333333333333334,44696,0.0
0.5766666666666667,29100,0.0
0.575,23151,0.0
0.525,4356,0.0
0.56,0,0.0
0.55,50550,0.0
0.5366666666666666,58938,0.0
0.5416666666666667,58396,0.0
0.565,27504,0.0
0.5616666666666666,19020,0.0
0.5866666666666667,44274,0.0
0.5633333333333334,27684,0.0
0.555,26811,0.0
0.5,15529,0.0
0.49166666666666664,27201,0.0
0.49166666666666664,13533,0.0
0.56,47751,0.0
0.5416666666666667,76161,0.0
0.5666666666666667,16491,0.0
0.49166666666666664,44970,0.0
0.5383333333333333,16681,0.0
0.4633333333333334,0,0.0
0.5416666666666667,72531,0.0
0.5700000000000001,54387,0.0
0.5533333333333333,25037,0.0
0.5533333333333333,23597,0.0
0.49,33682,0.0
0.59,44846,0.0
0.5733333333333334,11511,0.0
0.5733333333333334,12721,0.0
0.5383333333333333,71460,0.0
0.55,27490,0.0
0.5700000000000001,50067,0.0
0.5766666666666667,55719,0.0
0.575,24591,0.0
0.5,41241,0.0
0.48333333333333334,21634,0.0
0.5666666666666667,39264,0.0
0.5533333333333333,14707,0.0
0.5650000000000001,46737,0.0
0.46,0,0.0
0.39333333333333337,52212,0.0
0.5066666666666667,29144,0.0
0.5666666666666667,39690,0.0
0.47333333333333333,32667,0.0
0.5083333333333333,21453,0.0
0.55,12423,0.0
0.53,68679,0.0
0.57,17249,0.0
0.5733333333333334,50208,0.0
0.595,0,0.0
0.57,9481,0.0
0.5433333333333334,33994,0.0
0.56,41553,0.0
0.5533333333333333,26247,0.0
0.48333333333333334,19933,0.0
0.49166666666666664,42550,0.0
0.5,35048,0.0
0.5633333333333334,67602,0.0
0.54,92016,0.0
0.5566666666666666,73863,0.0
0.5483333333333333,37335,0.0
0.5533333333333333,23244,0.0
0.575,25801,0.0
0.58,41484,0.0
0.5650000000000001,36558,0.0
0.58,25035,0.0
0.5516666666666667,21108,0.0
0.55,44844,0.0
0.5700000000000001,46836,0.0
0.5566666666666666,22171,0.0
0.5700000000000001,43032,0.0
0.48333333333333334,65300,0.0
0.57,21584,0.0
0.555,0,0.0
0.5533333333333333,0,0.0
0.5366666666666667,10404,0.0
0.525,51156,0.0
0.4633333333333334,46230,0.0
0.45833333333333337,52710,0.0
0.535,67260,0.0
0.49166666666666664,73284,0.0
0.45333333333333337,97191,0.0
0.45333333333333337,91380,0.0
0.56,18317,0.0
0.5433333333333334,28090,0.0
0.48333333333333334,15410,0.0
0.55,37450,0.0
0.53,0,0.0
0.4166666666666667,0,0.0
0.5316666666666667,29991,0.0
0.5333333333333333,0,0.0
0.44833333333333336,0,0.0
0.5716666666666667,20294,0.0
0.57,17054,0.0
0.5416666666666666,50552,0.0
0.5683333333333334,29342,0.0
0.57,14404,0.0
0.5683333333333334,31762,0.0
0.5666666666666667,21484,0.0
0.5866666666666667,0,0.0
0.5033333333333334,19730,0.0
0.57,0,0.0
0.5033333333333334,0,0.0
0.5883333333333334,19982,0.0
0.5716666666666667,40186,0.0
0.495,33204,0.0
0.5733333333333334,26030,0.0
0.5716666666666667,24962,0.0
0.5366666666666667,14130,0.0
0.565,13575,0.0
0.5533333333333333,16147,0.0
0.5583333333333333,29904,0.0
0.565,10682,0.0
0.5583333333333333,24118,0.0
0.54,71079,0.0
0.55,21586,0.0
0.55,31864,0.0
0.5483333333333333,27528,0.0
0.55,16730,0.0
0.5516666666666667,21869,0.0
0.48333333333333334,30226,0.0
0.55,32082,0.0
0.55,46221,0.0
0.55,15218,0.0
0.57,15614,0.0
0.5733333333333334,23078,0.0
0.525,45252,0.0
0.5666666666666667,18714,0.0
0.495,53262,0.0
0.48333333333333334,27202,0.0
0.5683333333333334,17498,0.0
0.5666666666666667,19141,0.0
0.5433333333333334,18130,0.0
0.48333333333333334,35610,0.0
0.5683333333333334,14504,0.0
0.5566666666666668,0,0.0
0.5716666666666667,21968,0.0
0.5483333333333333,36510,0.0
0.55,31478,0.0
0.5683333333333334,15360,0.0
0.55,29058,0.0
0.565,25772,0.0
0.55,30312,0.0
0.5433333333333334,38316,0.0
0.44666666666666666,69560,0.0
0.5800000000000001,3830,0.0
0.5866666666666667,14548,0.0
0.5833333333333334,13766,0.0
0.5533333333333333,60232,0.0
0.5416666666666667,1317,0.0
0.5233333333333333,0,0.0
0.5666666666666667,-7071,0.0
0.47333333333333333,0,0.0
0.5433333333333334,13188,0.0
0.57,35822,0.0
0.55,17868,0.0
0.5166666666666667,0,0.0
0.5666666666666667,2649,0.0
0.5666666666666667,-14721,0.0
0.5666666666666667,20331,0.0
0.575,0,0.0
0.5616666666666666,6034,0.0
0.5633333333333334,15394,0.0
0.56,2578,0.0
0.5666666666666667,15521,0.0
0.5716666666666667,19084,0.0
0.5366666666666667,24030,0.0
0.5366666666666667,21610,0.0
0.5233333333333334,0,0.0
0.5616666666666666,20868,0.0
0.575,27758,0.0
0.5233333333333333,6682,0.0
0.5616666666666666,18324,0.0
0.5833333333333334,9278,0.0
0.5616666666666666,12538,0.0
0.5666666666666667,18778,0.0
0.55,19140,0.0
0.5683333333333334,15326,0.0
0.5366666666666667,24634,0.0
0.5666666666666667,26592,0.0
0.5300000000000001,23420,0.0
0.5666666666666667,25282,0.0
0.5583333333333333,15004,0.0
0.5666666666666667,14258,0.0
0.5666666666666667,11264,0.0
0.5666666666666667,13330,0.0
0.5850000000000001,11308,0.0
0.5883333333333334,20284,0.0
0.55,16428,0.0
0.5850000000000001,24920,0.0
0.5866666666666667,18288,0.0
0.5850000000000001,12518,0.0
0.5383333333333333,45603,0.0
0.5866666666666667,37618,0.0
0.5883333333333334,18542,0.0
0.48333333333333334,33190,0.0
0.5866666666666667,19498,0.0
0.5883333333333334,19406,0.0
0.59,0,0.0
0.555,35628,0.0
0.5883333333333334,0,0.0
0.5716666666666667,24034,0.0
0.455,38990,0.0
0.56,20020,0.0
0.5766666666666667,19075,0.0
0.5366666666666667,7754,0.0
0.48333333333333334,12274,0.0
0.42000000000000004,42276,0.0
0.4066666666666667,44478,0.0
0.5883333333333334,21494,0.0
0.5383333333333333,41283,0.0
0.535,35556,0.0
0.55,37953,0.0
0.54,21663,0.0
0.5866666666666667,45096,0.0
0.5883333333333334,37762,0.0
0.555,22107,0.0
0.5716666666666667,46690,0.0
0.5433333333333334,30804,0.0
0.59,0,0.0
0.5666666666666667,15821,0.0
0.57,36412,0.0
0.5366666666666666,30702,0.0
0.5866666666666667,19216,0.0
0.5433333333333334,29256,0.0
0.5433333333333334,23916,0.0
0.44999999999999996,43164,0.0
0.48333333333333334,34604,0.0
0.5866666666666667,16222,0.0
0.5033333333333333,37176,0.0
0.48333333333333334,36214,0.0
0.5383333333333333,21179,0.0
0.54,66441,0.0
0.5166666666666667,68169,0.0
0.5666666666666667,29128,0.0
0.5733333333333334,44841,0.0
0.5866666666666667,35198,0.0
0.5850000000000001,25838,0.0
0.5566666666666666,0,0.0
0.5883333333333334,41678,0.0
0.5866666666666667,32318,0.0
0.5816666666666667,19821,0.0
0.5616666666666666,12198,0.0
0.5633333333333334,21558,0.0
0.59,23248,0.0
0.5850000000000001,27392,0.0
0.5816666666666667,21800,0.0
0.525,28917,0.0
0.5783333333333334,10220,0.0
0.5666666666666667,6006,0.0
0.5133333333333333,42944,0.0
0.5333333333333333,43860,0.0
0.5466666666666667,29880,0.0
0.45,92007,0.0
0.55,9538,0.0
0.44333333333333336,65748,0.0
0.48333333333333334,54564,0.0
0.5366666666666667,31404,0.0
0.4633333333333333,83151,0.0
0.44833333333333336,72660,0.0
0.55,15389,0.0
0.59,22012,0.0
0.5366666666666666,44049,0.0
0.59,23222,0.0
0.5366666666666666,40419,0.0
0.5916666666666667,0,0.0
0.5516666666666667,38496,0.0
0.5833333333333333,24865,0.0
0.5533333333333333,35490,0.0
0.5850000000000001,24634,0.0
0.4,48756,0.0
0.54,55323,0.0
0.5866666666666667,18254,0.0
0.5850000000000001,35376,0.0
0.5416666666666667,24903,0.0
0.5850000000000001,31138,0.0
0.535,49200,0.0
0.5866666666666667,15302,0.0
0.5366666666666666,36099,0.0
0.5833333333333334,20860,0.0
0.5333333333333333,28644,0.0
0.5850000000000001,17186,0.0
0.5516666666666667,41751,0.0
0.5850000000000001,14192,0.0
0.55,32769,0.0
0.5850000000000001,16258,0.0
0.535,38967,0.0
0.5866666666666667,31114,0.0
0.5533333333333333,45408,0.0
0.5883333333333334,22658,0.0
0.5583333333333333,38238,0.0
0.565,32040,0.0
0.5716666666666667,58704,0.0
0.5566666666666668,40674,0.0
0.5766666666666667,21141,0.0
0.4733333333333334,18262,0.0
0.5866666666666667,28694,0.0
0.5766666666666667,34400,0.0
0.47833333333333333,46580,0.0
0.54,20223,0.0
0.565,22738,0.0
0.425,59895,0.0
0.5366666666666666,56112,0.0
0.5850000000000001,27340,0.0
0.5866666666666667,17519,0.0
0.5733333333333334,30626,0.0
0.5433333333333334,12893,0.0
0.5866666666666667,20426,0.0
0.5883333333333334,0,0.0
0.5766666666666667,22069,0.0
0.565,19986,0.0
0.41000000000000003,41308,0.0
0.4133333333333334,39396,0.0
0.45833333333333337,66104,0.0
0.5816666666666667,7286,0.0
0.47000000000000003,59624,0.0
0.59,0,0.0
0.5850000000000001,12244,0.0
0.5816666666666667,24141,0.0
0.575,-1617,0.0
0.47833333333333333,0,0.0
0.5533333333333333,0,0.0
0.47000000000000003,0,0.0
0.5766666666666667,8103,0.0
0.5533333333333333,18447,0.0
0.5766666666666667,12132,0.0
0.5666666666666667,-3354,0.0
0.5666666666666667,7875,0.0
0.5666666666666667,10671,0.0
0.5516666666666667,0,0.0
0.5033333333333333,0,0.0
0.42333333333333334,0,0.0
0.55,-3278,0.0
0.55,7913,0.0
0.55,57036,0.0
0.5866666666666667,41466,0.0
0.5516666666666667,21567,0.0
0.48333333333333334,29622,0.0
0.5883333333333334,17332,0.0
0.44999999999999996,51867,0.0
0.5883333333333334,0,0.0
0.5866666666666667,17432,0.0
0.58,23137,0.0
0.55,19113,0.0
0.5666666666666667,33016,0.0
0.5516666666666667,20357,0.0
0.5533333333333333,46935,0.0
0.555,73192,0.0
0.5883333333333334,0,0.0
0.5333333333333333,83073,0.0
0.525,73353,0.0
0.4683333333333333,0,0.0
0.555,21687,0.0
0.525,27477,0.0
0.5416666666666666,31201,0.0
0.575,5652,0.0
0.5916666666666667,27928,0.0
0.5866666666666667,36752,0.0
0.5733333333333334,16461,0.0
0.43333333333333335,0,0.0
0.55,178,0.0
0.44833333333333336,84468,0.0
0.5300000000000001,35228,0.0
0.5366666666666666,16499,0.0
0.54,22873,0.0
0.5383333333333333,40980,0.0
0.5766666666666667,40904,0.0
0.545,33577,0.0
0.5583333333333333,52976,0.0
0.5850000000000001,20414,0.0
0.56,56432,0.0
0.5866666666666667,26894,0.0
0.5583333333333333,49952,0.0
0.47333333333333344,42446,0.0
0.555,0,0.0
0.5716666666666667,-12789,0.0
0.5666666666666667,18891,0.0
0.5850000000000001,30272,0.0
0.5483333333333333,53280,0.0
0.55,24330,0.0
0.55,5710,0.0
0.5433333333333333,62388,0.0
0.5383333333333333,64926,0.0
0.49,23824,0.0
0.5516666666666667,56538,0.0
0.43333333333333335,35404,0.0
0.55,39168,0.0
0.55,27996,0.0
0.5166666666666667,-6492,0.0
0.545,65844,0.0
0.5366666666666667,14776,0.0
0.48333333333333334,20368,0.0
0.5533333333333333,61722,0.0
0.55,44352,0.0
0.5666666666666667,30258,0.0
0.5866666666666667,18898,0.0
0.44666666666666666,29812,0.0
0.5666666666666667,24681,0.0
0.5800000000000001,18692,0.0
0.5850000000000001,23438,0.0
0.45833333333333337,-3148,0.0
0.55,28068,0.0
0.5866666666666667,19993,0.0
0.57,24003,0.0
0.565,22866,0.0
0.5866666666666667,28105,0.0
0.5666666666666667,40536,0.0
0.43333333333333335,26356,0.0
0.55,52740,0.0
0.5416666666666666,47528,0.0
0.5416666666666666,32641,0.0
0.48333333333333334,30153,0.0
0.58,21105,0.0
0.43333333333333335,34683,0.0
0.5533333333333333,38394,0.0
0.43333333333333335,31948,0.0
0.49166666666666664,18683,0.0
0.5783333333333334,0,0.0
0.49166666666666664,29370,0.0
0.5766666666666667,24225,0.0
0.5733333333333334,33384,0.0
0.5650000000000001,0,0.0
0.4633333333333333,3764,0.0
0.55,29817,0.0
0.43333333333333335,13544,0.0
0.55,68856,0.0
0.43333333333333335,24450,0.0
0.5416666666666666,0,0.0
0.53,22402,0.0
0.43333333333333335,23854,0.0
0.5533333333333333,56493,0.0
0.5766666666666667,16191,0.0
0.58,40880,0.0
0.48333333333333334,30816,0.0
0.575,0,0.0
0.525,0,0.0
0.54,70110,0.0
0.5666666666666667,29845,0.0
0.5516666666666667,25088,0.0
0.555,58068,0.0
0.5866666666666667,26895,0.0
0.5183333333333333,40038,0.0
0.5666666666666667,-1008,0.0
0.53,46518,0.0
0.57,38790,0.0
0.5833333333333333,25167,0.0
0.5533333333333333,31568,0.0
0.54,51588,0.0
0.5083333333333333,46128,0.0
0.43333333333333335,56812,0.0
0.55,7056,0.0
0.5666666666666667,18819,0.0
0.43833333333333335,39867,0.0
0.5516666666666667,34938,0.0
0.5566666666666666,46496,0.0
0.45333333333333337,71979,0.0
0.55,13530,0.0
0.58,56115,0.0
0.55,32148,0.0
0.48333333333333334,41202,0.0
0.495,30180,0.0
0.43333333333333335,14948,0.0
0.5566666666666666,27021,0.0
0.5416666666666666,27541,0.0
0.58,0,0.0
0.5733333333333334,18309,0.0
0.5533333333333333,0,0.0
0.5433333333333334,18232,0.0
0.5516666666666667,34548,0.0
0.5766666666666667,34686,0.0
0.4966666666666667,54609,0.0
0.55,25110,0.0
0.57,34446,0.0
0.525,56456,0.0
0.51,45232,0.0
0.5466666666666667,24426,0.0
0.4166666666666667,42852,0.0
0.58,22315,0.0
0.5483333333333333,12741,0.0
0.58,24876,0.0
0.5366666666666667,23166,0.0
0.5866666666666667,0,0.0
0.5666666666666667,13032,0.0
0.47500000000000003,0,0.0
0.565,1344,0.0
0.5333333333333333,30913,0.0
0.5533333333333333,39640,0.0
0.5333333333333333,32814,0.0
0.58,44964,0.0
0.5233333333333333,52680,0.0
0.45333333333333337,54622,0.0
0.5666666666666667,11599,0.0
0.5366666666666666,19149,0.0
0.4683333333333333,0,0.0
0.55,25137,0.0
0.5300000000000001,14220,0.0
0.545,30927,0.0
0.5083333333333333,62181,0.0
0.555,42504,0.0
0.5166666666666667,27189,0.0
0.555,23127,0.0
0.57,31566,0.0
0.5083333333333333,49008,0.0
0.5666666666666667,26121,0.0
0.5,38730,0.0
0.57,13677,0.0
0.5733333333333334,33432,0.0
0.5766666666666667,19701,0.0
0.5733333333333334,18591,0.0
0.5733333333333334,39936,0.0
0.4966666666666667,34650,0.0
0.555,24081,0.0
0.5183333333333333,40080,0.0
0.5066666666666667,0,0.0
0.5650000000000001,20565,0.0
0.53,0,0.0
0.5666666666666667,49410,0.0
0.5183333333333333,23817,0.0
0.5666666666666667,30186,0.0
0.5766666666666667,0,0.0
0.5516666666666667,40428,0.0
0.5066666666666667,18678,0.0
0.5666666666666667,40464,0.0
0.5733333333333334,44943,0.0
0.57,12467,0.0
0.5766666666666667,21443,0.0
0.5766666666666667,18491,0.0
0.5733333333333334,17381,0.0
0.5733333333333334,37516,0.0
0.5733333333333334,20375,0.0
0.4966666666666667,37070,0.0
0.57,27238,0.0
0.555,25291,0.0
0.5683333333333334,37352,0.0
0.5683333333333334,17299,0.0
0.5533333333333333,31364,0.0
0.57,22438,0.0
0.5733333333333334,48573,0.0
0.49166666666666664,61476,0.0
0.5516666666666667,41976,0.0
0.5533333333333333,57393,0.0
0.48333333333333334,25710,0.0
0.55,11478,0.0
0.48333333333333334,19722,0.0
0.5733333333333334,31012,0.0
0.5516666666666667,29034,0.0
0.55,38700,0.0
0.5533333333333333,39312,0.0
0.53,0,0.0
0.5,43662,0.0
0.5533333333333333,20454,0.0
0.4966666666666667,37674,0.0
0.555,25593,0.0
0.5,40638,0.0
0.5650000000000001,0,0.0
0.5,43058,0.0
0.5516666666666667,47682,0.0
0.5533333333333333,18942,0.0
0.5533333333333333,20152,0.0
0.555,25578,0.0
0.5733333333333334,21585,0.0
0.49,49500,0.0
0.5733333333333334,19545,0.0
0.57,29658,0.0
0.5516666666666667,16617,0.0
0.4266666666666667,0,0.0
0.5633333333333334,-6776,0.0
0.555,13403,0.0
0.54,0,0.0
0.55,24328,0.0
0.55,10163,0.0
0.5650000000000001,20867,0.0
0.525,0,0.0
0.5633333333333334,6148,0.0
0.57,27556,0.0
0.5733333333333334,14395,0.0
0.4866666666666667,28928,0.0
0.5666666666666667,19964,0.0
0.43333333333333335,31724,0.0
0.5666666666666667,14372,0.0
0.5733333333333334,21152,0.0
0.5533333333333333,35516,0.0
0.51,23948,0.0
0.5666666666666667,29924,0.0
0.5583333333333333,26998,0.0
0.5583333333333333,25411,0.0
0.57,17912,0.0
0.555,41996,0.0
0.495,20708,0.0
0.5666666666666667,36404,0.0
0.5666666666666667,1860,0.0
0.5666666666666667,19230,0.0
0.53,0,0.0
0.5666666666666667,21646,0.0
0.5166666666666667,28087,0.0
0.4866666666666667,73386,0.0
0.55,20040,0.0
0.55,14448,0.0
0.55,41448,0.0
0.41000000000000003,49662,0.0
0.5516666666666667,35856,0.0
0.55,-20550,0.0
0.43,0,0.0
0.545,8400,0.0
0.53,0,0.0
0.5483333333333333,24372,0.0
0.5166666666666667,28389,0.0
0.58,24381,0.0
0.58,23171,0.0
0.57,38853,0.0
0.5666666666666667,10437,0.0
0.57,26952,0.0
0.5733333333333334,19413,0.0
0.5466666666666667,0,0.0
0.57,15351,0.0
0.57,33456,0.0
0.57,18345,0.0
0.5666666666666667,23178,0.0
0.51,18443,0.0
0.5433333333333333,17007,0.0
0.5333333333333333,5740,0.0
0.4966666666666667,8931,0.0
0.5333333333333334,0,0.0
0.57,0,0.0
0.58,0,0.0
0.5366666666666667,0,0.0
0.57,0,0.0
0.5666666666666667,0,0.0
0.51,17783,0.0
0.5216666666666667,0,0.0
0.5766666666666667,0,0.0
0.5383333333333333,22164,0.0
0.5750000000000001,18550,0.0
0.5233333333333333,2871,0.0
0.5800000000000001,9375,0.0
0.5733333333333334,0,0.0
0.5416666666666666,0,0.0
0.5416666666666666,0,0.0
0.5533333333333333,11603,0.0
0.5433333333333334,22273,0.0
0.57,0,0.0
0.515,13925,0.0
0.4616666666666667,0,0.0
0.5616666666666666,5398,0.0
0.5416666666666666,0,0.0
0.5366666666666666,0,0.0
0.5233333333333333,0,0.0
0.5566666666666668,6380,0.0
0.53,0,0.0
0.49333333333333335,0,0.0
0.495,9783,0.0
0.5166666666666667,15652,0.0
0.58,0,0.0
0.57,12305,0.0
0.5783333333333334,9347,0.0
0.5850000000000001,16282,0.0
0.525,2490,0.0
0.5433333333333334,22143,0.0
0.55,0,0.0
0.51,19403,0.0
0.5966666666666667,0,0.0
0.53,9044,0.0
0.5333333333333333,12489,0.0
0.5833333333333334,11372,0.0
0.5266666666666667,10229,0.0
0.5166666666666667,0,0.0
0.5266666666666667,6241,0.0
0.5633333333333334,9849,0.0
0.5333333333333333,11529,0.0
0.57,0,0.0
0.5066666666666667,20673,0.0
0.5283333333333333,0,0.0
0.515,12592,0.0
0.5633333333333334,0,0.0
0.5333333333333333,0,0.0
0.5166666666666667,14692,0.0
0.5166666666666667,15365,0.0
0.5166666666666667,10258,0.0
0.5333333333333333,10928,0.0
0.5866666666666667,12749,0.0
0.5366666666666667,20043,0.0
0.5750000000000001,16630,0.0
0.5316666666666667,0,0.0
0.5533333333333333,21149,0.0
0.32666666666666666,0,0.0
0.5733333333333334,6929,0.0
0.57,0,0.0
0.5333333333333333,0,0.0
0.5766666666666667,0,0.0
0.5166666666666667,14032,0.0
0.5166666666666667,0,0.0
0.5266666666666667,0,0.0
0.47500000000000003,14113,0.0
0.5466666666666666,0,0.0
0.6,15805,0.0
0.6,13705,0.0
0.5433333333333333,18340,0.0
0.5633333333333334,0,0.0
0.48833333333333334,24003,0.0
0.5316666666666666,16546,0.0
0.5366666666666667,20703,0.0
0.5383333333333333,10734,0.0
0.57,0,0.0
0.5316666666666666,7925,0.0
0.49833333333333335,11031,0.0
0.5766666666666667,0,0.0
0.5166666666666667,13588,0.0
0.52,0,0.0
0.5333333333333333,14010,0.0
0.5850000000000001,6326,0.0
0.5883333333333334,16599,0.0
0.5866666666666667,14181,0.0
0.6,0,0.0
0.5666666666666667,-2022,0.0
0.5316666666666667,0,0.0
0.5233333333333333,8789,0.0
0.5616666666666666,0,0.0
0.53,4174,0.0
0.5383333333333333,16240,0.0
0.5316666666666666,6592,0.0
0.58,0,0.0
0.56,13043,0.0
0.58,0,0.0
0.5783333333333334,10680,0.0
0.5233333333333333,24152,0.0
0.5316666666666666,13880,0.0
0.5316666666666666,0,0.0
0.5416666666666667,0,0.0
0.5583333333333333,-4060,0.0
0.5533333333333333,-8896,0.0
0.5483333333333333,19049,0.0
0.5166666666666667,11908,0.0
0.5833333333333333,0,0.0
0.5316666666666666,10259,0.0
0.5333333333333333,13149,0.0
0.57,0,0.0
0.5166666666666667,0,0.0
0.55,25894,0.0
0.5766666666666667,0,0.0
0.5399999999999999,0,0.0
0.5283333333333333,9431,0.0
0.53,0,0.0
0.5566666666666666,0,0.0
0.3233333333333333,0,0.0
0.5700000000000001,4460,0.0
0.5333333333333334,0,0.0
0.5133333333333334,10638,0.0
0.5166666666666667,0,0.0
0.5733333333333334,0,0.0
0.6,0,0.0
0.58,0,0.0
0.5733333333333334,15813,0.0
0.57,31130,0.0
0.5166666666666667,0,0.0
0.5850000000000001,16152,0.0
0.5850000000000001,27210,0.0
0.5766666666666668,10580,0.0
0.51,0,0.0
0.5166666666666667,0,0.0
0.47000000000000003,29455,0.0
0.55,24561,0.0
0.51,28312,0.0
0.5633333333333335,-4244,0.0
0.5183333333333334,0,0.0
0.5183333333333334,0,0.0
0.5833333333333334,21090,0.0
0.5166666666666667,0,0.0
0.5216666666666667,0,0.0
0.5183333333333333,22773,0.0
0.47333333333333344,40610,0.0
0.5866666666666667,28170,0.0
0.5166666666666667,0,0.0
0.5166666666666667,8220,0.0
0.5850000000000001,23334,0.0
0.5833333333333334,19510,0.0
0.5833333333333334,22750,0.0
0.5316666666666666,0,0.0
0.5366666666666667,33108,0.0
0.5233333333333333,19780,0.0
0.5866666666666667,15300,0.0
0.5850000000000001,23908,0.0
0.5666666666666667,0,0.0
0.5083333333333333,0,0.0
0.52,0,0.0
0.57,0,0.0
0.5833333333333333,0,0.0
0.6,0,0.0
0.5533333333333333,27460,0.0
0.25,0,0.0
0.5733333333333334,10182,0.0
0.5183333333333334,0,0.0
0.5633333333333335,12170,0.0
0.5816666666666667,15810,0.0
0.53,0,0.0
0.5733333333333334,10466,0.0
0.59,22712,0.0
0.5766666666666667,0,0.0
0.5866666666666667,31410,0.0
0.5166666666666667,0,0.0
0.5183333333333334,0,0.0
0.515,0,0.0
0.53,0,0.0
0.515,0,0.0
0.5316666666666666,0,0.0
0.5316666666666666,0,0.0
0.5166666666666667,0,0.0
0.5883333333333334,15752,0.0
0.5866666666666667,17972,0.0
0.5166666666666667,0,0.0
0.52,0,0.0
0.5666666666666667,0,0.0
0.5166666666666667,0,0.0
0.5166666666666667,0,0.0
0.5833333333333334,16586,0.0
0.5833333333333334,20454,0.0
0.52,0,0.0
0.49833333333333335,0,0.0
0.5166666666666667,0,0.0
0.5283333333333333,0,0.0
0.5166666666666667,0,0.0
0.57,0,0.0
0.5733333333333334,15050,0.0
0.5316666666666666,10577,0.0
0.5383333333333333,25502,0.0
0.5166666666666667,0,0.0
0.5316666666666667,0,0.0
0.5166666666666667,0,0.0
0.5766666666666667,0,0.0
0.5166666666666667,12358,0.0
0.5850000000000001,15158,0.0
0.6,15744,0.0
0.5866666666666667,26674,0.0
0.5366666666666666,0,0.0
0.55,0,0.0
0.48333333333333334,16213,0.0
0.5683333333333334,4600,0.0
0.5433333333333334,39228,0.0
0.5166666666666667,0,0.0
0.53,8159,0.0
0.5316666666666667,0,0.0
0.5333333333333334,20355,0.0
0.5316666666666666,0,0.0
0.5316666666666666,0,0.0
0.5166666666666667,0,0.0
0.5850000000000001,23970,0.0
0.5333333333333334,19022,0.0
0.5166666666666667,0,0.0
0.5833333333333334,21930,0.0
0.58,0,0.0
0.5333333333333333,15219,0.0
0.5233333333333333,15713,0.0
0.5783333333333334,13062,0.0
0.5833333333333334,18690,0.0
0.455,36410,0.0
0.5366666666666666,0,0.0
0.5466666666666666,0,0.0
0.5366666666666667,0,0.0
0.5733333333333334,0,0.0
0.5133333333333334,13795,0.0
0.53,0,0.0
0.5833333333333334,19708,0.0
0.5216666666666667,-189,0.0
0.5533333333333333,0,0.0
0.5416666666666667,0,0.0
0.5833333333333334,17788,0.0
0.5166666666666667,0,0.0
0.5983333333333333,11354,0.0
0.39333333333333337,34933,0.0
0.52,0,0.0
0.5333333333333333,0,0.0
0.5733333333333334,18290,0.0
0.53,0,0.0
0.5666666666666667,0,0.0
0.5166666666666667,0,0.0
0.5583333333333333,0,0.0
0.5866666666666667,18382,0.0
0.55,0,0.0
0.5166666666666667,0,0.0
0.5166666666666667,15774,0.0
0.5583333333333333,0,0.0
0.5166666666666667,0,0.0
0.5316666666666666,11910,0.0
0.5166666666666667,0,0.0
0.5650000000000001,34872,0.0
0.57,18033,0.0
0.5916666666666667,20492,0.0
0.59,17489,0.0
0.5850000000000001,20668,0.0
0.6,17474,0.0
0.6,14234,0.0
0.5166666666666667,0,0.0
0.5583333333333333,0,0.0
0.5433333333333333,17137,0.0
0.5366666666666667,35028,0.0
0.5183333333333334,0,0.0
0.5283333333333333,0,0.0
0.43,0,0.0
0.5399999999999999,0,0.0
0.5233333333333334,34786,0.0
0.5416666666666666,0,0.0
0.5333333333333334,0,0.0
0.5533333333333333,0,0.0
0.5399999999999999,0,0.0
0.5566666666666666,0,0.0
0.53,0,0.0
0.5783333333333334,30132,0.0
0.525,10138,0.0
0.5416666666666666,0,0.0
0.5650000000000001,0,0.0
0.5466666666666666,0,0.0
0.59,0,0.0
0.5166666666666667,0,0.0
0.5666666666666667,0,0.0
0.5850000000000001,25290,0.0
0.5766666666666667,0,0.0
0.5166666666666667,31950,0.0
0.5166666666666667,0,0.0
0.5166666666666667,12550,0.0
0.5883333333333334,20612,0.0
0.5883333333333334,18961,0.0
0.5366666666666667,35774,0.0
0.53,0,0.0
0.53,0,0.0
0.6,0,0.0
0.5033333333333334,25786,0.0
0.5850000000000001,26574,0.0
0.5166666666666667,0,0.0
0.5333333333333333,0,0.0
0.53,9304,0.0
0.5416666666666666,0,0.0
0.5166666666666667,0,0.0
0.5383333333333333,22800,0.0
0.5433333333333334,37908,0.0
0.5266666666666667,0,0.0
0.525,0,0.0
0.54,0,0.0
0.5166666666666667,0,0.0
0.5566666666666668,7618,0.0
0.58,0,0.0
0.5966666666666667,0,0.0
0.5833333333333334,5337,0.0
0.5316666666666666,0,0.0
0.5533333333333333,0,0.0
0.5533333333333333,0,0.0
0.5583333333333333,0,0.0
0.5166666666666667,0,0.0
0.5766666666666668,7340,0.0
0.5166666666666667,0,0.0
0.55,0,0.0
0.49499999999999994,15361,0.0
0.5166666666666667,17106,0.0
0.5416666666666666,17550,0.0
0.5833333333333334,13346,0.0
0.6,0,0.0
0.5766666666666667,0,0.0
0.47000000000000003,0,0.0
0.5316666666666666,0,0.0
0.525,0,0.0
0.53,0,0.0
0.55,0,0.0
0.53,11260,0.0
0.5533333333333333,21467,0.0
0.525,0,0.0
0.5233333333333333,1911,0.0
0.5166666666666667,0,0.0
0.5866666666666667,20850,0.0
0.5850000000000001,17970,0.0
0.5166666666666667,0,0.0
0.5866666666666667,10077,0.0
0.5733333333333334,0,0.0
0.5383333333333333,14719,0.0
0.5166666666666667,0,0.0
0.5333333333333333,0,0.0
0.5183333333333334,0,0.0
0.525,0,0.0
0.5166666666666667,0,0.0
0.5733333333333334,0,0.0
0.5166666666666667,0,0.0
0.5766666666666667,0,0.0
0.5850000000000001,12297,0.0
0.4183333333333333,27490,0.0
0.5783333333333334,16302,0.0
0.5,0,0.0
0.5566666666666666,0,0.0
0.5633333333333334,0,0.0
0.5416666666666667,0,0.0
0.53,0,0.0
0.5633333333333334,29021,0.0
0.55,42108,0.0
0.5700000000000001,-2860,0.0
0.5733333333333334,0,0.0
0.5166666666666667,0,0.0
0.49499999999999994,17653,0.0
0.5583333333333333,0,0.0
0.52,21503,0.0
0.5216666666666667,0,0.0
0.475,22879,0.0
0.5166666666666667,0,0.0
0.5416666666666666,0,0.0
0.3833333333333333,28333,0.0
0.5733333333333334,19473,0.0
0.5266666666666667,25693,0.0
0.6,0,0.0
0.4800000000000001,23465,0.0
0.6,18865,0.0
0.57,0,0.0
0.5066666666666667,16801,0.0
0.6,0,0.0
0.4333333333333334,23021,0.0
0.5133333333333334,11971,0.0
0.5166666666666667,0,0.0
0.5183333333333333,22113,0.0
0.5316666666666667,0,0.0
0.25,0,0.0
0.37666666666666665,23873,0.0
0.5399999999999999,18279,0.0
0.5733333333333334,21093,0.0
0.5066666666666667,18421,0.0
0.53,0,0.0
0.5166666666666667,0,0.0
0.5416666666666666,0,0.0
0.5166666666666667,13340,0.0
0.44333333333333336,0,0.0
0.5216666666666667,21528,0.0
0.47000000000000003,29082,0.0
0.5333333333333334,19982,0.0
0.48166666666666674,31182,0.0
0.5166666666666667,8698,0.0
0.5583333333333333,30542,0.0
0.5633333333333334,27318,0.0
0.5466666666666667,32772,0.0
0.5566666666666668,24457,0.0
0.5533333333333333,0,0.0
0.53,24213,0.0
0.38666666666666666,30433,0.0
0.5933333333333334,27212,0.0
0.53,25833,0.0
0.5466666666666667,31812,0.0
0.5166666666666667,14780,0.0
0.5399999999999999,0,0.0
0.5166666666666667,10320,0.0
0.5316666666666667,0,0.0
0.525,0,0.0
0.5233333333333333,0,0.0
0.5333333333333334,0,0.0
0.5316666666666666,14140,0.0
0.5966666666666667,2650,0.0
0.5166666666666667,0,0.0
0.5599999999999999,0,0.0
0.2833333333333333,0,0.0
0.5183333333333334,0,0.0
0.5466666666666666,0,0.0
0.5216666666666667,12366,0.0
0.5183333333333334,0,0.0
0.52,0,0.0
0.5183333333333334,17198,0.0
0.52,0,0.0
0.5533333333333333,0,0.0
0.5216666666666667,0,0.0
0.5233333333333333,0,0.0
0.55,0,0.0
0.5166666666666667,0,0.0
0.5433333333333333,16819,0.0
0.5399999999999999,0,0.0
0.5216666666666667,0,0.0
0.5433333333333333,18470,0.0
0.5166666666666667,22334,0.0
0.5183333333333334,18531,0.0
0.5216666666666667,0,0.0
0.5216666666666667,0,0.0
0.5416666666666666,0,0.0
0.5233333333333333,0,0.0
0.5216666666666667,0,0.0
0.5216666666666667,0,0.0
0.525,0,0.0
0.5516666666666666,0,0.0
0.53,0,0.0
0.5283333333333333,0,0.0
0.5399999999999999,0,0.0
0.5333333333333333,0,0.0
0.5216666666666667,0,0.0
0.5766666666666668,20,0.0
0.57,0,0.0
0.6,0,0.0
0.5166666666666667,16025,0.0
0.5416666666666666,0,0.0
0.5333333333333333,0,0.0
0.5233333333333333,0,0.0
0.5700000000000001,31121,0.0
0.54,0,0.0
0.5166666666666667,0,0.0
0.5066666666666667,0,0.0
0.5233333333333333,0,0.0
0.525,0,0.0
0.5166666666666667,0,0.0
0.4916666666666667,0,0.0
0.5233333333333333,0,0.0
0.3233333333333333,0,0.0
0.4616666666666667,0,0.0
0.5233333333333333,0,0.0
0.3233333333333333,0,0.0
0.5316666666666666,0,0.0
0.5883333333333334,20294,0.0
0.57,12810,0.0
0.5183333333333334,0,0.0
0.5166666666666667,0,0.0
0.5316666666666666,0,0.0
0.5533333333333333,0,0.0
0.5916666666666667,-18180,0.0
0.5866666666666667,650,0.0
0.5183333333333333,0,0.0
0.5283333333333333,6424,0.0
0.5116666666666667,9465,0.0
0.5066666666666667,0,0.0
0.5283333333333333,0,0.0
0.5416666666666667,0,0.0
0.5333333333333333,0,0.0
0.5666666666666667,0,0.0
0.52,0,0.0
0.5133333333333333,31906,0.0
0.53,29248,0.0
0.5333333333333333,0,0.0
0.5216666666666667,0,0.0
0.5266666666666667,0,0.0
0.5616666666666666,8310,0.0
0.59,19800,0.0
0.5266666666666667,0,0.0
0.6,12832,0.0
0.5433333333333334,22461,0.0
0.5316666666666666,12801,0.0
0.53,18131,0.0
0.5833333333333334,8724,0.0
0.5433333333333333,17510,0.0
0.5133333333333334,13422,0.0
0.5633333333333334,29394,0.0
0.5233333333333333,1538,0.0
0.51,6032,0.0
0.5333333333333334,0,0.0
0.5850000000000001,7017,0.0
0.5166666666666667,0,0.0
0.5433333333333333,0,0.0
0.53,0,0.0
0.5633333333333335,-8980,0.0
0.5866666666666667,0,0.0
0.5233333333333333,25794,0.0
0.5333333333333333,0,0.0
0.5266666666666667,0,0.0
0.5466666666666666,0,0.0
0.5399999999999999,0,0.0
0.595,27904,0.0
0.5466666666666666,206,0.0
0.5216666666666667,15278,0.0
0.5883333333333334,32794,0.0
0.5666666666666667,0,0.0
0.5166666666666667,0,0.0
0.56,0,0.0
0.575,-13724,0.0
0.5533333333333333,0,0.0
0.5566666666666668,1596,0.0
0.6,0,0.0
0.5733333333333334,19717,0.0
0.5883333333333334,8393,0.0
0.5616666666666666,4476,0.0
0.4933333333333334,0,0.0
0.5666666666666667,16420,0.0
0.6,0,0.0
0.5683333333333334,19300,0.0
0.6,0,0.0
0.5166666666666667,33870,0.0
0.5466666666666666,0,0.0
0.5566666666666666,0,0.0
0.45666666666666667,0,0.0
0.5783333333333334,1100,0.0
0.5533333333333333,0,0.0
0.3833333333333333,28373,0.0
0.5266666666666667,4720,0.0
0.5433333333333333,0,0.0
0.5583333333333333,-1394,0.0
0.5266666666666667,0,0.0
0.5533333333333333,0,0.0
0.56,0,0.0
0.525,38070,0.0
0.5399999999999999,0,0.0
0.5166666666666667,21532,0.0
0.5366666666666666,0,0.0
0.55,0,0.0
0.5633333333333335,6212,0.0
0.5583333333333333,-4696,0.0
0.5633333333333334,140,0.0
0.47000000000000003,0,0.0
0.53,10624,0.0
0.5533333333333333,0,0.0
0.5716666666666667,37250,0.0
0.5916666666666667,0,0.0
0.5683333333333334,3964,0.0
0.495,0,0.0
0.5533333333333333,0,0.0
0.5683333333333334,7266,0.0
0.5116666666666667,0,0.0
0.5433333333333333,29666,0.0
0.52,19110,0.0
0.5333333333333333,17964,0.0
0.54,0,0.0
0.5416666666666666,0,0.0
0.54,0,0.0
0.54,0,0.0
0.5166666666666667,0,0.0
0.52,0,0.0
0.5166666666666667,0,0.0
0.5183333333333334,0,0.0
0.5466666666666666,0,0.0
0.5466666666666666,0,0.0
0.5216666666666667,0,0.0
0.5399999999999999,0,0.0
0.5166666666666667,0,0.0
0.5183333333333334,16880,0.0
0.5466666666666666,0,0.0
0.5399999999999999,0,0.0
0.5433333333333333,0,0.0
0.5333333333333334,0,0.0
0.54,0,0.0
0.5316666666666666,0,0.0
0.53,0,0.0
0.5333333333333333,0,0.0
0.5366666666666666,0,0.0
0.55,0,0.0
0.5266666666666667,0,0.0
0.5399999999999999,0,0.0
0.5333333333333333,0,0.0
0.5333333333333333,0,0.0
0.5283333333333333,0,0.0
0.5833333333333334,0,0.0
0.53,0,0.0
0.5750000000000001,0,0.0
0.56,0,0.0
0.5733333333333334,40130,0.0
0.5800000000000001,7106,0.0
0.5683333333333334,22426,0.0
0.6,0,0.0
0.57,25306,0.0
0.6,0,0.0
0.575,22720,0.0
0.5833333333333334,5390,0.0
0.5433333333333334,41894,0.0
0.5333333333333333,0,0.0
0.5316666666666666,0,0.0
0.5700000000000001,32454,0.0
0.5266666666666667,5038,0.0
0.5833333333333334,19072,0.0
0.5133333333333333,0,0.0
0.5366666666666667,34392,0.0
0.5399999999999999,0,0.0
0.5433333333333334,37272,0.0
0.5633333333333334,28703,0.0
0.5333333333333333,19284,0.0
0.54,0,0.0
0.5,16343,0.0
0.5633333333333334,-236,0.0
0.49666666666666665,0,0.0
0.5316666666666666,15084,0.0
0.55,0,0.0
0.5416666666666666,0,0.0
0.49000000000000005,65920,0.0
0.5333333333333333,19384,0.0
0.51,27965,0.0
0.5666666666666667,48338,0.0
0.5733333333333334,73528,0.0
0.4633333333333334,53455,0.0
0.5616666666666666,21964,0.0
0.5733333333333334,51726,0.0
0.5,53180,0.0
0.5733333333333334,50184,0.0
0.545,15784,0.0
0.5066666666666667,45852,0.0
0.5633333333333334,11468,0.0
0.4633333333333334,48176,0.0
0.49333333333333335,31544,0.0
0.5566666666666666,25520,0.0
0.5833333333333334,35764,0.0
0.5116666666666667,62164,0.0
0.5483333333333333,57438,0.0
0.5666666666666667,37230,0.0
0.5516666666666667,37608,0.0
0.5666666666666667,68144,0.0
0.5333333333333333,45520,0.0
0.5133333333333334,24265,0.0
0.57,45475,0.0
0.48333333333333334,44978,0.0
0.535,42628,0.0
0.5666666666666667,0,0.0
0.5433333333333334,48858,0.0
0.5733333333333334,31932,0.0
0.5650000000000001,43676,0.0
0.5766666666666667,65850,0.0
0.5133333333333334,62232,0.0
0.5066666666666666,75189,0.0
0.5066666666666666,85056,0.0
0.4766666666666666,66912,0.0
0.5683333333333334,45060,0.0
0.57,21691,0.0
0.5766666666666667,28581,0.0
0.5333333333333333,42670,0.0
0.49833333333333335,59673,0.0
0.5033333333333334,49152,0.0
0.48666666666666664,29996,0.0
0.5133333333333333,16430,0.0
0.5133333333333333,17501,0.0
0.5316666666666667,59502,0.0
0.5166666666666667,28589,0.0
0.51,81785,0.0
0.505,74580,0.0
0.515,63228,0.0
0.5,26748,0.0
0.55,37480,0.0
0.5116666666666667,57392,0.0
0.5666666666666667,35105,0.0
0.45666666666666667,49200,0.0
0.5466666666666666,70929,0.0
0.5833333333333334,27154,0.0
0.4266666666666667,78636,0.0
0.4266666666666667,98615,0.0
0.5583333333333333,33512,0.0
0.5283333333333333,39204,0.0
0.5666666666666667,12229,0.0
0.5533333333333333,44433,0.0
0.5066666666666666,52400,0.0
0.475,42302,0.0
0.45666666666666667,47960,0.0
0.5216666666666667,16588,0.0
0.5300000000000001,24848,0.0
0.5333333333333333,49467,0.0
0.58,41790,0.0
0.5266666666666667,33360,0.0
0.55,49437,0.0
0.5266666666666666,0,0.0
0.515,35656,0.0
0.45666666666666667,51376,0.0
0.5666666666666667,1161,0.0
0.5766666666666667,28426,0.0
0.5433333333333333,53352,0.0
0.525,23509,0.0
0.5583333333333333,24838,0.0
0.5166666666666666,89844,0.0
0.5566666666666668,34551,0.0
0.5683333333333334,17339,0.0
0.57,28062,0.0
0.48,41912,0.0
0.5666666666666667,21250,0.0
0.5533333333333333,78080,0.0
0.5433333333333334,0,0.0
0.545,18998,0.0
0.5100000000000001,11346,0.0
0.4616666666666667,70868,0.0
0.53,58356,0.0
0.5366666666666667,28617,0.0
0.45,73900,0.0
0.5333333333333334,30672,0.0
0.5266666666666667,21804,0.0
0.5366666666666666,61576,0.0
0.5783333333333334,29154,0.0
0.5533333333333333,35408,0.0
0.3416666666666667,69932,0.0
0.40666666666666673,39734,0.0
0.5666666666666667,32049,0.0
0.575,37890,0.0
0.5666666666666667,-31072,0.0
0.5,36280,0.0
0.575,26911,0.0
0.5233333333333334,65529,0.0
0.5166666666666667,33363,0.0
0.5166666666666667,35508,0.0
0.5566666666666668,21990,0.0
0.5133333333333334,48350,0.0
0.45,28878,0.0
0.55,29644,0.0
0.5533333333333333,44480,0.0
0.5433333333333334,28275,0.0
0.5233333333333333,63069,0.0
0.5533333333333333,17736,0.0
0.5533333333333333,-22575,0.0
0.5066666666666666,63546,0.0
0.4766666666666667,29134,0.0
0.57,39220,0.0
0.5133333333333334,13257,0.0
0.5233333333333334,97195,0.0
0.47500000000000003,0,0.0
0.51,26655,0.0
0.53,0,0.0
0.515,58915,0.0
0.5166666666666667,-24370,0.0
0.58,63362,0.0
0.5633333333333334,11712,0.0
0.555,60402,0.0
0.5666666666666667,64125,0.0
0.5,23925,0.0
0.5666666666666667,44466,0.0
0.52,76911,0.0
0.45833333333333337,-3800,0.0
0.5683333333333334,28526,0.0
0.525,43288,0.0
0.5549999999999999,38369,0.0
0.5100000000000001,17811,0.0
0.5,57246,0.0
0.46,63708,0.0
0.5483333333333333,37482,0.0
0.5233333333333333,22560,0.0
0.4966666666666667,26280,0.0
0.5083333333333333,104396,0.0
0.5666666666666667,20715,0.0
0.4666666666666667,28896,0.0
0.45,18304,0.0
0.5166666666666667,29730,0.0
0.5616666666666666,16167,0.0
0.5466666666666667,34152,0.0
0.54,37195,0.0
0.57,50895,0.0
0.47000000000000003,55428,0.0
0.5166666666666667,30148,0.0
0.505,60657,0.0
0.5633333333333334,25768,0.0
0.55,48099,0.0
0.5433333333333334,59736,0.0
0.5,52740,0.0
0.5016666666666667,48175,0.0
0.5066666666666667,66363,0.0
0.5666666666666667,43532,0.0
0.4666666666666667,54440,0.0
0.5133333333333334,44420,0.0
0.5683333333333334,37059,0.0
0.47000000000000003,82604,0.0
0.5333333333333333,41187,0.0
0.5,59636,0.0
0.5666666666666667,-52,0.0
0.4083333333333333,89352,0.0
0.5666666666666667,5720,0.0
0.5333333333333333,49148,0.0
0.4966666666666667,23694,0.0
0.5666666666666667,47220,0.0
0.5016666666666667,39962,0.0
0.5266666666666667,53898,0.0
0.5466666666666667,64810,0.0
0.5066666666666666,43335,0.0
0.4800000000000001,71805,0.0
0.52,67320,0.0
0.5633333333333334,13040,0.0
0.5066666666666667,46772,0.0
0.5333333333333333,42951,0.0
0.5133333333333334,21117,0.0
0.5433333333333334,45270,0.0
0.5133333333333333,31162,0.0
0.49000000000000005,61988,0.0
0.5666666666666667,0,0.0
0.54,26400,0.0
0.5483333333333333,31616,0.0
0.56,29408,0.0
0.5333333333333334,37020,0.0
0.5016666666666667,65276,0.0
0.5666666666666667,16784,0.0
0.5683333333333334,40263,0.0
0.5433333333333334,46710,0.0
0.5733333333333334,54930,0.0
0.5133333333333333,32122,0.0
0.49000000000000005,63908,0.0
0.5666666666666667,21644,0.0
0.4966666666666667,32904,0.0
0.5333333333333334,23618,0.0
0.5399999999999999,38872,0.0
0.4666666666666667,33864,0.0
0.48500000000000004,44468,0.0
0.5666666666666667,47712,0.0
0.5516666666666667,17942,0.0
0.5716666666666667,20439,0.0
0.5466666666666667,44970,0.0
0.5166666666666667,29020,0.0
0.5333333333333334,22448,0.0
0.5666666666666667,22229,0.0
0.49000000000000005,16152,0.0
0.5399999999999999,36532,0.0
0.47000000000000014,42128,0.0
0.5666666666666667,45544,0.0
0.55,18484,0.0
0.5683333333333334,35163,0.0
0.5666666666666667,29938,0.0
0.5633333333333334,41610,0.0
0.5733333333333334,49830,0.0
0.5566666666666666,43344,0.0
0.5683333333333334,41636,0.0
0.4666666666666667,67124,0.0
0.5433333333333334,42678,0.0
0.5733333333333334,50898,0.0
0.515,58532,0.0
0.56,14854,0.0
0.5333333333333334,31728,0.0
0.5233333333333334,64590,0.0
0.5366666666666667,37908,0.0
0.5399999999999999,42425,0.0
0.49000000000000005,49420,0.0
0.5233333333333334,46776,0.0
0.495,50208,0.0
0.4966666666666667,30810,0.0
0.56,16707,0.0
0.5666666666666667,27350,0.0
0.5266666666666667,34230,0.0
0.4666666666666667,40985,0.0
0.5283333333333333,24948,0.0
0.45,30868,0.0
0.5166666666666667,59900,0.0
0.5016666666666667,67124,0.0
0.5683333333333334,41649,0.0
0.5133333333333334,22059,0.0
0.4666666666666667,49830,0.0
0.5133333333333333,33046,0.0
0.49000000000000005,65756,0.0
0.5383333333333333,50284,0.0
0.4716666666666667,76484,0.0
0.5666666666666667,29211,0.0
0.55,25970,0.0
0.5483333333333333,33339,0.0
0.5516666666666667,24754,0.0
0.55,33700,0.0
0.5,67630,0.0
0.5,51465,0.0
0.52,54690,0.0
0.5016666666666667,37608,0.0
0.5466666666666667,58925,0.0
0.5066666666666666,39804,0.0
0.5266666666666667,66957,0.0
0.5666666666666667,42740,0.0
0.5666666666666667,29808,0.0
0.5666666666666667,7886,0.0
0.5616666666666666,26156,0.0
0.5816666666666667,22070,0.0
0.5666666666666667,27489,0.0
0.5833333333333334,15963,0.0
0.5666666666666667,31542,0.0
0.5683333333333334,20854,0.0
0.5633333333333334,41372,0.0
0.5833333333333334,25900,0.0
0.5716666666666667,42482,0.0
0.5666666666666667,42650,0.0
0.5666666666666667,17928,0.0
0.5433333333333334,38085,0.0
0.5666666666666667,36339,0.0
0.5633333333333334,44056,0.0
0.5733333333333334,55016,0.0
0.545,57105,0.0
0.5216666666666667,33336,0.0
0.5066666666666666,54840,0.0
0.5633333333333334,14144,0.0
0.5716666666666667,48183,0.0
0.55,34586,0.0
0.5433333333333334,48582,0.0
0.5533333333333333,60808,0.0
0.49000000000000005,66404,0.0
0.45666666666666667,32584,0.0
0.5,36224,0.0
0.5733333333333334,71844,0.0
0.5,23292,0.0
0.5616666666666666,6257,0.0
0.5116666666666667,19640,0.0
0.53,22602,0.0
0.525,14334,0.0
0.54,24921,0.0
0.57,33141,0.0
0.5466666666666667,29260,0.0
0.49333333333333335,26655,0.0
0.5,16810,0.0
0.5,68355,0.0
0.5616666666666666,21744,0.0
0.5733333333333334,38666,0.0
0.5416666666666667,42063,0.0
0.5016666666666667,37898,0.0
0.57,62648,0.0
0.5466666666666667,59650,0.0
0.5066666666666666,40239,0.0
0.5333333333333333,47305,0.0
0.5716666666666667,34726,0.0
0.5333333333333333,56476,0.0
0.5133333333333334,41838,0.0
0.5433333333333334,59568,0.0
0.5133333333333333,46149,0.0
0.45666666666666667,44970,0.0
0.4916666666666667,49762,0.0
0.5666666666666667,8572,0.0
0.54,28900,0.0
0.5833333333333334,25419,0.0
0.5633333333333334,29547,0.0
0.4966666666666667,31040,0.0
0.5633333333333334,26811,0.0
0.56,13284,0.0
0.4966666666666667,26475,0.0
0.5666666666666667,26172,0.0
0.5366666666666667,34768,0.0
0.5666666666666667,45728,0.0
0.5399999999999999,38500,0.0
0.5,27549,0.0
0.49000000000000005,45495,0.0
0.465,26370,0.0
0.5016666666666667,45188,0.0
0.55,41700,0.0
0.5616666666666666,10859,0.0
0.5483333333333333,36408,0.0
0.55,38727,0.0
0.57,46947,0.0
0.5616666666666666,47668,0.0
0.5333333333333334,40461,0.0
0.5516666666666667,26800,0.0
0.54,53264,0.0
0.5166666666666667,26014,0.0
0.5633333333333334,25617,0.0
0.495,53175,0.0
0.4966666666666667,32445,0.0
0.5666666666666667,30948,0.0
0.5266666666666667,36452,0.0
0.49000000000000005,31826,0.0
0.5666666666666667,50504,0.0
0.5399999999999999,44470,0.0
0.5,31131,0.0
0.45,29952,0.0
0.52,60027,0.0
0.5166666666666667,57484,0.0
0.5333333333333333,44552,0.0
0.5666666666666667,34419,0.0
0.5483333333333333,29442,0.0
0.5366666666666666,28226,0.0
0.5266666666666667,56116,0.0
0.5166666666666667,27440,0.0
0.515,42835,0.0
0.5133333333333333,51626,0.0
0.5666666666666667,11536,0.0
0.5366666666666667,22105,0.0
0.5666666666666667,22676,0.0
0.5633333333333334,26751,0.0
0.56,31272,0.0
0.5666666666666667,42232,0.0
0.5666666666666667,34130,0.0
0.5666666666666667,24927,0.0
0.5,48695,0.0
0.5466666666666666,49282,0.0
0.5,32530,0.0
0.56,13880,0.0
0.54,30267,0.0
0.5666666666666667,46920,0.0
0.5,46985,0.0
0.53,27645,0.0
0.54,45098,0.0
0.5016666666666667,59155,0.0
0.5066666666666666,42990,0.0
0.5066666666666667,38425,0.0
0.5683333333333334,35732,0.0
0.5433333333333334,44328,0.0
0.5733333333333334,55288,0.0
0.5533333333333333,50450,0.0
0.49000000000000005,57445,0.0
0.45666666666666667,33540,0.0
0.5016666666666667,66704,0.0
0.54,53112,0.0
0.5633333333333334,13877,0.0
0.5066666666666667,50120,0.0
0.5683333333333334,41334,0.0
0.5733333333333334,56001,0.0
0.5533333333333333,59740,0.0
0.4666666666666667,49515,0.0
0.5133333333333333,32836,0.0
0.49000000000000005,65336,0.0
0.45666666666666667,32050,0.0
0.5483333333333333,27345,0.0
0.5,55340,0.0
0.5,42408,0.0
0.5616666666666666,11036,0.0
0.5666666666666667,32811,0.0
0.53,36939,0.0
0.4666666666666667,40992,0.0
0.5333333333333333,38500,0.0
0.5483333333333333,30757,0.0
0.5,41692,0.0
0.5616666666666666,7624,0.0
0.5016666666666667,25108,0.0
0.5666666666666667,22575,0.0
0.5416666666666667,21546,0.0
0.53,26703,0.0
0.54,29022,0.0
0.57,37242,0.0
0.5466666666666667,34728,0.0
0.5066666666666666,20330,0.0
0.49333333333333335,40324,0.0
0.4666666666666667,19544,0.0
0.4666666666666667,0,0.0
0.5666666666666667,14834,0.0
0.5433333333333334,30350,0.0
0.5833333333333334,29272,0.0
0.5833333333333334,31698,0.0
0.5666666666666667,34776,0.0
0.5766666666666668,37868,0.0
0.5666666666666667,42375,0.0
0.5566666666666666,40180,0.0
0.57,29874,0.0
0.545,49370,0.0
0.5833333333333334,30030,0.0
0.5233333333333333,28695,0.0
0.5016666666666667,62236,0.0
0.5366666666666667,25621,0.0
0.5633333333333334,12760,0.0
0.5066666666666667,45652,0.0
0.5683333333333334,37983,0.0
0.55,31818,0.0
0.5333333333333333,42111,0.0
0.5433333333333334,44430,0.0
0.5733333333333334,52650,0.0
0.5533333333333333,55272,0.0
0.4666666666666667,46164,0.0
0.49000000000000005,60868,0.0
0.5383333333333333,45396,0.0
0.45666666666666667,29816,0.0
0.38333333333333336,0,0.0
0.5166666666666667,74565,0.0
0.5216666666666667,58400,0.0
0.55,40480,0.0
0.5633333333333334,24228,0.0
0.5166666666666667,53835,0.0
0.55,45789,0.0
0.5333333333333333,53564,0.0
0.5433333333333334,40382,0.0
0.5733333333333334,67616,0.0
0.5116666666666667,58968,0.0
0.5266666666666667,43965,0.0
0.515,72855,0.0
0.5383333333333333,53515,0.0
0.5166666666666667,42786,0.0
0.5233333333333334,72564,0.0
0.56,30928,0.0
0.5666666666666667,8166,0.0
0.5366666666666667,27276,0.0
0.5816666666666667,24201,0.0
0.5766666666666668,22630,0.0
0.56,28329,0.0
0.5833333333333334,16243,0.0
0.5833333333333334,38868,0.0
0.5666666666666667,36896,0.0
0.5466666666666667,32382,0.0
0.5666666666666667,21414,0.0
0.515,20628,0.0
0.5,50100,0.0
0.5533333333333333,67884,0.0
0.5616666666666666,9726,0.0
0.5066666666666667,33516,0.0
0.5666666666666667,28881,0.0
0.5433333333333334,25750,0.0
0.53,33009,0.0
0.5133333333333333,17803,0.0
0.57,43548,0.0
0.5066666666666666,24534,0.0
0.4966666666666667,48732,0.0
0.5566666666666668,24454,0.0
0.495,64194,0.0
0.56,23700,0.0
0.4966666666666667,39318,0.0
0.5666666666666667,39005,0.0
0.5333333333333334,44196,0.0
0.5266666666666667,45885,0.0
0.49000000000000005,47931,0.0
0.5666666666666667,63450,0.0
0.5399999999999999,53748,0.0
0.5,41764,0.0
0.45,40192,0.0
0.5,57756,0.0
0.5533333333333333,62142,0.0
0.5,44824,0.0
0.5616666666666666,11640,0.0
0.5016666666666667,41172,0.0
0.5666666666666667,34623,0.0
0.5416666666666667,29578,0.0
0.5016666666666667,19717,0.0
0.57,49290,0.0
0.5466666666666667,50792,0.0
0.4666666666666667,42804,0.0
0.5066666666666666,28362,0.0
0.4800000000000001,56388,0.0
0.45,27576,0.0
0.52,65468,0.0
0.5516666666666667,52536,0.0
0.5633333333333334,13568,0.0
0.5433333333333334,48884,0.0
0.5166666666666667,56358,0.0
0.5683333333333334,40407,0.0
0.55,44535,0.0
0.5633333333333334,21645,0.0
0.5633333333333334,58504,0.0
0.5416666666666667,48588,0.0
0.5533333333333333,32218,0.0
0.52,31432,0.0
0.5566666666666666,72678,0.0
0.525,54668,0.0
0.57,41736,0.0
0.5666666666666667,10868,0.0
0.5850000000000001,32307,0.0
0.5833333333333334,28034,0.0
0.5666666666666667,36435,0.0
0.59,18945,0.0
0.5766666666666668,38754,0.0
0.5733333333333334,26818,0.0
0.545,53300,0.0
0.5850000000000001,37828,0.0
0.525,26032,0.0
0.5,75258,0.0
0.5833333333333333,25350,0.0
0.5,55860,0.0
0.5616666666666666,29232,0.0
0.5016666666666667,50382,0.0
0.5666666666666667,48225,0.0
0.5416666666666667,51572,0.0
0.53,55105,0.0
0.5016666666666667,53463,0.0
0.54,58970,0.0
0.5466666666666667,64812,0.0
0.4666666666666667,61860,0.0
0.5066666666666666,49140,0.0
0.4866666666666667,73206,0.0
0.45,47568,0.0
0.515,48565,0.0
0.58,56360,0.0
0.56,32400,0.0
0.5666666666666667,13828,0.0
0.5366666666666667,27835,0.0
0.5666666666666667,27260,0.0
0.5633333333333334,30189,0.0
0.56,32764,0.0
0.56,35856,0.0
0.5666666666666667,39860,0.0
0.5366666666666667,38168,0.0
0.5666666666666667,28365,0.0
0.535,46855,0.0
0.5633333333333334,27515,0.0
0.5100000000000001,27186,0.0
0.5433333333333333,36762,0.0
0.5833333333333333,81210,0.0
0.5166666666666667,43292,0.0
0.55,30360,0.0
0.5616666666666666,8024,0.0
0.54,26708,0.0
0.5666666666666667,23775,0.0
0.55,22346,0.0
0.5483333333333333,27903,0.0
0.56,16101,0.0
0.55,30222,0.0
0.5616666666666666,36328,0.0
0.5333333333333334,31956,0.0
0.5516666666666667,21130,0.0
0.54,41924,0.0
0.5166666666666667,20344,0.0
0.5666666666666667,78616,0.0
0.495,58028,0.0
0.4966666666666667,45096,0.0
0.56,11708,0.0
0.4966666666666667,41444,0.0
0.5666666666666667,34827,0.0
0.5333333333333334,29714,0.0
0.5266666666666667,38955,0.0
0.49000000000000005,19785,0.0
0.5366666666666667,41274,0.0
0.5666666666666667,49494,0.0
0.4666666666666667,43008,0.0
0.5,28498,0.0
0.47000000000000014,56660,0.0
0.5283333333333333,41188,0.0
0.45,27712,0.0
0.3433333333333333,0,0.0
0.5133333333333333,78699,0.0
0.515,39640,0.0
0.5666666666666667,10258,0.0
0.5366666666666667,18910,0.0
0.5666666666666667,20120,0.0
0.5633333333333334,24834,0.0
0.56,25624,0.0
0.57,26412,0.0
0.56,28716,0.0
0.5666666666666667,39676,0.0
0.5366666666666667,31028,0.0
0.5666666666666667,23010,0.0
0.5633333333333334,18590,0.0
0.5116666666666667,21831,0.0
0.5,59952,0.0
0.5,40554,0.0
0.56,21579,0.0
0.51,35076,0.0
0.5666666666666667,35470,0.0
0.5266666666666667,42350,0.0
0.5366666666666667,46215,0.0
0.5666666666666667,59915,0.0
0.49000000000000005,49105,0.0
0.5,38936,0.0
0.5,57900,0.0
0.495,37364,0.0
0.5133333333333333,70722,0.0
0.515,52935,0.0
0.56,36770,0.0
0.5666666666666667,15576,0.0
0.5366666666666667,32205,0.0
0.5666666666666667,30756,0.0
0.5633333333333334,32811,0.0
0.56,36260,0.0
0.57,31730,0.0
0.56,39352,0.0
0.5666666666666667,50312,0.0
0.5366666666666667,41664,0.0
0.5666666666666667,30987,0.0
0.535,51225,0.0
0.5633333333333334,31885,0.0
0.5100000000000001,29808,0.0
0.51,37636,0.0
0.49666666666666665,79260,0.0
0.495,37244,0.0
0.4966666666666667,24312,0.0
0.56,6512,0.0
0.4966666666666667,20660,0.0
0.5666666666666667,19239,0.0
0.5333333333333334,19322,0.0
0.5266666666666667,23367,0.0
0.49000000000000005,14589,0.0
0.5366666666666667,25686,0.0
0.5666666666666667,33906,0.0
0.5399999999999999,30280,0.0
0.5,18106,0.0
0.47000000000000014,35876,0.0
0.5283333333333333,20404,0.0
0.45,17320,0.0
0.4866666666666667,64836,0.0
0.5,56476,0.0
0.5,43544,0.0
0.5616666666666666,11320,0.0
0.5016666666666667,39892,0.0
0.5666666666666667,33663,0.0
0.5416666666666667,28938,0.0
0.53,37791,0.0
0.5016666666666667,19397,0.0
0.54,40110,0.0
0.57,48330,0.0
0.5466666666666667,49512,0.0
0.5066666666666666,27722,0.0
0.4800000000000001,55108,0.0
0.45,26936,0.0
0.4966666666666667,59298,0.0
0.49666666666666665,25848,0.0
0.4966666666666667,39900,0.0
0.56,21252,0.0
0.4966666666666667,34422,0.0
0.5666666666666667,34925,0.0
0.5333333333333334,40932,0.0
0.5266666666666667,41805,0.0
0.49000000000000005,45483,0.0
0.5366666666666667,45670,0.0
0.5666666666666667,59370,0.0
0.5399999999999999,48852,0.0
0.5,38500,0.0
0.49000000000000005,57246,0.0
0.5283333333333333,34038,0.0
0.465,36928,0.0
0.4766666666666666,38680,0.0
0.5016666666666667,81955,0.0
0.5066666666666666,65790,0.0
0.5633333333333334,27184,0.0
0.5066666666666667,61225,0.0
0.5683333333333334,53972,0.0
0.55,50223,0.0
0.5333333333333333,59476,0.0
0.5133333333333334,43338,0.0
0.5433333333333334,62568,0.0
0.5533333333333333,73250,0.0
0.5133333333333333,48399,0.0
0.49000000000000005,80245,0.0
0.5383333333333333,60905,0.0
0.45666666666666667,47220,0.0
0.4,68700,0.0
0.5166666666666667,51324,0.0
0.5666666666666667,38392,0.0
0.5666666666666667,10032,0.0
0.54,34740,0.0
0.5666666666666667,29799,0.0
0.565,26362,0.0
0.5633333333333334,33927,0.0
0.5716666666666667,18109,0.0
0.5616666666666666,36246,0.0
0.57,44466,0.0
0.5666666666666667,44360,0.0
0.54,49956,0.0
0.5666666666666667,34484,0.0
0.5166666666666667,24360,0.0
0.5216666666666667,63100,0.0
0.49,39738,0.0
0.5666666666666667,50168,0.0
0.5666666666666667,12976,0.0
0.5433333333333334,46516,0.0
0.5683333333333334,38631,0.0
0.5666666666666667,32250,0.0
0.5733333333333334,21053,0.0
0.5633333333333334,45078,0.0
0.5733333333333334,53298,0.0
0.5666666666666667,56136,0.0
0.5566666666666666,46812,0.0
0.545,61732,0.0
0.5683333333333334,46260,0.0
0.5216666666666667,30248,0.0
0.54,48070,0.0
0.49833333333333335,46436,0.0
0.49833333333333335,33504,0.0
0.56,8810,0.0
0.5033333333333333,29852,0.0
0.5666666666666667,26133,0.0
0.5366666666666667,23918,0.0
0.5266666666666667,30261,0.0
0.5033333333333334,16887,0.0
0.5366666666666667,32580,0.0
0.5666666666666667,40800,0.0
0.5399999999999999,39472,0.0
0.47833333333333333,34314,0.0
0.495,45068,0.0
0.5283333333333333,29596,0.0
0.48000000000000004,21916,0.0
0.5,55330,0.0
0.5333333333333333,24578,0.0
0.5,39165,0.0
0.5616666666666666,16534,0.0
0.5016666666666667,34600,0.0
0.5666666666666667,32672,0.0
0.5416666666666667,34248,0.0
0.53,38176,0.0
0.5016666666666667,32688,0.0
0.54,41268,0.0
0.57,52228,0.0
0.5466666666666667,46625,0.0
0.4666666666666667,43580,0.0
0.49000000000000005,53620,0.0
0.5333333333333333,34280,0.0
0.45,31245,0.0
0.435,38115,0.0
0.5,30235,0.0
0.525,29597,0.0
0.5,14070,0.0
0.5616666666666666,6496,0.0
0.5116666666666667,9505,0.0
0.5666666666666667,12596,0.0
0.545,19191,0.0
0.53,18100,0.0
0.525,22650,0.0
0.54,21192,0.0
0.57,32152,0.0
0.5466666666666667,21530,0.0
0.49333333333333335,23504,0.0
0.5,28525,0.0
0.5333333333333333,9185,0.0
0.5,16188,0.0
0.495,33096,0.0
0.515,89908,0.0
0.495,52332,0.0
0.4966666666666667,39400,0.0
0.56,10284,0.0
0.4966666666666667,35748,0.0
0.5666666666666667,30555,0.0
0.5333333333333334,26866,0.0
0.5266666666666667,34683,0.0
0.49000000000000005,18361,0.0
0.5366666666666667,37002,0.0
0.5666666666666667,45222,0.0
0.5399999999999999,45368,0.0
0.4666666666666667,38736,0.0
0.5,25650,0.0
0.5283333333333333,35492,0.0
0.45,24864,0.0
0.5,47850,0.0
0.445,77970,0.0
0.5,31685,0.0
0.56,13542,0.0
0.51,27120,0.0
0.5666666666666667,26688,0.0
0.54,29760,0.0
0.5266666666666667,32192,0.0
0.5166666666666667,29696,0.0
0.5366666666666667,35284,0.0
0.5666666666666667,46244,0.0
0.5399999999999999,39145,0.0
0.49000000000000005,37596,0.0
0.5,27936,0.0
0.53,26800,0.0
0.495,26757,0.0
0.4766666666666667,36619,0.0
0.515,28124,0.0
0.495,52052,0.0
0.4966666666666667,29421,0.0
0.56,18548,0.0
0.4966666666666667,23030,0.0
0.5666666666666667,27228,0.0
0.5333333333333334,38930,0.0
0.5266666666666667,35484,0.0
0.49000000000000005,50856,0.0
0.5366666666666667,40122,0.0
0.5666666666666667,56562,0.0
0.5399999999999999,39865,0.0
0.4666666666666667,43590,0.0
0.5,35890,0.0
0.5283333333333333,22582,0.0
0.45,33925,0.0
0.3566666666666667,103455,0.0
0.42000000000000004,84944,0.0
0.5166666666666667,57296,0.0
0.55,44364,0.0
0.5616666666666666,11525,0.0
0.54,40712,0.0
0.5666666666666667,34278,0.0
0.55,29348,0.0
0.5483333333333333,38406,0.0
0.56,19602,0.0
0.55,40725,0.0
0.57,48945,0.0
0.5616666666666666,50332,0.0
0.5333333333333334,42459,0.0
0.5516666666666667,28132,0.0
0.55,40456,0.0
0.5166666666666667,27346,0.0
0.5216666666666667,0,0.0
0.495,53466,0.0
0.5583333333333333,45562,0.0
0.4966666666666667,34068,0.0
0.56,18336,0.0
0.4966666666666667,28590,0.0
0.5666666666666667,30065,0.0
0.5333333333333334,37044,0.0
0.5266666666666667,36945,0.0
0.49000000000000005,42567,0.0
0.5366666666666667,40810,0.0
0.5666666666666667,54510,0.0
0.5399999999999999,43020,0.0
0.4666666666666667,43700,0.0
0.5,34612,0.0
0.47000000000000014,51414,0.0
0.45,33040,0.0
0.38666666666666666,71920,0.0
0.4666666666666667,80925,0.0
0.515,23585,0.0
0.56,7420,0.0
0.5666666666666667,3836,0.0
0.5366666666666667,2855,0.0
0.5816666666666667,7276,0.0
0.5766666666666668,15201,0.0
0.56,12780,0.0
0.5833333333333334,19990,0.0
0.5700000000000001,15872,0.0
0.5833333333333334,26832,0.0
0.5666666666666667,14880,0.0
0.5416666666666667,18184,0.0
0.5666666666666667,13377,0.0
0.535,21875,0.0
0.5133333333333334,12198,0.0
0.5633333333333334,31766,0.0
0.5333333333333333,68178,0.0
0.515,44830,0.0
0.53,28665,0.0
0.56,12334,0.0
0.5266666666666667,24100,0.0
0.5666666666666667,24272,0.0
0.5466666666666667,27948,0.0
0.5333333333333333,29776,0.0
0.5433333333333333,28488,0.0
0.5433333333333333,32868,0.0
0.5666666666666667,43828,0.0
0.5533333333333333,36125,0.0
0.5133333333333334,35180,0.0
0.5333333333333333,26124,0.0
0.5233333333333333,43120,0.0
0.5100000000000001,24945,0.0
0.5,36015,0.0
0.47666666666666674,42680,0.0
0.5,55644,0.0
0.5,42712,0.0
0.5616666666666666,11112,0.0
0.5016666666666667,39060,0.0
0.5666666666666667,33039,0.0
0.5416666666666667,28522,0.0
0.53,37167,0.0
0.5016666666666667,19189,0.0
0.54,39486,0.0
0.57,47706,0.0
0.5466666666666667,48680,0.0
0.4666666666666667,41220,0.0
0.5066666666666666,27306,0.0
0.4800000000000001,54276,0.0
0.5333333333333333,38804,0.0
0.3333333333333333,0,0.0
0.44,53430,0.0
0.5166666666666667,34144,0.0
0.5166666666666667,21212,0.0
0.5616666666666666,5737,0.0
0.5166666666666667,17560,0.0
0.5666666666666667,16914,0.0
0.5466666666666667,17772,0.0
0.5316666666666666,21042,0.0
0.5366666666666667,13814,0.0
0.54,23361,0.0
0.57,31581,0.0
0.5516666666666667,27180,0.0
0.5066666666666667,25095,0.0
0.5216666666666667,16556,0.0
0.5133333333333334,32776,0.0
0.5333333333333333,17304,0.0
0.51,0,0.0
0.47666666666666674,42060,0.0
0.5,56884,0.0
0.5,43952,0.0
0.5616666666666666,11422,0.0
0.5016666666666667,40300,0.0
0.5666666666666667,33969,0.0
0.5416666666666667,29142,0.0
0.53,38097,0.0
0.5016666666666667,19499,0.0
0.54,40416,0.0
0.57,48636,0.0
0.5466666666666667,49920,0.0
0.4666666666666667,42150,0.0
0.5066666666666666,27926,0.0
0.4866666666666667,55516,0.0
0.5333333333333333,40044,0.0
0.47666666666666674,23360,0.0
0.5,59455,0.0
0.5,43290,0.0
0.5616666666666666,18184,0.0
0.5016666666666667,38725,0.0
0.5666666666666667,35972,0.0
0.5416666666666667,36723,0.0
0.53,41476,0.0
0.5016666666666667,34338,0.0
0.54,44568,0.0
0.57,55528,0.0
0.5466666666666667,50750,0.0
0.4666666666666667,46880,0.0
0.5066666666666666,34899,0.0
0.4800000000000001,57745,0.0
0.5333333333333333,38405,0.0
0.35,38940,0.0
0.47000000000000003,21755,0.0
0.5016666666666667,67480,0.0
0.5066666666666666,51315,0.0
0.5633333333333334,21394,0.0
0.5066666666666667,46750,0.0
0.5683333333333334,42392,0.0
0.55,41538,0.0
0.5333333333333333,47896,0.0
0.5133333333333334,37548,0.0
0.5433333333333334,50988,0.0
0.5733333333333334,61948,0.0
0.5533333333333333,58775,0.0
0.4666666666666667,53300,0.0
0.5133333333333333,39714,0.0
0.495,65770,0.0
0.5383333333333333,46430,0.0
0.45,40545,0.0
0.5033333333333333,71804,0.0
0.5133333333333333,58872,0.0
0.565,15152,0.0
0.5116666666666667,55220,0.0
0.57,45159,0.0
0.5533333333333333,36602,0.0
0.5366666666666666,49287,0.0
0.54,39258,0.0
0.5766666666666667,59826,0.0
0.56,64840,0.0
0.4666666666666667,53340,0.0
0.52,35386,0.0
0.5,70436,0.0
0.5433333333333333,54964,0.0
0.4633333333333334,34600,0.0
0.5266666666666667,43090,0.0
0.4683333333333333,21965,0.0
0.5516666666666667,27933,0.0
0.45,26808,0.0
0.5566666666666666,53796,0.0
0.45,35544,0.0
0.515,26601,0.0
0.5366666666666666,36760,0.0
0.55,17701,0.0
0.4933333333333334,0,0.0
0.55,33584,0.0
0.5516666666666667,43960,0.0
0.48333333333333334,26846,0.0
0.52,24536,0.0
0.5016666666666667,54321,0.0
0.55,20527,0.0
0.5583333333333333,63732,0.0
0.49000000000000005,19107,0.0
0.52,0,0.0
0.47000000000000003,0,0.0
0.49000000000000005,12063,0.0
0.5133333333333333,60924,0.0
0.5533333333333333,40932,0.0
0.5033333333333333,46485,0.0
0.5516666666666667,33904,0.0
0.555,47076,0.0
0.52,32240,0.0
0.505,57615,0.0
0.5,36036,0.0
0.55,52488,0.0
0.5,47535,0.0
0.5,31500,0.0
0.5066666666666667,65298,0.0
0.505,24891,0.0
0.48333333333333334,23667,0.0
0.5533333333333333,39948,0.0
0.4766666666666667,0,0.0
0.4166666666666667,0,0.0
0.5266666666666667,26200,0.0
0.53,33052,0.0
0.5166666666666667,31740,0.0
0.5,42531,0.0
0.555,38556,0.0
0.48000000000000004,14793,0.0
0.5216666666666667,55503,0.0
0.5216666666666667,44606,0.0
0.55,0,0.0
0.5566666666666666,55776,0.0
0.4683333333333333,22333,0.0
0.5233333333333334,45159,0.0
0.44166666666666665,22526,0.0
0.555,31666,0.0
0.55,-21240,0.0
0.5166666666666666,-11676,0.0
0.5,32856,0.0
0.51,0,0.0
0.45,30954,0.0
0.5266666666666667,28120,0.0
0.5566666666666666,52380,0.0
0.51,17852,0.0
0.5,59832,0.0
0.5033333333333333,46680,0.0
0.5,48772,0.0
0.4366666666666667,35968,0.0
0.48,0,0.0
0.48,34690,0.0
0.45000000000000007,25178,0.0
0.45999999999999996,33528,0.0
0.5,53776,0.0
0.5533333333333333,33648,0.0
0.52,56264,0.0
0.555,34462,0.0
0.5016666666666667,54324,0.0
0.51,24588,0.0
0.5533333333333333,27958,0.0
0.555,49368,0.0
0.5233333333333334,36750,0.0
0.5516666666666667,28480,0.0
0.45,20402,0.0
0.4633333333333334,39510,0.0
0.5166666666666667,38208,0.0
0.5233333333333333,69483,0.0
0.4916666666666667,0,0.0
0.5133333333333333,30928,0.0
0.5433333333333333,28849,0.0
0.49,34635,0.0
0.4966666666666667,43509,0.0
0.5566666666666666,49095,0.0
0.5533333333333333,28914,0.0
0.55,32926,0.0
0.55,28455,0.0
0.54,46894,0.0
0.5,58008,0.0
0.38666666666666666,23832,0.0
0.55,22354,0.0
0.5166666666666667,40425,0.0
0.5133333333333334,9744,0.0
0.5533333333333333,16212,0.0
0.55,0,0.0
0.45,23250,0.0
0.5166666666666667,37832,0.0
0.45333333333333337,34416,0.0
0.48000000000000004,36304,0.0
0.5,23948,0.0
0.5133333333333333,64242,0.0
0.55,25236,0.0
0.5,40224,0.0
0.5516666666666667,28164,0.0
0.54,14722,0.0
0.47000000000000003,32362,0.0
0.45999999999999996,16560,0.0
0.4800000000000001,23869,0.0
0.49833333333333335,60366,0.0
0.55,0,0.0
0.47000000000000003,28774,0.0
0.5533333333333333,44094,0.0
0.5,46880,0.0
0.4466666666666667,15646,0.0
0.4566666666666667,49086,0.0
0.55,27065,0.0
0.5033333333333333,58929,0.0
0.5283333333333333,39918,0.0
0.48333333333333334,65404,0.0
0.5183333333333333,33304,0.0
0.555,46668,0.0
0.525,66042,0.0
0.5533333333333333,56336,0.0
0.5533333333333333,33876,0.0
0.5533333333333333,29930,0.0
0.525,60105,0.0
0.4683333333333333,22609,0.0
0.51,24799,0.0
0.45833333333333337,0,0.0
0.5,30939,0.0
0.5,55356,0.0
0.52,44526,0.0
0.555,39015,0.0
0.505,33558,0.0
0.475,49508,0.0
0.5,27525,0.0
0.535,32886,0.0
0.51,47928,0.0
0.55,21007,0.0
0.5,35334,0.0
0.505,33706,0.0
0.43333333333333335,26156,0.0
0.4,24864,0.0
0.42666666666666664,34798,0.0
0.5,27790,0.0
0.5033333333333333,22232,0.0
0.5266666666666667,44772,0.0
0.44,39256,0.0
0.5166666666666666,46744,0.0
0.5,52280,0.0
0.555,48784,0.0
0.39666666666666667,30104,0.0
0.5233333333333333,61740,0.0
0.49333333333333335,27310,0.0
0.5,21469,0.0
0.5033333333333333,27598,0.0
0.5516666666666667,27777,0.0
0.505,30954,0.0
0.515,22180,0.0
0.555,28318,0.0
0.5233333333333333,35310,0.0
0.545,34230,0.0
0.52,65516,0.0
0.49833333333333335,27681,0.0
0.5366666666666666,24935,0.0
0.5133333333333333,28696,0.0
0.4866666666666667,40576,0.0
0.4866666666666667,53805,0.0
0.5533333333333333,36741,0.0
0.55,35352,0.0
0.45833333333333337,27999,0.0
0.5166666666666667,52986,0.0
0.5166666666666667,46760,0.0
0.555,60360,0.0
0.515,43886,0.0
0.5383333333333333,51818,0.0
0.45333333333333337,44756,0.0
0.42500000000000004,0,0.0
0.4666666666666667,30226,0.0
0.465,39812,0.0
0.51,49408,0.0
0.515,17388,0.0
0.5,43842,0.0
0.5,31842,0.0
0.48,0,0.0
0.5083333333333333,57116,0.0
0.55,21323,0.0
0.5566666666666666,42266,0.0
0.5083333333333333,57852,0.0
0.505,19740,0.0
0.4800000000000001,24985,0.0
0.515,27175,0.0
0.465,40830,0.0
0.5516666666666667,35220,0.0
0.515,43282,0.0
0.5033333333333333,53292,0.0
0.4866666666666667,21362,0.0
0.49833333333333335,46636,0.0
0.495,30741,0.0
0.545,23314,0.0
0.48,51224,0.0
0.45666666666666667,33300,0.0
0.49000000000000005,18780,0.0
0.41000000000000003,32008,0.0
0.5516666666666667,26032,0.0
0.55,29550,0.0
0.5066666666666667,62223,0.0
0.5033333333333333,51268,0.0
0.47000000000000003,36704,0.0
0.5333333333333333,31170,0.0
0.5033333333333333,24058,0.0
0.49,60354,0.0
0.5566666666666666,36830,0.0
0.55,42912,0.0
0.55,64404,0.0
0.5133333333333333,28980,0.0
0.55,43272,0.0
0.55,45232,0.0
0.5233333333333333,73414,0.0
0.5566666666666666,59124,0.0
0.555,47576,0.0
0.5533333333333333,46944,0.0
0.5233333333333334,37710,0.0
0.5566666666666666,57012,0.0
0.4916666666666667,47210,0.0
0.5533333333333333,34634,0.0
0.5266666666666667,60656,0.0
0.5433333333333333,55454,0.0
0.525,26727,0.0
0.5533333333333333,42348,0.0
0.515,60804,0.0
0.43833333333333335,39916,0.0
0.525,27199,0.0
0.515,21959,0.0
0.465,25908,0.0
0.455,43002,0.0
0.515,39190,0.0
0.4083333333333333,0,0.0
0.505,40035,0.0
0.5533333333333333,35536,0.0
0.51,41302,0.0
0.52,26383,0.0
0.4916666666666667,70962,0.0
0.51,0,0.0
0.48333333333333334,51116,0.0
0.5533333333333333,38016,0.0
0.5,43220,0.0
0.5,44565,0.0
0.5533333333333333,25198,0.0
0.51,40460,0.0
0.47000000000000003,30652,0.0
0.4266666666666667,0,0.0
0.51,19010,0.0
0.48,34078,0.0
0.5533333333333333,43616,0.0
0.5033333333333333,22504,0.0
0.49000000000000005,45230,0.0
0.44,23584,0.0
0.55,44856,0.0
0.5533333333333333,29902,0.0
0.4,42244,0.0
0.51,37970,0.0
0.48,32980,0.0
0.4466666666666667,21362,0.0
0.505,55095,0.0
0.5016666666666667,41604,0.0
0.42333333333333334,33904,0.0
0.505,71596,0.0
0.5266666666666667,56898,0.0
0.5016666666666667,52149,0.0
0.45666666666666667,42609,0.0
0.44166666666666665,43934,0.0
0.515,39202,0.0
0.45833333333333337,57117,0.0
0.5,43580,0.0
0.42000000000000004,36100,0.0
0.5233333333333333,38014,0.0
0.5016666666666667,45140,0.0
0.5133333333333333,52288,0.0
0.5166666666666667,28846,0.0
0.5566666666666666,50220,0.0
0.5516666666666667,27444,0.0
0.55,47792,0.0
0.55,17523,0.0
0.555,34682,0.0
0.5533333333333333,35292,0.0
0.48,44115,0.0
0.55,23749,0.0
0.5466666666666667,5770,0.0
0.5566666666666666,37802,0.0
0.5016666666666667,51801,0.0
0.5583333333333333,67713,0.0
0.5416666666666667,50702,0.0
0.5533333333333333,51400,0.0
0.515,35294,0.0
0.475,45920,0.0
0.5133333333333334,26928,0.0
0.5,41476,0.0
0.46166666666666667,40622,0.0
0.525,58014,0.0
0.44,0,0.0
0.5016666666666667,40791,0.0
0.44666666666666677,46210,0.0
0.4966666666666667,0,0.0
0.505,54267,0.0
0.4466666666666667,18840,0.0
0.5133333333333333,34212,0.0
0.5166666666666667,58244,0.0
0.51,56196,0.0
0.4366666666666667,46893,0.0
0.5566666666666666,37534,0.0
0.49,26308,0.0
0.515,28041,0.0
0.54,49548,0.0
0.5,39393,0.0
0.55,49098,0.0
0.47000000000000003,39795,0.0
0.5416666666666667,74655,0.0
0.51,39134,0.0
0.4366666666666667,32932,0.0
0.52,46958,0.0
0.5533333333333333,42060,0.0
0.53,29103,0.0
0.45,35046,0.0
0.5533333333333333,33303,0.0
0.5,52796,0.0
0.5416666666666667,52014,0.0
0.52,45602,0.0
0.455,29382,0.0
0.525,30991,0.0
0.43333333333333335,23396,0.0
0.4833333333333334,23673,0.0
0.5516666666666667,32304,0.0
0.505,34310,0.0
0.55,31550,0.0
0.54,48588,0.0
0.51,38582,0.0
0.44,42988,0.0
0.4066666666666667,29182,0.0
0.55,20864,0.0
0.5,34809,0.0
0.44166666666666665,28192,0.0
0.47000000000000003,17550,0.0
0.4916666666666667,22740,0.0
0.4083333333333333,45316,0.0
0.49333333333333335,33657,0.0
0.5,32474,0.0
0.43333333333333335,26272,0.0
0.55,24192,0.0
0.5166666666666667,47200,0.0
0.45,34796,0.0
0.5216666666666667,81276,0.0
0.51,34670,0.0
0.48,0,0.0
0.4366666666666667,28468,0.0
0.5083333333333333,51708,0.0
0.55,24400,0.0
0.45,28158,0.0
0.5366666666666666,39406,0.0
0.5383333333333333,0,0.0
0.5166666666666667,38385,0.0
0.49000000000000005,0,0.0
0.5133333333333333,47130,0.0
0.55,51588,0.0
0.5583333333333333,23356,0.0
0.55,41076,0.0
0.55,50208,0.0
0.55,50364,0.0
0.555,28624,0.0
0.515,58770,0.0
0.4083333333333333,29857,0.0
0.5016666666666667,65728,0.0
0.55,35582,0.0
0.5566666666666666,61158,0.0
0.55,23415,0.0
0.51,0,0.0
0.51,23494,0.0
0.5533333333333333,46614,0.0
0.555,47772,0.0
0.5516666666666667,30948,0.0
0.4,27278,0.0
0.44666666666666666,45278,0.0
0.555,45660,0.0
0.55,51672,0.0
0.55,47052,0.0
0.5516666666666667,32379,0.0
0.5516666666666667,30854,0.0
0.52,28615,0.0
0.4,40564,0.0
0.5533333333333333,38373,0.0
0.5133333333333333,31768,0.0
0.5566666666666666,50367,0.0
0.555,40431,0.0
0.55,0,0.0
0.5,41384,0.0
0.5,50670,0.0
0.5266666666666667,40176,0.0
0.51,0,0.0
0.44666666666666666,47370,0.0
0.525,51784,0.0
0.525,26451,0.0
0.52,25287,0.0
0.5,49932,0.0
0.515,39294,0.0
0.525,52522,0.0
0.52,29087,0.0
0.55,50828,0.0
0.46,37338,0.0
0.5,42380,0.0
0.51,30833,0.0
0.5516666666666667,23246,0.0
0.525,24996,0.0
0.38666666666666666,22038,0.0
0.5,0,0.0
0.53,47802,0.0
0.515,24528,0.0
0.52,24315,0.0
0.46,20390,0.0
0.465,23560,0.0
0.545,33750,0.0
0.5166666666666667,53068,0.0
0.5416666666666667,27136,0.0
0.555,32230,0.0
0.43833333333333335,38236,0.0
0.515,40298,0.0
0.43833333333333335,33772,0.0
0.5016666666666667,50973,0.0
0.55,47712,0.0
0.4,51942,0.0
0.5516666666666667,25281,0.0
0.505,39417,0.0
0.48,21348,0.0
0.48333333333333334,67086,0.0
0.44,49962,0.0
0.51,42387,0.0
0.5,51144,0.0
0.45,23404,0.0
0.44000000000000006,22338,0.0
0.46,37368,0.0
0.4,43600,0.0
0.4800000000000001,0,0.0
0.4833333333333334,40836,0.0
0.515,23397,0.0
0.5033333333333333,46772,0.0
0.5266666666666667,41565,0.0
0.5516666666666667,34875,0.0
0.5516666666666667,33696,0.0
0.515,20723,0.0
0.5016666666666667,65020,0.0
0.45666666666666667,45404,0.0
0.4633333333333334,50060,0.0
0.4966666666666667,90236,0.0
0.5016666666666667,53217,0.0
0.555,39972,0.0
0.515,37742,0.0
0.47500000000000003,0,0.0
0.5016666666666667,67204,0.0
0.5533333333333333,47152,0.0
0.505,42069,0.0
0.5183333333333333,35130,0.0
0.45666666666666667,37472,0.0
0.52,60820,0.0
0.48333333333333334,88473,0.0
0.555,33054,0.0
0.49,69582,0.0
0.5133333333333333,60186,0.0
0.5,70668,0.0
0.52,56298,0.0
0.5133333333333333,30652,0.0
0.5133333333333333,56140,0.0
0.49500000000000005,33607,0.0
0.55,29152,0.0
0.55,28294,0.0
0.5133333333333334,35511,0.0
0.555,43383,0.0
0.48,23211,0.0
0.4766666666666667,29903,0.0
0.5433333333333334,15608,0.0
0.47000000000000003,38403,0.0
0.5133333333333334,34395,0.0
0.5516666666666667,31029,0.0
0.5216666666666667,34210,0.0
0.4966666666666667,31341,0.0
0.515,43666,0.0
0.55,35518,0.0
0.5,23094,0.0
0.55,0,0.0
0.5,41580,0.0
0.5,44826,0.0
0.515,0,0.0
0.5,47400,0.0
0.505,35650,0.0
0.5,40734,0.0
0.52,48720,0.0
0.5333333333333333,35349,0.0
0.4633333333333334,36634,0.0
0.47000000000000003,55194,0.0
0.42333333333333334,26128,0.0
0.45666666666666667,31628,0.0
0.4533333333333333,25970,0.0
0.47000000000000003,58332,0.0
0.4633333333333334,59448,0.0
0.4633333333333334,36452,0.0
0.49,53888,0.0
0.5516666666666667,33765,0.0
0.5466666666666666,59322,0.0
0.48,23689,0.0
0.5,47296,0.0
0.5083333333333333,81753,0.0
0.55,32510,0.0
0.51,40078,0.0
0.48,0,0.0
0.5,37977,0.0
0.5083333333333333,56172,0.0
0.48,0,0.0
0.4366666666666667,34612,0.0
0.5083333333333333,59208,0.0
0.51,69906,0.0
0.45,28108,0.0
0.5033333333333333,51348,0.0
0.45999999999999996,25348,0.0
0.5533333333333333,38712,0.0
0.5,37149,0.0
0.5083333333333333,55620,0.0
0.5516666666666667,24824,0.0
0.505,37779,0.0
0.5033333333333333,63336,0.0
0.505,36254,0.0
0.5,37305,0.0
0.505,17392,0.0
0.45,28002,0.0
0.51,62862,0.0
0.5533333333333333,32844,0.0
0.4966666666666667,22316,0.0
0.4666666666666667,33204,0.0
0.5533333333333333,50856,0.0
0.51,57303,0.0
0.45666666666666667,48000,0.0
0.4,27646,0.0
0.5016666666666667,45105,0.0
0.55,50772,0.0
0.5516666666666667,34497,0.0
0.55,38200,0.0
0.55,47184,0.0
0.4866666666666667,39220,0.0
0.4666666666666667,41548,0.0
0.5266666666666667,40212,0.0
0.5,57532,0.0
0.555,35818,0.0
0.5533333333333333,29157,0.0
0.51,56928,0.0
0.36666666666666664,56502,0.0
0.555,45228,0.0
0.51,24610,0.0
0.5533333333333333,55505,0.0
0.5566666666666666,49908,0.0
0.5166666666666667,41865,0.0
0.5166666666666667,54028,0.0
0.5566666666666666,73608,0.0
0.51,40566,0.0
0.555,44424,0.0
0.37333333333333335,0,0.0
0.5516666666666667,31808,0.0
0.44166666666666665,23274,0.0
0.48333333333333334,61596,0.0
0.5133333333333333,31400,0.0
0.555,33356,0.0
0.55,44166,0.0
0.5533333333333333,36255,0.0
0.55,26111,0.0
0.4916666666666667,49442,0.0
0.4766666666666667,51770,0.0
0.555,33050,0.0
0.5466666666666667,68682,0.0
0.5233333333333333,81375,0.0
0.505,34863,0.0
0.45833333333333337,0,0.0
0.555,45840,0.0
0.515,43150,0.0
0.5516666666666667,30368,0.0
0.505,32670,0.0
0.51,37382,0.0
0.43833333333333335,37684,0.0
0.5383333333333333,42478,0.0
0.515,61911,0.0
0.5,35718,0.0
0.505,48068,0.0
0.495,31350,0.0
0.5,34278,0.0
0.4916666666666667,24727,0.0
0.5,32976,0.0
0.5,41334,0.0
0.5,32344,0.0
0.52,45564,0.0
0.55,24927,0.0
0.5,27627,0.0
0.55,23487,0.0
0.505,37383,0.0
0.5,18588,0.0
0.37333333333333335,0,0.0
0.5,17956,0.0
0.515,19270,0.0
0.5,18164,0.0
0.5233333333333333,39060,0.0
0.535,35271,0.0
0.55,57252,0.0
0.515,51264,0.0
0.515,35846,0.0
0.5516666666666667,43088,0.0
0.515,37526,0.0
0.4533333333333333,44044,0.0
0.51,32847,0.0
0.5383333333333333,36118,0.0
0.55,49830,0.0
0.5,30086,0.0
0.505,34798,0.0
0.4666666666666667,27948,0.0
0.5,32260,0.0
0.51,35158,0.0
0.51,58035,0.0
0.55,0,0.0
0.5533333333333333,42300,0.0
0.51,0,0.0
0.55,28467,0.0
0.5516666666666667,32364,0.0
0.5,20559,0.0
0.505,26310,0.0
0.425,18034,0.0
0.5133333333333333,32774,0.0
0.5033333333333333,26160,0.0
0.55,0,0.0
0.45833333333333337,0,0.0
0.45833333333333337,0,0.0
0.51,31022,0.0
0.5033333333333333,47859,0.0
0.4083333333333333,0,0.0
0.55,34622,0.0
0.5,0,0.0
0.47000000000000003,24020,0.0
0.4800000000000001,24130,0.0
0.45833333333333337,25294,0.0
0.46,23612,0.0
0.46,42500,0.0
0.44,25510,0.0
0.4083333333333333,0,0.0
0.44833333333333336,41684,0.0
0.55,49416,0.0
0.555,39194,0.0
0.5,48174,0.0
0.4,28324,0.0
0.44666666666666666,46014,0.0
0.4166666666666667,24574,0.0
0.45833333333333337,52680,0.0
0.55,50682,0.0
0.5533333333333333,32440,0.0
0.4916666666666667,0,0.0
0.4,23718,0.0
0.46666666666666673,53706,0.0
0.42000000000000004,0,0.0
0.48333333333333334,70056,0.0
0.5083333333333333,47908,0.0
0.51,39326,0.0
0.36666666666666664,30604,0.0
0.5,30543,0.0
0.46,48604,0.0
0.42000000000000004,43908,0.0
0.45,41454,0.0
0.38666666666666666,26854,0.0
0.5183333333333333,36102,0.0
0.5266666666666667,48858,0.0
0.5,24873,0.0
0.505,29186,0.0
0.44666666666666666,44334,0.0
0.505,32373,0.0
0.49333333333333335,65103,0.0
0.44166666666666665,22802,0.0
0.52,53344,0.0
0.5,37255,0.0
0.52,40624,0.0
0.44166666666666665,23642,0.0
0.48833333333333334,44672,0.0
0.495,37212,0.0
0.5016666666666667,56355,0.0
0.515,31382,0.0
0.4916666666666667,37497,0.0
0.5,41172,0.0
0.5516666666666667,35031,0.0
0.49833333333333335,32552,0.0
0.5183333333333333,61136,0.0
0.48666666666666664,45261,0.0
0.5266666666666667,89325,0.0
0.55,48008,0.0
0.5233333333333333,56494,0.0
0.5433333333333333,0,0.0
0.5416666666666667,0,0.0
0.48333333333333334,62332,0.0
0.48333333333333334,26942,0.0
0.51,22938,0.0
0.5183333333333334,52209,0.0
0.555,47775,0.0
0.555,54873,0.0
0.5,59008,0.0
0.5133333333333333,32446,0.0
0.5166666666666666,48512,0.0
0.5233333333333333,31202,0.0
0.43666666666666665,57240,0.0
0.5133333333333333,47592,0.0
0.52,51738,0.0
0.55,34347,0.0
0.5466666666666666,50528,0.0
0.5516666666666667,38320,0.0
0.55,38230,0.0
0.52,59572,0.0
0.54,66159,0.0
0.55,19926,0.0
0.55,15568,0.0
0.55,33388,0.0
0.55,38980,0.0
0.55,36990,0.0
0.55,7952,0.0
0.55,42788,0.0
0.55,8620,0.0
0.5,26971,0.0
0.5616666666666666,28144,0.0
0.55,28624,0.0
0.5566666666666666,40290,0.0
0.56,49866,0.0
0.55,20928,0.0
0.36666666666666664,0,0.0
0.4083333333333333,0,0.0
0.5,42292,0.0
0.55,44112,0.0
0.5266666666666667,30496,0.0
0.55,38118,0.0
0.47333333333333333,49197,0.0
0.55,31834,0.0
0.55,26421,0.0
0.45833333333333337,47018,0.0
0.55,12920,0.0
0.35,0,0.0
0.545,33090,0.0
0.5366666666666667,4435,0.0
0.5516666666666667,35032,0.0
0.4066666666666667,0,0.0
0.55,15905,0.0
0.5533333333333333,78057,0.0
0.555,55281,0.0
0.5233333333333333,55182,0.0
0.44833333333333336,33168,0.0
0.51,28492,0.0
0.55,19249,0.0
0.55,18391,0.0
0.5,33720,0.0
0.515,41654,0.0
0.47000000000000003,31006,0.0
0.5,47492,0.0
0.5,43188,0.0
0.5,49208,0.0
0.5,45762,0.0
0.505,36742,0.0
0.43333333333333335,44828,0.0
0.5,24795,0.0
0.435,30052,0.0
0.5166666666666667,23784,0.0
0.5,44456,0.0
0.51,25597,0.0
0.5233333333333334,43788,0.0
0.5,24739,0.0
0.5,17175,0.0
0.4666666666666667,30246,0.0
0.515,29744,0.0
0.5,55434,0.0
0.54,48530,0.0
0.5066666666666667,51288,0.0
0.5,0,0.0
0.4066666666666667,0,0.0
0.4966666666666667,0,0.0
0.4700000000000001,0,0.0
0.5133333333333334,26061,0.0
0.5383333333333333,22348,0.0
0.5033333333333333,27986,0.0
0.4800000000000001,19764,0.0
0.45833333333333337,52122,0.0
0.44,33240,0.0
0.3766666666666667,0,0.0
0.4266666666666667,0,0.0
0.49333333333333335,37204,0.0
0.5083333333333333,52760,0.0
0.4966666666666667,62379,0.0
0.5216666666666667,55659,0.0
0.45833333333333337,30936,0.0
0.545,9804,0.0
0.47333333333333333,33916,0.0
0.5,39712,0.0
0.39333333333333337,48870,0.0
0.545,22353,0.0
0.5033333333333333,21958,0.0
0.5,33705,0.0
0.39333333333333337,25742,0.0
0.55,30248,0.0
0.4800000000000001,44138,0.0
0.5,32289,0.0
0.39333333333333337,25270,0.0
0.5,52782,0.0
0.4800000000000001,23191,0.0
0.51,41991,0.0
0.39333333333333337,26788,0.0
0.52,40598,0.0
0.4466666666666667,40972,0.0
0.515,44374,0.0
0.4533333333333333,37196,0.0
0.5,17985,0.0
0.38,20502,0.0
0.5,25053,0.0
0.43833333333333335,22858,0.0
0.545,20913,0.0
0.4066666666666667,30298,0.0
0.5,31461,0.0
0.5,40497,0.0
0.38833333333333336,0,0.0
0.5,15156,0.0
0.36666666666666664,31462,0.0
0.5,22299,0.0
0.45999999999999996,0,0.0
0.42000000000000004,21940,0.0
0.49833333333333335,49512,0.0
0.5,14524,0.0
0.4466666666666667,36276,0.0
0.5133333333333334,14980,0.0
0.52,33514,0.0
0.45,52509,0.0
0.5,25593,0.0
0.4133333333333334,23038,0.0
0.5,14732,0.0
0.49,17444,0.0
0.44333333333333336,36380,0.0
0.5333333333333333,32697,0.0
0.4733333333333334,25406,0.0
0.5,41188,0.0
0.45333333333333337,49608,0.0
0.5566666666666666,62001,0.0
0.55,53800,0.0
0.5166666666666667,60994,0.0
0.52,66921,0.0
0.5033333333333333,48422,0.0
0.51,53134,0.0
0.5566666666666666,21000,0.0
0.5166666666666667,57406,0.0
0.51,66015,0.0
0.5166666666666667,53494,0.0
0.5416666666666667,58230,0.0
0.5566666666666666,50709,0.0
0.555,44490,0.0
0.45833333333333337,28477,0.0
0.5566666666666666,42452,0.0
0.4,54174,0.0
0.5566666666666666,44684,0.0
0.555,43584,0.0
0.555,40124,0.0
0.5533333333333333,43110,0.0
0.5533333333333333,54940,0.0
0.5566666666666666,38540,0.0
0.545,63192,0.0
0.5083333333333333,55434,0.0
0.5416666666666667,73548,0.0
0.5583333333333333,65700,0.0
0.52,76780,0.0
0.55,29222,0.0
0.5266666666666667,69228,0.0
0.5083333333333333,57633,0.0
0.5166666666666667,64701,0.0
0.525,71109,0.0
0.5166666666666667,0,0.0
0.5166666666666667,67617,0.0
0.52,67388,0.0
0.5316666666666667,81060,0.0
0.525,65241,0.0
0.5083333333333333,67596,0.0
0.55,29119,0.0
0.55,43806,0.0
0.5583333333333333,83112,0.0
0.54,25240,0.0
0.55,44078,0.0
0.5533333333333333,48924,0.0
0.5566666666666666,65139,0.0
0.5566666666666666,59757,0.0
0.5566666666666666,63105,0.0
0.555,52884,0.0
0.36666666666666664,29558,0.0
0.5533333333333333,50595,0.0
0.5533333333333333,52460,0.0
0.545,32903,0.0
0.5566666666666666,60993,0.0
0.5566666666666666,67976,0.0
0.5566666666666666,60585,0.0
0.5533333333333333,39507,0.0
0.5566666666666666,38108,0.0
0.5566666666666666,45302,0.0
0.505,44620,0.0
0.515,52371,0.0
0.5533333333333333,32730,0.0
0.5566666666666666,41714,0.0
0.555,42477,0.0
0.5533333333333333,42003,0.0
0.545,63930,0.0
0.5166666666666667,74247,0.0
0.5033333333333333,63045,0.0
0.5533333333333333,40614,0.0
0.49000000000000005,23704,0.0
0.45,22728,0.0
0.44,26656,0.0
0.505,35546,0.0
0.455,29676,0.0
0.5416666666666667,48934,0.0
0.5033333333333333,51753,0.0
0.55,53706,0.0
0.515,42206,0.0
0.5,27624,0.0
0.5566666666666666,38846,0.0
0.5,38418,0.0
0.495,35664,0.0
0.5033333333333333,46062,0.0
0.5416666666666667,26473,0.0
0.5,45654,0.0
0.55,13236,0.0
0.525,76491,0.0
0.4,29440,0.0
0.505,28167,0.0
0.545,33949,0.0
0.5166666666666667,53466,0.0
0.5416666666666667,53738,0.0
0.5533333333333333,28833,0.0
0.5533333333333333,61644,0.0
0.52,26884,0.0
0.46,29836,0.0
0.51,32966,0.0
0.505,32529,0.0
0.5416666666666667,55294,0.0
0.51,47536,0.0
0.55,32998,0.0
0.51,39070,0.0
0.46,40268,0.0
0.505,38511,0.0
0.5,32962,0.0
0.5,38037,0.0
0.5166666666666667,48176,0.0
0.5366666666666666,39894,0.0
0.52,55629,0.0
0.5133333333333333,43760,0.0
0.5533333333333333,33468,0.0
0.38666666666666666,23154,0.0
0.39333333333333337,0,0.0
0.49000000000000005,0,0.0
0.5033333333333333,40894,0.0
0.51,0,0.0
0.555,38180,0.0
0.52,22640,0.0
0.44,24394,0.0
0.44166666666666665,0,0.0
0.4083333333333333,26674,0.0
0.5433333333333333,30019,0.0
0.51,45606,0.0
0.5033333333333333,26140,0.0
0.54,45878,0.0
0.4966666666666667,22380,0.0
0.55,50374,0.0
0.555,35420,0.0
0.5566666666666666,60561,0.0
0.555,49209,0.0
0.55,28262,0.0
0.55,32038,0.0
0.4083333333333333,0,0.0
0.4800000000000001,23014,0.0
0.5233333333333334,43719,0.0
0.47000000000000003,45850,0.0
0.5,27491,0.0
0.55,43118,0.0
0.4916666666666667,25843,0.0
0.505,34035,0.0
0.4533333333333333,46276,0.0
0.45833333333333337,0,0.0
0.4216666666666667,24592,0.0
0.4533333333333333,41580,0.0
0.545,32155,0.0
0.48333333333333334,28058,0.0
0.5166666666666667,49878,0.0
0.5083333333333333,28276,0.0
0.4866666666666667,36988,0.0
0.5166666666666667,59638,0.0
0.5566666666666666,43946,0.0
0.51,0,0.0
0.4216666666666667,23476,0.0
0.4533333333333333,39348,0.0
0.545,33271,0.0
0.5166666666666667,52110,0.0
0.4,26806,0.0
0.5,26308,0.0
0.5166666666666667,68020,0.0
0.4633333333333333,34154,0.0
0.5033333333333334,0,0.0
0.5,24694,0.0
0.5033333333333333,45564,0.0
0.46,27488,0.0
0.4366666666666667,45579,0.0
0.43333333333333335,31656,0.0
0.5433333333333333,50914,0.0
0.51,54723,0.0
0.4066666666666667,0,0.0
0.5166666666666667,25774,0.0
0.555,56265,0.0
0.4766666666666667,27007,0.0
0.5033333333333333,50775,0.0
0.42666666666666675,63957,0.0
0.4133333333333334,44012,0.0
0.4666666666666667,29222,0.0
0.51,47550,0.0
0.5033333333333333,27112,0.0
0.54,47822,0.0
0.505,70120,0.0
0.5533333333333333,36344,0.0
0.505,56511,0.0
0.5533333333333333,35606,0.0
0.505,59649,0.0
0.45666666666666667,0,0.0
0.42333333333333334,0,0.0
0.3966666666666667,25756,0.0
0.5416666666666667,29101,0.0
0.515,65541,0.0
0.44666666666666666,63996,0.0
0.5533333333333333,52252,0.0
0.505,41913,0.0
0.5416666666666667,50598,0.0
0.5383333333333333,54657,0.0
0.5266666666666667,84848,0.0
0.485,31444,0.0
0.5416666666666667,73992,0.0
0.5383333333333333,70336,0.0
0.5166666666666667,35820,0.0
0.5566666666666666,53889,0.0
0.4166666666666667,25690,0.0
0.5,47481,0.0
0.545,30199,0.0
0.5166666666666667,45966,0.0
0.5416666666666667,46238,0.0
0.5033333333333333,65697,0.0
0.5533333333333333,43266,0.0
0.5,38193,0.0
0.5416666666666667,27663,0.0
0.55,28639,0.0
0.44833333333333336,39452,0.0
0.45333333333333337,27540,0.0
0.49833333333333335,40748,0.0
0.5166666666666667,73140,0.0
0.5566666666666666,43276,0.0
0.5166666666666667,51374,0.0
0.5566666666666666,42538,0.0
0.55,46272,0.0
0.55,42846,0.0
0.49333333333333335,0,0.0
0.5033333333333333,43770,0.0
0.515,54249,0.0
0.5266666666666667,69792,0.0
0.5566666666666666,54903,0.0
0.49833333333333335,41176,0.0
0.55,33680,0.0
0.5083333333333333,29392,0.0
0.5033333333333333,43156,0.0
0.49833333333333335,25222,0.0
0.51,42840,0.0
0.5083333333333333,26320,0.0
0.5566666666666666,51117,0.0
0.5166666666666667,57958,0.0
0.5566666666666666,43004,0.0
0.525,71937,0.0
0.5416666666666667,51646,0.0
0.54,56037,0.0
0.51,39622,0.0
0.5383333333333333,41166,0.0
0.5416666666666667,50150,0.0
0.4,27922,0.0
0.5383333333333333,44042,0.0
0.55,49680,0.0
0.5266666666666667,54312,0.0
0.54,34168,0.0
0.51,48452,0.0
0.55,37826,0.0
0.47000000000000003,59828,0.0
0.5516666666666667,36820,0.0
0.51,49202,0.0
0.505,52323,0.0
0.55,29204,0.0
0.5166666666666667,53010,0.0
0.49,38846,0.0
0.51,27422,0.0
0.4966666666666667,22634,0.0
0.43666666666666665,33110,0.0
0.5566666666666666,38490,0.0
0.4633333333333334,28322,0.0
0.5516666666666667,25106,0.0
0.44833333333333336,35014,0.0
0.51,54334,0.0
0.4966666666666667,53451,0.0
0.5166666666666667,30378,0.0
0.5133333333333333,54570,0.0
0.5033333333333333,42056,0.0
0.5516666666666667,32133,0.0
0.44333333333333336,37602,0.0
0.4233333333333334,36066,0.0
0.5566666666666666,43194,0.0
0.425,53432,0.0
0.44333333333333336,37970,0.0
0.555,39386,0.0
0.5033333333333333,51298,0.0
0.5416666666666667,58683,0.0
0.5333333333333333,29704,0.0
0.5116666666666667,29990,0.0
0.51,28860,0.0
0.5366666666666667,65400,0.0
0.505,38704,0.0
0.5133333333333334,36836,0.0
0.48833333333333334,50080,0.0
0.5583333333333333,41610,0.0
0.5,59588,0.0
0.56,48238,0.0
0.5616666666666666,52718,0.0
0.5366666666666666,58977,0.0
0.5266666666666666,31936,0.0
0.55,56328,0.0
0.5583333333333333,62724,0.0
0.51,50220,0.0
0.56,69444,0.0
0.5383333333333333,45740,0.0
0.5066666666666667,57450,0.0
0.55,51879,0.0
0.5583333333333333,46074,0.0
0.54,68943,0.0
0.55,24037,0.0
0.5,32004,0.0
0.5,43296,0.0
0.55,23179,0.0
0.44666666666666666,28808,0.0
0.5,29823,0.0
0.5,50564,0.0
0.5,26389,0.0
0.45999999999999996,29290,0.0
0.49000000000000005,25531,0.0
0.43500000000000005,31764,0.0
0.47666666666666674,59727,0.0
0.5266666666666667,46362,0.0
0.5,38160,0.0
0.5,46172,0.0
0.51,-10360,0.0
0.425,32284,0.0
0.5483333333333333,24824,0.0
0.55,40024,0.0
0.55,44504,0.0
0.5033333333333333,48714,0.0
0.5333333333333333,42644,0.0
0.535,46076,0.0
0.49333333333333335,52992,0.0
0.55,42702,0.0
0.39333333333333337,24690,0.0
0.48,20506,0.0
0.435,18366,0.0
0.4366666666666667,19902,0.0
0.39,0,0.0
0.515,23618,0.0
0.55,33542,0.0
0.5383333333333333,22875,0.0
0.5233333333333333,29376,0.0
0.49000000000000005,25115,0.0
0.43333333333333335,30168,0.0
0.38833333333333336,0,0.0
0.5033333333333333,49659,0.0
0.5,28812,0.0
0.435,50133,0.0
0.35833333333333334,0,0.0
0.5433333333333333,30619,0.0
0.54,42538,0.0
0.4633333333333333,31728,0.0
0.5083333333333333,29488,0.0
0.36666666666666664,29086,0.0
0.5316666666666666,17340,0.0
0.5366666666666666,39186,0.0
0.45000000000000007,27410,0.0
0.5366666666666666,51904,0.0
0.5316666666666666,37800,0.0
0.5233333333333333,62710,0.0
0.555,43989,0.0
0.5583333333333333,47756,0.0
0.54,66420,0.0
0.5333333333333333,79065,0.0
0.55,39326,0.0
0.5583333333333333,47018,0.0
0.54,67527,0.0
0.5516666666666667,41308,0.0
0.5366666666666666,45033,0.0
0.555,48636,0.0
0.55,41792,0.0
0.555,59427,0.0
0.54,48986,0.0
0.5516666666666667,54028,0.0
0.5366666666666666,54573,0.0
0.5533333333333333,46476,0.0
0.5383333333333333,48909,0.0
0.5516666666666667,40569,0.0
0.5366666666666666,36414,0.0
0.5533333333333333,47637,0.0
0.5383333333333333,41126,0.0
0.5533333333333333,43497,0.0
0.4683333333333333,21478,0.0
0.55,38366,0.0
0.555,54045,0.0
0.48,0,0.0
0.54,45398,0.0
0.555,57393,0.0
0.54,47630,0.0
0.5533333333333333,45268,0.0
0.5383333333333333,48003,0.0
0.5533333333333333,50553,0.0
0.5,27969,0.0
0.5383333333333333,43070,0.0
0.5516666666666667,44883,0.0
0.5366666666666666,39290,0.0
0.5516666666666667,44636,0.0
0.5366666666666666,47529,0.0
0.5516666666666667,52620,0.0
0.5366666666666666,60832,0.0
0.555,48177,0.0
0.54,41486,0.0
0.5466666666666667,34807,0.0
0.5516666666666667,44844,0.0
0.5683333333333334,45998,0.0
0.5,10676,0.0
0.44499999999999995,49742,0.0
0.55,55808,0.0
0.5850000000000001,15639,0.0
0.55,28731,0.0
0.5566666666666668,30818,0.0
0.5533333333333333,32280,0.0
0.56,0,0.0
0.5133333333333334,42040,0.0
0.5233333333333333,33892,0.0
0.56,32524,0.0
0.5800000000000001,20126,0.0
0.37333333333333335,0,0.0
0.53,21136,0.0
0.5266666666666667,47654,0.0
0.4033333333333334,91380,0.0
0.5833333333333334,16204,0.0
0.5333333333333333,13047,0.0
0.49333333333333335,50020,0.0
0.5166666666666667,57120,0.0
0.5133333333333334,6984,0.0
0.5850000000000001,13714,0.0
0.49000000000000005,13647,0.0
0.5533333333333333,36264,0.0
0.5233333333333334,40400,0.0
0.49000000000000005,27124,0.0
0.5216666666666667,32374,0.0
0.5433333333333334,0,0.0
0.5333333333333334,47160,0.0
0.5166666666666667,15698,0.0
0.5100000000000001,2576,0.0
0.5466666666666667,16696,0.0
0.5166666666666667,44575,0.0
0.56,24452,0.0
0.5233333333333333,3266,0.0
0.53,15565,0.0
0.53,22414,0.0
0.5533333333333333,33000,0.0
0.43333333333333335,46102,0.0
0.4733333333333334,34474,0.0
0.48833333333333334,19843,0.0
0.43000000000000005,53328,0.0
0.5466666666666666,37160,0.0
0.5816666666666667,14782,0.0
0.55,3678,0.0
0.5433333333333333,0,0.0
0.53,21148,0.0
0.555,5530,0.0
0.5583333333333333,15862,0.0
0.5666666666666667,43274,0.0
0.5733333333333334,14940,0.0
0.56,33744,0.0
0.56,17208,0.0
0.5816666666666667,9394,0.0
0.5316666666666666,-423,0.0
0.55,10167,0.0
0.53,38160,0.0
0.56,32562,0.0
0.5216666666666667,45896,0.0
0.5583333333333333,31446,0.0
0.5566666666666668,40722,0.0
0.5183333333333334,16302,0.0
0.495,0,0.0
0.56,77236,0.0
0.5233333333333333,6637,0.0
0.5216666666666667,25832,0.0
0.5216666666666667,51909,0.0
0.5633333333333334,14484,0.0
0.5816666666666667,36518,0.0
0.58,26497,0.0
0.565,37982,0.0
0.5333333333333333,4935,0.0
0.5566666666666668,19008,0.0
0.5333333333333334,73917,0.0
0.5399999999999999,37809,0.0
0.56,22000,0.0
0.55,0,0.0
0.57,34772,0.0
0.5566666666666668,51876,0.0
0.58,24191,0.0
0.55,51346,0.0
0.5616666666666666,29812,0.0
0.53,-2852,0.0
0.5666666666666667,40908,0.0
0.5316666666666666,44829,0.0
0.5316666666666666,40272,0.0
0.5333333333333333,14466,0.0
0.56,2334,0.0
0.5783333333333334,22436,0.0
0.47500000000000003,26444,0.0
0.575,22399,0.0
0.5133333333333333,0,0.0
0.53,-768,0.0
0.555,11240,0.0
0.5333333333333333,21852,0.0
0.5533333333333333,24320,0.0
0.55,20190,0.0
0.35333333333333333,38888,0.0
0.5366666666666667,0,0.0
0.56,14765,0.0
0.5700000000000001,19781,0.0
0.5333333333333333,15525,0.0
0.55,18464,0.0
0.5616666666666666,23318,0.0
0.53,0,0.0
0.5816666666666667,29892,0.0
0.3966666666666667,80196,0.0
0.5466666666666666,20724,0.0
0.56,55116,0.0
0.5533333333333333,40821,0.0
0.5833333333333334,34982,0.0
0.5633333333333334,23094,0.0
0.52,36486,0.0
0.5633333333333334,24114,0.0
0.45666666666666667,41144,0.0
0.5183333333333334,19338,0.0
0.49333333333333335,15912,0.0
0.5700000000000001,43588,0.0
0.5700000000000001,59724,0.0
0.5700000000000001,44664,0.0
0.5233333333333333,57129,0.0
0.49000000000000005,23006,0.0
0.43666666666666665,68478,0.0
0.55,4713,0.0
0.5166666666666667,14331,0.0
0.535,57412,0.0
0.5416666666666666,47748,0.0
0.5266666666666667,52404,0.0
0.5399999999999999,32778,0.0
0.545,-37448,0.0
0.58,31429,0.0
0.4966666666666667,36936,0.0
0.5333333333333333,8660,0.0
0.4966666666666667,29302,0.0
0.5166666666666667,-14031,0.0
0.57,21197,0.0
0.54,20206,0.0
0.45833333333333337,27704,0.0
0.5816666666666667,13296,0.0
0.5383333333333333,36927,0.0
0.47000000000000003,47698,0.0
0.53,22232,0.0
0.5850000000000001,27136,0.0
0.5233333333333333,40198,0.0
0.5616666666666666,47144,0.0
0.5183333333333334,32866,0.0
0.4916666666666668,23108,0.0
0.57,60708,0.0
0.555,13471,0.0
0.4833333333333334,90264,0.0
0.52,22264,0.0
0.5583333333333333,18184,0.0
0.5166666666666667,30100,0.0
0.5033333333333333,27483,0.0
0.5483333333333333,14337,0.0
0.5583333333333333,25989,0.0
0.56,37023,0.0
0.575,11976,0.0
0.55,18228,0.0
0.5316666666666666,28960,0.0
0.5183333333333334,59470,0.0
0.5100000000000001,6078,0.0
0.5466666666666667,13138,0.0
0.555,14663,0.0
0.5166666666666667,35544,0.0
0.5666666666666667,21510,0.0
0.5183333333333334,51875,0.0
0.5616666666666666,30526,0.0
0.56,21819,0.0
0.5583333333333333,32232,0.0
0.5133333333333334,10320,0.0
0.56,30128,0.0
0.53,-17967,0.0
0.5316666666666666,9144,0.0
0.5483333333333333,6292,0.0
0.5183333333333334,18624,0.0
0.5616666666666666,6849,0.0
0.49333333333333335,45398,0.0
0.5683333333333334,19338,0.0
0.49833333333333335,26020,0.0
0.5700000000000001,20810,0.0
0.5183333333333334,21346,0.0
0.5633333333333334,30730,0.0
0.5333333333333333,22342,0.0
0.5700000000000001,20942,0.0
0.52,40191,0.0
0.52,32502,0.0
0.5333333333333333,10148,0.0
0.53,43520,0.0
0.5133333333333334,9718,0.0
0.5466666666666666,22500,0.0
0.5616666666666666,26894,0.0
0.56,28672,0.0
0.56,13604,0.0
0.5366666666666667,0,0.0
0.5383333333333333,12416,0.0
0.55,43002,0.0
0.5300000000000001,28266,0.0
0.49333333333333335,23755,0.0
0.565,18528,0.0
0.5233333333333333,61686,0.0
0.48666666666666664,11102,0.0
0.5399999999999999,18179,0.0
0.565,19690,0.0
0.4683333333333333,43320,0.0
0.5216666666666667,64988,0.0
0.5633333333333334,30796,0.0
0.5566666666666668,29550,0.0
0.5066666666666667,20100,0.0
0.5683333333333334,17602,0.0
0.5633333333333334,5974,0.0
0.43333333333333335,56277,0.0
0.5850000000000001,16307,0.0
0.5866666666666667,22728,0.0
0.5816666666666667,16002,0.0
0.55,38726,0.0
0.5866666666666667,14254,0.0
0.5650000000000001,32574,0.0
0.5366666666666666,22479,0.0
0.5566666666666668,11984,0.0
0.4700000000000001,0,0.0
0.5533333333333333,0,0.0
0.555,29734,0.0
0.525,44014,0.0
0.525,44728,0.0
0.56,41193,0.0
0.4483333333333333,43442,0.0
0.5233333333333333,53145,0.0
0.575,45408,0.0
0.5383333333333333,0,0.0
0.56,12703,0.0
0.5399999999999999,42110,0.0
0.5233333333333333,15193,0.0
0.5633333333333334,50265,0.0
0.5466666666666666,39336,0.0
0.5399999999999999,47352,0.0
0.5433333333333334,12061,0.0
0.5166666666666667,22799,0.0
0.5466666666666667,-12504,0.0
0.5233333333333333,4427,0.0
0.48333333333333334,40980,0.0
0.5666666666666667,7151,0.0
0.5233333333333334,16546,0.0
0.4916666666666667,19189,0.0
0.5733333333333334,29966,0.0
0.48666666666666664,9735,0.0
0.48833333333333334,56445,0.0
0.5166666666666667,-5934,0.0
0.5466666666666666,22743,0.0
0.5533333333333333,22501,0.0
0.55,6032,0.0
0.57,-30696,0.0
0.55,-663,0.0
0.5533333333333333,20422,0.0
0.5766666666666667,12090,0.0
0.5883333333333334,18352,0.0
0.5833333333333334,18979,0.0
0.4633333333333334,76953,0.0
0.45666666666666667,50980,0.0
0.5216666666666667,11276,0.0
0.445,57717,0.0
0.5666666666666667,31785,0.0
0.5483333333333333,19572,0.0
0.5466666666666667,-15987,0.0
0.5583333333333333,-4335,0.0
0.5166666666666667,-15060,0.0
0.5333333333333333,32776,0.0
0.5333333333333333,35480,0.0
0.4966666666666667,17375,0.0
0.5100000000000001,1034,0.0
0.555,12141,0.0
0.5166666666666667,25456,0.0
0.535,39384,0.0
0.5483333333333333,38452,0.0
0.5333333333333333,17684,0.0
0.5166666666666667,10564,0.0
0.5616666666666666,25392,0.0
0.5650000000000001,16906,0.0
0.52,44516,0.0
0.5333333333333333,28356,0.0
0.5133333333333334,11168,0.0
0.5666666666666667,19991,0.0
0.56,35342,0.0
0.55,24174,0.0
0.56,32304,0.0
0.5583333333333333,37610,0.0
0.5850000000000001,12791,0.0
0.5666666666666667,28056,0.0
0.5850000000000001,14668,0.0
0.535,28530,0.0
0.5483333333333333,26265,0.0
0.5100000000000001,3344,0.0
0.585,28576,0.0
0.5166666666666667,30076,0.0
0.555,36804,0.0
0.525,63093,0.0
0.55,20910,0.0
0.555,11270,0.0
0.6,16196,0.0
0.5399999999999999,41676,0.0
0.5583333333333333,14060,0.0
0.5133333333333334,9600,0.0
0.56,31842,0.0
0.5183333333333334,45235,0.0
0.5566666666666668,25684,0.0
0.5466666666666666,1902,0.0
0.5533333333333333,21975,0.0
0.5366666666666666,36060,0.0
0.52,11440,0.0
0.5566666666666668,28006,0.0
0.5616666666666666,13876,0.0
0.5166666666666667,30628,0.0
0.5333333333333333,5037,0.0
0.5233333333333333,57633,0.0
0.52,42256,0.0
0.55,26427,0.0
0.49000000000000005,28220,0.0
0.5266666666666667,15296,0.0
0.5166666666666667,50424,0.0
0.5233333333333334,15844,0.0
0.5700000000000001,41026,0.0
0.5183333333333334,7679,0.0
0.49000000000000005,22526,0.0
0.48833333333333334,18688,0.0
0.5566666666666668,30728,0.0
0.47000000000000003,17649,0.0
0.56,36552,0.0
0.55,18476,0.0
0.5183333333333334,14204,0.0
0.5666666666666667,37938,0.0
0.5833333333333334,17454,0.0
0.55,32816,0.0
0.52,37836,0.0
0.55,31884,0.0
0.5383333333333333,16745,0.0
0.5366666666666666,46551,0.0
0.5783333333333334,10772,0.0
0.5700000000000001,36144,0.0
0.5566666666666668,15706,0.0
0.5233333333333334,59648,0.0
0.5366666666666666,24837,0.0
0.52,26436,0.0
0.5166666666666667,14808,0.0
0.5633333333333334,47436,0.0
0.5533333333333333,26288,0.0
0.5783333333333334,19432,0.0
0.5183333333333334,38440,0.0
0.5616666666666666,42630,0.0
0.5616666666666666,9380,0.0
0.4166666666666667,108780,0.0
0.565,40638,0.0
0.4833333333333333,0,0.0
0.5166666666666667,33350,0.0
0.5616666666666666,40840,0.0
0.5416666666666667,38799,0.0
0.5783333333333334,28130,0.0
0.5466666666666666,37683,0.0
0.5650000000000001,22373,0.0
0.59,20431,0.0
0.5366666666666666,16748,0.0
0.5650000000000001,38268,0.0
0.5666666666666667,43072,0.0
0.5650000000000001,35230,0.0
0.5700000000000001,20320,0.0
0.5650000000000001,33054,0.0
0.5233333333333333,58704,0.0
0.5533333333333333,22257,0.0
0.55,42381,0.0
0.5633333333333334,33003,0.0
0.4700000000000001,84028,0.0
0.5183333333333334,18612,0.0
0.5233333333333334,31880,0.0
0.575,47584,0.0
0.5333333333333333,22330,0.0
0.5700000000000001,26550,0.0
0.5166666666666667,30616,0.0
0.5133333333333334,9856,0.0
0.54,60928,0.0
0.525,39594,0.0
0.5616666666666666,33969,0.0
0.5666666666666667,36638,0.0
0.54,43122,0.0
0.5166666666666667,15780,0.0
0.5333333333333333,51872,0.0
0.5633333333333334,28238,0.0
0.565,51381,0.0
0.52,59148,0.0
0.4,85920,0.0
0.475,89588,0.0
0.5183333333333334,4148,0.0
0.4700000000000001,109325,0.0
0.5616666666666666,15459,0.0
0.5533333333333333,10512,0.0
0.5366666666666666,22286,0.0
0.4,86991,0.0
0.49000000000000005,77160,0.0
0.5800000000000001,31428,0.0
0.5183333333333334,59049,0.0
0.5533333333333333,48873,0.0
0.525,29199,0.0
0.5416666666666666,52168,0.0
0.525,38218,0.0
0.5366666666666666,27768,0.0
0.5533333333333333,18218,0.0
0.5466666666666666,20290,0.0
0.5399999999999999,20592,0.0
0.5333333333333333,18047,0.0
0.6,18812,0.0
0.5333333333333333,46956,0.0
0.5566666666666668,46179,0.0
0.56,47571,0.0
0.5616666666666666,27494,0.0
0.5033333333333334,55881,0.0
0.4833333333333334,26322,0.0
0.53,8457,0.0
0.45,43702,0.0
0.555,-21513,0.0
0.5,33209,0.0
0.5266666666666667,19472,0.0
0.5100000000000001,-2362,0.0
0.5166666666666667,-11394,0.0
0.5166666666666667,-8571,0.0
0.5366666666666667,23239,0.0
0.5716666666666667,38930,0.0
0.5566666666666666,-3864,0.0
0.56,6897,0.0
0.5033333333333334,27269,0.0
0.57,30870,0.0
0.5466666666666667,15072,0.0
0.55,19461,0.0
0.5216666666666667,30064,0.0
0.53,47076,0.0
0.5833333333333334,14402,0.0
0.5866666666666667,0,0.0
0.5933333333333334,0,0.0
0.43,38902,0.0
0.5833333333333334,16748,0.0
0.5883333333333334,23021,0.0
0.5916666666666667,0,0.0
0.5233333333333333,45412,0.0
0.57,63972,0.0
0.5733333333333334,52216,0.0
0.515,47865,0.0
0.49,50060,0.0
0.56,22209,0.0
0.39333333333333337,68460,0.0
0.5466666666666666,34880,0.0
0.55,12008,0.0
0.5750000000000001,33248,0.0
0.5466666666666667,11792,0.0
0.5333333333333333,9837,0.0
0.53,111,0.0
0.5466666666666667,10416,0.0
0.555,13302,0.0
0.5533333333333333,22044,0.0
0.5650000000000001,19116,0.0
0.5333333333333333,30435,0.0
0.53,18826,0.0
0.5166666666666667,0,0.0
0.53,23870,0.0
0.5133333333333334,13584,0.0
0.5533333333333333,21526,0.0
0.5650000000000001,18857,0.0
0.5366666666666666,52320,0.0
0.55,32258,0.0
0.5800000000000001,0,0.0
0.5333333333333333,7608,0.0
0.6,25400,0.0
0.5533333333333333,22758,0.0
0.5333333333333333,33490,0.0
0.5466666666666667,10404,0.0
0.5583333333333333,18172,0.0
0.5316666666666666,37008,0.0
0.5583333333333333,4275,0.0
0.5333333333333333,8721,0.0
0.5766666666666667,23972,0.0
0.5166666666666667,9204,0.0
0.5466666666666667,19794,0.0
0.5700000000000001,20936,0.0
0.55,-3897,0.0
0.48833333333333334,21210,0.0
0.4816666666666667,49156,0.0
0.5183333333333334,42478,0.0
0.5383333333333333,13374,0.0
0.5616666666666666,37173,0.0
0.49000000000000005,25182,0.0
0.5333333333333334,12635,0.0
0.5566666666666668,30104,0.0
0.565,37268,0.0
0.5316666666666666,2872,0.0
0.5166666666666667,15060,0.0
0.5166666666666667,14664,0.0
0.5533333333333333,22632,0.0
0.5233333333333333,0,0.0
0.5466666666666666,24412,0.0
0.5133333333333334,4674,0.0
0.5616666666666666,12715,0.0
0.45,32152,0.0
0.56,47295,0.0
0.53,18172,0.0
0.5633333333333334,38745,0.0
0.55,53547,0.0
0.5233333333333333,25538,0.0
0.5383333333333333,6136,0.0
0.5866666666666667,0,0.0
0.565,32848,0.0
0.5850000000000001,24264,0.0
0.55,14352,0.0
0.5783333333333334,9253,0.0
0.5800000000000001,24522,0.0
0.5433333333333333,30879,0.0
0.5833333333333334,13582,0.0
0.5616666666666666,25640,0.0
0.56,35818,0.0
0.5650000000000001,18671,0.0
0.5633333333333334,43746,0.0
0.5616666666666666,23856,0.0
0.565,18171,0.0
0.5616666666666666,11196,0.0
0.565,15961,0.0
0.5633333333333334,21076,0.0
0.5616666666666666,12351,0.0
0.5616666666666666,10295,0.0
0.5633333333333334,27758,0.0
0.5666666666666667,42358,0.0
0.5633333333333334,28408,0.0
0.55,21198,0.0
0.56,16126,0.0
0.4216666666666667,72561,0.0
0.56,50559,0.0
0.53,16653,0.0
0.565,20047,0.0
0.5616666666666666,38526,0.0
0.5633333333333334,31276,0.0
0.5616666666666666,12418,0.0
0.42333333333333334,102704,0.0
0.5616666666666666,30532,0.0
0.5383333333333333,25404,0.0
0.5533333333333333,32226,0.0
0.5383333333333333,29734,0.0
0.5766666666666667,16134,0.0
0.5333333333333333,40548,0.0
0.5366666666666666,41738,0.0
0.43333333333333335,64812,0.0
0.5716666666666667,31364,0.0
0.43333333333333335,56997,0.0
0.53,28710,0.0
0.5266666666666667,30350,0.0
0.445,22716,0.0
0.5816666666666667,14483,0.0
0.57,18299,0.0
0.56,46569,0.0
0.5650000000000001,21704,0.0
0.445,40664,0.0
0.6,18944,0.0
0.56,8456,0.0
0.5700000000000001,18369,0.0
0.43333333333333335,46816,0.0
0.6,17659,0.0
0.5416666666666666,12218,0.0
0.5533333333333333,22326,0.0
0.5383333333333334,46254,0.0
0.49000000000000005,24517,0.0
0.4700000000000001,24277,0.0
0.59,17838,0.0
0.5633333333333334,30718,0.0
0.43333333333333335,34462,0.0
0.525,40528,0.0
0.48666666666666664,26121,0.0
0.5216666666666667,32386,0.0
0.5483333333333333,26178,0.0
0.5633333333333334,57324,0.0
0.5416666666666667,43496,0.0
0.5216666666666667,52749,0.0
0.52,40173,0.0
0.5333333333333333,34005,0.0
0.5333333333333334,66096,0.0
0.5333333333333333,24364,0.0
0.5316666666666666,-12507,0.0
0.49,59166,0.0
0.4833333333333334,85143,0.0
0.5716666666666667,66945,0.0
0.56,14196,0.0
0.5533333333333333,15088,0.0
0.5333333333333333,22941,0.0
0.5333333333333333,18038,0.0
0.47000000000000003,96864,0.0
0.5333333333333333,12784,0.0
0.5650000000000001,37680,0.0
0.5800000000000001,15251,0.0
0.5183333333333334,54492,0.0
0.5383333333333334,40262,0.0
0.56,38174,0.0
0.5333333333333333,17787,0.0
0.5399999999999999,59523,0.0
0.5566666666666668,23882,0.0
0.5333333333333334,48352,0.0
0.5633333333333334,26606,0.0
0.5616666666666666,11814,0.0
0.5700000000000001,18880,0.0
0.51,62292,0.0
0.49333333333333335,42742,0.0
0.56,46575,0.0
0.53,15325,0.0
0.5633333333333334,43026,0.0
0.56,22241,0.0
0.575,44928,0.0
0.5216666666666667,59676,0.0
0.3966666666666667,97392,0.0
0.5399999999999999,16818,0.0
0.5399999999999999,15657,0.0
0.56,29998,0.0
0.5416666666666666,24145,0.0
0.5566666666666668,10398,0.0
0.55,16091,0.0
0.4633333333333334,0,0.0
0.5383333333333333,7996,0.0
0.52,28252,0.0
0.5466666666666667,-25668,0.0
0.5333333333333333,4356,0.0
0.5033333333333333,39952,0.0
0.5233333333333334,31892,0.0
0.565,11096,0.0
0.57,23642,0.0
0.4733333333333334,28434,0.0
0.5733333333333334,16605,0.0
0.575,18684,0.0
0.5566666666666666,-23120,0.0
0.565,11274,0.0
0.43333333333333335,34992,0.0
0.4683333333333334,30834,0.0
0.45666666666666667,0,0.0
0.5583333333333333,-13005,0.0
0.5633333333333334,5814,0.0
0.43833333333333335,24100,0.0
0.5466666666666666,20512,0.0
0.5316666666666666,-441,0.0
0.5216666666666667,16968,0.0
0.525,23056,0.0
0.5166666666666667,43419,0.0
0.5333333333333333,13870,0.0
0.5416666666666666,0,0.0
0.5466666666666666,0,0.0
0.5266666666666667,-20424,0.0
0.5533333333333333,0,0.0
0.5533333333333333,0,0.0
0.5433333333333334,25113,0.0
0.5366666666666667,14348,0.0
0.575,0,0.0
0.5616666666666666,18987,0.0
0.565,25716,0.0
0.59,32258,0.0
0.48,19112,0.0
0.5883333333333334,29332,0.0
0.55,27162,0.0
0.5933333333333334,0,0.0
0.5916666666666667,0,0.0
0.5933333333333334,0,0.0
0.5266666666666667,64098,0.0
0.5883333333333334,0,0.0
0.44333333333333336,41828,0.0
0.59,24484,0.0
0.43333333333333335,25182,0.0
0.43333333333333335,29571,0.0
0.595,0,0.0
0.5266666666666667,14792,0.0
0.575,12036,0.0
0.51,29046,0.0
0.5066666666666667,19592,0.0
0.5916666666666667,0,0.0
0.445,58376,0.0
0.44833333333333336,62118,0.0
0.5833333333333334,14228,0.0
0.5399999999999999,31954,0.0
0.5483333333333333,14718,0.0
0.5133333333333333,0,0.0
0.47000000000000003,95904,0.0
0.5399999999999999,18302,0.0
0.555,25746,0.0
0.47000000000000003,0,0.0
0.45,0,0.0
0.5566666666666668,0,0.0
0.5183333333333334,45724,0.0
0.5133333333333334,18141,0.0
0.4033333333333334,0,0.0
0.5466666666666666,38604,0.0
0.6,0,0.0
0.52,54784,0.0
0.31666666666666665,0,0.0
0.37333333333333335,72664,0.0
0.5483333333333333,-7377,0.0
0.53,29699,0.0
0.56,29648,0.0
0.555,29384,0.0
0.575,29992,0.0
0.575,56374,0.0
0.5316666666666666,-16908,0.0
0.575,52362,0.0
0.4833333333333334,6774,0.0
0.38333333333333336,0,0.0
0.575,50622,0.0
0.5566666666666666,-16053,0.0
0.5466666666666667,14460,0.0
0.3966666666666667,30367,0.0
0.5800000000000001,14590,0.0
0.4916666666666667,31389,0.0
0.56,55353,0.0
0.5566666666666666,24690,0.0
0.44499999999999995,22761,0.0
0.5800000000000001,17256,0.0
0.5333333333333333,47292,0.0
0.555,47718,0.0
0.5433333333333333,20870,0.0
0.53,96196,0.0
0.5633333333333334,26067,0.0
0.5733333333333334,26,0.0
0.53,0,0.0
0.5266666666666666,0,0.0
0.5650000000000001,0,0.0
0.53,-4830,0.0
0.5866666666666667,25038,0.0
0.5366666666666667,90483,0.0
0.5683333333333334,889,0.0
0.5216666666666667,73743,0.0
0.5316666666666666,2939,0.0
0.5800000000000001,14522,0.0
0.4800000000000001,30401,0.0
0.5866666666666667,0,0.0
0.5416666666666667,52042,0.0
0.53,8451,0.0
0.5650000000000001,17170,0.0
0.5833333333333334,16175,0.0
0.4966666666666667,56424,0.0
0.555,29930,0.0
0.48333333333333334,13542,0.0
0.43000000000000005,42116,0.0
0.5533333333333333,43792,0.0
0.54,48402,0.0
0.5616666666666666,27189,0.0
0.5700000000000001,26356,0.0
0.5633333333333334,39116,0.0
0.5333333333333333,20020,0.0
0.56,11362,0.0
0.4683333333333333,104816,0.0
0.52,9499,0.0
0.43666666666666665,23854,0.0
0.5333333333333333,20919,0.0
0.49000000000000005,80637,0.0
0.5050000000000001,31819,0.0
0.5733333333333334,10800,0.0
0.47500000000000003,26087,0.0
0.5333333333333333,8322,0.0
0.5516666666666667,50888,0.0
0.55,40100,0.0
0.5133333333333334,12118,0.0
0.5683333333333334,22222,0.0
0.5399999999999999,18782,0.0
0.58,26756,0.0
0.51,91599,0.0
0.5133333333333334,10622,0.0
0.55,68276,0.0
0.5866666666666667,0,0.0
0.5416666666666667,-9834,0.0
0.54,28716,0.0
0.5833333333333334,0,0.0
0.48333333333333334,41930,0.0
0.57,11044,0.0
0.55,69807,0.0
0.5466666666666667,14662,0.0
0.5833333333333334,21096,0.0
0.55,31466,0.0
0.52,53356,0.0
0.56,33570,0.0
0.56,54716,0.0
0.5333333333333333,32890,0.0
0.49333333333333335,24112,0.0
0.45,56250,0.0
0.5466666666666667,-1926,0.0
0.565,16085,0.0
0.565,17604,0.0
0.53,17110,0.0
0.55,29798,0.0
0.55,13681,0.0
0.5333333333333333,29318,0.0
0.55,21228,0.0
0.555,25758,0.0
0.56,17214,0.0
0.43000000000000005,63018,0.0
0.4816666666666667,26634,0.0
0.5183333333333334,34731,0.0
0.52,28746,0.0
0.525,40540,0.0
0.4816666666666667,26154,0.0
0.45666666666666667,0,0.0
0.4966666666666667,0,0.0
0.5233333333333334,16227,0.0
0.44833333333333336,24942,0.0
0.44333333333333336,0,0.0
0.5566666666666668,13086,0.0
0.5333333333333333,12366,0.0
0.55,231,0.0
0.555,7026,0.0
0.49333333333333335,21663,0.0
0.5399999999999999,16134,0.0
0.44333333333333336,0,0.0
0.52,11508,0.0
0.5066666666666667,0,0.0
0.43666666666666665,23614,0.0
0.5333333333333333,12298,0.0
0.5566666666666668,27994,0.0
0.5166666666666667,15165,0.0
0.57,11050,0.0
0.43333333333333335,41918,0.0
0.49333333333333335,31860,0.0
0.565,17598,0.0
0.49000000000000005,12922,0.0
0.53,17116,0.0
0.55,29786,0.0
0.4966666666666667,17732,0.0
0.5399999999999999,18598,0.0
0.39,63000,0.0
0.49000000000000005,31581,0.0
0.52,28734,0.0
0.49333333333333335,26166,0.0
0.5266666666666667,31782,0.0
0.5233333333333333,0,0.0
0.5266666666666667,31800,0.0
0.5233333333333333,0,0.0
0.5883333333333334,0,0.0
0.555,38612,0.0
0.56,47672,0.0
0.56,52929,0.0
0.5366666666666666,53080,0.0
0.5383333333333333,53648,0.0
0.555,47175,0.0
0.4766666666666667,10394,0.0
0.49000000000000005,10400,0.0
0.5833333333333334,26984,0.0
0.565,14924,0.0
0.565,16443,0.0
0.5666666666666667,35864,0.0
0.5333333333333333,26996,0.0
0.5633333333333334,40348,0.0
0.5399999999999999,17443,0.0
0.45,59535,0.0
0.52,26424,0.0
0.5883333333333334,33794,0.0
0.5166666666666667,28306,0.0
0.5233333333333334,49138,0.0
0.5566666666666668,29586,0.0
0.56,28436,0.0
0.5700000000000001,20818,0.0
0.5033333333333334,0,0.0
0.5816666666666667,12981,0.0
0.5233333333333334,34614,0.0
0.5800000000000001,23590,0.0
0.5833333333333334,15020,0.0
0.5866666666666667,14110,0.0
0.5266666666666667,53124,0.0
0.5383333333333333,25419,0.0
0.5433333333333333,22538,0.0
0.5850000000000001,34332,0.0
0.5166666666666667,31284,0.0
0.57,0,0.0
0.55,80016,0.0
0.45,39608,0.0
0.55,35722,0.0
0.56,46182,0.0
0.5666666666666667,28296,0.0
0.4566666666666667,54272,0.0
0.5850000000000001,24736,0.0
0.5866666666666667,16703,0.0
0.5850000000000001,18093,0.0
0.4566666666666667,53558,0.0
0.5333333333333333,39894,0.0
0.5683333333333334,33198,0.0
0.57,27724,0.0
0.44499999999999995,67461,0.0
0.5166666666666667,67065,0.0
0.43666666666666665,26461,0.0
0.565,16079,0.0
0.5666666666666667,45372,0.0
0.5683333333333334,19689,0.0
0.5266666666666667,60945,0.0
0.5850000000000001,18211,0.0
0.535,57084,0.0
0.5683333333333334,22256,0.0
0.5666666666666667,28532,0.0
0.565,16836,0.0
0.5666666666666667,35694,0.0
0.52,63784,0.0
0.5666666666666667,35214,0.0
0.565,34950,0.0
0.4816666666666667,28810,0.0
0.49333333333333335,28822,0.0
0.5666666666666667,49929,0.0
0.5683333333333334,21208,0.0
0.5266666666666667,56388,0.0
0.5683333333333334,23775,0.0
0.555,40392,0.0
0.56,47187,0.0
0.565,34350,0.0
0.5650000000000001,40128,0.0
0.5466666666666666,42908,0.0
0.5683333333333334,23418,0.0
0.4216666666666667,95424,0.0
0.52,57708,0.0
0.5216666666666667,51669,0.0
0.5833333333333334,20498,0.0
0.5666666666666667,38252,0.0
0.5399999999999999,39072,0.0
0.5666666666666667,38186,0.0
0.5666666666666667,38174,0.0
0.57,45394,0.0
0.5833333333333334,31978,0.0
0.5866666666666667,42438,0.0
0.57,50528,0.0
0.55,23950,0.0
0.5666666666666667,55992,0.0
0.56,18575,0.0
0.5683333333333334,51822,0.0
0.5399999999999999,19965,0.0
0.42000000000000004,67101,0.0
0.5666666666666667,72236,0.0
0.52,31468,0.0
0.5850000000000001,43974,0.0
0.5666666666666667,34062,0.0
0.525,43262,0.0
0.5683333333333334,61845,0.0
0.55,27476,0.0
0.5666666666666667,37006,0.0
0.5833333333333334,34050,0.0
0.5666666666666667,42140,0.0
0.56,32338,0.0
0.5650000000000001,36868,0.0
0.5700000000000001,22769,0.0
0.5666666666666667,41426,0.0
0.5583333333333333,49983,0.0
0.5383333333333333,51396,0.0
0.54,39856,0.0
0.5566666666666668,48867,0.0
0.55,13687,0.0
0.55,23110,0.0
0.535,52527,0.0
0.5850000000000001,19730,0.0
0.5333333333333333,32040,0.0
0.55,40428,0.0
0.5366666666666666,40946,0.0
0.49000000000000005,69396,0.0
0.535,49263,0.0
0.56,32998,0.0
0.6,44792,0.0
0.44333333333333336,0,0.0
0.53,44234,0.0
0.555,44949,0.0
0.56,32856,0.0
0.3966666666666667,81531,0.0
0.555,37128,0.0
0.5216666666666667,53244,0.0
0.55,38320,0.0
0.5233333333333333,41088,0.0
0.6,27016,0.0
0.52,42970,0.0
0.5416666666666666,52882,0.0
0.555,36408,0.0
0.5466666666666666,22857,0.0
0.55,36012,0.0
0.49333333333333335,15467,0.0
0.5650000000000001,32966,0.0
0.5266666666666667,39704,0.0
0.56,51744,0.0
0.555,28480,0.0
0.5650000000000001,37386,0.0
0.555,15636,0.0
0.39333333333333337,74736,0.0
0.555,47380,0.0
0.6,31546,0.0
0.56,13354,0.0
0.5650000000000001,48759,0.0
0.5333333333333333,61608,0.0
0.5650000000000001,43166,0.0
0.565,31312,0.0
0.5700000000000001,23028,0.0
0.4666666666666667,82308,0.0
0.5333333333333333,44592,0.0
0.6,20108,0.0
0.5333333333333333,44655,0.0
0.5333333333333333,32514,0.0
0.56,37208,0.0
0.5033333333333333,20273,0.0
0.5266666666666667,19484,0.0
0.5850000000000001,15500,0.0
0.55,57438,0.0
0.5466666666666666,45946,0.0
0.565,39240,0.0
0.5533333333333333,24418,0.0
0.5399999999999999,21874,0.0
0.5466666666666666,40732,0.0
0.5383333333333333,37662,0.0
0.6,21498,0.0
0.5399999999999999,16542,0.0
0.5466666666666666,40252,0.0
0.5399999999999999,39988,0.0
0.4866666666666667,17369,0.0
0.5633333333333334,39634,0.0
0.57,49814,0.0
0.52,7776,0.0
0.52,14425,0.0
0.45666666666666667,100225,0.0
0.4766666666666667,53706,0.0
0.57,61485,0.0
0.4700000000000001,79683,0.0
0.56,21696,0.0
0.45666666666666667,76748,0.0
0.5066666666666667,56832,0.0
0.4633333333333334,89584,0.0
0.49333333333333335,26646,0.0
0.5183333333333334,31248,0.0
0.5216666666666667,45543,0.0
0.5666666666666667,38732,0.0
0.5183333333333334,38814,0.0
0.5683333333333334,62565,0.0
0.56,43923,0.0
0.5650000000000001,37952,0.0
0.5366666666666666,39032,0.0
0.5466666666666666,43413,0.0
0.5183333333333334,51228,0.0
0.5333333333333333,28545,0.0
0.52,52396,0.0
0.4766666666666667,31563,0.0
0.5233333333333333,35954,0.0
0.43333333333333335,79724,0.0
0.5216666666666667,56226,0.0
0.565,45153,0.0
0.5333333333333333,54500,0.0
0.5216666666666667,36558,0.0
0.5333333333333333,41832,0.0
0.5399999999999999,52710,0.0
0.5533333333333333,34534,0.0
0.525,76944,0.0
0.5216666666666667,47685,0.0
0.52,47289,0.0
0.5416666666666666,14449,0.0
0.5183333333333333,0,0.0
0.5416666666666666,14455,0.0
0.5816666666666667,35586,0.0
0.555,35106,0.0
0.535,40485,0.0
0.4716666666666666,71700,0.0
0.52,9493,0.0
0.5850000000000001,39518,0.0
0.565,14023,0.0
0.5333333333333334,69360,0.0
0.565,15542,0.0
0.5333333333333333,25194,0.0
0.555,21634,0.0
0.56,15152,0.0
0.5333333333333333,24622,0.0
0.5333333333333333,16686,0.0
0.5333333333333333,16680,0.0
0.5583333333333333,49263,0.0
0.535,48543,0.0
0.56,43203,0.0
0.5650000000000001,37472,0.0
0.39333333333333337,90112,0.0
0.5399999999999999,12562,0.0
0.5166666666666667,25902,0.0
0.5466666666666666,42374,0.0
0.5533333333333333,22989,0.0
0.5183333333333334,51868,0.0
0.5166666666666667,5397,0.0
0.5166666666666667,-6693,0.0
0.5166666666666667,-4368,0.0
0.4833333333333334,57530,0.0
0.4966666666666667,24230,0.0
0.51,0,0.0
0.53,0,0.0
0.5066666666666667,8382,0.0
0.575,0,0.0
0.5683333333333334,42332,0.0
0.535,32244,0.0
0.525,8490,0.0
0.5233333333333333,27913,0.0
0.53,854,0.0
0.5283333333333333,-10536,0.0
0.45,57396,0.0
0.5166666666666667,-11412,0.0
0.37333333333333335,0,0.0
0.48333333333333334,18620,0.0
0.5233333333333333,20239,0.0
0.5,31122,0.0
0.53,-2718,0.0
0.5166666666666667,20517,0.0
0.5533333333333333,0,0.0
0.5399999999999999,16812,0.0
0.5833333333333334,0,0.0
0.5816666666666667,10027,0.0
0.55,56106,0.0
0.5783333333333334,10486,0.0
0.55,68652,0.0
0.5733333333333334,-2060,0.0
0.55,43422,0.0
0.55,38516,0.0
0.5833333333333334,28076,0.0
0.55,51062,0.0
0.5783333333333334,15530,0.0
0.5466666666666667,31332,0.0
0.55,80856,0.0
0.5683333333333334,2675,0.0
0.5466666666666667,19612,0.0
0.5883333333333334,0,0.0
0.55,54471,0.0
0.5833333333333334,11470,0.0
0.5466666666666667,9344,0.0
0.55,24256,0.0
0.59,0,0.0
0.53,-3112,0.0
0.53,-13386,0.0
0.5483333333333333,13111,0.0
0.48,75768,0.0
0.5383333333333333,14478,0.0
0.5433333333333333,0,0.0
0.5166666666666667,45200,0.0
0.5533333333333333,17141,0.0
0.5916666666666667,0,0.0
0.52,61016,0.0
0.5283333333333333,6112,0.0
0.5166666666666667,44896,0.0
0.5683333333333334,31222,0.0
0.5716666666666667,38678,0.0
0.5383333333333334,35800,0.0
0.5766666666666667,27402,0.0
0.5433333333333333,29511,0.0
0.565,37038,0.0
0.5650000000000001,24893,0.0
0.5683333333333334,48222,0.0
0.555,21165,0.0
0.5466666666666667,26204,0.0
0.58,0,0.0
0.575,0,0.0
0.565,45160,0.0
0.5650000000000001,0,0.0
0.55,17886,0.0
0.555,-696,0.0
0.5566666666666666,5156,0.0
0.59,0,0.0
0.58,0,0.0
0.5650000000000001,24159,0.0
0.5283333333333333,22424,0.0
0.5683333333333334,76200,0.0
0.535,29486,0.0
0.5716666666666667,74766,0.0
0.5316666666666666,26613,0.0
0.5533333333333333,-6210,0.0
0.5033333333333334,0,0.0
0.5583333333333333,71330,0.0
0.5683333333333334,80552,0.0
0.535,27310,0.0
0.5433333333333333,-43848,0.0
0.5183333333333334,0,0.0
0.5333333333333333,39965,0.0
0.5433333333333333,25800,0.0
0.55,55460,0.0
0.5716666666666667,48998,0.0
0.575,30611,0.0
0.5433333333333333,24153,0.0
0.56,34614,0.0
0.5650000000000001,27124,0.0
0.5683333333333334,63702,0.0
0.55,17428,0.0
0.5716666666666667,54692,0.0
0.5466666666666667,22632,0.0
0.5533333333333333,27016,0.0
0.575,0,0.0
0.5616666666666666,65800,0.0
0.56,0,0.0
0.55,16100,0.0
0.5433333333333333,1924,0.0
0.5466666666666666,40708,0.0
0.575,0,0.0
0.5083333333333333,74856,0.0
0.5333333333333333,15516,0.0
0.535,61648,0.0
0.5333333333333333,-2800,0.0
0.5399999999999999,32752,0.0
0.5383333333333333,43872,0.0
0.5333333333333333,19905,0.0
0.5333333333333333,3052,0.0
0.5316666666666666,17840,0.0
0.5416666666666667,51328,0.0
0.45333333333333337,59283,0.0
0.5366666666666666,31089,0.0
0.4700000000000001,51266,0.0
0.5333333333333333,17964,0.0
0.5333333333333333,-18015,0.0
0.52,33727,0.0
0.525,46792,0.0
0.5416666666666667,36852,0.0
0.5583333333333333,54272,0.0
0.5466666666666667,15714,0.0
0.56,38032,0.0
0.545,9624,0.0
0.5316666666666666,24498,0.0
0.5700000000000001,45488,0.0
0.5333333333333334,43890,0.0
0.555,26096,0.0
0.55,28057,0.0
0.5483333333333333,20808,0.0
0.585,30807,0.0
0.5316666666666666,41646,0.0
0.5333333333333333,2892,0.0
0.5333333333333333,-26945,0.0
0.5316666666666666,17481,0.0
0.52,46569,0.0
0.5399999999999999,48072,0.0
0.5233333333333333,43270,0.0
0.53,39648,0.0
0.5133333333333333,63184,0.0
0.5166666666666667,38604,0.0
0.5483333333333333,18302,0.0
0.5133333333333334,22820,0.0
0.45,0,0.0
0.5483333333333333,-4158,0.0
0.5166666666666667,-24160,0.0
0.5,19195,0.0
0.5616666666666666,25628,0.0
0.5483333333333333,18290,0.0
0.3766666666666667,0,0.0
0.5166666666666667,8880,0.0
0.55,32760,0.0
0.5333333333333333,28464,0.0
0.52,72810,0.0
0.4816666666666667,2760,0.0
0.5483333333333333,15980,0.0
0.5100000000000001,18176,0.0
0.5166666666666667,7525,0.0
0.555,25510,0.0
0.5183333333333334,37236,0.0
0.5133333333333334,817,0.0
0.5800000000000001,12094,0.0
0.5316666666666666,10404,0.0
0.5616666666666666,3410,0.0
0.4683333333333333,57198,0.0
0.5816666666666667,17280,0.0
0.5633333333333334,20776,0.0
0.57,23719,0.0
0.48333333333333334,16580,0.0
0.55,40560,0.0
0.5166666666666667,50370,0.0
0.39666666666666667,41735,0.0
0.57,25238,0.0
0.55,36003,0.0
0.5166666666666667,42775,0.0
0.4266666666666667,40216,0.0
0.5716666666666667,53454,0.0
0.4816666666666667,5282,0.0
0.5483333333333333,21024,0.0
0.5083333333333334,28264,0.0
0.5683333333333334,45066,0.0
0.52,9476,0.0
0.555,29412,0.0
0.535,45040,0.0
0.55,0,0.0
0.5383333333333333,44586,0.0
0.525,6047,0.0
0.5399999999999999,31324,0.0
0.5650000000000001,36496,0.0
0.48666666666666664,10092,0.0
0.5183333333333334,47504,0.0
0.48333333333333334,7827,0.0
0.5633333333333334,33452,0.0
0.5166666666666667,38444,0.0
0.575,24848,0.0
0.5316666666666666,26380,0.0
0.5166666666666667,36937,0.0
0.56,26238,0.0
0.5166666666666667,4204,0.0
0.5333333333333333,19430,0.0
0.535,35547,0.0
0.5216666666666667,60636,0.0
0.23333333333333334,0,0.0
0.5166666666666667,-7492,0.0
0.5483333333333333,4452,0.0
0.48333333333333334,11366,0.0
0.55,32739,0.0
0.4066666666666667,39128,0.0
0.4816666666666667,8661,0.0
0.5483333333333333,32468,0.0
0.5166666666666667,6815,0.0
0.6,24090,0.0
0.5333333333333333,34396,0.0
0.5633333333333334,0,0.0
0.515,1859,0.0
0.5616666666666666,21516,0.0
0.5483333333333333,14178,0.0
0.5316666666666666,14572,0.0
0.5266666666666666,0,0.0
0.48333333333333334,10886,0.0
0.55,32019,0.0
0.5166666666666667,36135,0.0
0.5483333333333333,31623,0.0
0.5166666666666667,35475,0.0
0.5033333333333334,38756,0.0
0.49000000000000005,11555,0.0
0.5399999999999999,36416,0.0
0.48333333333333334,77020,0.0
0.5850000000000001,33194,0.0
0.5733333333333334,32775,0.0
0.5333333333333333,47256,0.0
0.5883333333333334,22693,0.0
0.48833333333333334,89308,0.0
0.5750000000000001,22131,0.0
0.5066666666666667,41594,0.0
0.485,68108,0.0
0.5833333333333334,45255,0.0
0.44833333333333336,72624,0.0
0.59,62208,0.0
0.48333333333333334,57052,0.0
0.59,23833,0.0
0.6,82260,0.0
0.5416666666666666,60312,0.0
0.49333333333333335,87372,0.0
0.4966666666666667,50875,0.0
0.295,106749,0.0
0.53,75432,0.0
0.5650000000000001,64456,0.0
0.48333333333333334,62226,0.0
0.6,31779,0.0
0.48333333333333334,77575,0.0
0.485,76764,0.0
0.5266666666666667,86580,0.0
0.5866666666666667,56667,0.0
0.5850000000000001,26946,0.0
0.5866666666666667,43140,0.0
0.5416666666666666,81708,0.0
0.48333333333333334,65475,0.0
0.59,46232,0.0
0.48333333333333334,22804,0.0
0.5883333333333334,41618,0.0
0.48333333333333334,63548,0.0
0.485,72460,0.0
0.5866666666666667,50415,0.0
0.48333333333333334,69152,0.0
0.495,44898,0.0
0.5850000000000001,47451,0.0
0.53,97292,0.0
0.5133333333333333,45418,0.0
0.49833333333333335,66080,0.0
0.4916666666666667,81276,0.0
0.49333333333333335,63008,0.0
0.5183333333333333,43874,0.0
0.5650000000000001,68624,0.0
0.4866666666666667,84748,0.0
0.5133333333333333,41250,0.0
0.48333333333333334,81570,0.0
0.5883333333333334,22209,0.0
0.485,78252,0.0
0.3483333333333333,114075,0.0
0.48333333333333334,82476,0.0
0.48333333333333334,49674,0.0
0.5850000000000001,41199,0.0
0.485,81440,0.0
0.5850000000000001,48675,0.0
0.5416666666666666,115184,0.0
0.5416666666666666,78396,0.0
0.48333333333333334,71320,0.0
0.5850000000000001,34042,0.0
0.4083333333333333,86652,0.0
0.44999999999999996,42820,0.0
0.49,92556,0.0
0.49,102320,0.0
0.48333333333333334,74730,0.0
0.545,95796,0.0
0.48333333333333334,36860,0.0
0.4333333333333334,53818,0.0
0.5833333333333334,38763,0.0
0.5083333333333333,49176,0.0
0.5416666666666666,58370,0.0
0.53,48058,0.0
0.5883333333333334,74256,0.0
0.55,53216,0.0
0.53,79792,0.0
0.5416666666666667,100,0.0
0.5,60155,0.0
0.495,24760,0.0
0.46,74904,0.0
0.5883333333333334,85232,0.0
0.595,59304,0.0
0.5266666666666667,87108,0.0
0.55,70476,0.0
0.5850000000000001,64032,0.0
0.5833333333333334,35256,0.0
0.48333333333333334,70268,0.0
0.49,105568,0.0
0.54,97264,0.0
0.49,-2100,0.0
0.48333333333333334,56515,0.0
0.5983333333333333,34692,0.0
0.5833333333333334,42579,0.0
0.6,58680,0.0
0.44833333333333336,66552,0.0
0.4966666666666667,50226,0.0
0.5866666666666667,40578,0.0
0.48333333333333334,53428,0.0
0.5033333333333334,65280,0.0
0.49333333333333335,22026,0.0
0.31166666666666665,41940,0.0
0.4133333333333334,81177,0.0
0.6,76008,0.0
0.59,68460,0.0
0.5883333333333334,43826,0.0
0.4716666666666667,39372,0.0
0.5766666666666667,36232,0.0
0.5733333333333334,44004,0.0
0.36333333333333334,98940,0.0
0.48333333333333334,71875,0.0
0.48333333333333334,47691,0.0
0.6,62704,0.0
0.5883333333333334,63588,0.0
0.48333333333333334,62215,0.0
0.5866666666666667,53727,0.0
0.3333333333333333,93195,0.0
0.49499999999999994,74020,0.0
0.48333333333333334,92444,0.0
0.5416666666666666,58840,0.0
0.48333333333333334,52820,0.0
0.5416666666666666,81120,0.0
0.4933333333333333,50172,0.0
0.48333333333333334,35536,0.0
0.48666666666666664,-38424,0.0
0.36166666666666664,39856,0.0
0.53,50450,0.0
0.5066666666666667,60051,0.0
0.5533333333333333,90924,0.0
0.495,43386,0.0
0.5633333333333334,67704,0.0
0.5633333333333335,36020,0.0
0.54,65604,0.0
0.5183333333333333,72828,0.0
0.5566666666666666,73192,0.0
0.59,47200,0.0
0.5933333333333334,60728,0.0
0.5933333333333334,83196,0.0
0.49333333333333335,26480,0.0
0.4916666666666667,53632,0.0
0.5233333333333334,24629,0.0
0.5933333333333334,60224,0.0
0.4866666666666667,69432,0.0
0.6,33378,0.0
0.5066666666666667,40626,0.0
0.48333333333333334,57556,0.0
0.53,52226,0.0
0.485,57237,0.0
0.5083333333333333,28538,0.0
0.5,59964,0.0
0.49833333333333335,67340,0.0
0.6,52788,0.0
0.485,85915,0.0
0.5083333333333333,103788,0.0
0.5866666666666667,34970,0.0
0.5133333333333333,46234,0.0
0.49833333333333335,60235,0.0
0.5416666666666666,82236,0.0
0.5866666666666667,35696,0.0
0.5416666666666666,84981,0.0
0.48333333333333334,56514,0.0
0.5533333333333333,62176,0.0
0.485,96335,0.0
0.49833333333333335,46748,0.0
0.5583333333333335,16563,0.0
0.4866666666666667,63180,0.0
0.4966666666666667,39655,0.0
0.5916666666666667,78324,0.0
0.5916666666666667,49480,0.0
0.5850000000000001,32226,0.0
0.53,101968,0.0
0.5866666666666667,35474,0.0
0.6,44379,0.0
0.5,34731,0.0
0.49833333333333335,56575,0.0
0.48333333333333334,48752,0.0
0.4683333333333334,70928,0.0
0.5866666666666667,39338,0.0
0.48333333333333334,48955,0.0
0.53,74787,0.0
0.53,100480,0.0
0.54,71856,0.0
0.5533333333333333,33988,0.0
0.48333333333333334,64976,0.0
0.49333333333333335,18690,0.0
0.5183333333333333,69915,0.0
0.53,96848,0.0
0.4966666666666667,44975,0.0
0.5133333333333333,23489,0.0
0.5866666666666667,53784,0.0
0.5850000000000001,44472,0.0
0.48333333333333334,64476,0.0
0.5866666666666667,38034,0.0
0.53,54618,0.0
0.48333333333333334,92200,0.0
0.48333333333333334,86355,0.0
0.43666666666666665,94401,0.0
0.37833333333333324,103655,0.0
0.525,44976,0.0
0.5333333333333333,-11040,0.0
0.55,15108,0.0
0.32666666666666666,74784,0.0
0.485,81155,0.0
0.48333333333333334,75455,0.0
0.6,93664,0.0
0.5416666666666666,87504,0.0
0.5066666666666667,53799,0.0
0.49499999999999994,51363,0.0
0.5533333333333333,58312,0.0
0.45833333333333337,68760,0.0
0.59,69684,0.0
0.5883333333333334,56265,0.0
0.48333333333333334,91920,0.0
0.48333333333333334,59415,0.0
0.44833333333333336,107820,0.0
0.48333333333333334,45375,0.0
0.5833333333333334,41991,0.0
0.5416666666666666,54202,0.0
0.5066666666666667,61608,0.0
0.49333333333333335,21100,0.0
0.4933333333333333,35634,0.0
0.5,71475,0.0
0.5533333333333333,98400,0.0
0.48833333333333334,68052,0.0
0.48333333333333334,62840,0.0
0.5,79578,0.0
0.5183333333333333,93984,0.0
0.5883333333333334,39658,0.0
0.5533333333333333,66344,0.0
0.5133333333333333,23005,0.0
0.48333333333333334,69835,0.0
0.53,76248,0.0
0.48333333333333334,51260,0.0
0.49499999999999994,47856,0.0
0.5033333333333334,39626,0.0
0.48333333333333334,42560,0.0
0.59,72048,0.0
0.5916666666666667,48976,0.0
0.5850000000000001,46695,0.0
0.5533333333333333,91680,0.0
0.46666666666666673,48120,0.0
0.48666666666666664,-52836,0.0
0.49,-8712,0.0
0.5133333333333333,47360,0.0
0.495,18951,0.0
0.43666666666666665,66088,0.0
0.5083333333333333,103344,0.0
0.4966666666666667,51738,0.0
0.6,100160,0.0
0.5083333333333333,108464,0.0
0.48333333333333334,69455,0.0
0.5533333333333333,66504,0.0
0.5,64640,0.0
0.48333333333333334,74944,0.0
0.5883333333333334,59772,0.0
0.5916666666666667,76920,0.0
0.5183333333333333,44810,0.0
0.5933333333333334,55120,0.0
0.53,50954,0.0
0.5650000000000001,64960,0.0
0.4933333333333333,82140,0.0
0.5433333333333333,32848,0.0
0.5566666666666668,0,0.0
0.49833333333333335,40704,0.0
0.495,26800,0.0
0.53,41490,0.0
0.51,82275,0.0
0.46,38232,0.0
0.48333333333333334,93495,0.0
0.48333333333333334,98736,0.0
0.51,75915,0.0
0.48333333333333334,63755,0.0
0.5783333333333334,38108,0.0
0.5733333333333334,39748,0.0
0.4083333333333333,64464,0.0
0.5066666666666667,61275,0.0
0.5,39960,0.0
0.49499999999999994,94915,0.0
0.5333333333333333,46408,0.0
0.48333333333333334,89215,0.0
0.4966666666666667,45500,0.0
0.4916666666666667,6004,0.0
0.485,60744,0.0
0.48333333333333334,62880,0.0
0.5416666666666666,59186,0.0
0.47500000000000003,58320,0.0
0.5166666666666667,52596,0.0
0.49499999999999994,93875,0.0
0.5533333333333333,67160,0.0
0.495,25530,0.0
0.36666666666666664,112012,0.0
0.36666666666666664,112866,0.0
0.55,51744,0.0
0.3466666666666667,100497,0.0
0.4966666666666667,55920,0.0
0.49333333333333335,14500,0.0
0.5850000000000001,32690,0.0
0.48333333333333334,44436,0.0
0.5183333333333333,66327,0.0
0.5416666666666666,78729,0.0
0.5883333333333334,62376,0.0
0.4966666666666667,39095,0.0
0.5866666666666667,69696,0.0
0.5183333333333333,48978,0.0
0.485,69036,0.0
0.6,52035,0.0
0.5883333333333334,58032,0.0
0.465,41864,0.0
0.47500000000000003,38064,0.0
0.49333333333333335,9312,0.0
0.5416666666666666,89352,0.0
0.49833333333333335,54455,0.0
0.6,40959,0.0
0.49499999999999994,57855,0.0
0.5083333333333333,64524,0.0
0.49833333333333335,31311,0.0
0.43666666666666665,94068,0.0
0.5866666666666667,41546,0.0
0.48333333333333334,71175,0.0
0.5850000000000001,36090,0.0
0.5850000000000001,54471,0.0
0.4866666666666667,77020,0.0
0.6,49368,0.0
0.5883333333333334,58788,0.0
0.48333333333333334,33354,0.0
0.51,77175,0.0
0.43666666666666665,97908,0.0
0.5933333333333334,56056,0.0
0.5883333333333334,65040,0.0
0.36333333333333334,119775,0.0
0.5866666666666667,21069,0.0
0.5266666666666667,121680,0.0
0.48333333333333334,61612,0.0
0.48333333333333334,97004,0.0
0.49499999999999994,50379,0.0
0.5533333333333333,62480,0.0
0.5850000000000001,46995,0.0
0.48333333333333334,65115,0.0
0.4866666666666667,91615,0.0
0.39,109355,0.0
0.48333333333333334,55820,0.0
0.48333333333333334,41955,0.0
0.48333333333333334,61296,0.0
0.5833333333333334,41052,0.0
0.5,71780,0.0
0.485,79504,0.0
0.485,92055,0.0
0.485,81635,0.0
0.5033333333333334,86700,0.0
0.3483333333333333,98895,0.0
0.5,26258,0.0
0.49499999999999994,93655,0.0
0.6,51492,0.0
0.5233333333333334,78048,0.0
0.6,61928,0.0
0.4933333333333333,35722,0.0
0.5166666666666667,55497,0.0
0.5333333333333333,48968,0.0
0.48333333333333334,16872,0.0
0.53,53042,0.0
0.49499999999999994,59127,0.0
0.5166666666666667,55164,0.0
0.51,73875,0.0
0.5983333333333333,28359,0.0
0.5833333333333334,44031,0.0
0.5833333333333334,29946,0.0
0.5833333333333334,37779,0.0
0.5633333333333335,29355,0.0
0.4866666666666667,86000,0.0
0.5733333333333334,31836,0.0
0.4866666666666667,81324,0.0
0.5733333333333334,35343,0.0
0.5666666666666668,18711,0.0
0.3783333333333333,103500,0.0
0.5850000000000001,33416,0.0
0.485,73712,0.0
0.5733333333333334,38571,0.0
0.4166666666666667,91212,0.0
0.48333333333333334,60898,0.0
0.5866666666666667,56352,0.0
0.5850000000000001,39720,0.0
0.49833333333333335,50675,0.0
0.5,73040,0.0
0.4933333333333333,37346,0.0
0.6,37575,0.0
0.49833333333333335,49415,0.0
0.5033333333333334,43138,0.0
0.48333333333333334,75535,0.0
0.4866666666666667,102035,0.0
0.5266666666666667,92376,0.0
0.5883333333333334,43952,0.0
0.485,74828,0.0
0.54,86288,0.0
0.5866666666666667,37378,0.0
0.485,87480,0.0
0.48333333333333334,54655,0.0
0.5083333333333333,69200,0.0
0.4933333333333333,35008,0.0
0.5850000000000001,35754,0.0
0.5833333333333334,44559,0.0
0.48333333333333334,53312,0.0
0.5,65935,0.0
0.53,82500,0.0
0.5883333333333334,46932,0.0
0.5616666666666666,36796,0.0
0.5766666666666668,40436,0.0
0.5533333333333333,34032,0.0
0.6,66123,0.0
0.5,51308,0.0
0.48333333333333334,10032,0.0
0.48333333333333334,59900,0.0
0.48833333333333334,-22420,0.0
0.51,63472,0.0
0.425,119820,0.0
0.5599999999999999,54992,0.0
0.43666666666666665,95625,0.0
0.55,76728,0.0
0.48333333333333334,69066,0.0
0.49499999999999994,56631,0.0
0.5,67195,0.0
0.5850000000000001,50364,0.0
0.6,31098,0.0
0.5416666666666666,84648,0.0
0.5533333333333333,92148,0.0
0.5033333333333334,38970,0.0
0.48333333333333334,40096,0.0
0.5883333333333334,66264,0.0
0.5866666666666667,42362,0.0
0.5166666666666667,72508,0.0
0.5833333333333334,31762,0.0
0.5633333333333334,35172,0.0
0.5066666666666667,41090,0.0
0.5866666666666667,58071,0.0
0.59,45802,0.0
0.5083333333333333,86100,0.0
0.545,69592,0.0
0.5166666666666667,56436,0.0
0.5833333333333334,47680,0.0
0.5583333333333335,19668,0.0
0.55,7380,0.0
0.5333333333333333,-21255,0.0
0.52,75056,0.0
0.4133333333333334,108236,0.0
0.36,78968,0.0
0.49499999999999994,38346,0.0
0.5866666666666667,52845,0.0
0.48333333333333334,57988,0.0
0.5750000000000001,27927,0.0
0.5416666666666666,88488,0.0
0.5033333333333334,43954,0.0
0.4866666666666667,82812,0.0
0.5833333333333334,24666,0.0
0.5883333333333334,36087,0.0
0.5933333333333334,83952,0.0
0.595,59808,0.0
0.5883333333333334,62943,0.0
0.5850000000000001,48855,0.0
0.5266666666666667,61240,0.0
0.5416666666666666,57992,0.0
0.53,81228,0.0
0.5833333333333334,47252,0.0
0.4583333333333334,42420,0.0
0.425,52354,0.0
0.39333333333333337,61504,0.0
0.36000000000000004,81585,0.0
0.3466666666666667,89516,0.0
0.5333333333333333,-20700,0.0
0.315,42348,0.0
0.5166666666666666,-61416,0.0
0.55,2260,0.0
0.35333333333333333,112692,0.0
0.32666666666666666,133815,0.0
0.37833333333333324,119706,0.0
0.495,38034,0.0
0.6,48852,0.0
0.48833333333333334,69036,0.0
0.4916666666666667,55656,0.0
0.49499999999999994,107970,0.0
0.49666666666666665,34640,0.0
0.46666666666666673,56835,0.0
0.48333333333333334,109962,0.0
0.4966666666666667,86340,0.0
0.5183333333333333,43370,0.0
0.5966666666666667,19860,0.0
0.5733333333333334,40960,0.0
0.4916666666666667,-4416,0.0
0.4166666666666667,63996,0.0
0.5583333333333335,23975,0.0
0.4333333333333334,54634,0.0
0.5850000000000001,30810,0.0
0.48333333333333334,88362,0.0
0.4916666666666667,-1820,0.0
0.5433333333333333,64952,0.0
0.4966666666666667,35216,0.0
0.6,57831,0.0
0.53,51848,0.0
0.55,2704,0.0
0.4916666666666667,83712,0.0
0.48333333333333334,57760,0.0
0.5083333333333333,53016,0.0
0.495,33016,0.0
0.6,45783,0.0
0.4833333333333334,63288,0.0
0.4866666666666667,64164,0.0
0.4916666666666667,57144,0.0
0.48333333333333334,54896,0.0
0.47500000000000003,53200,0.0
0.49833333333333335,51200,0.0
0.49333333333333335,12595,0.0
0.48333333333333334,45507,0.0
0.595,63472,0.0
0.48333333333333334,100866,0.0
0.49333333333333335,58024,0.0
0.53,56090,0.0
0.595,32768,0.0
0.48333333333333334,78618,0.0
0.48333333333333334,85535,0.0
0.5,67795,0.0
0.425,93372,0.0
0.5850000000000001,47979,0.0
0.5833333333333334,31347,0.0
0.48333333333333334,56736,0.0
0.5083333333333333,67948,0.0
0.4966666666666667,43715,0.0
0.5866666666666667,38370,0.0
0.5866666666666667,57891,0.0
0.48333333333333334,81780,0.0
0.49833333333333335,61495,0.0
0.48333333333333334,87955,0.0
0.35666666666666663,98940,0.0
0.6,33183,0.0
0.44166666666666665,84852,0.0
0.38666666666666666,89724,0.0
0.6,36274,0.0
0.38,67824,0.0
0.6,42399,0.0
0.48333333333333334,63843,0.0
0.6,50280,0.0
0.6,63408,0.0
0.595,32032,0.0
0.5433333333333333,23540,0.0
0.49333333333333335,57088,0.0
0.5333333333333333,17840,0.0
0.48333333333333334,33595,0.0
0.59,50786,0.0
0.485,52560,0.0
0.4916666666666667,50944,0.0
0.5433333333333333,33200,0.0
0.48333333333333334,-1420,0.0
0.4866666666666667,36938,0.0
0.48666666666666664,-43056,0.0
0.555,39288,0.0
0.49,-5955,0.0
0.4983333333333334,66606,0.0
0.44166666666666665,85461,0.0
0.55,52712,0.0
0.495,35595,0.0
0.33999999999999997,126316,0.0
0.51,53760,0.0
0.5,55664,0.0
0.5883333333333334,44642,0.0
0.6,40995,0.0
0.5,70215,0.0
0.6,30130,0.0
0.36,69800,0.0
0.6,39435,0.0
0.39,63656,0.0
0.425,68715,0.0
0.5966666666666667,33656,0.0
0.48333333333333334,63104,0.0
0.4866666666666667,61776,0.0
0.5866666666666667,58224,0.0
0.5833333333333334,58368,0.0
0.49,48664,0.0
0.5533333333333335,38900,0.0
0.5916666666666667,79233,0.0
0.5883333333333334,86380,0.0
0.485,34658,0.0
0.5833333333333334,73915,0.0
0.4016666666666666,125695,0.0
0.47166666666666673,103122,0.0
0.49333333333333335,31194,0.0
0.5,64000,0.0
0.3333333333333333,114732,0.0
0.5033333333333334,37288,0.0
0.48333333333333334,75935,0.0
0.535,96552,0.0
0.5850000000000001,31722,0.0
0.5183333333333333,70671,0.0
0.53,75543,0.0
0.5066666666666667,61455,0.0
0.5916666666666667,51872,0.0
0.49499999999999994,64052,0.0
0.5,59920,0.0
0.4933333333333333,51396,0.0
0.52,59388,0.0
0.48333333333333334,27520,0.0
0.51,60240,0.0
0.47333333333333344,72405,0.0
0.4366666666666667,77276,0.0
0.52,39210,0.0
0.47500000000000003,62535,0.0
0.5083333333333334,66384,0.0
0.49333333333333335,19620,0.0
0.45833333333333337,81621,0.0
0.4966666666666667,29163,0.0
0.40833333333333327,89564,0.0
0.48333333333333334,77895,0.0
0.52,35346,0.0
0.4683333333333334,72195,0.0
0.5,58912,0.0
0.53,68436,0.0
0.5283333333333334,31632,0.0
0.5883333333333334,62832,0.0
0.6,39507,0.0
0.54,69752,0.0
0.6,56907,0.0
0.5433333333333333,58152,0.0
0.5083333333333333,113756,0.0
0.48333333333333334,51295,0.0
0.545,103272,0.0
0.4766666666666667,89649,0.0
0.6,72148,0.0
0.5433333333333333,30008,0.0
0.6,87132,0.0
0.5033333333333334,38002,0.0
0.49,-5400,0.0
0.48333333333333334,59778,0.0
0.495,40482,0.0
0.6,43060,0.0
0.45333333333333337,37280,0.0
0.6,83360,0.0
0.48333333333333334,27205,0.0
0.59,51912,0.0
0.48333333333333334,30780,0.0
0.5633333333333334,36716,0.0
0.48333333333333334,21820,0.0
0.5599999999999999,55496,0.0
0.45,40316,0.0
0.495,30569,0.0
0.48333333333333334,35583,0.0
0.5033333333333334,65808,0.0
0.5033333333333334,21865,0.0
0.5650000000000001,69128,0.0
0.48333333333333334,67415,0.0
0.545,97020,0.0
0.4866666666666667,84368,0.0
0.53,98924,0.0
0.32499999999999996,90801,0.0
0.5916666666666667,54192,0.0
0.48333333333333334,25080,0.0
0.5083333333333333,105420,0.0
0.4716666666666666,107695,0.0
0.6,34635,0.0
0.43833333333333335,70720,0.0
0.5750000000000001,43120,0.0
0.43833333333333335,72536,0.0
0.49833333333333335,57330,0.0
0.5866666666666667,40274,0.0
0.5083333333333333,80304,0.0
0.485,50871,0.0
0.5066666666666667,95675,0.0
0.49,80064,0.0
0.5233333333333334,53726,0.0
0.4966666666666667,50490,0.0
0.39333333333333337,87429,0.0
0.51,77700,0.0
0.49333333333333335,14700,0.0
0.5866666666666667,36410,0.0
0.5266666666666667,89520,0.0
0.3283333333333333,72504,0.0
0.595,63976,0.0
0.48333333333333334,88215,0.0
0.5850000000000001,59644,0.0
0.48333333333333334,51603,0.0
0.59,25765,0.0
0.48333333333333334,38082,0.0
0.59,79320,0.0
0.48333333333333334,22688,0.0
0.38333333333333336,89769,0.0
0.51,73800,0.0
0.5833333333333334,49095,0.0
0.485,62988,0.0
0.5883333333333334,44996,0.0
0.5916666666666667,79080,0.0
0.5066666666666667,40122,0.0
0.49499999999999994,54423,0.0
0.5266666666666667,57376,0.0
0.5416666666666666,54128,0.0
0.545,63520,0.0
0.5533333333333333,60272,0.0
0.42333333333333345,82041,0.0
0.495,19060,0.0
0.4766666666666667,66664,0.0
0.4916666666666667,-6100,0.0
0.5033333333333334,34844,0.0
0.49,-16392,0.0
0.48333333333333334,44034,0.0
0.5866666666666667,81820,0.0
0.48333333333333334,34971,0.0
0.5916666666666667,55904,0.0
0.48333333333333334,20800,0.0
0.48333333333333334,-3936,0.0
0.55,15460,0.0
0.44166666666666665,58040,0.0
0.4866666666666667,55980,0.0
0.48333333333333334,50700,0.0
0.5866666666666667,41898,0.0
0.48333333333333334,55815,0.0
0.42333333333333334,64184,0.0
0.5633333333333335,41520,0.0
0.48333333333333334,71475,0.0
0.5266666666666667,63800,0.0
0.48333333333333334,76698,0.0
0.48333333333333334,55769,0.0
0.49833333333333335,62095,0.0
0.5066666666666667,91116,0.0
0.48833333333333334,87616,0.0
0.53,86292,0.0
0.485,79595,0.0
0.5416666666666666,60552,0.0
0.48333333333333334,86442,0.0
0.5650000000000001,35092,0.0
0.48333333333333334,67137,0.0
0.4966666666666667,62994,0.0
0.44833333333333336,68368,0.0
0.49499999999999994,104295,0.0
0.49,71472,0.0
0.5183333333333333,107376,0.0
0.4866666666666667,71356,0.0
0.53,85068,0.0
0.5066666666666666,40340,0.0
0.25,0,0.0
0.4966666666666667,28860,0.0
0.5666666666666667,0,0.0
0.5083333333333333,67305,0.0
0.5666666666666667,0,0.0
0.5333333333333333,29946,0.0
0.55,18008,0.0
0.6,17184,0.0
0.5666666666666667,0,0.0
0.49333333333333335,65135,0.0
0.59,16444,0.0
0.46333333333333343,16657,0.0
0.5666666666666667,27262,0.0
0.5666666666666667,23822,0.0
0.5666666666666667,72048,0.0
0.535,26328,0.0
0.5666666666666667,0,0.0
0.5333333333333333,58281,0.0
0.57,17036,0.0
0.5716666666666667,39370,0.0
0.5850000000000001,12362,0.0
0.59,26217,0.0
0.5666666666666667,77088,0.0
0.4800000000000001,34828,0.0
0.6,18440,0.0
0.5816666666666667,0,0.0
0.6,0,0.0
0.5866666666666667,0,0.0
0.59,0,0.0
0.6,6424,0.0
0.5833333333333334,12088,0.0
0.5866666666666667,0,0.0
0.5683333333333334,0,0.0
0.6,0,0.0
0.5666666666666667,0,0.0
0.51,69396,0.0
0.5333333333333333,0,0.0
0.51,68463,0.0
0.5266666666666667,23758,0.0
0.51,69669,0.0
0.5466666666666667,16617,0.0
0.575,14768,0.0
0.5666666666666667,0,0.0
0.6,14372,0.0
0.535,25524,0.0
0.5483333333333333,15062,0.0
0.5133333333333334,27480,0.0
0.5666666666666667,0,0.0
0.5683333333333334,0,0.0
0.5666666666666667,0,0.0
0.6,0,0.0
0.5666666666666667,0,0.0
0.5466666666666667,68585,0.0
0.55,38462,0.0
0.5700000000000001,21603,0.0
0.5566666666666666,14388,0.0
0.53,8744,0.0
0.595,13666,0.0
0.6,-1803,0.0
0.5700000000000001,9704,0.0
0.535,9972,0.0
0.54,25596,0.0
0.5333333333333333,49698,0.0
0.5666666666666667,50994,0.0
0.5616666666666666,5580,0.0
0.5666666666666667,63454,0.0
0.565,29586,0.0
0.575,12339,0.0
0.5333333333333333,0,0.0
0.5233333333333333,8310,0.0
0.48833333333333334,38312,0.0
0.5333333333333333,0,0.0
0.41666666666666674,0,0.0
0.5766666666666667,0,0.0
0.5666666666666667,17249,0.0
0.5816666666666667,0,0.0
0.5666666666666667,0,0.0
0.5466666666666666,29453,0.0
0.5333333333333333,19334,0.0
0.5666666666666667,0,0.0
0.5266666666666667,38934,0.0
0.48333333333333334,22157,0.0
0.5333333333333333,22395,0.0
0.5866666666666667,0,0.0
0.6,0,0.0
0.5383333333333333,48654,0.0
0.5666666666666667,0,0.0
0.4966666666666667,29638,0.0
0.45000000000000007,29593,0.0
0.5733333333333334,27628,0.0
0.5933333333333334,-15652,0.0
0.5683333333333334,0,0.0
0.5533333333333333,16224,0.0
0.5666666666666667,0,0.0
0.4766666666666667,30081,0.0
0.54,33384,0.0
0.56,8859,0.0
0.58,-2646,0.0
0.5,79140,0.0
0.5800000000000001,8540,0.0
0.5966666666666667,570,0.0
0.5666666666666667,-11880,0.0
0.5666666666666667,14971,0.0
0.54,30125,0.0
0.6,13730,0.0
0.6,31920,0.0
0.5650000000000001,0,0.0
0.5666666666666667,0,0.0
0.6,5116,0.0
0.5,85265,0.0
0.5833333333333334,20918,0.0
0.5166666666666667,70098,0.0
0.5666666666666667,70404,0.0
0.5666666666666667,12802,0.0
0.5666666666666667,8546,0.0
0.5166666666666667,84884,0.0
0.5,76752,0.0
0.5366666666666666,40812,0.0
0.6,11323,0.0
0.5,95640,0.0
0.5166666666666667,96736,0.0
0.5766666666666668,34192,0.0
0.5666666666666667,55440,0.0
0.5666666666666667,0,0.0
0.53,14700,0.0
0.5333333333333333,23104,0.0
0.6,0,0.0
0.5700000000000001,18506,0.0
0.53,22824,0.0
0.6,21460,0.0
0.5733333333333334,26248,0.0
0.5866666666666667,46467,0.0
0.6,16112,0.0
0.5766666666666668,29592,0.0
0.5,63580,0.0
0.5333333333333333,58872,0.0
0.5800000000000001,16740,0.0
0.5633333333333334,10062,0.0
0.6,24992,0.0
0.5983333333333333,9627,0.0
0.5433333333333334,35356,0.0
0.5416666666666667,16872,0.0
0.5766666666666667,22317,0.0
0.5666666666666667,0,0.0
0.5733333333333334,25928,0.0
0.5333333333333333,22964,0.0
0.495,26300,0.0
0.6,16272,0.0
0.6,0,0.0
0.565,0,0.0
0.575,0,0.0
0.55,17124,0.0
0.5866666666666667,38187,0.0
0.5466666666666667,20460,0.0
0.54,31768,0.0
0.5,73740,0.0
0.5366666666666666,31768,0.0
0.5666666666666667,81408,0.0
0.495,26700,0.0
0.6,16472,0.0
0.56,18772,0.0
0.5666666666666667,52526,0.0
0.5666666666666667,13896,0.0
0.5266666666666667,23084,0.0
0.5616666666666666,18878,0.0
0.5666666666666667,83208,0.0
0.5666666666666667,0,0.0
0.5666666666666667,26781,0.0
0.5666666666666667,76902,0.0
0.5833333333333334,42268,0.0
0.5333333333333333,24204,0.0
0.5333333333333333,65496,0.0
0.5666666666666667,94728,0.0
0.5466666666666667,57090,0.0
0.5666666666666667,0,0.0
0.5483333333333333,16704,0.0
0.5666666666666667,0,0.0
0.5,62838,0.0
0.5333333333333333,22221,0.0
0.495,27225,0.0
0.5666666666666667,73881,0.0
0.6,24394,0.0
0.6,9328,0.0
0.5666666666666667,45912,0.0
0.5416666666666667,0,0.0
0.55,20016,0.0
0.5666666666666667,28420,0.0
0.5466666666666667,23352,0.0
0.5366666666666666,59946,0.0
0.5666666666666667,0,0.0
0.5,70590,0.0
0.5666666666666667,19948,0.0
0.5666666666666667,0,0.0
0.5366666666666666,30508,0.0
0.5666666666666667,0,0.0
0.495,25440,0.0
0.5333333333333333,63078,0.0
0.5666666666666667,0,0.0
0.5633333333333334,15316,0.0
0.565,0,0.0
0.5850000000000001,38709,0.0
0.49333333333333335,20808,0.0
0.5666666666666667,24285,0.0
0.5333333333333333,56130,0.0
0.5666666666666667,0,0.0
0.5266666666666667,10536,0.0
0.5316666666666666,18940,0.0
0.5983333333333333,0,0.0
0.4733333333333334,0,0.0
0.5666666666666667,24124,0.0
0.6,12650,0.0
0.5633333333333334,53502,0.0
0.5,51140,0.0
0.5666666666666667,0,0.0
0.5666666666666667,54688,0.0
0.53,14324,0.0
0.565,0,0.0
0.5850000000000001,33987,0.0
0.49333333333333335,17660,0.0
0.5666666666666667,22711,0.0
0.5633333333333334,0,0.0
0.5,56265,0.0
0.5666666666666667,0,0.0
0.56,14218,0.0
0.5666666666666667,58788,0.0
0.5833333333333334,37062,0.0
0.6,12977,0.0
0.5983333333333333,0,0.0
0.53,54483,0.0
0.5616666666666666,0,0.0
0.5366666666666666,34740,0.0
0.5666666666666667,58656,0.0
0.5700000000000001,23368,0.0
0.6,0,0.0
0.5383333333333333,20029,0.0
0.5666666666666667,60025,0.0
0.5,21489,0.0
0.6,7416,0.0
0.5333333333333333,61876,0.0
0.5383333333333333,22156,0.0
0.5,38604,0.0
0.5633333333333334,6870,0.0
0.5666666666666667,4545,0.0
0.5333333333333333,22710,0.0
0.565,5724,0.0
0.49333333333333335,15108,0.0
0.5633333333333334,7036,0.0
0.56,10950,0.0
0.5666666666666667,52252,0.0
0.5666666666666667,0,0.0
0.49,37942,0.0
0.5483333333333333,21510,0.0
0.5616666666666666,0,0.0
0.5,63180,0.0
0.5366666666666666,31908,0.0
0.6,0,0.0
0.5666666666666667,25119,0.0
0.5333333333333333,58632,0.0
0.5366666666666666,28660,0.0
0.5,71300,0.0
0.5666666666666667,70816,0.0
0.5666666666666667,0,0.0
0.5666666666666667,0,0.0
0.495,25724,0.0
0.6,15984,0.0
0.5666666666666667,26743,0.0
0.5333333333333333,63504,0.0
0.5433333333333333,35790,0.0
0.5,74485,0.0
0.5666666666666667,21506,0.0
0.5666666666666667,73364,0.0
0.5666666666666667,0,0.0
0.5333333333333333,23662,0.0
0.5666666666666667,0,0.0
0.495,26998,0.0
0.6,0,0.0
0.5333333333333333,65415,0.0
0.5133333333333334,65190,0.0
0.5433333333333333,39508,0.0
0.5666666666666667,17788,0.0
0.5666666666666667,65928,0.0
0.5116666666666667,23280,0.0
0.6,0,0.0
0.5333333333333333,59838,0.0
0.565,0,0.0
0.3433333333333333,0,0.0
0.5,55035,0.0
0.5466666666666666,43570,0.0
0.5666666666666667,57804,0.0
0.5666666666666667,0,0.0
0.53,15882,0.0
0.565,0,0.0
0.5850000000000001,36324,0.0
0.49333333333333335,19218,0.0
0.6,12731,0.0
0.5633333333333334,0,0.0
0.52,21636,0.0
0.56,-1614,0.0
0.5416666666666667,29186,0.0
0.5666666666666667,35250,0.0
0.5666666666666667,1717,0.0
0.5333333333333333,1620,0.0
0.5833333333333334,18828,0.0
0.5983333333333333,2461,0.0
0.5333333333333333,42056,0.0
0.5616666666666666,4208,0.0
0.5433333333333333,20564,0.0
0.5666666666666667,24252,0.0
0.5666666666666667,10339,0.0
0.5666666666666667,11518,0.0
0.6,11083,0.0
0.5333333333333333,76544,0.0
0.5216666666666667,41272,0.0
0.575,16024,0.0
0.5666666666666667,62400,0.0
0.5666666666666667,0,0.0
0.55,18180,0.0
0.5466666666666667,21516,0.0
0.6,0,0.0
0.5366666666666666,57192,0.0
0.5666666666666667,0,0.0
0.555,0,0.0
0.5683333333333334,37560,0.0
0.5833333333333334,6736,0.0
0.5666666666666667,43824,0.0
0.5733333333333334,0,0.0
0.5483333333333333,8892,0.0
0.5666666666666667,17296,0.0
0.5533333333333333,12228,0.0
0.6,0,0.0
0.5333333333333333,43260,0.0
0.5666666666666667,0,0.0
0.57,0,0.0
0.5,74340,0.0
0.5666666666666667,21448,0.0
0.5666666666666667,0,0.0
0.5366666666666666,32008,0.0
0.6,16592,0.0
0.6,0,0.0
0.5333333333333333,65328,0.0
0.35,0,0.0
0.5716666666666667,0,0.0
0.5,58630,0.0
0.5633333333333334,15164,0.0
0.5666666666666667,60680,0.0
0.5666666666666667,0,0.0
0.53,17320,0.0
0.5333333333333333,25724,0.0
0.5850000000000001,38481,0.0
0.49333333333333335,20656,0.0
0.6,0,0.0
0.5333333333333333,55902,0.0
0.5633333333333334,0,0.0
0.54,46470,0.0
0.57,0,0.0
0.5666666666666667,10300,0.0
0.5666666666666667,50952,0.0
0.55,12456,0.0
0.5516666666666667,20860,0.0
0.535,15792,0.0
0.6,11018,0.0
0.6,0,0.0
0.5666666666666667,21777,0.0
0.49333333333333335,0,0.0
0.5,50610,0.0
0.5666666666666667,54264,0.0
0.53,14112,0.0
0.5716666666666667,0,0.0
0.5333333333333333,22516,0.0
0.5850000000000001,33669,0.0
0.5,17448,0.0
0.6,11846,0.0
0.56,0,0.0
0.5466666666666667,57820,0.0
0.5733333333333334,14840,0.0
0.5666666666666667,60032,0.0
0.5666666666666667,0,0.0
0.5399999999999999,20332,0.0
0.6,13288,0.0
0.6,0,0.0
0.5666666666666667,0,0.0
0.57,37980,0.0
0.5166666666666667,47898,0.0
0.5583333333333335,52848,0.0
0.59,13992,0.0
0.5666666666666667,61260,0.0
0.58,6919,0.0
0.5483333333333333,17226,0.0
0.5666666666666667,29832,0.0
0.5816666666666667,8098,0.0
0.5399999999999999,22230,0.0
0.6,21064,0.0
0.58,42582,0.0
0.5333333333333333,62864,0.0
0.5666666666666667,9410,0.0
0.54,72846,0.0
0.55,42375,0.0
0.5833333333333334,8662,0.0
0.5666666666666667,47676,0.0
0.5716666666666667,0,0.0
0.5466666666666667,10818,0.0
0.5633333333333334,19222,0.0
0.5800000000000001,0,0.0
0.54,33928,0.0
0.5333333333333333,14154,0.0
0.6,10199,0.0
0.5983333333333333,0,0.0
0.6,17552,0.0
0.5716666666666667,20958,0.0
0.5333333333333333,46149,0.0
0.5666666666666667,0,0.0
0.5933333333333334,30627,0.0
0.5,14910,0.0
0.56,-8056,0.0
0.5666666666666667,482,0.0
0.5266666666666667,-3744,0.0
0.5633333333333334,2840,0.0
0.4916666666666667,2928,0.0
0.6,11562,0.0
0.5666666666666667,43839,0.0
0.53,45190,0.0
0.49833333333333335,31500,0.0
0.25,0,0.0
0.5,72540,0.0
0.5666666666666667,20728,0.0
0.5666666666666667,71808,0.0
0.5666666666666667,0,0.0
0.5366666666666666,31288,0.0
0.5666666666666667,0,0.0
0.5866666666666667,46827,0.0
0.6,16232,0.0
0.6,0,0.0
0.5333333333333333,64248,0.0
0.565,0,0.0
0.37333333333333335,40199,0.0
0.5066666666666666,19231,0.0
0.5,66162,0.0
0.56,20649,0.0
0.5666666666666667,72355,0.0
0.5666666666666667,9138,0.0
0.5266666666666667,23883,0.0
0.5316666666666666,36489,0.0
0.5633333333333334,10317,0.0
0.5833333333333334,48512,0.0
0.6,25502,0.0
0.5983333333333333,9882,0.0
0.5666666666666667,47020,0.0
0.53,71740,0.0
0.5,50440,0.0
0.56,11888,0.0
0.5666666666666667,54128,0.0
0.5666666666666667,0,0.0
0.5316666666666666,22448,0.0
0.5633333333333334,0,0.0
0.6,11812,0.0
0.5666666666666667,22571,0.0
0.5616666666666666,0,0.0
0.5399999999999999,32070,0.0
0.41,47688,0.0
0.5716666666666667,4540,0.0
0.5666666666666667,39432,0.0
0.5666666666666667,0,0.0
0.5633333333333334,15100,0.0
0.5666666666666667,0,0.0
0.5833333333333334,22545,0.0
0.5983333333333333,0,0.0
0.5333333333333333,39966,0.0
0.47500000000000003,33720,0.0
0.5,66990,0.0
0.5666666666666667,18508,0.0
0.5666666666666667,67368,0.0
0.5666666666666667,0,0.0
0.5333333333333333,20664,0.0
0.5666666666666667,0,0.0
0.6,15122,0.0
0.6,0,0.0
0.5666666666666667,25881,0.0
0.5333333333333333,60918,0.0
0.565,0,0.0
0.5,21295,0.0
0.5,53778,0.0
0.5633333333333334,14457,0.0
0.5666666666666667,62035,0.0
0.5666666666666667,7074,0.0
0.53,17691,0.0
0.5333333333333333,30297,0.0
0.6,7818,0.0
0.5633333333333334,9565,0.0
0.5333333333333333,0,0.0
0.6,19952,0.0
0.5666666666666667,18568,0.0
0.5666666666666667,67488,0.0
0.5666666666666667,0,0.0
0.5333333333333333,20724,0.0
0.5366666666666666,29128,0.0
0.5666666666666667,0,0.0
0.5866666666666667,43587,0.0
0.5233333333333333,24060,0.0
0.5666666666666667,25911,0.0
0.5333333333333333,61008,0.0
0.5733333333333334,26844,0.0
0.55,32680,0.0
0.5883333333333334,4784,0.0
0.5666666666666667,39920,0.0
0.5766666666666667,0,0.0
0.5466666666666667,6940,0.0
0.5633333333333334,15344,0.0
0.5800000000000001,0,0.0
0.5333333333333333,10276,0.0
0.6,0,0.0
0.5766666666666667,19019,0.0
0.5333333333333333,40332,0.0
0.5666666666666667,28311,0.0
0.5666666666666667,0,0.0
0.5733333333333334,0,0.0
0.55,34992,0.0
0.5883333333333334,5064,0.0
0.5666666666666667,46380,0.0
0.5766666666666667,3943,0.0
0.5466666666666667,8298,0.0
0.5633333333333334,20904,0.0
0.5800000000000001,5122,0.0
0.5683333333333334,0,0.0
0.6,27732,0.0
0.5333333333333333,13302,0.0
0.6,4687,0.0
0.5766666666666667,36630,0.0
0.5333333333333333,50960,0.0
0.5883333333333334,50787,0.0
0.5666666666666667,6434,0.0
0.5,50340,0.0
0.5666666666666667,11848,0.0
0.6,23312,0.0
0.5666666666666667,54048,0.0
0.5666666666666667,0,0.0
0.5333333333333333,14004,0.0
0.5366666666666666,22408,0.0
0.5666666666666667,0,0.0
0.5,17340,0.0
0.6,0,0.0
0.5666666666666667,22551,0.0
0.565,0,0.0
0.5966666666666667,0,0.0
0.5833333333333334,30125,0.0
0.5916666666666667,0,0.0
0.5883333333333334,3762,0.0
0.5783333333333334,37876,0.0
0.5883333333333334,0,0.0
0.5766666666666668,5918,0.0
0.5833333333333334,0,0.0
0.6,21378,0.0
0.575,9254,0.0
0.5883333333333334,18508,0.0
0.5783333333333334,38799,0.0
0.5783333333333334,0,0.0
0.6,0,0.0
0.5,68100,0.0
0.5666666666666667,18952,0.0
0.5666666666666667,68256,0.0
0.5666666666666667,0,0.0
0.5333333333333333,21108,0.0
0.5366666666666666,29512,0.0
0.5666666666666667,0,0.0
0.5866666666666667,44163,0.0
0.495,24444,0.0
0.5666666666666667,26103,0.0
0.5333333333333333,61584,0.0
0.565,0,0.0
0.5833333333333334,10590,0.0
0.5916666666666667,0,0.0
0.5883333333333334,-4052,0.0
0.5783333333333334,22248,0.0
0.5883333333333334,0,0.0
0.5766666666666668,-1896,0.0
0.5816666666666667,6508,0.0
0.5833333333333334,0,0.0
0.6,9657,0.0
0.575,1440,0.0
0.6,3842,0.0
0.5883333333333334,14601,0.0
0.5783333333333334,27078,0.0
0.5783333333333334,0,0.0
0.6,0,0.0
0.4,0,0.0
0.5,60660,0.0
0.5666666666666667,15976,0.0
0.5666666666666667,62304,0.0
0.5666666666666667,0,0.0
0.5333333333333333,18132,0.0
0.5366666666666666,26536,0.0
0.5666666666666667,0,0.0
0.5866666666666667,39699,0.0
0.495,21468,0.0
0.6,13856,0.0
0.5666666666666667,24615,0.0
0.5333333333333333,57120,0.0
0.565,0,0.0
0.6,0,0.0
0.5,74640,0.0
0.5666666666666667,21568,0.0
0.5666666666666667,73488,0.0
0.5666666666666667,0,0.0
0.5333333333333333,23724,0.0
0.5366666666666666,32128,0.0
0.5666666666666667,0,0.0
0.5866666666666667,48087,0.0
0.495,27060,0.0
0.6,16652,0.0
0.5666666666666667,27411,0.0
0.5333333333333333,65508,0.0
0.565,0,0.0
0.5666666666666667,48030,0.0
0.5433333333333333,34533,0.0
0.5733333333333334,10924,0.0
0.5666666666666667,52200,0.0
0.5666666666666667,0,0.0
0.565,13080,0.0
0.5666666666666667,21484,0.0
0.5666666666666667,0,0.0
0.5850000000000001,32121,0.0
0.5666666666666667,16416,0.0
0.6,11330,0.0
0.6,0,0.0
0.5666666666666667,49542,0.0
0.5333333333333333,68208,0.0
0.5666666666666667,0,0.0
0.5366666666666667,32166,0.0
0.56,3651,0.0
0.5666666666666667,44025,0.0
0.5666666666666667,3472,0.0
0.5466666666666667,6885,0.0
0.5483333333333333,19491,0.0
0.5633333333333334,4651,0.0
0.5833333333333334,25848,0.0
0.5333333333333334,11889,0.0
0.6,14170,0.0
0.5983333333333333,4216,0.0
0.5333333333333333,49076,0.0
0.5616666666666666,5963,0.0
0.5333333333333333,49840,0.0
0.23333333333333334,42816,0.0
0.5,81864,0.0
0.5666666666666667,28500,0.0
0.5666666666666667,85440,0.0
0.5666666666666667,11755,0.0
0.5333333333333333,31734,0.0
0.5366666666666666,44340,0.0
0.5666666666666667,12934,0.0
0.5866666666666667,58980,0.0
0.495,36738,0.0
0.6,30736,0.0
0.6,12499,0.0
0.5666666666666667,52254,0.0
0.565,14246,0.0
0.5333333333333333,60512,0.0
0.49666666666666665,37480,0.0
0.5,49848,0.0
0.5633333333333334,12492,0.0
0.5666666666666667,58760,0.0
0.5666666666666667,6419,0.0
0.53,15726,0.0
0.5333333333333333,28332,0.0
0.565,7598,0.0
0.5850000000000001,37636,0.0
0.5,20730,0.0
0.6,20064,0.0
0.6,7163,0.0
0.5666666666666667,41582,0.0
0.5633333333333334,8910,0.0
0.5133333333333333,79296,0.0
0.5233333333333333,60660,0.0
0.5633333333333334,15976,0.0
0.5666666666666667,62304,0.0
0.5666666666666667,0,0.0
0.5333333333333333,18132,0.0
0.5333333333333333,26536,0.0
0.565,0,0.0
0.5850000000000001,39699,0.0
0.52,21468,0.0
0.6,13856,0.0
0.6,0,0.0
0.5666666666666667,24615,0.0
0.5633333333333334,0,0.0
0.5333333333333333,72744,0.0
0.4666666666666667,0,0.0
0.5,71580,0.0
0.5666666666666667,20344,0.0
0.5666666666666667,71040,0.0
0.5666666666666667,0,0.0
0.5333333333333333,22500,0.0
0.5366666666666666,30904,0.0
0.5666666666666667,0,0.0
0.5866666666666667,46251,0.0
0.495,25836,0.0
0.6,16040,0.0
0.6,0,0.0
0.5666666666666667,26799,0.0
0.565,0,0.0
0.5066666666666667,37648,0.0
0.5166666666666666,60176,0.0
0.52,50856,0.0
0.56,12996,0.0
0.5666666666666667,59600,0.0
0.5666666666666667,6587,0.0
0.5333333333333333,16230,0.0
0.5333333333333333,28836,0.0
0.5633333333333334,7766,0.0
0.5833333333333334,38308,0.0
0.5166666666666666,21234,0.0
0.6,20400,0.0
0.5983333333333333,7331,0.0
0.5666666666666667,41918,0.0
0.5616666666666666,9078,0.0
0.5533333333333333,0,0.0
0.5599999999999999,0,0.0
0.5466666666666667,51240,0.0
0.5733333333333334,12208,0.0
0.5666666666666667,54768,0.0
0.5666666666666667,0,0.0
0.5483333333333333,14364,0.0
0.5666666666666667,22768,0.0
0.5666666666666667,0,0.0
0.5850000000000001,34047,0.0
0.5399999999999999,17700,0.0
0.6,11972,0.0
0.6,0,0.0
0.5666666666666667,22731,0.0
0.5333333333333333,51468,0.0
0.5383333333333333,0,0.0
0.5533333333333333,0,0.0
0.5466666666666667,49220,0.0
0.5733333333333334,11400,0.0
0.5666666666666667,53152,0.0
0.5666666666666667,0,0.0
0.5483333333333333,13556,0.0
0.5666666666666667,21960,0.0
0.5666666666666667,0,0.0
0.5850000000000001,32835,0.0
0.5399999999999999,16892,0.0
0.6,11568,0.0
0.6,0,0.0
0.5666666666666667,22327,0.0
0.5333333333333333,50256,0.0
0.5666666666666667,0,0.0
0.4866666666666667,0,0.0
0.51,46990,0.0
0.56,10508,0.0
0.5666666666666667,51368,0.0
0.5666666666666667,0,0.0
0.53,12664,0.0
0.5316666666666666,21068,0.0
0.5633333333333334,0,0.0
0.5833333333333334,31497,0.0
0.5083333333333333,16000,0.0
0.6,11122,0.0
0.5983333333333333,0,0.0
0.5666666666666667,21881,0.0
0.5316666666666666,48918,0.0
0.5666666666666667,0,0.0
0.4666666666666667,0,0.0
0.5,60660,0.0
0.5666666666666667,15976,0.0
0.5666666666666667,62304,0.0
0.5666666666666667,0,0.0
0.5333333333333333,18132,0.0
0.5366666666666666,26536,0.0
0.5666666666666667,0,0.0
0.5866666666666667,39699,0.0
0.495,21468,0.0
0.6,13856,0.0
0.6,0,0.0
0.5666666666666667,24615,0.0
0.5333333333333333,57120,0.0
0.5666666666666667,0,0.0
0.5033333333333334,0,0.0
0.53,44740,0.0
0.56,9608,0.0
0.5666666666666667,49568,0.0
0.5666666666666667,0,0.0
0.5466666666666667,11764,0.0
0.5483333333333333,20168,0.0
0.5633333333333334,0,0.0
0.5833333333333334,30147,0.0
0.525,15100,0.0
0.6,10672,0.0
0.5983333333333333,0,0.0
0.5666666666666667,21431,0.0
0.5333333333333333,47568,0.0
0.5666666666666667,0,0.0
0.5333333333333333,32440,0.0
0.5666666666666667,55821,0.0
0.5666666666666667,27231,0.0
0.5666666666666667,54686,0.0
0.5666666666666667,60720,0.0
0.53,78725,0.0
0.6,31683,0.0
0.5316666666666666,39892,0.0
0.5833333333333334,49690,0.0
0.5,61859,0.0
0.5633333333333334,16254,0.0
0.5983333333333333,15384,0.0
0.4916666666666667,29756,0.0
0.57,29244,0.0
0.6,22911,0.0
0.5666666666666667,27380,0.0
0.5466666666666666,41370,0.0
0.5666666666666667,24590,0.0
0.5533333333333333,51012,0.0
0.5666666666666667,22559,0.0
0.5366666666666666,37728,0.0
0.5666666666666667,20674,0.0
0.5333333333333333,30896,0.0
0.6,10660,0.0
0.5633333333333334,2896,0.0
0.5166666666666666,6624,0.0
0.6,7663,0.0
0.53,0,0.0
0.56,33516,0.0
0.575,27086,0.0
0.5,73773,0.0
0.57,58644,0.0
0.53,75990,0.0
0.5,59968,0.0
0.57,43386,0.0
0.52,58830,0.0
0.5666666666666667,69395,0.0
0.47000000000000003,33344,0.0
0.5733333333333334,47452,0.0
0.5266666666666667,71028,0.0
0.6,28384,0.0
0.5866666666666667,54276,0.0
0.565,13070,0.0
0.5666666666666667,11758,0.0
0.5,33210,0.0
0.5333333333333333,28206,0.0
0.5666666666666667,24972,0.0
0.5733333333333334,19995,0.0
0.5566666666666666,0,0.0
0.5666666666666667,27351,0.0
0.56,0,0.0
0.5666666666666667,23249,0.0
0.5466666666666666,0,0.0
0.5666666666666667,16715,0.0
0.5483333333333333,23658,0.0
0.5866666666666667,31185,0.0
0.565,0,0.0
0.5666666666666667,0,0.0
0.6,7749,0.0
0.5816666666666667,14322,0.0
0.5666666666666667,26991,0.0
0.5133333333333333,20551,0.0
0.5666666666666667,44380,0.0
0.5333333333333333,26291,0.0
0.5666666666666667,21251,0.0
0.52,48780,0.0
0.5833333333333334,33567,0.0
0.5983333333333333,0,0.0
0.5266666666666667,14044,0.0
0.5666666666666667,25557,0.0
0.6,14798,0.0
0.5866666666666667,42525,0.0
0.5533333333333333,65370,0.0
0.5666666666666667,0,0.0
0.6,0,0.0
0.575,17860,0.0
0.5666666666666667,23703,0.0
0.54,24637,0.0
0.5666666666666667,32872,0.0
0.5433333333333333,0,0.0
0.5666666666666667,28618,0.0
0.5266666666666667,30375,0.0
0.5666666666666667,49390,0.0
0.6,16316,0.0
0.5850000000000001,30140,0.0
0.6,5289,0.0
0.5666666666666667,22899,0.0
0.5833333333333334,23918,0.0
0.5666666666666667,32154,0.0
0.5333333333333333,63656,0.0
0.5850000000000001,25358,0.0
0.5666666666666667,21459,0.0
0.5333333333333333,57896,0.0
0.5666666666666667,71328,0.0
0.5883333333333334,28470,0.0
0.5666666666666667,19787,0.0
0.5333333333333333,51208,0.0
0.5666666666666667,58880,0.0
0.6,14440,0.0
0.5933333333333334,0,0.0
0.5666666666666667,35686,0.0
0.5333333333333333,54290,0.0
0.5666666666666667,63880,0.0
0.5866666666666667,18768,0.0
0.5316666666666666,35724,0.0
0.5833333333333334,47492,0.0
0.5616666666666666,11374,0.0
0.5,64632,0.0
0.4916666666666667,28122,0.0
0.5666666666666667,8883,0.0
0.5266666666666667,23118,0.0
0.5466666666666667,17429,0.0
0.5316666666666666,57285,0.0
0.49333333333333335,47958,0.0
0.5283333333333333,36800,0.0
0.5850000000000001,10140,0.0
0.535,58124,0.0
0.5,71547,0.0
0.5066666666666667,9167,0.0
0.5466666666666666,35310,0.0
0.5833333333333334,88425,0.0
0.5333333333333333,26835,0.0
0.5116666666666667,0,0.0
0.6,43726,0.0
0.5316666666666666,37329,0.0
0.51,41150,0.0
0.5383333333333333,64032,0.0
0.5133333333333334,15479,0.0
0.5366666666666666,35942,0.0
0.48333333333333334,45220,0.0
0.48333333333333334,32488,0.0
0.5433333333333333,16083,0.0
0.5316666666666666,26256,0.0
0.5283333333333333,25332,0.0
0.5333333333333333,35876,0.0
0.5333333333333333,28322,0.0
0.5566666666666668,29082,0.0
0.5466666666666667,11976,0.0
0.5533333333333333,90624,0.0
0.5183333333333334,55965,0.0
0.5383333333333333,11214,0.0
0.5483333333333333,18391,0.0
0.5433333333333334,9914,0.0
0.5166666666666667,14230,0.0
0.5333333333333333,16365,0.0
0.6,41908,0.0
0.5333333333333333,22938,0.0
0.505,0,0.0
0.55,64080,0.0
0.5583333333333333,71949,0.0
0.5433333333333333,47264,0.0
0.5766666666666668,-4630,0.0
0.5883333333333334,32648,0.0
0.55,22894,0.0
0.5166666666666667,9945,0.0
0.525,59988,0.0
0.5833333333333334,86940,0.0
0.5933333333333334,22174,0.0
0.55,45112,0.0
0.5333333333333333,18624,0.0
0.44166666666666665,34768,0.0
0.5883333333333334,57825,0.0
0.5383333333333333,14991,0.0
0.5133333333333334,15233,0.0
0.515,15801,0.0
0.5,18044,0.0
0.5333333333333333,15219,0.0
0.5166666666666667,0,0.0
0.515,16459,0.0
0.5,49528,0.0
0.5266666666666667,19828,0.0
0.51,9676,0.0
0.5883333333333334,16425,0.0
0.5333333333333333,23163,0.0
0.48333333333333334,40820,0.0
0.5383333333333333,66729,0.0
0.5866666666666667,24004,0.0
0.6,28404,0.0
0.51,54978,0.0
0.5883333333333334,18034,0.0
0.52,44870,0.0
0.5166666666666667,76964,0.0
0.5166666666666667,13562,0.0
0.5133333333333334,48460,0.0
0.5333333333333333,23019,0.0
0.52,62943,0.0
0.5166666666666667,24595,0.0
0.52,77262,0.0
0.48666666666666664,59584,0.0
0.5333333333333333,25754,0.0
0.5166666666666667,63108,0.0
0.48333333333333334,58509,0.0
0.4966666666666667,51472,0.0
0.5833333333333334,68810,0.0
0.535,39411,0.0
0.51,8885,0.0
0.49333333333333335,79824,0.0
0.5883333333333334,15634,0.0
0.5333333333333333,32834,0.0
0.5466666666666667,28644,0.0
0.5483333333333333,22593,0.0
0.6,22574,0.0
0.5266666666666667,42932,0.0
0.5916666666666667,29718,0.0
0.5383333333333333,37902,0.0
0.5883333333333334,31328,0.0
0.5466666666666667,11350,0.0
0.5833333333333334,47370,0.0
0.5833333333333334,72705,0.0
0.5383333333333333,52425,0.0
0.5883333333333334,17140,0.0
0.6,32166,0.0
0.5083333333333333,8945,0.0
0.5833333333333334,70860,0.0
0.54,56763,0.0
0.5583333333333333,64388,0.0
0.5133333333333334,32502,0.0
0.5983333333333333,32792,0.0
0.5833333333333334,79053,0.0
0.5833333333333334,76545,0.0
0.5116666666666667,12965,0.0
0.5016666666666667,60480,0.0
0.5166666666666667,59188,0.0
0.5416666666666667,104580,0.0
0.6,28494,0.0
0.53,22460,0.0
0.5333333333333333,9882,0.0
0.5533333333333333,0,0.0
0.53,48095,0.0
0.5833333333333334,84115,0.0
0.5216666666666667,23804,0.0
0.5366666666666667,6420,0.0
0.5233333333333333,37324,0.0
0.5733333333333334,14624,0.0
0.6,24224,0.0
0.525,8501,0.0
0.5283333333333333,41332,0.0
0.5433333333333334,21723,0.0
0.5333333333333333,46508,0.0
0.5483333333333333,20163,0.0
0.5333333333333333,21906,0.0
0.5633333333333334,-6410,0.0
0.5633333333333334,-6865,0.0
0.5783333333333334,-1470,0.0
0.5366666666666666,44703,0.0
0.5333333333333333,27714,0.0
0.595,26254,0.0
0.5133333333333334,37344,0.0
0.5833333333333334,60780,0.0
0.5166666666666667,46364,0.0
0.5333333333333333,21302,0.0
0.5333333333333333,35085,0.0
0.53,52385,0.0
0.5416666666666666,22977,0.0
0.525,57780,0.0
0.5883333333333334,87075,0.0
0.6,28666,0.0
0.5333333333333334,6005,0.0
0.5483333333333333,30284,0.0
0.51,51234,0.0
0.5166666666666667,35664,0.0
0.6,41010,0.0
0.5166666666666667,51796,0.0
0.48666666666666664,56112,0.0
0.6,37314,0.0
0.5116666666666667,14253,0.0
0.49000000000000005,61488,0.0
0.5333333333333333,0,0.0
0.5116666666666667,22906,0.0
0.5166666666666667,6317,0.0
0.5366666666666667,19455,0.0
0.5266666666666667,18789,0.0
0.535,43917,0.0
0.49833333333333335,13589,0.0
0.5,31218,0.0
0.52,41314,0.0
0.5166666666666667,50244,0.0
0.545,22676,0.0
0.4966666666666667,26264,0.0
0.5533333333333333,0,0.0
0.5166666666666667,40953,0.0
0.5166666666666667,34965,0.0
0.5333333333333333,36324,0.0
0.515,17699,0.0
0.5133333333333334,0,0.0
0.5383333333333333,13387,0.0
0.59,34940,0.0
0.5133333333333334,0,0.0
0.4066666666666666,47336,0.0
0.52,44246,0.0
0.5166666666666667,48540,0.0
0.5316666666666666,19979,0.0
0.515,36978,0.0
0.5166666666666667,66284,0.0
0.5233333333333333,12149,0.0
0.5466666666666667,36438,0.0
0.5116666666666667,11944,0.0
0.5316666666666666,61092,0.0
0.48333333333333334,48642,0.0
0.535,64000,0.0
0.49000000000000005,57404,0.0
0.5366666666666666,31324,0.0
0.5333333333333333,55200,0.0
0.5833333333333334,66678,0.0
0.555,33398,0.0
0.5433333333333333,49911,0.0
0.5383333333333333,25266,0.0
0.5383333333333333,36555,0.0
0.505,42180,0.0
0.5333333333333333,45144,0.0
0.48666666666666664,61220,0.0
0.55,44619,0.0
0.5483333333333333,36926,0.0
0.5366666666666666,59001,0.0
0.5066666666666667,53715,0.0
0.6,42453,0.0
0.5183333333333334,49578,0.0
0.5833333333333334,63180,0.0
0.5533333333333333,49764,0.0
0.5333333333333333,39741,0.0
0.5033333333333333,42330,0.0
0.5466666666666667,37866,0.0
0.5333333333333333,24260,0.0
0.535,55772,0.0
0.5133333333333334,14779,0.0
0.5316666666666666,50135,0.0
0.5333333333333333,45085,0.0
0.5833333333333334,74013,0.0
0.5533333333333333,24495,0.0
0.6,40366,0.0
0.5166666666666667,37882,0.0
0.5166666666666667,53440,0.0
0.5166666666666667,30800,0.0
0.5333333333333333,30522,0.0
0.39666666666666667,78096,0.0
0.5183333333333334,39722,0.0
0.5383333333333333,31780,0.0
0.5316666666666666,31790,0.0
0.5183333333333334,41174,0.0
0.5166666666666667,56340,0.0
0.5333333333333333,23946,0.0
0.5166666666666667,61772,0.0
0.5166666666666667,60235,0.0
0.5166666666666667,73125,0.0
0.5833333333333334,63213,0.0
0.5166666666666667,59108,0.0
0.5166666666666667,65348,0.0
0.5916666666666667,21810,0.0
0.5166666666666667,34221,0.0
0.5183333333333334,57903,0.0
0.5166666666666667,58656,0.0
0.5166666666666667,41838,0.0
0.5183333333333334,67724,0.0
0.5183333333333334,68804,0.0
0.5166666666666667,35240,0.0
0.5183333333333334,54231,0.0
0.5333333333333333,42063,0.0
0.5316666666666666,62025,0.0
0.5166666666666667,23164,0.0
0.5166666666666667,33695,0.0
0.5166666666666667,84552,0.0
0.535,60924,0.0
0.48333333333333334,55569,0.0
0.5166666666666667,39020,0.0
0.5383333333333333,53823,0.0
0.49333333333333335,0,0.0
0.6,27686,0.0
0.5166666666666667,50284,0.0
0.5166666666666667,23212,0.0
0.48333333333333334,50001,0.0
0.5166666666666667,43272,0.0
0.5,28834,0.0
0.4866666666666667,53469,0.0
0.48333333333333334,36399,0.0
0.5366666666666666,45972,0.0
0.5033333333333334,45279,0.0
0.48333333333333334,31761,0.0
0.59,37326,0.0
0.51,16119,0.0
0.5016666666666667,50856,0.0
0.5133333333333334,23778,0.0
0.5166666666666667,44337,0.0
0.5333333333333333,44128,0.0
0.49000000000000005,43432,0.0
0.5416666666666667,89336,0.0
0.4966666666666667,64743,0.0
0.495,20142,0.0
0.51,16972,0.0
0.4966666666666667,61680,0.0
0.5166666666666667,43386,0.0
0.53,16264,0.0
0.5166666666666667,27911,0.0
0.5416666666666666,50667,0.0
0.4966666666666667,66003,0.0
0.5133333333333334,13981,0.0
0.5166666666666667,48948,0.0
0.5183333333333334,53008,0.0
0.5183333333333334,71802,0.0
0.53,53144,0.0
0.5483333333333333,0,0.0
0.49000000000000005,59168,0.0
0.49000000000000005,60480,0.0
0.5166666666666667,44624,0.0
0.48666666666666664,57960,0.0
0.48666666666666664,59216,0.0
0.49833333333333335,16280,0.0
0.52,69225,0.0
0.5333333333333333,38926,0.0
0.5383333333333333,40662,0.0
0.5399999999999999,27150,0.0
0.5333333333333333,0,0.0
0.5333333333333333,0,0.0
0.5366666666666666,46860,0.0
0.5316666666666666,19621,0.0
0.5883333333333334,35730,0.0
0.5966666666666667,8067,0.0
0.5399999999999999,37248,0.0
0.5333333333333333,34796,0.0
0.52,34068,0.0
0.5166666666666667,42644,0.0
0.5166666666666667,42420,0.0
0.535,30120,0.0
0.5333333333333333,33744,0.0
0.5983333333333333,14166,0.0
0.6,29656,0.0
0.535,65704,0.0
0.5316666666666666,29474,0.0
0.5283333333333333,16380,0.0
0.5333333333333333,69582,0.0
0.5833333333333334,68865,0.0
0.5533333333333333,23615,0.0
0.5333333333333333,21244,0.0
0.5483333333333333,46464,0.0
0.5333333333333333,34294,0.0
0.5333333333333333,43072,0.0
0.5783333333333334,15171,0.0
0.6,26270,0.0
0.51,12003,0.0
0.5333333333333333,55335,0.0
0.5166666666666667,65868,0.0
0.5333333333333333,30501,0.0
0.5333333333333333,37652,0.0
0.5366666666666666,72772,0.0
0.55,45468,0.0
0.535,60805,0.0
0.5333333333333333,110475,0.0
0.49333333333333335,31834,0.0
0.5333333333333334,37854,0.0
0.5483333333333333,27795,0.0
0.4016666666666666,58350,0.0
0.42000000000000004,50964,0.0
0.51,45436,0.0
0.41666666666666663,45396,0.0
0.5416666666666666,40404,0.0
0.5383333333333333,35280,0.0
0.535,33414,0.0
0.5383333333333333,42230,0.0
0.5366666666666666,48940,0.0
0.5383333333333333,40550,0.0
0.5333333333333333,41094,0.0
0.5533333333333333,46544,0.0
0.5416666666666667,75000,0.0
0.535,26358,0.0
0.5383333333333333,40494,0.0
0.5133333333333334,13227,0.0
0.5333333333333333,49185,0.0
0.5366666666666666,47133,0.0
0.5333333333333333,94284,0.0
0.5383333333333333,49959,0.0
0.55,41526,0.0
0.5366666666666666,46281,0.0
0.535,46915,0.0
0.5166666666666667,36830,0.0
0.5366666666666666,43431,0.0
0.535,35658,0.0
0.5383333333333333,49083,0.0
0.5533333333333333,42310,0.0
0.5833333333333334,64485,0.0
0.5883333333333334,18270,0.0
0.5516666666666667,37143,0.0
0.5383333333333333,51219,0.0
0.5316666666666666,47904,0.0
0.5233333333333333,61108,0.0
0.55,60860,0.0
0.5416666666666667,56348,0.0
0.5833333333333334,51298,0.0
0.5833333333333334,33792,0.0
0.5933333333333334,83622,0.0
0.5833333333333334,68571,0.0
0.5333333333333333,57975,0.0
0.49333333333333335,76932,0.0
0.5833333333333334,73593,0.0
0.5883333333333334,56943,0.0
0.5183333333333334,87896,0.0
0.4866666666666667,62892,0.0
0.5033333333333333,80880,0.0
0.5399999999999999,41625,0.0
0.5833333333333334,73284,0.0
0.5383333333333333,54945,0.0
0.5833333333333334,82412,0.0
0.59,37020,0.0
0.5833333333333334,71001,0.0
0.54,10823,0.0
0.5383333333333333,49713,0.0
0.5166666666666667,90860,0.0
0.5850000000000001,32964,0.0
0.53,68916,0.0
0.5166666666666667,28230,0.0
0.5316666666666666,29180,0.0
0.5166666666666667,36195,0.0
0.5533333333333333,44250,0.0
0.5483333333333333,37962,0.0
0.5533333333333333,44790,0.0
0.5533333333333333,23599,0.0
0.59,17338,0.0
0.5116666666666667,21778,0.0
0.5133333333333334,35254,0.0
0.5333333333333333,70370,0.0
0.5483333333333333,0,0.0
0.5166666666666667,64276,0.0
0.5166666666666667,83368,0.0
0.5483333333333333,18544,0.0
0.5416666666666667,81846,0.0
0.5683333333333334,0,0.0
0.5916666666666667,42684,0.0
0.48000000000000004,62115,0.0
0.52,21536,0.0
0.5433333333333334,9256,0.0
0.5533333333333333,38664,0.0
0.5166666666666667,25694,0.0
0.5316666666666666,36928,0.0
0.53,44380,0.0
0.5183333333333334,33220,0.0
0.5183333333333334,19784,0.0
0.5933333333333334,19709,0.0
0.5166666666666667,27590,0.0
0.5466666666666666,38968,0.0
0.5866666666666667,16432,0.0
0.6,27920,0.0
0.53,0,0.0
0.53,18075,0.0
0.5333333333333333,58088,0.0
0.5366666666666667,17643,0.0
0.5433333333333333,34029,0.0
0.5233333333333333,14688,0.0
0.5333333333333333,32856,0.0
0.5483333333333333,19163,0.0
0.5333333333333333,23906,0.0
0.5333333333333333,33526,0.0
0.5533333333333333,18924,0.0
0.5366666666666666,35262,0.0
0.5366666666666666,43371,0.0
0.5833333333333334,65661,0.0
0.5366666666666667,35886,0.0
0.5833333333333334,63153,0.0
0.55,0,0.0
0.5683333333333334,15183,0.0
0.5916666666666667,21790,0.0
0.5466666666666666,42306,0.0
0.5883333333333334,34806,0.0
0.515,0,0.0
0.5533333333333333,32736,0.0
0.49333333333333335,45664,0.0
0.5333333333333333,13128,0.0
0.5333333333333333,36646,0.0
0.5366666666666666,43713,0.0
0.5383333333333333,48051,0.0
0.55,58580,0.0
0.5383333333333333,31094,0.0
0.49333333333333335,0,0.0
0.5850000000000001,13203,0.0
0.6,25762,0.0
0.5333333333333334,20073,0.0
0.5383333333333333,16957,0.0
0.5866666666666667,27012,0.0
0.59,19001,0.0
0.5866666666666667,38256,0.0
0.59,17835,0.0
0.5883333333333334,36990,0.0
0.535,54540,0.0
0.5883333333333334,17846,0.0
0.5166666666666667,66660,0.0
0.59,21310,0.0
0.49333333333333335,46320,0.0
0.5333333333333333,0,0.0
0.5399999999999999,36632,0.0
0.5399999999999999,30158,0.0
0.5883333333333334,34756,0.0
0.5883333333333334,17826,0.0
0.5866666666666667,24562,0.0
0.5333333333333334,20401,0.0
0.525,0,0.0
0.5833333333333334,8624,0.0
0.5366666666666667,29700,0.0
0.5850000000000001,11004,0.0
0.5866666666666667,31564,0.0
0.6,13614,0.0
0.5933333333333334,23986,0.0
0.5366666666666667,9261,0.0
0.54,15999,0.0
0.55,47109,0.0
0.5933333333333334,24574,0.0
0.5316666666666666,57642,0.0
0.5933333333333334,45254,0.0
0.5166666666666667,44400,0.0
0.5633333333333334,22230,0.0
0.5933333333333334,23680,0.0
0.5916666666666667,22234,0.0
0.5933333333333334,23350,0.0
0.59,32490,0.0
0.6,43868,0.0
0.5916666666666667,23048,0.0
0.6,30646,0.0
0.5133333333333334,11084,0.0
0.5433333333333334,0,0.0
0.54,9499,0.0
0.49499999999999994,32086,0.0
0.55,48104,0.0
0.55,37004,0.0
0.525,58299,0.0
0.525,43980,0.0
0.495,49274,0.0
0.53,35268,0.0
0.5066666666666666,47706,0.0
0.5333333333333333,28534,0.0
0.48,43638,0.0
0.56,30270,0.0
0.555,31545,0.0
0.5399999999999999,16844,0.0
0.6,25830,0.0
0.6,23587,0.0
0.6,25172,0.0
0.51,12900,0.0
0.6,49742,0.0
0.5,33268,0.0
0.5283333333333333,31010,0.0
0.5166666666666667,37278,0.0
0.6,24222,0.0
0.5166666666666667,46160,0.0
0.5166666666666667,28840,0.0
0.48333333333333334,49735,0.0
0.6,21631,0.0
0.6,32810,0.0
0.5333333333333333,66555,0.0
0.6,47508,0.0
0.525,19483,0.0
0.525,30530,0.0
0.555,73330,0.0
0.5066666666666667,60732,0.0
0.5333333333333334,66600,0.0
0.5466666666666666,20417,0.0
0.56,43893,0.0
0.5333333333333334,20403,0.0
0.56,52620,0.0
0.59,84780,0.0
0.5866666666666667,18567,0.0
0.5116666666666667,12595,0.0
0.5166666666666667,64140,0.0
0.5166666666666667,53325,0.0
0.6,41766,0.0
0.49000000000000005,45060,0.0
0.6,41670,0.0
0.48666666666666664,57736,0.0
0.5333333333333333,35372,0.0
0.6,28986,0.0
0.6,53439,0.0
0.6,28806,0.0
0.5366666666666666,37778,0.0
0.5183333333333334,20598,0.0
0.475,0,0.0
0.6,43868,0.0
0.5366666666666666,61185,0.0
0.6,32100,0.0
0.6,50130,0.0
0.6,32122,0.0
0.6,40500,0.0
0.5333333333333333,0,0.0
0.6,32970,0.0
0.6,47667,0.0
0.5333333333333333,97188,0.0
0.6,23178,0.0
0.5366666666666667,19875,0.0
0.5433333333333333,18315,0.0
0.6,13005,0.0
0.49333333333333335,0,0.0
0.52,-21224,0.0
0.495,0,0.0
0.525,34421,0.0
0.5,30963,0.0
0.5383333333333333,-5735,0.0
0.5,34179,0.0
0.535,-23205,0.0
0.48833333333333334,31296,0.0
0.5166666666666667,43550,0.0
0.5133333333333334,33198,0.0
0.5166666666666667,40998,0.0
0.52,25053,0.0
0.5,55576,0.0
0.5166666666666667,21204,0.0
0.46166666666666667,0,0.0
0.4633333333333333,0,0.0
0.48333333333333334,43197,0.0
0.5166666666666667,28884,0.0
0.5166666666666667,-34875,0.0
0.5,8440,0.0
0.5266666666666667,0,0.0
0.5066666666666667,2144,0.0
0.4966666666666667,27552,0.0
0.5,65817,0.0
0.49000000000000005,55864,0.0
0.515,18459,0.0
0.5533333333333333,0,0.0
0.52,0,0.0
0.53,0,0.0
0.5466666666666667,0,0.0
0.5366666666666666,5270,0.0
0.5133333333333333,43104,0.0
0.5216666666666667,36022,0.0
0.5366666666666666,33366,0.0
0.42000000000000004,0,0.0
0.535,-43384,0.0
0.5333333333333333,27694,0.0
0.53,20511,0.0
0.5233333333333334,0,0.0
0.5233333333333333,-1428,0.0
0.4916666666666667,27882,0.0
0.5116666666666667,24490,0.0
0.5166666666666667,22013,0.0
0.5116666666666667,15945,0.0
0.535,28041,0.0
0.5233333333333333,-18110,0.0
0.53,-3930,0.0
0.5,21465,0.0
0.55,35686,0.0
0.5233333333333333,-10280,0.0
0.5333333333333333,-19208,0.0
0.5166666666666667,9153,0.0
0.5083333333333333,0,0.0
0.5433333333333333,14416,0.0
0.5016666666666667,18104,0.0
0.5166666666666667,11559,0.0
0.5283333333333333,15171,0.0
0.5633333333333334,-7026,0.0
0.515,15493,0.0
0.5866666666666667,13186,0.0
0.5266666666666667,-3472,0.0
0.42000000000000004,0,0.0
0.5700000000000001,-9660,0.0
0.47333333333333333,0,0.0
0.5599999999999999,-19278,0.0
0.555,25443,0.0
0.55,0,0.0
0.5333333333333333,-3122,0.0
0.53,38432,0.0
0.5216666666666667,60708,0.0
0.5233333333333333,-11190,0.0
0.5033333333333333,70443,0.0
0.525,-12795,0.0
0.5166666666666667,9425,0.0
0.53,21370,0.0
0.525,-43680,0.0
0.53,71193,0.0
0.5033333333333333,49018,0.0
0.515,35388,0.0
0.5116666666666667,13884,0.0
0.52,68050,0.0
0.52,81225,0.0
0.49833333333333335,47778,0.0
0.5166666666666667,72405,0.0
0.5133333333333333,2870,0.0
0.5283333333333333,34188,0.0
0.5333333333333333,32199,0.0
0.535,45285,0.0
0.5233333333333333,26514,0.0
0.5366666666666666,58650,0.0
0.5366666666666666,-18208,0.0
0.5416666666666667,9932,0.0
0.375,27923,0.0
0.5466666666666667,9054,0.0
0.5416666666666667,-57813,0.0
0.5083333333333333,56306,0.0
0.53,62040,0.0
0.48,39270,0.0
0.5283333333333333,38468,0.0
0.5483333333333333,44166,0.0
0.545,19215,0.0
0.5633333333333334,55526,0.0
0.5533333333333333,60153,0.0
0.5416666666666667,84735,0.0
0.5333333333333333,97860,0.0
0.5633333333333334,0,0.0
0.54,-35085,0.0
0.5483333333333333,36520,0.0
0.5333333333333333,49610,0.0
0.5333333333333333,22544,0.0
0.5116666666666667,0,0.0
0.5333333333333333,35372,0.0
0.52,49564,0.0
0.5466666666666666,51266,0.0
0.54,53763,0.0
0.5366666666666666,40398,0.0
0.55,31167,0.0
0.595,24276,0.0
0.5850000000000001,11452,0.0
0.575,28110,0.0
0.5399999999999999,60348,0.0
0.5033333333333333,67839,0.0
0.5333333333333333,42528,0.0
0.6,54708,0.0
0.6,45090,0.0
0.5416666666666667,-19032,0.0
0.5166666666666667,-5070,0.0
0.5166666666666667,-15654,0.0
0.5166666666666667,51843,0.0
0.5233333333333333,54148,0.0
0.5166666666666667,57210,0.0
0.5166666666666667,48915,0.0
0.4966666666666667,90240,0.0
0.5333333333333333,24310,0.0
0.5333333333333333,17913,0.0
0.525,68049,0.0
0.5333333333333333,8196,0.0
0.525,53210,0.0
0.5333333333333333,24496,0.0
0.5333333333333333,-18220,0.0
0.5183333333333334,57390,0.0
0.5333333333333333,3425,0.0
0.5383333333333333,50256,0.0
0.5166666666666667,60420,0.0
0.5183333333333334,68142,0.0
0.5633333333333334,65904,0.0
0.5583333333333333,57016,0.0
0.5166666666666667,48144,0.0
0.5383333333333333,74176,0.0
0.5433333333333333,66972,0.0
0.525,86835,0.0
0.5166666666666667,35926,0.0
0.5333333333333333,31636,0.0
0.5233333333333333,25380,0.0
0.5883333333333334,28634,0.0
0.36833333333333335,0,0.0
0.5333333333333333,30950,0.0
0.43333333333333335,64616,0.0
0.5166666666666667,29730,0.0
0.5216666666666667,55728,0.0
0.5833333333333334,22360,0.0
0.6,45462,0.0
0.48833333333333334,45615,0.0
0.5333333333333333,-39210,0.0
0.5316666666666666,28164,0.0
0.5333333333333333,6054,0.0
0.5216666666666667,39842,0.0
0.5233333333333333,3828,0.0
0.49333333333333335,61080,0.0
0.5133333333333333,-39456,0.0
0.535,39156,0.0
0.5233333333333333,13136,0.0
0.48333333333333334,48760,0.0
0.44,35106,0.0
0.32999999999999996,36870,0.0
0.5383333333333333,44523,0.0
0.5333333333333333,88260,0.0
0.5533333333333333,45096,0.0
0.48333333333333334,22700,0.0
0.52,64688,0.0
0.53,16963,0.0
0.5383333333333333,14319,0.0
0.5516666666666666,34833,0.0
0.48333333333333334,26787,0.0
0.5816666666666667,4150,0.0
0.5266666666666667,68000,0.0
0.5800000000000001,-4950,0.0
0.5783333333333334,-13770,0.0
0.46666666666666673,36319,0.0
0.5750000000000001,-8930,0.0
0.5416666666666666,22403,0.0
0.55,88556,0.0
0.5666666666666667,0,0.0
0.6,25682,0.0
0.49333333333333335,79488,0.0
0.5833333333333334,0,0.0
0.6,39262,0.0
0.43333333333333335,62496,0.0
0.5333333333333333,6144,0.0
0.545,15579,0.0
0.5333333333333333,-4096,0.0
0.5466666666666667,23259,0.0
0.5683333333333334,79290,0.0
0.5850000000000001,41626,0.0
0.5783333333333334,48591,0.0
0.5833333333333334,28395,0.0
0.5850000000000001,26490,0.0
0.5583333333333333,41414,0.0
0.5483333333333333,-600,0.0
0.5333333333333333,26280,0.0
0.5766666666666668,13459,0.0
0.5633333333333334,-3510,0.0
0.5733333333333334,7484,0.0
0.53,20829,0.0
0.5533333333333333,0,0.0
0.59,22456,0.0
0.46,59132,0.0
0.6,5896,0.0
0.5316666666666666,32808,0.0
0.6,16863,0.0
0.5333333333333333,39942,0.0
0.5333333333333333,46354,0.0
0.6,18674,0.0
0.5666666666666667,-6912,0.0
0.6,39826,0.0
0.5566666666666668,42924,0.0
0.5133333333333334,77715,0.0
0.545,-4266,0.0
0.36,38046,0.0
0.56,29552,0.0
0.5166666666666667,21678,0.0
0.53,12750,0.0
0.5483333333333333,10680,0.0
0.5533333333333333,22746,0.0
0.5800000000000001,615,0.0
0.5850000000000001,17937,0.0
0.5816666666666667,-4860,0.0
0.3666666666666667,0,0.0
0.525,28486,0.0
0.5466666666666667,10560,0.0
0.54,58941,0.0
0.6,39382,0.0
0.5433333333333334,46556,0.0
0.5583333333333333,54346,0.0
0.5483333333333333,63274,0.0
0.5783333333333334,22071,0.0
0.5833333333333334,44400,0.0
0.5433333333333334,45964,0.0
0.5833333333333334,23946,0.0
0.5833333333333334,48928,0.0
0.575,56002,0.0
0.5716666666666667,70155,0.0
0.5850000000000001,60632,0.0
0.5483333333333333,65386,0.0
0.5716666666666668,52710,0.0
0.5966666666666667,0,0.0
0.5866666666666667,13374,0.0
0.5833333333333334,3834,0.0
0.57,18087,0.0
0.59,18886,0.0
0.5333333333333334,43596,0.0
0.45833333333333337,26118,0.0
0.6,19596,0.0
0.49000000000000005,63504,0.0
0.47500000000000003,29324,0.0
0.5850000000000001,30506,0.0
0.495,46082,0.0
0.38,0,0.0
0.6,20613,0.0
0.5766666666666667,21491,0.0
0.5333333333333333,49052,0.0
0.5166666666666667,50116,0.0
0.48666666666666664,54432,0.0
0.5333333333333333,23178,0.0
0.5883333333333334,17446,0.0
0.6,32778,0.0
0.53,46780,0.0
0.5166666666666667,47844,0.0
0.48333333333333334,52160,0.0
0.5333333333333333,22042,0.0
0.5333333333333333,36195,0.0
0.5333333333333333,14423,0.0
0.5866666666666667,16878,0.0
0.6,31642,0.0
0.5466666666666667,37808,0.0
0.5166666666666667,43188,0.0
0.5433333333333333,17556,0.0
0.5833333333333334,66624,0.0
0.5483333333333333,12180,0.0
0.5850000000000001,14635,0.0
0.595,27156,0.0
0.5266666666666667,28735,0.0
0.5166666666666667,30065,0.0
0.49833333333333335,35460,0.0
0.53,24468,0.0
0.5833333333333334,64755,0.0
0.5316666666666666,16950,0.0
0.5916666666666667,29619,0.0
0.53,44148,0.0
0.5166666666666667,45212,0.0
0.5333333333333333,20726,0.0
0.5333333333333333,34221,0.0
0.5833333333333334,72964,0.0
0.5333333333333333,13765,0.0
0.5866666666666667,16220,0.0
0.6,30326,0.0
0.5166666666666667,22539,0.0
0.5166666666666667,20892,0.0
0.4766666666666667,0,0.0
0.48333333333333334,25208,0.0
0.5333333333333333,8566,0.0
0.5283333333333333,15981,0.0
0.5833333333333334,48644,0.0
0.5316666666666666,7685,0.0
0.5916666666666667,18166,0.0
0.5366666666666666,71280,0.0
0.5166666666666667,46032,0.0
0.48666666666666664,50348,0.0
0.5333333333333333,21136,0.0
0.5833333333333334,73784,0.0
0.5383333333333333,13970,0.0
0.6,30736,0.0
0.5233333333333333,10281,0.0
0.52,48138,0.0
0.5266666666666667,31554,0.0
0.5133333333333334,38028,0.0
0.5333333333333333,17276,0.0
0.5833333333333334,73182,0.0
0.5850000000000001,30528,0.0
0.5933333333333334,36476,0.0
0.5083333333333333,10506,0.0
0.5166666666666667,35425,0.0
0.5333333333333333,18435,0.0
0.5833333333333334,70115,0.0
0.5333333333333333,19094,0.0
0.6,32835,0.0
0.5366666666666666,75944,0.0
0.51,8510,0.0
0.5166666666666667,41368,0.0
0.45,0,0.0
0.48666666666666664,45684,0.0
0.5333333333333333,18804,0.0
0.535,31338,0.0
0.5833333333333334,69120,0.0
0.5883333333333334,15259,0.0
0.5333333333333334,18340,0.0
0.5283333333333333,55010,0.0
0.5166666666666667,60405,0.0
0.545,30186,0.0
0.55,44424,0.0
0.5833333333333334,89700,0.0
0.55,26928,0.0
0.6,44586,0.0
0.5366666666666666,64844,0.0
0.51,11285,0.0
0.5166666666666667,52468,0.0
0.5333333333333333,24354,0.0
0.5833333333333334,80220,0.0
0.5383333333333333,15579,0.0
0.6,33954,0.0
0.5166666666666667,15981,0.0
0.4600000000000001,74724,0.0
0.5133333333333334,49428,0.0
0.5333333333333333,24876,0.0
0.5316666666666666,36315,0.0
0.5833333333333334,84582,0.0
0.5316666666666666,28863,0.0
0.5850000000000001,36228,0.0
0.5916666666666667,44076,0.0
0.525,8521,0.0
0.5333333333333333,40348,0.0
0.5333333333333333,18826,0.0
0.5333333333333333,31371,0.0
0.5833333333333334,69164,0.0
0.5333333333333333,12815,0.0
0.6,28426,0.0
0.53,41735,0.0
0.5316666666666666,34868,0.0
0.5833333333333334,77755,0.0
0.5316666666666666,22150,0.0
0.5850000000000001,27060,0.0
0.5916666666666667,37419,0.0
0.5166666666666667,4016,0.0
0.53,17870,0.0
0.5333333333333333,8700,0.0
0.5316666666666666,15776,0.0
0.5833333333333334,53890,0.0
0.5916666666666667,23100,0.0
0.51,11985,0.0
0.5333333333333333,54204,0.0
0.535,41763,0.0
0.5833333333333334,83020,0.0
0.5383333333333333,16279,0.0
0.5883333333333334,18734,0.0
0.6,35354,0.0
0.5166666666666667,18676,0.0
0.5333333333333333,54520,0.0
0.5166666666666667,55850,0.0
0.5333333333333333,30690,0.0
0.535,45096,0.0
0.5833333333333334,90540,0.0
0.5383333333333333,27264,0.0
0.5883333333333334,32174,0.0
0.6,45090,0.0
0.5083333333333333,9315,0.0
0.53,28026,0.0
0.5166666666666667,29622,0.0
0.48333333333333334,70280,0.0
0.5333333333333333,15988,0.0
0.5333333333333333,25205,0.0
0.5833333333333334,71250,0.0
0.5333333333333333,22197,0.0
0.5866666666666667,29562,0.0
0.6,35188,0.0
0.5066666666666667,9984,0.0
0.5266666666666667,32790,0.0
0.5166666666666667,34120,0.0
0.5333333333333333,17652,0.0
0.5283333333333333,27712,0.0
0.5316666666666666,18572,0.0
0.5850000000000001,23482,0.0
0.5916666666666667,32052,0.0
0.49333333333333335,70784,0.0
0.51,11145,0.0
0.5333333333333333,50844,0.0
0.5166666666666667,51908,0.0
0.5333333333333333,24074,0.0
0.535,39243,0.0
0.5833333333333334,79660,0.0
0.5383333333333333,15439,0.0
0.5883333333333334,17894,0.0
0.6,33674,0.0
0.49333333333333335,70560,0.0
0.51,11201,0.0
0.5333333333333333,51068,0.0
0.5166666666666667,52132,0.0
0.4666666666666667,0,0.0
0.5333333333333333,24186,0.0
0.5833333333333334,79884,0.0
0.5383333333333333,15495,0.0
0.5883333333333334,17950,0.0
0.6,33786,0.0
0.5333333333333333,41804,0.0
0.5166666666666667,42868,0.0
0.3333333333333333,0,0.0
0.5333333333333333,19554,0.0
0.535,32463,0.0
0.5833333333333334,70620,0.0
0.5383333333333333,13179,0.0
0.6,29154,0.0
0.5399999999999999,0,0.0
0.525,7755,0.0
0.5333333333333333,24906,0.0
0.5283333333333333,26502,0.0
0.5166666666666667,32976,0.0
0.5333333333333333,22605,0.0
0.5833333333333334,68130,0.0
0.5333333333333333,20637,0.0
0.5866666666666667,28002,0.0
0.6,33108,0.0
0.5166666666666667,5930,0.0
0.5466666666666666,41784,0.0
0.53,29984,0.0
0.5166666666666667,31048,0.0
0.47000000000000003,0,0.0
0.5133333333333334,35364,0.0
0.5316666666666666,23598,0.0
0.5833333333333334,58800,0.0
0.5316666666666666,10224,0.0
0.5850000000000001,12679,0.0
0.5916666666666667,23244,0.0
0.5266666666666667,10405,0.0
0.5333333333333333,47884,0.0
0.53,48948,0.0
0.5333333333333333,0,0.0
0.5183333333333334,53264,0.0
0.535,37023,0.0
0.5833333333333334,76700,0.0
0.5383333333333333,14699,0.0
0.5883333333333334,17154,0.0
0.6,32194,0.0
0.5333333333333333,42454,0.0
0.53,5595,0.0
0.5266666666666667,29708,0.0
0.5133333333333334,34024,0.0
0.5850000000000001,57460,0.0
0.5783333333333334,9889,0.0
0.6,12344,0.0
0.5166666666666667,43996,0.0
0.43,0,0.0
0.48333333333333334,48312,0.0
0.5266666666666667,33309,0.0
0.5833333333333334,71748,0.0
0.5316666666666666,13461,0.0
0.5850000000000001,15916,0.0
0.51,17830,0.0
0.5333333333333333,52405,0.0
0.5166666666666667,53735,0.0
0.3,40950,0.0
0.48666666666666664,59130,0.0
0.5333333333333333,29421,0.0
0.5383333333333333,26418,0.0
0.6,43821,0.0
0.36666666666666664,54324,0.0
0.54,1408,0.0
0.5333333333333333,12680,0.0
0.5316666666666666,18075,0.0
0.5433333333333333,4788,0.0
0.5483333333333333,9996,0.0
0.5850000000000001,14906,0.0
0.595,19188,0.0
0.5083333333333333,11542,0.0
0.54,44190,0.0
0.53,36685,0.0
0.5166666666666667,38015,0.0
0.48333333333333334,43410,0.0
0.5333333333333333,19989,0.0
0.5333333333333333,20130,0.0
0.5866666666666667,25040,0.0
0.6,34389,0.0
0.51,10391,0.0
0.5333333333333333,47828,0.0
0.5166666666666667,48892,0.0
0.48666666666666664,53208,0.0
0.5333333333333333,22566,0.0
0.5833333333333334,76644,0.0
0.5383333333333333,14685,0.0
0.53,42044,0.0
0.5166666666666667,43108,0.0
0.2916666666666667,0,0.0
0.48333333333333334,47424,0.0
0.5333333333333333,19674,0.0
0.5333333333333333,13239,0.0
0.5866666666666667,15694,0.0
0.6,29274,0.0
0.53,7518,0.0
0.5466666666666667,24432,0.0
0.5266666666666667,26028,0.0
0.56,69082,0.0
0.5633333333333334,13592,0.0
0.5483333333333333,22210,0.0
0.5783333333333334,20400,0.0
0.5850000000000001,27765,0.0
0.5083333333333333,16698,0.0
0.53,49575,0.0
0.5166666666666667,50905,0.0
0.46166666666666667,40384,0.0
0.48333333333333334,56300,0.0
0.5333333333333333,27723,0.0
0.5333333333333333,41140,0.0
0.5333333333333333,25286,0.0
0.5866666666666667,30196,0.0
0.6,42123,0.0
0.51,18370,0.0
0.5333333333333333,53755,0.0
0.5166666666666667,55085,0.0
0.5333333333333333,30231,0.0
0.535,44484,0.0
0.5383333333333333,26958,0.0
0.5883333333333334,31868,0.0
0.6,44631,0.0
0.5366666666666667,8555,0.0
0.55,40484,0.0
0.53,41548,0.0
0.5233333333333333,45864,0.0
0.5733333333333334,18894,0.0
0.5533333333333333,31473,0.0
0.5833333333333334,12849,0.0
0.5883333333333334,15304,0.0
0.5583333333333333,26175,0.0
0.5166666666666667,4049,0.0
0.5166666666666667,23524,0.0
0.5133333333333334,27840,0.0
0.5316666666666666,17955,0.0
0.5833333333333334,51276,0.0
0.5850000000000001,10798,0.0
0.5916666666666667,19482,0.0
0.5083333333333333,16106,0.0
0.5166666666666667,49425,0.0
0.42833333333333334,40088,0.0
0.48333333333333334,54820,0.0
0.5333333333333333,39956,0.0
0.5866666666666667,29604,0.0
0.6,41235,0.0
0.55,31944,0.0
0.53,33008,0.0
0.5833333333333334,0,0.0
0.5533333333333333,25068,0.0
0.5833333333333334,60760,0.0
0.5883333333333334,13169,0.0
0.59,19714,0.0
0.5333333333333333,40268,0.0
0.5133333333333333,0,0.0
0.5166666666666667,45648,0.0
0.5333333333333333,18786,0.0
0.5333333333333333,31311,0.0
0.5833333333333334,69084,0.0
0.5866666666666667,15250,0.0
0.6,28386,0.0
0.51,10061,0.0
0.5166666666666667,47572,0.0
0.36666666666666664,0,0.0
0.48666666666666664,51888,0.0
0.535,35991,0.0
0.5833333333333334,75324,0.0
0.5883333333333334,16810,0.0
0.6,31506,0.0
0.5916666666666667,22290,0.0
0.51,10389,0.0
0.5333333333333333,47820,0.0
0.5166666666666667,48884,0.0
0.38333333333333336,0,0.0
0.48666666666666664,53200,0.0
0.5333333333333333,22562,0.0
0.535,36975,0.0
0.5833333333333334,76636,0.0
0.5383333333333333,14683,0.0
0.6,32162,0.0
0.5766666666666668,-8195,0.0
0.5966666666666667,28830,0.0
0.5933333333333334,-6939,0.0
0.5800000000000001,-5076,0.0
0.5850000000000001,27825,0.0
0.5833333333333334,2178,0.0
0.6,7461,0.0
0.53,6425,0.0
0.5466666666666667,31964,0.0
0.5266666666666667,33028,0.0
0.52,0,0.0
0.5533333333333333,14634,0.0
0.5483333333333333,25083,0.0
0.5633333333333334,10719,0.0
0.5966666666666667,24234,0.0
0.5283333333333333,31348,0.0
0.5916666666666667,0,0.0
0.5800000000000001,13794,0.0
0.55,23823,0.0
0.5866666666666667,59100,0.0
0.5833333333333334,10299,0.0
0.6,12754,0.0
0.5066666666666667,5912,0.0
0.5266666666666667,22610,0.0
0.5166666666666667,23940,0.0
0.43,34991,0.0
0.48333333333333334,29335,0.0
0.5333333333333333,11544,0.0
0.525,19568,0.0
0.5833333333333334,58630,0.0
0.5316666666666666,14500,0.0
0.5850000000000001,19410,0.0
0.5366666666666667,17290,0.0
0.55,51055,0.0
0.6,40680,0.0
0.5866666666666667,28611,0.0
0.555,42324,0.0
0.5850000000000001,25878,0.0
0.6,30788,0.0
0.5083333333333333,9759,0.0
0.53,45300,0.0
0.3383333333333333,0,0.0
0.48333333333333334,50680,0.0
0.5833333333333334,74116,0.0
0.5333333333333333,14053,0.0
0.5866666666666667,16508,0.0
0.51,11117,0.0
0.5333333333333333,50732,0.0
0.35,0,0.0
0.5333333333333333,24018,0.0
0.535,39159,0.0
0.5833333333333334,79548,0.0
0.5383333333333333,15411,0.0
0.5883333333333334,17866,0.0
0.5433333333333333,17259,0.0
0.525,47868,0.0
0.44333333333333336,48310,0.0
0.5933333333333334,5828,0.0
0.5466666666666667,32403,0.0
0.5666666666666667,26664,0.0
0.535,38064,0.0
0.5166666666666667,54352,0.0
0.5700000000000001,31630,0.0
0.505,28026,0.0
0.41833333333333333,78651,0.0
0.58,0,0.0
0.5016666666666667,78320,0.0
0.5666666666666667,18635,0.0
0.5816666666666667,63185,0.0
0.5616666666666666,53880,0.0
0.49000000000000005,79710,0.0
0.5566666666666668,51968,0.0
0.5666666666666667,53349,0.0
0.4866666666666667,89804,0.0
0.5883333333333334,42318,0.0
0.5700000000000001,50430,0.0
0.5466666666666667,11214,0.0
0.5666666666666667,34296,0.0
0.5583333333333333,86990,0.0
0.5833333333333334,4344,0.0
0.57,18715,0.0
0.5,71456,0.0
0.5,71020,0.0
0.49000000000000005,69656,0.0
0.5666666666666667,19718,0.0
0.5566666666666666,33594,0.0
0.5666666666666667,57208,0.0
0.5833333333333333,0,0.0
0.59,84808,0.0
0.5366666666666666,44606,0.0
0.46,76545,0.0
0.4766666666666667,60720,0.0
0.5800000000000001,17660,0.0
0.5700000000000001,42459,0.0
0.4116666666666667,72120,0.0
0.48333333333333334,61268,0.0
0.5083333333333333,17712,0.0
0.51,44250,0.0
0.5533333333333333,23742,0.0
0.54,42752,0.0
0.4966666666666667,29796,0.0
0.45666666666666667,30206,0.0
0.5666666666666667,42526,0.0
0.5666666666666667,59280,0.0
0.47833333333333333,86240,0.0
0.57,92825,0.0
0.5666666666666667,54012,0.0
0.5666666666666667,76312,0.0
0.5166666666666667,63955,0.0
0.5666666666666667,77848,0.0
0.5316666666666666,33760,0.0
0.49166666666666664,100468,0.0
0.5833333333333334,31555,0.0
0.5666666666666667,63180,0.0
0.5783333333333334,49686,0.0
0.5866666666666667,38180,0.0
0.5916666666666667,36495,0.0
0.5416666666666667,70490,0.0
0.5866666666666667,39819,0.0
0.575,28364,0.0
0.54,3745,0.0
0.59,23319,0.0
0.5833333333333334,54723,0.0
0.5133333333333334,52810,0.0
0.5883333333333334,55263,0.0
0.5866666666666667,41943,0.0
0.5,29607,0.0
0.5666666666666667,74901,0.0
0.495,51198,0.0
0.5833333333333334,12835,0.0
0.5666666666666667,53320,0.0
0.56,12282,0.0
0.5466666666666667,29704,0.0
0.4766666666666667,81891,0.0
0.5766666666666667,25965,0.0
0.5666666666666667,22617,0.0
0.5416666666666667,27755,0.0
0.5833333333333334,5620,0.0
0.5083333333333333,55808,0.0
0.4916666666666667,95788,0.0
0.5216666666666667,66417,0.0
0.5666666666666667,57930,0.0
0.495,66972,0.0
0.575,33228,0.0
0.585,44316,0.0
0.5366666666666666,29412,0.0
0.5833333333333334,11344,0.0
0.5866666666666667,28419,0.0
0.565,6410,0.0
0.48,0,0.0
0.54,6605,0.0
0.52,42228,0.0
0.4933333333333333,25689,0.0
0.5666666666666667,0,0.0
0.5833333333333334,27471,0.0
0.525,41964,0.0
0.5833333333333334,5907,0.0
0.5166666666666667,25868,0.0
0.5700000000000001,17388,0.0
0.5,56340,0.0
0.5333333333333333,34302,0.0
0.5,37578,0.0
0.5366666666666667,35328,0.0
0.5566666666666666,31656,0.0
0.5216666666666667,34214,0.0
0.5666666666666667,59928,0.0
0.5183333333333334,59132,0.0
0.5416666666666667,66125,0.0
0.5133333333333334,41052,0.0
0.575,34218,0.0
0.5666666666666667,0,0.0
0.4166666666666667,73008,0.0
0.5333333333333333,16920,0.0
0.5183333333333334,54812,0.0
0.4933333333333333,26229,0.0
0.525,34410,0.0
0.5633333333333334,32156,0.0
0.5516666666666667,39070,0.0
0.58,0,0.0
0.5666666666666667,31236,0.0
0.5133333333333334,30440,0.0
0.5033333333333333,7950,0.0
0.525,42342,0.0
0.5666666666666667,44565,0.0
0.505,98348,0.0
0.5133333333333334,43570,0.0
0.4833333333333334,15016,0.0
0.575,47844,0.0
0.5666666666666667,12797,0.0
0.5566666666666666,42246,0.0
0.5016666666666667,90170,0.0
0.5183333333333334,61068,0.0
0.575,34988,0.0
0.51,32756,0.0
0.4933333333333333,30921,0.0
0.5650000000000001,38028,0.0
0.5166666666666667,34680,0.0
0.43833333333333335,91408,0.0
0.5416666666666667,66950,0.0
0.5183333333333334,60188,0.0
0.5016666666666667,83492,0.0
0.51,40617,0.0
0.5566666666666666,38367,0.0
0.5833333333333334,35020,0.0
0.5666666666666667,67260,0.0
0.51,43092,0.0
0.5016666666666667,80192,0.0
0.5833333333333334,20548,0.0
0.5666666666666667,24252,0.0
0.5133333333333334,48175,0.0
0.5666666666666667,22094,0.0
0.4733333333333334,27332,0.0
0.5666666666666667,40512,0.0
0.505,29484,0.0
0.56,0,0.0
0.5633333333333334,16468,0.0
0.42,59540,0.0
0.5566666666666666,-2529,0.0
0.5666666666666667,0,0.0
0.5633333333333335,62538,0.0
0.4733333333333334,81200,0.0
0.5466666666666666,51524,0.0
0.54,50343,0.0
0.4683333333333334,71664,0.0
0.5533333333333335,34821,0.0
0.5833333333333334,22041,0.0
0.5666666666666667,64524,0.0
0.5666666666666667,86345,0.0
0.5666666666666667,82925,0.0
0.57,0,0.0
0.55,63096,0.0
0.5666666666666667,93138,0.0
0.5516666666666667,47622,0.0
0.4816666666666667,99875,0.0
0.5583333333333333,64072,0.0
0.495,84505,0.0
0.55,63784,0.0
0.5833333333333334,31636,0.0
0.5183333333333334,58268,0.0
0.5583333333333333,79760,0.0
0.5666666666666667,27264,0.0
0.53,18345,0.0
0.56,32913,0.0
0.545,27788,0.0
0.6,14052,0.0
0.5166666666666667,72880,0.0
0.5133333333333334,49458,0.0
0.54,53655,0.0
0.5833333333333334,24260,0.0
0.5183333333333334,80925,0.0
0.5533333333333333,75600,0.0
0.5233333333333333,42816,0.0
0.5533333333333333,59292,0.0
0.5233333333333333,55020,0.0
0.5583333333333333,76950,0.0
0.5833333333333334,17040,0.0
0.5833333333333334,15243,0.0
0.48,49990,0.0
0.5833333333333334,-804,0.0
0.5733333333333334,0,0.0
0.495,75395,0.0
0.5683333333333334,17462,0.0
0.5533333333333333,40503,0.0
0.5883333333333334,17238,0.0
0.53,88810,0.0
0.5633333333333335,28803,0.0
0.5833333333333334,-1920,0.0
0.49000000000000005,54324,0.0
0.5833333333333334,24354,0.0
0.5033333333333333,94316,0.0
0.5833333333333334,28224,0.0
0.5,74288,0.0
0.5850000000000001,18002,0.0
0.5816666666666667,19618,0.0
0.5333333333333333,55425,0.0
0.6,13462,0.0
0.5716666666666668,24190,0.0
0.45,70788,0.0
0.5850000000000001,31618,0.0
0.5833333333333334,17012,0.0
0.5666666666666667,36808,0.0
0.5766666666666667,41368,0.0
0.5833333333333334,6612,0.0
0.5833333333333334,39555,0.0
0.5766666666666668,7599,0.0
0.6,0,0.0
0.5500000000000002,40384,0.0
0.5833333333333334,39312,0.0
0.5833333333333334,24186,0.0
0.5183333333333334,47949,0.0
0.51,29916,0.0
0.435,66784,0.0
0.5833333333333334,10866,0.0
0.52,38532,0.0
0.5233333333333333,45726,0.0
0.5766666666666667,0,0.0
0.5,81590,0.0
0.5833333333333334,27270,0.0
0.5666666666666667,68475,0.0
0.5666666666666667,83980,0.0
0.5716666666666667,69565,0.0
0.5666666666666667,56433,0.0
0.5166666666666667,56536,0.0
0.5166666666666667,55670,0.0
0.5283333333333333,36963,0.0
0.5183333333333334,33076,0.0
0.56,10894,0.0
0.4966666666666667,61494,0.0
0.5666666666666667,85828,0.0
0.5666666666666667,46402,0.0
0.55,56280,0.0
0.54,56810,0.0
0.5666666666666667,73500,0.0
0.5666666666666667,46984,0.0
0.5666666666666667,32728,0.0
0.5666666666666667,64068,0.0
0.5133333333333334,36300,0.0
0.5666666666666667,18402,0.0
0.495,59892,0.0
0.5666666666666667,58596,0.0
