floor_area_pressure,long_item_share,cubic_item_share
0.5506666666666666,0.0,0.125
1.0933333333333333,0.0,0.42857142857142855
0.6793333333333333,0.0,0.2222222222222222
0.7673333333333333,0.0,0.4
0.8226666666666667,0.0,0.2727272727272727
0.9033333333333333,0.0,0.6
0.8766666666666667,0.0,0.6
0.8553333333333333,0.0,0.36363636363636365
0.6646666666666666,0.0,0.3333333333333333
0.5986666666666667,0.0,0.5
0.564,0.0,0.125
0.84,0.0,0.5
0.966,0.0,0.2857142857142857
0.7366666666666667,0.0,0.2727272727272727
0.7053333333333334,0.0,0.2222222222222222
0.66,0.0,0.4444444444444444
0.88,0.0,0.3333333333333333
0.8466666666666667,0.0,0.3
0.998,0.0,0.2857142857142857
0.48933333333333334,0.0,0.3333333333333333
0.5406666666666666,0.0,0.14285714285714285
0.6826666666666666,0.0,0.75
0.6866666666666666,0.0,0.4444444444444444
0.614,0.0,0.1111111111111111
0.992,0.0,0.38461538461538464
0.3006666666666667,0.0,0.25
0.112,0.0,1.0
0.7473333333333333,0.0,0.3333333333333333
0.7946666666666666,0.0,0.7777777777777778
0.9693333333333334,0.0,0.4166666666666667
0.9293333333333333,0.0,0.3076923076923077
0.7853333333333333,0.0,0.18181818181818182
0.25066666666666665,0.0,1.0
0.6453333333333333,0.0,0.1111111111111111
1.0533333333333332,0.0,0.5384615384615384
0.748,0.0,0.3
0.7626666666666667,0.0,0.6666666666666666
0.9133333333333333,0.0,0.5454545454545454
1.0433333333333332,0.0,0.5833333333333334
0.8766666666666667,0.0,0.45454545454545453
0.72,0.0,0.3333333333333333
0.9,0.0,0.16666666666666666
0.8873333333333333,0.0,0.5454545454545454
1.002,0.0,0.5
0.7613333333333333,0.0,0.09090909090909091
0.7806666666666666,0.0,0.2727272727272727
0.8033333333333333,0.0,0.36363636363636365
1.002,0.0,0.23076923076923078
0.5113333333333333,0.0,0.5
0.8913333333333333,0.0,0.3333333333333333
0.668,0.0,0.375
0.6733333333333333,0.0,0.3
0.608,0.0,0.25
0.818,0.0,0.2727272727272727
0.984,0.0,0.3333333333333333
0.848,0.0,0.4
0.8446666666666667,0.0,0.5
0.7853333333333333,0.0,0.36363636363636365
0.8806666666666667,0.0,0.45454545454545453
0.8866666666666667,0.0,0.7272727272727273
0.6786666666666666,0.0,0.4444444444444444
0.8446666666666667,0.0,0.45454545454545453
0.9326666666666666,0.0,0.5833333333333334
0.7753333333333333,0.0,0.4
0.9,0.0,0.5
1.188,0.0,0.4
1.0486666666666666,0.0,0.5
0.8733333333333333,0.0,0.16666666666666666
0.6633333333333333,0.0,0.3333333333333333
0.784,0.0,0.3
0.6133333333333333,0.0,0.1111111111111111
0.962,0.0,0.15384615384615385
1.3186666666666667,0.0,0.21052631578947367
0.688,0.0,0.2222222222222222
0.7726666666666666,0.0,0.4
0.6873333333333334,0.0,0.2222222222222222
0.882,0.0,0.3333333333333333
0.844,0.0,0.36363636363636365
0.788,0.0,0.3
0.8626666666666667,0.0,0.25
0.64,0.0,0.25
1.0006666666666666,0.0,0.2857142857142857
0.8973333333333333,0.0,0.25
0.952,0.0,0.38461538461538464
0.9613333333333334,0.0,0.3076923076923077
0.6073333333333333,0.0,0.5
0.7966666666666666,0.0,0.18181818181818182
0.782,0.0,0.09090909090909091
0.6933333333333334,0.0,0.1
0.678,0.0,0.4444444444444444
0.7193333333333334,0.0,0.5555555555555556
0.7426666666666667,0.0,0.3
0.6453333333333333,0.0,0.5555555555555556
0.5686666666666667,0.0,0.2857142857142857
0.08,0.0,0.0
0.6773333333333333,0.0,0.2222222222222222
1.1093333333333333,0.0,0.42857142857142855
0.7573333333333333,0.0,0.2
0.862,0.0,0.18181818181818182
0.7246666666666667,0.0,0.4
0.7533333333333333,0.0,0.2727272727272727
0.8813333333333333,0.0,0.3333333333333333
0.7086666666666667,0.0,0.3333333333333333
0.7626666666666667,0.0,0.18181818181818182
1.0166666666666666,0.0,0.5833333333333334
0.924,0.0,0.4166666666666667
0.9846666666666667,0.0,0.5
0.984,0.0,0.5
0.222,0.0,0.0
0.13866666666666666,0.0,1.0
0.696,0.0,0.4444444444444444
0.906,0.0,0.25
1.2246666666666666,0.0,0.4
0.6546666666666666,0.0,0.8571428571428571
1.0366666666666666,0.0,0.3076923076923077
0.428,0.0,0.8
0.7526666666666667,0.0,0.2727272727272727
0.07933333333333334,0.0,0.0
0.844,0.0,0.5
0.77,0.0,0.2727272727272727
0.7326666666666667,0.0,0.1
0.5966666666666667,0.0,0.25
0.836,0.0,0.45454545454545453
0.20466666666666666,0.0,0.0
0.19133333333333333,0.0,0.5
0.528,0.0,0.14285714285714285
0.22933333333333333,0.0,0.3333333333333333
0.5653333333333334,0.0,0.125
0.892,0.0,0.3333333333333333
0.45666666666666667,0.0,0.16666666666666666
0.252,0.0,0.6666666666666666
1.118,0.0,0.42857142857142855
0.3486666666666667,0.0,1.0
1.0206666666666666,0.0,0.46153846153846156
0.316,0.0,0.75
0.7853333333333333,0.0,0.3
0.7053333333333334,0.0,0.2
0.7873333333333333,0.0,0.09090909090909091
0.776,0.0,0.4
0.6053333333333333,0.0,0.25
0.852,0.0,0.25
0.8133333333333334,0.0,0.3333333333333333
0.716,0.0,0.4
0.788,0.0,0.09090909090909091
0.8,0.0,0.6
0.8713333333333333,0.0,0.5454545454545454
0.83,0.0,0.18181818181818182
0.808,0.0,0.5
0.6813333333333333,0.0,0.1
0.732,0.0,0.3
0.844,0.0,0.6363636363636364
0.5086666666666667,0.0,0.2857142857142857
0.86,0.0,0.25
0.5173333333333333,0.0,0.2857142857142857
0.8373333333333334,0.0,0.3333333333333333
0.6573333333333333,0.0,0.3
0.7893333333333333,0.0,0.4444444444444444
1.022,0.0,0.46153846153846156
0.4653333333333333,0.0,0.0
0.9513333333333334,0.0,0.25
0.8673333333333333,0.0,0.08333333333333333
1.034,0.0,0.2857142857142857
0.784,0.0,0.2
0.11733333333333333,0.0,0.0
0.8026666666666666,0.0,0.36363636363636365
0.7706666666666667,0.0,0.09090909090909091
0.9533333333333334,0.0,0.4166666666666667
0.7693333333333333,0.0,0.2727272727272727
0.14,0.0,0.5
0.9133333333333333,0.0,0.5454545454545454
0.9686666666666667,0.0,0.5833333333333334
0.7626666666666667,0.0,0.3333333333333333
0.834,0.0,0.3
0.6933333333333334,0.0,0.4444444444444444
0.91,0.0,0.46153846153846156
0.8846666666666667,0.0,0.3333333333333333
0.6613333333333333,0.0,0.1111111111111111
0.8533333333333334,0.0,0.3333333333333333
1.234,0.0,0.25
0.586,0.0,0.3333333333333333
0.6073333333333333,0.0,0.5
1.3313333333333333,0.0,0.35294117647058826
0.566,0.0,0.125
0.192,0.0,0.5
0.7646666666666667,0.0,0.5555555555555556
0.794,0.0,0.18181818181818182
0.228,0.0,0.3333333333333333
1.1086666666666667,0.0,0.5714285714285714
0.812,0.0,0.36363636363636365
0.678,0.0,0.2222222222222222
0.116,0.0,0.0
0.67,0.0,0.0
0.23666666666666666,0.0,1.0
0.75,0.0,0.1
0.7986666666666666,0.0,0.6
0.8313333333333334,0.0,0.7
0.918,0.0,0.3333333333333333
0.6693333333333333,0.0,0.2
0.21933333333333332,0.0,0.3333333333333333
0.614,0.0,0.5
1.0506666666666666,0.0,0.26666666666666666
1.0113333333333334,0.0,0.21428571428571427
0.6266666666666667,0.0,0.2222222222222222
0.886,0.0,0.6
0.292,0.0,0.6666666666666666
1.0846666666666667,0.0,0.5384615384615384
0.31666666666666665,0.0,0.25
0.5953333333333334,0.0,0.2857142857142857
0.604,0.0,0.125
0.8726666666666667,0.0,0.2727272727272727
0.9793333333333333,0.0,0.38461538461538464
0.6873333333333334,0.0,0.0
0.762,0.0,0.6666666666666666
0.8953333333333333,0.0,0.23076923076923078
0.5726666666666667,0.0,0.125
0.682,0.0,0.1
0.496,0.0,0.6666666666666666
0.622,0.0,0.7142857142857143
1.2013333333333334,0.0,0.23529411764705882
0.808,0.0,0.36363636363636365
0.44466666666666665,0.0,0.16666666666666666
1.0126666666666666,0.0,0.2857142857142857
0.548,0.0,0.375
0.9326666666666666,0.0,0.3333333333333333
0.58,0.0,0.5714285714285714
0.8493333333333334,0.0,0.25
0.7906666666666666,0.0,0.2
0.7993333333333333,0.0,0.09090909090909091
0.7873333333333333,0.0,0.5
0.8266666666666667,0.0,0.2727272727272727
0.8566666666666667,0.0,0.2727272727272727
0.8166666666666667,0.0,0.4
0.8993333333333333,0.0,0.16666666666666666
0.8626666666666667,0.0,0.7
0.8173333333333334,0.0,0.2727272727272727
0.8433333333333334,0.0,0.36363636363636365
0.8853333333333333,0.0,0.25
0.8026666666666666,0.0,0.5454545454545454
0.8446666666666667,0.0,0.18181818181818182
0.862,0.0,0.23076923076923078
1.4046666666666667,0.0,0.4117647058823529
0.706,0.0,0.2
1.04,0.0,0.21428571428571427
0.9046666666666666,0.0,0.25
0.716,0.0,0.3333333333333333
0.34,0.0,0.5
0.228,0.0,0.3333333333333333
0.344,0.0,0.2
1.108,0.0,0.46153846153846156
0.5773333333333334,0.0,0.125
0.994,0.0,0.38461538461538464
0.9793333333333333,0.0,0.15384615384615385
0.896,0.0,0.2727272727272727
0.882,0.0,0.45454545454545453
0.826,0.0,0.2727272727272727
0.78,0.0,0.4444444444444444
0.872,0.0,0.45454545454545453
0.946,0.0,0.36363636363636365
0.7786666666666666,0.0,0.5
0.9693333333333334,0.0,0.4166666666666667
0.8213333333333334,0.0,0.7777777777777778
0.7173333333333334,0.0,0.3333333333333333
0.8033333333333333,0.0,0.36363636363636365
0.8066666666666666,0.0,0.4444444444444444
0.882,0.0,0.6
1.024,0.0,0.5
0.6593333333333333,0.0,0.5
0.5726666666666667,0.0,0.2857142857142857
0.9653333333333334,0.0,0.3076923076923077
0.7613333333333333,0.0,0.2
0.728,0.0,0.4
0.37533333333333335,0.0,1.0
1.206,0.0,0.5333333333333333
1.428,0.0,0.4444444444444444
0.8973333333333333,0.0,0.36363636363636365
0.558,0.0,0.25
1.104,0.0,0.46153846153846156
0.4553333333333333,0.0,0.4
0.9966666666666667,0.0,0.2857142857142857
1.0213333333333334,0.0,0.23076923076923078
1.2253333333333334,0.0,0.3125
0.8606666666666667,0.0,0.25
0.7086666666666667,0.0,0.3333333333333333
0.8166666666666667,0.0,0.3
0.7253333333333334,0.0,0.2
0.43333333333333335,0.0,0.5
0.6873333333333334,0.0,0.4444444444444444
0.882,0.0,0.3333333333333333
0.5426666666666666,0.0,0.375
1.1193333333333333,0.0,0.38461538461538464
0.756,0.0,0.2
0.8266666666666667,0.0,0.25
0.7886666666666666,0.0,0.3
1.168,0.0,0.26666666666666666
0.6586666666666666,0.0,0.625
1.0106666666666666,0.0,0.5
0.6706666666666666,0.0,0.2222222222222222
0.7013333333333334,0.0,0.2222222222222222
0.772,0.0,0.6666666666666666
1.058,0.0,0.35714285714285715
1.0293333333333334,0.0,0.46153846153846156
1.1086666666666667,0.0,0.42857142857142855
0.572,0.0,0.5714285714285714
1.0053333333333334,0.0,0.38461538461538464
0.32,0.0,0.5
0.3526666666666667,0.0,0.6
0.802,0.0,0.36363636363636365
0.14866666666666667,0.0,0.5
1.1126666666666667,0.0,0.3333333333333333
0.354,0.0,0.6
1.196,0.0,0.26666666666666666
1.1873333333333334,0.0,0.3333333333333333
1.0413333333333334,0.0,0.35714285714285715
0.6766666666666666,0.0,0.2222222222222222
0.8926666666666667,0.0,0.3333333333333333
0.8366666666666667,0.0,0.45454545454545453
0.7873333333333333,0.0,0.36363636363636365
0.908,0.0,0.4166666666666667
0.9446666666666667,0.0,0.5454545454545454
0.702,0.0,0.3
0.8546666666666667,0.0,0.36363636363636365
1.0913333333333333,0.0,0.42857142857142855
0.7106666666666667,0.0,0.5555555555555556
0.748,0.0,0.3333333333333333
1.0446666666666666,0.0,0.6153846153846154
0.956,0.0,0.6666666666666666
0.8553333333333333,0.0,0.36363636363636365
1.012,0.0,0.5384615384615384
0.8,0.0,0.3
0.9086666666666666,0.0,0.25
0.6606666666666666,0.0,0.3333333333333333
0.9,0.0,0.36363636363636365
1.026,0.0,0.4166666666666667
0.6666666666666666,0.0,0.25
0.7986666666666666,0.0,0.5
1.0253333333333334,0.0,0.5833333333333334
0.668,0.0,0.2222222222222222
1.116,0.0,0.2857142857142857
0.9273333333333333,0.0,0.36363636363636365
0.9253333333333333,0.0,0.4166666666666667
0.7766666666666666,0.0,0.4
0.9046666666666666,0.0,0.5454545454545454
0.8566666666666667,0.0,0.36363636363636365
1.26,0.0,0.29411764705882354
1.0713333333333332,0.0,0.35714285714285715
0.5953333333333334,0.0,0.42857142857142855
0.8073333333333333,0.0,0.6
0.6786666666666666,0.0,0.2222222222222222
0.5013333333333333,0.0,0.5714285714285714
1.104,0.0,0.42857142857142855
1.064,0.0,0.42857142857142855
1.146,0.0,0.3333333333333333
1.23,0.0,0.4666666666666667
0.7753333333333333,0.0,0.4
0.6786666666666666,0.0,0.1111111111111111
0.964,0.0,0.3076923076923077
0.974,0.0,0.2857142857142857
0.988,0.0,0.5
0.7146666666666667,0.0,0.2
0.9153333333333333,0.0,0.4166666666666667
0.948,0.0,0.5
0.942,0.0,0.25
0.7373333333333333,0.0,0.5555555555555556
0.7646666666666667,0.0,0.4
1.022,0.0,0.5
0.9553333333333334,0.0,0.4166666666666667
1.0813333333333333,0.0,0.46153846153846156
0.9966666666666667,0.0,0.38461538461538464
0.8373333333333334,0.0,0.2727272727272727
0.9566666666666667,0.0,0.5
1.0073333333333334,0.0,0.2857142857142857
0.7993333333333333,0.0,0.5
0.74,0.0,0.5555555555555556
0.81,0.0,0.18181818181818182
0.434,0.0,0.5
0.3993333333333333,0.0,0.4
1.3306666666666667,0.0,0.35294117647058826
0.44133333333333336,0.0,0.16666666666666666
1.34,0.0,0.2777777777777778
0.9726666666666667,0.0,0.3076923076923077
0.5966666666666667,0.0,0.25
0.7126666666666667,0.0,0.2
1.5766666666666667,0.0,0.45
0.6913333333333334,0.0,0.75
1.0213333333333334,0.0,0.38461538461538464
0.474,0.0,0.3333333333333333
1.4433333333333334,0.0,0.3888888888888889
1.1233333333333333,0.0,0.38461538461538464
1.004,0.0,0.38461538461538464
1.0033333333333334,0.0,0.38461538461538464
1.1606666666666667,0.0,0.5333333333333333
0.9026666666666666,0.0,0.3076923076923077
0.5813333333333334,0.0,0.0
0.872,0.0,0.2727272727272727
0.7046666666666667,0.0,0.2222222222222222
0.9253333333333333,0.0,0.38461538461538464
0.9973333333333333,0.0,0.3076923076923077
1.03,0.0,0.38461538461538464
0.8713333333333333,0.0,0.2727272727272727
0.7473333333333333,0.0,0.5
0.714,0.0,0.2
0.8873333333333333,0.0,0.45454545454545453
0.704,0.0,0.2222222222222222
0.9653333333333334,0.0,0.38461538461538464
0.8993333333333333,0.0,0.5454545454545454
0.89,0.0,0.16666666666666666
0.47933333333333333,0.0,0.3333333333333333
0.6226666666666667,0.0,0.3333333333333333
0.488,0.0,0.3333333333333333
1.1613333333333333,0.0,0.25
0.408,0.0,0.4
0.8413333333333334,0.0,0.18181818181818182
0.7026666666666667,0.0,0.1
0.8826666666666667,0.0,0.16666666666666666
0.7053333333333334,0.0,0.6
0.85,0.0,0.08333333333333333
0.77,0.0,0.09090909090909091
0.7713333333333333,0.0,0.2
0.8646666666666667,0.0,0.3333333333333333
0.6053333333333333,0.0,0.1111111111111111
0.9413333333333334,0.0,0.4166666666666667
1.114,0.0,0.5384615384615384
0.644,0.0,0.1111111111111111
0.66,0.0,0.625
1.0073333333333334,0.0,0.3333333333333333
0.9286666666666666,0.0,0.4166666666666667
0.604,0.0,0.25
1.0453333333333332,0.0,0.2857142857142857
0.524,0.0,0.2857142857142857
0.9326666666666666,0.0,0.3076923076923077
0.7993333333333333,0.0,0.5
1.2333333333333334,0.0,0.5
0.8173333333333334,0.0,0.3
0.6126666666666667,0.0,0.42857142857142855
1.216,0.0,0.5
0.9186666666666666,0.0,0.5
0.306,0.0,0.6666666666666666
0.888,0.0,0.45454545454545453
0.8653333333333333,0.0,0.3333333333333333
0.7146666666666667,0.0,0.4
0.7993333333333333,0.0,0.3
0.86,0.0,0.36363636363636365
0.6213333333333333,0.0,0.25
0.9313333333333333,0.0,0.25
0.43333333333333335,0.0,0.5
0.622,0.0,0.3333333333333333
0.9473333333333334,0.0,0.25
0.702,0.0,0.3
0.8673333333333333,0.0,0.2727272727272727
1.0866666666666667,0.0,0.26666666666666666
0.4826666666666667,0.0,0.3333333333333333
1.168,0.0,0.5
0.456,0.0,0.6666666666666666
1.3726666666666667,0.0,0.4117647058823529
1.1506666666666667,0.0,0.5
1.3273333333333333,0.0,0.4375
1.1886666666666668,0.0,0.4
0.64,0.0,0.625
0.984,0.0,0.5
0.18,0.0,0.5
0.8826666666666667,0.0,0.3333333333333333
1.174,0.0,0.1875
0.7806666666666666,0.0,0.4
0.7886666666666666,0.0,0.18181818181818182
1.2926666666666666,0.0,0.375
0.7853333333333333,0.0,0.16666666666666666
0.5966666666666667,0.0,0.2222222222222222
0.334,0.0,0.25
1.006,0.0,0.2857142857142857
0.4513333333333333,0.0,0.16666666666666666
0.876,0.0,0.45454545454545453
0.5673333333333334,0.0,0.2857142857142857
0.5606666666666666,0.0,0.2857142857142857
0.5386666666666666,0.0,0.14285714285714285
1.0206666666666666,0.0,0.46153846153846156
0.696,0.0,0.4444444444444444
0.42,0.0,0.4
1.2253333333333334,0.0,0.375
0.49133333333333334,0.0,0.6666666666666666
0.5633333333333334,0.0,0.2857142857142857
0.4246666666666667,0.0,0.16666666666666666
1.17,0.0,0.17647058823529413
0.9653333333333334,0.0,0.21428571428571427
0.604,0.0,0.42857142857142855
1.2893333333333334,0.0,0.4117647058823529
1.312,0.0,0.5
0.4046666666666667,0.0,0.3333333333333333
0.6626666666666666,0.0,0.5555555555555556
1.054,0.0,0.38461538461538464
0.78,0.0,0.3
0.39266666666666666,0.0,0.3333333333333333
1.2293333333333334,0.0,0.23529411764705882
0.26066666666666666,0.0,0.6666666666666666
1.0973333333333333,0.0,0.2857142857142857
0.15933333333333333,0.0,0.0
1.074,0.0,0.46153846153846156
0.498,0.0,0.14285714285714285
0.8346666666666667,0.0,0.45454545454545453
1.2566666666666666,0.0,0.375
0.23333333333333334,0.0,0.0
0.9053333333333333,0.0,0.36363636363636365
0.744,0.0,0.3333333333333333
1.4606666666666666,0.0,0.5
0.256,0.0,0.25
1.0066666666666666,0.0,0.4166666666666667
0.576,0.0,0.375
0.8146666666666667,0.0,0.4
0.5766666666666667,0.0,0.125
0.68,0.0,0.4444444444444444
1.2386666666666666,0.0,0.6
1.1166666666666667,0.0,0.2857142857142857
0.8866666666666667,0.0,0.3076923076923077
0.5166666666666667,0.0,0.42857142857142855
1.0446666666666666,0.0,0.38461538461538464
0.792,0.0,0.2
0.698,0.0,0.4
1.3546666666666667,0.0,0.5294117647058824
0.9286666666666666,0.0,0.45454545454545453
0.84,0.0,0.6
0.7473333333333333,0.0,0.5555555555555556
1.0813333333333333,0.0,0.42857142857142855
0.8593333333333333,0.0,0.5454545454545454
0.44866666666666666,0.0,0.16666666666666666
0.928,0.0,0.36363636363636365
0.22,0.0,0.3333333333333333
1.2506666666666666,0.0,0.375
1.224,0.0,0.3125
0.3453333333333333,0.0,0.2
0.5526666666666666,0.0,0.8571428571428571
1.318,0.0,0.5625
0.5106666666666667,0.0,0.2857142857142857
1.424,0.0,0.5294117647058824
1.0353333333333334,0.0,0.38461538461538464
0.534,0.0,0.125
1.0886666666666667,0.0,0.26666666666666666
0.7653333333333333,0.0,0.2
0.804,0.0,0.36363636363636365
0.8106666666666666,0.0,0.18181818181818182
0.7393333333333333,0.0,0.5555555555555556
0.8593333333333333,0.0,0.6
0.622,0.0,0.25
0.928,0.0,0.4166666666666667
0.4,0.0,0.4
1.15,0.0,0.3333333333333333
0.928,0.0,0.15384615384615385
0.7393333333333333,0.0,0.4444444444444444
0.83,0.0,0.16666666666666666
1.034,0.0,0.26666666666666666
0.33066666666666666,0.0,0.6666666666666666
0.5106666666666667,0.0,0.6
1.0586666666666666,0.0,0.1875
0.372,0.0,0.5
1.108,0.0,0.35714285714285715
1.0086666666666666,0.0,0.2857142857142857
1.3413333333333333,0.0,0.2777777777777778
0.896,0.0,0.6363636363636364
1.3413333333333333,0.0,0.3333333333333333
1.48,0.0,0.3684210526315789
1.202,0.0,0.6428571428571429
0.998,0.0,0.6363636363636364
0.8306666666666667,0.0,0.3333333333333333
1.54,0.0,0.47368421052631576
0.2886666666666667,0.0,0.5
1.22,0.0,0.5
1.0153333333333334,0.0,0.6363636363636364
0.18866666666666668,0.0,0.0
0.204,0.0,0.6666666666666666
0.47933333333333333,0.0,0.14285714285714285
1.0706666666666667,0.0,0.46153846153846156
0.25733333333333336,0.0,0.25
0.668,0.0,0.1
1.154,0.0,0.26666666666666666
0.396,0.0,0.6
0.848,0.0,0.16666666666666666
0.626,0.0,0.2222222222222222
0.924,0.0,0.45454545454545453
0.7926666666666666,0.0,0.18181818181818182
1.0813333333333333,0.0,0.26666666666666666
0.418,0.0,0.16666666666666666
1.2613333333333334,0.0,0.29411764705882354
0.308,0.0,0.25
1.1453333333333333,0.0,0.3333333333333333
0.9413333333333334,0.0,0.25
0.628,0.0,0.3333333333333333
0.7366666666666667,0.0,0.3333333333333333
0.8326666666666667,0.0,0.25
0.598,0.0,0.25
0.692,0.0,0.625
0.48733333333333334,0.0,1.0
0.7933333333333333,0.0,0.875
1.0353333333333334,0.0,0.26666666666666666
1.174,0.0,0.3125
0.6086666666666667,0.0,0.4444444444444444
0.5846666666666667,0.0,0.375
0.6593333333333333,0.0,0.2222222222222222
0.8906666666666667,0.0,0.45454545454545453
1.1126666666666667,0.0,0.35714285714285715
1.0453333333333332,0.0,0.3076923076923077
0.5046666666666667,0.0,0.42857142857142855
0.7393333333333333,0.0,0.2
0.8106666666666666,0.0,0.5
0.5173333333333333,0.0,0.2857142857142857
1.0326666666666666,0.0,0.38461538461538464
0.316,0.0,0.75
0.368,0.0,0.5
1.0726666666666667,0.0,0.35714285714285715
0.49666666666666665,0.0,0.14285714285714285
0.9566666666666667,0.0,0.4166666666666667
0.6126666666666667,0.0,0.1111111111111111
0.7526666666666667,0.0,0.3333333333333333
0.8166666666666667,0.0,0.25
0.548,0.0,0.5
1.0213333333333334,0.0,0.2
0.4093333333333333,0.0,0.4
1.16,0.0,0.25
1.1526666666666667,0.0,0.3333333333333333
0.4166666666666667,0.0,0.16666666666666666
1.0366666666666666,0.0,0.38461538461538464
0.5326666666666666,0.0,0.125
0.8326666666666667,0.0,0.3
0.628,0.0,0.42857142857142855
0.9413333333333334,0.0,0.21428571428571427
1.08,0.0,0.26666666666666666
1.1366666666666667,0.0,0.4
0.758,0.0,0.4
0.808,0.0,0.7
1.034,0.0,0.6428571428571429
0.7406666666666667,0.0,0.36363636363636365
1.0353333333333334,0.0,0.4666666666666667
0.7946666666666666,0.0,0.4166666666666667
0.8293333333333334,0.0,0.2727272727272727
0.7366666666666667,0.0,0.625
1.1606666666666667,0.0,0.5714285714285714
0.9286666666666666,0.0,0.35714285714285715
0.8853333333333333,0.0,0.4166666666666667
0.614,0.0,0.5
0.7246666666666667,0.0,0.2222222222222222
0.5726666666666667,0.0,0.375
0.702,0.0,0.2727272727272727
0.8306666666666667,0.0,0.5454545454545454
0.5293333333333333,0.0,0.25
0.9533333333333334,0.0,0.4166666666666667
0.638,0.0,0.25
0.8053333333333333,0.0,0.45454545454545453
0.702,0.0,0.2222222222222222
0.7566666666666667,0.0,0.45454545454545453
0.7093333333333334,0.0,0.3
0.6913333333333334,0.0,0.36363636363636365
0.8913333333333333,0.0,0.3076923076923077
0.9493333333333334,0.0,0.46153846153846156
0.5253333333333333,0.0,0.5
0.8586666666666667,0.0,0.6363636363636364
0.962,0.0,0.3076923076923077
0.6446666666666667,0.0,0.2
0.552,0.0,0.375
0.63,0.0,0.3333333333333333
0.78,0.0,0.45454545454545453
0.896,0.0,0.38461538461538464
0.7273333333333334,0.0,0.2727272727272727
0.9586666666666667,0.0,0.6666666666666666
1.4553333333333334,0.0,0.5555555555555556
0.424,0.0,0.14285714285714285
1.05,0.0,0.5714285714285714
0.7093333333333334,0.0,0.4444444444444444
0.9513333333333334,0.0,0.35714285714285715
0.9166666666666666,0.0,0.5
0.7873333333333333,0.0,0.45454545454545453
0.716,0.0,0.3
0.9833333333333333,0.0,0.6363636363636364
0.5853333333333334,0.0,0.375
0.6446666666666667,0.0,0.3
0.9786666666666667,0.0,0.46153846153846156
0.6073333333333333,0.0,0.5
0.23266666666666666,0.0,0.6666666666666666
0.7506666666666667,0.0,0.5
0.9373333333333334,0.0,0.4166666666666667
0.6493333333333333,0.0,0.2222222222222222
0.6226666666666667,0.0,0.4444444444444444
0.986,0.0,0.6923076923076923
0.6606666666666666,0.0,0.2
0.7346666666666667,0.0,0.6
0.9713333333333334,0.0,0.2857142857142857
1.136,0.0,0.5
0.7126666666666667,0.0,0.3
0.882,0.0,0.4166666666666667
0.7493333333333333,0.0,0.25
0.698,0.0,0.36363636363636365
0.8633333333333333,0.0,0.25
0.9713333333333334,0.0,0.42857142857142855
0.8006666666666666,0.0,0.6666666666666666
1.196,0.0,0.23529411764705882
0.44666666666666666,0.0,0.125
0.986,0.0,0.4
0.9266666666666666,0.0,0.46153846153846156
0.6713333333333333,0.0,0.5555555555555556
0.63,0.0,0.4444444444444444
0.38533333333333336,0.0,0.3333333333333333
0.5306666666666666,0.0,0.25
1.328,0.0,0.625
0.9673333333333334,0.0,0.42857142857142855
0.836,0.0,0.3
0.5873333333333334,0.0,0.2222222222222222
0.9453333333333334,0.0,0.35714285714285715
1.0426666666666666,0.0,0.5
0.7353333333333333,0.0,0.5
0.44066666666666665,0.0,0.5
0.7413333333333333,0.0,0.6666666666666666
0.9326666666666666,0.0,0.5833333333333334
0.906,0.0,0.42857142857142855
0.5266666666666666,0.0,0.1111111111111111
0.8806666666666667,0.0,0.38461538461538464
0.664,0.0,0.4444444444444444
0.9273333333333333,0.0,0.3076923076923077
0.9093333333333333,0.0,0.5454545454545454
0.6366666666666667,0.0,0.4444444444444444
0.6526666666666666,0.0,0.3333333333333333
0.6273333333333333,0.0,0.4444444444444444
1.0046666666666666,0.0,0.3333333333333333
0.8846666666666667,0.0,0.36363636363636365
1.1653333333333333,0.0,0.4
0.504,0.0,0.2222222222222222
0.638,0.0,0.2
0.9533333333333334,0.0,0.42857142857142855
1.0566666666666666,0.0,0.5714285714285714
0.958,0.0,0.35714285714285715
0.7573333333333333,0.0,0.5
0.6266666666666667,0.0,0.2
0.8266666666666667,0.0,0.3
0.86,0.0,0.45454545454545453
0.5693333333333334,0.0,0.25
0.686,0.0,0.2222222222222222
1.066,0.0,0.6428571428571429
0.7606666666666667,0.0,0.2727272727272727
0.7686666666666667,0.0,0.3333333333333333
1.12,0.0,0.5
1.104,0.0,0.42857142857142855
0.198,0.0,0.5
0.5213333333333333,0.0,0.2857142857142857
0.558,0.0,0.2222222222222222
0.9533333333333334,0.0,0.5
0.7826666666666666,0.0,0.5454545454545454
0.7246666666666667,0.0,0.18181818181818182
0.7026666666666667,0.0,0.4
0.7233333333333334,0.0,0.4
0.9073333333333333,0.0,0.45454545454545453
0.7773333333333333,0.0,0.2
0.7393333333333333,0.0,0.3333333333333333
0.9013333333333333,0.0,0.5
0.7826666666666666,0.0,0.3333333333333333
0.536,0.0,0.25
0.8693333333333333,0.0,0.5
1.016,0.0,0.2
1.1766666666666667,0.0,0.375
0.5806666666666667,0.0,0.2222222222222222
0.584,0.0,0.5
1.0153333333333334,0.0,0.4
0.616,0.0,0.4444444444444444
0.8146666666666667,0.0,0.5454545454545454
0.8773333333333333,0.0,0.3076923076923077
0.19133333333333333,0.0,0.3333333333333333
0.8886666666666667,0.0,0.3076923076923077
0.7293333333333333,0.0,0.2
0.596,0.0,0.75
0.5106666666666667,0.0,0.2222222222222222
0.702,0.0,0.25
0.8346666666666667,0.0,0.45454545454545453
0.8666666666666667,0.0,0.4166666666666667
0.9593333333333334,0.0,0.23076923076923078
1.122,0.0,0.5
0.08,0.0,0.0
0.9693333333333334,0.0,0.3076923076923077
0.846,0.0,0.2857142857142857
0.664,0.0,0.3
0.73,0.0,0.16666666666666666
1.1786666666666668,0.0,0.3125
1.2973333333333332,0.0,0.4444444444444444
0.98,0.0,0.38461538461538464
0.782,0.0,0.3076923076923077
0.868,0.0,0.38461538461538464
0.8026666666666666,0.0,0.38461538461538464
0.824,0.0,0.4166666666666667
0.794,0.0,0.45454545454545453
0.8546666666666667,0.0,0.4166666666666667
0.914,0.0,0.35714285714285715
0.6293333333333333,0.0,0.2222222222222222
0.6866666666666666,0.0,0.4444444444444444
0.8693333333333333,0.0,0.5454545454545454
0.666,0.0,0.18181818181818182
0.848,0.0,0.2727272727272727
0.7006666666666667,0.0,0.25
0.9466666666666667,0.0,0.5384615384615384
0.8166666666666667,0.0,0.5555555555555556
0.7633333333333333,0.0,0.3333333333333333
0.5766666666666667,0.0,0.3333333333333333
0.874,0.0,0.6363636363636364
0.734,0.0,0.3333333333333333
0.8393333333333334,0.0,0.3333333333333333
0.6253333333333333,0.0,0.3
1.07,0.0,0.5833333333333334
0.5513333333333333,0.0,0.2
0.6066666666666667,0.0,0.3
0.6433333333333333,0.0,0.5714285714285714
0.15266666666666667,0.0,0.0
0.9506666666666667,0.0,0.25
0.6226666666666667,0.0,0.5
1.0306666666666666,0.0,0.375
0.5426666666666666,0.0,0.25
0.8713333333333333,0.0,0.5
0.7273333333333334,0.0,0.4
0.7113333333333334,0.0,0.3
0.6953333333333334,0.0,0.4
0.834,0.0,0.3333333333333333
0.8933333333333333,0.0,0.35714285714285715
0.75,0.0,0.3333333333333333
0.622,0.0,0.3
0.9353333333333333,0.0,0.42857142857142855
0.858,0.0,0.46153846153846156
0.6866666666666666,0.0,0.2727272727272727
0.62,0.0,0.2857142857142857
0.94,0.0,0.5
0.7666666666666667,0.0,0.4
0.9006666666666666,0.0,0.38461538461538464
0.8346666666666667,0.0,0.5
0.9866666666666667,0.0,0.4166666666666667
0.912,0.0,0.3076923076923077
0.8826666666666667,0.0,0.3333333333333333
0.796,0.0,0.4
0.6593333333333333,0.0,0.16666666666666666
0.8393333333333334,0.0,0.38461538461538464
0.844,0.0,0.2857142857142857
0.696,0.0,0.4
0.7753333333333333,0.0,0.3333333333333333
0.77,0.0,0.36363636363636365
0.2673333333333333,0.0,0.0
1.2226666666666666,0.0,0.3684210526315789
1.0166666666666666,0.0,0.2857142857142857
0.6813333333333333,0.0,0.4444444444444444
0.892,0.0,0.26666666666666666
0.8326666666666667,0.0,0.3076923076923077
0.9413333333333334,0.0,0.3333333333333333
0.24666666666666667,0.0,0.6666666666666666
0.572,0.0,0.3333333333333333
1.02,0.0,0.4666666666666667
0.9846666666666667,0.0,0.35714285714285715
0.9486666666666667,0.0,0.35714285714285715
1.11,0.0,0.3333333333333333
1.074,0.0,0.3333333333333333
0.8553333333333333,0.0,0.3076923076923077
0.9573333333333334,0.0,0.26666666666666666
0.976,0.0,0.4166666666666667
0.996,0.0,0.3333333333333333
1.0146666666666666,0.0,0.5
0.6886666666666666,0.0,0.36363636363636365
0.8046666666666666,0.0,0.3333333333333333
0.7073333333333334,0.0,0.36363636363636365
0.768,0.0,0.4
0.8273333333333334,0.0,0.3333333333333333
0.798,0.0,0.3076923076923077
0.8093333333333333,0.0,0.4166666666666667
0.718,0.0,0.2222222222222222
0.9206666666666666,0.0,0.38461538461538464
0.738,0.0,0.2727272727272727
0.7593333333333333,0.0,0.23076923076923078
0.6933333333333334,0.0,0.2727272727272727
0.7293333333333333,0.0,0.4
0.7186666666666667,0.0,0.4
0.8526666666666667,0.0,0.45454545454545453
0.6546666666666666,0.0,0.2727272727272727
0.8346666666666667,0.0,0.45454545454545453
0.758,0.0,0.5
0.9006666666666666,0.0,0.4166666666666667
0.7913333333333333,0.0,0.25
0.7893333333333333,0.0,0.4
0.3313333333333333,0.0,0.16666666666666666
0.7433333333333333,0.0,0.23076923076923078
0.7773333333333333,0.0,0.3
0.52,0.0,0.25
0.826,0.0,0.3076923076923077
0.632,0.0,0.3333333333333333
0.9006666666666666,0.0,0.4166666666666667
0.8826666666666667,0.0,0.4166666666666667
1.0373333333333334,0.0,0.4
0.47,0.0,0.2857142857142857
1.0806666666666667,0.0,0.42857142857142855
0.8846666666666667,0.0,0.3076923076923077
0.832,0.0,0.4166666666666667
0.648,0.0,0.4444444444444444
0.7333333333333333,0.0,0.16666666666666666
0.8006666666666666,0.0,0.5555555555555556
0.8133333333333334,0.0,0.3333333333333333
0.694,0.0,0.4
0.9873333333333333,0.0,0.5
0.7106666666666667,0.0,0.16666666666666666
0.606,0.0,0.2
0.828,0.0,0.45454545454545453
0.7733333333333333,0.0,0.5
0.8673333333333333,0.0,0.5833333333333334
0.956,0.0,0.5
0.9213333333333333,0.0,0.4166666666666667
0.632,0.0,0.4444444444444444
0.844,0.0,0.5
0.8513333333333334,0.0,0.5454545454545454
1.0846666666666667,0.0,0.1875
0.7666666666666667,0.0,0.6
0.9853333333333333,0.0,0.38461538461538464
1.072,0.0,0.5384615384615384
0.472,0.0,0.14285714285714285
1.0606666666666666,0.0,0.5
0.95,0.0,0.23076923076923078
0.7973333333333333,0.0,0.15384615384615385
0.836,0.0,0.23076923076923078
0.7086666666666667,0.0,0.2727272727272727
0.9693333333333334,0.0,0.4166666666666667
0.8626666666666667,0.0,0.4166666666666667
1.0126666666666666,0.0,0.5384615384615384
0.638,0.0,0.18181818181818182
0.8106666666666666,0.0,0.2727272727272727
0.7613333333333333,0.0,0.18181818181818182
0.81,0.0,0.45454545454545453
0.752,0.0,0.18181818181818182
0.9353333333333333,0.0,0.4166666666666667
0.412,0.0,0.14285714285714285
0.9613333333333334,0.0,0.23076923076923078
0.5726666666666667,0.0,0.5
0.6293333333333333,0.0,0.7142857142857143
0.9346666666666666,0.0,0.6
0.422,0.0,0.3333333333333333
0.16666666666666666,0.0,0.0
0.568,0.0,0.375
0.7066666666666667,0.0,0.2727272727272727
0.5866666666666667,0.0,0.625
0.3953333333333333,0.0,0.8
0.8146666666666667,0.0,0.5454545454545454
1.12,0.0,0.5
1.0126666666666666,0.0,0.35714285714285715
1.0873333333333333,0.0,0.46153846153846156
1.114,0.0,0.6
0.8246666666666667,0.0,0.25
1.168,0.0,0.4666666666666667
0.7986666666666666,0.0,0.45454545454545453
0.8626666666666667,0.0,0.5
0.52,0.0,0.125
0.886,0.0,0.25
0.938,0.0,0.42857142857142855
0.6013333333333334,0.0,0.25
0.6793333333333333,0.0,0.2727272727272727
0.9966666666666667,0.0,0.46153846153846156
0.8706666666666667,0.0,0.36363636363636365
0.796,0.0,0.45454545454545453
0.8026666666666666,0.0,0.4166666666666667
0.814,0.0,0.45454545454545453
0.552,0.0,0.125
0.9626666666666667,0.0,0.5384615384615384
0.5446666666666666,0.0,0.14285714285714285
0.7173333333333334,0.0,0.2
0.8166666666666667,0.0,0.45454545454545453
1.122,0.0,0.42857142857142855
0.476,0.0,0.125
1.03,0.0,0.3125
0.23066666666666666,0.0,0.3333333333333333
0.8893333333333333,0.0,0.45454545454545453
1.2766666666666666,0.0,0.3684210526315789
0.8093333333333333,0.0,0.3333333333333333
0.5126666666666667,0.0,0.25
0.7453333333333333,0.0,0.36363636363636365
0.4673333333333333,0.0,0.2857142857142857
0.4033333333333333,0.0,0.16666666666666666
1.104,0.0,0.4375
0.8373333333333334,0.0,0.3076923076923077
1.062,0.0,0.35714285714285715
0.17266666666666666,0.0,0.3333333333333333
1.062,0.0,0.42857142857142855
0.6926666666666667,0.0,0.18181818181818182
0.7186666666666667,0.0,0.3
0.772,0.0,0.25
0.9226666666666666,0.0,0.6666666666666666
0.652,0.0,0.2222222222222222
0.8233333333333334,0.0,0.5555555555555556
0.7753333333333333,0.0,0.45454545454545453
0.922,0.0,0.35714285714285715
0.9553333333333334,0.0,0.5
0.6366666666666667,0.0,0.4444444444444444
0.7526666666666667,0.0,0.5
0.5993333333333334,0.0,0.09090909090909091
0.5946666666666667,0.0,0.3333333333333333
0.4033333333333333,0.0,0.3333333333333333
1.168,0.0,0.4117647058823529
1.0626666666666666,0.0,0.29411764705882354
0.49266666666666664,0.0,0.5
0.9806666666666667,0.0,0.5384615384615384
1.2406666666666666,0.0,0.4117647058823529
0.3993333333333333,0.0,0.3333333333333333
0.68,0.0,0.4
0.8713333333333333,0.0,0.38461538461538464
0.30533333333333335,0.0,0.3333333333333333
0.064,0.0,1.0
0.8806666666666667,0.0,0.6
0.7253333333333334,0.0,0.5555555555555556
0.44866666666666666,0.0,0.1111111111111111
1.4206666666666667,0.0,0.42105263157894735
0.42,0.0,0.2857142857142857
1.0786666666666667,0.0,0.4
1.012,0.0,0.42857142857142855
0.43866666666666665,0.0,0.3333333333333333
0.994,0.0,0.5
0.9346666666666666,0.0,0.3333333333333333
0.44,0.0,0.125
0.6406666666666667,0.0,0.4
1.4146666666666667,0.0,0.5882352941176471
1.182,0.0,0.5714285714285714
0.7166666666666667,0.0,0.4
0.7566666666666667,0.0,0.25
1.0033333333333334,0.0,0.3333333333333333
0.9093333333333333,0.0,0.2
0.67,0.0,0.2727272727272727
0.7233333333333334,0.0,0.4166666666666667
0.536,0.0,0.625
0.8626666666666667,0.0,0.3333333333333333
0.604,0.0,0.625
0.9613333333333334,0.0,0.6666666666666666
0.8526666666666667,0.0,0.3076923076923077
1.0953333333333333,0.0,0.4
1.2066666666666668,0.0,0.4666666666666667
0.664,0.0,0.2
0.8966666666666666,0.0,0.3076923076923077
0.656,0.0,0.25
0.8946666666666667,0.0,0.6363636363636364
0.562,0.0,0.375
0.7793333333333333,0.0,0.18181818181818182
1.384,0.0,0.2631578947368421
0.402,0.0,0.8
1.0133333333333334,0.0,0.42857142857142855
0.408,0.0,0.16666666666666666
0.424,0.0,0.6666666666666666
0.8173333333333334,0.0,0.7
1.046,0.0,0.1875
0.85,0.0,0.5454545454545454
0.7933333333333333,0.0,0.4166666666666667
0.6286666666666667,0.0,0.2
0.7333333333333333,0.0,0.25
0.7906666666666666,0.0,0.3333333333333333
0.6846666666666666,0.0,0.4
0.6133333333333333,0.0,0.2222222222222222
0.7386666666666667,0.0,0.2
0.666,0.0,0.3
0.5133333333333333,0.0,0.125
0.734,0.0,0.5
0.6626666666666666,0.0,0.3333333333333333
0.8326666666666667,0.0,0.3333333333333333
0.6353333333333333,0.0,0.2
0.778,0.0,0.3333333333333333
0.5626666666666666,0.0,0.25
0.782,0.0,0.5
0.908,0.0,0.5454545454545454
0.6593333333333333,0.0,0.36363636363636365
0.702,0.0,0.3333333333333333
0.7733333333333333,0.0,0.4
0.7573333333333333,0.0,0.4
0.942,0.0,0.5
0.8486666666666667,0.0,0.45454545454545453
0.6706666666666666,0.0,0.4444444444444444
1.0153333333333334,0.0,0.5
0.96,0.0,0.4166666666666667
0.606,0.0,0.3
0.5466666666666666,0.0,0.375
1.0886666666666667,0.0,0.5714285714285714
0.99,0.0,0.35714285714285715
0.8333333333333334,0.0,0.4166666666666667
0.674,0.0,0.3
0.7746666666666666,0.0,0.3333333333333333
0.8413333333333334,0.0,0.4166666666666667
0.974,0.0,0.4166666666666667
0.906,0.0,0.5833333333333334
1.0726666666666667,0.0,0.6428571428571429
1.0013333333333334,0.0,0.5384615384615384
0.974,0.0,0.42857142857142855
0.9733333333333334,0.0,0.42857142857142855
0.21666666666666667,0.0,0.0
0.57,0.0,0.125
0.9226666666666666,0.0,0.23076923076923078
0.9493333333333334,0.0,0.38461538461538464
0.6713333333333333,0.0,0.4444444444444444
1.3153333333333332,0.0,0.42105263157894735
1.122,0.0,0.375
0.6113333333333333,0.0,0.3333333333333333
0.7346666666666667,0.0,0.25
1.002,0.0,0.6153846153846154
0.7886666666666666,0.0,0.3
1.2126666666666666,0.0,0.375
1.2686666666666666,0.0,0.5625
0.522,0.0,0.2857142857142857
1.182,0.0,0.6
0.6086666666666667,0.0,0.25
1.0326666666666666,0.0,0.35714285714285715
1.574,0.0,0.5263157894736842
0.21666666666666667,0.0,0.25
0.542,0.0,0.2222222222222222
0.9653333333333334,0.0,0.46153846153846156
0.43333333333333335,0.0,0.14285714285714285
1.074,0.0,0.4666666666666667
0.12333333333333334,0.0,0.0
0.4826666666666667,0.0,0.2857142857142857
0.408,0.0,0.125
1.0993333333333333,0.0,0.5
0.8573333333333333,0.0,0.38461538461538464
1.1526666666666667,0.0,0.6
0.786,0.0,0.25
1.0813333333333333,0.0,0.5
0.7586666666666667,0.0,0.15384615384615385
0.8373333333333334,0.0,0.45454545454545453
0.08666666666666667,0.0,0.0
0.7973333333333333,0.0,0.23076923076923078
0.71,0.0,0.5555555555555556
0.6686666666666666,0.0,0.4444444444444444
0.8386666666666667,0.0,0.3076923076923077
0.6546666666666666,0.0,0.4444444444444444
0.8213333333333334,0.0,0.5454545454545454
0.686,0.0,0.18181818181818182
0.8786666666666667,0.0,0.5
0.622,0.0,0.2
0.586,0.0,0.1
0.6246666666666667,0.0,0.2
0.9606666666666667,0.0,0.35714285714285715
0.92,0.0,0.5833333333333334
0.722,0.0,0.2727272727272727
0.588,0.0,0.2
0.8473333333333334,0.0,0.25
0.7133333333333334,0.0,0.18181818181818182
0.8626666666666667,0.0,0.4166666666666667
0.9946666666666667,0.0,0.5384615384615384
0.5993333333333334,0.0,0.18181818181818182
0.7326666666666667,0.0,0.4
0.792,0.0,0.3333333333333333
0.8166666666666667,0.0,0.5454545454545454
0.8273333333333334,0.0,0.4166666666666667
1.01,0.0,0.42857142857142855
0.472,0.0,0.2222222222222222
1.0173333333333334,0.0,0.46153846153846156
0.522,0.0,0.14285714285714285
1.058,0.0,0.46153846153846156
0.866,0.0,0.14285714285714285
0.5606666666666666,0.0,0.09090909090909091
1.0526666666666666,0.0,0.3125
0.208,0.0,0.3333333333333333
1.2513333333333334,0.0,0.3888888888888889
0.908,0.0,0.46153846153846156
0.6753333333333333,0.0,0.4
0.42866666666666664,0.0,0.2857142857142857
1.1426666666666667,0.0,0.4375
0.7986666666666666,0.0,0.3076923076923077
0.9553333333333334,0.0,0.5
0.642,0.0,0.75
0.3313333333333333,0.0,0.75
0.5753333333333334,0.0,0.7142857142857143
1.2153333333333334,0.0,0.375
1.2793333333333334,0.0,0.4117647058823529
0.064,0.0,0.0
0.048,0.0,0.0
1.0246666666666666,0.0,0.4
0.25133333333333335,0.0,1.0
0.9113333333333333,0.0,0.23076923076923078
1.054,0.0,0.4
0.8213333333333334,0.0,0.3333333333333333
0.8073333333333333,0.0,0.3333333333333333
0.5493333333333333,0.0,0.3333333333333333
0.6206666666666667,0.0,0.5714285714285714
0.49533333333333335,0.0,0.6666666666666666
0.774,0.0,0.5
0.9273333333333333,0.0,0.26666666666666666
0.9013333333333333,0.0,0.4166666666666667
0.8853333333333333,0.0,0.5
0.6046666666666667,0.0,0.5714285714285714
0.47933333333333333,0.0,0.6666666666666666
0.9433333333333334,0.0,0.26666666666666666
0.7746666666666666,0.0,0.23076923076923078
0.7906666666666666,0.0,0.15384615384615385
0.658,0.0,0.375
0.8913333333333333,0.0,0.15384615384615385
0.8826666666666667,0.0,0.5
0.8186666666666667,0.0,0.23076923076923078
0.68,0.0,0.4444444444444444
0.722,0.0,0.18181818181818182
0.868,0.0,0.3076923076923077
0.6993333333333334,0.0,0.2727272727272727
0.812,0.0,0.2857142857142857
0.5333333333333333,0.0,0.3333333333333333
0.962,0.0,0.3333333333333333
0.5653333333333334,0.0,0.3333333333333333
0.8906666666666667,0.0,0.21428571428571427
0.766,0.0,0.16666666666666666
0.8153333333333334,0.0,0.25
0.7546666666666667,0.0,0.625
0.7406666666666667,0.0,0.15384615384615385
0.8033333333333333,0.0,0.6666666666666666
0.6366666666666667,0.0,0.5714285714285714
0.5546666666666666,0.0,0.5
0.518,0.0,0.6666666666666666
0.6226666666666667,0.0,0.625
0.664,0.0,0.75
0.6726666666666666,0.0,0.09090909090909091
0.886,0.0,0.2
0.902,0.0,0.2
0.7773333333333333,0.0,0.15384615384615385
0.8666666666666667,0.0,0.45454545454545453
0.7586666666666667,0.0,0.23076923076923078
0.65,0.0,0.18181818181818182
1.0353333333333334,0.0,0.46153846153846156
0.6246666666666667,0.0,0.16666666666666666
0.5493333333333333,0.0,0.5
1.1426666666666667,0.0,0.42857142857142855
0.49533333333333335,0.0,0.8333333333333334
0.9446666666666667,0.0,0.42857142857142855
1.1266666666666667,0.0,0.5
0.5113333333333333,0.0,0.6666666666666666
0.458,0.0,0.16666666666666666
0.75,0.0,0.2
0.9253333333333333,0.0,0.46153846153846156
0.7426666666666667,0.0,0.18181818181818182
0.4493333333333333,0.0,0.8
0.776,0.0,0.45454545454545453
0.884,0.0,0.21428571428571427
0.5433333333333333,0.0,0.375
0.2966666666666667,0.0,0.2
1.3633333333333333,0.0,0.35
1.2993333333333332,0.0,0.3684210526315789
1.0793333333333333,0.0,0.375
0.4086666666666667,0.0,0.14285714285714285
0.3446666666666667,0.0,0.0
1.252,0.0,0.3684210526315789
0.5993333333333334,0.0,0.2222222222222222
1.3753333333333333,0.0,0.3181818181818182
0.476,0.0,0.3333333333333333
0.9513333333333334,0.0,0.25
0.7046666666666667,0.0,0.15384615384615385
1.0193333333333334,0.0,0.5384615384615384
0.7633333333333333,0.0,0.3333333333333333
1.246,0.0,0.625
0.5833333333333334,0.0,0.2857142857142857
1.0626666666666666,0.0,0.46153846153846156
0.6946666666666667,0.0,0.16666666666666666
0.7846666666666666,0.0,0.5555555555555556
0.48533333333333334,0.0,0.4
1.01,0.0,0.3125
0.5566666666666666,0.0,0.6666666666666666
0.9386666666666666,0.0,0.2
0.43133333333333335,0.0,0.8
1.064,0.0,0.1875
0.8453333333333334,0.0,0.14285714285714285
0.95,0.0,0.1875
0.928,0.0,0.5454545454545454
0.9913333333333333,0.0,0.25
0.9693333333333334,0.0,0.6363636363636364
1.0053333333333334,0.0,0.25
0.8226666666666667,0.0,0.21428571428571427
0.8386666666666667,0.0,0.14285714285714285
0.7293333333333333,0.0,0.5555555555555556
0.666,0.0,0.09090909090909091
0.8746666666666667,0.0,0.21428571428571427
0.7813333333333333,0.0,0.15384615384615385
0.9413333333333334,0.0,0.26666666666666666
0.9406666666666667,0.0,0.23076923076923078
0.882,0.0,0.3076923076923077
0.7153333333333334,0.0,0.18181818181818182
0.6833333333333333,0.0,0.42857142857142855
0.6406666666666667,0.0,0.08333333333333333
0.8373333333333334,0.0,0.3076923076923077
0.718,0.0,0.5
0.748,0.0,0.5555555555555556
0.89,0.0,0.5454545454545454
1.0,0.0,0.2
0.678,0.0,0.75
0.7933333333333333,0.0,0.21428571428571427
0.7893333333333333,0.0,0.6666666666666666
0.8326666666666667,0.0,0.23076923076923078
0.732,0.0,0.5
0.6206666666666667,0.0,0.7142857142857143
0.506,0.0,0.14285714285714285
1.1166666666666667,0.0,0.29411764705882354
0.23266666666666666,0.0,0.0
1.0686666666666667,0.0,0.3125
0.3446666666666667,0.0,0.16666666666666666
1.3153333333333332,0.0,0.3684210526315789
0.2806666666666667,0.0,0.0
0.6633333333333333,0.0,0.2
0.764,0.0,0.3333333333333333
0.896,0.0,0.3076923076923077
0.5173333333333333,0.0,0.1111111111111111
1.184,0.0,0.3157894736842105
0.996,0.0,0.4166666666666667
1.0546666666666666,0.0,0.6923076923076923
0.946,0.0,0.3333333333333333
0.8866666666666667,0.0,0.38461538461538464
0.6766666666666666,0.0,0.375
0.6473333333333333,0.0,0.08333333333333333
0.8266666666666667,0.0,0.23076923076923078
0.752,0.0,0.14285714285714285
0.8586666666666667,0.0,0.25
0.6786666666666666,0.0,0.2
0.7206666666666667,0.0,0.36363636363636365
0.9393333333333334,0.0,0.2857142857142857
0.488,0.0,0.25
1.172,0.0,0.35294117647058826
1.4273333333333333,0.0,0.38095238095238093
1.124,0.0,0.375
1.188,0.0,0.3888888888888889
0.7086666666666667,0.0,0.25
1.1426666666666667,0.0,0.375
1.2066666666666668,0.0,0.4117647058823529
0.7726666666666666,0.0,0.23076923076923078
0.5813333333333334,0.0,0.2
0.2846666666666667,0.0,0.3333333333333333
1.1286666666666667,0.0,0.2631578947368421
0.896,0.0,0.1875
0.764,0.0,0.5555555555555556
0.9993333333333333,0.0,0.6153846153846154
0.6386666666666667,0.0,0.42857142857142855
0.8713333333333333,0.0,0.5
0.568,0.0,0.5
0.914,0.0,0.5
0.5133333333333333,0.0,0.6666666666666666
1.0646666666666667,0.0,0.2777777777777778
1.0166666666666666,0.0,0.29411764705882354
0.6433333333333333,0.0,0.375
0.6913333333333334,0.0,0.36363636363636365
0.9686666666666667,0.0,0.2857142857142857
0.6013333333333334,0.0,0.2222222222222222
0.894,0.0,0.4166666666666667
1.3406666666666667,0.0,0.4
0.31933333333333336,0.0,0.0
0.25133333333333335,0.0,0.2
1.4086666666666667,0.0,0.35
0.4786666666666667,0.0,0.14285714285714285
0.6086666666666667,0.0,0.25
0.7206666666666667,0.0,0.2
0.7746666666666666,0.0,0.45454545454545453
0.9333333333333333,0.0,0.6666666666666666
0.7046666666666667,0.0,0.375
0.7746666666666666,0.0,0.15384615384615385
0.31533333333333335,0.0,1.0
0.992,0.0,0.26666666666666666
0.582,0.0,0.7142857142857143
1.056,0.0,0.46153846153846156
1.236,0.0,0.4666666666666667
1.2293333333333334,0.0,0.3684210526315789
0.43066666666666664,0.0,0.16666666666666666
0.7453333333333333,0.0,0.16666666666666666
0.754,0.0,0.5
0.826,0.0,0.21428571428571427
0.5746666666666667,0.0,0.5
0.866,0.0,0.4166666666666667
1.3226666666666667,0.0,0.4375
0.6333333333333333,0.0,0.3333333333333333
0.9466666666666667,0.0,0.3333333333333333
0.5593333333333333,0.0,0.5714285714285714
1.0086666666666666,0.0,0.6153846153846154
0.9893333333333333,0.0,0.5
0.7633333333333333,0.0,0.375
1.318,0.0,0.2857142857142857
0.5886666666666667,0.0,0.5
0.722,0.0,0.2727272727272727
0.858,0.0,0.38461538461538464
0.9066666666666666,0.0,0.38461538461538464
0.6733333333333333,0.0,0.2727272727272727
0.6886666666666666,0.0,0.2222222222222222
0.8566666666666667,0.0,0.3333333333333333
0.7233333333333334,0.0,0.3333333333333333
0.8646666666666667,0.0,0.5
0.896,0.0,0.3333333333333333
1.0633333333333332,0.0,0.5833333333333334
0.47733333333333333,0.0,0.5
0.8213333333333334,0.0,0.45454545454545453
0.81,0.0,0.6
0.8553333333333333,0.0,0.6363636363636364
1.102,0.0,0.6428571428571429
0.49066666666666664,0.0,0.1111111111111111
0.6753333333333333,0.0,0.6666666666666666
0.9626666666666667,0.0,0.45454545454545453
1.3433333333333333,0.0,0.3
0.23666666666666666,0.0,0.5
1.1033333333333333,0.0,0.2
0.472,0.0,0.5714285714285714
0.5833333333333334,0.0,0.3333333333333333
0.992,0.0,0.3125
0.8073333333333333,0.0,0.21428571428571427
0.7726666666666666,0.0,0.5
0.618,0.0,0.1
0.9573333333333334,0.0,0.5
0.63,0.0,0.625
0.44266666666666665,0.0,0.6666666666666666
1.1953333333333334,0.0,0.5
0.7686666666666667,0.0,0.5
0.736,0.0,0.2222222222222222
0.716,0.0,0.5
0.944,0.0,0.25
0.6893333333333334,0.0,0.6666666666666666
0.262,0.0,0.6666666666666666
0.9053333333333333,0.0,0.15384615384615385
0.67,0.0,0.5555555555555556
1.1966666666666668,0.0,0.2631578947368421
0.38333333333333336,0.0,0.6
0.752,0.0,0.4
0.828,0.0,0.2857142857142857
0.8053333333333333,0.0,0.5454545454545454
0.6353333333333333,0.0,0.3
0.9446666666666667,0.0,0.35714285714285715
0.5693333333333334,0.0,0.375
1.0106666666666666,0.0,0.3125
0.6773333333333333,0.0,0.2727272727272727
0.9026666666666666,0.0,0.38461538461538464
0.798,0.0,0.45454545454545453
0.7433333333333333,0.0,0.23076923076923078
0.8366666666666667,0.0,0.45454545454545453
1.088,0.0,0.5714285714285714
0.3506666666666667,0.0,0.2
0.7506666666666667,0.0,0.25
0.8093333333333333,0.0,0.5
0.6133333333333333,0.0,0.2857142857142857
0.9466666666666667,0.0,0.4
0.606,0.0,0.3333333333333333
0.974,0.0,0.3333333333333333
1.1973333333333334,0.0,0.4117647058823529
0.38266666666666665,0.0,0.14285714285714285
1.37,0.0,0.4
0.21,0.0,0.0
0.6546666666666666,0.0,0.3333333333333333
0.9166666666666666,0.0,0.4166666666666667
0.75,0.0,0.5
0.86,0.0,0.4
0.7026666666666667,0.0,0.5555555555555556
1.0326666666666666,0.0,0.38461538461538464
0.5273333333333333,0.0,0.3333333333333333
0.748,0.0,0.3076923076923077
0.5273333333333333,0.0,0.375
0.976,0.0,0.2857142857142857
1.0666666666666667,0.0,0.3125
0.7753333333333333,0.0,0.23076923076923078
0.32133333333333336,0.0,0.2
1.1306666666666667,0.0,0.35294117647058826
0.4493333333333333,0.0,0.2857142857142857
0.6953333333333334,0.0,0.25
0.8846666666666667,0.0,0.4166666666666667
0.7913333333333333,0.0,0.6
0.862,0.0,0.4
0.6706666666666666,0.0,0.2727272727272727
0.9253333333333333,0.0,0.3076923076923077
0.5973333333333334,0.0,0.3333333333333333
1.5093333333333334,0.0,0.5555555555555556
0.5813333333333334,0.0,0.5714285714285714
0.536,0.0,0.6666666666666666
0.7086666666666667,0.0,0.4444444444444444
0.562,0.0,0.2222222222222222
0.9453333333333334,0.0,0.46153846153846156
1.04,0.0,0.26666666666666666
0.686,0.0,0.5555555555555556
0.8213333333333334,0.0,0.23076923076923078
0.504,0.0,0.5714285714285714
0.68,0.0,0.3
0.5813333333333334,0.0,0.1111111111111111
0.54,0.0,0.42857142857142855
0.7406666666666667,0.0,0.45454545454545453
0.7666666666666667,0.0,0.2727272727272727
0.508,0.0,0.375
0.9993333333333333,0.0,0.35714285714285715
0.8766666666666667,0.0,0.5454545454545454
1.318,0.0,0.2777777777777778
0.338,0.0,0.75
0.9733333333333334,0.0,0.5833333333333334
0.6566666666666666,0.0,0.3
0.6766666666666666,0.0,0.4
1.072,0.0,0.2857142857142857
0.82,0.0,0.4166666666666667
0.7486666666666667,0.0,0.2727272727272727
0.7213333333333334,0.0,0.16666666666666666
0.8746666666666667,0.0,0.4166666666666667
0.7473333333333333,0.0,0.5
0.8013333333333333,0.0,0.3333333333333333
0.766,0.0,0.5
0.8233333333333334,0.0,0.4
0.9486666666666667,0.0,0.36363636363636365
0.796,0.0,0.2727272727272727
0.784,0.0,0.38461538461538464
0.7073333333333334,0.0,0.4444444444444444
0.8,0.0,0.3076923076923077
0.8346666666666667,0.0,0.36363636363636365
0.6726666666666666,0.0,0.36363636363636365
0.876,0.0,0.45454545454545453
0.6313333333333333,0.0,0.2727272727272727
0.7713333333333333,0.0,0.36363636363636365
0.7,0.0,0.2
0.6,0.0,0.1111111111111111
0.9073333333333333,0.0,0.5384615384615384
0.7113333333333334,0.0,0.18181818181818182
0.7526666666666667,0.0,0.2727272727272727
0.7546666666666667,0.0,0.45454545454545453
0.97,0.0,0.46153846153846156
0.8986666666666666,0.0,0.3333333333333333
1.024,0.0,0.3076923076923077
0.7986666666666666,0.0,0.2727272727272727
0.7086666666666667,0.0,0.45454545454545453
0.7826666666666666,0.0,0.36363636363636365
0.5973333333333334,0.0,0.4444444444444444
0.9513333333333334,0.0,0.38461538461538464
0.954,0.0,0.46153846153846156
0.8826666666666667,0.0,0.3333333333333333
1.008,0.0,0.3076923076923077
0.8553333333333333,0.0,0.23076923076923078
0.7826666666666666,0.0,0.2727272727272727
0.7246666666666667,0.0,0.45454545454545453
0.7406666666666667,0.0,0.36363636363636365
0.894,0.0,0.3076923076923077
0.6133333333333333,0.0,0.4444444444444444
0.9353333333333333,0.0,0.38461538461538464
0.572,0.0,0.3333333333333333
0.8753333333333333,0.0,0.3076923076923077
0.632,0.0,0.4444444444444444
0.9313333333333333,0.0,0.46153846153846156
0.86,0.0,0.3333333333333333
0.9853333333333333,0.0,0.3076923076923077
0.76,0.0,0.2727272727272727
0.7473333333333333,0.0,0.45454545454545453
0.744,0.0,0.36363636363636365
0.7633333333333333,0.0,0.36363636363636365
0.636,0.0,0.4444444444444444
0.9126666666666666,0.0,0.38461538461538464
0.8946666666666667,0.0,0.5454545454545454
0.912,0.0,0.6153846153846154
0.8006666666666666,0.0,0.6363636363636364
0.7593333333333333,0.0,0.5454545454545454
0.8193333333333334,0.0,0.6363636363636364
0.8406666666666667,0.0,0.5
0.8566666666666667,0.0,0.4166666666666667
0.7293333333333333,0.0,0.5
0.874,0.0,0.25
0.8253333333333334,0.0,0.18181818181818182
0.966,0.0,0.46153846153846156
0.8546666666666667,0.0,0.45454545454545453
0.8133333333333334,0.0,0.36363636363636365
0.8713333333333333,0.0,0.23076923076923078
0.8133333333333334,0.0,0.38461538461538464
0.8293333333333334,0.0,0.3076923076923077
0.702,0.0,0.36363636363636365
0.6486666666666666,0.0,0.2
0.9233333333333333,0.0,0.46153846153846156
0.7246666666666667,0.0,0.36363636363636365
0.7666666666666667,0.0,0.36363636363636365
0.982,0.0,0.38461538461538464
0.76,0.0,0.25
0.8713333333333333,0.0,0.3076923076923077
0.706,0.0,0.4
0.556,0.0,0.3333333333333333
0.688,0.0,0.4
0.6606666666666666,0.0,0.2727272727272727
0.7413333333333333,0.0,0.25
0.816,0.0,0.36363636363636365
0.748,0.0,0.5
0.8733333333333333,0.0,0.45454545454545453
1.0,0.0,0.42857142857142855
1.3053333333333332,0.0,0.4117647058823529
0.6966666666666667,0.0,0.5555555555555556
0.474,0.0,0.125
1.026,0.0,0.2857142857142857
0.63,0.0,0.5
0.9353333333333333,0.0,0.45454545454545453
1.254,0.0,0.29411764705882354
0.402,0.0,0.6
0.7686666666666667,0.0,0.25
0.8873333333333333,0.0,0.5
1.138,0.0,0.25
0.8586666666666667,0.0,0.5
0.7946666666666666,0.0,0.45454545454545453
0.904,0.0,0.2857142857142857
0.37066666666666664,0.0,0.4
1.1366666666666667,0.0,0.35294117647058826
0.5253333333333333,0.0,0.2857142857142857
0.918,0.0,0.35714285714285715
0.5893333333333334,0.0,0.375
0.7806666666666666,0.0,0.36363636363636365
0.494,0.0,0.25
1.2286666666666666,0.0,0.4444444444444444
0.2786666666666667,0.0,0.0
1.1646666666666667,0.0,0.4117647058823529
0.3426666666666667,0.0,0.2
0.9733333333333334,0.0,0.42857142857142855
1.2766666666666666,0.0,0.42105263157894735
0.23066666666666666,0.0,0.0
1.2126666666666666,0.0,0.3888888888888889
1.0213333333333334,0.0,0.4
0.486,0.0,0.2857142857142857
1.0853333333333333,0.0,0.375
0.848,0.0,0.5833333333333334
0.782,0.0,0.3
0.6566666666666666,0.0,0.6666666666666666
0.9733333333333334,0.0,0.3076923076923077
1.206,0.0,0.375
1.092,0.0,0.6
0.538,0.0,0.14285714285714285
1.028,0.0,0.5714285714285714
0.8366666666666667,0.0,0.6363636363636364
1.3973333333333333,0.0,0.5555555555555556
1.3333333333333333,0.0,0.5294117647058824
1.142,0.0,0.5714285714285714
0.5686666666666667,0.0,0.2222222222222222
0.9386666666666666,0.0,0.46153846153846156
0.864,0.0,0.35714285714285715
0.7886666666666666,0.0,0.4166666666666667
0.7026666666666667,0.0,0.3
0.8046666666666666,0.0,0.4166666666666667
1.018,0.0,0.42857142857142855
0.992,0.0,0.5714285714285714
0.9466666666666667,0.0,0.3076923076923077
0.9206666666666666,0.0,0.46153846153846156
1.046,0.0,0.42857142857142855
0.9193333333333333,0.0,0.21428571428571427
0.6606666666666666,0.0,0.5
0.8466666666666667,0.0,0.25
0.8306666666666667,0.0,0.3333333333333333
0.5493333333333333,0.0,0.5
0.958,0.0,0.2857142857142857
0.746,0.0,0.3333333333333333
0.8,0.0,0.16666666666666666
0.5746666666666667,0.0,0.1
0.5586666666666666,0.0,0.2
0.9486666666666667,0.0,0.5
0.686,0.0,0.16666666666666666
0.8213333333333334,0.0,0.6
0.7273333333333334,0.0,0.25
0.8206666666666667,0.0,0.45454545454545453
0.7493333333333333,0.0,0.3
0.8746666666666667,0.0,0.2727272727272727
0.874,0.0,0.38461538461538464
0.7606666666666667,0.0,0.2727272727272727
0.7466666666666667,0.0,0.45454545454545453
0.802,0.0,0.36363636363636365
0.7053333333333334,0.0,0.36363636363636365
0.584,0.0,0.2222222222222222
0.796,0.0,0.5454545454545454
0.88,0.0,0.38461538461538464
0.934,0.0,0.23076923076923078
0.7086666666666667,0.0,0.18181818181818182
0.7986666666666666,0.0,0.5454545454545454
0.6926666666666667,0.0,0.2727272727272727
0.8146666666666667,0.0,0.45454545454545453
0.82,0.0,0.23076923076923078
0.6873333333333334,0.0,0.5555555555555556
0.8613333333333333,0.0,0.3076923076923077
0.646,0.0,0.4444444444444444
0.8746666666666667,0.0,0.7272727272727273
0.8333333333333334,0.0,0.6363636363636364
0.6746666666666666,0.0,0.18181818181818182
0.8086666666666666,0.0,0.25
0.9146666666666666,0.0,0.5833333333333334
0.9306666666666666,0.0,0.5
0.8033333333333333,0.0,0.6
0.762,0.0,0.5
1.04,0.0,0.5384615384615384
0.648,0.0,0.5555555555555556
0.8873333333333333,0.0,0.45454545454545453
0.8873333333333333,0.0,0.46153846153846156
0.7346666666666667,0.0,0.36363636363636365
0.858,0.0,0.46153846153846156
0.9033333333333333,0.0,0.38461538461538464
0.9286666666666666,0.0,0.5454545454545454
0.78,0.0,0.5
0.926,0.0,0.35714285714285715
1.2313333333333334,0.0,0.35294117647058826
0.6226666666666667,0.0,0.4444444444444444
0.8026666666666666,0.0,0.45454545454545453
1.108,0.0,0.42857142857142855
1.132,0.0,0.25
0.952,0.0,0.21428571428571427
0.6466666666666666,0.0,0.18181818181818182
1.18,0.0,0.23529411764705882
0.582,0.0,0.5714285714285714
1.244,0.0,0.2222222222222222
0.8686666666666667,0.0,0.5454545454545454
0.6386666666666667,0.0,0.18181818181818182
0.6773333333333333,0.0,0.625
0.83,0.0,0.21428571428571427
0.44466666666666665,0.0,0.6
0.4513333333333333,0.0,0.14285714285714285
0.992,0.0,0.42857142857142855
0.5153333333333333,0.0,0.25
0.8006666666666666,0.0,0.45454545454545453
0.9393333333333334,0.0,0.35714285714285715
0.534,0.0,0.25
0.7666666666666667,0.0,0.36363636363636365
0.2946666666666667,0.0,0.25
0.7886666666666666,0.0,0.3333333333333333
0.922,0.0,0.6666666666666666
0.7306666666666667,0.0,0.7777777777777778
0.498,0.0,0.8333333333333334
1.166,0.0,0.6666666666666666
0.602,0.0,0.25
0.9106666666666666,0.0,0.7272727272727273
1.026,0.0,0.35714285714285715
1.4713333333333334,0.0,0.6111111111111112
1.216,0.0,0.6428571428571429
0.49466666666666664,0.0,0.1111111111111111
0.944,0.0,0.35714285714285715
0.18,0.0,0.5
0.8726666666666667,0.0,0.23076923076923078
0.998,0.0,0.21428571428571427
0.7726666666666666,0.0,0.16666666666666666
0.6233333333333333,0.0,0.625
0.582,0.0,0.5
0.9253333333333333,0.0,0.2857142857142857
0.372,0.0,0.3333333333333333
0.5953333333333334,0.0,0.42857142857142855
0.8126666666666666,0.0,0.6
0.7093333333333334,0.0,0.3333333333333333
0.8946666666666667,0.0,0.5
0.806,0.0,0.4
0.616,0.0,0.3333333333333333
0.9433333333333334,0.0,0.45454545454545453
0.654,0.0,0.5
0.6593333333333333,0.0,0.375
1.11,0.0,0.5833333333333334
0.6153333333333333,0.0,0.25
0.7366666666666667,0.0,0.4444444444444444
0.946,0.0,0.6
0.5986666666666667,0.0,0.3333333333333333
1.2466666666666666,0.0,0.5714285714285714
0.8973333333333333,0.0,0.6
0.6426666666666667,0.0,0.375
0.6966666666666667,0.0,0.5
1.0566666666666666,0.0,0.7
0.7353333333333333,0.0,0.625
0.9933333333333333,0.0,0.5833333333333334
0.25533333333333336,0.0,0.25
1.0113333333333334,0.0,0.5833333333333334
0.952,0.0,0.36363636363636365
0.774,0.0,0.3
0.8793333333333333,0.0,0.5
0.944,0.0,0.5
0.12866666666666668,0.0,0.5
0.7033333333333334,0.0,0.75
1.094,0.0,0.4166666666666667
1.1373333333333333,0.0,0.6666666666666666
0.8713333333333333,0.0,0.4444444444444444
0.838,0.0,0.4444444444444444
0.9533333333333334,0.0,0.45454545454545453
1.168,0.0,0.5
0.918,0.0,0.4
0.8526666666666667,0.0,0.4
0.8173333333333334,0.0,0.6
0.9586666666666667,0.0,0.5833333333333334
0.6373333333333333,0.0,0.2222222222222222
0.9266666666666666,0.0,0.5
1.2193333333333334,0.0,0.5
0.7886666666666666,0.0,0.4444444444444444
0.3913333333333333,0.0,0.16666666666666666
0.9313333333333333,0.0,0.4166666666666667
0.572,0.0,0.25
0.8986666666666666,0.0,0.5555555555555556
0.9153333333333333,0.0,0.5555555555555556
0.5233333333333333,0.0,0.14285714285714285
0.5706666666666667,0.0,0.375
0.7553333333333333,0.0,0.375
0.502,0.0,0.42857142857142855
0.6053333333333333,0.0,0.5
0.20866666666666667,0.0,0.3333333333333333
0.37066666666666664,0.0,0.14285714285714285
0.8726666666666667,0.0,0.5
0.5873333333333334,0.0,0.3333333333333333
0.44333333333333336,0.0,0.16666666666666666
0.664,0.0,0.3
0.7686666666666667,0.0,0.625
0.696,0.0,0.3
0.32266666666666666,0.0,0.5
0.45666666666666667,0.0,0.8
1.0913333333333333,0.0,0.5454545454545454
0.854,0.0,0.4444444444444444
0.654,0.0,0.375
0.6693333333333333,0.0,0.375
0.822,0.0,0.5555555555555556
0.48933333333333334,0.0,0.42857142857142855
0.32266666666666666,0.0,0.16666666666666666
0.238,0.0,0.25
0.9926666666666667,0.0,0.5454545454545454
0.736,0.0,0.4
0.9473333333333334,0.0,0.5555555555555556
0.99,0.0,0.5454545454545454
0.862,0.0,0.5
0.44666666666666666,0.0,0.5
0.5286666666666666,0.0,0.5
0.534,0.0,0.2857142857142857
0.8986666666666666,0.0,0.5454545454545454
0.926,0.0,0.45454545454545453
0.4886666666666667,0.0,0.3333333333333333
0.17533333333333334,0.0,0.3333333333333333
0.77,0.0,0.625
1.374,0.0,0.5714285714285714
0.652,0.0,0.42857142857142855
0.57,0.0,0.125
0.368,0.0,0.6666666666666666
0.9306666666666666,0.0,0.45454545454545453
1.138,0.0,0.5
0.2846666666666667,0.0,0.0
1.05,0.0,0.5
0.448,0.0,0.16666666666666666
0.71,0.0,0.3333333333333333
1.046,0.0,0.45454545454545453
1.1646666666666667,0.0,0.5
0.082,0.0,0.5
0.12666666666666668,0.0,0.0
0.9666666666666667,0.0,0.45454545454545453
0.04666666666666667,0.0,0.0
0.6653333333333333,0.0,0.4444444444444444
0.9226666666666666,0.0,0.4
0.6113333333333333,0.0,0.3333333333333333
0.7546666666666667,0.0,0.375
0.404,0.0,0.16666666666666666
0.7906666666666666,0.0,0.5555555555555556
0.7446666666666667,0.0,0.36363636363636365
1.0466666666666666,0.0,0.4166666666666667
0.486,0.0,0.6
0.422,0.0,0.6
1.0,0.0,0.4166666666666667
0.798,0.0,0.3333333333333333
0.742,0.0,0.5
0.7086666666666667,0.0,0.5
0.662,0.0,0.5714285714285714
0.7606666666666667,0.0,0.5714285714285714
0.8086666666666666,0.0,0.5
0.776,0.0,0.4444444444444444
0.55,0.0,0.375
0.824,0.0,0.8571428571428571
0.83,0.0,0.6
0.6133333333333333,0.0,0.5714285714285714
0.444,0.0,0.2857142857142857
0.956,0.0,0.2727272727272727
0.598,0.0,0.25
0.44866666666666666,0.0,0.75
0.978,0.0,0.38461538461538464
0.924,0.0,0.6
1.1426666666666667,0.0,0.4166666666666667
0.9753333333333334,0.0,0.5
0.7713333333333333,0.0,0.4444444444444444
0.746,0.0,0.2727272727272727
0.582,0.0,0.25
0.30533333333333335,0.0,0.16666666666666666
0.614,0.0,0.25
0.504,0.0,0.8
0.748,0.0,0.625
0.604,0.0,0.2857142857142857
0.2673333333333333,0.0,0.0
0.432,0.0,0.125
0.8166666666666667,0.0,0.5
0.4806666666666667,0.0,0.125
0.6306666666666667,0.0,0.4444444444444444
0.416,0.0,0.3333333333333333
0.8913333333333333,0.0,0.36363636363636365
0.6433333333333333,0.0,0.2222222222222222
0.6093333333333333,0.0,0.5
0.08,0.0,0.0
0.38066666666666665,0.0,0.2
1.006,0.0,0.5833333333333334
0.5153333333333333,0.0,0.14285714285714285
0.6746666666666666,0.0,0.42857142857142855
0.8093333333333333,0.0,0.5555555555555556
0.334,0.0,0.25
1.076,0.0,0.3333333333333333
0.71,0.0,0.5
0.724,0.0,0.375
0.81,0.0,0.36363636363636365
0.6626666666666666,0.0,0.3333333333333333
0.048,0.0,0.0
1.166,0.0,0.5833333333333334
0.9,0.0,0.4
0.46066666666666667,0.0,0.16666666666666666
0.9966666666666667,0.0,0.36363636363636365
0.44266666666666665,0.0,0.2857142857142857
0.5486666666666666,0.0,0.375
0.12,0.0,1.0
0.566,0.0,0.5
0.68,0.0,0.5714285714285714
0.698,0.0,0.7142857142857143
0.8506666666666667,0.0,0.3
0.9853333333333333,0.0,0.36363636363636365
0.68,0.0,0.3
0.6946666666666667,0.0,0.8333333333333334
0.5753333333333334,0.0,0.42857142857142855
0.792,0.0,0.36363636363636365
1.032,0.0,0.3333333333333333
0.782,0.0,0.625
0.618,0.0,0.4444444444444444
0.32,0.0,1.0
0.9666666666666667,0.0,0.4
0.998,0.0,0.36363636363636365
1.0173333333333334,0.0,0.45454545454545453
0.678,0.0,0.4444444444444444
0.984,0.0,0.36363636363636365
0.622,0.0,0.5
0.696,0.0,0.4444444444444444
1.028,0.0,0.36363636363636365
0.624,0.0,0.8333333333333334
0.912,0.0,0.2727272727272727
0.194,0.0,0.5
0.442,0.0,0.6
0.8886666666666667,0.0,0.75
0.932,0.0,0.25
0.4533333333333333,0.0,0.3333333333333333
0.8526666666666667,0.0,0.625
0.6846666666666666,0.0,0.3333333333333333
1.246,0.0,0.5384615384615384
1.0446666666666666,0.0,0.3333333333333333
1.2113333333333334,0.0,0.46153846153846156
0.856,0.0,0.5555555555555556
0.7673333333333333,0.0,0.375
1.0466666666666666,0.0,0.6
0.24866666666666667,0.0,0.6666666666666666
0.5506666666666666,0.0,0.6666666666666666
0.712,0.0,0.2
0.6613333333333333,0.0,0.5
0.552,0.0,0.6666666666666666
0.38466666666666666,0.0,0.3333333333333333
0.8113333333333334,0.0,0.25
0.5746666666666667,0.0,0.125
0.9826666666666667,0.0,0.45454545454545453
0.9853333333333333,0.0,0.5454545454545454
0.856,0.0,0.5
1.0453333333333332,0.0,0.38461538461538464
0.30933333333333335,0.0,0.25
0.9986666666666667,0.0,0.5454545454545454
0.7026666666666667,0.0,0.2222222222222222
0.49133333333333334,0.0,0.14285714285714285
0.31533333333333335,0.0,0.0
0.7173333333333334,0.0,0.3333333333333333
0.8933333333333333,0.0,0.36363636363636365
0.722,0.0,0.7142857142857143
1.378,0.0,0.6
0.6253333333333333,0.0,0.375
0.74,0.0,0.2
0.6873333333333334,0.0,0.5
0.6886666666666666,0.0,0.7142857142857143
0.22933333333333333,0.0,0.3333333333333333
0.6906666666666667,0.0,0.3333333333333333
0.854,0.0,0.5
0.47733333333333333,0.0,0.4
0.8053333333333333,0.0,0.25
1.0946666666666667,0.0,0.5454545454545454
0.854,0.0,0.625
0.5746666666666667,0.0,0.6666666666666666
0.534,0.0,0.3333333333333333
0.8706666666666667,0.0,0.75
0.7633333333333333,0.0,0.375
1.1846666666666668,0.0,0.4666666666666667
0.6993333333333334,0.0,0.3
1.2653333333333334,0.0,0.4
0.9953333333333333,0.0,0.5
0.9266666666666666,0.0,0.5
0.9193333333333333,0.0,0.3076923076923077
0.406,0.0,0.2
0.7586666666666667,0.0,0.2727272727272727
0.8953333333333333,0.0,0.5
0.578,0.0,0.6666666666666666
0.402,0.0,0.75
0.442,0.0,0.0
0.814,0.0,0.15384615384615385
0.8833333333333333,0.0,0.23076923076923078
0.7746666666666666,0.0,0.36363636363636365
0.758,0.0,0.4444444444444444
1.1746666666666667,0.0,0.5
0.63,0.0,0.25
0.7486666666666667,0.0,0.375
1.0686666666666667,0.0,0.5
0.45466666666666666,0.0,0.6
0.328,0.0,1.0
0.734,0.0,0.5
0.69,0.0,0.2
0.836,0.0,0.5555555555555556
0.8313333333333334,0.0,0.5555555555555556
0.738,0.0,0.5714285714285714
0.72,0.0,0.42857142857142855
0.6566666666666666,0.0,0.625
0.626,0.0,0.2
0.8026666666666666,0.0,0.5555555555555556
0.7186666666666667,0.0,0.4
0.7313333333333333,0.0,0.4
0.8066666666666666,0.0,0.4444444444444444
0.6533333333333333,0.0,0.42857142857142855
0.6166666666666667,0.0,0.42857142857142855
0.6526666666666666,0.0,0.2857142857142857
0.6593333333333333,0.0,0.3
0.48,0.0,0.1111111111111111
0.5086666666666667,0.0,0.14285714285714285
0.752,0.0,0.3
0.7233333333333334,0.0,0.2
0.9393333333333334,0.0,0.5
1.0153333333333334,0.0,0.7
0.5986666666666667,0.0,0.2857142857142857
0.278,0.0,0.3333333333333333
0.8446666666666667,0.0,0.5
0.7306666666666667,0.0,0.625
0.43733333333333335,0.0,0.6
0.5206666666666667,0.0,0.3333333333333333
1.01,0.0,0.38461538461538464
1.0853333333333333,0.0,0.46153846153846156
0.24666666666666667,0.0,0.3333333333333333
1.1653333333333333,0.0,0.42857142857142855
0.44066666666666665,0.0,0.4
1.0533333333333332,0.0,0.42857142857142855
0.772,0.0,0.25
0.782,0.0,0.375
0.822,0.0,0.5
0.6486666666666666,0.0,0.5714285714285714
0.2866666666666667,0.0,0.25
0.544,0.0,0.6
0.526,0.0,0.4
0.9013333333333333,0.0,0.3076923076923077
0.382,0.0,0.2
0.8506666666666667,0.0,0.6
0.784,0.0,0.4444444444444444
0.24266666666666667,0.0,0.25
0.8826666666666667,0.0,0.5
0.816,0.0,0.3333333333333333
0.702,0.0,0.42857142857142855
0.5106666666666667,0.0,0.2857142857142857
0.772,0.0,0.2727272727272727
0.5606666666666666,0.0,0.2
0.114,0.0,0.0
0.76,0.0,0.36363636363636365
0.5546666666666666,0.0,0.2857142857142857
0.55,0.0,0.2857142857142857
0.6626666666666666,0.0,0.3
0.7926666666666666,0.0,0.36363636363636365
0.8053333333333333,0.0,0.36363636363636365
0.7366666666666667,0.0,0.625
0.7706666666666667,0.0,0.6666666666666666
0.626,0.0,0.5714285714285714
0.7693333333333333,0.0,0.2727272727272727
0.176,0.0,0.5
0.646,0.0,0.5
0.8246666666666667,0.0,0.5555555555555556
0.7873333333333333,0.0,0.36363636363636365
0.982,0.0,0.6666666666666666
0.848,0.0,0.5
0.6913333333333334,0.0,0.2
0.8946666666666667,0.0,0.75
0.9633333333333334,0.0,0.36363636363636365
0.6466666666666666,0.0,0.3
0.29333333333333333,0.0,0.6666666666666666
0.942,0.0,0.6
0.6913333333333334,0.0,0.3
0.7426666666666667,0.0,0.7142857142857143
0.728,0.0,0.375
0.502,0.0,0.3333333333333333
1.2473333333333334,0.0,0.4375
0.32866666666666666,0.0,0.4
0.7566666666666667,0.0,0.2727272727272727
0.6746666666666666,0.0,0.2222222222222222
0.38133333333333336,0.0,0.0
1.046,0.0,0.5
1.16,0.0,0.42857142857142855
0.8306666666666667,0.0,0.4444444444444444
0.854,0.0,0.3076923076923077
1.03,0.0,0.6
0.8166666666666667,0.0,0.5555555555555556
1.0886666666666667,0.0,0.7
0.878,0.0,0.5
0.8113333333333334,0.0,0.3333333333333333
0.5726666666666667,0.0,0.3333333333333333
0.804,0.0,0.6666666666666666
0.6453333333333333,0.0,0.3
0.7326666666666667,0.0,0.5
0.6226666666666667,0.0,0.5714285714285714
0.606,0.0,0.3333333333333333
0.734,0.0,0.42857142857142855
0.512,0.0,0.1111111111111111
0.552,0.0,0.2222222222222222
0.7633333333333333,0.0,0.3
0.6726666666666666,0.0,0.5714285714285714
0.898,0.0,0.6666666666666666
0.8646666666666667,0.0,0.6666666666666666
0.8193333333333334,0.0,0.5
0.8193333333333334,0.0,0.2727272727272727
0.774,0.0,0.5714285714285714
0.736,0.0,0.5
0.462,0.0,0.16666666666666666
0.9686666666666667,0.0,0.6666666666666666
0.9713333333333334,0.0,0.4166666666666667
0.7273333333333334,0.0,0.36363636363636365
0.8153333333333334,0.0,0.5555555555555556
0.7806666666666666,0.0,0.375
0.684,0.0,0.5
0.648,0.0,1.0
0.9186666666666666,0.0,0.6666666666666666
0.8833333333333333,0.0,0.45454545454545453
0.314,0.0,0.25
0.678,0.0,0.5
0.8846666666666667,0.0,0.36363636363636365
0.658,0.0,0.42857142857142855
0.652,0.0,0.2
0.896,0.0,0.4444444444444444
0.30466666666666664,0.0,0.5
0.9446666666666667,0.0,0.6
0.7733333333333333,0.0,0.25
0.8286666666666667,0.0,0.3333333333333333
0.4786666666666667,0.0,0.1111111111111111
0.6886666666666666,0.0,0.5
0.6786666666666666,0.0,0.3
0.7626666666666667,0.0,0.4444444444444444
0.6546666666666666,0.0,0.42857142857142855
0.64,0.0,0.2857142857142857
0.608,0.0,0.42857142857142855
0.158,0.0,0.0
0.88,0.0,0.5555555555555556
0.42866666666666664,0.0,0.16666666666666666
0.576,0.0,0.2857142857142857
0.6753333333333333,0.0,0.375
0.464,0.0,0.2857142857142857
0.658,0.0,0.3
0.9313333333333333,0.0,0.45454545454545453
0.496,0.0,0.14285714285714285
0.5673333333333334,0.0,0.2857142857142857
0.6706666666666666,0.0,0.42857142857142855
0.9186666666666666,0.0,0.45454545454545453
0.8226666666666667,0.0,0.3
0.376,0.0,0.5
0.646,0.0,0.4444444444444444
0.986,0.0,0.46153846153846156
0.508,0.0,0.3333333333333333
0.6073333333333333,0.0,0.42857142857142855
0.5273333333333333,0.0,0.5
0.9333333333333333,0.0,0.4
0.8573333333333333,0.0,0.5
0.434,0.0,0.5
0.7273333333333334,0.0,0.5714285714285714
0.618,0.0,0.1111111111111111
0.8453333333333334,0.0,0.3333333333333333
1.062,0.0,0.6363636363636364
0.7253333333333334,0.0,0.2727272727272727
0.236,0.0,0.0
0.10933333333333334,0.0,0.0
0.394,0.0,0.5
0.5033333333333333,0.0,0.6666666666666666
0.2,0.0,0.5
0.6973333333333334,0.0,0.625
0.7773333333333333,0.0,0.5555555555555556
0.5906666666666667,0.0,0.5
0.8446666666666667,0.0,0.5
0.8506666666666667,0.0,0.6666666666666666
0.8113333333333334,0.0,0.5
0.9906666666666667,0.0,0.6363636363636364
0.7593333333333333,0.0,0.5555555555555556
0.6973333333333334,0.0,0.4444444444444444
0.6653333333333333,0.0,0.5555555555555556
0.6926666666666667,0.0,0.4444444444444444
0.6253333333333333,0.0,0.375
0.6073333333333333,0.0,0.25
0.872,0.0,0.75
0.49733333333333335,0.0,0.2857142857142857
0.5313333333333333,0.0,0.375
1.064,0.0,0.5384615384615384
0.86,0.0,0.4166666666666667
0.7753333333333333,0.0,0.4444444444444444
0.8473333333333334,0.0,0.4166666666666667
0.9073333333333333,0.0,0.4166666666666667
0.8946666666666667,0.0,0.4166666666666667
0.6353333333333333,0.0,0.2857142857142857
0.8893333333333333,0.0,0.3333333333333333
0.71,0.0,0.18181818181818182
0.9213333333333333,0.0,0.25
0.7793333333333333,0.0,0.36363636363636365
0.6,0.0,0.2
0.8113333333333334,0.0,0.2727272727272727
0.784,0.0,0.36363636363636365
0.872,0.0,0.36363636363636365
0.8113333333333334,0.0,0.36363636363636365
0.8173333333333334,0.0,0.6666666666666666
0.5693333333333334,0.0,0.42857142857142855
0.664,0.0,0.6666666666666666
0.6806666666666666,0.0,0.2727272727272727
0.8373333333333334,0.0,0.625
0.8433333333333334,0.0,0.2727272727272727
0.7793333333333333,0.0,0.6
0.7306666666666667,0.0,0.5555555555555556
0.9393333333333334,0.0,0.3333333333333333
0.7653333333333333,0.0,0.36363636363636365
0.824,0.0,0.5
0.71,0.0,0.4444444444444444
0.576,0.0,0.25
0.8766666666666667,0.0,0.3333333333333333
0.7826666666666666,0.0,0.36363636363636365
0.84,0.0,0.5
0.816,0.0,0.36363636363636365
0.8646666666666667,0.0,0.4166666666666667
0.894,0.0,0.3333333333333333
1.056,0.0,0.5
0.36666666666666664,0.0,0.6666666666666666
1.1126666666666667,0.0,0.46153846153846156
0.8266666666666667,0.0,0.6666666666666666
0.9846666666666667,0.0,0.5454545454545454
0.8466666666666667,0.0,0.3333333333333333
1.258,0.0,0.5714285714285714
0.2826666666666667,0.0,0.0
1.34,0.0,0.5625
0.156,0.0,0.0
0.858,0.0,0.3333333333333333
0.7646666666666667,0.0,0.5555555555555556
0.738,0.0,0.2727272727272727
0.3626666666666667,0.0,0.0
1.26,0.0,0.6
1.3866666666666667,0.0,0.5294117647058824
0.6386666666666667,0.0,0.2
0.412,0.0,0.16666666666666666
1.0653333333333332,0.0,0.35714285714285715
0.9453333333333334,0.0,0.3076923076923077
1.1133333333333333,0.0,0.3333333333333333
0.7,0.0,0.18181818181818182
0.7306666666666667,0.0,0.625
0.892,0.0,0.3076923076923077
0.9253333333333333,0.0,0.3076923076923077
0.5833333333333334,0.0,0.5714285714285714
1.0393333333333334,0.0,0.35714285714285715
0.4493333333333333,0.0,0.3333333333333333
1.1733333333333333,0.0,0.4666666666666667
0.974,0.0,0.35714285714285715
0.9533333333333334,0.0,0.5454545454545454
1.0213333333333334,0.0,0.35714285714285715
0.9353333333333333,0.0,0.45454545454545453
1.0033333333333334,0.0,0.2857142857142857
0.8253333333333334,0.0,0.5
0.8933333333333333,0.0,0.3076923076923077
1.0973333333333333,0.0,0.6363636363636364
1.1653333333333333,0.0,0.42857142857142855
0.8913333333333333,0.0,0.45454545454545453
1.0706666666666667,0.0,0.5833333333333334
0.8593333333333333,0.0,0.5454545454545454
0.904,0.0,0.45454545454545453
0.8866666666666667,0.0,0.45454545454545453
0.9066666666666666,0.0,0.6
0.6266666666666667,0.0,0.375
0.778,0.0,0.36363636363636365
0.872,0.0,0.5
0.688,0.0,0.3333333333333333
0.8733333333333333,0.0,0.6
0.886,0.0,0.625
0.6593333333333333,0.0,0.3333333333333333
0.6653333333333333,0.0,0.5
0.7986666666666666,0.0,0.36363636363636365
0.6546666666666666,0.0,0.3333333333333333
0.5893333333333334,0.0,0.25
0.47933333333333333,0.0,0.2857142857142857
0.728,0.0,0.5
0.558,0.0,0.25
0.5586666666666666,0.0,0.25
0.8246666666666667,0.0,0.75
0.6626666666666666,0.0,0.5
0.6233333333333333,0.0,0.25
1.0593333333333332,0.0,0.5384615384615384
1.0913333333333333,0.0,0.46153846153846156
0.776,0.0,0.7142857142857143
0.9893333333333333,0.0,0.7777777777777778
0.5933333333333334,0.0,0.375
0.926,0.0,0.75
1.0993333333333333,0.0,0.7
0.9326666666666666,0.0,0.5555555555555556
0.614,0.0,0.42857142857142855
0.8653333333333333,0.0,0.5555555555555556
0.7513333333333333,0.0,0.5
0.616,0.0,0.5
0.5633333333333334,0.0,0.25
1.0513333333333332,0.0,0.5
0.5513333333333333,0.0,0.42857142857142855
0.728,0.0,0.2727272727272727
0.7426666666666667,0.0,0.4444444444444444
0.8273333333333334,0.0,0.5555555555555556
0.6606666666666666,0.0,0.4444444444444444
0.9573333333333334,0.0,0.3333333333333333
0.892,0.0,0.3333333333333333
0.778,0.0,0.75
1.0833333333333333,0.0,0.4166666666666667
0.7053333333333334,0.0,0.3333333333333333
0.8226666666666667,0.0,0.625
0.7666666666666667,0.0,0.36363636363636365
0.6433333333333333,0.0,0.375
0.6526666666666666,0.0,0.2857142857142857
0.6886666666666666,0.0,0.42857142857142855
1.0226666666666666,0.0,0.36363636363636365
0.8646666666666667,0.0,0.4444444444444444
0.6926666666666667,0.0,0.3333333333333333
0.8126666666666666,0.0,0.4
0.36466666666666664,0.0,0.14285714285714285
0.6126666666666667,0.0,0.375
0.7326666666666667,0.0,0.4444444444444444
1.026,0.0,0.5
1.052,0.0,0.35714285714285715
0.932,0.0,0.3076923076923077
0.5386666666666666,0.0,0.42857142857142855
0.832,0.0,0.5
0.914,0.0,0.5
0.43,0.0,0.16666666666666666
1.0406666666666666,0.0,0.42857142857142855
1.108,0.0,0.3333333333333333
0.656,0.0,0.5
1.0533333333333332,0.0,0.45454545454545453
1.1353333333333333,0.0,0.46153846153846156
0.482,0.0,0.4
1.0973333333333333,0.0,0.42857142857142855
0.8953333333333333,0.0,0.5555555555555556
0.9773333333333334,0.0,0.5454545454545454
1.104,0.0,0.46153846153846156
0.554,0.0,0.6
0.8473333333333334,0.0,0.625
0.77,0.0,0.3
0.5786666666666667,0.0,0.42857142857142855
0.9006666666666666,0.0,0.5555555555555556
0.5453333333333333,0.0,0.42857142857142855
0.934,0.0,0.5555555555555556
0.43133333333333335,0.0,0.3333333333333333
1.048,0.0,0.6
0.49666666666666665,0.0,0.3333333333333333
0.9826666666666667,0.0,0.6
0.7833333333333333,0.0,0.3
0.696,0.0,0.8333333333333334
0.806,0.0,0.7142857142857143
0.6733333333333333,0.0,0.3333333333333333
0.9453333333333334,0.0,0.5
0.534,0.0,0.5
0.7393333333333333,0.0,0.3
0.968,0.0,0.5
0.7453333333333333,0.0,0.4444444444444444
0.974,0.0,0.6666666666666666
0.9186666666666666,0.0,0.45454545454545453
1.1473333333333333,0.0,0.6363636363636364
0.7073333333333334,0.0,0.4
0.936,0.0,0.6
0.752,0.0,0.3
0.9806666666666667,0.0,0.5
0.7346666666666667,0.0,0.3
0.9633333333333334,0.0,0.5
0.7033333333333334,0.0,0.3333333333333333
1.0,0.0,0.6666666666666666
0.5453333333333333,0.0,0.25
0.9126666666666666,0.0,0.4166666666666667
0.93,0.0,0.4166666666666667
0.7693333333333333,0.0,0.5
0.9346666666666666,0.0,0.6666666666666666
0.606,0.0,0.25
1.0466666666666666,0.0,0.5384615384615384
0.7366666666666667,0.0,0.3333333333333333
0.6546666666666666,0.0,0.25
1.0386666666666666,0.0,0.5
0.654,0.0,0.5714285714285714
0.9253333333333333,0.0,0.4166666666666667
0.81,0.0,0.625
0.92,0.0,0.5555555555555556
0.8386666666666667,0.0,0.5
0.7246666666666667,0.0,0.4444444444444444
0.79,0.0,0.4444444444444444
0.88,0.0,0.4166666666666667
0.6273333333333333,0.0,0.4444444444444444
0.5133333333333333,0.0,0.375
0.5786666666666667,0.0,0.375
0.912,0.0,0.4166666666666667
0.8053333333333333,0.0,0.625
0.816,0.0,0.8571428571428571
0.4146666666666667,0.0,0.5
1.0646666666666667,0.0,0.5
0.49466666666666664,0.0,0.4
0.6326666666666667,0.0,0.7142857142857143
0.8386666666666667,0.0,0.5
0.986,0.0,0.4166666666666667
1.1946666666666668,0.0,0.375
0.16666666666666666,0.0,0.5
0.5646666666666667,0.0,0.2222222222222222
0.356,0.0,0.2
1.1146666666666667,0.0,0.4
0.6766666666666666,0.0,0.2222222222222222
1.03,0.0,0.3333333333333333
1.228,0.0,0.375
0.9346666666666666,0.0,0.3076923076923077
0.8526666666666667,0.0,0.2727272727272727
0.766,0.0,0.5
0.684,0.0,0.5
0.448,0.0,1.0
1.2653333333333334,0.0,0.4375
0.972,0.0,0.38461538461538464
0.936,0.0,0.45454545454545453
0.8986666666666666,0.0,0.5555555555555556
0.5986666666666667,0.0,0.2
0.81,0.0,0.2727272727272727
0.6986666666666667,0.0,0.5
0.89,0.0,0.75
0.5406666666666666,0.0,0.25
0.672,0.0,0.3333333333333333
0.5446666666666666,0.0,0.2857142857142857
0.6606666666666666,0.0,0.375
0.746,0.0,0.2727272727272727
0.632,0.0,0.2
0.888,0.0,0.6666666666666666
0.7666666666666667,0.0,0.375
0.7126666666666667,0.0,0.625
0.5606666666666666,0.0,0.6
0.6406666666666667,0.0,0.5
0.276,0.0,0.25
0.5966666666666667,0.0,0.25
0.47,0.0,0.3333333333333333
0.3606666666666667,0.0,0.5
1.11,0.0,0.3125
0.4186666666666667,0.0,0.3333333333333333
0.712,0.0,0.4444444444444444
0.726,0.0,0.3333333333333333
0.5573333333333333,0.0,0.6666666666666666
1.2173333333333334,0.0,0.4666666666666667
0.7753333333333333,0.0,0.5
1.0933333333333333,0.0,0.35714285714285715
0.7633333333333333,0.0,0.4444444444444444
0.5806666666666667,0.0,0.42857142857142855
0.648,0.0,0.375
0.6106666666666667,0.0,0.25
0.25266666666666665,0.0,0.0
0.44666666666666666,0.0,0.16666666666666666
1.0326666666666666,0.0,0.7
0.39866666666666667,0.0,0.2
0.9526666666666667,0.0,0.7777777777777778
0.4786666666666667,0.0,0.16666666666666666
0.7766666666666666,0.0,0.8571428571428571
0.4846666666666667,0.0,0.25
1.304,0.0,0.3333333333333333
0.6786666666666666,0.0,0.3
0.792,0.0,0.4
1.0153333333333334,0.0,0.4166666666666667
1.142,0.0,0.35714285714285715
1.2513333333333334,0.0,0.3125
0.32,0.0,0.0
0.6133333333333333,0.0,0.25
1.004,0.0,0.6
0.6953333333333334,0.0,0.3
0.8773333333333333,0.0,0.75
0.822,0.0,0.25
0.9313333333333333,0.0,0.21428571428571427
1.4273333333333333,0.0,0.5625
0.272,0.0,0.0
1.134,0.0,0.5384615384615384
1.052,0.0,0.5454545454545454
0.6473333333333333,0.0,0.3333333333333333
0.774,0.0,0.2727272727272727
0.8453333333333334,0.0,0.45454545454545453
0.6253333333333333,0.0,0.2222222222222222
0.9593333333333334,0.0,0.7
0.552,0.0,0.375
0.9186666666666666,0.0,0.3333333333333333
1.0006666666666666,0.0,0.7
1.4146666666666667,0.0,0.5625
0.7906666666666666,0.0,0.18181818181818182
0.68,0.0,0.5555555555555556
1.098,0.0,0.7
0.872,0.0,0.3333333333333333
0.4166666666666667,0.0,0.4
0.666,0.0,0.3
1.0073333333333334,0.0,0.6363636363636364
0.692,0.0,0.2222222222222222
0.6226666666666667,0.0,0.5
0.32066666666666666,0.0,0.25
0.39,0.0,0.16666666666666666
0.5766666666666667,0.0,0.2857142857142857
1.0393333333333334,0.0,0.5454545454545454
0.66,0.0,0.3333333333333333
0.9253333333333333,0.0,0.6666666666666666
0.7533333333333333,0.0,0.5
0.21066666666666667,0.0,0.5
0.8433333333333334,0.0,0.4
0.49866666666666665,0.0,0.25
0.6906666666666667,0.0,0.2222222222222222
0.30266666666666664,0.0,0.25
1.3666666666666667,0.0,0.6
0.33266666666666667,0.0,0.0
0.9326666666666666,0.0,0.6363636363636364
0.7666666666666667,0.0,0.2222222222222222
1.1706666666666667,0.0,0.7272727272727273
0.412,0.0,0.16666666666666666
0.596,0.0,0.42857142857142855
0.9646666666666667,0.0,0.5454545454545454
0.7346666666666667,0.0,0.3333333333333333
0.778,0.0,0.625
0.5746666666666667,0.0,0.2857142857142857
0.9573333333333334,0.0,0.3333333333333333
0.42933333333333334,0.0,0.16666666666666666
0.358,0.0,0.3333333333333333
0.5653333333333334,0.0,0.2857142857142857
0.4026666666666667,0.0,0.3333333333333333
0.8546666666666667,0.0,0.4
0.496,0.0,0.75
0.45,0.0,0.4
0.6633333333333333,0.0,0.375
1.186,0.0,0.4
0.5833333333333334,0.0,0.42857142857142855
0.8573333333333333,0.0,0.4
0.498,0.0,0.3333333333333333
0.7746666666666666,0.0,0.4444444444444444
0.576,0.0,0.6
0.584,0.0,0.25
0.5493333333333333,0.0,0.6
1.15,0.0,0.4
1.146,0.0,0.6363636363636364
0.9913333333333333,0.0,0.6
0.708,0.0,0.3
0.5266666666666666,0.0,0.14285714285714285
0.6633333333333333,0.0,0.42857142857142855
1.036,0.0,0.46153846153846156
0.77,0.0,0.5714285714285714
0.9593333333333334,0.0,0.38461538461538464
0.6833333333333333,0.0,0.3333333333333333
0.904,0.0,0.75
1.2846666666666666,0.0,0.6153846153846154
0.4146666666666667,0.0,0.14285714285714285
0.4166666666666667,0.0,0.16666666666666666
0.38266666666666665,0.0,0.2
0.6586666666666666,0.0,0.3333333333333333
0.3506666666666667,0.0,0.2
1.086,0.0,0.5833333333333334
0.7106666666666667,0.0,0.2
0.7433333333333333,0.0,0.5
0.79,0.0,0.3333333333333333
0.9093333333333333,0.0,0.5454545454545454
0.7453333333333333,0.0,0.4
0.43466666666666665,0.0,0.16666666666666666
0.676,0.0,0.42857142857142855
1.0233333333333334,0.0,0.46153846153846156
0.768,0.0,1.0
0.5433333333333333,0.0,0.2857142857142857
1.162,0.0,0.5
0.5513333333333333,0.0,0.5714285714285714
1.004,0.0,0.3076923076923077
0.338,0.0,0.4
1.066,0.0,0.35714285714285715
0.09466666666666666,0.0,0.0
1.256,0.0,0.5833333333333334
0.36866666666666664,0.0,0.2
0.758,0.0,0.4444444444444444
0.9413333333333334,0.0,0.45454545454545453
0.564,0.0,0.2857142857142857
0.5666666666666667,0.0,0.6
0.5166666666666667,0.0,0.2857142857142857
0.8253333333333334,0.0,0.36363636363636365
0.69,0.0,0.3333333333333333
0.204,0.0,0.0
0.45266666666666666,0.0,0.16666666666666666
1.264,0.0,0.5714285714285714
0.326,0.0,0.25
0.75,0.0,0.375
0.588,0.0,0.125
0.478,0.0,0.14285714285714285
0.5566666666666666,0.0,0.125
0.7853333333333333,0.0,0.5
0.544,0.0,0.125
0.512,0.0,0.25
0.7233333333333334,0.0,0.3333333333333333
0.854,0.0,0.5
0.684,0.0,0.2222222222222222
0.646,0.0,0.375
0.6526666666666666,0.0,0.2222222222222222
0.64,0.0,0.2222222222222222
0.734,0.0,0.3333333333333333
0.5226666666666666,0.0,0.25
0.732,0.0,0.375
0.74,0.0,0.4444444444444444
0.57,0.0,0.125
0.532,0.0,0.2857142857142857
0.8033333333333333,0.0,0.5
0.526,0.0,0.125
0.816,0.0,0.5
0.494,0.0,0.25
0.848,0.0,0.4
0.7053333333333334,0.0,0.3333333333333333
0.6366666666666667,0.0,0.3333333333333333
0.8793333333333333,0.0,0.4444444444444444
0.8873333333333333,0.0,0.5
0.6073333333333333,0.0,0.25
0.6793333333333333,0.0,0.375
0.686,0.0,0.2222222222222222
0.6733333333333333,0.0,0.2222222222222222
0.6413333333333333,0.0,0.3333333333333333
0.7006666666666667,0.0,0.3333333333333333
0.8526666666666667,0.0,0.4
0.48933333333333334,0.0,0.25
0.738,0.0,0.5
0.7506666666666667,0.0,0.5
0.7826666666666666,0.0,0.4
0.5713333333333334,0.0,0.3333333333333333
0.846,0.0,0.4444444444444444
0.9293333333333333,0.0,0.6
0.942,0.0,0.6
0.7626666666666667,0.0,0.4444444444444444
0.9373333333333334,0.0,0.6363636363636364
0.95,0.0,0.6363636363636364
0.982,0.0,0.5454545454545454
0.7173333333333334,0.0,0.2222222222222222
0.78,0.0,0.4
0.812,0.0,0.3
0.6006666666666667,0.0,0.2222222222222222
0.46,0.0,0.14285714285714285
0.6573333333333333,0.0,0.4444444444444444
0.67,0.0,0.4444444444444444
0.702,0.0,0.3333333333333333
0.49066666666666664,0.0,0.25
0.6893333333333334,0.0,0.4444444444444444
0.5386666666666666,0.0,0.125
0.656,0.0,0.4444444444444444
0.7673333333333333,0.0,0.4
0.702,0.0,0.4444444444444444
0.6686666666666666,0.0,0.4444444444444444
0.83,0.0,0.4
0.608,0.0,0.3333333333333333
0.974,0.0,0.5
0.6186666666666667,0.0,0.3333333333333333
0.8193333333333334,0.0,0.4
0.7706666666666667,0.0,0.5
0.15733333333333333,0.0,0.0
1.3026666666666666,0.0,0.5384615384615384
0.8193333333333334,0.0,0.4
0.3333333333333333,0.0,0.2
1.1266666666666667,0.0,0.5454545454545454
0.8993333333333333,0.0,0.36363636363636365
0.5713333333333334,0.0,0.125
0.41333333333333333,0.0,0.16666666666666666
1.0933333333333333,0.0,0.38461538461538464
0.7653333333333333,0.0,0.2
0.7433333333333333,0.0,0.3333333333333333
0.4846666666666667,0.0,0.42857142857142855
0.8573333333333333,0.0,0.2727272727272727
0.4026666666666667,0.0,0.4
0.9393333333333334,0.0,0.3076923076923077
0.6606666666666666,0.0,0.4444444444444444
0.6813333333333333,0.0,0.2222222222222222
0.5786666666666667,0.0,0.42857142857142855
0.7633333333333333,0.0,0.2727272727272727
0.8546666666666667,0.0,0.3333333333333333
0.48733333333333334,0.0,0.3333333333333333
0.7406666666666667,0.0,0.4
0.6013333333333334,0.0,0.25
0.6586666666666666,0.0,0.375
0.6833333333333333,0.0,0.3
1.1753333333333333,0.0,0.3125
1.0486666666666666,0.0,0.35714285714285715
0.29333333333333333,0.0,0.25
0.9346666666666666,0.0,0.4166666666666667
0.4073333333333333,0.0,0.16666666666666666
0.6953333333333334,0.0,0.7142857142857143
0.8946666666666667,0.0,0.36363636363636365
0.9766666666666667,0.0,0.38461538461538464
0.5666666666666667,0.0,0.125
0.9413333333333334,0.0,0.875
0.6486666666666666,0.0,0.2
1.422,0.0,0.5
0.168,0.0,0.5
1.2953333333333332,0.0,0.5714285714285714
0.2946666666666667,0.0,0.25
1.1813333333333333,0.0,0.6666666666666666
0.4086666666666667,0.0,0.16666666666666666
0.526,0.0,0.2857142857142857
0.5593333333333333,0.0,0.2857142857142857
0.926,0.0,0.4
0.934,0.0,0.45454545454545453
0.764,0.0,0.2
0.654,0.0,0.2222222222222222
0.17666666666666667,0.0,0.3333333333333333
0.7326666666666667,0.0,0.2
0.72,0.0,0.2
0.688,0.0,0.3
0.8993333333333333,0.0,0.36363636363636365
0.7913333333333333,0.0,0.6
0.724,0.0,0.5555555555555556
0.9193333333333333,0.0,0.36363636363636365
1.0793333333333333,0.0,0.6153846153846154
0.664,0.0,0.4444444444444444
0.744,0.0,0.3
0.49666666666666665,0.0,0.14285714285714285
0.5353333333333333,0.0,0.2857142857142857
0.7433333333333333,0.0,0.2
0.7886666666666666,0.0,0.18181818181818182
0.8206666666666667,0.0,0.6
0.778,0.0,0.5
0.59,0.0,0.25
0.8346666666666667,0.0,0.5
0.9726666666666667,0.0,0.5833333333333334
1.252,0.0,0.5882352941176471
1.0406666666666666,0.0,0.5384615384615384
0.6906666666666667,0.0,0.4444444444444444
0.6873333333333334,0.0,0.375
0.714,0.0,0.375
0.982,0.0,0.5384615384615384
0.5313333333333333,0.0,0.2857142857142857
0.772,0.0,0.2
0.9366666666666666,0.0,0.5833333333333334
0.2946666666666667,0.0,0.75
0.9926666666666667,0.0,0.4166666666666667
0.6746666666666666,0.0,0.25
0.728,0.0,0.3
0.52,0.0,0.2857142857142857
0.9886666666666667,0.0,0.38461538461538464
0.5833333333333334,0.0,0.5
0.34,0.0,0.6
1.1273333333333333,0.0,0.7142857142857143
0.8453333333333334,0.0,0.5454545454545454
0.5413333333333333,0.0,0.2857142857142857
0.7433333333333333,0.0,0.3333333333333333
0.9326666666666666,0.0,0.5
0.7913333333333333,0.0,0.5
1.262,0.0,0.625
0.5833333333333334,0.0,0.5714285714285714
0.594,0.0,0.2857142857142857
0.7646666666666667,0.0,0.6
0.9,0.0,0.25
1.0773333333333333,0.0,0.6153846153846154
0.8693333333333333,0.0,0.5454545454545454
0.8513333333333334,0.0,0.45454545454545453
1.0133333333333334,0.0,0.5384615384615384
0.8113333333333334,0.0,0.45454545454545453
1.1813333333333333,0.0,0.6666666666666666
0.8733333333333333,0.0,0.4166666666666667
0.896,0.0,0.5454545454545454
0.7553333333333333,0.0,0.3
0.7873333333333333,0.0,0.7777777777777778
1.0813333333333333,0.0,0.42857142857142855
0.9653333333333334,0.0,0.5833333333333334
0.8833333333333333,0.0,0.4166666666666667
0.8386666666666667,0.0,0.2727272727272727
0.872,0.0,0.5454545454545454
0.8726666666666667,0.0,0.5454545454545454
1.0306666666666666,0.0,0.6666666666666666
0.89,0.0,0.5454545454545454
0.7046666666666667,0.0,0.2222222222222222
0.6766666666666666,0.0,0.625
0.9993333333333333,0.0,0.5833333333333334
0.5833333333333334,0.0,0.5
0.5333333333333333,0.0,0.2857142857142857
0.24266666666666667,0.0,1.0
0.9846666666666667,0.0,0.46153846153846156
0.7846666666666666,0.0,0.3
0.7766666666666666,0.0,0.45454545454545453
0.5773333333333334,0.0,0.125
0.9013333333333333,0.0,0.5454545454545454
0.8266666666666667,0.0,0.45454545454545453
0.6326666666666667,0.0,0.2222222222222222
1.03,0.0,0.8333333333333334
0.19466666666666665,0.0,0.0
0.85,0.0,0.6
0.9433333333333334,0.0,0.6363636363636364
0.6953333333333334,0.0,0.5555555555555556
0.884,0.0,0.25
0.676,0.0,0.75
0.9966666666666667,0.0,0.6666666666666666
0.6473333333333333,0.0,0.625
0.7766666666666666,0.0,0.3
0.6806666666666666,0.0,0.4
0.9386666666666666,0.0,0.5
0.986,0.0,0.5833333333333334
0.6166666666666667,0.0,0.25
0.9193333333333333,0.0,0.6363636363636364
0.632,0.0,0.5555555555555556
0.7926666666666666,0.0,0.45454545454545453
0.8826666666666667,0.0,0.3
0.6373333333333333,0.0,0.25
0.6893333333333334,0.0,0.2222222222222222
0.9226666666666666,0.0,0.36363636363636365
1.288,0.0,0.5333333333333333
0.6286666666666667,0.0,0.375
1.0773333333333333,0.0,0.5714285714285714
0.934,0.0,0.4166666666666667
1.0193333333333334,0.0,0.46153846153846156
0.7886666666666666,0.0,0.6
0.9673333333333334,0.0,0.5
0.5,0.0,0.14285714285714285
0.918,0.0,0.5
0.5286666666666666,0.0,0.14285714285714285
0.904,0.0,0.5
0.8846666666666667,0.0,0.7
1.0253333333333334,0.0,0.6666666666666666
0.828,0.0,0.4166666666666667
0.392,0.0,0.5
1.246,0.0,0.5
1.298,0.0,0.47058823529411764
0.6266666666666667,0.0,0.375
0.8966666666666666,0.0,0.5
0.448,0.0,0.16666666666666666
0.8733333333333333,0.0,0.4166666666666667
0.84,0.0,0.5454545454545454
0.6873333333333334,0.0,0.2
0.434,0.0,0.3333333333333333
0.5026666666666667,0.0,0.6666666666666666
0.5933333333333334,0.0,0.25
0.7373333333333333,0.0,0.3
1.0093333333333334,0.0,0.5
0.932,0.0,0.38461538461538464
0.9313333333333333,0.0,0.35714285714285715
0.3626666666666667,0.0,1.0
1.1453333333333333,0.0,0.6153846153846154
0.6706666666666666,0.0,0.2222222222222222
1.008,0.0,0.6153846153846154
0.7293333333333333,0.0,0.45454545454545453
0.6406666666666667,0.0,0.2222222222222222
0.6566666666666666,0.0,0.2222222222222222
0.512,0.0,0.2857142857142857
0.7493333333333333,0.0,0.4444444444444444
0.7906666666666666,0.0,0.6666666666666666
0.7706666666666667,0.0,0.5454545454545454
0.8433333333333334,0.0,0.7
0.8753333333333333,0.0,0.7
1.0253333333333334,0.0,0.5833333333333334
0.24666666666666667,0.0,0.3333333333333333
0.8366666666666667,0.0,0.2727272727272727
0.47333333333333333,0.0,0.8
0.5313333333333333,0.0,0.6666666666666666
0.45066666666666666,0.0,0.8
1.22,0.0,0.5714285714285714
0.7066666666666667,0.0,0.5
0.6653333333333333,0.0,0.4
0.9953333333333333,0.0,0.7272727272727273
0.566,0.0,0.5
0.516,0.0,0.25
0.694,0.0,0.75
0.6933333333333334,0.0,0.8571428571428571
0.838,0.0,0.6666666666666666
0.8226666666666667,0.0,0.5
1.06,0.0,0.5714285714285714
0.89,0.0,0.6
0.9353333333333333,0.0,0.5454545454545454
0.8793333333333333,0.0,0.5454545454545454
0.7753333333333333,0.0,0.4166666666666667
0.774,0.0,0.75
0.9366666666666666,0.0,0.7
0.7953333333333333,0.0,0.5555555555555556
0.8626666666666667,0.0,0.6
0.7693333333333333,0.0,0.36363636363636365
0.43733333333333335,0.0,0.3333333333333333
0.63,0.0,0.3333333333333333
0.7393333333333333,0.0,0.4
0.426,0.0,0.3333333333333333
0.582,0.0,0.25
0.4026666666666667,0.0,0.5
0.09333333333333334,0.0,1.0
1.0946666666666667,0.0,0.6153846153846154
0.678,0.0,0.5
1.1446666666666667,0.0,0.7692307692307693
0.9993333333333333,0.0,0.5833333333333334
0.9146666666666666,0.0,0.38461538461538464
1.0966666666666667,0.0,0.6666666666666666
0.6006666666666667,0.0,0.5714285714285714
0.20866666666666667,0.0,0.3333333333333333
0.782,0.0,0.6666666666666666
0.7586666666666667,0.0,0.45454545454545453
0.7106666666666667,0.0,0.3
0.9013333333333333,0.0,0.5
0.874,0.0,0.38461538461538464
0.8726666666666667,0.0,0.5
0.7626666666666667,0.0,0.3333333333333333
0.834,0.0,0.4166666666666667
0.8093333333333333,0.0,0.45454545454545453
0.656,0.0,0.25
0.698,0.0,0.4444444444444444
0.7746666666666666,0.0,0.45454545454545453
0.636,0.0,0.3333333333333333
0.7173333333333334,0.0,0.18181818181818182
0.83,0.0,0.45454545454545453
0.9233333333333333,0.0,0.5
0.9766666666666667,0.0,0.6363636363636364
0.954,0.0,0.6363636363636364
0.6613333333333333,0.0,0.5555555555555556
0.09733333333333333,0.0,0.0
1.002,0.0,0.42857142857142855
0.9673333333333334,0.0,0.42857142857142855
0.8786666666666667,0.0,0.5
0.8113333333333334,0.0,0.3
1.0806666666666667,0.0,0.75
0.9146666666666666,0.0,0.5
0.886,0.0,0.7
0.9213333333333333,0.0,0.46153846153846156
0.616,0.0,0.25
0.7593333333333333,0.0,0.2727272727272727
0.5453333333333333,0.0,0.125
0.9373333333333334,0.0,0.6363636363636364
0.7933333333333333,0.0,0.5
0.7566666666666667,0.0,0.4444444444444444
0.8493333333333334,0.0,0.6666666666666666
0.7073333333333334,0.0,0.3
0.37066666666666664,0.0,0.16666666666666666
0.9366666666666666,0.0,0.8181818181818182
1.1486666666666667,0.0,0.5714285714285714
0.654,0.0,0.7142857142857143
0.9533333333333334,0.0,0.46153846153846156
0.9666666666666667,0.0,0.46153846153846156
0.5873333333333334,0.0,0.25
0.746,0.0,0.6666666666666666
0.87,0.0,0.5
0.8213333333333334,0.0,0.3333333333333333
0.86,0.0,0.4166666666666667
0.9313333333333333,0.0,0.7
0.7746666666666666,0.0,0.6666666666666666
0.742,0.0,0.5454545454545454
0.8793333333333333,0.0,0.5454545454545454
0.568,0.0,0.2857142857142857
0.8866666666666667,0.0,0.6363636363636364
0.774,0.0,0.5
1.0306666666666666,0.0,0.5833333333333334
0.9353333333333333,0.0,0.5454545454545454
0.7866666666666666,0.0,0.875
0.6133333333333333,0.0,0.2
0.464,0.0,0.2857142857142857
0.5146666666666667,0.0,0.2857142857142857
0.6706666666666666,0.0,0.2222222222222222
0.9886666666666667,0.0,0.75
0.9133333333333333,0.0,0.46153846153846156
0.956,0.0,0.6363636363636364
1.372,0.0,0.6111111111111112
0.21733333333333332,0.0,0.3333333333333333
0.46066666666666667,0.0,0.3333333333333333
0.9826666666666667,0.0,0.6363636363636364
0.24333333333333335,0.0,0.3333333333333333
1.058,0.0,0.5833333333333334
0.30133333333333334,0.0,1.0
0.58,0.0,0.3333333333333333
0.7246666666666667,0.0,0.2727272727272727
1.0246666666666666,0.0,0.75
0.5933333333333334,0.0,0.5714285714285714
0.4026666666666667,0.0,0.2
0.49,0.0,0.3333333333333333
0.4513333333333333,0.0,0.16666666666666666
0.698,0.0,0.4444444444444444
0.448,0.0,0.16666666666666666
0.5353333333333333,0.0,0.2857142857142857
0.8673333333333333,0.0,0.6363636363636364
0.49266666666666664,0.0,0.3333333333333333
0.08066666666666666,0.0,0.0
0.886,0.0,0.5
0.5186666666666667,0.0,0.3333333333333333
0.208,0.0,0.5
0.7913333333333333,0.0,0.6
0.5586666666666666,0.0,0.3333333333333333
0.6073333333333333,0.0,0.2857142857142857
0.9186666666666666,0.0,0.6
0.938,0.0,0.5454545454545454
0.994,0.0,0.5454545454545454
0.856,0.0,0.5454545454545454
0.5193333333333333,0.0,0.3333333333333333
0.672,0.0,0.3333333333333333
0.7473333333333333,0.0,0.75
0.7046666666666667,0.0,0.5
1.0066666666666666,0.0,0.5
0.43733333333333335,0.0,0.8
0.766,0.0,0.3
0.704,0.0,0.7142857142857143
0.646,0.0,0.25
0.6913333333333334,0.0,0.2222222222222222
0.29,0.0,0.2
0.7866666666666666,0.0,0.3
0.178,0.0,0.0
0.856,0.0,0.38461538461538464
0.30533333333333335,0.0,0.25
0.8953333333333333,0.0,0.5
0.658,0.0,0.375
0.3506666666666667,0.0,0.25
0.3406666666666667,0.0,0.2
0.25333333333333335,0.0,0.0
0.438,0.0,0.4
0.3993333333333333,0.0,0.2
0.902,0.0,0.7
0.5486666666666666,0.0,0.125
0.7906666666666666,0.0,0.6666666666666666
0.7853333333333333,0.0,0.45454545454545453
0.9626666666666667,0.0,0.6666666666666666
0.694,0.0,0.625
0.6813333333333333,0.0,0.5
0.7453333333333333,0.0,0.75
0.9153333333333333,0.0,0.46153846153846156
0.8866666666666667,0.0,0.46153846153846156
0.8026666666666666,0.0,0.3
0.888,0.0,0.7777777777777778
0.834,0.0,0.6
0.8266666666666667,0.0,0.5454545454545454
0.7586666666666667,0.0,0.45454545454545453
1.0253333333333334,0.0,0.46153846153846156
0.6233333333333333,0.0,0.625
0.7846666666666666,0.0,0.5454545454545454
0.876,0.0,0.6
0.6833333333333333,0.0,0.7142857142857143
1.0706666666666667,0.0,0.5333333333333333
0.8366666666666667,0.0,0.5
0.5613333333333334,0.0,0.2222222222222222
0.7793333333333333,0.0,0.45454545454545453
1.0346666666666666,0.0,0.5384615384615384
0.49,0.0,0.42857142857142855
0.8893333333333333,0.0,0.3333333333333333
0.8993333333333333,0.0,0.2727272727272727
0.804,0.0,0.4166666666666667
0.592,0.0,0.25
0.444,0.0,0.4
0.48,0.0,0.16666666666666666
0.95,0.0,0.46153846153846156
1.0813333333333333,0.0,0.5833333333333334
0.558,0.0,0.5
0.49666666666666665,0.0,0.14285714285714285
0.8886666666666667,0.0,0.7
0.7393333333333333,0.0,0.625
0.7006666666666667,0.0,0.5
1.0326666666666666,0.0,0.6363636363636364
0.608,0.0,0.25
0.156,0.0,0.0
0.19466666666666665,0.0,0.5
0.8633333333333333,0.0,0.25
0.7426666666666667,0.0,0.4
0.9353333333333333,0.0,0.38461538461538464
0.5733333333333334,0.0,0.2857142857142857
1.0373333333333334,0.0,0.5384615384615384
0.5746666666666667,0.0,0.42857142857142855
0.7206666666666667,0.0,0.5
1.2786666666666666,0.0,0.5882352941176471
0.798,0.0,0.5454545454545454
0.86,0.0,0.5555555555555556
0.924,0.0,0.6
0.36333333333333334,0.0,0.5
0.802,0.0,0.3333333333333333
0.6913333333333334,0.0,0.2222222222222222
0.724,0.0,0.3
0.9046666666666666,0.0,0.5
0.8173333333333334,0.0,0.45454545454545453
0.7813333333333333,0.0,0.6
0.722,0.0,0.4
0.9086666666666666,0.0,0.38461538461538464
0.594,0.0,0.1111111111111111
0.7606666666666667,0.0,0.5
0.5606666666666666,0.0,0.25
0.844,0.0,0.5
0.936,0.0,0.9
0.9746666666666667,0.0,0.5833333333333334
0.48933333333333334,0.0,0.6666666666666666
0.9606666666666667,0.0,0.21428571428571427
0.8633333333333333,0.0,0.25
0.42133333333333334,0.0,0.16666666666666666
0.5713333333333334,0.0,0.7142857142857143
0.382,0.0,0.5
0.59,0.0,0.6666666666666666
1.1673333333333333,0.0,0.5384615384615384
0.6693333333333333,0.0,0.3333333333333333
0.19266666666666668,0.0,0.3333333333333333
0.8726666666666667,0.0,0.8
0.44466666666666665,0.0,0.5
0.6713333333333333,0.0,0.5555555555555556
0.6633333333333333,0.0,0.4
0.678,0.0,0.75
0.686,0.0,0.5555555555555556
0.486,0.0,0.6666666666666666
0.5786666666666667,0.0,1.0
0.7273333333333334,0.0,0.5555555555555556
0.5826666666666667,0.0,0.7142857142857143
0.5486666666666666,0.0,0.42857142857142855
0.6413333333333333,0.0,0.7142857142857143
0.73,0.0,0.5555555555555556
0.6893333333333334,0.0,0.2
0.8246666666666667,0.0,0.6666666666666666
0.7053333333333334,0.0,0.2
0.68,0.0,0.8571428571428571
0.9793333333333333,0.0,0.6153846153846154
0.63,0.0,0.5555555555555556
0.7233333333333334,0.0,0.75
0.5993333333333334,0.0,0.375
0.064,0.0,1.0
0.728,0.0,1.0
0.7666666666666667,0.0,0.6
0.6713333333333333,0.0,0.5555555555555556
0.7686666666666667,0.0,0.6666666666666666
0.8566666666666667,0.0,0.23076923076923078
0.8886666666666667,0.0,0.45454545454545453
0.6453333333333333,0.0,0.5
0.8813333333333333,0.0,0.5
0.4146666666666667,0.0,0.8
0.668,0.0,0.625
0.47533333333333333,0.0,0.8
0.748,0.0,0.6666666666666666
0.382,0.0,0.75
0.9593333333333334,0.0,0.5454545454545454
0.30533333333333335,0.0,0.25
0.40066666666666667,0.0,0.4
0.30133333333333334,0.0,0.6666666666666666
0.4513333333333333,0.0,0.4
0.39266666666666666,0.0,0.6
0.63,0.0,0.7142857142857143
0.48533333333333334,0.0,1.0
0.4166666666666667,0.0,0.4
0.574,0.0,0.7142857142857143
0.328,0.0,0.6666666666666666
0.8173333333333334,0.0,0.45454545454545453
0.672,0.0,0.2
0.9666666666666667,0.0,0.5384615384615384
0.6553333333333333,0.0,0.375
1.1786666666666668,0.0,0.375
1.272,0.0,0.4117647058823529
0.6873333333333334,0.0,0.6666666666666666
0.9733333333333334,0.0,0.5
1.1326666666666667,0.0,0.5384615384615384
0.052,0.0,0.0
0.09733333333333333,0.0,0.0
0.12,0.0,1.0
0.6786666666666666,0.0,0.3
0.5786666666666667,0.0,0.1111111111111111
0.8366666666666667,0.0,0.5
0.7073333333333334,0.0,0.3
0.6586666666666666,0.0,0.3333333333333333
0.7653333333333333,0.0,0.5
0.662,0.0,0.3333333333333333
0.5746666666666667,0.0,0.25
0.6133333333333333,0.0,0.375
0.4826666666666667,0.0,0.42857142857142855
0.47933333333333333,0.0,0.14285714285714285
0.44333333333333336,0.0,0.3333333333333333
0.6306666666666667,0.0,0.2222222222222222
0.6313333333333333,0.0,0.2
0.49933333333333335,0.0,0.375
0.6433333333333333,0.0,0.3333333333333333
0.6246666666666667,0.0,0.5
0.7366666666666667,0.0,0.5
0.528,0.0,0.375
0.4866666666666667,0.0,0.25
0.532,0.0,0.25
0.5386666666666666,0.0,0.42857142857142855
0.5426666666666666,0.0,0.25
0.5553333333333333,0.0,0.375
0.7433333333333333,0.0,0.2
0.2713333333333333,0.0,0.25
0.936,0.0,0.23076923076923078
1.0293333333333334,0.0,0.2857142857142857
0.6926666666666667,0.0,0.2
0.786,0.0,0.2727272727272727
0.5366666666666666,0.0,0.25
1.1033333333333333,0.0,0.5
0.7333333333333333,0.0,0.4
0.8253333333333334,0.0,0.2727272727272727
0.8433333333333334,0.0,0.5454545454545454
0.542,0.0,0.375
0.7346666666666667,0.0,0.36363636363636365
0.462,0.0,0.2857142857142857
0.2886666666666667,0.0,0.3333333333333333
0.34,0.0,0.6
0.486,0.0,0.6666666666666666
0.39866666666666667,0.0,0.6
0.464,0.0,0.2857142857142857
0.4186666666666667,0.0,0.3333333333333333
0.3233333333333333,0.0,0.2
0.43533333333333335,0.0,0.6666666666666666
0.4226666666666667,0.0,0.14285714285714285
0.336,0.0,1.0
0.3233333333333333,0.0,0.75
0.43533333333333335,0.0,0.2857142857142857
0.30666666666666664,0.0,1.0
0.8626666666666667,0.0,0.4166666666666667
0.6526666666666666,0.0,0.5
0.798,0.0,0.4
0.7253333333333334,0.0,0.6
0.986,0.0,0.38461538461538464
0.8046666666666666,0.0,0.25
1.0126666666666666,0.0,0.2
1.376,0.0,0.5
1.1906666666666668,0.0,0.4666666666666667
0.6353333333333333,0.0,0.75
1.0893333333333333,0.0,0.5
1.086,0.0,0.6428571428571429
0.512,0.0,0.5714285714285714
0.9773333333333334,0.0,0.5
0.36866666666666664,0.0,0.16666666666666666
0.838,0.0,0.45454545454545453
0.768,0.0,0.18181818181818182
0.682,0.0,0.5555555555555556
0.768,0.0,0.75
0.7806666666666666,0.0,0.5555555555555556
0.816,0.0,0.5454545454545454
0.6073333333333333,0.0,0.625
0.612,0.0,0.2222222222222222
0.982,0.0,0.5
0.6113333333333333,0.0,0.42857142857142855
1.0473333333333332,0.0,0.4
0.7673333333333333,0.0,0.3333333333333333
0.6246666666666667,0.0,0.7142857142857143
0.9386666666666666,0.0,0.5833333333333334
0.722,0.0,0.5555555555555556
1.0286666666666666,0.0,0.5454545454545454
0.67,0.0,0.3333333333333333
0.9906666666666667,0.0,0.75
0.38,0.0,0.5
1.2806666666666666,0.0,0.5882352941176471
1.208,0.0,0.6666666666666666
0.7226666666666667,0.0,0.4444444444444444
0.922,0.0,0.4
1.0106666666666666,0.0,0.5
0.43933333333333335,0.0,0.125
0.5153333333333333,0.0,0.7142857142857143
1.2873333333333334,0.0,0.5714285714285714
0.306,0.0,0.2
0.872,0.0,0.6
0.7886666666666666,0.0,0.5454545454545454
1.0513333333333332,0.0,0.26666666666666666
0.6846666666666666,0.0,0.5555555555555556
0.7366666666666667,0.0,0.5
0.364,0.0,0.25
1.2293333333333334,0.0,0.5333333333333333
0.826,0.0,0.6
0.7293333333333333,0.0,0.625
0.864,0.0,0.36363636363636365
0.538,0.0,0.5714285714285714
0.912,0.0,0.23076923076923078
1.3173333333333332,0.0,0.5
0.276,0.0,0.3333333333333333
1.1086666666666667,0.0,0.5384615384615384
0.4846666666666667,0.0,0.3333333333333333
0.5486666666666666,0.0,0.2857142857142857
1.0446666666666666,0.0,0.5833333333333334
1.0446666666666666,0.0,0.5
0.172,0.0,0.5
0.914,0.0,0.5454545454545454
0.6793333333333333,0.0,0.375
0.85,0.0,0.5
0.7433333333333333,0.0,0.4444444444444444
0.764,0.0,0.6666666666666666
0.654,0.0,0.3333333333333333
0.9193333333333333,0.0,0.14285714285714285
0.288,0.0,0.6666666666666666
1.1226666666666667,0.0,0.5
0.4706666666666667,0.0,0.4
0.544,0.0,1.0
1.1166666666666667,0.0,0.4666666666666667
0.516,0.0,0.25
1.2173333333333334,0.0,0.5
0.7093333333333334,0.0,0.3333333333333333
0.498,0.0,0.125
0.5433333333333333,0.0,0.2857142857142857
0.6706666666666666,0.0,0.625
0.7473333333333333,0.0,0.4
0.8966666666666666,0.0,0.5454545454545454
0.6306666666666667,0.0,0.2
0.5766666666666667,0.0,0.2857142857142857
1.1053333333333333,0.0,0.5
1.2046666666666668,0.0,0.4375
1.1526666666666667,0.0,0.4666666666666667
0.2653333333333333,0.0,0.6666666666666666
0.996,0.0,0.46153846153846156
0.422,0.0,0.6
0.6706666666666666,0.0,0.625
0.9866666666666667,0.0,0.4166666666666667
1.1073333333333333,0.0,0.5
0.31066666666666665,0.0,0.5
0.19066666666666668,0.0,0.3333333333333333
1.12,0.0,0.5714285714285714
0.298,0.0,0.25
0.754,0.0,0.5555555555555556
0.72,0.0,0.5555555555555556
0.928,0.0,0.5454545454545454
0.49,0.0,0.42857142857142855
0.6,0.0,0.375
0.5326666666666666,0.0,0.2222222222222222
0.52,0.0,0.1111111111111111
0.518,0.0,0.2857142857142857
0.6173333333333333,0.0,0.2222222222222222
0.5666666666666667,0.0,0.25
0.666,0.0,0.2
0.5913333333333334,0.0,0.2222222222222222
0.62,0.0,0.2222222222222222
0.584,0.0,0.375
0.6726666666666666,0.0,0.3
0.3873333333333333,0.0,0.3333333333333333
0.724,0.0,0.4
0.6273333333333333,0.0,0.3333333333333333
0.644,0.0,0.3
0.4806666666666667,0.0,0.25
0.7266666666666667,0.0,0.2222222222222222
0.288,0.0,0.2
0.9193333333333333,0.0,0.25
1.0126666666666666,0.0,0.3076923076923077
0.756,0.0,0.2727272727272727
0.6753333333333333,0.0,0.3
0.532,0.0,0.14285714285714285
0.4826666666666667,0.0,0.2857142857142857
0.7246666666666667,0.0,0.2
0.3893333333333333,0.0,0.16666666666666666
0.818,0.0,0.2727272727272727
0.9993333333333333,0.0,0.2857142857142857
0.208,0.0,0.0
0.9186666666666666,0.0,0.3076923076923077
0.2886666666666667,0.0,0.0
0.48133333333333334,0.0,0.14285714285714285
0.6066666666666667,0.0,0.5714285714285714
1.074,0.0,0.5384615384615384
0.8653333333333333,0.0,0.6
0.728,0.0,0.3333333333333333
0.8013333333333333,0.0,0.5555555555555556
0.792,0.0,0.4
0.5,0.0,0.3333333333333333
1.0933333333333333,0.0,0.5384615384615384
0.6253333333333333,0.0,0.7142857142857143
0.7926666666666666,0.0,0.36363636363636365
0.8566666666666667,0.0,0.4166666666666667
0.26,0.0,0.3333333333333333
1.158,0.0,0.5333333333333333
0.9146666666666666,0.0,0.5454545454545454
0.5033333333333333,0.0,0.42857142857142855
0.706,0.0,0.625
0.712,0.0,0.4
0.642,0.0,0.5714285714285714
0.3406666666666667,0.0,0.25
0.8986666666666666,0.0,0.5454545454545454
0.5193333333333333,0.0,0.42857142857142855
0.8846666666666667,0.0,0.6363636363636364
1.2006666666666668,0.0,0.5333333333333333
0.21733333333333332,0.0,0.3333333333333333
0.992,0.0,0.5833333333333334
0.426,0.0,0.3333333333333333
0.4513333333333333,0.0,0.6666666666666666
1.0433333333333332,0.0,0.5384615384615384
1.0773333333333333,0.0,0.45454545454545453
1.224,0.0,0.4666666666666667
0.5933333333333334,0.0,0.4444444444444444
0.678,0.0,0.4444444444444444
1.076,0.0,0.38461538461538464
1.0393333333333334,0.0,0.42857142857142855
0.6686666666666666,0.0,0.3333333333333333
1.048,0.0,0.5454545454545454
0.8186666666666667,0.0,0.3333333333333333
0.872,0.0,0.4166666666666667
1.0226666666666666,0.0,0.38461538461538464
0.96,0.0,0.38461538461538464
1.0766666666666667,0.0,0.46153846153846156
1.122,0.0,0.46153846153846156
0.94,0.0,0.4166666666666667
0.6426666666666667,0.0,0.25
0.9186666666666666,0.0,0.4166666666666667
0.7073333333333334,0.0,0.375
0.9806666666666667,0.0,0.36363636363636365
0.952,0.0,0.35714285714285715
0.8173333333333334,0.0,0.36363636363636365
0.5813333333333334,0.0,0.5
0.528,0.0,0.2857142857142857
0.8866666666666667,0.0,0.3333333333333333
0.652,0.0,0.4444444444444444
1.0026666666666666,0.0,0.42857142857142855
0.836,0.0,0.38461538461538464
0.796,0.0,0.38461538461538464
0.698,0.0,0.3333333333333333
0.5933333333333334,0.0,0.375
0.548,0.0,0.25
0.7086666666666667,0.0,0.3333333333333333
0.6413333333333333,0.0,0.6
0.7146666666666667,0.0,0.5
0.68,0.0,0.3
0.8593333333333333,0.0,0.2
0.5933333333333334,0.0,0.3333333333333333
0.36333333333333334,0.0,0.0
0.5913333333333334,0.0,0.5
0.7693333333333333,0.0,0.5
0.802,0.0,0.4444444444444444
0.838,0.0,0.5
0.744,0.0,0.3333333333333333
0.7633333333333333,0.0,0.3333333333333333
0.7066666666666667,0.0,0.625
0.47533333333333333,0.0,0.42857142857142855
0.8853333333333333,0.0,0.5555555555555556
0.8646666666666667,0.0,0.5
0.8053333333333333,0.0,0.3333333333333333
0.8993333333333333,0.0,0.45454545454545453
0.742,0.0,0.36363636363636365
0.9713333333333334,0.0,0.5
1.0733333333333333,0.0,0.36363636363636365
0.9746666666666667,0.0,0.6
0.6393333333333333,0.0,0.5714285714285714
0.7693333333333333,0.0,0.4
0.7946666666666666,0.0,0.6666666666666666
0.812,0.0,0.7777777777777778
1.016,0.0,0.5
0.96,0.0,0.42857142857142855
0.8866666666666667,0.0,0.36363636363636365
0.746,0.0,0.4444444444444444
0.8426666666666667,0.0,0.3
0.686,0.0,0.4
1.006,0.0,0.7
0.8846666666666667,0.0,0.3
1.032,0.0,0.5384615384615384
0.8566666666666667,0.0,0.36363636363636365
0.5666666666666667,0.0,0.42857142857142855
0.8173333333333334,0.0,0.4444444444444444
0.7733333333333333,0.0,0.2727272727272727
0.3453333333333333,0.0,0.2
1.0013333333333334,0.0,0.4166666666666667
0.934,0.0,0.6
1.242,0.0,0.3333333333333333
0.3626666666666667,0.0,0.0
0.506,0.0,0.25
0.5193333333333333,0.0,0.16666666666666666
0.46266666666666667,0.0,0.0
0.4026666666666667,0.0,0.3333333333333333
1.018,0.0,0.3076923076923077
0.7013333333333334,0.0,0.1
0.7486666666666667,0.0,0.1111111111111111
0.6946666666666667,0.0,0.625
0.9893333333333333,0.0,0.21428571428571427
0.7206666666666667,0.0,0.6666666666666666
0.974,0.0,0.5384615384615384
1.0613333333333332,0.0,0.5
0.9913333333333333,0.0,0.4166666666666667
0.3373333333333333,0.0,0.5
0.832,0.0,0.3333333333333333
0.9673333333333334,0.0,0.3333333333333333
0.9126666666666666,0.0,0.6363636363636364
0.388,0.0,0.16666666666666666
0.648,0.0,0.5
0.8593333333333333,0.0,0.4
0.33066666666666666,0.0,0.0
1.022,0.0,0.3076923076923077
0.4013333333333333,0.0,0.5
0.8246666666666667,0.0,0.5555555555555556
0.866,0.0,0.18181818181818182
0.6286666666666667,0.0,0.5
1.36,0.0,0.3333333333333333
1.0486666666666666,0.0,0.38461538461538464
0.39666666666666667,0.0,0.0
0.648,0.0,0.4444444444444444
0.858,0.0,0.4444444444444444
0.2633333333333333,0.0,0.5
0.5933333333333334,0.0,0.2222222222222222
0.5666666666666667,0.0,0.42857142857142855
0.8953333333333333,0.0,0.5454545454545454
0.404,0.0,0.16666666666666666
0.6186666666666667,0.0,0.2222222222222222
0.412,0.0,0.14285714285714285
0.65,0.0,0.4
1.1833333333333333,0.0,0.3333333333333333
1.2953333333333332,0.0,0.4
0.6813333333333333,0.0,0.4
0.7966666666666666,0.0,0.5
0.6046666666666667,0.0,0.3333333333333333
1.0386666666666666,0.0,0.38461538461538464
0.7806666666666666,0.0,0.4444444444444444
0.32066666666666666,0.0,0.3333333333333333
0.5453333333333333,0.0,0.3333333333333333
0.494,0.0,0.2857142857142857
0.93,0.0,0.5833333333333334
1.3606666666666667,0.0,0.4444444444444444
0.3293333333333333,0.0,0.2
1.1433333333333333,0.0,0.46153846153846156
0.4093333333333333,0.0,0.75
0.868,0.0,0.45454545454545453
1.1006666666666667,0.0,0.5384615384615384
0.6553333333333333,0.0,0.5555555555555556
0.588,0.0,0.625
1.4126666666666667,0.0,0.625
0.7693333333333333,0.0,0.4
0.8953333333333333,0.0,0.5
0.15266666666666667,0.0,0.5
1.088,0.0,0.5384615384615384
0.768,0.0,0.6666666666666666
0.7326666666666667,0.0,0.6666666666666666
0.6733333333333333,0.0,0.5
0.6006666666666667,0.0,0.5714285714285714
1.0353333333333334,0.0,0.3333333333333333
0.5466666666666666,0.0,0.5
1.018,0.0,0.25
1.108,0.0,0.5
1.0166666666666666,0.0,0.5
1.072,0.0,0.45454545454545453
1.146,0.0,0.5
0.9846666666666667,0.0,0.5
1.0113333333333334,0.0,0.42857142857142855
0.8773333333333333,0.0,0.5
0.51,0.0,0.2857142857142857
1.0533333333333332,0.0,0.6363636363636364
0.7226666666666667,0.0,0.5
0.9333333333333333,0.0,0.38461538461538464
0.772,0.0,0.36363636363636365
0.7986666666666666,0.0,0.3076923076923077
0.9653333333333334,0.0,0.36363636363636365
1.134,0.0,0.5
0.6166666666666667,0.0,0.42857142857142855
0.948,0.0,0.2727272727272727
1.038,0.0,0.5384615384615384
1.032,0.0,0.46153846153846156
0.846,0.0,0.2
0.7186666666666667,0.0,0.5
0.8666666666666667,0.0,0.2727272727272727
0.9533333333333334,0.0,0.5
1.106,0.0,0.16666666666666666
0.48333333333333334,0.0,0.5
1.1493333333333333,0.0,0.4
0.49133333333333334,0.0,0.16666666666666666
1.284,0.0,0.5333333333333333
0.8933333333333333,0.0,0.2727272727272727
0.632,0.0,0.25
0.696,0.0,0.2857142857142857
0.9366666666666666,0.0,0.5
0.8266666666666667,0.0,0.5
1.0006666666666666,0.0,0.5384615384615384
0.7393333333333333,0.0,0.375
0.9413333333333334,0.0,0.38461538461538464
1.036,0.0,0.46153846153846156
0.8706666666666667,0.0,0.2727272727272727
0.5886666666666667,0.0,0.14285714285714285
0.8066666666666666,0.0,0.3076923076923077
0.7833333333333333,0.0,0.4444444444444444
0.9573333333333334,0.0,0.5
0.674,0.0,0.4
1.1753333333333333,0.0,0.5
1.01,0.0,0.3333333333333333
0.728,0.0,0.25
1.0793333333333333,0.0,0.5384615384615384
0.8426666666666667,0.0,0.5
0.8133333333333334,0.0,0.36363636363636365
0.85,0.0,0.3
0.8066666666666666,0.0,0.38461538461538464
0.6726666666666666,0.0,0.4444444444444444
0.7833333333333333,0.0,0.5555555555555556
0.9573333333333334,0.0,0.5833333333333334
0.67,0.0,0.3333333333333333
1.0106666666666666,0.0,0.4166666666666667
0.9233333333333333,0.0,0.46153846153846156
1.0366666666666666,0.0,0.5333333333333333
1.0833333333333333,0.0,0.5714285714285714
1.1006666666666667,0.0,0.5714285714285714
0.8893333333333333,0.0,0.2727272727272727
0.7913333333333333,0.0,0.5
0.6106666666666667,0.0,0.125
0.962,0.0,0.46153846153846156
0.8706666666666667,0.0,0.45454545454545453
0.9673333333333334,0.0,0.38461538461538464
0.626,0.0,0.4444444444444444
0.776,0.0,0.2222222222222222
1.0806666666666667,0.0,0.4666666666666667
1.1446666666666667,0.0,0.5
0.8686666666666667,0.0,0.3
0.812,0.0,0.45454545454545453
0.8513333333333334,0.0,0.2
0.7813333333333333,0.0,0.36363636363636365
0.808,0.0,0.3076923076923077
0.674,0.0,0.3333333333333333
0.9413333333333334,0.0,0.5
0.9286666666666666,0.0,0.5
0.908,0.0,0.5454545454545454
0.8066666666666666,0.0,0.3076923076923077
0.6726666666666666,0.0,0.3333333333333333
0.9573333333333334,0.0,0.5
1.1033333333333333,0.0,0.4
0.942,0.0,0.38461538461538464
0.746,0.0,0.5555555555555556
0.9686666666666667,0.0,0.3333333333333333
1.0553333333333332,0.0,0.4666666666666667
1.1193333333333333,0.0,0.5
0.6466666666666666,0.0,0.4444444444444444
1.104,0.0,0.5
1.1286666666666667,0.0,0.4166666666666667
1.2026666666666668,0.0,0.4666666666666667
1.1113333333333333,0.0,0.3333333333333333
1.132,0.0,0.38461538461538464
1.2013333333333334,0.0,0.5714285714285714
1.1886666666666668,0.0,0.5833333333333334
1.11,0.0,0.5833333333333334
0.912,0.0,0.45454545454545453
0.8386666666666667,0.0,0.5
0.846,0.0,0.3
0.5846666666666667,0.0,0.2857142857142857
0.936,0.0,0.5833333333333334
0.7793333333333333,0.0,0.5555555555555556
0.9533333333333334,0.0,0.5833333333333334
0.9233333333333333,0.0,0.6
0.8253333333333334,0.0,0.5
0.9326666666666666,0.0,0.2727272727272727
0.8626666666666667,0.0,0.4166666666666667
0.9533333333333334,0.0,0.3333333333333333
0.866,0.0,0.5
1.01,0.0,0.5454545454545454
0.9286666666666666,0.0,0.45454545454545453
0.9533333333333334,0.0,0.36363636363636365
0.822,0.0,0.5
0.6746666666666666,0.0,0.25
0.9793333333333333,0.0,0.5
0.8693333333333333,0.0,0.5
0.646,0.0,0.2857142857142857
0.9186666666666666,0.0,0.36363636363636365
0.9433333333333334,0.0,0.2727272727272727
1.0173333333333334,0.0,0.35714285714285715
1.112,0.0,0.42857142857142855
0.856,0.0,0.3333333333333333
0.9466666666666667,0.0,0.25
0.6646666666666666,0.0,0.125
1.016,0.0,0.46153846153846156
0.8593333333333333,0.0,0.4
1.0333333333333334,0.0,0.46153846153846156
1.0033333333333334,0.0,0.45454545454545453
0.6646666666666666,0.0,0.25
0.9246666666666666,0.0,0.3
0.9986666666666667,0.0,0.38461538461538464
1.0933333333333333,0.0,0.46153846153846156
0.8373333333333334,0.0,0.36363636363636365
0.864,0.0,0.3076923076923077
0.73,0.0,0.3333333333333333
1.0146666666666666,0.0,0.5
0.906,0.0,0.5
0.8406666666666667,0.0,0.3
0.9146666666666666,0.0,0.38461538461538464
0.7486666666666667,0.0,0.25
0.7533333333333333,0.0,0.36363636363636365
0.78,0.0,0.3076923076923077
0.8666666666666667,0.0,0.46153846153846156
0.9306666666666666,0.0,0.5
0.822,0.0,0.5
0.9926666666666667,0.0,0.36363636363636365
0.572,0.0,0.2857142857142857
1.0173333333333334,0.0,0.2727272727272727
1.0913333333333333,0.0,0.35714285714285715
1.186,0.0,0.42857142857142855
1.0206666666666666,0.0,0.25
0.7386666666666667,0.0,0.125
0.9566666666666667,0.0,0.2857142857142857
0.8226666666666667,0.0,0.3
1.0433333333333332,0.0,0.42857142857142855
1.09,0.0,0.46153846153846156
0.9986666666666667,0.0,0.45454545454545453
0.9493333333333334,0.0,0.45454545454545453
1.048,0.0,0.42857142857142855
0.6153333333333333,0.0,0.14285714285714285
0.8866666666666667,0.0,0.4166666666666667
0.6953333333333334,0.0,0.25
0.7793333333333333,0.0,0.4
1.0,0.0,0.5
0.89,0.0,0.5
1.034,0.0,0.5454545454545454
0.6833333333333333,0.0,0.125
0.9093333333333333,0.0,0.36363636363636365
0.6273333333333333,0.0,0.2857142857142857
0.8453333333333334,0.0,0.38461538461538464
0.822,0.0,0.5555555555555556
0.8873333333333333,0.0,0.6
0.5826666666666667,0.0,0.5
1.0106666666666666,0.0,0.35714285714285715
1.1053333333333333,0.0,0.42857142857142855
0.9193333333333333,0.0,0.18181818181818182
0.94,0.0,0.25
1.0393333333333334,0.0,0.3333333333333333
0.48,0.0,0.42857142857142855
1.1133333333333333,0.0,0.4
1.208,0.0,0.4666666666666667
1.022,0.0,0.25
0.9786666666666667,0.0,0.3333333333333333
0.8446666666666667,0.0,0.36363636363636365
1.0653333333333332,0.0,0.4666666666666667
0.9553333333333334,0.0,0.45454545454545453
1.1293333333333333,0.0,0.5
1.0206666666666666,0.0,0.5
0.59,0.0,0.375
0.9293333333333333,0.0,0.36363636363636365
1.0033333333333334,0.0,0.42857142857142855
0.9326666666666666,0.0,0.3333333333333333
0.8686666666666667,0.0,0.35714285714285715
0.7346666666666667,0.0,0.4
0.9553333333333334,0.0,0.5
1.002,0.0,0.5384615384615384
0.8453333333333334,0.0,0.5
1.0193333333333334,0.0,0.5384615384615384
0.9106666666666666,0.0,0.5454545454545454
0.49533333333333335,0.0,0.2857142857142857
0.9993333333333333,0.0,0.5
1.1926666666666668,0.0,0.5333333333333333
1.0066666666666666,0.0,0.3333333333333333
1.0273333333333334,0.0,0.38461538461538464
0.7453333333333333,0.0,0.3333333333333333
0.8293333333333334,0.0,0.45454545454545453
1.05,0.0,0.5333333333333333
0.94,0.0,0.5454545454545454
1.0053333333333334,0.0,0.5833333333333334
0.7133333333333334,0.0,0.375
0.872,0.0,0.36363636363636365
0.8966666666666666,0.0,0.2727272727272727
0.8793333333333333,0.0,0.18181818181818182
0.8093333333333333,0.0,0.3333333333333333
0.8126666666666666,0.0,0.4
0.9866666666666667,0.0,0.46153846153846156
0.878,0.0,0.45454545454545453
1.02,0.0,0.4166666666666667
0.5653333333333334,0.0,0.2857142857142857
1.1186666666666667,0.0,0.4
1.2133333333333334,0.0,0.4666666666666667
1.0273333333333334,0.0,0.25
0.9573333333333334,0.0,0.38461538461538464
0.984,0.0,0.3333333333333333
0.85,0.0,0.36363636363636365
1.0706666666666667,0.0,0.4666666666666667
0.9606666666666667,0.0,0.45454545454545453
1.0306666666666666,0.0,0.4166666666666667
0.5546666666666666,0.0,0.2857142857142857
1.0553333333333332,0.0,0.3333333333333333
1.1293333333333333,0.0,0.4
0.968,0.0,0.38461538461538464
0.8606666666666667,0.0,0.36363636363636365
1.1453333333333333,0.0,0.5
1.1153333333333333,0.0,0.5
0.6366666666666667,0.0,0.2222222222222222
0.9486666666666667,0.0,0.5
0.9733333333333334,0.0,0.4
1.142,0.0,0.5384615384615384
0.956,0.0,0.3
0.9126666666666666,0.0,0.38461538461538464
0.7786666666666666,0.0,0.4444444444444444
0.9993333333333333,0.0,0.5384615384615384
1.0633333333333332,0.0,0.5833333333333334
0.9546666666666667,0.0,0.6
0.8286666666666667,0.0,0.4
0.7566666666666667,0.0,0.3333333333333333
0.9273333333333333,0.0,0.38461538461538464
1.022,0.0,0.46153846153846156
0.836,0.0,0.2
0.6586666666666666,0.0,0.3333333333333333
0.8793333333333333,0.0,0.46153846153846156
0.926,0.0,0.5
0.7693333333333333,0.0,0.4444444444444444
0.9433333333333334,0.0,0.5
0.8346666666666667,0.0,0.5
0.4206666666666667,0.0,0.25
0.8826666666666667,0.0,0.36363636363636365
0.9073333333333333,0.0,0.2727272727272727
0.9813333333333333,0.0,0.35714285714285715
0.89,0.0,0.18181818181818182
0.9106666666666666,0.0,0.25
0.98,0.0,0.46153846153846156
0.9673333333333334,0.0,0.45454545454545453
0.32066666666666666,0.0,0.0
0.9826666666666667,0.0,0.45454545454545453
1.0813333333333333,0.0,0.42857142857142855
1.176,0.0,0.5
0.99,0.0,0.2727272727272727
0.92,0.0,0.4166666666666667
1.0106666666666666,0.0,0.3333333333333333
0.9466666666666667,0.0,0.35714285714285715
0.8126666666666666,0.0,0.4
1.0333333333333334,0.0,0.5
0.9233333333333333,0.0,0.5
1.0973333333333333,0.0,0.5384615384615384
0.9886666666666667,0.0,0.5454545454545454
0.37733333333333335,0.0,0.2
1.0246666666666666,0.0,0.38461538461538464
1.1193333333333333,0.0,0.46153846153846156
0.9333333333333333,0.0,0.2
0.8633333333333333,0.0,0.36363636363636365
0.954,0.0,0.2727272727272727
0.89,0.0,0.3076923076923077
0.9766666666666667,0.0,0.46153846153846156
1.0233333333333334,0.0,0.5
0.8666666666666667,0.0,0.4444444444444444
1.0406666666666666,0.0,0.5
1.0106666666666666,0.0,0.5
0.932,0.0,0.5
0.848,0.0,0.4
0.4553333333333333,0.0,0.2
0.9466666666666667,0.0,0.38461538461538464
1.0413333333333334,0.0,0.46153846153846156
0.8553333333333333,0.0,0.2
0.7853333333333333,0.0,0.36363636363636365
0.876,0.0,0.2727272727272727
0.812,0.0,0.3076923076923077
0.678,0.0,0.3333333333333333
0.8986666666666666,0.0,0.46153846153846156
0.9453333333333334,0.0,0.5
0.9626666666666667,0.0,0.5
0.9326666666666666,0.0,0.5
0.854,0.0,0.5
0.06933333333333333,0.0,0.0
0.844,0.0,0.4
0.8686666666666667,0.0,0.3
0.6773333333333333,0.0,0.36363636363636365
0.9426666666666667,0.0,0.38461538461538464
1.0373333333333334,0.0,0.46153846153846156
0.7813333333333333,0.0,0.36363636363636365
0.872,0.0,0.2727272727272727
0.59,0.0,0.14285714285714285
0.674,0.0,0.3333333333333333
0.9413333333333334,0.0,0.5
0.7846666666666666,0.0,0.4444444444444444
0.9586666666666667,0.0,0.5
0.9286666666666666,0.0,0.5
0.85,0.0,0.5
0.5806666666666667,0.0,0.3333333333333333
0.9653333333333334,0.0,0.3333333333333333
1.0393333333333334,0.0,0.4
1.134,0.0,0.4666666666666667
0.948,0.0,0.25
0.878,0.0,0.38461538461538464
0.9686666666666667,0.0,0.3076923076923077
0.6866666666666666,0.0,0.2222222222222222
0.7706666666666667,0.0,0.36363636363636365
0.9913333333333333,0.0,0.4666666666666667
1.038,0.0,0.5
0.8813333333333333,0.0,0.45454545454545453
0.9466666666666667,0.0,0.5
0.9133333333333333,0.0,0.36363636363636365
0.608,0.0,0.4
1.012,0.0,0.35714285714285715
1.1066666666666667,0.0,0.42857142857142855
0.9206666666666666,0.0,0.18181818181818182
0.8506666666666667,0.0,0.3333333333333333
0.9413333333333334,0.0,0.25
0.6593333333333333,0.0,0.125
0.7433333333333333,0.0,0.3
0.854,0.0,0.4
1.028,0.0,0.46153846153846156
0.5046666666666667,0.0,0.1111111111111111
1.0166666666666666,0.0,0.5833333333333334
1.1153333333333333,0.0,0.5333333333333333
1.21,0.0,0.6
1.024,0.0,0.4166666666666667
0.954,0.0,0.5384615384615384
1.0446666666666666,0.0,0.46153846153846156
0.7626666666666667,0.0,0.4444444444444444
0.8466666666666667,0.0,0.5454545454545454
1.0673333333333332,0.0,0.6
0.9573333333333334,0.0,0.6363636363636364
1.0226666666666666,0.0,0.6666666666666666
0.8893333333333333,0.0,0.36363636363636365
0.632,0.0,0.4
0.914,0.0,0.2727272727272727
0.988,0.0,0.35714285714285715
1.0826666666666667,0.0,0.42857142857142855
0.8966666666666666,0.0,0.18181818181818182
0.8266666666666667,0.0,0.3333333333333333
0.6353333333333333,0.0,0.125
0.7193333333333334,0.0,0.3
0.94,0.0,0.42857142857142855
0.9866666666666667,0.0,0.46153846153846156
0.83,0.0,0.4
1.004,0.0,0.46153846153846156
0.8953333333333333,0.0,0.45454545454545453
0.8106666666666666,0.0,0.4
0.8353333333333334,0.0,0.3
0.9093333333333333,0.0,0.38461538461538464
1.004,0.0,0.46153846153846156
0.7106666666666667,0.0,0.36363636363636365
0.818,0.0,0.2
0.8386666666666667,0.0,0.2727272727272727
0.5566666666666666,0.0,0.14285714285714285
0.8613333333333333,0.0,0.46153846153846156
0.908,0.0,0.5
0.7513333333333333,0.0,0.4444444444444444
0.8166666666666667,0.0,0.5
0.5293333333333333,0.0,0.42857142857142855
0.858,0.0,0.4
0.8826666666666667,0.0,0.3
0.9566666666666667,0.0,0.38461538461538464
0.8653333333333333,0.0,0.2
0.7953333333333333,0.0,0.36363636363636365
0.886,0.0,0.2727272727272727
0.604,0.0,0.14285714285714285
0.822,0.0,0.3076923076923077
0.7986666666666666,0.0,0.4444444444444444
0.9726666666666667,0.0,0.5
0.9426666666666667,0.0,0.5
0.864,0.0,0.5
0.9306666666666666,0.0,0.45454545454545453
0.45666666666666667,0.0,0.3333333333333333
0.9553333333333334,0.0,0.36363636363636365
1.0293333333333334,0.0,0.42857142857142855
1.124,0.0,0.5
0.938,0.0,0.2727272727272727
0.868,0.0,0.4166666666666667
0.9586666666666667,0.0,0.3333333333333333
0.6766666666666666,0.0,0.25
0.8946666666666667,0.0,0.35714285714285715
0.9813333333333333,0.0,0.5
1.028,0.0,0.5384615384615384
0.8713333333333333,0.0,0.5
1.0453333333333332,0.0,0.5384615384615384
0.9366666666666666,0.0,0.5454545454545454
0.982,0.0,0.4166666666666667
0.4053333333333333,0.0,0.4
1.0066666666666666,0.0,0.3333333333333333
1.0806666666666667,0.0,0.4
1.1753333333333333,0.0,0.4666666666666667
0.9893333333333333,0.0,0.25
0.9193333333333333,0.0,0.38461538461538464
1.01,0.0,0.3076923076923077
0.946,0.0,0.3333333333333333
1.0326666666666666,0.0,0.4666666666666667
1.0793333333333333,0.0,0.5
0.9226666666666666,0.0,0.45454545454545453
1.0966666666666667,0.0,0.5
1.0666666666666667,0.0,0.5
0.988,0.0,0.5
0.20333333333333334,0.0,0.3333333333333333
0.43466666666666665,0.0,0.3333333333333333
0.9526666666666667,0.0,0.45454545454545453
0.9773333333333334,0.0,0.36363636363636365
1.0513333333333332,0.0,0.42857142857142855
1.146,0.0,0.5
0.96,0.0,0.2727272727272727
0.89,0.0,0.4166666666666667
0.9806666666666667,0.0,0.3333333333333333
0.6986666666666667,0.0,0.25
0.9166666666666666,0.0,0.35714285714285715
1.0033333333333334,0.0,0.5
1.05,0.0,0.5384615384615384
0.8933333333333333,0.0,0.5
1.0673333333333332,0.0,0.5384615384615384
0.9586666666666667,0.0,0.5454545454545454
0.7013333333333334,0.0,0.5555555555555556
0.9066666666666666,0.0,0.4166666666666667
0.9313333333333333,0.0,0.3333333333333333
1.0053333333333334,0.0,0.4
1.1,0.0,0.4666666666666667
0.914,0.0,0.25
0.844,0.0,0.38461538461538464
0.9346666666666666,0.0,0.3076923076923077
0.6526666666666666,0.0,0.2222222222222222
0.8706666666666667,0.0,0.3333333333333333
0.7366666666666667,0.0,0.36363636363636365
1.004,0.0,0.5
0.8473333333333334,0.0,0.45454545454545453
1.0213333333333334,0.0,0.5
0.9913333333333333,0.0,0.5
0.9126666666666666,0.0,0.5
0.128,0.0,0.3333333333333333
0.5813333333333334,0.0,0.5555555555555556
1.0266666666666666,0.0,0.4166666666666667
1.1253333333333333,0.0,0.4
1.22,0.0,0.4666666666666667
1.034,0.0,0.25
0.964,0.0,0.38461538461538464
1.0546666666666666,0.0,0.3076923076923077
0.7726666666666666,0.0,0.2222222222222222
0.9906666666666667,0.0,0.3333333333333333
0.8566666666666667,0.0,0.36363636363636365
1.124,0.0,0.5
0.9673333333333334,0.0,0.45454545454545453
1.1113333333333333,0.0,0.5
1.0326666666666666,0.0,0.5
1.0146666666666666,0.0,0.5
1.0393333333333334,0.0,0.4166666666666667
1.1133333333333333,0.0,0.4666666666666667
1.208,0.0,0.5333333333333333
1.022,0.0,0.3333333333333333
1.0426666666666666,0.0,0.38461538461538464
0.9786666666666667,0.0,0.4
0.8446666666666667,0.0,0.45454545454545453
1.112,0.0,0.5714285714285714
0.9553333333333334,0.0,0.5454545454545454
1.1293333333333333,0.0,0.5714285714285714
1.0206666666666666,0.0,0.5833333333333334
0.612,0.0,0.4444444444444444
0.996,0.0,0.5
1.0206666666666666,0.0,0.4166666666666667
1.0946666666666667,0.0,0.4666666666666667
1.1893333333333334,0.0,0.5333333333333333
1.0033333333333334,0.0,0.3333333333333333
0.9333333333333333,0.0,0.46153846153846156
1.024,0.0,0.38461538461538464
0.742,0.0,0.3333333333333333
0.96,0.0,0.4
0.826,0.0,0.45454545454545453
1.0933333333333333,0.0,0.5714285714285714
0.9366666666666666,0.0,0.5454545454545454
1.1106666666666667,0.0,0.5714285714285714
1.0806666666666667,0.0,0.5833333333333334
1.002,0.0,0.5833333333333334
0.21733333333333332,0.0,0.6666666666666666
0.576,0.0,0.375
1.0786666666666667,0.0,0.5833333333333334
1.1033333333333333,0.0,0.5
1.1773333333333333,0.0,0.5333333333333333
1.272,0.0,0.6
1.086,0.0,0.4166666666666667
1.016,0.0,0.5384615384615384
1.1066666666666667,0.0,0.46153846153846156
0.8246666666666667,0.0,0.4444444444444444
1.0426666666666666,0.0,0.4666666666666667
0.9086666666666666,0.0,0.5454545454545454
1.1293333333333333,0.0,0.6
1.0193333333333334,0.0,0.6363636363636364
1.1933333333333334,0.0,0.6428571428571429
1.1633333333333333,0.0,0.6666666666666666
1.0846666666666667,0.0,0.6666666666666666
0.7266666666666667,0.0,0.5555555555555556
0.928,0.0,0.45454545454545453
0.9526666666666667,0.0,0.36363636363636365
1.0266666666666666,0.0,0.42857142857142855
1.1213333333333333,0.0,0.5
0.9353333333333333,0.0,0.2727272727272727
0.8653333333333333,0.0,0.4166666666666667
0.956,0.0,0.3333333333333333
0.674,0.0,0.25
0.892,0.0,0.35714285714285715
0.758,0.0,0.4
0.9786666666666667,0.0,0.5
0.8686666666666667,0.0,0.5
1.0426666666666666,0.0,0.5384615384615384
0.934,0.0,0.5454545454545454
1.0226666666666666,0.0,0.4166666666666667
0.632,0.0,0.625
1.0473333333333332,0.0,0.3333333333333333
1.1213333333333333,0.0,0.4
1.216,0.0,0.4666666666666667
1.03,0.0,0.25
0.96,0.0,0.38461538461538464
1.0506666666666666,0.0,0.3076923076923077
0.7686666666666667,0.0,0.2222222222222222
0.9866666666666667,0.0,0.3333333333333333
0.8526666666666667,0.0,0.36363636363636365
1.0733333333333333,0.0,0.4666666666666667
0.9633333333333334,0.0,0.45454545454545453
1.1373333333333333,0.0,0.5
1.1073333333333333,0.0,0.5
1.0286666666666666,0.0,0.5
0.8066666666666666,0.0,0.5
0.848,0.0,0.5
0.8726666666666667,0.0,0.4
0.9466666666666667,0.0,0.46153846153846156
1.0413333333333334,0.0,0.5384615384615384
0.8553333333333333,0.0,0.3
0.7853333333333333,0.0,0.45454545454545453
0.876,0.0,0.36363636363636365
0.594,0.0,0.2857142857142857
0.812,0.0,0.38461538461538464
0.8986666666666666,0.0,0.5384615384615384
0.7886666666666666,0.0,0.5555555555555556
0.9626666666666667,0.0,0.5833333333333334
0.9326666666666666,0.0,0.6
0.854,0.0,0.6
0.7626666666666667,0.0,0.6666666666666666
0.892,0.0,0.36363636363636365
0.9166666666666666,0.0,0.2727272727272727
0.9906666666666667,0.0,0.35714285714285715
1.0853333333333333,0.0,0.42857142857142855
0.8993333333333333,0.0,0.18181818181818182
0.8293333333333334,0.0,0.3333333333333333
0.92,0.0,0.25
0.638,0.0,0.125
0.856,0.0,0.2857142857142857
0.722,0.0,0.3
0.9426666666666667,0.0,0.42857142857142855
1.0066666666666666,0.0,0.46153846153846156
0.9766666666666667,0.0,0.45454545454545453
0.898,0.0,0.45454545454545453
0.8213333333333334,0.0,0.4
0.6766666666666666,0.0,0.5714285714285714
0.846,0.0,0.3
0.92,0.0,0.38461538461538464
1.0146666666666666,0.0,0.46153846153846156
0.8286666666666667,0.0,0.2
0.7586666666666667,0.0,0.36363636363636365
0.5673333333333334,0.0,0.14285714285714285
0.7853333333333333,0.0,0.3076923076923077
0.6513333333333333,0.0,0.3333333333333333
0.872,0.0,0.46153846153846156
0.9186666666666666,0.0,0.5
0.936,0.0,0.5
0.906,0.0,0.5
0.8273333333333334,0.0,0.5
0.5313333333333333,0.0,0.6
0.9666666666666667,0.0,0.4166666666666667
0.9913333333333333,0.0,0.3333333333333333
1.0653333333333332,0.0,0.4
1.16,0.0,0.4666666666666667
0.974,0.0,0.25
0.904,0.0,0.38461538461538464
0.9946666666666667,0.0,0.3076923076923077
0.7126666666666667,0.0,0.2222222222222222
0.9306666666666666,0.0,0.3333333333333333
0.7966666666666666,0.0,0.36363636363636365
1.0173333333333334,0.0,0.4666666666666667
1.064,0.0,0.5
1.0813333333333333,0.0,0.5
1.0513333333333332,0.0,0.5
0.9726666666666667,0.0,0.5
0.986,0.0,0.5454545454545454
0.512,0.0,0.3333333333333333
1.0106666666666666,0.0,0.45454545454545453
1.0846666666666667,0.0,0.5
1.1793333333333333,0.0,0.5714285714285714
0.9933333333333333,0.0,0.36363636363636365
0.9233333333333333,0.0,0.5
1.014,0.0,0.4166666666666667
0.732,0.0,0.375
0.95,0.0,0.42857142857142855
0.816,0.0,0.5
1.0366666666666666,0.0,0.5714285714285714
1.0833333333333333,0.0,0.6153846153846154
1.1006666666666667,0.0,0.6153846153846154
1.0706666666666667,0.0,0.6363636363636364
0.992,0.0,0.6363636363636364
0.20733333333333334,0.0,1.0
1.06,0.0,0.45454545454545453
0.438,0.0,0.5
1.0846666666666667,0.0,0.36363636363636365
1.1586666666666667,0.0,0.42857142857142855
1.2533333333333334,0.0,0.5
1.0673333333333332,0.0,0.2727272727272727
0.9973333333333333,0.0,0.4166666666666667
1.088,0.0,0.3333333333333333
0.806,0.0,0.25
1.024,0.0,0.35714285714285715
0.89,0.0,0.4
1.1106666666666667,0.0,0.5
1.1573333333333333,0.0,0.5384615384615384
1.1746666666666667,0.0,0.5384615384615384
1.1446666666666667,0.0,0.5454545454545454
1.066,0.0,0.5454545454545454
0.2813333333333333,0.0,0.5
0.7153333333333334,0.0,0.5
0.9566666666666667,0.0,0.5
0.9813333333333333,0.0,0.4166666666666667
1.0553333333333332,0.0,0.4666666666666667
1.15,0.0,0.5333333333333333
0.964,0.0,0.3333333333333333
0.894,0.0,0.46153846153846156
0.9846666666666667,0.0,0.38461538461538464
0.7026666666666667,0.0,0.3333333333333333
0.9206666666666666,0.0,0.4
0.7866666666666666,0.0,0.45454545454545453
1.0073333333333334,0.0,0.5333333333333333
1.054,0.0,0.5714285714285714
0.8973333333333333,0.0,0.5454545454545454
1.0413333333333334,0.0,0.5833333333333334
0.9626666666666667,0.0,0.5833333333333334
1.0033333333333334,0.0,0.4166666666666667
0.6686666666666666,0.0,0.625
1.028,0.0,0.3333333333333333
1.102,0.0,0.4
1.1966666666666668,0.0,0.4666666666666667
1.0106666666666666,0.0,0.25
0.9406666666666667,0.0,0.38461538461538464
1.0313333333333334,0.0,0.3076923076923077
0.7493333333333333,0.0,0.2222222222222222
0.9673333333333334,0.0,0.3333333333333333
0.8333333333333334,0.0,0.36363636363636365
1.054,0.0,0.4666666666666667
1.1006666666666667,0.0,0.5
0.944,0.0,0.45454545454545453
1.088,0.0,0.5
1.0093333333333334,0.0,0.5
0.22466666666666665,0.0,0.3333333333333333
0.5006666666666667,0.0,0.375
1.1713333333333333,0.0,0.5833333333333334
1.196,0.0,0.5
1.27,0.0,0.5333333333333333
1.3646666666666667,0.0,0.6
1.1786666666666668,0.0,0.4166666666666667
1.1086666666666667,0.0,0.5384615384615384
1.1993333333333334,0.0,0.46153846153846156
0.9173333333333333,0.0,0.4444444444444444
1.1353333333333333,0.0,0.4666666666666667
1.0013333333333334,0.0,0.5454545454545454
1.222,0.0,0.6
1.2686666666666666,0.0,0.6428571428571429
1.112,0.0,0.6363636363636364
1.256,0.0,0.6666666666666666
1.1773333333333333,0.0,0.6666666666666666
0.39266666666666666,0.0,1.0
0.7953333333333333,0.0,0.6666666666666666
0.8766666666666667,0.0,0.36363636363636365
0.9013333333333333,0.0,0.2727272727272727
0.9753333333333334,0.0,0.35714285714285715
1.07,0.0,0.42857142857142855
0.884,0.0,0.18181818181818182
0.814,0.0,0.3333333333333333
0.9046666666666666,0.0,0.25
0.6226666666666667,0.0,0.125
0.8406666666666667,0.0,0.2857142857142857
0.7066666666666667,0.0,0.3
0.9273333333333333,0.0,0.42857142857142855
0.974,0.0,0.46153846153846156
0.8173333333333334,0.0,0.4
0.9613333333333334,0.0,0.45454545454545453
0.8826666666666667,0.0,0.45454545454545453
0.098,0.0,0.0
1.1033333333333333,0.0,0.5
0.5386666666666666,0.0,0.5
1.128,0.0,0.4166666666666667
1.202,0.0,0.4666666666666667
1.2966666666666666,0.0,0.5333333333333333
1.1106666666666667,0.0,0.3333333333333333
1.0406666666666666,0.0,0.46153846153846156
1.1313333333333333,0.0,0.38461538461538464
0.8493333333333334,0.0,0.3333333333333333
1.0673333333333332,0.0,0.4
0.9333333333333333,0.0,0.45454545454545453
1.154,0.0,0.5333333333333333
1.2006666666666668,0.0,0.5714285714285714
1.044,0.0,0.5454545454545454
1.218,0.0,0.5714285714285714
1.1093333333333333,0.0,0.5833333333333334
0.32466666666666666,0.0,0.6666666666666666
0.574,0.0,0.6666666666666666
1.068,0.0,0.4166666666666667
1.0926666666666667,0.0,0.3333333333333333
1.1666666666666667,0.0,0.4
1.2613333333333334,0.0,0.4666666666666667
1.0753333333333333,0.0,0.25
1.0053333333333334,0.0,0.38461538461538464
1.096,0.0,0.3076923076923077
0.814,0.0,0.2222222222222222
1.032,0.0,0.3333333333333333
0.898,0.0,0.36363636363636365
1.1186666666666667,0.0,0.4666666666666667
1.1653333333333333,0.0,0.5
1.0086666666666666,0.0,0.45454545454545453
1.1826666666666668,0.0,0.5
1.074,0.0,0.5
0.28933333333333333,0.0,0.3333333333333333
0.614,0.0,0.5
1.028,0.0,0.5
1.0526666666666666,0.0,0.4166666666666667
1.1266666666666667,0.0,0.4666666666666667
1.2213333333333334,0.0,0.5333333333333333
1.0353333333333334,0.0,0.3333333333333333
0.9653333333333334,0.0,0.46153846153846156
1.056,0.0,0.38461538461538464
0.774,0.0,0.3333333333333333
0.992,0.0,0.4
0.858,0.0,0.45454545454545453
1.0786666666666667,0.0,0.5333333333333333
1.1253333333333333,0.0,0.5714285714285714
0.9686666666666667,0.0,0.5454545454545454
1.1426666666666667,0.0,0.5714285714285714
1.034,0.0,0.5833333333333334
0.24933333333333332,0.0,0.6666666666666666
0.65,0.0,0.5714285714285714
0.9133333333333333,0.0,0.45454545454545453
0.938,0.0,0.36363636363636365
1.012,0.0,0.42857142857142855
1.1066666666666667,0.0,0.5
0.9206666666666666,0.0,0.2727272727272727
0.8506666666666667,0.0,0.4166666666666667
0.9413333333333334,0.0,0.3333333333333333
0.6593333333333333,0.0,0.25
0.8773333333333333,0.0,0.35714285714285715
0.7433333333333333,0.0,0.4
0.964,0.0,0.5
1.0106666666666666,0.0,0.5384615384615384
0.854,0.0,0.5
1.028,0.0,0.5384615384615384
0.998,0.0,0.5454545454545454
0.13466666666666666,0.0,0.5
0.568,0.0,0.5714285714285714
0.9953333333333333,0.0,0.45454545454545453
1.02,0.0,0.36363636363636365
1.094,0.0,0.42857142857142855
1.1886666666666668,0.0,0.5
1.0026666666666666,0.0,0.2727272727272727
0.9326666666666666,0.0,0.4166666666666667
1.0233333333333334,0.0,0.3333333333333333
0.7413333333333333,0.0,0.25
0.9593333333333334,0.0,0.35714285714285715
0.8253333333333334,0.0,0.4
1.046,0.0,0.5
1.0926666666666667,0.0,0.5384615384615384
0.936,0.0,0.5
1.11,0.0,0.5384615384615384
1.08,0.0,0.5454545454545454
0.21666666666666667,0.0,0.5
0.6813333333333333,0.0,0.7142857142857143
0.882,0.0,0.36363636363636365
0.9066666666666666,0.0,0.2727272727272727
0.9806666666666667,0.0,0.35714285714285715
1.0753333333333333,0.0,0.42857142857142855
0.8893333333333333,0.0,0.18181818181818182
0.8193333333333334,0.0,0.3333333333333333
0.91,0.0,0.25
0.628,0.0,0.125
0.846,0.0,0.2857142857142857
0.712,0.0,0.3
0.9326666666666666,0.0,0.42857142857142855
0.9793333333333333,0.0,0.46153846153846156
0.8226666666666667,0.0,0.4
0.9966666666666667,0.0,0.46153846153846156
0.9666666666666667,0.0,0.45454545454545453
0.5646666666666667,0.0,0.42857142857142855
0.9986666666666667,0.0,0.5454545454545454
1.0233333333333334,0.0,0.45454545454545453
1.0973333333333333,0.0,0.5
1.192,0.0,0.5714285714285714
1.006,0.0,0.36363636363636365
0.936,0.0,0.5
1.0266666666666666,0.0,0.4166666666666667
0.7446666666666667,0.0,0.375
0.9626666666666667,0.0,0.42857142857142855
0.8286666666666667,0.0,0.5
1.0493333333333332,0.0,0.5714285714285714
1.096,0.0,0.6153846153846154
0.9393333333333334,0.0,0.6
1.1133333333333333,0.0,0.6153846153846154
1.0833333333333333,0.0,0.6363636363636364
0.22,0.0,1.0
0.6746666666666666,0.0,0.5
0.8886666666666667,0.0,0.5
0.9133333333333333,0.0,0.4
0.9873333333333333,0.0,0.46153846153846156
1.082,0.0,0.5384615384615384
0.896,0.0,0.3
0.826,0.0,0.45454545454545453
0.9166666666666666,0.0,0.36363636363636365
0.6346666666666667,0.0,0.2857142857142857
0.8526666666666667,0.0,0.38461538461538464
0.7186666666666667,0.0,0.4444444444444444
0.9393333333333334,0.0,0.5384615384615384
0.986,0.0,0.5833333333333334
0.8293333333333334,0.0,0.5555555555555556
1.0033333333333334,0.0,0.5833333333333334
0.9733333333333334,0.0,0.6
0.11,0.0,1.0
0.7786666666666666,0.0,0.4444444444444444
0.8033333333333333,0.0,0.3333333333333333
0.8773333333333333,0.0,0.4166666666666667
0.972,0.0,0.5
0.786,0.0,0.2222222222222222
0.716,0.0,0.4
0.8066666666666666,0.0,0.3
0.8466666666666667,0.0,0.2857142857142857
0.6086666666666667,0.0,0.375
0.8293333333333334,0.0,0.5
0.876,0.0,0.5454545454545454
0.7193333333333334,0.0,0.5
0.8933333333333333,0.0,0.5454545454545454
0.8633333333333333,0.0,0.5555555555555556
0.7846666666666666,0.0,0.5555555555555556
0.664,0.0,0.625
0.7186666666666667,0.0,0.75
0.9686666666666667,0.0,0.5
1.1513333333333333,0.0,0.9090909090909091
0.7,0.0,0.5714285714285714
0.30933333333333335,0.0,0.3333333333333333
1.0093333333333334,0.0,0.5833333333333334
1.0106666666666666,0.0,0.6
0.8046666666666666,0.0,0.6666666666666666
0.22466666666666665,0.0,0.6666666666666666
0.952,0.0,0.45454545454545453
0.9173333333333333,0.0,0.7
1.0193333333333334,0.0,0.6363636363636364
0.606,0.0,0.5714285714285714
0.7846666666666666,0.0,0.6
0.748,0.0,0.75
0.6493333333333333,0.0,0.8333333333333334
1.1733333333333333,0.0,0.6153846153846154
0.3233333333333333,0.0,0.5
0.6913333333333334,0.0,0.5555555555555556
1.276,0.0,0.7692307692307693
0.42133333333333334,0.0,0.2
0.82,0.0,0.5555555555555556
0.814,0.0,0.6666666666666666
1.0093333333333334,0.0,0.5
0.7466666666666667,0.0,0.5
1.0846666666666667,0.0,0.8
0.7326666666666667,0.0,0.75
0.7706666666666667,0.0,0.4
0.49466666666666664,0.0,0.5
1.026,0.0,0.4166666666666667
1.0286666666666666,0.0,0.46153846153846156
0.6653333333333333,0.0,0.2222222222222222
1.1186666666666667,0.0,0.9
1.18,0.0,0.7272727272727273
0.8186666666666667,0.0,0.5555555555555556
0.406,0.0,0.6
0.408,0.0,0.6
1.074,0.0,0.38461538461538464
1.0033333333333334,0.0,0.3333333333333333
0.9386666666666666,0.0,0.5454545454545454
0.8926666666666667,0.0,0.6363636363636364
0.8253333333333334,0.0,0.625
1.2586666666666666,0.0,0.6666666666666666
0.7153333333333334,0.0,0.625
0.6126666666666667,0.0,0.5
0.41333333333333333,0.0,0.4
0.7533333333333333,0.0,0.8571428571428571
0.708,0.0,0.75
0.7913333333333333,0.0,0.5555555555555556
0.6946666666666667,0.0,0.625
0.8173333333333334,0.0,0.75
1.4766666666666666,0.0,0.7333333333333333
1.388,0.0,0.5
0.976,0.0,0.45454545454545453
0.42733333333333334,0.0,0.6
1.106,0.0,0.8181818181818182
1.036,0.0,0.3076923076923077
0.6973333333333334,0.0,0.5714285714285714
0.8166666666666667,0.0,0.6666666666666666
0.8666666666666667,0.0,0.4
0.848,0.0,0.4
0.914,0.0,0.5454545454545454
0.9033333333333333,0.0,0.8888888888888888
0.6126666666666667,0.0,0.625
0.8706666666666667,0.0,0.875
0.5906666666666667,0.0,0.5714285714285714
1.062,0.0,0.8
0.5026666666666667,0.0,0.5
0.9453333333333334,0.0,0.6666666666666666
0.8333333333333334,0.0,0.5
0.7233333333333334,0.0,0.625
0.8486666666666667,0.0,0.5
0.6326666666666667,0.0,0.42857142857142855
0.822,0.0,0.5555555555555556
0.812,0.0,0.75
0.7266666666666667,0.0,0.5555555555555556
1.0466666666666666,0.0,0.7
1.116,0.0,0.8181818181818182
0.7286666666666667,0.0,0.5555555555555556
0.968,0.0,0.7272727272727273
0.614,0.0,0.42857142857142855
0.45466666666666666,0.0,0.5
0.428,0.0,0.4
0.446,0.0,0.2
1.0146666666666666,0.0,0.7
0.936,0.0,0.7777777777777778
0.7606666666666667,0.0,0.7142857142857143
0.836,0.0,0.5555555555555556
0.8353333333333334,0.0,0.6666666666666666
1.0373333333333334,0.0,0.7272727272727273
0.6153333333333333,0.0,0.42857142857142855
0.7373333333333333,0.0,0.375
0.6953333333333334,0.0,0.75
1.0313333333333334,0.0,0.8
0.8813333333333333,0.0,0.5454545454545454
1.256,0.0,0.7692307692307693
0.846,0.0,0.6666666666666666
0.6913333333333334,0.0,0.4444444444444444
1.068,0.0,0.8181818181818182
0.9613333333333334,0.0,0.5454545454545454
0.312,0.0,1.0
0.244,0.0,0.25
1.0966666666666667,0.0,0.6666666666666666
0.6693333333333333,0.0,0.42857142857142855
1.0173333333333334,0.0,0.6363636363636364
0.7373333333333333,0.0,0.5555555555555556
0.9326666666666666,0.0,0.6
1.154,0.0,0.75
0.8893333333333333,0.0,0.7777777777777778
0.918,0.0,0.7
0.644,0.0,0.7142857142857143
0.7706666666666667,0.0,0.5
0.6586666666666666,0.0,0.5
0.9493333333333334,0.0,0.7777777777777778
0.816,0.0,0.6666666666666666
0.6146666666666667,0.0,0.5
1.1733333333333333,0.0,0.6923076923076923
0.566,0.0,0.5714285714285714
1.03,0.0,0.6363636363636364
0.7206666666666667,0.0,0.5555555555555556
0.112,0.0,0.0
0.37466666666666665,0.0,0.25
0.356,0.0,0.25
0.772,0.0,0.625
0.652,0.0,0.5
0.8293333333333334,0.0,0.5555555555555556
0.858,0.0,0.5555555555555556
0.82,0.0,0.6666666666666666
0.71,0.0,0.8333333333333334
0.676,0.0,0.75
0.5726666666666667,0.0,0.4444444444444444
0.47,0.0,0.6666666666666666
0.968,0.0,0.5454545454545454
0.7773333333333333,0.0,0.625
0.862,0.0,0.7
0.7873333333333333,0.0,0.5
0.8146666666666667,0.0,0.5
0.6413333333333333,0.0,1.0
1.0226666666666666,0.0,0.5
0.7866666666666666,0.0,0.4
0.6133333333333333,0.0,0.4444444444444444
0.6613333333333333,0.0,0.4
0.7833333333333333,0.0,0.45454545454545453
0.824,0.0,0.5
0.5973333333333334,0.0,0.8333333333333334
0.6986666666666667,0.0,0.8571428571428571
0.8113333333333334,0.0,0.6
0.9026666666666666,0.0,0.45454545454545453
0.7153333333333334,0.0,0.5
0.8746666666666667,0.0,1.0
0.798,0.0,0.6
0.644,0.0,0.8333333333333334
0.532,0.0,0.5
0.8973333333333333,0.0,0.875
0.528,0.0,1.0
0.36,0.0,0.5
0.9,0.0,0.4166666666666667
0.6806666666666666,0.0,0.36363636363636365
0.536,0.0,0.2857142857142857
0.942,0.0,0.6
0.8866666666666667,0.0,0.7
0.6886666666666666,0.0,0.625
0.7873333333333333,0.0,0.625
0.24,0.0,0.3333333333333333
0.23466666666666666,0.0,0.0
0.292,0.0,0.0
1.0493333333333332,0.0,0.4166666666666667
0.5473333333333333,0.0,0.3333333333333333
0.484,0.0,0.4
0.7273333333333334,0.0,0.8571428571428571
0.796,0.0,0.8571428571428571
0.9186666666666666,0.0,0.6666666666666666
0.9206666666666666,0.0,0.5454545454545454
0.5046666666666667,0.0,0.6666666666666666
0.518,0.0,1.0
0.9053333333333333,0.0,0.5454545454545454
0.7653333333333333,0.0,0.5
0.626,0.0,0.5
0.49,0.0,0.25
0.7153333333333334,0.0,0.5714285714285714
0.536,0.0,0.6666666666666666
0.47333333333333333,0.0,0.5
0.7773333333333333,0.0,0.75
0.5746666666666667,0.0,0.375
1.126,0.0,0.6666666666666666
0.8966666666666666,0.0,0.5454545454545454
0.8586666666666667,0.0,0.5454545454545454
0.6433333333333333,0.0,0.625
0.496,0.0,0.3333333333333333
0.6813333333333333,0.0,0.5
0.6593333333333333,0.0,0.7142857142857143
0.48533333333333334,0.0,0.3333333333333333
0.7486666666666667,0.0,0.4
0.604,0.0,0.7142857142857143
0.5006666666666667,0.0,0.375
0.9846666666666667,0.0,1.0
0.8946666666666667,0.0,0.6
0.6613333333333333,0.0,0.5
0.544,0.0,0.2857142857142857
1.0293333333333334,0.0,0.5384615384615384
0.6666666666666666,0.0,0.375
1.0113333333333334,0.0,0.5833333333333334
0.9446666666666667,0.0,0.5
0.5973333333333334,0.0,1.0
0.352,0.0,1.0
1.198,0.0,0.6923076923076923
0.4533333333333333,0.0,1.0
1.02,0.0,0.7
0.952,0.0,0.5454545454545454
0.6686666666666666,0.0,0.7142857142857143
0.9593333333333334,0.0,0.8888888888888888
0.8293333333333334,0.0,1.0
0.8306666666666667,0.0,0.45454545454545453
0.634,0.0,0.5
0.7666666666666667,0.0,0.8571428571428571
0.7233333333333334,0.0,0.8571428571428571
0.6573333333333333,0.0,0.5
0.7526666666666667,0.0,0.5555555555555556
0.868,0.0,0.6666666666666666
0.6226666666666667,0.0,0.5714285714285714
0.6333333333333333,0.0,0.5
0.22466666666666665,0.0,0.3333333333333333
0.7133333333333334,0.0,0.8571428571428571
0.9326666666666666,0.0,0.875
0.932,0.0,0.7777777777777778
0.6886666666666666,0.0,0.4444444444444444
0.696,0.0,0.7142857142857143
0.6226666666666667,0.0,0.6666666666666666
0.782,0.0,0.6666666666666666
0.7813333333333333,0.0,0.625
0.4686666666666667,0.0,0.2
0.518,0.0,0.8333333333333334
0.8226666666666667,0.0,0.5555555555555556
0.6746666666666666,0.0,0.5
0.8193333333333334,0.0,0.875
0.5206666666666667,0.0,0.8333333333333334
0.6913333333333334,0.0,0.75
0.588,0.0,0.375
0.9353333333333333,0.0,0.6
0.7286666666666667,0.0,0.75
0.452,0.0,0.6666666666666666
0.8913333333333333,0.0,0.4
0.948,0.0,0.6666666666666666
0.7273333333333334,0.0,0.5555555555555556
0.506,0.0,0.42857142857142855
0.6226666666666667,0.0,0.5
0.4513333333333333,0.0,0.6
0.62,0.0,0.42857142857142855
0.86,0.0,0.5555555555555556
0.6986666666666667,0.0,0.5555555555555556
0.8833333333333333,0.0,0.5454545454545454
0.82,0.0,0.5555555555555556
0.6966666666666667,0.0,0.5555555555555556
0.916,0.0,0.7777777777777778
0.588,0.0,0.5
0.7513333333333333,0.0,0.5555555555555556
0.8453333333333334,0.0,0.75
0.9986666666666667,0.0,0.8888888888888888
0.6986666666666667,0.0,0.625
0.6886666666666666,0.0,0.7142857142857143
0.704,0.0,0.8571428571428571
0.6173333333333333,0.0,0.5
0.782,0.0,0.5555555555555556
0.8006666666666666,0.0,1.0
0.7046666666666667,0.0,0.4444444444444444
0.8973333333333333,0.0,0.875
0.7133333333333334,0.0,0.5555555555555556
0.7406666666666667,0.0,0.75
1.018,0.0,0.8
0.9166666666666666,0.0,0.7777777777777778
0.734,0.0,0.625
0.6786666666666666,0.0,0.5
0.746,0.0,0.4
0.9153333333333333,0.0,0.7
0.7033333333333334,0.0,0.625
0.7033333333333334,0.0,0.5
0.768,0.0,0.75
0.664,0.0,0.625
0.8646666666666667,0.0,1.0
0.18666666666666668,0.0,0.3333333333333333
0.978,0.0,0.6
0.536,0.0,0.14285714285714285
0.4713333333333333,0.0,0.5
0.772,0.0,0.8571428571428571
0.9693333333333334,0.0,0.7
0.5186666666666667,0.0,0.2857142857142857
0.79,0.0,0.5
0.748,0.0,0.625
0.8606666666666667,0.0,0.5555555555555556
0.9213333333333333,0.0,0.875
0.562,0.0,0.375
1.1813333333333333,0.0,0.6666666666666666
0.7153333333333334,0.0,0.7142857142857143
0.7926666666666666,0.0,0.6
0.578,0.0,0.5
0.5406666666666666,0.0,0.3333333333333333
0.812,0.0,0.4444444444444444
0.8353333333333334,0.0,0.875
0.7013333333333334,0.0,1.0
1.0466666666666666,0.0,0.5384615384615384
0.7106666666666667,0.0,0.625
0.12933333333333333,0.0,0.5
0.3993333333333333,0.0,0.16666666666666666
0.5306666666666666,0.0,0.5714285714285714
0.914,0.0,0.7
0.6313333333333333,0.0,0.7142857142857143
0.3406666666666667,0.0,0.4
0.7726666666666666,0.0,0.75
1.218,0.0,0.6923076923076923
0.292,0.0,0.2
0.8326666666666667,0.0,0.45454545454545453
0.7386666666666667,0.0,0.5555555555555556
0.972,0.0,0.8888888888888888
0.6593333333333333,0.0,0.5714285714285714
0.982,0.0,0.7
0.9713333333333334,0.0,0.5
0.544,0.0,0.14285714285714285
0.9233333333333333,0.0,0.6363636363636364
0.7386666666666667,0.0,0.4444444444444444
0.972,0.0,0.7777777777777778
0.534,0.0,0.16666666666666666
0.698,0.0,0.5555555555555556
0.9313333333333333,0.0,0.8888888888888888
0.562,0.0,0.42857142857142855
0.836,0.0,0.6666666666666666
0.446,0.0,0.8
1.0393333333333334,0.0,0.6363636363636364
0.862,0.0,0.5555555555555556
0.536,0.0,0.5714285714285714
0.5113333333333333,0.0,0.16666666666666666
0.582,0.0,0.42857142857142855
1.1073333333333333,0.0,0.9
0.378,0.0,0.3333333333333333
1.1046666666666667,0.0,0.8181818181818182
1.094,0.0,0.6153846153846154
0.9346666666666666,0.0,0.6
0.7886666666666666,0.0,0.5
0.7866666666666666,0.0,0.5
0.582,0.0,0.2857142857142857
0.73,0.0,0.5555555555555556
0.7553333333333333,0.0,0.8571428571428571
0.51,0.0,0.8
1.1213333333333333,0.0,0.7272727272727273
0.9753333333333334,0.0,0.6363636363636364
0.576,0.0,0.8333333333333334
0.852,0.0,0.6666666666666666
1.132,0.0,0.6666666666666666
0.7366666666666667,0.0,1.0
0.9713333333333334,0.0,0.5833333333333334
0.806,0.0,0.45454545454545453
1.0393333333333334,0.0,0.7272727272727273
1.0546666666666666,0.0,0.6363636363636364
0.884,0.0,0.5454545454545454
1.1173333333333333,0.0,0.8181818181818182
0.6793333333333333,0.0,0.375
0.754,0.0,0.5555555555555556
0.6966666666666667,0.0,0.625
0.9873333333333333,0.0,0.8888888888888888
0.5493333333333333,0.0,0.3333333333333333
1.0813333333333333,0.0,0.5454545454545454
1.1686666666666667,0.0,0.7272727272727273
0.6726666666666666,0.0,0.4444444444444444
0.6153333333333333,0.0,0.5
0.8953333333333333,0.0,0.5454545454545454
0.5686666666666667,0.0,0.5714285714285714
0.8133333333333334,0.0,0.6666666666666666
0.7426666666666667,0.0,0.625
0.6006666666666667,0.0,0.6666666666666666
0.6746666666666666,0.0,0.4444444444444444
0.7773333333333333,0.0,0.5555555555555556
0.804,0.0,0.4444444444444444
0.7493333333333333,0.0,0.5
0.6946666666666667,0.0,0.5
0.5206666666666667,0.0,0.6666666666666666
0.8333333333333334,0.0,0.6
0.6846666666666666,0.0,0.3333333333333333
0.6933333333333334,0.0,0.8571428571428571
0.5686666666666667,0.0,0.5714285714285714
0.5306666666666666,0.0,0.42857142857142855
0.6326666666666667,0.0,0.5714285714285714
0.8293333333333334,0.0,0.6666666666666666
0.7613333333333333,0.0,0.625
0.9426666666666667,0.0,0.6
0.5846666666666667,0.0,0.8333333333333334
0.6406666666666667,0.0,0.625
0.744,0.0,0.5
0.6946666666666667,0.0,0.375
0.5586666666666666,0.0,0.6666666666666666
1.0086666666666666,0.0,0.8
0.8393333333333334,0.0,0.6
0.45,0.0,0.42857142857142855
0.8086666666666666,0.0,1.0
0.8393333333333334,0.0,0.5555555555555556
0.42,0.0,0.4
0.7393333333333333,0.0,0.7142857142857143
0.79,0.0,0.5
0.496,0.0,0.5
0.716,0.0,0.5
0.8186666666666667,0.0,0.6
0.656,0.0,0.5
0.36733333333333335,0.0,0.6
0.61,0.0,0.625
0.5586666666666666,0.0,0.8333333333333334
0.55,0.0,0.8333333333333334
0.5686666666666667,0.0,0.7142857142857143
0.9006666666666666,0.0,0.4166666666666667
0.7553333333333333,0.0,0.625
0.5113333333333333,0.0,0.6666666666666666
0.45266666666666666,0.0,0.42857142857142855
0.49066666666666664,0.0,0.2857142857142857
1.0033333333333334,0.0,0.8888888888888888
0.9686666666666667,0.0,0.6363636363636364
0.436,0.0,0.6
0.9046666666666666,0.0,0.6
0.5713333333333334,0.0,0.6666666666666666
0.7553333333333333,0.0,0.75
0.446,0.0,0.5
0.5813333333333334,0.0,0.5714285714285714
0.586,0.0,0.375
0.6086666666666667,0.0,0.7142857142857143
0.7533333333333333,0.0,0.5555555555555556
0.6906666666666667,0.0,0.625
0.27266666666666667,0.0,0.25
0.5353333333333333,0.0,0.3333333333333333
0.5166666666666667,0.0,0.3333333333333333
0.7633333333333333,0.0,0.625
0.8273333333333334,0.0,0.875
0.686,0.0,0.5
0.8833333333333333,0.0,0.875
0.8246666666666667,0.0,0.6
0.844,0.0,0.6666666666666666
0.6226666666666667,0.0,0.8333333333333334
1.0086666666666666,0.0,0.7
0.9113333333333333,0.0,0.6
0.7553333333333333,0.0,0.75
0.724,0.0,0.5714285714285714
0.6886666666666666,0.0,0.8571428571428571
0.8453333333333334,0.0,0.5555555555555556
0.8193333333333334,0.0,0.6666666666666666
0.7386666666666667,0.0,0.75
0.6893333333333334,0.0,0.7142857142857143
0.8586666666666667,0.0,0.7777777777777778
0.7806666666666666,0.0,1.0
0.5286666666666666,0.0,0.5714285714285714
0.7833333333333333,0.0,0.8571428571428571
0.626,0.0,0.625
0.9166666666666666,0.0,0.7777777777777778
0.8433333333333334,0.0,0.6666666666666666
0.942,0.0,0.7
0.9826666666666667,0.0,0.6
0.6806666666666666,0.0,0.5
0.794,0.0,0.6
1.0133333333333334,0.0,0.8
0.9946666666666667,0.0,0.8888888888888888
0.6326666666666667,0.0,0.42857142857142855
0.7953333333333333,0.0,0.6
0.828,0.0,0.625
0.69,0.0,0.5
0.534,0.0,0.6666666666666666
0.786,0.0,0.5
0.9586666666666667,0.0,0.6666666666666666
0.8713333333333333,0.0,0.4
0.27466666666666667,0.0,0.25
0.8853333333333333,0.0,0.6666666666666666
0.39466666666666667,0.0,0.4
0.48733333333333334,0.0,0.4
0.706,0.0,0.5
0.6573333333333333,0.0,0.42857142857142855
0.4686666666666667,0.0,0.4
0.6013333333333334,0.0,0.5
0.44333333333333336,0.0,0.2857142857142857
0.46,0.0,0.4
0.862,0.0,0.6666666666666666
0.3233333333333333,0.0,0.75
0.41333333333333333,0.0,0.6
0.4573333333333333,0.0,0.6666666666666666
0.24866666666666667,0.0,0.6666666666666666
0.8353333333333334,0.0,0.75
0.6673333333333333,0.0,0.625
0.43,0.0,0.6
1.2313333333333334,0.0,0.75
0.996,0.0,0.8888888888888888
0.2886666666666667,0.0,0.6666666666666666
0.9933333333333333,0.0,0.7
1.0586666666666666,0.0,0.8
0.36466666666666664,0.0,0.4
0.6473333333333333,0.0,0.5
0.738,0.0,0.3333333333333333
0.97,0.0,0.5
0.47733333333333333,0.0,0.5
0.7173333333333334,0.0,0.5555555555555556
0.9253333333333333,0.0,0.7
0.27666666666666667,0.0,0.5
0.8813333333333333,0.0,0.6666666666666666
0.784,0.0,0.5
0.8906666666666667,0.0,0.45454545454545453
0.764,0.0,0.5
0.918,0.0,0.36363636363636365
0.794,0.0,0.6666666666666666
0.49,0.0,0.8
0.586,0.0,0.5714285714285714
1.1226666666666667,0.0,0.9
0.5853333333333334,0.0,0.5
0.5186666666666667,0.0,0.8
0.802,0.0,0.8571428571428571
0.24533333333333332,0.0,0.25
0.528,0.0,0.42857142857142855
0.9033333333333333,0.0,0.6
0.6986666666666667,0.0,0.42857142857142855
0.6813333333333333,0.0,0.625
0.9613333333333334,0.0,0.6363636363636364
0.534,0.0,0.3333333333333333
0.7486666666666667,0.0,0.4
0.7006666666666667,0.0,0.5555555555555556
0.6406666666666667,0.0,0.625
0.9206666666666666,0.0,0.6363636363636364
0.49333333333333335,0.0,0.3333333333333333
0.6326666666666667,0.0,0.625
0.9233333333333333,0.0,0.8888888888888888
0.4653333333333333,0.0,0.3333333333333333
0.6013333333333334,0.0,0.125
1.022,0.0,0.8
0.584,0.0,0.2857142857142857
1.02,0.0,0.8
0.876,0.0,0.6666666666666666
0.9526666666666667,0.0,0.6363636363636364
0.5253333333333333,0.0,0.3333333333333333
1.0553333333333332,0.0,0.7
0.9093333333333333,0.0,0.6
0.7046666666666667,0.0,0.42857142857142855
0.7486666666666667,0.0,0.5
0.9086666666666666,0.0,0.5454545454545454
0.8513333333333334,0.0,0.6
1.142,0.0,0.8181818181818182
0.704,0.0,0.375
0.9,0.0,0.6666666666666666
1.158,0.0,0.5384615384615384
0.906,0.0,0.7777777777777778
0.8373333333333334,0.0,0.5555555555555556
0.6913333333333334,0.0,0.4444444444444444
0.9246666666666666,0.0,0.7777777777777778
0.574,0.0,0.8333333333333334
0.8486666666666667,0.0,0.6
0.5386666666666666,0.0,0.5714285714285714
0.9406666666666667,0.0,0.6
0.74,0.0,0.5555555555555556
0.5986666666666667,0.0,0.5714285714285714
0.7473333333333333,0.0,0.8571428571428571
0.7286666666666667,0.0,1.0
0.946,0.0,0.7777777777777778
0.934,0.0,0.7
0.7033333333333334,0.0,0.625
0.9073333333333333,0.0,0.6666666666666666
0.776,0.0,0.5555555555555556
0.564,0.0,1.0
0.81,0.0,0.75
0.5926666666666667,0.0,0.5714285714285714
0.9073333333333333,0.0,0.7777777777777778
0.7773333333333333,0.0,0.8571428571428571
0.8433333333333334,0.0,0.45454545454545453
0.49733333333333335,0.0,0.16666666666666666
0.7146666666666667,0.0,0.7142857142857143
0.738,0.0,0.5555555555555556
0.8013333333333333,0.0,0.625
0.36533333333333334,0.0,0.8
0.98,0.0,0.6
0.6653333333333333,0.0,0.625
0.4493333333333333,0.0,0.4
0.43066666666666664,0.0,0.4
0.7493333333333333,0.0,0.625
0.844,0.0,0.75
0.9073333333333333,0.0,0.7777777777777778
0.5186666666666667,0.0,0.5
0.5826666666666667,0.0,0.6666666666666666
0.564,0.0,0.8
0.7873333333333333,0.0,0.75
0.22466666666666665,0.0,0.0
0.48733333333333334,0.0,0.2
0.9393333333333334,0.0,0.6
0.478,0.0,0.6666666666666666
0.804,0.0,0.625
0.6366666666666667,0.0,0.5
1.0493333333333332,0.0,0.7
0.8073333333333333,0.0,0.5
0.7246666666666667,0.0,0.4444444444444444
0.8593333333333333,0.0,0.875
0.6086666666666667,0.0,0.375
0.6273333333333333,0.0,0.375
0.944,0.0,0.5454545454545454
0.934,0.0,0.6
1.0666666666666667,0.0,0.6666666666666666
0.982,0.0,0.6363636363636364
0.6,0.0,0.6666666666666666
1.1046666666666667,0.0,0.7272727272727273
0.944,0.0,0.6363636363636364
1.104,0.0,0.6666666666666666
0.8106666666666666,0.0,0.5
0.99,0.0,0.45454545454545453
1.03,0.0,0.5454545454545454
1.028,0.0,0.5454545454545454
0.9313333333333333,0.0,0.6
1.1506666666666667,0.0,0.6363636363636364
0.33466666666666667,0.0,0.8
1.15,0.0,0.5833333333333334
1.1253333333333333,0.0,0.5833333333333334
1.1766666666666667,0.0,0.5
0.156,0.0,0.3333333333333333
0.914,0.0,0.5
0.6746666666666666,0.0,0.3333333333333333
0.844,0.0,0.875
0.8033333333333333,0.0,0.875
0.88,0.0,0.4
0.7953333333333333,0.0,0.875
0.69,0.0,0.5
1.0146666666666666,0.0,0.8888888888888888
0.778,0.0,0.75
0.776,0.0,0.4444444444444444
0.9086666666666666,0.0,0.5454545454545454
0.826,0.0,0.5
0.5386666666666666,0.0,0.8333333333333334
0.8386666666666667,0.0,0.6666666666666666
0.7913333333333333,0.0,0.5555555555555556
0.7286666666666667,0.0,0.4444444444444444
0.446,0.0,0.3333333333333333
0.8946666666666667,0.0,0.7777777777777778
0.398,0.0,0.6
0.436,0.0,0.4
0.9453333333333334,0.0,0.6
1.1126666666666667,0.0,0.5833333333333334
0.9766666666666667,0.0,0.8
0.836,0.0,0.6
0.35733333333333334,0.0,0.4
0.6013333333333334,0.0,0.42857142857142855
0.5286666666666666,0.0,0.42857142857142855
0.4806666666666667,0.0,0.6666666666666666
0.45,0.0,0.6666666666666666
0.894,0.0,0.7777777777777778
0.8313333333333334,0.0,0.6666666666666666
0.4826666666666667,0.0,0.6666666666666666
0.7226666666666667,0.0,0.4444444444444444
0.498,0.0,0.5
0.656,0.0,0.7142857142857143
0.6306666666666667,0.0,0.7142857142857143
0.612,0.0,0.8333333333333334
0.7173333333333334,0.0,0.5
0.718,0.0,0.8571428571428571
0.6326666666666667,0.0,0.7142857142857143
0.512,0.0,0.6666666666666666
0.7793333333333333,0.0,0.625
0.5586666666666666,0.0,0.5714285714285714
0.7233333333333334,0.0,0.75
0.8853333333333333,0.0,0.7
0.554,0.0,0.8333333333333334
0.63,0.0,0.625
0.638,0.0,0.8333333333333334
0.5753333333333334,0.0,0.6666666666666666
0.778,0.0,0.625
0.9806666666666667,0.0,0.6666666666666666
0.4513333333333333,0.0,0.6666666666666666
0.6913333333333334,0.0,0.7142857142857143
0.5486666666666666,0.0,0.7142857142857143
0.4186666666666667,0.0,0.8
0.658,0.0,0.5
0.6393333333333333,0.0,0.5
0.6846666666666666,0.0,0.4444444444444444
0.49533333333333335,0.0,1.0
0.99,0.0,0.5454545454545454
0.6313333333333333,0.0,0.5714285714285714
0.734,0.0,0.8571428571428571
0.6886666666666666,0.0,0.5555555555555556
0.5793333333333334,0.0,1.0
0.23466666666666666,0.0,0.25
0.7586666666666667,0.0,0.625
1.0473333333333332,0.0,0.5
0.9113333333333333,0.0,0.7
0.638,0.0,0.625
1.014,0.0,0.8
0.6313333333333333,0.0,0.5
0.6626666666666666,0.0,0.625
0.82,0.0,0.5
1.0793333333333333,0.0,0.6666666666666666
0.9893333333333333,0.0,0.8
0.6546666666666666,0.0,0.625
0.656,0.0,0.5
1.07,0.0,0.6666666666666666
0.7646666666666667,0.0,0.6
0.8593333333333333,0.0,0.875
0.966,0.0,0.5833333333333334
1.004,0.0,0.6363636363636364
0.9686666666666667,0.0,0.6
1.1306666666666667,0.0,0.5833333333333334
0.3953333333333333,0.0,0.5
0.8753333333333333,0.0,0.5
0.37,0.0,0.4
0.5413333333333333,0.0,0.42857142857142855
0.4646666666666667,0.0,0.2
0.37,0.0,0.4
0.45266666666666666,0.0,0.5
0.43866666666666665,0.0,0.4
0.5566666666666666,0.0,0.6666666666666666
0.6373333333333333,0.0,0.5
0.7673333333333333,0.0,0.5
0.7246666666666667,0.0,0.5
0.7246666666666667,0.0,0.625
0.8866666666666667,0.0,0.6
0.4,0.0,0.4
0.604,0.0,0.5
0.38866666666666666,0.0,0.4
0.5166666666666667,0.0,0.8
0.6386666666666667,0.0,0.42857142857142855
0.7493333333333333,0.0,0.625
0.934,0.0,0.6
0.5253333333333333,0.0,1.0
0.952,0.0,0.6
0.7313333333333333,0.0,0.625
0.818,0.0,0.625
0.638,0.0,1.0
1.0453333333333332,0.0,0.46153846153846156
1.0746666666666667,0.0,0.5
0.9846666666666667,0.0,0.5454545454545454
0.7426666666666667,0.0,0.75
0.9226666666666666,0.0,0.5454545454545454
1.1493333333333333,0.0,0.5384615384615384
0.668,0.0,0.7142857142857143
1.128,0.0,0.5
0.5553333333333333,0.0,0.8333333333333334
0.438,0.0,0.75
0.9026666666666666,0.0,0.5454545454545454
0.7133333333333334,0.0,0.7142857142857143
0.5506666666666666,0.0,0.8
1.0233333333333334,0.0,0.5454545454545454
0.31733333333333336,0.0,0.75
0.48,0.0,0.6666666666666666
0.6833333333333333,0.0,0.8333333333333334
0.6626666666666666,0.0,0.625
0.4,0.0,0.75
0.946,0.0,0.7
0.86,0.0,0.875
0.8333333333333334,0.0,0.6666666666666666
1.0573333333333332,0.0,0.7272727272727273
0.636,0.0,0.8333333333333334
1.17,0.0,0.6666666666666666
0.24,0.0,1.0
0.9573333333333334,0.0,0.5
1.2153333333333334,0.0,0.5333333333333333
0.9733333333333334,0.0,0.7
0.252,0.0,0.5
1.086,0.0,0.6363636363636364
0.502,0.0,0.6
0.6993333333333334,0.0,0.5
0.494,0.0,0.4
0.38133333333333336,0.0,0.5
0.51,0.0,0.8
0.7626666666666667,0.0,0.625
0.8066666666666666,0.0,0.6666666666666666
0.836,0.0,0.5
0.666,0.0,0.5
0.9093333333333333,0.0,0.7777777777777778
0.64,0.0,0.625
0.9233333333333333,0.0,0.7
0.596,0.0,0.5714285714285714
0.8793333333333333,0.0,0.6666666666666666
0.786,0.0,0.5
0.6993333333333334,0.0,1.0
1.0246666666666666,0.0,0.46153846153846156
0.47733333333333333,0.0,1.0
1.108,0.0,0.7272727272727273
0.652,0.0,0.4444444444444444
0.5673333333333334,0.0,0.8
0.8693333333333333,0.0,0.7777777777777778
0.6113333333333333,0.0,0.8333333333333334
1.1486666666666667,0.0,0.5
0.428,0.0,0.6
1.0493333333333332,0.0,0.5833333333333334
0.7813333333333333,0.0,0.4444444444444444
0.5953333333333334,0.0,0.5714285714285714
0.784,0.0,0.3333333333333333
0.49133333333333334,0.0,0.6666666666666666
0.368,0.0,0.6
0.26466666666666666,0.0,0.6666666666666666
0.32866666666666666,0.0,0.75
1.044,0.0,0.5384615384615384
0.6793333333333333,0.0,0.375
0.52,0.0,0.42857142857142855
1.1906666666666668,0.0,0.6428571428571429
0.554,0.0,0.8333333333333334
0.8686666666666667,0.0,0.6
0.296,0.0,1.0
0.30266666666666664,0.0,0.4
0.826,0.0,0.5555555555555556
0.5633333333333334,0.0,0.6666666666666666
0.6953333333333334,0.0,0.5714285714285714
0.742,0.0,0.5
0.43733333333333335,0.0,0.5
1.1886666666666668,0.0,0.6666666666666666
0.8513333333333334,0.0,0.875
1.024,0.0,0.6363636363636364
0.6866666666666666,0.0,0.8571428571428571
1.034,0.0,0.5
0.6966666666666667,0.0,0.625
0.986,0.0,0.6363636363636364
0.6486666666666666,0.0,0.8571428571428571
1.024,0.0,0.5454545454545454
0.6866666666666666,0.0,0.7142857142857143
0.9833333333333333,0.0,0.6363636363636364
0.646,0.0,0.8571428571428571
0.8213333333333334,0.0,0.6666666666666666
0.664,0.0,0.7142857142857143
0.8673333333333333,0.0,0.5555555555555556
0.618,0.0,0.8571428571428571
0.7313333333333333,0.0,0.8571428571428571
0.754,0.0,0.5555555555555556
0.6633333333333333,0.0,0.5
0.822,0.0,0.875
1.1566666666666667,0.0,0.6153846153846154
0.8193333333333334,0.0,0.7777777777777778
1.074,0.0,0.5833333333333334
0.7366666666666667,0.0,0.75
1.072,0.0,0.5833333333333334
0.47,0.0,0.8
1.0153333333333334,0.0,0.6363636363636364
0.9126666666666666,0.0,0.6363636363636364
0.2906666666666667,0.0,0.75
1.1946666666666668,0.0,0.6666666666666666
0.4513333333333333,0.0,1.0
1.0913333333333333,0.0,0.5384615384615384
0.7486666666666667,0.0,0.5
0.754,0.0,0.6666666666666666
0.6013333333333334,0.0,0.25
1.194,0.0,0.6153846153846154
0.8566666666666667,0.0,0.7777777777777778
1.1693333333333333,0.0,0.6153846153846154
0.8266666666666667,0.0,0.6
0.832,0.0,0.7777777777777778
1.0393333333333334,0.0,0.6363636363636364
0.702,0.0,0.8571428571428571
1.2206666666666666,0.0,0.5384615384615384
0.878,0.0,0.5
0.8833333333333333,0.0,0.6666666666666666
0.958,0.0,0.5454545454545454
0.6206666666666667,0.0,0.7142857142857143
0.9766666666666667,0.0,0.5454545454545454
0.6393333333333333,0.0,0.7142857142857143
0.6526666666666666,0.0,0.5714285714285714
0.4653333333333333,0.0,0.3333333333333333
0.41933333333333334,0.0,0.5
0.6233333333333333,0.0,0.5714285714285714
0.6206666666666667,0.0,0.5
0.538,0.0,0.42857142857142855
0.6833333333333333,0.0,0.7142857142857143
0.47933333333333333,0.0,0.5
0.6586666666666666,0.0,0.5714285714285714
0.5033333333333333,0.0,0.5
0.422,0.0,0.3333333333333333
0.7713333333333333,0.0,0.5714285714285714
0.788,0.0,0.625
0.5186666666666667,0.0,0.6666666666666666
0.644,0.0,0.5714285714285714
0.5826666666666667,0.0,0.8333333333333334
0.604,0.0,0.5714285714285714
0.8233333333333334,0.0,0.625
0.6626666666666666,0.0,0.5
0.8226666666666667,0.0,0.5555555555555556
0.798,0.0,0.5555555555555556
0.668,0.0,0.5714285714285714
0.344,0.0,0.5
0.5406666666666666,0.0,0.5
0.5813333333333334,0.0,0.3333333333333333
0.62,0.0,0.6666666666666666
0.71,0.0,0.5
0.854,0.0,0.6666666666666666
0.778,0.0,0.8571428571428571
0.7753333333333333,0.0,0.75
0.6926666666666667,0.0,0.7142857142857143
0.634,0.0,0.8333333333333334
0.41333333333333333,0.0,0.5
0.6526666666666666,0.0,0.7142857142857143
0.8126666666666666,0.0,0.75
0.788,0.0,0.75
0.658,0.0,0.8333333333333334
0.8393333333333334,0.0,0.625
0.354,0.0,0.2
0.6166666666666667,0.0,0.2857142857142857
0.6426666666666667,0.0,0.6666666666666666
0.5506666666666666,0.0,0.2857142857142857
0.5913333333333334,0.0,0.14285714285714285
0.9273333333333333,0.0,0.6666666666666666
0.622,0.0,0.5714285714285714
0.682,0.0,0.5714285714285714
0.642,0.0,0.5714285714285714
0.8613333333333333,0.0,0.625
0.526,0.0,1.0
0.758,0.0,0.4444444444444444
0.8873333333333333,0.0,0.4444444444444444
0.306,0.0,0.5
0.6246666666666667,0.0,0.42857142857142855
0.6906666666666667,0.0,0.42857142857142855
0.65,0.0,0.5714285714285714
0.9366666666666666,0.0,0.7777777777777778
0.6773333333333333,0.0,0.5714285714285714
0.6313333333333333,0.0,0.7142857142857143
0.9326666666666666,0.0,0.5
0.7966666666666666,0.0,0.75
0.8326666666666667,0.0,0.6666666666666666
0.6913333333333334,0.0,0.7142857142857143
0.8706666666666667,0.0,0.75
0.87,0.0,0.6666666666666666
0.2966666666666667,0.0,0.25
0.5593333333333333,0.0,0.3333333333333333
0.7246666666666667,0.0,0.625
0.8893333333333333,0.0,0.6666666666666666
0.6726666666666666,0.0,0.7142857142857143
0.7573333333333333,0.0,0.75
0.64,0.0,0.8571428571428571
0.742,0.0,0.4
0.94,0.0,0.7
0.5806666666666667,0.0,0.6666666666666666
0.8433333333333334,0.0,0.625
0.6746666666666666,0.0,0.375
0.634,0.0,0.5
1.0986666666666667,0.0,0.7272727272727273
0.63,0.0,0.42857142857142855
0.984,0.0,0.6363636363636364
1.0013333333333334,0.0,0.5833333333333334
0.868,0.0,0.6
0.518,0.0,0.3333333333333333
0.8933333333333333,0.0,0.7
1.1446666666666667,0.0,0.6363636363636364
0.574,0.0,0.8333333333333334
0.514,0.0,0.8333333333333334
0.9953333333333333,0.0,0.6
0.2753333333333333,0.0,0.5
0.538,0.0,0.5
0.5126666666666667,0.0,0.3333333333333333
1.0086666666666666,0.0,0.8888888888888888
0.758,0.0,0.3333333333333333
0.5033333333333333,0.0,0.2857142857142857
0.4706666666666667,0.0,0.42857142857142855
0.854,0.0,0.7777777777777778
1.0406666666666666,0.0,0.7
0.41133333333333333,0.0,0.16666666666666666
0.608,0.0,0.25
0.786,0.0,0.4
0.7673333333333333,0.0,0.5555555555555556
0.758,0.0,0.8571428571428571
0.9466666666666667,0.0,0.6
0.8433333333333334,0.0,0.45454545454545453
0.946,0.0,0.5454545454545454
0.9213333333333333,0.0,0.5454545454545454
0.71,0.0,0.4444444444444444
0.742,0.0,0.5714285714285714
0.676,0.0,0.5714285714285714
0.7853333333333333,0.0,0.5555555555555556
0.7153333333333334,0.0,0.75
0.536,0.0,0.7142857142857143
0.5033333333333333,0.0,0.42857142857142855
0.7393333333333333,0.0,0.5
0.3953333333333333,0.0,0.6
0.7026666666666667,0.0,0.5
0.654,0.0,0.7142857142857143
0.6726666666666666,0.0,0.7142857142857143
0.4533333333333333,0.0,0.6666666666666666
0.614,0.0,0.8333333333333334
0.394,0.0,0.4
0.6566666666666666,0.0,0.42857142857142855
0.5906666666666667,0.0,0.42857142857142855
0.6313333333333333,0.0,0.2857142857142857
0.6853333333333333,0.0,0.7142857142857143
0.536,0.0,0.42857142857142855
0.7006666666666667,0.0,0.5
0.6906666666666667,0.0,0.7142857142857143
0.7386666666666667,0.0,0.5
0.892,0.0,0.7777777777777778
0.824,0.0,0.5
0.472,0.0,0.6666666666666666
0.6706666666666666,0.0,0.7142857142857143
0.8293333333333334,0.0,0.6666666666666666
0.666,0.0,0.625
0.5206666666666667,0.0,0.5
0.6293333333333333,0.0,0.2857142857142857
0.56,0.0,0.6666666666666666
0.9713333333333334,0.0,0.6
0.65,0.0,0.5
0.51,0.0,0.6666666666666666
0.65,0.0,0.625
0.7526666666666667,0.0,0.75
0.3353333333333333,0.0,0.5
0.5166666666666667,0.0,0.6666666666666666
0.598,0.0,0.5
0.532,0.0,0.5
0.7873333333333333,0.0,0.8571428571428571
0.43933333333333335,0.0,0.5
0.6513333333333333,0.0,0.7142857142857143
0.3873333333333333,0.0,0.6
0.69,0.0,0.625
0.7926666666666666,0.0,0.75
0.29533333333333334,0.0,0.5
0.558,0.0,0.5
0.582,0.0,0.8333333333333334
0.568,0.0,0.8333333333333334
0.8133333333333334,0.0,0.8571428571428571
0.356,0.0,0.6
0.38066666666666665,0.0,0.6
0.6066666666666667,0.0,0.6666666666666666
0.952,0.0,0.7777777777777778
0.5733333333333334,0.0,0.7142857142857143
0.8493333333333334,0.0,0.6666666666666666
0.874,0.0,0.6666666666666666
0.5146666666666667,0.0,0.6
0.7773333333333333,0.0,0.5714285714285714
0.3626666666666667,0.0,0.8
0.574,0.0,0.6666666666666666
0.7006666666666667,0.0,0.5
0.5413333333333333,0.0,0.8
0.7913333333333333,0.0,0.6666666666666666
0.7093333333333334,0.0,0.8571428571428571
0.7606666666666667,0.0,0.7142857142857143
0.498,0.0,0.8
0.6166666666666667,0.0,0.42857142857142855
0.5506666666666666,0.0,0.42857142857142855
0.5913333333333334,0.0,0.2857142857142857
0.7813333333333333,0.0,0.75
0.72,0.0,0.4444444444444444
0.7433333333333333,0.0,0.75
0.7673333333333333,0.0,0.5555555555555556
0.7126666666666667,0.0,0.75
0.586,0.0,0.5
0.4706666666666667,0.0,0.5714285714285714
0.6313333333333333,0.0,0.7142857142857143
0.41133333333333333,0.0,0.3333333333333333
0.658,0.0,0.5
0.6786666666666666,0.0,0.625
0.8606666666666667,0.0,0.5555555555555556
0.8446666666666667,0.0,0.5
0.514,0.0,0.5
0.7513333333333333,0.0,0.375
0.6333333333333333,0.0,0.5
0.9,0.0,0.5
0.48933333333333334,0.0,0.5
0.7266666666666667,0.0,0.375
0.998,0.0,0.6363636363636364
0.706,0.0,0.5714285714285714
0.598,0.0,0.8333333333333334
0.8433333333333334,0.0,0.5454545454545454
0.35933333333333334,0.0,0.5
0.622,0.0,0.5
0.5966666666666667,0.0,0.3333333333333333
0.6846666666666666,0.0,0.375
0.8493333333333334,0.0,0.4444444444444444
0.9726666666666667,0.0,0.45454545454545453
0.4766666666666667,0.0,0.5
0.392,0.0,0.4
0.8193333333333334,0.0,0.625
0.6,0.0,0.5714285714285714
1.03,0.0,0.5
0.6066666666666667,0.0,0.5
0.5866666666666667,0.0,0.42857142857142855
0.5686666666666667,0.0,0.5
0.634,0.0,0.5714285714285714
0.584,0.0,0.3333333333333333
0.6546666666666666,0.0,0.42857142857142855
0.3373333333333333,0.0,0.6
0.674,0.0,0.375
0.7766666666666666,0.0,0.5
0.752,0.0,0.5
0.6526666666666666,0.0,0.42857142857142855
0.7773333333333333,0.0,0.625
0.98,0.0,0.5
0.492,0.0,0.5
0.7113333333333334,0.0,0.5714285714285714
0.608,0.0,0.375
0.7106666666666667,0.0,0.5
0.556,0.0,0.5
0.746,0.0,0.42857142857142855
0.44733333333333336,0.0,0.5
0.612,0.0,0.5714285714285714
0.602,0.0,0.8333333333333334
0.5433333333333333,0.0,0.3333333333333333
0.7166666666666667,0.0,0.42857142857142855
0.7353333333333333,0.0,0.5555555555555556
0.714,0.0,0.375
0.5726666666666667,0.0,0.3333333333333333
0.542,0.0,0.8333333333333334
0.6486666666666666,0.0,0.25
0.8146666666666667,0.0,0.5555555555555556
0.7053333333333334,0.0,0.5714285714285714
1.0386666666666666,0.0,0.46153846153846156
0.612,0.0,0.5714285714285714
0.746,0.0,0.5555555555555556
0.48933333333333334,0.0,0.8
0.9406666666666667,0.0,0.5
0.6233333333333333,0.0,0.7142857142857143
0.8033333333333333,0.0,0.5
1.0153333333333334,0.0,0.5454545454545454
0.5486666666666666,0.0,0.6666666666666666
0.7833333333333333,0.0,0.5
0.508,0.0,0.42857142857142855
0.6706666666666666,0.0,0.4444444444444444
0.38533333333333336,0.0,0.6
0.6733333333333333,0.0,0.5714285714285714
0.548,0.0,0.5714285714285714
0.9106666666666666,0.0,0.6
0.31066666666666665,0.0,0.5
0.5433333333333333,0.0,0.5714285714285714
0.8266666666666667,0.0,0.6666666666666666
0.43066666666666664,0.0,0.5
0.5126666666666667,0.0,0.8
0.714,0.0,0.625
0.9826666666666667,0.0,0.7
0.244,0.0,0.6666666666666666
0.308,0.0,0.75
0.6353333333333333,0.0,0.5714285714285714
0.5913333333333334,0.0,0.8333333333333334
0.23333333333333334,0.0,0.6666666666666666
0.71,0.0,0.625
0.5553333333333333,0.0,0.375
0.6633333333333333,0.0,0.8333333333333334
0.4053333333333333,0.0,1.0
1.096,0.0,0.5
0.44266666666666665,0.0,0.2857142857142857
0.776,0.0,0.8571428571428571
0.7253333333333334,0.0,0.4
0.9833333333333333,0.0,0.46153846153846156
0.6026666666666667,0.0,0.5
0.6406666666666667,0.0,0.6666666666666666
0.8606666666666667,0.0,0.5454545454545454
0.5086666666666667,0.0,0.6
0.462,0.0,0.75
0.7313333333333333,0.0,0.3333333333333333
0.34933333333333333,0.0,1.0
0.844,0.0,0.3
0.6213333333333333,0.0,0.6666666666666666
0.572,0.0,0.2857142857142857
0.5746666666666667,0.0,0.8
0.6186666666666667,0.0,0.25
0.462,0.0,1.0
0.7313333333333333,0.0,0.2222222222222222
0.5846666666666667,0.0,0.6666666666666666
0.6086666666666667,0.0,0.2857142857142857
0.6,0.0,0.6666666666666666
0.88,0.0,0.5454545454545454
0.6733333333333333,0.0,0.5
0.644,0.0,0.7142857142857143
0.49333333333333335,0.0,0.8
1.0133333333333334,0.0,0.6363636363636364
0.576,0.0,0.5714285714285714
0.562,0.0,0.6666666666666666
0.9533333333333334,0.0,0.8
0.606,0.0,0.7142857142857143
0.416,0.0,1.0
0.7353333333333333,0.0,0.8571428571428571
0.8253333333333334,0.0,0.75
0.9346666666666666,0.0,0.5
0.608,0.0,0.375
1.332,0.0,0.6
0.42133333333333334,0.0,1.0
1.0306666666666666,0.0,0.3333333333333333
0.6706666666666666,0.0,0.5714285714285714
0.624,0.0,0.6666666666666666
0.828,0.0,0.4
0.9406666666666667,0.0,0.36363636363636365
0.8966666666666666,0.0,0.3
0.5573333333333333,0.0,0.6
0.848,0.0,0.5
0.6513333333333333,0.0,0.7142857142857143
0.7746666666666666,0.0,0.75
0.878,0.0,0.7
0.814,0.0,0.6666666666666666
0.37333333333333335,0.0,0.75
0.6233333333333333,0.0,0.5
0.792,0.0,0.3333333333333333
0.6393333333333333,0.0,0.5
0.47,0.0,0.4
0.5926666666666667,0.0,0.5714285714285714
0.9326666666666666,0.0,0.6363636363636364
0.232,0.0,1.0
0.8366666666666667,0.0,0.7777777777777778
1.12,0.0,0.8181818181818182
0.8373333333333334,0.0,0.875
0.176,0.0,1.0
0.3993333333333333,0.0,0.6
0.6826666666666666,0.0,0.7142857142857143
0.432,0.0,0.4
0.4786666666666667,0.0,0.3333333333333333
0.5233333333333333,0.0,1.0
1.1373333333333333,0.0,0.5
0.694,0.0,0.4444444444444444
0.5346666666666666,0.0,0.5714285714285714
0.8546666666666667,0.0,0.4444444444444444
0.952,0.0,0.5
0.37533333333333335,0.0,0.4
0.818,0.0,0.5
0.54,0.0,0.5
0.6533333333333333,0.0,0.42857142857142855
0.53,0.0,0.8
0.6633333333333333,0.0,0.25
0.5873333333333334,0.0,0.6666666666666666
0.606,0.0,0.2857142857142857
1.002,0.0,0.7
0.89,0.0,0.5555555555555556
0.7426666666666667,0.0,0.5
0.6306666666666667,0.0,0.2857142857142857
0.6966666666666667,0.0,0.625
0.5846666666666667,0.0,0.42857142857142855
0.8326666666666667,0.0,0.4
0.7206666666666667,0.0,0.2222222222222222
0.9006666666666666,0.0,0.6666666666666666
0.7886666666666666,0.0,0.5
0.898,0.0,0.6
0.786,0.0,0.4444444444444444
0.8153333333333334,0.0,0.5555555555555556
0.7033333333333334,0.0,0.375
0.8133333333333334,0.0,0.5555555555555556
0.7346666666666667,0.0,0.75
0.7013333333333334,0.0,0.375
0.7566666666666667,0.0,0.625
0.6726666666666666,0.0,0.625
0.6446666666666667,0.0,0.42857142857142855
0.7166666666666667,0.0,0.625
0.6046666666666667,0.0,0.42857142857142855
0.936,0.0,0.6666666666666666
0.824,0.0,0.5
0.7753333333333333,0.0,0.5555555555555556
1.034,0.0,0.5833333333333334
0.6633333333333333,0.0,0.375
0.8326666666666667,0.0,0.5
0.7206666666666667,0.0,0.3333333333333333
0.9353333333333333,0.0,0.6
0.8233333333333334,0.0,0.4444444444444444
0.9106666666666666,0.0,0.6
0.7986666666666666,0.0,0.4444444444444444
0.7806666666666666,0.0,0.625
0.6686666666666666,0.0,0.42857142857142855
0.23133333333333334,0.0,0.3333333333333333
0.962,0.0,0.5
0.6006666666666667,0.0,0.4
1.1446666666666667,0.0,0.6875
0.6386666666666667,0.0,0.7
0.5366666666666666,0.0,0.5714285714285714
0.9226666666666666,0.0,0.3
0.9473333333333334,0.0,0.5454545454545454
0.7833333333333333,0.0,0.5555555555555556
0.9613333333333334,0.0,0.7
0.5246666666666666,0.0,0.5714285714285714
1.1453333333333333,0.0,0.5384615384615384
0.7173333333333334,0.0,0.7142857142857143
1.0306666666666666,0.0,0.5333333333333333
0.968,0.0,0.38461538461538464
0.12266666666666666,0.0,1.0
1.0606666666666666,0.0,0.6153846153846154
0.5393333333333333,0.0,0.4
0.48,0.0,0.6
0.9553333333333334,0.0,0.5454545454545454
0.9013333333333333,0.0,0.4166666666666667
0.62,0.0,0.5
0.9506666666666667,0.0,0.5454545454545454
1.1093333333333333,0.0,0.6666666666666666
0.8806666666666667,0.0,0.6
0.8673333333333333,0.0,0.7777777777777778
0.8733333333333333,0.0,0.6
0.688,0.0,0.4444444444444444
0.5406666666666666,0.0,0.5714285714285714
0.798,0.0,0.625
0.5926666666666667,0.0,0.5714285714285714
0.5693333333333334,0.0,0.5
0.9886666666666667,0.0,0.5454545454545454
1.2226666666666666,0.0,0.6153846153846154
1.104,0.0,0.5833333333333334
0.9953333333333333,0.0,0.45454545454545453
0.6313333333333333,0.0,0.5714285714285714
1.0306666666666666,0.0,0.7
0.7873333333333333,0.0,0.5555555555555556
0.604,0.0,0.42857142857142855
0.9266666666666666,0.0,0.6
0.7253333333333334,0.0,0.7272727272727273
0.8586666666666667,0.0,0.6153846153846154
0.758,0.0,0.6
0.8026666666666666,0.0,0.5555555555555556
0.826,0.0,0.5555555555555556
0.9173333333333333,0.0,0.3333333333333333
1.1073333333333333,0.0,0.45454545454545453
0.188,0.0,0.3333333333333333
1.022,0.0,0.46153846153846156
1.0573333333333332,0.0,0.6
1.0613333333333332,0.0,0.5625
0.562,0.0,0.5
1.0513333333333332,0.0,0.5384615384615384
0.732,0.0,0.625
0.742,0.0,0.5555555555555556
0.9846666666666667,0.0,0.4166666666666667
1.1446666666666667,0.0,0.5
1.026,0.0,0.45454545454545453
1.0873333333333333,0.0,0.5384615384615384
0.9993333333333333,0.0,0.5333333333333333
0.6653333333333333,0.0,0.5
0.9753333333333334,0.0,0.5
0.7546666666666667,0.0,0.4444444444444444
0.974,0.0,0.7
0.6686666666666666,0.0,0.625
0.7626666666666667,0.0,0.5555555555555556
0.994,0.0,0.7
0.804,0.0,0.625
0.7526666666666667,0.0,0.625
1.0386666666666666,0.0,0.5384615384615384
0.7373333333333333,0.0,0.4166666666666667
0.4026666666666667,0.0,0.0
0.7333333333333333,0.0,0.4166666666666667
1.062,0.0,0.6
0.9066666666666666,0.0,0.4444444444444444
0.6653333333333333,0.0,0.5555555555555556
0.8813333333333333,0.0,0.5
0.9886666666666667,0.0,0.4666666666666667
0.45866666666666667,0.0,0.6666666666666666
0.6906666666666667,0.0,0.3333333333333333
0.8473333333333334,0.0,0.5555555555555556
0.44666666666666666,0.0,0.25
0.5533333333333333,0.0,0.42857142857142855
0.8913333333333333,0.0,0.5714285714285714
1.1866666666666668,0.0,0.6153846153846154
0.682,0.0,0.45454545454545453
0.9306666666666666,0.0,0.5
0.9433333333333334,0.0,0.5
0.9793333333333333,0.0,0.5454545454545454
1.1033333333333333,0.0,0.46153846153846156
0.9066666666666666,0.0,0.5
0.5173333333333333,0.0,0.5
0.568,0.0,0.5
0.412,0.0,0.6
1.2026666666666668,0.0,0.5384615384615384
0.8846666666666667,0.0,0.4
1.09,0.0,0.45454545454545453
0.5726666666666667,0.0,0.375
1.048,0.0,0.6363636363636364
0.22933333333333333,0.0,1.0
0.6793333333333333,0.0,0.625
0.788,0.0,0.4444444444444444
0.6173333333333333,0.0,0.2857142857142857
0.8293333333333334,0.0,0.45454545454545453
0.9906666666666667,0.0,0.7272727272727273
0.9386666666666666,0.0,0.5
0.7153333333333334,0.0,0.6666666666666666
0.784,0.0,0.4166666666666667
0.6026666666666667,0.0,0.7142857142857143
0.754,0.0,0.6666666666666666
0.6906666666666667,0.0,0.5
0.8606666666666667,0.0,0.6
0.7026666666666667,0.0,0.36363636363636365
0.9453333333333334,0.0,0.38461538461538464
0.8586666666666667,0.0,0.6666666666666666
0.8706666666666667,0.0,0.46153846153846156
0.712,0.0,0.5
0.902,0.0,0.5
0.796,0.0,0.625
0.638,0.0,0.5714285714285714
0.646,0.0,0.2857142857142857
0.5313333333333333,0.0,0.14285714285714285
0.6806666666666666,0.0,0.42857142857142855
0.9393333333333334,0.0,0.6666666666666666
0.7,0.0,0.5
1.0766666666666667,0.0,0.5454545454545454
1.1033333333333333,0.0,0.6363636363636364
0.8913333333333333,0.0,0.5
0.6233333333333333,0.0,0.5
0.7986666666666666,0.0,0.625
0.824,0.0,0.5
1.3626666666666667,0.0,0.6428571428571429
0.2946666666666667,0.0,0.25
0.25733333333333336,0.0,0.5
1.0326666666666666,0.0,0.5454545454545454
0.47733333333333333,0.0,0.42857142857142855
1.41,0.0,0.6
0.606,0.0,0.3333333333333333
0.9746666666666667,0.0,0.6428571428571429
0.542,0.0,0.75
0.94,0.0,0.4166666666666667
0.8273333333333334,0.0,0.5
0.6566666666666666,0.0,0.625
1.148,0.0,0.5384615384615384
0.71,0.0,0.1
0.662,0.0,0.5714285714285714
0.9673333333333334,0.0,0.5
0.8,0.0,0.7
1.136,0.0,0.6428571428571429
0.688,0.0,0.3333333333333333
0.868,0.0,0.5
0.456,0.0,0.5
0.8506666666666667,0.0,0.5555555555555556
1.0246666666666666,0.0,0.5
1.0446666666666666,0.0,0.45454545454545453
0.49933333333333335,0.0,0.42857142857142855
1.0113333333333334,0.0,0.5
0.9973333333333333,0.0,0.5
0.8453333333333334,0.0,0.4444444444444444
1.054,0.0,0.5625
0.9413333333333334,0.0,0.6363636363636364
0.9246666666666666,0.0,0.5833333333333334
0.9533333333333334,0.0,0.5
1.1413333333333333,0.0,0.6923076923076923
1.0226666666666666,0.0,0.6666666666666666
0.8233333333333334,0.0,0.6
1.0286666666666666,0.0,0.6363636363636364
0.6633333333333333,0.0,0.5454545454545454
0.966,0.0,0.5
0.856,0.0,0.5
1.012,0.0,0.4666666666666667
1.09,0.0,0.5625
1.132,0.0,0.5833333333333334
0.814,0.0,0.4444444444444444
1.282,0.0,0.5384615384615384
1.074,0.0,0.5833333333333334
1.084,0.0,0.5
0.9373333333333334,0.0,0.6
1.12,0.0,0.5714285714285714
0.6406666666666667,0.0,0.4444444444444444
0.6653333333333333,0.0,0.3
0.5506666666666666,0.0,0.375
0.7986666666666666,0.0,0.42857142857142855
0.9213333333333333,0.0,0.8
0.8206666666666667,0.0,0.38461538461538464
0.9826666666666667,0.0,0.5333333333333333
0.5806666666666667,0.0,0.14285714285714285
0.85,0.0,0.4444444444444444
0.9466666666666667,0.0,0.7777777777777778
1.0766666666666667,0.0,0.5454545454545454
0.656,0.0,0.5714285714285714
1.0546666666666666,0.0,0.6666666666666666
0.6593333333333333,0.0,0.4444444444444444
0.856,0.0,0.5
0.7606666666666667,0.0,0.4444444444444444
0.8246666666666667,0.0,0.5555555555555556
0.644,0.0,0.5
0.9666666666666667,0.0,0.7
0.6113333333333333,0.0,0.42857142857142855
0.888,0.0,0.6923076923076923
0.622,0.0,0.5555555555555556
0.7273333333333334,0.0,0.5
0.668,0.0,0.42857142857142855
0.9486666666666667,0.0,0.8
0.8353333333333334,0.0,0.7
0.75,0.0,0.5833333333333334
0.6586666666666666,0.0,0.5
0.7713333333333333,0.0,0.5
0.8926666666666667,0.0,0.6153846153846154
0.8493333333333334,0.0,0.5384615384615384
1.0766666666666667,0.0,0.7692307692307693
0.8833333333333333,0.0,0.5
1.0166666666666666,0.0,0.4166666666666667
0.868,0.0,0.75
0.7973333333333333,0.0,0.4
0.834,0.0,0.5555555555555556
0.7653333333333333,0.0,0.5
0.7406666666666667,0.0,0.6363636363636364
0.734,0.0,0.3333333333333333
0.7973333333333333,0.0,0.625
0.9246666666666666,0.0,0.5555555555555556
0.8,0.0,0.4444444444444444
0.5346666666666666,0.0,0.7142857142857143
0.6773333333333333,0.0,0.5
0.78,0.0,0.3
0.626,0.0,0.5
0.5906666666666667,0.0,0.3333333333333333
0.8533333333333334,0.0,0.5555555555555556
0.6973333333333334,0.0,0.625
0.7686666666666667,0.0,0.5714285714285714
0.5553333333333333,0.0,0.16666666666666666
0.858,0.0,0.5
0.8333333333333334,0.0,0.4444444444444444
0.7013333333333334,0.0,0.4
0.7633333333333333,0.0,0.5
0.7713333333333333,0.0,0.38461538461538464
0.7726666666666666,0.0,0.5555555555555556
0.9166666666666666,0.0,0.6
0.774,0.0,0.7142857142857143
0.5246666666666666,0.0,0.75
1.22,0.0,0.5833333333333334
0.994,0.0,0.6
0.7506666666666667,0.0,0.5454545454545454
0.9526666666666667,0.0,0.45454545454545453
0.9553333333333334,0.0,0.6666666666666666
0.6966666666666667,0.0,1.0
0.346,0.0,0.2
1.0033333333333334,0.0,0.8
0.7846666666666666,0.0,0.5
1.1973333333333334,0.0,0.5454545454545454
0.636,0.0,0.4444444444444444
0.5946666666666667,0.0,0.375
1.2006666666666668,0.0,0.625
1.414,0.0,0.5263157894736842
1.198,0.0,0.6153846153846154
0.718,0.0,0.5
1.0426666666666666,0.0,0.3333333333333333
0.5686666666666667,0.0,0.0
0.69,0.0,0.45454545454545453
0.6513333333333333,0.0,0.6666666666666666
0.626,0.0,0.7
1.304,0.0,0.6111111111111112
0.7513333333333333,0.0,0.625
0.324,0.0,0.2
1.026,0.0,0.3333333333333333
1.2566666666666666,0.0,0.6666666666666666
1.2426666666666666,0.0,0.625
1.2626666666666666,0.0,0.6363636363636364
0.8886666666666667,0.0,0.5454545454545454
1.0173333333333334,0.0,0.45454545454545453
0.7446666666666667,0.0,0.7142857142857143
1.194,0.0,0.6153846153846154
0.876,0.0,0.5
1.0813333333333333,0.0,0.5454545454545454
1.0506666666666666,0.0,0.5
1.028,0.0,0.5
1.074,0.0,0.5454545454545454
1.024,0.0,0.5454545454545454
0.8913333333333333,0.0,0.5
0.706,0.0,0.375
0.9113333333333333,0.0,0.4444444444444444
0.8886666666666667,0.0,0.45454545454545453
1.06,0.0,0.6666666666666666
0.676,0.0,0.5454545454545454
0.748,0.0,0.4444444444444444
0.96,0.0,0.5454545454545454
0.7606666666666667,0.0,0.4444444444444444
0.7626666666666667,0.0,0.5833333333333334
0.7853333333333333,0.0,0.3
0.9906666666666667,0.0,0.36363636363636365
0.9206666666666666,0.0,0.5
1.032,0.0,0.4
1.0093333333333334,0.0,0.4166666666666667
1.196,0.0,0.6923076923076923
0.3606666666666667,0.0,0.0
1.0833333333333333,0.0,0.6363636363636364
0.9046666666666666,0.0,0.5
0.63,0.0,0.5
1.0133333333333334,0.0,0.5454545454545454
0.964,0.0,0.4
0.756,0.0,0.4444444444444444
0.9613333333333334,0.0,0.5
1.07,0.0,0.5
1.1666666666666667,0.0,0.6666666666666666
1.034,0.0,0.6
1.054,0.0,0.6
0.8186666666666667,0.0,0.5555555555555556
1.2006666666666668,0.0,0.6666666666666666
0.6013333333333334,0.0,0.375
0.7066666666666667,0.0,0.3333333333333333
1.068,0.0,0.6666666666666666
0.782,0.0,0.4444444444444444
0.8833333333333333,0.0,0.5
0.8853333333333333,0.0,0.45454545454545453
1.058,0.0,0.45454545454545453
0.7166666666666667,0.0,0.5714285714285714
0.752,0.0,0.5555555555555556
0.9246666666666666,0.0,0.5454545454545454
0.8733333333333333,0.0,0.6666666666666666
0.7866666666666666,0.0,0.625
0.8313333333333334,0.0,0.6153846153846154
0.952,0.0,0.5555555555555556
0.5533333333333333,0.0,0.14285714285714285
1.01,0.0,0.6
0.974,0.0,0.7777777777777778
0.756,0.0,0.5
0.766,0.0,0.6666666666666666
0.774,0.0,0.5555555555555556
0.7693333333333333,0.0,0.375
0.952,0.0,0.5454545454545454
0.9373333333333334,0.0,0.5
0.6873333333333334,0.0,0.36363636363636365
0.898,0.0,0.45454545454545453
1.0173333333333334,0.0,0.6363636363636364
0.752,0.0,0.4444444444444444
0.9026666666666666,0.0,0.5454545454545454
0.7486666666666667,0.0,0.5
0.762,0.0,0.4444444444444444
0.9126666666666666,0.0,0.5714285714285714
0.6713333333333333,0.0,0.42857142857142855
0.7666666666666667,0.0,0.5555555555555556
0.8546666666666667,0.0,0.5555555555555556
0.914,0.0,0.4444444444444444
0.84,0.0,0.7777777777777778
0.9733333333333334,0.0,0.6363636363636364
0.908,0.0,0.46153846153846156
0.8546666666666667,0.0,0.7
0.9313333333333333,0.0,0.5
0.788,0.0,0.6
0.8526666666666667,0.0,0.42857142857142855
1.0206666666666666,0.0,0.5
0.6086666666666667,0.0,0.5714285714285714
0.808,0.0,0.3333333333333333
0.616,0.0,0.75
0.8693333333333333,0.0,0.6363636363636364
0.9886666666666667,0.0,0.5714285714285714
0.9573333333333334,0.0,0.5714285714285714
0.8993333333333333,0.0,0.5714285714285714
0.9333333333333333,0.0,0.5333333333333333
0.6733333333333333,0.0,0.5
0.5266666666666666,0.0,0.0
0.7826666666666666,0.0,0.4444444444444444
0.6966666666666667,0.0,0.5
0.652,0.0,0.36363636363636365
0.7093333333333334,0.0,0.5
0.61,0.0,0.42857142857142855
0.7626666666666667,0.0,0.5
0.6813333333333333,0.0,0.42857142857142855
0.9393333333333334,0.0,0.5
0.7766666666666666,0.0,0.375
0.8893333333333333,0.0,0.38461538461538464
0.6873333333333334,0.0,0.42857142857142855
0.976,0.0,0.8
0.828,0.0,0.6666666666666666
0.502,0.0,0.16666666666666666
1.0213333333333334,0.0,0.6666666666666666
0.7053333333333334,0.0,0.14285714285714285
0.924,0.0,0.6363636363636364
1.136,0.0,0.5833333333333334
0.7653333333333333,0.0,0.42857142857142855
0.626,0.0,0.3333333333333333
0.9613333333333334,0.0,0.5714285714285714
0.6413333333333333,0.0,0.3333333333333333
0.7466666666666667,0.0,0.2857142857142857
1.0453333333333332,0.0,0.5454545454545454
0.8226666666666667,0.0,0.4444444444444444
0.8706666666666667,0.0,0.5384615384615384
0.7953333333333333,0.0,0.4166666666666667
0.8006666666666666,0.0,0.4444444444444444
0.5666666666666667,0.0,0.6666666666666666
0.6726666666666666,0.0,0.5
1.0893333333333333,0.0,0.6
0.706,0.0,0.5714285714285714
1.0266666666666666,0.0,0.42857142857142855
1.1073333333333333,0.0,0.5333333333333333
0.862,0.0,0.4444444444444444
0.5313333333333333,0.0,0.5
0.6166666666666667,0.0,0.5714285714285714
0.8186666666666667,0.0,0.46153846153846156
0.794,0.0,0.5
0.7666666666666667,0.0,0.5
0.9746666666666667,0.0,0.7
0.6233333333333333,0.0,0.625
0.7933333333333333,0.0,0.6
0.8346666666666667,0.0,0.4444444444444444
1.028,0.0,0.5333333333333333
0.6593333333333333,0.0,0.3333333333333333
0.6953333333333334,0.0,0.5
0.7766666666666666,0.0,0.5454545454545454
0.6746666666666666,0.0,0.3333333333333333
0.858,0.0,0.45454545454545453
0.7326666666666667,0.0,0.4444444444444444
0.8573333333333333,0.0,0.5555555555555556
0.8466666666666667,0.0,0.5
0.8093333333333333,0.0,0.6153846153846154
0.536,0.0,0.5714285714285714
0.9073333333333333,0.0,0.6666666666666666
0.7346666666666667,0.0,0.7272727272727273
1.4266666666666667,0.0,0.5555555555555556
0.31533333333333335,0.0,0.6
0.904,0.0,0.75
1.262,0.0,0.6153846153846154
1.284,0.0,0.5833333333333334
1.3233333333333333,0.0,0.5714285714285714
0.5873333333333334,0.0,0.625
0.6486666666666666,0.0,0.375
1.2513333333333334,0.0,0.47058823529411764
1.1226666666666667,0.0,0.4666666666666667
0.5006666666666667,0.0,0.7142857142857143
0.7353333333333333,0.0,0.3333333333333333
1.0866666666666667,0.0,0.5
1.0353333333333334,0.0,0.5454545454545454
0.796,0.0,0.5
0.816,0.0,0.5555555555555556
0.964,0.0,0.45454545454545453
0.738,0.0,0.4444444444444444
0.386,0.0,0.6
0.7686666666666667,0.0,0.6
0.7066666666666667,0.0,0.36363636363636365
0.5026666666666667,0.0,0.125
0.36133333333333334,0.0,0.0
0.596,0.0,0.5714285714285714
0.6346666666666667,0.0,0.3333333333333333
0.49333333333333335,0.0,0.2857142857142857
0.9166666666666666,0.0,0.5833333333333334
1.0386666666666666,0.0,0.6666666666666666
0.9,0.0,0.2222222222222222
0.7386666666666667,0.0,0.75
0.7673333333333333,0.0,0.4444444444444444
0.9193333333333333,0.0,0.45454545454545453
0.27266666666666667,0.0,0.25
1.1486666666666667,0.0,0.5384615384615384
1.1706666666666667,0.0,0.5
1.24,0.0,0.6153846153846154
1.0386666666666666,0.0,0.5
0.8393333333333334,0.0,0.4
0.9053333333333333,0.0,0.6
0.706,0.0,0.5
0.9946666666666667,0.0,0.46153846153846156
1.0586666666666666,0.0,0.5384615384615384
0.08666666666666667,0.0,0.0
1.006,0.0,0.6153846153846154
1.0786666666666667,0.0,0.5833333333333334
0.8606666666666667,0.0,0.5
0.6613333333333333,0.0,0.375
0.8666666666666667,0.0,0.4444444444444444
0.844,0.0,0.45454545454545453
0.166,0.0,0.0
1.0393333333333334,0.0,0.5454545454545454
0.904,0.0,0.45454545454545453
0.87,0.0,0.5
0.8533333333333334,0.0,0.45454545454545453
1.0773333333333333,0.0,0.6666666666666666
1.0633333333333332,0.0,0.625
0.9966666666666667,0.0,0.5
1.1493333333333333,0.0,0.5
1.1466666666666667,0.0,0.46153846153846156
0.9413333333333334,0.0,0.5333333333333333
1.108,0.0,0.5384615384615384
0.9893333333333333,0.0,0.5
0.6193333333333333,0.0,0.42857142857142855
1.17,0.0,0.7272727272727273
0.7033333333333334,0.0,0.6
0.918,0.0,0.75
0.67,0.0,0.4
0.7853333333333333,0.0,0.5
0.8746666666666667,0.0,0.42857142857142855
0.886,0.0,0.6666666666666666
0.8813333333333333,0.0,0.6666666666666666
0.8186666666666667,0.0,0.6666666666666666
0.7686666666666667,0.0,0.5
1.116,0.0,0.5
1.08,0.0,0.6363636363636364
1.0213333333333334,0.0,0.5
0.718,0.0,0.625
0.8126666666666666,0.0,0.5
0.854,0.0,0.6666666666666666
1.1073333333333333,0.0,0.5833333333333334
0.92,0.0,0.5714285714285714
0.8953333333333333,0.0,0.6923076923076923
0.7566666666666667,0.0,0.5
0.7213333333333334,0.0,0.5555555555555556
0.8893333333333333,0.0,0.5384615384615384
0.7433333333333333,0.0,0.5
0.878,0.0,0.6
0.9373333333333334,0.0,0.5
0.7293333333333333,0.0,0.5555555555555556
0.7686666666666667,0.0,0.4166666666666667
0.8686666666666667,0.0,0.6
0.9973333333333333,0.0,0.5454545454545454
0.9253333333333333,0.0,0.5714285714285714
0.85,0.0,0.46153846153846156
0.8793333333333333,0.0,0.5555555555555556
0.822,0.0,0.45454545454545453
0.902,0.0,0.42857142857142855
0.6846666666666666,0.0,0.625
0.6906666666666667,0.0,0.625
0.8766666666666667,0.0,0.46153846153846156
0.8686666666666667,0.0,0.5
0.7626666666666667,0.0,0.5833333333333334
0.9326666666666666,0.0,0.5714285714285714
0.7626666666666667,0.0,0.5
0.8833333333333333,0.0,0.46153846153846156
0.9346666666666666,0.0,0.6428571428571429
0.9413333333333334,0.0,0.5
0.9053333333333333,0.0,0.6153846153846154
0.6873333333333334,0.0,0.45454545454545453
0.8573333333333333,0.0,0.46153846153846156
0.936,0.0,0.7272727272727273
0.772,0.0,0.6666666666666666
0.684,0.0,0.75
0.7033333333333334,0.0,0.5
0.734,0.0,0.5555555555555556
0.7146666666666667,0.0,0.5
0.9486666666666667,0.0,0.5714285714285714
0.858,0.0,0.5384615384615384
1.008,0.0,0.5
0.6213333333333333,0.0,0.5714285714285714
0.834,0.0,0.5
0.5413333333333333,0.0,0.375
0.9553333333333334,0.0,0.5333333333333333
0.7593333333333333,0.0,0.625
1.012,0.0,0.6
1.048,0.0,0.6
0.7073333333333334,0.0,0.4444444444444444
0.924,0.0,0.6923076923076923
0.7053333333333334,0.0,0.25
0.8333333333333334,0.0,0.6666666666666666
0.9833333333333333,0.0,0.6153846153846154
0.904,0.0,0.6153846153846154
0.64,0.0,0.625
0.778,0.0,0.5
0.6833333333333333,0.0,0.3333333333333333
0.732,0.0,0.42857142857142855
0.654,0.0,0.5
0.7466666666666667,0.0,0.625
0.7333333333333333,0.0,0.5
1.006,0.0,0.6666666666666666
0.6546666666666666,0.0,0.42857142857142855
0.69,0.0,0.6363636363636364
0.7046666666666667,0.0,0.5
0.85,0.0,0.75
0.6046666666666667,0.0,0.5
0.846,0.0,0.5833333333333334
0.6066666666666667,0.0,0.5714285714285714
0.6413333333333333,0.0,0.7142857142857143
0.61,0.0,0.2857142857142857
0.8593333333333333,0.0,0.5384615384615384
0.8973333333333333,0.0,0.7692307692307693
0.7953333333333333,0.0,0.7
1.03,0.0,0.7
0.7593333333333333,0.0,0.375
0.7886666666666666,0.0,0.5
0.886,0.0,0.46153846153846156
0.5813333333333334,0.0,0.3333333333333333
0.71,0.0,0.375
0.8886666666666667,0.0,0.6666666666666666
0.8953333333333333,0.0,0.4444444444444444
0.7313333333333333,0.0,0.5555555555555556
0.844,0.0,0.4
1.1953333333333334,0.0,0.5
0.7293333333333333,0.0,0.625
0.522,0.0,0.5
0.646,0.0,0.375
0.9126666666666666,0.0,0.4444444444444444
0.7566666666666667,0.0,0.5
1.01,0.0,0.45454545454545453
0.9173333333333333,0.0,0.36363636363636365
0.6506666666666666,0.0,0.5
0.9873333333333333,0.0,0.5454545454545454
0.706,0.0,0.5
0.8126666666666666,0.0,0.5384615384615384
0.8066666666666666,0.0,0.5
0.7753333333333333,0.0,0.6666666666666666
0.676,0.0,0.42857142857142855
0.7646666666666667,0.0,0.4
0.7293333333333333,0.0,0.5
0.8273333333333334,0.0,0.4444444444444444
0.6593333333333333,0.0,0.6666666666666666
0.866,0.0,0.38461538461538464
0.9286666666666666,0.0,0.5
0.626,0.0,0.14285714285714285
0.7453333333333333,0.0,0.5
0.7286666666666667,0.0,0.5555555555555556
0.7913333333333333,0.0,0.625
0.822,0.0,0.6666666666666666
0.9113333333333333,0.0,0.5384615384615384
0.6146666666666667,0.0,0.3333333333333333
0.59,0.0,0.3333333333333333
0.8593333333333333,0.0,0.625
0.7093333333333334,0.0,0.7142857142857143
0.8513333333333334,0.0,0.5
0.888,0.0,0.6
0.8386666666666667,0.0,0.4444444444444444
0.5826666666666667,0.0,0.5
1.0,0.0,0.6666666666666666
0.6873333333333334,0.0,0.8333333333333334
0.5633333333333334,0.0,0.5714285714285714
0.9666666666666667,0.0,0.6
0.876,0.0,0.5
1.2793333333333334,0.0,0.6153846153846154
1.0533333333333332,0.0,0.6363636363636364
0.7026666666666667,0.0,0.5
0.7893333333333333,0.0,0.4444444444444444
0.9913333333333333,0.0,0.5833333333333334
0.7873333333333333,0.0,0.4444444444444444
0.9546666666666667,0.0,0.6428571428571429
0.646,0.0,0.42857142857142855
0.604,0.0,0.5
1.3126666666666666,0.0,0.5294117647058824
0.98,0.0,0.4166666666666667
0.9033333333333333,0.0,0.6923076923076923
0.9453333333333334,0.0,0.6428571428571429
0.3426666666666667,0.0,0.6
1.2706666666666666,0.0,0.5625
1.0666666666666667,0.0,0.46153846153846156
0.6753333333333333,0.0,0.7
0.6526666666666666,0.0,0.3333333333333333
1.1833333333333333,0.0,0.6666666666666666
0.9773333333333334,0.0,0.625
0.7826666666666666,0.0,0.6666666666666666
0.838,0.0,0.75
1.1306666666666667,0.0,0.5
0.44333333333333336,0.0,0.5
0.7086666666666667,0.0,0.4444444444444444
1.3826666666666667,0.0,0.6
0.3566666666666667,0.0,0.4
0.622,0.0,0.375
1.0173333333333334,0.0,0.6923076923076923
1.1586666666666667,0.0,0.6666666666666666
0.4226666666666667,0.0,0.3333333333333333
1.036,0.0,0.5
0.9186666666666666,0.0,0.3333333333333333
0.664,0.0,0.42857142857142855
0.7226666666666667,0.0,0.625
0.7153333333333334,0.0,0.375
1.0,0.0,0.5454545454545454
0.438,0.0,0.4
0.48933333333333334,0.0,0.3333333333333333
0.4026666666666667,0.0,0.4
0.6533333333333333,0.0,0.5
0.6513333333333333,0.0,0.5
0.7173333333333334,0.0,0.6666666666666666
0.4513333333333333,0.0,0.14285714285714285
1.114,0.0,0.6666666666666666
1.0626666666666666,0.0,0.7142857142857143
0.268,0.0,0.0
1.178,0.0,0.6
1.084,0.0,0.4375
1.1206666666666667,0.0,0.6666666666666666
1.262,0.0,0.6470588235294118
0.3446666666666667,0.0,0.16666666666666666
0.9966666666666667,0.0,0.7142857142857143
0.7673333333333333,0.0,0.6666666666666666
0.8393333333333334,0.0,0.36363636363636365
0.8186666666666667,0.0,0.4
1.0973333333333333,0.0,0.5833333333333334
0.3953333333333333,0.0,0.8
0.6853333333333333,0.0,0.625
0.976,0.0,0.5
0.812,0.0,0.4
0.22,0.0,0.3333333333333333
0.25666666666666665,0.0,0.6666666666666666
0.24933333333333332,0.0,0.6666666666666666
0.9473333333333334,0.0,0.6
1.066,0.0,0.5833333333333334
0.204,0.0,1.0
0.9266666666666666,0.0,0.4444444444444444
0.102,0.0,0.0
0.876,0.0,0.4444444444444444
0.051333333333333335,0.0,0.0
0.2853333333333333,0.0,0.6666666666666666
1.1633333333333333,0.0,0.5
0.3446666666666667,0.0,0.3333333333333333
0.8486666666666667,0.0,0.5555555555555556
0.79,0.0,0.4
0.34933333333333333,0.0,0.16666666666666666
0.4513333333333333,0.0,0.3333333333333333
1.2566666666666666,0.0,0.5833333333333334
0.434,0.0,0.16666666666666666
1.1893333333333334,0.0,0.6875
0.38133333333333336,0.0,1.0
0.48933333333333334,0.0,0.16666666666666666
1.34,0.0,0.5294117647058824
1.1406666666666667,0.0,0.5384615384615384
0.51,0.0,0.8571428571428571
0.914,0.0,0.3076923076923077
0.402,0.0,0.6666666666666666
0.744,0.0,0.4444444444444444
0.9166666666666666,0.0,0.42857142857142855
0.6973333333333334,0.0,0.7
0.9306666666666666,0.0,0.46153846153846156
0.732,0.0,0.375
0.6526666666666666,0.0,0.6
1.0406666666666666,0.0,0.6
0.626,0.0,0.5714285714285714
0.9566666666666667,0.0,0.4166666666666667
1.214,0.0,0.5882352941176471
0.5806666666666667,0.0,0.5714285714285714
0.22333333333333333,0.0,0.6666666666666666
0.322,0.0,0.25
1.2346666666666666,0.0,0.6153846153846154
0.836,0.0,0.6666666666666666
0.39666666666666667,0.0,0.4
1.224,0.0,0.5714285714285714
0.5926666666666667,0.0,0.5
1.1466666666666667,0.0,0.5833333333333334
0.9853333333333333,0.0,0.46153846153846156
0.43866666666666665,0.0,0.5714285714285714
0.61,0.0,0.2222222222222222
0.4513333333333333,0.0,0.16666666666666666
0.946,0.0,0.8888888888888888
0.8853333333333333,0.0,0.5
0.7386666666666667,0.0,0.2727272727272727
0.4533333333333333,0.0,0.2
0.7626666666666667,0.0,0.4
1.058,0.0,0.7272727272727273
0.764,0.0,0.6666666666666666
0.6873333333333334,0.0,0.5
0.538,0.0,0.2857142857142857
0.9553333333333334,0.0,0.35714285714285715
0.48933333333333334,0.0,0.5714285714285714
0.604,0.0,0.42857142857142855
1.0193333333333334,0.0,0.6
1.032,0.0,0.5384615384615384
0.5973333333333334,0.0,0.5
0.9233333333333333,0.0,0.5555555555555556
0.6733333333333333,0.0,0.625
0.972,0.0,0.36363636363636365
0.49266666666666664,0.0,0.4
0.33,0.0,0.5
1.1146666666666667,0.0,0.4117647058823529
0.5526666666666666,0.0,0.6666666666666666
1.004,0.0,0.45454545454545453
0.9586666666666667,0.0,0.5
0.9253333333333333,0.0,0.36363636363636365
1.0453333333333332,0.0,0.6666666666666666
0.676,0.0,0.6
0.9413333333333334,0.0,0.4
0.44733333333333336,0.0,0.2
0.4206666666666667,0.0,0.5
1.0873333333333333,0.0,0.6666666666666666
0.7126666666666667,0.0,0.375
0.746,0.0,0.4444444444444444
1.3366666666666667,0.0,0.6875
1.0853333333333333,0.0,0.5714285714285714
0.41533333333333333,0.0,0.3333333333333333
0.736,0.0,0.5454545454545454
0.8626666666666667,0.0,0.6666666666666666
0.6133333333333333,0.0,0.625
0.9826666666666667,0.0,0.38461538461538464
0.806,0.0,0.18181818181818182
0.7973333333333333,0.0,0.45454545454545453
0.9113333333333333,0.0,0.5555555555555556
0.676,0.0,0.3333333333333333
0.876,0.0,0.4444444444444444
0.7113333333333334,0.0,0.4444444444444444
0.5866666666666667,0.0,0.4444444444444444
1.0493333333333332,0.0,0.6363636363636364
1.18,0.0,0.6666666666666666
0.7733333333333333,0.0,0.4166666666666667
0.7606666666666667,0.0,0.4166666666666667
0.7386666666666667,0.0,0.8571428571428571
0.86,0.0,0.46153846153846156
0.7986666666666666,0.0,0.8571428571428571
0.794,0.0,0.36363636363636365
0.8446666666666667,0.0,0.36363636363636365
0.7733333333333333,0.0,0.2
0.7033333333333334,0.0,0.3333333333333333
0.7866666666666666,0.0,0.5555555555555556
0.8913333333333333,0.0,0.875
0.9366666666666666,0.0,0.5
0.846,0.0,0.4444444444444444
0.7566666666666667,0.0,0.5
0.926,0.0,1.0
0.7353333333333333,0.0,0.6666666666666666
0.5653333333333334,0.0,0.5714285714285714
1.0073333333333334,0.0,0.6666666666666666
0.62,0.0,0.625
0.6826666666666666,0.0,0.7777777777777778
1.078,0.0,0.6153846153846154
1.012,0.0,0.5454545454545454
1.0626666666666666,0.0,0.5454545454545454
0.9913333333333333,0.0,0.4
0.6713333333333333,0.0,0.5555555555555556
0.9066666666666666,0.0,0.6
0.5653333333333334,0.0,0.7142857142857143
1.064,0.0,0.6666666666666666
0.744,0.0,0.5555555555555556
0.708,0.0,0.75
1.0106666666666666,0.0,0.5454545454545454
0.8206666666666667,0.0,0.6666666666666666
0.7446666666666667,0.0,0.5714285714285714
0.824,0.0,0.4444444444444444
0.7746666666666666,0.0,0.7272727272727273
0.7866666666666666,0.0,0.625
0.7993333333333333,0.0,0.5833333333333334
0.862,0.0,0.7777777777777778
0.7,0.0,0.5714285714285714
0.8986666666666666,0.0,0.6153846153846154
0.7093333333333334,0.0,0.5714285714285714
0.7273333333333334,0.0,0.6
0.8253333333333334,0.0,0.7777777777777778
0.9433333333333334,0.0,0.6666666666666666
0.8846666666666667,0.0,0.6666666666666666
0.8873333333333333,0.0,0.75
0.9226666666666666,0.0,0.875
0.8513333333333334,0.0,0.7
0.884,0.0,0.625
0.7966666666666666,0.0,0.7
0.6946666666666667,0.0,0.5
0.8506666666666667,0.0,0.4
0.7793333333333333,0.0,0.2222222222222222
0.6946666666666667,0.0,0.4444444444444444
0.9426666666666667,0.0,0.5555555555555556
0.852,0.0,0.5
0.7986666666666666,0.0,0.4
0.9533333333333334,0.0,0.8888888888888888
0.9146666666666666,0.0,0.6666666666666666
0.728,0.0,0.3333333333333333
0.81,0.0,0.5
0.7973333333333333,0.0,0.5
0.7346666666666667,0.0,0.36363636363636365
0.8306666666666667,0.0,0.45454545454545453
0.6133333333333333,0.0,0.42857142857142855
0.7253333333333334,0.0,0.5
0.8233333333333334,0.0,0.6666666666666666
0.8826666666666667,0.0,0.5555555555555556
0.6986666666666667,0.0,0.5
0.922,0.0,0.5454545454545454
0.6026666666666667,0.0,0.5555555555555556
0.774,0.0,0.5555555555555556
0.7113333333333334,0.0,0.3333333333333333
0.57,0.0,0.2857142857142857
0.728,0.0,0.6666666666666666
0.8026666666666666,0.0,0.5
0.7733333333333333,0.0,0.6666666666666666
0.8893333333333333,0.0,0.5384615384615384
0.874,0.0,0.45454545454545453
0.7326666666666667,0.0,0.4444444444444444
0.764,0.0,0.5
0.966,0.0,0.6
0.8753333333333333,0.0,0.5555555555555556
0.786,0.0,0.6
0.954,0.0,0.7272727272727273
0.6446666666666667,0.0,0.4444444444444444
0.742,0.0,0.6
0.7726666666666666,0.0,0.6363636363636364
0.7653333333333333,0.0,0.6363636363636364
0.618,0.0,0.5555555555555556
0.74,0.0,0.2727272727272727
0.5673333333333334,0.0,0.5555555555555556
0.7193333333333334,0.0,0.1
0.6493333333333333,0.0,0.2222222222222222
0.6346666666666667,0.0,0.3
0.6026666666666667,0.0,0.6666666666666666
0.8606666666666667,0.0,0.5454545454545454
0.8826666666666667,0.0,0.4
0.792,0.0,0.3333333333333333
0.7453333333333333,0.0,0.7
0.6866666666666666,0.0,0.5454545454545454
0.6073333333333333,0.0,0.625
0.812,0.0,0.5833333333333334
0.7793333333333333,0.0,0.45454545454545453
0.64,0.0,0.4
0.698,0.0,0.5
0.6553333333333333,0.0,0.4
0.7026666666666667,0.0,0.4
0.6046666666666667,0.0,0.4
0.7606666666666667,0.0,0.36363636363636365
0.898,0.0,0.4166666666666667
0.748,0.0,0.45454545454545453
0.8453333333333334,0.0,0.5555555555555556
0.7826666666666666,0.0,0.5454545454545454
0.724,0.0,0.4166666666666667
0.838,0.0,0.875
0.7993333333333333,0.0,0.625
0.7666666666666667,0.0,0.45454545454545453
0.6273333333333333,0.0,0.4
0.7106666666666667,0.0,0.5
0.592,0.0,0.4
0.766,0.0,0.4
0.6946666666666667,0.0,0.2222222222222222
0.7333333333333333,0.0,0.4166666666666667
0.6246666666666667,0.0,0.375
0.61,0.0,0.4444444444444444
0.6273333333333333,0.0,0.5
0.708,0.0,0.625
0.858,0.0,0.5555555555555556
0.7673333333333333,0.0,0.5
0.6773333333333333,0.0,0.45454545454545453
0.77,0.0,0.5454545454545454
0.714,0.0,0.4
0.698,0.0,0.2727272727272727
0.7366666666666667,0.0,0.45454545454545453
0.5646666666666667,0.0,0.2222222222222222
0.7273333333333334,0.0,0.36363636363636365
0.58,0.0,0.2222222222222222
0.5293333333333333,0.0,0.2222222222222222
0.8286666666666667,0.0,0.5454545454545454
0.6706666666666666,0.0,0.2727272727272727
0.6873333333333334,0.0,0.5555555555555556
0.6853333333333333,0.0,0.2
0.6726666666666666,0.0,0.6
0.7706666666666667,0.0,0.7777777777777778
0.7633333333333333,0.0,0.36363636363636365
0.83,0.0,0.6666666666666666
0.6146666666666667,0.0,0.3
0.7433333333333333,0.0,0.2727272727272727
0.7406666666666667,0.0,0.7
0.7073333333333334,0.0,0.4
0.8966666666666666,0.0,0.5384615384615384
0.7266666666666667,0.0,0.45454545454545453
0.742,0.0,0.45454545454545453
0.6913333333333334,0.0,0.45454545454545453
0.6666666666666666,0.0,0.3333333333333333
0.5953333333333334,0.0,0.125
0.5253333333333333,0.0,0.2857142857142857
0.7266666666666667,0.0,0.5454545454545454
0.8346666666666667,0.0,0.5
0.7586666666666667,0.0,0.5
0.668,0.0,0.42857142857142855
0.8106666666666666,0.0,0.46153846153846156
0.76,0.0,0.5714285714285714
0.8233333333333334,0.0,0.45454545454545453
0.7153333333333334,0.0,0.4
0.6426666666666667,0.0,0.4
0.778,0.0,0.5454545454545454
0.616,0.0,0.3333333333333333
0.6606666666666666,0.0,0.4444444444444444
0.6686666666666666,0.0,0.5714285714285714
0.7686666666666667,0.0,0.4
0.728,0.0,0.42857142857142855
0.6386666666666667,0.0,0.5
0.53,0.0,0.5714285714285714
0.6206666666666667,0.0,0.42857142857142855
0.7533333333333333,0.0,0.4
0.7113333333333334,0.0,0.4444444444444444
0.618,0.0,0.5714285714285714
0.8193333333333334,0.0,0.4
0.768,0.0,0.5
0.91,0.0,0.45454545454545453
0.6773333333333333,0.0,0.42857142857142855
0.7613333333333333,0.0,0.4
0.7166666666666667,0.0,0.4444444444444444
0.588,0.0,0.5
0.854,0.0,0.5
0.624,0.0,0.3333333333333333
0.7953333333333333,0.0,0.36363636363636365
0.7806666666666666,0.0,0.75
0.64,0.0,0.125
0.692,0.0,0.625
0.682,0.0,0.2222222222222222
0.7573333333333333,0.0,0.4
0.64,0.0,0.25
0.898,0.0,0.2
0.6893333333333334,0.0,0.75
0.8386666666666667,0.0,0.3
0.69,0.0,0.2222222222222222
0.9213333333333333,0.0,0.5555555555555556
0.7093333333333334,0.0,0.375
0.7086666666666667,0.0,0.5454545454545454
0.612,0.0,0.375
0.746,0.0,0.4166666666666667
0.57,0.0,0.42857142857142855
0.7593333333333333,0.0,0.5555555555555556
0.9093333333333333,0.0,0.5
0.62,0.0,0.375
0.858,0.0,0.45454545454545453
0.7653333333333333,0.0,0.36363636363636365
0.654,0.0,0.3333333333333333
0.686,0.0,0.5
0.8653333333333333,0.0,0.5
0.718,0.0,0.5
0.7233333333333334,0.0,0.5
0.5973333333333334,0.0,0.4444444444444444
0.8473333333333334,0.0,0.4166666666666667
0.5553333333333333,0.0,0.5
0.8133333333333334,0.0,0.4
0.6633333333333333,0.0,0.4444444444444444
0.8333333333333334,0.0,0.375
0.6053333333333333,0.0,0.4444444444444444
0.734,0.0,0.4
0.698,0.0,0.5555555555555556
0.6393333333333333,0.0,0.4
0.7833333333333333,0.0,1.0
0.6486666666666666,0.0,0.5714285714285714
0.5646666666666667,0.0,0.3333333333333333
1.0413333333333334,0.0,0.7777777777777778
0.8233333333333334,0.0,0.5555555555555556
0.7926666666666666,0.0,0.625
0.816,0.0,0.6666666666666666
0.7326666666666667,0.0,0.4444444444444444
0.6086666666666667,0.0,0.5714285714285714
0.9846666666666667,0.0,0.46153846153846156
0.774,0.0,0.5
0.832,0.0,0.5555555555555556
0.7373333333333333,0.0,0.5555555555555556
0.8526666666666667,0.0,0.625
0.9733333333333334,0.0,0.6
0.8033333333333333,0.0,0.5
0.7353333333333333,0.0,0.45454545454545453
0.9206666666666666,0.0,0.7
0.6726666666666666,0.0,0.3
0.748,0.0,0.2222222222222222
0.678,0.0,0.375
0.924,0.0,0.4444444444444444
0.8533333333333334,0.0,0.5555555555555556
0.86,0.0,0.5
0.982,0.0,0.5
0.946,0.0,0.6666666666666666
0.982,0.0,0.8888888888888888
0.7126666666666667,0.0,0.42857142857142855
0.8013333333333333,0.0,0.6363636363636364
0.7546666666666667,0.0,0.5
0.8386666666666667,0.0,0.5
0.8593333333333333,0.0,0.45454545454545453
0.7486666666666667,0.0,0.625
0.8186666666666667,0.0,0.4444444444444444
0.754,0.0,0.5
0.7626666666666667,0.0,0.5
0.822,0.0,0.6
0.8553333333333333,0.0,0.625
0.7966666666666666,0.0,0.4444444444444444
0.8333333333333334,0.0,0.875
0.6153333333333333,0.0,0.625
0.7946666666666666,0.0,0.625
0.7766666666666666,0.0,0.5
0.7106666666666667,0.0,0.4
0.8726666666666667,0.0,0.4
0.7033333333333334,0.0,0.625
0.962,0.0,0.7777777777777778
0.7026666666666667,0.0,0.4
0.8186666666666667,0.0,0.4166666666666667
0.678,0.0,0.5555555555555556
0.806,0.0,0.4166666666666667
0.8393333333333334,0.0,0.36363636363636365
0.8186666666666667,0.0,0.2
0.7486666666666667,0.0,0.3333333333333333
0.8913333333333333,0.0,0.4444444444444444
0.7926666666666666,0.0,0.36363636363636365
0.8313333333333334,0.0,0.5454545454545454
0.8693333333333333,0.0,0.5833333333333334
0.8033333333333333,0.0,0.5
0.7826666666666666,0.0,0.3333333333333333
0.7126666666666667,0.0,0.5
0.796,0.0,0.75
1.0693333333333332,0.0,0.7
0.8286666666666667,0.0,0.5555555555555556
0.76,0.0,0.5555555555555556
0.6826666666666666,0.0,0.5
0.8873333333333333,0.0,0.5
1.1793333333333333,0.0,0.8181818181818182
1.266,0.0,0.75
1.2506666666666666,0.0,0.6153846153846154
0.4846666666666667,0.0,0.8
0.6073333333333333,0.0,0.5555555555555556
0.466,0.0,0.5714285714285714
0.262,0.0,0.25
1.174,0.0,0.6428571428571429
0.4246666666666667,0.0,0.5
0.6946666666666667,0.0,0.5
0.7426666666666667,0.0,0.4
0.9726666666666667,0.0,0.8
0.42733333333333334,0.0,0.2
1.1653333333333333,0.0,0.6923076923076923
1.232,0.0,0.5
0.5053333333333333,0.0,0.5
1.3226666666666667,0.0,0.75
0.3453333333333333,0.0,1.0
1.138,0.0,0.6363636363636364
0.69,0.0,0.7142857142857143
0.39066666666666666,0.0,0.3333333333333333
1.328,0.0,0.7692307692307693
1.058,0.0,0.6363636363636364
0.6606666666666666,0.0,0.625
0.89,0.0,0.7
0.7586666666666667,0.0,0.4
0.8873333333333333,0.0,0.4166666666666667
0.472,0.0,0.6666666666666666
1.0286666666666666,0.0,0.42857142857142855
0.268,0.0,0.3333333333333333
1.2326666666666666,0.0,0.5294117647058824
0.87,0.0,0.6363636363636364
0.7286666666666667,0.0,0.6666666666666666
0.772,0.0,0.36363636363636365
0.5246666666666666,0.0,0.5
0.976,0.0,0.5
0.9566666666666667,0.0,0.5833333333333334
0.43333333333333335,0.0,0.25
1.0613333333333332,0.0,0.5
1.0566666666666666,0.0,0.46153846153846156
0.612,0.0,0.5
0.69,0.0,0.42857142857142855
0.8046666666666666,0.0,0.45454545454545453
1.092,0.0,0.46153846153846156
0.9693333333333334,0.0,0.36363636363636365
0.5253333333333333,0.0,0.5714285714285714
1.2186666666666666,0.0,0.5384615384615384
1.3073333333333332,0.0,0.5384615384615384
0.7673333333333333,0.0,0.5
0.768,0.0,0.625
0.962,0.0,0.5
0.336,0.0,0.75
1.0493333333333332,0.0,0.5454545454545454
0.6806666666666666,0.0,0.5714285714285714
0.4726666666666667,0.0,0.5
0.8826666666666667,0.0,0.6
1.2346666666666666,0.0,0.5
0.9693333333333334,0.0,0.5454545454545454
0.6886666666666666,0.0,0.3
0.566,0.0,0.125
0.792,0.0,0.5833333333333334
0.37333333333333335,0.0,0.0
0.9846666666666667,0.0,0.5333333333333333
0.8173333333333334,0.0,0.3333333333333333
0.5406666666666666,0.0,0.5
0.6946666666666667,0.0,0.2
0.6633333333333333,0.0,0.6
0.856,0.0,0.5384615384615384
0.348,0.0,0.6
0.3993333333333333,0.0,0.5
0.836,0.0,0.25
0.522,0.0,0.625
0.7146666666666667,0.0,0.5454545454545454
1.214,0.0,0.4444444444444444
1.1626666666666667,0.0,0.47058823529411764
0.19533333333333333,0.0,0.0
0.318,0.0,0.4
0.5106666666666667,0.0,0.375
1.142,0.0,0.5714285714285714
0.7746666666666666,0.0,0.4
0.8186666666666667,0.0,0.6
0.58,0.0,0.375
1.0133333333333334,0.0,0.5833333333333334
1.2606666666666666,0.0,0.4
0.33266666666666667,0.0,0.8
0.916,0.0,0.4166666666666667
0.7213333333333334,0.0,0.4
0.872,0.0,0.6
1.4646666666666666,0.0,0.5
0.12866666666666668,0.0,0.5
1.12,0.0,0.5333333333333333
0.47333333333333333,0.0,0.4
0.9253333333333333,0.0,0.5384615384615384
0.566,0.0,0.375
0.33666666666666667,0.0,0.16666666666666666
1.1473333333333333,0.0,0.6
0.96,0.0,0.38461538461538464
0.524,0.0,0.625
0.6946666666666667,0.0,0.4
0.7893333333333333,0.0,0.5454545454545454
0.4653333333333333,0.0,0.25
1.0186666666666666,0.0,0.6153846153846154
1.1013333333333333,0.0,0.4
0.38266666666666665,0.0,0.6666666666666666
0.836,0.0,0.4166666666666667
0.648,0.0,0.5555555555555556
0.8773333333333333,0.0,0.6363636363636364
1.3053333333333332,0.0,0.5
1.04,0.0,0.5333333333333333
0.444,0.0,0.3333333333333333
0.582,0.0,0.5
1.0053333333333334,0.0,0.4166666666666667
0.3873333333333333,0.0,0.5
1.2,0.0,0.42857142857142855
0.978,0.0,0.4
0.6093333333333333,0.0,0.5
0.954,0.0,0.45454545454545453
1.1486666666666667,0.0,0.46153846153846156
1.1006666666666667,0.0,0.5
0.4866666666666667,0.0,0.3333333333333333
0.756,0.0,0.5555555555555556
0.8313333333333334,0.0,0.3333333333333333
0.5613333333333334,0.0,0.5714285714285714
1.026,0.0,0.36363636363636365
1.2933333333333332,0.0,0.4666666666666667
0.294,0.0,0.3333333333333333
0.9486666666666667,0.0,0.5
0.6386666666666667,0.0,0.3333333333333333
0.502,0.0,0.5
0.976,0.0,0.38461538461538464
0.6593333333333333,0.0,0.4444444444444444
1.154,0.0,0.5
0.9413333333333334,0.0,0.5
0.5366666666666666,0.0,0.2857142857142857
0.676,0.0,0.5555555555555556
0.802,0.0,0.3
0.44666666666666666,0.0,0.42857142857142855
1.0313333333333334,0.0,0.4166666666666667
0.344,0.0,0.25
0.8686666666666667,0.0,0.5
1.2266666666666666,0.0,0.46153846153846156
1.456,0.0,0.5333333333333333
1.0966666666666667,0.0,0.5
0.8313333333333334,0.0,0.5555555555555556
0.882,0.0,0.5
0.602,0.0,0.42857142857142855
1.1113333333333333,0.0,0.5833333333333334
0.422,0.0,0.6
1.026,0.0,0.5454545454545454
0.896,0.0,0.3333333333333333
1.1313333333333333,0.0,0.5
0.4786666666666667,0.0,0.6666666666666666
1.114,0.0,0.5
1.3493333333333333,0.0,0.6666666666666666
0.658,0.0,0.6666666666666666
0.9406666666666667,0.0,0.5714285714285714
0.9346666666666666,0.0,0.5
0.25866666666666666,0.0,1.0
1.1426666666666667,0.0,0.7272727272727273
0.902,0.0,0.36363636363636365
1.1373333333333333,0.0,0.5454545454545454
0.226,0.0,0.5
1.1733333333333333,0.0,0.75
0.9326666666666666,0.0,0.4166666666666667
1.168,0.0,0.5833333333333334
1.0033333333333334,0.0,0.7
0.7626666666666667,0.0,0.3
0.998,0.0,0.5
1.166,0.0,0.75
0.9253333333333333,0.0,0.4166666666666667
1.1606666666666667,0.0,0.5833333333333334
1.0826666666666667,0.0,0.5833333333333334
0.516,0.0,0.625
0.842,0.0,0.25
1.0773333333333333,0.0,0.4166666666666667
0.5533333333333333,0.0,0.4444444444444444
1.0453333333333332,0.0,0.7272727272727273
0.8046666666666666,0.0,0.36363636363636365
1.04,0.0,0.5454545454545454
0.12866666666666668,0.0,0.5
0.5406666666666666,0.0,0.4444444444444444
0.8173333333333334,0.0,0.36363636363636365
1.0526666666666666,0.0,0.5454545454545454
0.14133333333333334,0.0,0.5
0.478,0.0,0.25
1.1206666666666667,0.0,0.8333333333333334
0.88,0.0,0.5
1.1153333333333333,0.0,0.6666666666666666
0.64,0.0,0.5
0.9586666666666667,0.0,0.7
0.718,0.0,0.3
0.9533333333333334,0.0,0.5
0.042,0.0,0.0
0.574,0.0,0.375
1.0186666666666666,0.0,0.7
1.0133333333333334,0.0,0.5
0.6246666666666667,0.0,0.375
0.968,0.0,0.7
0.9626666666666667,0.0,0.5
1.0393333333333334,0.0,0.8181818181818182
0.8046666666666666,0.0,0.5384615384615384
1.034,0.0,0.6363636363636364
0.48333333333333334,0.0,0.3333333333333333
1.104,0.0,0.5
0.19266666666666668,0.0,0.3333333333333333
0.4686666666666667,0.0,0.42857142857142855
1.124,0.0,0.6363636363636364
1.1186666666666667,0.0,0.45454545454545453
0.20733333333333334,0.0,0.0
0.8246666666666667,0.0,0.5
0.08666666666666667,0.0,1.0
1.2613333333333334,0.0,0.6666666666666666
1.0206666666666666,0.0,0.3333333333333333
1.1113333333333333,0.0,0.7272727272727273
0.8706666666666667,0.0,0.36363636363636365
0.19466666666666665,0.0,0.5
1.202,0.0,0.75
0.9613333333333334,0.0,0.4166666666666667
1.0533333333333332,0.0,0.7272727272727273
0.8126666666666666,0.0,0.36363636363636365
1.048,0.0,0.5454545454545454
0.13666666666666666,0.0,0.5
1.182,0.0,0.6666666666666666
0.9473333333333334,0.0,0.42857142857142855
0.9413333333333334,0.0,0.3333333333333333
1.1766666666666667,0.0,0.5
0.2653333333333333,0.0,0.3333333333333333
1.146,0.0,0.8181818181818182
0.9053333333333333,0.0,0.45454545454545453
1.1406666666666667,0.0,0.6363636363636364
0.8466666666666667,0.0,0.3333333333333333
1.082,0.0,0.5
0.17066666666666666,0.0,0.3333333333333333
0.9166666666666666,0.0,0.7777777777777778
0.802,0.0,0.5
0.9066666666666666,0.0,0.45454545454545453
0.7926666666666666,0.0,0.4
0.9633333333333334,0.0,0.4166666666666667
0.5333333333333333,0.0,0.2857142857142857
0.582,0.0,0.25
0.7313333333333333,0.0,0.5
0.9953333333333333,0.0,0.4166666666666667
0.7126666666666667,0.0,0.4444444444444444
0.886,0.0,0.5
0.8486666666666667,0.0,0.36363636363636365
0.2786666666666667,0.0,0.5
0.6586666666666666,0.0,0.5714285714285714
0.9633333333333334,0.0,0.4166666666666667
0.542,0.0,0.2857142857142857
0.424,0.0,0.3333333333333333
0.412,0.0,0.3333333333333333
0.42,0.0,0.4
1.062,0.0,0.38461538461538464
0.382,0.0,0.75
0.5586666666666666,0.0,0.42857142857142855
0.304,0.0,0.25
1.1033333333333333,0.0,0.46153846153846156
0.898,0.0,0.36363636363636365
0.942,0.0,0.45454545454545453
0.7953333333333333,0.0,0.4
0.432,0.0,0.4
0.7473333333333333,0.0,0.5555555555555556
0.7846666666666666,0.0,0.3
0.78,0.0,0.4444444444444444
0.4693333333333333,0.0,0.3333333333333333
1.006,0.0,0.5
0.5746666666666667,0.0,0.42857142857142855
1.1913333333333334,0.0,0.4
0.6673333333333333,0.0,0.5
0.926,0.0,0.45454545454545453
0.8566666666666667,0.0,0.4
0.7886666666666666,0.0,0.5555555555555556
0.8213333333333334,0.0,0.2727272727272727
1.1433333333333333,0.0,0.42857142857142855
0.8326666666666667,0.0,0.5
0.63,0.0,0.5714285714285714
0.6713333333333333,0.0,0.5
0.8813333333333333,0.0,0.25
0.48133333333333334,0.0,0.5
0.336,0.0,0.2
0.6726666666666666,0.0,0.5
0.26266666666666666,0.0,0.25
0.7713333333333333,0.0,0.4444444444444444
0.7126666666666667,0.0,0.5
1.022,0.0,0.5
0.5793333333333334,0.0,0.25
0.8086666666666666,0.0,0.4
0.8193333333333334,0.0,0.5
0.842,0.0,0.5
1.1926666666666668,0.0,0.5
0.874,0.0,0.5
0.736,0.0,0.3
0.8086666666666666,0.0,0.4
0.44,0.0,0.3333333333333333
0.5146666666666667,0.0,0.5
0.9466666666666667,0.0,0.4166666666666667
0.7526666666666667,0.0,0.3
0.8246666666666667,0.0,0.4
1.2506666666666666,0.0,0.4666666666666667
0.666,0.0,0.5714285714285714
0.5373333333333333,0.0,0.42857142857142855
1.062,0.0,0.46153846153846156
0.3466666666666667,0.0,0.5
1.1973333333333334,0.0,0.4
0.5913333333333334,0.0,0.5714285714285714
0.9393333333333334,0.0,0.45454545454545453
0.784,0.0,0.4
0.45666666666666667,0.0,0.5
0.5833333333333334,0.0,0.42857142857142855
0.7226666666666667,0.0,0.5
0.444,0.0,0.3333333333333333
0.6266666666666667,0.0,0.375
1.3133333333333332,0.0,0.375
1.022,0.0,0.5454545454545454
1.2173333333333334,0.0,0.5
0.23866666666666667,0.0,0.6666666666666666
0.6733333333333333,0.0,0.5
0.3466666666666667,0.0,0.25
0.4533333333333333,0.0,0.4
0.5093333333333333,0.0,0.3333333333333333
0.828,0.0,0.5
0.9986666666666667,0.0,0.5454545454545454
0.8326666666666667,0.0,0.36363636363636365
0.5653333333333334,0.0,0.42857142857142855
0.54,0.0,0.42857142857142855
1.3986666666666667,0.0,0.47058823529411764
1.0673333333333332,0.0,0.38461538461538464
0.978,0.0,0.4166666666666667
0.87,0.0,0.45454545454545453
0.344,0.0,0.2
0.36933333333333335,0.0,0.75
1.0873333333333333,0.0,0.38461538461538464
0.6593333333333333,0.0,0.3333333333333333
0.9513333333333334,0.0,0.3076923076923077
0.7066666666666667,0.0,0.4444444444444444
1.2966666666666666,0.0,0.5333333333333333
0.12,0.0,0.5
0.618,0.0,0.5714285714285714
0.4653333333333333,0.0,0.3333333333333333
0.6173333333333333,0.0,0.5714285714285714
0.622,0.0,0.375
0.15866666666666668,0.0,0.5
0.18266666666666667,0.0,0.0
1.0193333333333334,0.0,0.5
0.7393333333333333,0.0,0.4444444444444444
0.982,0.0,0.4166666666666667
0.882,0.0,0.45454545454545453
0.7626666666666667,0.0,0.4444444444444444
0.6546666666666666,0.0,0.5
1.0273333333333334,0.0,0.4166666666666667
0.7433333333333333,0.0,0.4444444444444444
0.95,0.0,0.5454545454545454
0.8086666666666666,0.0,0.5
0.7766666666666666,0.0,0.4
0.3933333333333333,0.0,0.16666666666666666
0.9633333333333334,0.0,0.5
0.47733333333333333,0.0,0.3333333333333333
0.9173333333333333,0.0,0.6
1.1413333333333333,0.0,0.42857142857142855
1.5973333333333333,0.0,0.47368421052631576
0.16133333333333333,0.0,0.5
0.5193333333333333,0.0,0.2857142857142857
0.7526666666666667,0.0,0.5555555555555556
0.384,0.0,0.4
1.1273333333333333,0.0,0.35714285714285715
0.26666666666666666,0.0,0.3333333333333333
1.0433333333333332,0.0,0.46153846153846156
0.5466666666666666,0.0,0.2857142857142857
0.5546666666666666,0.0,0.25
0.21733333333333332,0.0,0.3333333333333333
0.5773333333333334,0.0,0.42857142857142855
0.3586666666666667,0.0,0.4
0.4266666666666667,0.0,0.4
1.172,0.0,0.4
0.5626666666666666,0.0,0.5
0.5913333333333334,0.0,0.42857142857142855
0.3426666666666667,0.0,0.2
0.6106666666666667,0.0,0.3333333333333333
0.6873333333333334,0.0,0.2222222222222222
0.71,0.0,0.4444444444444444
0.9113333333333333,0.0,0.5454545454545454
0.542,0.0,0.42857142857142855
0.7766666666666666,0.0,0.4
0.834,0.0,0.4
0.8753333333333333,0.0,0.36363636363636365
0.8973333333333333,0.0,0.3333333333333333
0.6826666666666666,0.0,0.375
0.8926666666666667,0.0,0.5
0.5926666666666667,0.0,0.6666666666666666
0.7366666666666667,0.0,0.3333333333333333
0.6473333333333333,0.0,0.375
0.9406666666666667,0.0,0.3333333333333333
0.49066666666666664,0.0,0.3333333333333333
0.788,0.0,0.4444444444444444
0.5086666666666667,0.0,0.5
1.1526666666666667,0.0,0.5384615384615384
0.344,0.0,0.2
0.8513333333333334,0.0,0.5
1.006,0.0,0.4166666666666667
1.0353333333333334,0.0,0.2857142857142857
0.652,0.0,0.3333333333333333
1.0433333333333332,0.0,0.38461538461538464
0.464,0.0,0.3333333333333333
0.5373333333333333,0.0,0.5
0.79,0.0,0.4
0.5706666666666667,0.0,0.42857142857142855
0.7526666666666667,0.0,0.4444444444444444
0.818,0.0,0.4
0.9153333333333333,0.0,0.45454545454545453
1.022,0.0,0.4166666666666667
1.0106666666666666,0.0,0.38461538461538464
0.9546666666666667,0.0,0.4166666666666667
0.7073333333333334,0.0,0.4444444444444444
1.1366666666666667,0.0,0.5384615384615384
0.562,0.0,0.42857142857142855
0.5573333333333333,0.0,0.42857142857142855
0.5053333333333333,0.0,0.2857142857142857
0.2906666666666667,0.0,0.25
0.8386666666666667,0.0,0.36363636363636365
1.23,0.0,0.4
0.5993333333333334,0.0,0.375
0.5946666666666667,0.0,0.5714285714285714
1.0873333333333333,0.0,0.46153846153846156
0.6313333333333333,0.0,0.375
0.748,0.0,0.4444444444444444
0.9133333333333333,0.0,0.6
0.8806666666666667,0.0,0.36363636363636365
0.7286666666666667,0.0,0.3333333333333333
0.478,0.0,0.2857142857142857
0.816,0.0,0.36363636363636365
0.8753333333333333,0.0,0.45454545454545453
0.4846666666666667,0.0,0.8
0.8606666666666667,0.0,0.5
0.5733333333333334,0.0,0.25
1.3826666666666667,0.0,0.4117647058823529
1.1366666666666667,0.0,0.3333333333333333
0.26666666666666666,0.0,0.6666666666666666
0.942,0.0,0.6
0.982,0.0,0.5454545454545454
0.5453333333333333,0.0,0.42857142857142855
0.424,0.0,0.3333333333333333
0.794,0.0,0.5555555555555556
0.8593333333333333,0.0,0.5
0.3893333333333333,0.0,0.2
0.324,0.0,0.5
0.5933333333333334,0.0,0.42857142857142855
0.7833333333333333,0.0,0.625
0.4493333333333333,0.0,0.5
1.0473333333333332,0.0,0.5
0.2946666666666667,0.0,0.5
0.8833333333333333,0.0,0.45454545454545453
0.878,0.0,0.45454545454545453
0.498,0.0,0.5
0.764,0.0,0.4444444444444444
1.2333333333333334,0.0,0.4
0.802,0.0,0.4
0.9326666666666666,0.0,0.45454545454545453
0.31866666666666665,0.0,0.2
0.6146666666666667,0.0,0.375
0.4093333333333333,0.0,0.3333333333333333
0.9566666666666667,0.0,0.45454545454545453
0.5946666666666667,0.0,0.375
0.6633333333333333,0.0,0.375
0.30266666666666664,0.0,0.2
0.6286666666666667,0.0,0.375
1.006,0.0,0.5
0.5146666666666667,0.0,0.2857142857142857
1.0113333333333334,0.0,0.4166666666666667
0.9186666666666666,0.0,0.6
0.778,0.0,0.4444444444444444
1.1573333333333333,0.0,0.42857142857142855
0.5533333333333333,0.0,0.42857142857142855
0.5213333333333333,0.0,0.3333333333333333
0.8166666666666667,0.0,0.4
0.4,0.0,0.6
1.1613333333333333,0.0,0.5384615384615384
1.6146666666666667,0.0,0.47368421052631576
1.404,0.0,0.4117647058823529
0.6266666666666667,0.0,0.375
1.0846666666666667,0.0,0.35714285714285715
0.372,0.0,0.4
0.5573333333333333,0.0,0.6666666666666666
1.1033333333333333,0.0,0.46153846153846156
0.508,0.0,0.5
0.5333333333333333,0.0,0.5
0.9793333333333333,0.0,0.4166666666666667
0.31866666666666665,0.0,0.5
0.816,0.0,0.2727272727272727
0.7733333333333333,0.0,0.2727272727272727
0.724,0.0,0.5
0.516,0.0,0.5
0.6206666666666667,0.0,0.375
0.436,0.0,0.4
0.5353333333333333,0.0,0.42857142857142855
0.32,0.0,0.5
0.8193333333333334,0.0,0.4
0.33066666666666666,0.0,0.2
0.12,0.0,0.0
1.0066666666666666,0.0,0.4166666666666667
1.1933333333333334,0.0,0.42857142857142855
0.6193333333333333,0.0,0.375
0.8073333333333333,0.0,0.4
0.19866666666666666,0.0,0.3333333333333333
0.922,0.0,0.5454545454545454
0.676,0.0,0.4444444444444444
0.8766666666666667,0.0,0.4
1.0193333333333334,0.0,0.38461538461538464
0.16133333333333333,0.0,0.5
0.9753333333333334,0.0,0.4166666666666667
0.43733333333333335,0.0,0.3333333333333333
0.7286666666666667,0.0,0.4444444444444444
0.8693333333333333,0.0,0.36363636363636365
0.8606666666666667,0.0,0.5
0.5733333333333334,0.0,0.42857142857142855
0.9006666666666666,0.0,0.45454545454545453
0.984,0.0,0.3076923076923077
1.2713333333333334,0.0,0.375
0.7173333333333334,0.0,0.3
0.9506666666666667,0.0,0.45454545454545453
0.43266666666666664,0.0,0.3333333333333333
0.9906666666666667,0.0,0.4166666666666667
0.744,0.0,0.4444444444444444
0.8326666666666667,0.0,0.4
0.2786666666666667,0.0,0.0
1.19,0.0,0.42857142857142855
0.646,0.0,0.5
0.9406666666666667,0.0,0.5454545454545454
0.42533333333333334,0.0,0.16666666666666666
0.42333333333333334,0.0,0.75
0.9426666666666667,0.0,0.3076923076923077
1.166,0.0,0.4
0.7766666666666666,0.0,0.3
0.9586666666666667,0.0,0.5454545454545454
0.6633333333333333,0.0,0.5
0.55,0.0,0.5
0.6346666666666667,0.0,0.375
1.1473333333333333,0.0,0.46153846153846156
0.7626666666666667,0.0,0.4444444444444444
0.5793333333333334,0.0,0.375
0.8406666666666667,0.0,0.4
0.7246666666666667,0.0,0.3
0.6826666666666666,0.0,0.375
0.09333333333333334,0.0,0.0
1.064,0.0,0.5
1.3066666666666666,0.0,0.4666666666666667
0.428,0.0,0.3333333333333333
1.062,0.0,0.5
0.858,0.0,0.36363636363636365
0.7686666666666667,0.0,0.4
0.8353333333333334,0.0,0.4
0.9553333333333334,0.0,0.4166666666666667
0.4493333333333333,0.0,0.8
0.662,0.0,0.3333333333333333
0.966,0.0,0.5454545454545454
0.7446666666666667,0.0,0.4
0.7633333333333333,0.0,0.4
0.8166666666666667,0.0,0.4444444444444444
0.7226666666666667,0.0,0.3333333333333333
0.6986666666666667,0.0,0.5
0.842,0.0,0.36363636363636365
0.8926666666666667,0.0,0.5
0.42533333333333334,0.0,0.6
0.384,0.0,0.2
0.6573333333333333,0.0,0.5
0.7793333333333333,0.0,0.5555555555555556
0.6193333333333333,0.0,0.2222222222222222
0.4026666666666667,0.0,0.4
0.9233333333333333,0.0,0.45454545454545453
0.7366666666666667,0.0,0.4444444444444444
0.834,0.0,0.5
0.348,0.0,0.2
0.8286666666666667,0.0,0.5
1.0073333333333334,0.0,0.5454545454545454
0.8526666666666667,0.0,0.5555555555555556
0.8206666666666667,0.0,0.5555555555555556
0.9713333333333334,0.0,0.45454545454545453
0.9233333333333333,0.0,0.4166666666666667
0.9466666666666667,0.0,0.45454545454545453
0.9533333333333334,0.0,0.5454545454545454
0.8413333333333334,0.0,0.2727272727272727
0.7333333333333333,0.0,0.3
0.8353333333333334,0.0,0.5
0.8766666666666667,0.0,0.5
0.7793333333333333,0.0,0.4444444444444444
0.91,0.0,0.6
0.874,0.0,0.36363636363636365
0.8446666666666667,0.0,0.4
0.898,0.0,0.45454545454545453
0.5693333333333334,0.0,0.5714285714285714
0.30666666666666664,0.0,0.25
0.79,0.0,0.4
0.7953333333333333,0.0,0.4444444444444444
0.5493333333333333,0.0,0.2857142857142857
1.372,0.0,0.5
0.518,0.0,0.2857142857142857
0.7286666666666667,0.0,0.3
0.76,0.0,0.4444444444444444
0.9006666666666666,0.0,0.5
0.938,0.0,0.3333333333333333
0.8726666666666667,0.0,0.45454545454545453
0.83,0.0,0.36363636363636365
0.914,0.0,0.45454545454545453
1.0033333333333334,0.0,0.38461538461538464
0.696,0.0,0.3333333333333333
1.0386666666666666,0.0,0.5
0.7553333333333333,0.0,0.4444444444444444
0.9793333333333333,0.0,0.4166666666666667
1.0353333333333334,0.0,0.38461538461538464
0.6993333333333334,0.0,0.5
0.828,0.0,0.4
0.7813333333333333,0.0,0.3
0.918,0.0,0.4166666666666667
0.7846666666666666,0.0,0.4444444444444444
0.454,0.0,0.5
0.764,0.0,0.4444444444444444
0.82,0.0,0.4
1.0473333333333332,0.0,0.5
0.8573333333333333,0.0,0.36363636363636365
0.818,0.0,0.4
0.8526666666666667,0.0,0.36363636363636365
1.0313333333333334,0.0,0.4166666666666667
0.7113333333333334,0.0,0.4444444444444444
0.966,0.0,0.5454545454545454
0.8113333333333334,0.0,0.5555555555555556
0.38666666666666666,0.0,0.4
0.6146666666666667,0.0,0.375
0.7926666666666666,0.0,0.4
0.5893333333333334,0.0,0.42857142857142855
0.7033333333333334,0.0,0.3333333333333333
0.8173333333333334,0.0,0.4
1.0966666666666667,0.0,0.5833333333333334
0.776,0.0,0.3
0.8773333333333333,0.0,0.5
0.7686666666666667,0.0,0.3
0.894,0.0,0.45454545454545453
0.9706666666666667,0.0,0.4166666666666667
0.9006666666666666,0.0,0.36363636363636365
0.47333333333333333,0.0,0.2857142857142857
0.938,0.0,0.4166666666666667
0.20133333333333334,0.0,0.5
0.9753333333333334,0.0,0.38461538461538464
0.2786666666666667,0.0,0.25
0.602,0.0,0.375
0.966,0.0,0.45454545454545453
1.412,0.0,0.47058823529411764
1.076,0.0,0.46153846153846156
1.5173333333333334,0.0,0.4444444444444444
0.7853333333333333,0.0,0.3
0.5406666666666666,0.0,0.6666666666666666
0.388,0.0,0.2
0.46066666666666667,0.0,0.6
0.468,0.0,0.3333333333333333
1.0633333333333332,0.0,0.5
0.7926666666666666,0.0,0.5
0.9166666666666666,0.0,0.45454545454545453
0.788,0.0,0.4
0.7273333333333334,0.0,0.2
0.47333333333333333,0.0,0.5
0.36,0.0,0.2
0.7526666666666667,0.0,0.4444444444444444
1.1013333333333333,0.0,0.46153846153846156
0.6333333333333333,0.0,0.375
0.638,0.0,0.2222222222222222
0.8113333333333334,0.0,0.4444444444444444
0.7926666666666666,0.0,0.2727272727272727
0.23866666666666667,0.0,0.3333333333333333
0.6966666666666667,0.0,0.3333333333333333
0.6953333333333334,0.0,0.4444444444444444
0.578,0.0,0.42857142857142855
0.476,0.0,0.5
0.2653333333333333,0.0,0.25
0.72,0.0,0.3333333333333333
0.8813333333333333,0.0,0.36363636363636365
1.0966666666666667,0.0,0.35714285714285715
1.182,0.0,0.3333333333333333
1.3926666666666667,0.0,0.4117647058823529
0.6786666666666666,0.0,0.3333333333333333
0.6473333333333333,0.0,0.5714285714285714
0.17733333333333334,0.0,0.5
0.75,0.0,0.4
0.8233333333333334,0.0,0.5555555555555556
0.9113333333333333,0.0,0.3333333333333333
0.95,0.0,0.4166666666666667
0.4493333333333333,0.0,0.3333333333333333
0.6873333333333334,0.0,0.3333333333333333
0.7686666666666667,0.0,0.4444444444444444
0.8246666666666667,0.0,0.2727272727272727
0.8953333333333333,0.0,0.3333333333333333
0.44266666666666665,0.0,0.6
0.3626666666666667,0.0,0.5
0.658,0.0,0.5
0.7806666666666666,0.0,0.4
0.396,0.0,0.4
0.43333333333333335,0.0,0.3333333333333333
0.5133333333333333,0.0,0.42857142857142855
0.954,0.0,0.5454545454545454
1.2013333333333334,0.0,0.5
0.6073333333333333,0.0,0.375
1.04,0.0,0.5
0.638,0.0,0.5714285714285714
0.8246666666666667,0.0,0.5555555555555556
1.428,0.0,0.4117647058823529
0.096,0.0,0.0
1.6386666666666667,0.0,0.47368421052631576
1.206,0.0,0.4
0.25733333333333336,0.0,0.6666666666666666
0.69,0.0,0.7142857142857143
0.9006666666666666,0.0,0.6
1.1486666666666667,0.0,0.42857142857142855
0.8406666666666667,0.0,0.36363636363636365
0.64,0.0,0.375
0.4533333333333333,0.0,0.3333333333333333
0.8726666666666667,0.0,0.5
0.24266666666666667,0.0,0.3333333333333333
1.1153333333333333,0.0,0.46153846153846156
0.938,0.0,0.5454545454545454
0.492,0.0,0.8
0.6566666666666666,0.0,0.375
1.0566666666666666,0.0,0.38461538461538464
1.0546666666666666,0.0,0.5
1.404,0.0,0.5
0.8133333333333334,0.0,0.5555555555555556
1.1673333333333333,0.0,0.42857142857142855
0.5673333333333334,0.0,0.42857142857142855
0.7393333333333333,0.0,0.3
0.966,0.0,0.45454545454545453
1.388,0.0,0.5
0.3466666666666667,0.0,0.2
1.092,0.0,0.46153846153846156
0.6793333333333333,0.0,0.3
0.5186666666666667,0.0,0.2857142857142857
1.2413333333333334,0.0,0.4
0.5093333333333333,0.0,0.5
0.9746666666666667,0.0,0.5454545454545454
0.76,0.0,0.3
0.28,0.0,0.25
0.766,0.0,0.3
0.4106666666666667,0.0,0.6
0.6773333333333333,0.0,0.3333333333333333
0.496,0.0,0.5
0.9746666666666667,0.0,0.4166666666666667
1.0146666666666666,0.0,0.5
0.944,0.0,0.3333333333333333
1.302,0.0,0.4666666666666667
0.8713333333333333,0.0,0.45454545454545453
0.30533333333333335,0.0,0.25
0.9246666666666666,0.0,0.45454545454545453
0.4013333333333333,0.0,0.4
0.49666666666666665,0.0,0.42857142857142855
0.2813333333333333,0.0,0.25
1.0033333333333334,0.0,0.4166666666666667
0.882,0.0,0.36363636363636365
0.914,0.0,0.36363636363636365
0.452,0.0,0.5
0.854,0.0,0.5
0.91,0.0,0.45454545454545453
0.9866666666666667,0.0,0.4166666666666667
0.8513333333333334,0.0,0.4
1.0713333333333332,0.0,0.38461538461538464
0.7046666666666667,0.0,0.4444444444444444
0.7233333333333334,0.0,0.4444444444444444
0.8573333333333333,0.0,0.36363636363636365
0.9566666666666667,0.0,0.4166666666666667
0.8846666666666667,0.0,0.36363636363636365
0.412,0.0,1.0
0.846,0.0,0.2727272727272727
0.5346666666666666,0.0,0.6666666666666666
0.49733333333333335,0.0,0.8
0.6393333333333333,0.0,0.2222222222222222
0.376,0.0,0.75
0.7606666666666667,0.0,0.3
0.75,0.0,0.5555555555555556
0.424,0.0,0.16666666666666666
0.5453333333333333,0.0,0.2857142857142857
0.26266666666666666,0.0,0.0
1.2413333333333334,0.0,0.4
0.4533333333333333,0.0,0.6
1.2813333333333334,0.0,0.375
1.222,0.0,0.5
0.5126666666666667,0.0,0.2857142857142857
0.7893333333333333,0.0,0.4
0.5386666666666666,0.0,0.5
1.196,0.0,0.4
1.4373333333333334,0.0,0.47058823529411764
0.754,0.0,0.4444444444444444
1.5986666666666667,0.0,0.47368421052631576
0.136,0.0,0.0
1.3526666666666667,0.0,0.4117647058823529
0.382,0.0,0.5
0.5686666666666667,0.0,0.5
0.428,0.0,0.16666666666666666
1.1086666666666667,0.0,0.35714285714285715
0.5033333333333333,0.0,0.8
0.676,0.0,0.2
0.7973333333333333,0.0,0.2727272727272727
0.598,0.0,0.25
0.8126666666666666,0.0,0.4
0.9166666666666666,0.0,0.36363636363636365
0.7246666666666667,0.0,0.2
0.332,0.0,1.0
0.8046666666666666,0.0,0.2727272727272727
0.41733333333333333,0.0,0.75
0.7126666666666667,0.0,0.625
0.22533333333333333,0.0,0.0
0.8906666666666667,0.0,0.45454545454545453
0.704,0.0,0.4444444444444444
0.7586666666666667,0.0,0.4444444444444444
0.9453333333333334,0.0,0.45454545454545453
0.5786666666666667,0.0,0.42857142857142855
1.156,0.0,0.42857142857142855
0.5433333333333333,0.0,0.5
0.73,0.0,0.5
0.794,0.0,0.4
0.9406666666666667,0.0,0.45454545454545453
0.7273333333333334,0.0,0.625
0.978,0.0,0.5
1.1886666666666668,0.0,0.4
0.756,0.0,0.2727272727272727
0.61,0.0,0.6666666666666666
0.8373333333333334,0.0,0.5555555555555556
0.9166666666666666,0.0,0.45454545454545453
0.3626666666666667,0.0,0.75
0.774,0.0,0.3
0.6153333333333333,0.0,0.5
0.578,0.0,0.5714285714285714
0.7006666666666667,0.0,0.4444444444444444
0.47333333333333333,0.0,0.3333333333333333
0.874,0.0,0.6
0.8413333333333334,0.0,0.36363636363636365
0.8933333333333333,0.0,0.5
0.6546666666666666,0.0,0.3333333333333333
1.2906666666666666,0.0,0.4666666666666667
0.432,0.0,0.4
0.678,0.0,0.5714285714285714
0.8646666666666667,0.0,0.5555555555555556
0.6593333333333333,0.0,0.3333333333333333
1.0753333333333333,0.0,0.5
0.3466666666666667,0.0,0.5
1.142,0.0,0.3333333333333333
0.5926666666666667,0.0,0.6666666666666666
0.9553333333333334,0.0,0.3076923076923077
0.7793333333333333,0.0,0.625
0.99,0.0,0.5454545454545454
0.7046666666666667,0.0,0.3333333333333333
1.03,0.0,0.5
0.8253333333333334,0.0,0.2727272727272727
0.5453333333333333,0.0,0.25
0.376,0.0,0.5
0.6386666666666667,0.0,0.375
0.8553333333333333,0.0,0.36363636363636365
0.2813333333333333,0.0,0.6666666666666666
0.6873333333333334,0.0,0.3333333333333333
0.4493333333333333,0.0,0.6
0.5273333333333333,0.0,0.5
1.0846666666666667,0.0,0.46153846153846156
0.2813333333333333,0.0,0.25
1.046,0.0,0.5
0.7233333333333334,0.0,0.4444444444444444
0.41333333333333333,0.0,0.4
0.38666666666666666,0.0,0.4
0.75,0.0,0.4444444444444444
1.388,0.0,0.4117647058823529
1.1273333333333333,0.0,0.5384615384615384
1.1246666666666667,0.0,0.35714285714285715
0.8886666666666667,0.0,0.36363636363636365
0.248,0.0,0.6666666666666666
0.588,0.0,0.42857142857142855
0.5486666666666666,0.0,0.42857142857142855
0.492,0.0,0.2857142857142857
1.2426666666666666,0.0,0.5
0.18533333333333332,0.0,0.0
1.3306666666666667,0.0,0.4375
0.404,0.0,0.4
0.15733333333333333,0.0,0.3333333333333333
1.2086666666666666,0.0,0.42857142857142855
1.0286666666666666,0.0,0.38461538461538464
0.728,0.0,0.4444444444444444
0.6686666666666666,0.0,0.3333333333333333
0.2786666666666667,0.0,0.5
1.0033333333333334,0.0,0.5
0.32266666666666666,0.0,0.25
0.72,0.0,0.4444444444444444
0.606,0.0,0.42857142857142855
0.5526666666666666,0.0,0.6666666666666666
0.452,0.0,0.3333333333333333
1.2826666666666666,0.0,0.4666666666666667
0.5686666666666667,0.0,0.5
0.7553333333333333,0.0,0.5
0.8486666666666667,0.0,0.2727272727272727
0.328,0.0,0.75
0.9213333333333333,0.0,0.3333333333333333
0.2906666666666667,0.0,0.5
1.0353333333333334,0.0,0.4166666666666667
0.6553333333333333,0.0,0.3333333333333333
0.5213333333333333,0.0,0.5
0.81,0.0,0.4
0.8033333333333333,0.0,0.5555555555555556
0.5226666666666666,0.0,0.2857142857142857
0.5766666666666667,0.0,0.42857142857142855
1.0753333333333333,0.0,0.38461538461538464
0.5766666666666667,0.0,0.5714285714285714
0.7893333333333333,0.0,0.3
1.2573333333333334,0.0,0.4666666666666667
0.7006666666666667,0.0,0.3333333333333333
0.436,0.0,0.6
0.30666666666666664,0.0,0.5
0.32133333333333336,0.0,0.5
0.8886666666666667,0.0,0.45454545454545453
0.826,0.0,0.4
0.9086666666666666,0.0,0.45454545454545453
0.49666666666666665,0.0,0.2857142857142857
1.238,0.0,0.5
0.524,0.0,0.2857142857142857
1.2106666666666666,0.0,0.5
0.566,0.0,0.42857142857142855
0.8,0.0,0.4
0.8246666666666667,0.0,0.2727272727272727
0.91,0.0,0.6
0.9353333333333333,0.0,0.4166666666666667
0.48,0.0,0.5
0.694,0.0,0.3333333333333333
0.774,0.0,0.4
0.44133333333333336,0.0,0.4
0.4786666666666667,0.0,0.3333333333333333
0.356,0.0,0.5
0.3933333333333333,0.0,0.4
0.6086666666666667,0.0,0.42857142857142855
1.126,0.0,0.42857142857142855
0.3626666666666667,0.0,0.2
1.372,0.0,0.5
0.30666666666666664,0.0,0.25
1.428,0.0,0.47058823529411764
0.722,0.0,0.4444444444444444
0.77,0.0,0.4444444444444444
0.9646666666666667,0.0,0.4166666666666667
0.468,0.0,0.3333333333333333
1.2666666666666666,0.0,0.4666666666666667
1.4533333333333334,0.0,0.47058823529411764
1.228,0.0,0.4
0.5066666666666667,0.0,0.5
0.7493333333333333,0.0,0.4444444444444444
0.9953333333333333,0.0,0.5454545454545454
0.6833333333333333,0.0,0.3333333333333333
1.0513333333333332,0.0,0.5
0.42133333333333334,0.0,0.6
1.0706666666666667,0.0,0.38461538461538464
0.938,0.0,0.5454545454545454
0.372,0.0,0.2
0.994,0.0,0.5
1.1806666666666668,0.0,0.5
0.954,0.0,0.3333333333333333
0.7113333333333334,0.0,0.3333333333333333
0.6546666666666666,0.0,0.5
0.4653333333333333,0.0,0.14285714285714285
0.9006666666666666,0.0,0.6
0.4093333333333333,0.0,0.16666666666666666
0.9566666666666667,0.0,0.5454545454545454
0.22266666666666668,0.0,0.0
1.1433333333333333,0.0,0.5384615384615384
1.034,0.0,0.38461538461538464
0.332,0.0,0.5
0.7913333333333333,0.0,0.4
0.5746666666666667,0.0,0.42857142857142855
0.5453333333333333,0.0,0.25
0.8206666666666667,0.0,0.5555555555555556
0.48933333333333334,0.0,0.2857142857142857
0.716,0.0,0.4
0.04,0.0,0.0
0.9866666666666667,0.0,0.5384615384615384
0.122,0.0,0.0
0.68,0.0,0.5
0.914,0.0,0.5
0.8686666666666667,0.0,0.45454545454545453
1.1313333333333333,0.0,0.29411764705882354
0.858,0.0,0.18181818181818182
1.0333333333333334,0.0,0.4666666666666667
0.982,0.0,0.5384615384615384
1.08,0.0,0.29411764705882354
0.942,0.0,0.6153846153846154
0.832,0.0,0.2
0.8826666666666667,0.0,0.2
0.7886666666666666,0.0,0.45454545454545453
0.8053333333333333,0.0,0.3
0.868,0.0,0.36363636363636365
0.7393333333333333,0.0,0.3
0.6773333333333333,0.0,0.2222222222222222
0.618,0.0,0.375
0.8,0.0,0.4
0.43266666666666664,0.0,0.14285714285714285
0.7586666666666667,0.0,0.45454545454545453
0.9826666666666667,0.0,0.6153846153846154
0.6853333333333333,0.0,0.375
0.948,0.0,0.3333333333333333
0.8893333333333333,0.0,0.18181818181818182
0.6886666666666666,0.0,0.3333333333333333
0.5733333333333334,0.0,0.14285714285714285
0.8733333333333333,0.0,0.09090909090909091
0.9846666666666667,0.0,0.18181818181818182
0.6913333333333334,0.0,0.4444444444444444
0.642,0.0,0.3
0.7813333333333333,0.0,0.1
0.238,0.0,0.0
0.5953333333333334,0.0,0.25
0.9473333333333334,0.0,0.5333333333333333
0.5573333333333333,0.0,0.125
1.0086666666666666,0.0,0.46153846153846156
0.602,0.0,0.25
0.8793333333333333,0.0,0.4166666666666667
1.0633333333333332,0.0,0.25
0.8133333333333334,0.0,0.18181818181818182
0.7653333333333333,0.0,0.3333333333333333
0.8573333333333333,0.0,0.4
0.8266666666666667,0.0,0.25
0.9193333333333333,0.0,0.38461538461538464
0.712,0.0,0.18181818181818182
0.69,0.0,0.3
0.8866666666666667,0.0,0.15384615384615385
0.6993333333333334,0.0,0.1111111111111111
0.6553333333333333,0.0,0.1
0.8706666666666667,0.0,0.3333333333333333
0.7586666666666667,0.0,0.2727272727272727
1.008,0.0,0.3076923076923077
1.1066666666666667,0.0,0.29411764705882354
1.27,0.0,0.4117647058823529
0.8953333333333333,0.0,0.21428571428571427
1.196,0.0,0.1111111111111111
1.116,0.0,0.26666666666666666
1.2446666666666666,0.0,0.25
1.1293333333333333,0.0,0.29411764705882354
0.8113333333333334,0.0,0.45454545454545453
0.7746666666666666,0.0,0.4444444444444444
1.1526666666666667,0.0,0.35714285714285715
0.3486666666666667,0.0,0.3333333333333333
0.8086666666666666,0.0,0.4166666666666667
1.074,0.0,0.3125
0.12866666666666668,0.0,0.5
1.146,0.0,0.42857142857142855
0.7293333333333333,0.0,0.5
0.944,0.0,0.5333333333333333
0.47,0.0,0.42857142857142855
1.0133333333333334,0.0,0.4666666666666667
0.8113333333333334,0.0,0.5
0.896,0.0,0.4166666666666667
0.9726666666666667,0.0,0.4666666666666667
0.36466666666666664,0.0,0.25
1.0253333333333334,0.0,0.3076923076923077
0.9653333333333334,0.0,0.5333333333333333
0.6246666666666667,0.0,0.2857142857142857
0.798,0.0,0.6363636363636364
0.992,0.0,0.36363636363636365
0.6093333333333333,0.0,0.2222222222222222
0.734,0.0,0.2222222222222222
0.6086666666666667,0.0,0.375
0.34,0.0,0.2
0.9606666666666667,0.0,0.46153846153846156
0.476,0.0,0.3333333333333333
0.8033333333333333,0.0,0.2222222222222222
1.29,0.0,0.13333333333333333
0.242,0.0,0.0
0.7393333333333333,0.0,0.3
1.0006666666666666,0.0,0.2857142857142857
1.0726666666666667,0.0,0.6923076923076923
0.30733333333333335,0.0,0.5
1.0453333333333332,0.0,0.38461538461538464
1.3726666666666667,0.0,0.5294117647058824
0.8806666666666667,0.0,0.5
1.0193333333333334,0.0,0.3076923076923077
1.0273333333333334,0.0,0.07692307692307693
1.4846666666666666,0.0,0.35
0.8573333333333333,0.0,0.36363636363636365
0.37933333333333336,0.0,0.2
0.7713333333333333,0.0,0.3333333333333333
0.78,0.0,0.4
0.6026666666666667,0.0,0.25
0.6846666666666666,0.0,0.1111111111111111
0.8973333333333333,0.0,0.09090909090909091
0.8573333333333333,0.0,0.5454545454545454
1.024,0.0,0.25
0.6473333333333333,0.0,0.5555555555555556
0.992,0.0,0.42857142857142855
1.1986666666666668,0.0,0.5
1.1933333333333334,0.0,0.6111111111111112
0.6526666666666666,0.0,0.3333333333333333
0.806,0.0,0.5454545454545454
0.8406666666666667,0.0,0.2
0.774,0.0,0.1
0.8073333333333333,0.0,0.5454545454545454
0.6326666666666667,0.0,0.4444444444444444
0.8246666666666667,0.0,0.23076923076923078
0.9346666666666666,0.0,0.46153846153846156
1.1413333333333333,0.0,0.5294117647058824
1.0333333333333334,0.0,0.4166666666666667
0.942,0.0,0.2727272727272727
0.8753333333333333,0.0,0.18181818181818182
0.8153333333333334,0.0,0.23076923076923078
1.172,0.0,0.5333333333333333
0.8846666666666667,0.0,0.4
0.9526666666666667,0.0,0.2857142857142857
0.732,0.0,0.4444444444444444
0.7473333333333333,0.0,0.3333333333333333
0.8913333333333333,0.0,0.3076923076923077
0.99,0.0,0.42857142857142855
0.7106666666666667,0.0,0.18181818181818182
0.8246666666666667,0.0,0.25
0.91,0.0,0.3076923076923077
0.8753333333333333,0.0,0.36363636363636365
0.8753333333333333,0.0,0.16666666666666666
0.828,0.0,0.25
1.1593333333333333,0.0,0.5
0.5326666666666666,0.0,0.125
0.94,0.0,0.21428571428571427
0.9473333333333334,0.0,0.2857142857142857
0.9106666666666666,0.0,0.36363636363636365
1.04,0.0,0.5
0.7526666666666667,0.0,0.3333333333333333
0.7526666666666667,0.0,0.1
0.8206666666666667,0.0,0.16666666666666666
1.0453333333333332,0.0,0.5
0.9373333333333334,0.0,0.36363636363636365
0.764,0.0,0.4444444444444444
1.0666666666666667,0.0,0.5
0.9206666666666666,0.0,0.2857142857142857
0.9286666666666666,0.0,0.5384615384615384
0.814,0.0,0.3
0.7106666666666667,0.0,0.4
1.0346666666666666,0.0,0.5714285714285714
0.7473333333333333,0.0,0.4444444444444444
1.1993333333333334,0.0,0.2777777777777778
0.56,0.0,0.5
1.164,0.0,0.5
1.056,0.0,0.38461538461538464
0.966,0.0,0.21428571428571427
0.7286666666666667,0.0,0.5
0.9953333333333333,0.0,0.5
0.39,0.0,0.0
0.5446666666666666,0.0,0.375
0.898,0.0,0.5454545454545454
1.2006666666666668,0.0,0.5625
0.8153333333333334,0.0,0.3333333333333333
0.6606666666666666,0.0,0.5555555555555556
0.9786666666666667,0.0,0.42857142857142855
1.0633333333333332,0.0,0.47058823529411764
0.9553333333333334,0.0,0.3333333333333333
0.8653333333333333,0.0,0.15384615384615385
1.0506666666666666,0.0,0.5384615384615384
1.0273333333333334,0.0,0.45454545454545453
1.1566666666666667,0.0,0.5714285714285714
0.5886666666666667,0.0,0.4
0.8693333333333333,0.0,0.4444444444444444
0.8693333333333333,0.0,0.2
0.53,0.0,0.16666666666666666
0.9113333333333333,0.0,0.5714285714285714
0.9113333333333333,0.0,0.36363636363636365
0.82,0.0,0.2
1.0406666666666666,0.0,0.5
0.6553333333333333,0.0,0.2
0.8213333333333334,0.0,0.16666666666666666
0.9406666666666667,0.0,0.5384615384615384
1.0606666666666666,0.0,0.3125
0.9053333333333333,0.0,0.5
0.826,0.0,0.3
0.794,0.0,0.36363636363636365
1.0466666666666666,0.0,0.5714285714285714
0.6613333333333333,0.0,0.3
0.8406666666666667,0.0,0.5384615384615384
1.1253333333333333,0.0,0.29411764705882354
0.8586666666666667,0.0,0.3333333333333333
0.8086666666666666,0.0,0.5
1.1113333333333333,0.0,0.5333333333333333
0.4846666666666667,0.0,0.14285714285714285
0.726,0.0,0.2727272727272727
0.7293333333333333,0.0,0.5
1.0933333333333333,0.0,0.46153846153846156
1.002,0.0,0.3333333333333333
0.9353333333333333,0.0,0.25
0.838,0.0,0.5833333333333334
0.8933333333333333,0.0,0.25
0.8266666666666667,0.0,0.36363636363636365
0.7286666666666667,0.0,0.25
1.0406666666666666,0.0,0.5
0.8053333333333333,0.0,0.5384615384615384
0.9186666666666666,0.0,0.46153846153846156
1.0173333333333334,0.0,0.4166666666666667
0.894,0.0,0.3333333333333333
0.844,0.0,0.5
1.1466666666666667,0.0,0.5333333333333333
0.52,0.0,0.14285714285714285
0.9273333333333333,0.0,0.23076923076923078
1.084,0.0,0.5333333333333333
0.762,0.0,0.5
1.204,0.0,0.3333333333333333
0.962,0.0,0.5
0.8873333333333333,0.0,0.5454545454545454
0.9026666666666666,0.0,0.45454545454545453
0.9026666666666666,0.0,0.25
0.8046666666666666,0.0,0.3333333333333333
0.9706666666666667,0.0,0.2857142857142857
0.7293333333333333,0.0,0.3333333333333333
0.8866666666666667,0.0,0.5
1.0006666666666666,0.0,0.26666666666666666
0.8273333333333334,0.0,0.2
0.6926666666666667,0.0,0.5
0.9233333333333333,0.0,0.38461538461538464
1.1513333333333333,0.0,0.4666666666666667
0.864,0.0,0.09090909090909091
0.766,0.0,0.18181818181818182
0.624,0.0,0.375
1.114,0.0,0.5
1.234,0.0,0.29411764705882354
1.1986666666666668,0.0,0.5294117647058824
0.9993333333333333,0.0,0.2727272727272727
0.9673333333333334,0.0,0.3333333333333333
1.22,0.0,0.5333333333333333
1.0006666666666666,0.0,0.23076923076923078
1.1453333333333333,0.0,0.2222222222222222
0.9033333333333333,0.0,0.35714285714285715
1.11,0.0,0.4444444444444444
0.7126666666666667,0.0,0.5714285714285714
0.9106666666666666,0.0,0.16666666666666666
0.912,0.0,0.14285714285714285
0.9926666666666667,0.0,0.5384615384615384
0.7453333333333333,0.0,0.3333333333333333
0.8113333333333334,0.0,0.2
0.472,0.0,0.16666666666666666
0.7133333333333334,0.0,0.3
0.7826666666666666,0.0,0.3333333333333333
0.9553333333333334,0.0,0.5384615384615384
0.8333333333333334,0.0,0.5
1.04,0.0,0.5625
0.8086666666666666,0.0,0.36363636363636365
1.0613333333333332,0.0,0.5714285714285714
0.774,0.0,0.4444444444444444
0.43466666666666665,0.0,0.16666666666666666
0.676,0.0,0.3
0.7333333333333333,0.0,0.25
0.9133333333333333,0.0,0.46153846153846156
1.0333333333333334,0.0,0.25
0.7913333333333333,0.0,0.4166666666666667
0.998,0.0,0.5
0.89,0.0,0.36363636363636365
0.7666666666666667,0.0,0.2727272727272727
1.0193333333333334,0.0,0.5
0.732,0.0,0.1
0.634,0.0,0.2
0.9406666666666667,0.0,0.46153846153846156
0.706,0.0,0.25
1.0606666666666666,0.0,0.25
0.8186666666666667,0.0,0.4166666666666667
1.0466666666666666,0.0,0.5
0.7593333333333333,0.0,0.1
0.6613333333333333,0.0,0.2
0.8273333333333334,0.0,0.16666666666666666
0.174,0.0,0.5
1.0546666666666666,0.0,0.5
0.592,0.0,0.14285714285714285
0.9326666666666666,0.0,0.46153846153846156
1.1393333333333333,0.0,0.5294117647058824
1.0313333333333334,0.0,0.4166666666666667
0.908,0.0,0.3333333333333333
0.858,0.0,0.5
1.1606666666666667,0.0,0.5333333333333333
0.8733333333333333,0.0,0.4
0.9413333333333334,0.0,0.23076923076923078
1.158,0.0,0.4
1.278,0.0,0.2222222222222222
0.4886666666666667,0.0,0.3333333333333333
1.036,0.0,0.35714285714285715
1.2426666666666666,0.0,0.4444444444444444
1.1346666666666667,0.0,0.3076923076923077
0.9613333333333334,0.0,0.36363636363636365
0.9766666666666667,0.0,0.08333333333333333
0.8786666666666667,0.0,0.16666666666666666
1.0446666666666666,0.0,0.14285714285714285
0.616,0.0,0.125
1.1506666666666667,0.0,0.3125
1.1153333333333333,0.0,0.5625
0.884,0.0,0.36363636363636365
0.8493333333333334,0.0,0.2
0.7513333333333333,0.0,0.3
0.694,0.0,0.25
1.0726666666666667,0.0,0.25
0.8306666666666667,0.0,0.4166666666666667
1.0373333333333334,0.0,0.5
0.9293333333333333,0.0,0.36363636363636365
1.0586666666666666,0.0,0.5
0.7713333333333333,0.0,0.1
0.6733333333333333,0.0,0.2
0.8393333333333334,0.0,0.16666666666666666
0.572,0.0,0.375
1.0426666666666666,0.0,0.42857142857142855
1.1626666666666667,0.0,0.23529411764705882
0.9206666666666666,0.0,0.38461538461538464
1.1273333333333333,0.0,0.47058823529411764
1.0193333333333334,0.0,0.3333333333333333
0.928,0.0,0.18181818181818182
1.1486666666666667,0.0,0.4666666666666667
0.8613333333333333,0.0,0.09090909090909091
0.7633333333333333,0.0,0.18181818181818182
0.9293333333333333,0.0,0.15384615384615385
0.694,0.0,0.3333333333333333
0.9206666666666666,0.0,0.46153846153846156
1.0406666666666666,0.0,0.25
1.0053333333333334,0.0,0.5
0.806,0.0,0.2
0.7393333333333333,0.0,0.3333333333333333
0.7393333333333333,0.0,0.1
0.6413333333333333,0.0,0.2
0.16066666666666668,0.0,1.0
0.5733333333333334,0.0,0.125
1.0413333333333334,0.0,0.5714285714285714
1.1613333333333333,0.0,0.35294117647058826
0.9193333333333333,0.0,0.5384615384615384
1.126,0.0,0.5882352941176471
1.018,0.0,0.5
0.9266666666666666,0.0,0.36363636363636365
0.8446666666666667,0.0,0.6
1.1473333333333333,0.0,0.6
0.86,0.0,0.2727272727272727
0.762,0.0,0.36363636363636365
0.928,0.0,0.3076923076923077
1.0126666666666666,0.0,0.46153846153846156
0.602,0.0,0.3333333333333333
1.1326666666666667,0.0,0.25
0.8906666666666667,0.0,0.4166666666666667
0.9893333333333333,0.0,0.36363636363636365
0.898,0.0,0.2
1.1186666666666667,0.0,0.5
0.8313333333333334,0.0,0.3333333333333333
0.8313333333333334,0.0,0.1
0.492,0.0,0.0
0.14066666666666666,0.0,0.5
1.0213333333333334,0.0,0.5
0.8993333333333333,0.0,0.46153846153846156
0.998,0.0,0.4166666666666667
0.5933333333333334,0.0,0.25
0.9066666666666666,0.0,0.2727272727272727
0.8246666666666667,0.0,0.5
1.1273333333333333,0.0,0.5333333333333333
0.84,0.0,0.4
0.6353333333333333,0.0,0.375
0.9793333333333333,0.0,0.42857142857142855
1.0993333333333333,0.0,0.23529411764705882
0.8573333333333333,0.0,0.38461538461538464
1.064,0.0,0.47058823529411764
1.0853333333333333,0.0,0.4666666666666667
0.798,0.0,0.3
0.798,0.0,0.09090909090909091
0.866,0.0,0.15384615384615385
0.16466666666666666,0.0,0.5
0.5193333333333333,0.0,0.5
1.0453333333333332,0.0,0.5
1.1653333333333333,0.0,0.29411764705882354
0.9233333333333333,0.0,0.46153846153846156
1.13,0.0,0.5294117647058824
1.022,0.0,0.4166666666666667
0.9306666666666666,0.0,0.2727272727272727
0.8986666666666666,0.0,0.3333333333333333
1.1513333333333333,0.0,0.5333333333333333
0.864,0.0,0.4
0.5246666666666666,0.0,0.14285714285714285
0.766,0.0,0.2727272727272727
0.932,0.0,0.23076923076923078
0.514,0.0,0.8
1.0506666666666666,0.0,0.4
1.1706666666666667,0.0,0.2222222222222222
0.9286666666666666,0.0,0.35714285714285715
1.1353333333333333,0.0,0.4444444444444444
1.0273333333333334,0.0,0.3076923076923077
0.936,0.0,0.16666666666666666
0.904,0.0,0.23076923076923078
0.766,0.0,0.2222222222222222
1.1566666666666667,0.0,0.4375
0.8693333333333333,0.0,0.2727272727272727
0.8693333333333333,0.0,0.08333333333333333
0.6993333333333334,0.0,0.375
0.53,0.0,0.0
0.7713333333333333,0.0,0.16666666666666666
0.9373333333333334,0.0,0.14285714285714285
0.33466666666666667,0.0,0.2
1.23,0.0,0.6
1.35,0.0,0.3888888888888889
1.3146666666666667,0.0,0.6111111111111112
1.2066666666666668,0.0,0.5384615384615384
1.0833333333333333,0.0,0.46153846153846156
1.336,0.0,0.625
1.0486666666666666,0.0,0.5454545454545454
0.7093333333333334,0.0,0.375
0.9506666666666667,0.0,0.4166666666666667
0.928,0.0,0.5
0.058666666666666666,0.0,1.0
0.9393333333333334,0.0,0.5384615384615384
1.0593333333333332,0.0,0.3125
0.8173333333333334,0.0,0.5
1.024,0.0,0.5625
0.8246666666666667,0.0,0.3
0.7926666666666666,0.0,0.36363636363636365
0.7426666666666667,0.0,0.5555555555555556
0.758,0.0,0.4444444444444444
0.758,0.0,0.2
0.66,0.0,0.3
0.826,0.0,0.25
0.18666666666666668,0.0,0.6666666666666666
0.8,0.0,0.5
1.0673333333333332,0.0,0.5333333333333333
1.1873333333333334,0.0,0.3333333333333333
0.9453333333333334,0.0,0.5
1.152,0.0,0.5555555555555556
1.044,0.0,0.46153846153846156
0.9526666666666667,0.0,0.3333333333333333
0.9206666666666666,0.0,0.38461538461538464
0.8706666666666667,0.0,0.5454545454545454
0.886,0.0,0.45454545454545453
0.886,0.0,0.25
0.5466666666666666,0.0,0.25
0.788,0.0,0.3333333333333333
1.1513333333333333,0.0,0.6
1.2713333333333334,0.0,0.3888888888888889
1.0293333333333334,0.0,0.5714285714285714
1.236,0.0,0.6111111111111112
1.0366666666666666,0.0,0.4166666666666667
1.0046666666666666,0.0,0.46153846153846156
0.97,0.0,0.5454545454545454
0.6306666666666667,0.0,0.375
1.038,0.0,0.35714285714285715
1.088,0.0,0.4
0.7793333333333333,0.0,0.7
1.208,0.0,0.2222222222222222
0.966,0.0,0.35714285714285715
1.1726666666666667,0.0,0.4444444444444444
0.9733333333333334,0.0,0.16666666666666666
0.9413333333333334,0.0,0.23076923076923078
0.8913333333333333,0.0,0.36363636363636365
0.9066666666666666,0.0,0.08333333333333333
0.8086666666666666,0.0,0.16666666666666666
0.9326666666666666,0.0,0.5833333333333334
0.9346666666666666,0.0,0.46153846153846156
1.0546666666666666,0.0,0.25
0.8126666666666666,0.0,0.4166666666666667
1.0193333333333334,0.0,0.5
0.9113333333333333,0.0,0.36363636363636365
0.788,0.0,0.2727272727272727
0.7533333333333333,0.0,0.3333333333333333
0.7533333333333333,0.0,0.1
0.414,0.0,0.0
0.6553333333333333,0.0,0.2
0.8213333333333334,0.0,0.16666666666666666
0.7773333333333333,0.0,0.5454545454545454
1.09,0.0,0.5
1.21,0.0,0.29411764705882354
0.968,0.0,0.46153846153846156
1.1746666666666667,0.0,0.5294117647058824
1.0666666666666667,0.0,0.4166666666666667
0.9753333333333334,0.0,0.2727272727272727
0.9086666666666666,0.0,0.18181818181818182
0.9766666666666667,0.0,0.23076923076923078
0.05,0.0,0.0
0.6493333333333333,0.0,0.42857142857142855
1.0506666666666666,0.0,0.25
0.8086666666666666,0.0,0.4166666666666667
1.0153333333333334,0.0,0.5
0.9073333333333333,0.0,0.36363636363636365
0.816,0.0,0.2
0.784,0.0,0.2727272727272727
0.734,0.0,0.4444444444444444
1.0366666666666666,0.0,0.5
0.41,0.0,0.0
0.6513333333333333,0.0,0.2
0.44533333333333336,0.0,0.4
1.1346666666666667,0.0,0.4666666666666667
1.2546666666666666,0.0,0.2777777777777778
1.0126666666666666,0.0,0.42857142857142855
1.2193333333333334,0.0,0.5
1.1113333333333333,0.0,0.38461538461538464
1.02,0.0,0.25
0.988,0.0,0.3076923076923077
1.2406666666666666,0.0,0.5
0.9533333333333334,0.0,0.16666666666666666
0.614,0.0,0.125
0.8553333333333333,0.0,0.25
0.36,0.0,0.0
1.0213333333333334,0.0,0.21428571428571427
0.432,0.0,0.2
1.148,0.0,0.5333333333333333
1.268,0.0,0.3333333333333333
1.026,0.0,0.5
1.2326666666666666,0.0,0.5555555555555556
1.1246666666666667,0.0,0.46153846153846156
1.0333333333333334,0.0,0.3333333333333333
1.0013333333333334,0.0,0.38461538461538464
0.734,0.0,0.3
0.9513333333333334,0.0,0.5454545454545454
1.254,0.0,0.5625
0.9666666666666667,0.0,0.25
0.6273333333333333,0.0,0.25
0.8686666666666667,0.0,0.3333333333333333
0.684,0.0,0.5
1.0346666666666666,0.0,0.2857142857142857
1.0086666666666666,0.0,0.46153846153846156
1.1286666666666667,0.0,0.25
0.5713333333333334,0.0,0.42857142857142855
0.8866666666666667,0.0,0.4166666666666667
1.0933333333333333,0.0,0.5
0.9853333333333333,0.0,0.36363636363636365
0.894,0.0,0.2
0.862,0.0,0.2727272727272727
1.1146666666666667,0.0,0.5
0.8273333333333334,0.0,0.1
0.488,0.0,0.0
0.8953333333333333,0.0,0.16666666666666666
0.214,0.0,0.0
1.0946666666666667,0.0,0.4
0.48533333333333334,0.0,0.16666666666666666
1.2146666666666666,0.0,0.2222222222222222
0.9726666666666667,0.0,0.35714285714285715
1.1793333333333333,0.0,0.4444444444444444
1.0713333333333332,0.0,0.3076923076923077
0.948,0.0,0.23076923076923078
0.898,0.0,0.36363636363636365
1.2006666666666668,0.0,0.4375
0.574,0.0,0.0
0.8153333333333334,0.0,0.16666666666666666
0.9813333333333333,0.0,0.14285714285714285
0.6353333333333333,0.0,0.125
0.9446666666666667,0.0,0.46153846153846156
1.0646666666666667,0.0,0.25
0.8226666666666667,0.0,0.4166666666666667
1.0293333333333334,0.0,0.5
0.9213333333333333,0.0,0.36363636363636365
0.83,0.0,0.2
0.798,0.0,0.2727272727272727
0.748,0.0,0.4444444444444444
1.0506666666666666,0.0,0.5
0.424,0.0,0.0
0.6653333333333333,0.0,0.2
0.8313333333333334,0.0,0.16666666666666666
1.1593333333333333,0.0,0.4
0.4206666666666667,0.0,0.16666666666666666
1.2793333333333334,0.0,0.2222222222222222
1.0373333333333334,0.0,0.35714285714285715
1.244,0.0,0.4444444444444444
1.136,0.0,0.3076923076923077
1.0446666666666666,0.0,0.16666666666666666
1.0126666666666666,0.0,0.23076923076923078
0.9626666666666667,0.0,0.36363636363636365
1.2653333333333334,0.0,0.4375
0.978,0.0,0.2727272727272727
0.6386666666666667,0.0,0.0
0.88,0.0,0.16666666666666666
1.046,0.0,0.14285714285714285
0.5966666666666667,0.0,0.0
0.10266666666666667,0.0,1.0
0.9833333333333333,0.0,0.5384615384615384
1.1033333333333333,0.0,0.3125
0.8613333333333333,0.0,0.5
1.068,0.0,0.5625
0.96,0.0,0.45454545454545453
0.8686666666666667,0.0,0.3
0.8366666666666667,0.0,0.36363636363636365
0.7866666666666666,0.0,0.5555555555555556
1.0893333333333333,0.0,0.5714285714285714
0.802,0.0,0.4444444444444444
0.46266666666666667,0.0,0.16666666666666666
0.704,0.0,0.3
0.87,0.0,0.25
0.6593333333333333,0.0,0.125
0.9206666666666666,0.0,0.46153846153846156
1.0406666666666666,0.0,0.25
0.7986666666666666,0.0,0.4166666666666667
1.0053333333333334,0.0,0.5
0.8973333333333333,0.0,0.36363636363636365
0.806,0.0,0.2
0.774,0.0,0.2727272727272727
0.724,0.0,0.4444444444444444
1.0266666666666666,0.0,0.5
0.7393333333333333,0.0,0.3333333333333333
0.4,0.0,0.0
0.6413333333333333,0.0,0.2
0.8073333333333333,0.0,0.16666666666666666
1.0026666666666666,0.0,0.42857142857142855
0.238,0.0,0.0
1.1226666666666667,0.0,0.23529411764705882
0.8806666666666667,0.0,0.38461538461538464
1.0873333333333333,0.0,0.47058823529411764
0.9793333333333333,0.0,0.3333333333333333
0.888,0.0,0.18181818181818182
0.856,0.0,0.25
0.806,0.0,0.4
1.1086666666666667,0.0,0.4666666666666667
0.8213333333333334,0.0,0.3
0.8213333333333334,0.0,0.09090909090909091
0.7233333333333334,0.0,0.18181818181818182
0.6013333333333334,0.0,0.2222222222222222
0.8893333333333333,0.0,0.15384615384615385
1.1186666666666667,0.0,0.4
1.2386666666666666,0.0,0.2222222222222222
0.9966666666666667,0.0,0.35714285714285715
1.2033333333333334,0.0,0.4444444444444444
1.0953333333333333,0.0,0.3076923076923077
1.004,0.0,0.16666666666666666
0.972,0.0,0.23076923076923078
0.922,0.0,0.36363636363636365
1.2246666666666666,0.0,0.4375
0.9373333333333334,0.0,0.2727272727272727
0.9373333333333334,0.0,0.08333333333333333
0.8393333333333334,0.0,0.16666666666666666
1.0053333333333334,0.0,0.14285714285714285
0.49733333333333335,0.0,0.125
0.104,0.0,1.0
0.9846666666666667,0.0,0.5384615384615384
1.1046666666666667,0.0,0.3125
0.8626666666666667,0.0,0.5
1.0693333333333332,0.0,0.5625
0.9613333333333334,0.0,0.45454545454545453
0.87,0.0,0.3
0.838,0.0,0.36363636363636365
0.788,0.0,0.5555555555555556
1.0906666666666667,0.0,0.5714285714285714
0.8033333333333333,0.0,0.4444444444444444
0.8033333333333333,0.0,0.2
0.464,0.0,0.16666666666666666
0.8713333333333333,0.0,0.25
0.428,0.0,0.2857142857142857
0.17333333333333334,0.0,0.0
1.054,0.0,0.42857142857142855
1.174,0.0,0.23529411764705882
0.932,0.0,0.38461538461538464
1.1386666666666667,0.0,0.47058823529411764
1.0306666666666666,0.0,0.3333333333333333
0.9393333333333334,0.0,0.18181818181818182
0.9073333333333333,0.0,0.25
0.8573333333333333,0.0,0.4
1.16,0.0,0.4666666666666667
0.8726666666666667,0.0,0.3
0.8726666666666667,0.0,0.09090909090909091
0.5333333333333333,0.0,0.0
0.9406666666666667,0.0,0.15384615384615385
0.522,0.0,0.2857142857142857
0.96,0.0,0.42857142857142855
1.08,0.0,0.23529411764705882
0.838,0.0,0.38461538461538464
1.0446666666666666,0.0,0.47058823529411764
0.9366666666666666,0.0,0.3333333333333333
0.8453333333333334,0.0,0.18181818181818182
0.8133333333333334,0.0,0.25
0.7633333333333333,0.0,0.4
1.066,0.0,0.4666666666666667
0.7786666666666666,0.0,0.3
0.7786666666666666,0.0,0.09090909090909091
0.43933333333333335,0.0,0.0
0.8466666666666667,0.0,0.15384615384615385
0.5653333333333334,0.0,0.25
0.036,0.0,0.0
0.9166666666666666,0.0,0.46153846153846156
1.0366666666666666,0.0,0.25
0.7946666666666666,0.0,0.4166666666666667
1.0013333333333334,0.0,0.5
0.8933333333333333,0.0,0.36363636363636365
0.802,0.0,0.2
0.77,0.0,0.2727272727272727
0.72,0.0,0.4444444444444444
1.0226666666666666,0.0,0.5
0.7353333333333333,0.0,0.3333333333333333
0.7353333333333333,0.0,0.1
0.396,0.0,0.0
0.8033333333333333,0.0,0.16666666666666666
0.20866666666666667,0.0,0.3333333333333333
0.39266666666666666,0.0,0.16666666666666666
1.0893333333333333,0.0,0.4666666666666667
1.2093333333333334,0.0,0.2777777777777778
0.9673333333333334,0.0,0.42857142857142855
1.174,0.0,0.5
1.066,0.0,0.38461538461538464
0.9746666666666667,0.0,0.25
0.9426666666666667,0.0,0.3076923076923077
0.8926666666666667,0.0,0.45454545454545453
1.1953333333333334,0.0,0.5
0.908,0.0,0.36363636363636365
0.908,0.0,0.16666666666666666
0.5686666666666667,0.0,0.125
0.976,0.0,0.21428571428571427
0.6513333333333333,0.0,0.2222222222222222
0.116,0.0,0.0
0.9966666666666667,0.0,0.42857142857142855
1.1166666666666667,0.0,0.23529411764705882
0.8746666666666667,0.0,0.38461538461538464
1.0813333333333333,0.0,0.47058823529411764
0.9733333333333334,0.0,0.3333333333333333
0.882,0.0,0.18181818181818182
0.85,0.0,0.25
0.8,0.0,0.4
1.1026666666666667,0.0,0.4666666666666667
0.8153333333333334,0.0,0.3
0.8153333333333334,0.0,0.09090909090909091
0.476,0.0,0.0
0.7173333333333334,0.0,0.18181818181818182
0.14933333333333335,0.0,0.0
0.618,0.0,0.2222222222222222
1.03,0.0,0.42857142857142855
1.15,0.0,0.23529411764705882
0.908,0.0,0.38461538461538464
1.1146666666666667,0.0,0.47058823529411764
1.0066666666666666,0.0,0.3333333333333333
0.9153333333333333,0.0,0.18181818181818182
0.8833333333333333,0.0,0.25
0.8333333333333334,0.0,0.4
1.136,0.0,0.4666666666666667
0.8486666666666667,0.0,0.3
0.8486666666666667,0.0,0.09090909090909091
0.5093333333333333,0.0,0.0
0.7506666666666667,0.0,0.18181818181818182
0.564,0.0,0.125
0.20333333333333334,0.0,0.3333333333333333
1.084,0.0,0.4666666666666667
1.204,0.0,0.2777777777777778
0.962,0.0,0.42857142857142855
1.1686666666666667,0.0,0.5
1.0606666666666666,0.0,0.38461538461538464
0.9693333333333334,0.0,0.25
0.9373333333333334,0.0,0.3076923076923077
0.8873333333333333,0.0,0.45454545454545453
1.19,0.0,0.5
0.9026666666666666,0.0,0.36363636363636365
0.9026666666666666,0.0,0.16666666666666666
0.5633333333333334,0.0,0.125
0.8046666666666666,0.0,0.25
0.6793333333333333,0.0,0.2
0.088,0.0,0.0
0.9686666666666667,0.0,0.46153846153846156
1.0886666666666667,0.0,0.25
0.8466666666666667,0.0,0.4166666666666667
1.0533333333333332,0.0,0.5
0.9453333333333334,0.0,0.36363636363636365
0.854,0.0,0.2
0.822,0.0,0.2727272727272727
0.772,0.0,0.4444444444444444
1.0746666666666667,0.0,0.5
0.7873333333333333,0.0,0.3333333333333333
0.7873333333333333,0.0,0.1
0.448,0.0,0.0
0.6893333333333334,0.0,0.2
0.5566666666666666,0.0,0.125
0.21066666666666667,0.0,0.3333333333333333
1.0913333333333333,0.0,0.4666666666666667
1.2113333333333334,0.0,0.2777777777777778
0.9693333333333334,0.0,0.42857142857142855
1.176,0.0,0.5
1.068,0.0,0.38461538461538464
0.9766666666666667,0.0,0.25
0.9446666666666667,0.0,0.3076923076923077
0.8946666666666667,0.0,0.45454545454545453
1.1973333333333334,0.0,0.5
0.91,0.0,0.36363636363636365
0.91,0.0,0.16666666666666666
0.5706666666666667,0.0,0.125
0.812,0.0,0.25
0.7673333333333333,0.0,0.18181818181818182
0.324,0.0,0.16666666666666666
0.6373333333333333,0.0,0.125
0.408,0.0,0.16666666666666666
0.512,0.0,0.42857142857142855
0.6066666666666667,0.0,0.2222222222222222
0.8,0.0,0.25
0.898,0.0,0.36363636363636365
0.9646666666666667,0.0,0.25
0.8826666666666667,0.0,0.45454545454545453
1.0793333333333333,0.0,0.4666666666666667
0.9326666666666666,0.0,0.3076923076923077
0.898,0.0,0.16666666666666666
1.1853333333333333,0.0,0.5
0.3953333333333333,0.0,0.5
0.938,0.0,0.45454545454545453
0.39266666666666666,0.0,0.0
0.6733333333333333,0.0,0.2857142857142857
0.45266666666666666,0.0,0.0
0.49933333333333335,0.0,0.2
0.5666666666666667,0.0,0.125
0.222,0.0,0.5
0.844,0.0,0.09090909090909091
0.9386666666666666,0.0,0.15384615384615385
0.9766666666666667,0.0,0.2727272727272727
1.0113333333333334,0.0,0.23076923076923078
1.264,0.0,0.4375
0.864,0.0,0.18181818181818182
0.502,0.0,0.2857142857142857
0.8666666666666667,0.0,0.15384615384615385
0.38333333333333336,0.0,0.0
0.624,0.0,0.625
0.6166666666666667,0.0,0.1111111111111111
0.8346666666666667,0.0,0.25
0.396,0.0,0.4
0.6113333333333333,0.0,0.3333333333333333
1.0626666666666666,0.0,0.4
0.9866666666666667,0.0,0.5714285714285714
0.32133333333333336,0.0,0.5
0.458,0.0,0.0
0.9093333333333333,0.0,0.23076923076923078
0.774,0.0,0.3333333333333333
0.7586666666666667,0.0,0.4444444444444444
0.842,0.0,0.16666666666666666
0.8086666666666666,0.0,0.2727272727272727
1.0613333333333332,0.0,0.5
0.932,0.0,0.36363636363636365
1.0753333333333333,0.0,0.25
0.522,0.0,0.0
0.532,0.0,0.42857142857142855
0.4,0.0,0.0
0.37133333333333335,0.0,0.2
0.5606666666666666,0.0,0.25
0.23933333333333334,0.0,0.25
0.6926666666666667,0.0,0.2222222222222222
0.8953333333333333,0.0,0.16666666666666666
0.816,0.0,0.4444444444444444
0.8993333333333333,0.0,0.16666666666666666
1.0973333333333333,0.0,0.5
0.9133333333333333,0.0,0.2727272727272727
0.98,0.0,0.16666666666666666
0.4186666666666667,0.0,0.16666666666666666
0.7413333333333333,0.0,0.4444444444444444
0.6053333333333333,0.0,0.3333333333333333
0.4706666666666667,0.0,0.16666666666666666
0.6893333333333334,0.0,0.4444444444444444
1.0586666666666666,0.0,0.4666666666666667
0.9546666666666667,0.0,0.6363636363636364
0.97,0.0,0.3333333333333333
1.128,0.0,0.5384615384615384
0.414,0.0,0.0
0.7533333333333333,0.0,0.3333333333333333
0.738,0.0,0.4444444444444444
0.9346666666666666,0.0,0.46153846153846156
0.788,0.0,0.2727272727272727
0.7533333333333333,0.0,0.1
1.0546666666666666,0.0,0.25
0.488,0.0,0.16666666666666666
0.5646666666666667,0.0,0.42857142857142855
0.6526666666666666,0.0,0.125
0.3313333333333333,0.0,0.4
0.7213333333333334,0.0,0.25
0.9993333333333333,0.0,0.23076923076923078
0.992,0.0,0.46153846153846156
0.9326666666666666,0.0,0.4
0.9173333333333333,0.0,0.5
0.9326666666666666,0.0,0.18181818181818182
0.536,0.0,0.14285714285714285
0.6393333333333333,0.0,0.18181818181818182
0.7213333333333334,0.0,0.2222222222222222
0.7866666666666666,0.0,0.2727272727272727
0.5913333333333334,0.0,0.2
0.584,0.0,0.125
0.8346666666666667,0.0,0.25
0.8066666666666666,0.0,0.4166666666666667
0.482,0.0,0.25
0.6453333333333333,0.0,0.1111111111111111
0.896,0.0,0.23076923076923078
0.916,0.0,0.35714285714285715
0.8086666666666666,0.0,0.3
0.306,0.0,0.2
0.712,0.0,0.2
0.9626666666666667,0.0,0.2857142857142857
0.9826666666666667,0.0,0.4
0.9846666666666667,0.0,0.3076923076923077
0.942,0.0,0.25
0.86,0.0,0.45454545454545453
0.9433333333333334,0.0,0.21428571428571427
1.0566666666666666,0.0,0.4666666666666667
1.1626666666666667,0.0,0.5
1.1413333333333333,0.0,0.5
1.0333333333333334,0.0,0.38461538461538464
0.666,0.0,0.08333333333333333
0.8986666666666666,0.0,0.3333333333333333
0.8493333333333334,0.0,0.6666666666666666
0.9693333333333334,0.0,0.2857142857142857
0.8153333333333334,0.0,0.1
0.8433333333333334,0.0,0.5
0.5693333333333334,0.0,0.5
0.9506666666666667,0.0,0.23529411764705882
0.71,0.0,0.4444444444444444
0.69,0.0,0.25
0.974,0.0,0.35714285714285715
0.26,0.0,0.0
0.5806666666666667,0.0,0.14285714285714285
0.912,0.0,0.5833333333333334
0.6986666666666667,0.0,0.4444444444444444
0.7046666666666667,0.0,0.5
0.7753333333333333,0.0,0.3076923076923077
0.796,0.0,0.8888888888888888
0.9606666666666667,0.0,0.45454545454545453
0.9386666666666666,0.0,0.36363636363636365
0.7686666666666667,0.0,0.2222222222222222
0.8826666666666667,0.0,0.5
1.002,0.0,0.42857142857142855
0.7733333333333333,0.0,0.6
0.8013333333333333,0.0,0.36363636363636365
0.8333333333333334,0.0,0.7777777777777778
0.8406666666666667,0.0,0.38461538461538464
0.5213333333333333,0.0,0.14285714285714285
0.6813333333333333,0.0,0.3
0.832,0.0,0.2
0.6713333333333333,0.0,0.25
0.8533333333333334,0.0,0.23076923076923078
0.8373333333333334,0.0,0.2727272727272727
0.7633333333333333,0.0,0.18181818181818182
0.642,0.0,0.25
1.012,0.0,0.4166666666666667
0.5873333333333334,0.0,0.25
0.8153333333333334,0.0,0.6666666666666666
0.49933333333333335,0.0,0.3333333333333333
0.844,0.0,0.4444444444444444
1.1366666666666667,0.0,0.3076923076923077
0.666,0.0,0.25
0.596,0.0,0.2857142857142857
1.288,0.0,0.5625
0.476,0.0,0.5
0.54,0.0,0.14285714285714285
0.5246666666666666,0.0,0.2
0.5786666666666667,0.0,0.14285714285714285
1.048,0.0,0.4166666666666667
0.8573333333333333,0.0,0.6
0.6786666666666666,0.0,0.25
0.7766666666666666,0.0,0.2
0.764,0.0,0.23076923076923078
0.7446666666666667,0.0,0.25
0.698,0.0,0.2727272727272727
1.0746666666666667,0.0,0.4666666666666667
0.586,0.0,0.09090909090909091
0.7286666666666667,0.0,0.25
0.8753333333333333,0.0,0.36363636363636365
1.0846666666666667,0.0,0.46153846153846156
0.9153333333333333,0.0,0.26666666666666666
0.6693333333333333,0.0,0.125
0.9566666666666667,0.0,0.25
1.0186666666666666,0.0,0.45454545454545453
0.6086666666666667,0.0,0.5
0.8086666666666666,0.0,0.1111111111111111
0.8193333333333334,0.0,0.3
0.7133333333333334,0.0,0.5
0.6113333333333333,0.0,0.0
0.5973333333333334,0.0,0.3333333333333333
0.77,0.0,0.5
1.0306666666666666,0.0,0.29411764705882354
0.9946666666666667,0.0,0.5
1.0513333333333332,0.0,0.4666666666666667
0.6546666666666666,0.0,0.3333333333333333
1.0286666666666666,0.0,0.3333333333333333
0.6206666666666667,0.0,0.5555555555555556
0.8306666666666667,0.0,0.5
0.8873333333333333,0.0,0.46153846153846156
0.8186666666666667,0.0,0.36363636363636365
0.706,0.0,0.5
0.5573333333333333,0.0,0.42857142857142855
0.7546666666666667,0.0,0.2
0.9413333333333334,0.0,0.8
0.956,0.0,0.26666666666666666
0.648,0.0,0.375
0.71,0.0,0.125
0.7873333333333333,0.0,0.45454545454545453
1.006,0.0,0.38461538461538464
1.062,0.0,0.6666666666666666
0.872,0.0,0.16666666666666666
0.974,0.0,0.46153846153846156
0.84,0.0,0.25
0.7493333333333333,0.0,0.875
0.724,0.0,0.125
1.1233333333333333,0.0,0.5384615384615384
0.82,0.0,0.3
0.758,0.0,0.3333333333333333
0.8213333333333334,0.0,0.875
0.652,0.0,0.125
0.7873333333333333,0.0,0.3
0.9933333333333333,0.0,0.3125
0.7133333333333334,0.0,0.3333333333333333
0.726,0.0,0.8571428571428571
0.2853333333333333,0.0,0.0
1.0386666666666666,0.0,0.4166666666666667
0.964,0.0,0.25
0.4226666666666667,0.0,0.2
0.456,0.0,0.16666666666666666
0.82,0.0,0.21428571428571427
0.868,0.0,0.4
0.8653333333333333,0.0,0.4166666666666667
0.456,0.0,0.16666666666666666
0.7933333333333333,0.0,0.2
1.098,0.0,0.46153846153846156
1.0953333333333333,0.0,0.4
0.5873333333333334,0.0,0.2857142857142857
0.9766666666666667,0.0,0.4166666666666667
0.6733333333333333,0.0,0.1111111111111111
0.596,0.0,0.25
0.9446666666666667,0.0,0.2
0.9086666666666666,0.0,0.4
0.9653333333333334,0.0,0.38461538461538464
0.834,0.0,0.2
0.94,0.0,0.1875
0.9853333333333333,0.0,0.35714285714285715
0.6006666666666667,0.0,0.2857142857142857
0.9313333333333333,0.0,0.5454545454545454
0.6326666666666667,0.0,0.125
0.9286666666666666,0.0,0.46153846153846156
1.134,0.0,0.17647058823529413
1.1793333333333333,0.0,0.3333333333333333
1.098,0.0,0.3333333333333333
0.8993333333333333,0.0,0.8888888888888888
0.8406666666666667,0.0,0.4166666666666667
0.38866666666666666,0.0,0.0
0.9693333333333334,0.0,0.3333333333333333
0.7253333333333334,0.0,0.1
0.994,0.0,0.42857142857142855
0.9693333333333334,0.0,0.42857142857142855
1.028,0.0,0.8181818181818182
0.9453333333333334,0.0,0.38461538461538464
0.6293333333333333,0.0,0.25
0.864,0.0,0.4
0.62,0.0,0.125
0.4073333333333333,0.0,0.16666666666666666
0.96,0.0,0.1875
0.9833333333333333,0.0,0.4166666666666667
0.5693333333333334,0.0,0.2857142857142857
0.924,0.0,0.36363636363636365
0.6506666666666666,0.0,0.25
0.924,0.0,0.38461538461538464
0.8426666666666667,0.0,0.4
0.7093333333333334,0.0,0.2222222222222222
0.8106666666666666,0.0,0.2857142857142857
0.798,0.0,0.4444444444444444
0.6166666666666667,0.0,0.2727272727272727
0.848,0.0,0.21428571428571427
1.0186666666666666,0.0,0.25
0.6566666666666666,0.0,0.25
0.9806666666666667,0.0,0.26666666666666666
0.8966666666666666,0.0,0.7
0.808,0.0,0.3333333333333333
0.966,0.0,0.35714285714285715
0.6793333333333333,0.0,0.3
0.864,0.0,0.36363636363636365
0.9093333333333333,0.0,0.35714285714285715
0.8313333333333334,0.0,0.23076923076923078
0.7093333333333334,0.0,0.2
0.8313333333333334,0.0,0.4166666666666667
1.0526666666666666,0.0,0.42857142857142855
0.8606666666666667,0.0,0.4166666666666667
0.736,0.0,0.16666666666666666
0.7593333333333333,0.0,0.23076923076923078
0.8213333333333334,0.0,0.4
0.6226666666666667,0.0,0.2857142857142857
0.7146666666666667,0.0,0.15384615384615385
0.7106666666666667,0.0,0.75
0.6606666666666666,0.0,0.2222222222222222
0.862,0.0,0.5
0.632,0.0,0.16666666666666666
0.7286666666666667,0.0,0.25
0.6973333333333334,0.0,0.2222222222222222
0.842,0.0,0.3
0.6586666666666666,0.0,0.16666666666666666
0.8593333333333333,0.0,0.2857142857142857
1.016,0.0,0.5
0.8013333333333333,0.0,0.5555555555555556
0.8346666666666667,0.0,0.5
0.8373333333333334,0.0,0.5555555555555556
0.8446666666666667,0.0,0.8888888888888888
0.9213333333333333,0.0,0.5454545454545454
0.5513333333333333,0.0,0.2857142857142857
0.77,0.0,0.4
0.702,0.0,0.2222222222222222
0.8233333333333334,0.0,0.3
0.8366666666666667,0.0,0.3
0.9093333333333333,0.0,0.5
0.8533333333333334,0.0,0.36363636363636365
0.8826666666666667,0.0,0.4
0.7713333333333333,0.0,0.36363636363636365
0.7006666666666667,0.0,0.25
0.6833333333333333,0.0,0.4444444444444444
0.804,0.0,0.3333333333333333
0.8153333333333334,0.0,0.2222222222222222
0.7646666666666667,0.0,0.4
0.566,0.0,0.2857142857142857
0.858,0.0,0.4
0.8353333333333334,0.0,0.36363636363636365
0.94,0.0,0.5
0.9173333333333333,0.0,0.46153846153846156
0.9933333333333333,0.0,0.5454545454545454
0.862,0.0,0.5
0.766,0.0,0.23076923076923078
1.0166666666666666,0.0,0.5833333333333334
1.024,0.0,0.6363636363636364
0.46,0.0,0.16666666666666666
0.5033333333333333,0.0,0.14285714285714285
0.618,0.0,0.125
0.6886666666666666,0.0,0.2727272727272727
0.9813333333333333,0.0,0.5454545454545454
0.8113333333333334,0.0,0.4166666666666667
0.8773333333333333,0.0,0.4166666666666667
0.8873333333333333,0.0,0.8888888888888888
0.6753333333333333,0.0,0.4
0.722,0.0,0.3
0.7826666666666666,0.0,0.25
0.656,0.0,0.3
0.9846666666666667,0.0,0.46153846153846156
0.8826666666666667,0.0,0.38461538461538464
0.9006666666666666,0.0,0.46153846153846156
0.988,0.0,0.5833333333333334
0.8873333333333333,0.0,0.4166666666666667
0.5513333333333333,0.0,0.125
0.89,0.0,0.4166666666666667
0.858,0.0,0.5454545454545454
0.484,0.0,0.0
0.896,0.0,0.3333333333333333
0.692,0.0,0.3
0.768,0.0,0.5
0.8686666666666667,0.0,0.4166666666666667
0.8046666666666666,0.0,0.4
0.7386666666666667,0.0,0.3
0.8066666666666666,0.0,0.36363636363636365
0.7426666666666667,0.0,0.4
0.7946666666666666,0.0,0.2727272727272727
0.7426666666666667,0.0,0.4166666666666667
0.8233333333333334,0.0,0.14285714285714285
0.942,0.0,0.2727272727272727
0.738,0.0,0.45454545454545453
0.8526666666666667,0.0,0.6
0.7526666666666667,0.0,0.5555555555555556
1.0333333333333334,0.0,0.35714285714285715
0.7726666666666666,0.0,0.875
0.30666666666666664,0.0,0.2
0.454,0.0,0.2857142857142857
0.9473333333333334,0.0,0.38461538461538464
0.842,0.0,0.21428571428571427
0.7813333333333333,0.0,0.4
0.828,0.0,0.36363636363636365
0.776,0.0,0.25
0.7433333333333333,0.0,0.4444444444444444
0.8686666666666667,0.0,0.36363636363636365
0.8273333333333334,0.0,0.7777777777777778
0.79,0.0,0.4444444444444444
0.9606666666666667,0.0,0.45454545454545453
0.5773333333333334,0.0,0.0
0.9906666666666667,0.0,0.26666666666666666
0.7913333333333333,0.0,0.5
0.8126666666666666,0.0,0.15384615384615385
0.802,0.0,0.3
0.8533333333333334,0.0,0.36363636363636365
0.7306666666666667,0.0,0.5555555555555556
0.512,0.0,0.16666666666666666
0.6253333333333333,0.0,0.42857142857142855
0.9126666666666666,0.0,0.2857142857142857
0.9433333333333334,0.0,0.26666666666666666
0.6646666666666666,0.0,0.5714285714285714
0.812,0.0,0.3333333333333333
0.7753333333333333,0.0,0.3076923076923077
0.4746666666666667,0.0,0.14285714285714285
0.7093333333333334,0.0,0.375
0.628,0.0,0.42857142857142855
0.8313333333333334,0.0,0.3076923076923077
0.9333333333333333,0.0,0.36363636363636365
0.7926666666666666,0.0,0.3
0.7073333333333334,0.0,0.6
0.7813333333333333,0.0,0.3333333333333333
0.674,0.0,0.375
0.7853333333333333,0.0,0.4444444444444444
0.772,0.0,0.3333333333333333
0.8826666666666667,0.0,0.2727272727272727
0.826,0.0,0.4
0.8173333333333334,0.0,0.4
0.74,0.0,0.25
0.872,0.0,0.5
0.72,0.0,0.5
0.7233333333333334,0.0,0.75
0.846,0.0,0.5
0.6073333333333333,0.0,0.36363636363636365
0.6473333333333333,0.0,0.36363636363636365
0.9613333333333334,0.0,0.8888888888888888
0.678,0.0,0.25
0.7793333333333333,0.0,0.25
0.8746666666666667,0.0,0.23076923076923078
0.6826666666666666,0.0,0.3
0.718,0.0,0.2727272727272727
0.8213333333333334,0.0,0.6
0.9113333333333333,0.0,0.45454545454545453
0.956,0.0,0.5454545454545454
0.8953333333333333,0.0,0.8
0.8,0.0,0.45454545454545453
0.9406666666666667,0.0,0.25
0.7946666666666666,0.0,0.3
0.7866666666666666,0.0,0.4
0.8246666666666667,0.0,0.4166666666666667
1.032,0.0,0.35714285714285715
0.674,0.0,0.5
0.5093333333333333,0.0,0.14285714285714285
0.5193333333333333,0.0,0.14285714285714285
0.6493333333333333,0.0,0.2222222222222222
0.896,0.0,0.3333333333333333
0.814,0.0,0.6
0.9326666666666666,0.0,0.5
0.992,0.0,0.4166666666666667
0.8133333333333334,0.0,0.18181818181818182
0.8753333333333333,0.0,0.26666666666666666
0.7393333333333333,0.0,0.45454545454545453
0.7513333333333333,0.0,0.5
0.9833333333333333,0.0,0.8181818181818182
0.9853333333333333,0.0,0.7272727272727273
0.7586666666666667,0.0,0.5555555555555556
0.8793333333333333,0.0,0.8
0.956,0.0,0.6
0.606,0.0,0.2857142857142857
0.41,0.0,0.2
0.7793333333333333,0.0,0.3333333333333333
1.028,0.0,0.5
0.854,0.0,0.875
0.6566666666666666,0.0,0.8571428571428571
0.7146666666666667,0.0,0.75
0.7393333333333333,0.0,0.75
0.7593333333333333,0.0,0.75
0.7913333333333333,0.0,0.875
0.926,0.0,0.6
0.728,0.0,0.875
0.908,0.0,0.7777777777777778
0.768,0.0,0.875
0.8446666666666667,0.0,0.45454545454545453
0.936,0.0,0.7
0.5033333333333333,0.0,0.3333333333333333
0.936,0.0,0.7
0.74,0.0,0.75
0.8226666666666667,0.0,0.3076923076923077
1.0893333333333333,0.0,0.8181818181818182
0.8633333333333333,0.0,0.7777777777777778
0.534,0.0,0.2857142857142857
0.782,0.0,0.75
0.848,0.0,0.6
0.8173333333333334,0.0,0.6666666666666666
0.962,0.0,0.7
0.7706666666666667,0.0,0.45454545454545453
0.8213333333333334,0.0,0.6666666666666666
0.94,0.0,0.8
0.7793333333333333,0.0,0.75
0.9806666666666667,0.0,0.7
0.6293333333333333,0.0,0.375
0.6726666666666666,0.0,0.25
0.9113333333333333,0.0,0.6
0.7846666666666666,0.0,0.75
0.852,0.0,0.3333333333333333
0.812,0.0,0.4
0.3273333333333333,0.0,0.0
0.45866666666666667,0.0,0.3333333333333333
0.41,0.0,0.0
0.8553333333333333,0.0,0.3
0.36533333333333334,0.0,0.0
0.514,0.0,0.14285714285714285
0.9233333333333333,0.0,0.45454545454545453
0.6866666666666666,0.0,0.375
0.5093333333333333,0.0,0.3333333333333333
0.5853333333333334,0.0,0.125
0.7046666666666667,0.0,0.5
0.79,0.0,0.4444444444444444
0.732,0.0,0.3333333333333333
0.794,0.0,0.4
0.674,0.0,0.375
0.7653333333333333,0.0,0.75
0.5893333333333334,0.0,0.125
0.5833333333333334,0.0,0.0
0.5146666666666667,0.0,0.14285714285714285
0.848,0.0,0.21428571428571427
0.7386666666666667,0.0,0.3
0.6706666666666666,0.0,0.2222222222222222
0.7106666666666667,0.0,0.3
0.7106666666666667,0.0,0.2222222222222222
0.968,0.0,0.45454545454545453
1.0606666666666666,0.0,0.5
0.9093333333333333,0.0,0.3333333333333333
0.616,0.0,0.2857142857142857
0.684,0.0,0.375
0.55,0.0,0.14285714285714285
0.5406666666666666,0.0,0.14285714285714285
0.6433333333333333,0.0,0.14285714285714285
0.878,0.0,0.21428571428571427
0.712,0.0,0.15384615384615385
0.8666666666666667,0.0,0.36363636363636365
0.6246666666666667,0.0,0.25
0.788,0.0,0.2727272727272727
0.754,0.0,0.45454545454545453
0.6653333333333333,0.0,0.25
0.4186666666666667,0.0,0.0
0.7726666666666666,0.0,0.2
0.522,0.0,0.0
0.7026666666666667,0.0,0.2222222222222222
0.652,0.0,0.2222222222222222
0.8693333333333333,0.0,0.23076923076923078
0.9306666666666666,0.0,0.5
0.8406666666666667,0.0,0.18181818181818182
0.9433333333333334,0.0,0.3333333333333333
0.8666666666666667,0.0,0.4444444444444444
0.814,0.0,0.4
0.7693333333333333,0.0,0.4
0.5133333333333333,0.0,0.0
0.898,0.0,0.2727272727272727
0.676,0.0,0.2222222222222222
0.754,0.0,0.2222222222222222
0.7753333333333333,0.0,0.2222222222222222
0.706,0.0,0.07692307692307693
0.6986666666666667,0.0,0.15384615384615385
0.8533333333333334,0.0,0.36363636363636365
0.7366666666666667,0.0,0.375
0.8806666666666667,0.0,0.4444444444444444
0.8146666666666667,0.0,0.4
0.7466666666666667,0.0,0.2727272727272727
0.654,0.0,0.25
0.9073333333333333,0.0,0.38461538461538464
0.798,0.0,0.45454545454545453
0.8806666666666667,0.0,0.4
0.8013333333333333,0.0,0.6666666666666666
0.846,0.0,0.6666666666666666
0.5426666666666666,0.0,0.14285714285714285
0.6846666666666666,0.0,0.25
0.576,0.0,0.125
0.38,0.0,0.0
0.786,0.0,0.2
0.5086666666666667,0.0,0.0
0.6893333333333334,0.0,0.2222222222222222
0.6806666666666666,0.0,0.25
0.674,0.0,0.16666666666666666
0.7626666666666667,0.0,0.2
0.6453333333333333,0.0,0.5
0.8466666666666667,0.0,0.2727272727272727
0.766,0.0,0.6
0.9093333333333333,0.0,0.8888888888888888
0.814,0.0,0.875
0.37333333333333335,0.0,0.2
0.75,0.0,0.1
0.348,0.0,0.2
0.7726666666666666,0.0,0.1
0.49533333333333335,0.0,0.2857142857142857
0.7173333333333334,0.0,0.3333333333333333
0.7613333333333333,0.0,0.2
0.7333333333333333,0.0,0.2222222222222222
0.5946666666666667,0.0,0.14285714285714285
0.7353333333333333,0.0,0.1111111111111111
0.6093333333333333,0.0,0.14285714285714285
0.6293333333333333,0.0,0.125
0.8806666666666667,0.0,0.5
0.5946666666666667,0.0,0.0
0.8446666666666667,0.0,0.45454545454545453
0.546,0.0,0.14285714285714285
0.632,0.0,0.375
0.6353333333333333,0.0,0.2727272727272727
0.7013333333333334,0.0,0.3
0.7846666666666666,0.0,0.4
0.6326666666666667,0.0,0.0
0.6193333333333333,0.0,0.0
0.8013333333333333,0.0,0.1111111111111111
0.704,0.0,0.2222222222222222
0.3353333333333333,0.0,0.0
1.0273333333333334,0.0,0.36363636363636365
0.4706666666666667,0.0,0.2857142857142857
1.04,0.0,0.6
0.34,0.0,0.0
0.9433333333333334,0.0,0.18181818181818182
0.44466666666666665,0.0,0.0
0.93,0.0,0.2
0.764,0.0,0.14285714285714285
0.794,0.0,0.36363636363636365
0.426,0.0,0.0
0.806,0.0,0.4166666666666667
0.4666666666666667,0.0,0.0
0.9273333333333333,0.0,0.36363636363636365
0.8953333333333333,0.0,0.3333333333333333
0.4666666666666667,0.0,0.2
0.562,0.0,0.3333333333333333
0.4766666666666667,0.0,0.2
0.6906666666666667,0.0,0.14285714285714285
0.4686666666666667,0.0,0.0
0.5173333333333333,0.0,0.16666666666666666
0.766,0.0,0.1
0.838,0.0,0.23076923076923078
0.726,0.0,0.07692307692307693
0.8686666666666667,0.0,0.21428571428571427
0.8106666666666666,0.0,0.3
0.8733333333333333,0.0,0.36363636363636365
0.946,0.0,0.45454545454545453
0.78,0.0,0.4
0.814,0.0,0.2
0.616,0.0,0.375
0.9586666666666667,0.0,0.3076923076923077
0.6113333333333333,0.0,0.25
0.818,0.0,0.45454545454545453
0.7,0.0,0.3
0.8213333333333334,0.0,0.6666666666666666
0.9613333333333334,0.0,0.7
0.736,0.0,0.2
0.4826666666666667,0.0,0.125
0.5293333333333333,0.0,0.1111111111111111
0.49866666666666665,0.0,0.125
1.0306666666666666,0.0,0.26666666666666666
0.5373333333333333,0.0,0.25
1.0153333333333334,0.0,0.45454545454545453
1.108,0.0,0.5
0.8993333333333333,0.0,0.3333333333333333
0.5026666666666667,0.0,0.125
1.072,0.0,0.46153846153846156
1.1206666666666667,0.0,0.35714285714285715
0.95,0.0,0.36363636363636365
0.6213333333333333,0.0,0.3333333333333333
0.6873333333333334,0.0,0.3333333333333333
0.5873333333333334,0.0,0.14285714285714285
0.5406666666666666,0.0,0.125
0.7206666666666667,0.0,0.2
0.864,0.0,0.3
0.8133333333333334,0.0,0.4
0.786,0.0,0.4444444444444444
0.822,0.0,0.4444444444444444
0.6826666666666666,0.0,0.2222222222222222
0.8293333333333334,0.0,0.7777777777777778
0.7073333333333334,0.0,0.3333333333333333
0.9013333333333333,0.0,0.7777777777777778
0.536,0.0,0.14285714285714285
0.7133333333333334,0.0,0.2222222222222222
0.8733333333333333,0.0,0.2857142857142857
0.8986666666666666,0.0,0.5
0.7833333333333333,0.0,0.36363636363636365
0.6273333333333333,0.0,0.25
0.686,0.0,0.4444444444444444
0.7953333333333333,0.0,0.2
0.8706666666666667,0.0,0.5
0.7553333333333333,0.0,0.36363636363636365
0.7433333333333333,0.0,0.1
0.7306666666666667,0.0,0.25
0.8606666666666667,0.0,0.3
0.81,0.0,0.7777777777777778
0.7246666666666667,0.0,0.3
0.38866666666666666,0.0,0.16666666666666666
0.8866666666666667,0.0,0.2727272727272727
0.6673333333333333,0.0,0.4444444444444444
0.7606666666666667,0.0,0.3333333333333333
0.7806666666666666,0.0,0.3
0.746,0.0,0.2
0.9306666666666666,0.0,0.4
0.6193333333333333,0.0,0.2727272727272727
0.824,0.0,0.4
0.768,0.0,0.2
0.5146666666666667,0.0,0.14285714285714285
0.9053333333333333,0.0,0.2727272727272727
0.6593333333333333,0.0,0.25
0.6913333333333334,0.0,0.1111111111111111
0.9646666666666667,0.0,0.18181818181818182
0.31866666666666665,0.0,0.0
1.33,0.0,0.3157894736842105
0.09333333333333334,0.0,0.0
0.2986666666666667,0.0,0.16666666666666666
0.898,0.0,0.4166666666666667
1.2353333333333334,0.0,0.3333333333333333
0.8986666666666666,0.0,0.36363636363636365
1.3266666666666667,0.0,0.3
0.9173333333333333,0.0,0.5
0.6333333333333333,0.0,0.3
0.93,0.0,0.38461538461538464
0.9066666666666666,0.0,0.38461538461538464
0.534,0.0,0.3
0.5093333333333333,0.0,0.5
0.87,0.0,0.2
0.32066666666666666,0.0,0.5
0.234,0.0,0.3333333333333333
0.8373333333333334,0.0,0.36363636363636365
0.7666666666666667,0.0,0.25
1.3366666666666667,0.0,0.3157894736842105
1.086,0.0,0.35714285714285715
0.43133333333333335,0.0,0.125
1.1933333333333334,0.0,0.35294117647058826
0.9806666666666667,0.0,0.3076923076923077
0.546,0.0,0.3333333333333333
0.7606666666666667,0.0,0.3333333333333333
0.7146666666666667,0.0,0.25
0.4026666666666667,0.0,0.125
0.34933333333333333,0.0,0.14285714285714285
0.692,0.0,0.23076923076923078
0.5466666666666666,0.0,0.08333333333333333
1.048,0.0,0.2631578947368421
0.6126666666666667,0.0,0.42857142857142855
0.7353333333333333,0.0,0.625
0.8053333333333333,0.0,0.7777777777777778
0.22933333333333333,0.0,0.6666666666666666
1.49,0.0,0.45
0.8806666666666667,0.0,0.6363636363636364
0.9966666666666667,0.0,0.5
0.5046666666666667,0.0,0.3333333333333333
1.2146666666666666,0.0,0.5714285714285714
0.4826666666666667,0.0,0.3333333333333333
0.9566666666666667,0.0,0.5
0.6606666666666666,0.0,0.36363636363636365
0.83,0.0,0.35714285714285715
0.9673333333333334,0.0,0.7
1.22,0.0,0.21052631578947367
1.1446666666666667,0.0,0.23529411764705882
1.0226666666666666,0.0,0.2857142857142857
0.6553333333333333,0.0,0.18181818181818182
1.2766666666666666,0.0,0.21052631578947367
1.3966666666666667,0.0,0.19047619047619047
0.9433333333333334,0.0,0.2857142857142857
0.3393333333333333,0.0,0.16666666666666666
0.9533333333333334,0.0,0.2
0.7206666666666667,0.0,0.2
0.8453333333333334,0.0,0.18181818181818182
0.7866666666666666,0.0,0.21428571428571427
1.1526666666666667,0.0,0.17647058823529413
0.7633333333333333,0.0,0.25
0.7213333333333334,0.0,0.1111111111111111
1.206,0.0,0.2222222222222222
0.24333333333333335,0.0,0.25
1.2106666666666666,0.0,0.23529411764705882
0.19,0.0,0.0
1.3393333333333333,0.0,0.2631578947368421
0.5206666666666667,0.0,0.1
0.4726666666666667,0.0,0.14285714285714285
1.322,0.0,0.47058823529411764
0.9286666666666666,0.0,0.38461538461538464
0.6226666666666667,0.0,0.375
1.3306666666666667,0.0,0.4117647058823529
0.6126666666666667,0.0,0.5714285714285714
1.2733333333333334,0.0,0.4375
1.178,0.0,0.5
1.0973333333333333,0.0,0.46153846153846156
1.354,0.0,0.4375
0.59,0.0,0.42857142857142855
0.596,0.0,0.5714285714285714
1.0313333333333334,0.0,0.4166666666666667
1.16,0.0,0.42857142857142855
0.7966666666666666,0.0,0.4
0.7733333333333333,0.0,0.4
0.812,0.0,0.625
0.8153333333333334,0.0,0.36363636363636365
1.2853333333333334,0.0,0.5333333333333333
1.0706666666666667,0.0,0.5833333333333334
0.9126666666666666,0.0,0.3076923076923077
0.8246666666666667,0.0,0.6
0.9693333333333334,0.0,0.38461538461538464
0.7146666666666667,0.0,0.5555555555555556
1.3666666666666667,0.0,0.42105263157894735
1.1526666666666667,0.0,0.375
0.5646666666666667,0.0,1.0
1.178,0.0,0.5384615384615384
1.474,0.0,0.625
0.5046666666666667,0.0,0.6666666666666666
0.42733333333333334,0.0,0.6
0.18733333333333332,0.0,0.5
1.0573333333333332,0.0,0.6666666666666666
1.0026666666666666,0.0,0.4166666666666667
1.12,0.0,0.35714285714285715
0.41533333333333333,0.0,0.4
0.65,0.0,0.42857142857142855
0.4093333333333333,0.0,0.16666666666666666
0.49333333333333335,0.0,0.14285714285714285
0.428,0.0,0.4
1.3806666666666667,0.0,0.29411764705882354
0.664,0.0,0.375
0.5393333333333333,0.0,0.42857142857142855
1.032,0.0,0.3333333333333333
0.292,0.0,0.25
1.014,0.0,0.5
0.5866666666666667,0.0,0.42857142857142855
0.5166666666666667,0.0,0.2857142857142857
0.7513333333333333,0.0,0.3333333333333333
0.8613333333333333,0.0,0.4
0.954,0.0,0.36363636363636365
1.034,0.0,0.3333333333333333
1.1626666666666667,0.0,0.35714285714285715
0.41733333333333333,0.0,0.3333333333333333
0.8333333333333334,0.0,0.4
0.6246666666666667,0.0,0.42857142857142855
0.9433333333333334,0.0,0.45454545454545453
0.6893333333333334,0.0,0.2222222222222222
0.818,0.0,0.2727272727272727
1.3753333333333333,0.0,0.4375
1.2033333333333334,0.0,0.375
1.2453333333333334,0.0,0.35294117647058826
0.8426666666666667,0.0,0.45454545454545453
0.5413333333333333,0.0,0.42857142857142855
0.8386666666666667,0.0,0.5454545454545454
0.8973333333333333,0.0,0.36363636363636365
0.566,0.0,0.42857142857142855
0.924,0.0,0.3333333333333333
1.1346666666666667,0.0,0.3888888888888889
0.5713333333333334,0.0,0.5
1.1653333333333333,0.0,0.2777777777777778
0.5406666666666666,0.0,0.8333333333333334
1.0273333333333334,0.0,0.46153846153846156
1.3233333333333333,0.0,0.5625
0.8326666666666667,0.0,0.7
1.3233333333333333,0.0,0.6875
0.7213333333333334,0.0,0.5
0.8253333333333334,0.0,0.6363636363636364
0.7473333333333333,0.0,0.6
0.352,0.0,0.5
0.44733333333333336,0.0,0.3333333333333333
0.958,0.0,0.3076923076923077
0.742,0.0,0.4
0.658,0.0,0.4444444444444444
0.4186666666666667,0.0,0.3333333333333333
0.7566666666666667,0.0,0.4
1.04,0.0,0.35714285714285715
0.804,0.0,0.2
0.68,0.0,0.125
0.12133333333333333,0.0,0.5
0.7373333333333333,0.0,0.2727272727272727
0.4553333333333333,0.0,0.5
0.944,0.0,0.3333333333333333
0.5506666666666666,0.0,0.375
1.024,0.0,0.3076923076923077
0.5686666666666667,0.0,0.2857142857142857
0.986,0.0,0.6
1.416,0.0,0.47058823529411764
1.0266666666666666,0.0,0.5833333333333334
1.1893333333333334,0.0,0.4666666666666667
0.7586666666666667,0.0,0.75
1.1666666666666667,0.0,0.35294117647058826
0.416,0.0,1.0
1.432,0.0,0.6666666666666666
0.9093333333333333,0.0,0.6
1.2053333333333334,0.0,0.6923076923076923
0.9886666666666667,0.0,0.6363636363636364
0.328,0.0,0.6666666666666666
0.286,0.0,1.0
0.862,0.0,0.875
0.592,0.0,0.2857142857142857
0.544,0.0,0.14285714285714285
1.094,0.0,0.38461538461538464
0.7273333333333334,0.0,0.3333333333333333
0.7773333333333333,0.0,0.3333333333333333
0.8106666666666666,0.0,0.2
0.2633333333333333,0.0,0.0
0.554,0.0,0.42857142857142855
1.0186666666666666,0.0,0.16666666666666666
0.7046666666666667,0.0,0.2222222222222222
1.1053333333333333,0.0,0.23076923076923078
1.1473333333333333,0.0,0.21428571428571427
0.2653333333333333,0.0,0.25
1.228,0.0,0.35714285714285715
0.6193333333333333,0.0,0.375
0.572,0.0,0.2857142857142857
0.4046666666666667,0.0,0.4
0.9153333333333333,0.0,0.36363636363636365
0.6646666666666666,0.0,0.375
0.276,0.0,0.3333333333333333
0.658,0.0,0.2857142857142857
0.7493333333333333,0.0,1.0
1.2433333333333334,0.0,0.8461538461538461
1.0726666666666667,0.0,0.5
1.2966666666666666,0.0,0.7857142857142857
1.0193333333333334,0.0,0.5384615384615384
0.448,0.0,0.5
0.6013333333333334,0.0,0.2
0.7186666666666667,0.0,0.16666666666666666
0.878,0.0,0.36363636363636365
0.794,0.0,0.4
0.6126666666666667,0.0,0.5
1.1933333333333334,0.0,0.2222222222222222
0.96,0.0,0.45454545454545453
0.806,0.0,0.16666666666666666
1.176,0.0,0.3333333333333333
1.0426666666666666,0.0,0.38461538461538464
0.6433333333333333,0.0,0.2222222222222222
0.42133333333333334,0.0,0.125
0.5193333333333333,0.0,0.14285714285714285
0.4673333333333333,0.0,0.6
1.0826666666666667,0.0,0.25
1.0633333333333332,0.0,0.5
0.7353333333333333,0.0,0.18181818181818182
0.7346666666666667,0.0,0.5555555555555556
0.606,0.0,0.5714285714285714
0.944,0.0,0.21428571428571427
1.2793333333333334,0.0,0.375
0.6526666666666666,0.0,0.2222222222222222
0.894,0.0,0.6666666666666666
0.5453333333333333,0.0,0.42857142857142855
1.262,0.0,0.5714285714285714
0.238,0.0,1.0
0.7626666666666667,0.0,0.5
0.982,0.0,0.5454545454545454
1.102,0.0,0.46153846153846156
1.114,0.0,0.5
0.9806666666666667,0.0,0.6
1.138,0.0,0.5833333333333334
0.9293333333333333,0.0,0.3
1.1473333333333333,0.0,0.4166666666666667
0.248,0.0,0.6666666666666666
0.9113333333333333,0.0,0.6
1.2173333333333334,0.0,0.5384615384615384
0.7066666666666667,0.0,0.7142857142857143
0.6953333333333334,0.0,0.375
0.54,0.0,0.14285714285714285
0.46266666666666667,0.0,0.3333333333333333
0.3426666666666667,0.0,0.5
0.918,0.0,0.08333333333333333
0.838,0.0,0.18181818181818182
0.556,0.0,0.14285714285714285
0.8006666666666666,0.0,0.1
0.7886666666666666,0.0,0.2
0.44,0.0,0.16666666666666666
0.5573333333333333,0.0,0.125
0.824,0.0,0.3
0.31333333333333335,0.0,0.25
0.9413333333333334,0.0,0.25
0.224,0.0,0.0
0.754,0.0,0.1111111111111111
1.012,0.0,0.08333333333333333
0.698,0.0,0.1111111111111111
0.5966666666666667,0.0,0.14285714285714285
0.6553333333333333,0.0,0.2222222222222222
0.5753333333333334,0.0,0.25
0.8546666666666667,0.0,0.2
0.784,0.0,0.4444444444444444
0.44666666666666666,0.0,0.16666666666666666
0.78,0.0,0.2
0.644,0.0,0.25
0.13333333333333333,0.0,0.0
0.958,0.0,0.18181818181818182
0.6273333333333333,0.0,0.125
0.8993333333333333,0.0,0.45454545454545453
0.9213333333333333,0.0,0.38461538461538464
0.84,0.0,0.4
0.8966666666666666,0.0,0.38461538461538464
0.63,0.0,0.0
0.7653333333333333,0.0,0.2
0.9186666666666666,0.0,0.4166666666666667
0.9406666666666667,0.0,0.35714285714285715
0.8593333333333333,0.0,0.36363636363636365
0.916,0.0,0.35714285714285715
0.9746666666666667,0.0,0.7272727272727273
0.796,0.0,0.18181818181818182
0.6493333333333333,0.0,0.0
0.7846666666666666,0.0,0.18181818181818182
0.9653333333333334,0.0,0.38461538461538464
0.906,0.0,0.3333333333333333
0.9626666666666667,0.0,0.3333333333333333
0.662,0.0,0.1
0.8426666666666667,0.0,0.16666666666666666
0.696,0.0,0.0
0.8313333333333334,0.0,0.16666666666666666
1.0773333333333333,0.0,0.5384615384615384
1.0993333333333333,0.0,0.4666666666666667
1.018,0.0,0.5
1.1333333333333333,0.0,0.8333333333333334
0.774,0.0,0.3
0.9546666666666667,0.0,0.3333333333333333
0.9433333333333334,0.0,0.3333333333333333
0.9346666666666666,0.0,0.4166666666666667
0.9566666666666667,0.0,0.35714285714285715
0.932,0.0,0.35714285714285715
0.9906666666666667,0.0,0.7272727272727273
0.6313333333333333,0.0,0.1111111111111111
0.812,0.0,0.18181818181818182
0.6653333333333333,0.0,0.0
0.8006666666666666,0.0,0.18181818181818182
0.5786666666666667,0.0,0.18181818181818182
1.1066666666666667,0.0,0.4
0.24133333333333334,0.0,0.3333333333333333
1.0253333333333334,0.0,0.4166666666666667
1.082,0.0,0.4
1.1406666666666667,0.0,0.75
0.7813333333333333,0.0,0.2
0.962,0.0,0.25
0.9506666666666667,0.0,0.25
0.748,0.0,0.4444444444444444
0.9606666666666667,0.0,0.46153846153846156
0.8793333333333333,0.0,0.5
0.936,0.0,0.46153846153846156
0.6353333333333333,0.0,0.25
0.816,0.0,0.3
0.8046666666666666,0.0,0.3
1.056,0.0,0.23529411764705882
0.6073333333333333,0.0,0.5714285714285714
1.1013333333333333,0.0,0.4
1.02,0.0,0.4166666666666667
1.0766666666666667,0.0,0.4
0.776,0.0,0.2
0.81,0.0,0.1
0.9453333333333334,0.0,0.25
1.0546666666666666,0.0,0.25
1.1,0.0,0.42857142857142855
1.0753333333333333,0.0,0.42857142857142855
0.7746666666666666,0.0,0.2222222222222222
0.9553333333333334,0.0,0.2727272727272727
0.944,0.0,0.2727272727272727
0.7333333333333333,0.0,0.4444444444444444
0.93,0.0,0.26666666666666666
0.9753333333333334,0.0,0.46153846153846156
0.11,0.0,1.0
0.894,0.0,0.5
0.9506666666666667,0.0,0.46153846153846156
1.0093333333333334,0.0,0.9
0.65,0.0,0.25
0.684,0.0,0.125
0.95,0.0,0.25
0.9953333333333333,0.0,0.42857142857142855
0.914,0.0,0.45454545454545453
0.9706666666666667,0.0,0.42857142857142855
1.0293333333333334,0.0,0.8181818181818182
0.67,0.0,0.2222222222222222
0.8506666666666667,0.0,0.2727272727272727
0.8393333333333334,0.0,0.2727272727272727
0.806,0.0,0.5555555555555556
0.8573333333333333,0.0,0.2
0.9026666666666666,0.0,0.38461538461538464
0.878,0.0,0.38461538461538464
0.5773333333333334,0.0,0.125
0.758,0.0,0.2
0.7466666666666667,0.0,0.2
1.088,0.0,0.29411764705882354
0.268,0.0,0.6666666666666666
1.052,0.0,0.5
1.1086666666666667,0.0,0.4666666666666667
1.1673333333333333,0.0,0.8333333333333334
0.808,0.0,0.3
0.9886666666666667,0.0,0.3333333333333333
0.842,0.0,0.2
0.9773333333333334,0.0,0.3333333333333333
0.9153333333333333,0.0,0.1875
0.9386666666666666,0.0,0.4166666666666667
0.936,0.0,0.35714285714285715
0.9946666666666667,0.0,0.7272727272727273
0.6353333333333333,0.0,0.1111111111111111
0.816,0.0,0.18181818181818182
0.8046666666666666,0.0,0.18181818181818182
1.054,0.0,0.5384615384615384
1.11,0.0,0.8333333333333334
0.7506666666666667,0.0,0.3
0.9313333333333333,0.0,0.3333333333333333
0.7846666666666666,0.0,0.2
0.92,0.0,0.3333333333333333
1.0646666666666667,0.0,0.17647058823529413
1.088,0.0,0.38461538461538464
1.0853333333333333,0.0,0.3333333333333333
1.144,0.0,0.6666666666666666
0.7846666666666666,0.0,0.1
0.954,0.0,0.16666666666666666
0.8666666666666667,0.0,0.26666666666666666
0.89,0.0,0.5454545454545454
0.946,0.0,0.9
0.5866666666666667,0.0,0.25
0.7673333333333333,0.0,0.3
0.6206666666666667,0.0,0.125
0.756,0.0,0.3
0.898,0.0,0.2
0.9213333333333333,0.0,0.45454545454545453
0.9433333333333334,0.0,0.38461538461538464
0.9186666666666666,0.0,0.38461538461538464
0.9773333333333334,0.0,0.8
0.618,0.0,0.125
0.7986666666666666,0.0,0.2
0.652,0.0,0.0
0.7873333333333333,0.0,0.2
1.0466666666666666,0.0,0.25
1.07,0.0,0.5
1.092,0.0,0.42857142857142855
0.22666666666666666,0.0,0.5
1.0673333333333332,0.0,0.42857142857142855
1.126,0.0,0.8181818181818182
0.7666666666666667,0.0,0.2222222222222222
0.9473333333333334,0.0,0.2727272727272727
0.8006666666666666,0.0,0.1111111111111111
0.936,0.0,0.2727272727272727
1.0346666666666666,0.0,0.23529411764705882
1.058,0.0,0.46153846153846156
1.08,0.0,0.4
1.0553333333333332,0.0,0.4
1.114,0.0,0.75
0.9353333333333333,0.0,0.25
0.7886666666666666,0.0,0.1
0.924,0.0,0.25
0.6973333333333334,0.0,0.375
0.9066666666666666,0.0,0.26666666666666666
0.93,0.0,0.5454545454545454
0.952,0.0,0.46153846153846156
0.9273333333333333,0.0,0.46153846153846156
0.986,0.0,0.9
0.6266666666666667,0.0,0.25
0.8073333333333333,0.0,0.3
0.6606666666666666,0.0,0.125
0.796,0.0,0.3
0.742,0.0,0.5
0.862,0.0,0.2
0.8853333333333333,0.0,0.45454545454545453
0.9073333333333333,0.0,0.38461538461538464
0.042,0.0,0.0
0.8826666666666667,0.0,0.38461538461538464
0.582,0.0,0.125
0.7626666666666667,0.0,0.2
0.616,0.0,0.0
0.7513333333333333,0.0,0.2
0.9793333333333333,0.0,0.5454545454545454
1.0013333333333334,0.0,0.46153846153846156
0.136,0.0,1.0
0.9766666666666667,0.0,0.46153846153846156
1.0353333333333334,0.0,0.9
0.676,0.0,0.25
0.8566666666666667,0.0,0.3
0.8453333333333334,0.0,0.3
0.5606666666666666,0.0,0.3
1.1,0.0,0.3125
1.1233333333333333,0.0,0.5833333333333334
1.1453333333333333,0.0,0.5
1.064,0.0,0.5454545454545454
1.1793333333333333,0.0,0.9090909090909091
0.82,0.0,0.3333333333333333
1.0006666666666666,0.0,0.36363636363636365
0.854,0.0,0.2222222222222222
0.9893333333333333,0.0,0.36363636363636365
1.034,0.0,0.29411764705882354
0.6266666666666667,0.0,0.3333333333333333
1.0573333333333332,0.0,0.5384615384615384
1.0793333333333333,0.0,0.4666666666666667
0.214,0.0,0.6666666666666666
0.998,0.0,0.5
1.1133333333333333,0.0,0.8333333333333334
0.754,0.0,0.3
0.9346666666666666,0.0,0.3333333333333333
0.788,0.0,0.2
0.9233333333333333,0.0,0.3333333333333333
0.8733333333333333,0.0,0.2
0.8966666666666666,0.0,0.45454545454545453
0.9186666666666666,0.0,0.38461538461538464
0.05333333333333334,0.0,0.0
0.8373333333333334,0.0,0.4
0.9526666666666667,0.0,0.8
0.5933333333333334,0.0,0.125
0.774,0.0,0.2
0.6273333333333333,0.0,0.0
0.7626666666666667,0.0,0.2
0.678,0.0,0.5555555555555556
0.9826666666666667,0.0,0.17647058823529413
1.028,0.0,0.3333333333333333
0.9466666666666667,0.0,0.3333333333333333
0.7026666666666667,0.0,0.1
0.8833333333333333,0.0,0.16666666666666666
0.7366666666666667,0.0,0.0
0.996,0.0,0.4
0.13066666666666665,0.0,0.3333333333333333
0.9146666666666666,0.0,0.4166666666666667
1.03,0.0,0.75
0.6706666666666666,0.0,0.2
0.8513333333333334,0.0,0.25
0.7046666666666667,0.0,0.1
0.97,0.0,0.26666666666666666
0.9933333333333333,0.0,0.5454545454545454
1.0153333333333334,0.0,0.46153846153846156
0.15,0.0,1.0
0.934,0.0,0.5
0.9906666666666667,0.0,0.46153846153846156
0.8706666666666667,0.0,0.3
0.8593333333333333,0.0,0.3
0.6193333333333333,0.0,1.0
1.1,0.0,0.29411764705882354
1.1453333333333333,0.0,0.4666666666666667
1.064,0.0,0.5
1.1206666666666667,0.0,0.4666666666666667
1.0006666666666666,0.0,0.3333333333333333
0.854,0.0,0.2
0.9893333333333333,0.0,0.3333333333333333
1.038,0.0,0.3125
0.6813333333333333,0.0,0.8571428571428571
1.0613333333333332,0.0,0.5833333333333334
1.0833333333333333,0.0,0.5
1.002,0.0,0.5454545454545454
1.0586666666666666,0.0,0.5
0.9386666666666666,0.0,0.36363636363636365
0.792,0.0,0.2222222222222222
0.9273333333333333,0.0,0.36363636363636365
0.898,0.0,0.26666666666666666
0.9213333333333333,0.0,0.5454545454545454
0.9433333333333334,0.0,0.46153846153846156
0.862,0.0,0.5
0.9186666666666666,0.0,0.46153846153846156
0.618,0.0,0.25
0.7986666666666666,0.0,0.3
1.0166666666666666,0.0,0.5833333333333334
1.0386666666666666,0.0,0.5
0.17333333333333334,0.0,1.0
0.9573333333333334,0.0,0.5454545454545454
1.014,0.0,0.5
0.894,0.0,0.36363636363636365
0.7473333333333333,0.0,0.2222222222222222
0.8826666666666667,0.0,0.36363636363636365
1.0746666666666667,0.0,0.23529411764705882
1.098,0.0,0.46153846153846156
1.12,0.0,0.4
0.25466666666666665,0.0,0.3333333333333333
1.0953333333333333,0.0,0.4
1.154,0.0,0.75
0.9753333333333334,0.0,0.25
0.8286666666666667,0.0,0.1
0.9373333333333334,0.0,0.1875
0.9606666666666667,0.0,0.4166666666666667
0.9826666666666667,0.0,0.35714285714285715
0.11733333333333333,0.0,0.0
0.9013333333333333,0.0,0.36363636363636365
0.958,0.0,0.35714285714285715
1.0166666666666666,0.0,0.7272727272727273
0.838,0.0,0.18181818181818182
0.6913333333333334,0.0,0.0
0.8266666666666667,0.0,0.18181818181818182
0.904,0.0,0.2
0.9273333333333333,0.0,0.45454545454545453
0.9493333333333334,0.0,0.38461538461538464
0.9246666666666666,0.0,0.38461538461538464
0.9833333333333333,0.0,0.8
0.8046666666666666,0.0,0.2
0.658,0.0,0.0
0.7933333333333333,0.0,0.2
0.904,0.0,0.2
0.9273333333333333,0.0,0.45454545454545453
0.9493333333333334,0.0,0.38461538461538464
0.868,0.0,0.4
0.9246666666666666,0.0,0.38461538461538464
0.9833333333333333,0.0,0.8
0.8046666666666666,0.0,0.2
0.658,0.0,0.0
0.466,0.0,0.16666666666666666
1.0746666666666667,0.0,0.23529411764705882
1.12,0.0,0.4
1.0386666666666666,0.0,0.4166666666666667
1.154,0.0,0.75
0.7946666666666666,0.0,0.2
0.8286666666666667,0.0,0.1
0.964,0.0,0.25
0.9533333333333334,0.0,0.1875
0.9986666666666667,0.0,0.35714285714285715
0.13333333333333333,0.0,0.0
0.9173333333333333,0.0,0.36363636363636365
1.0326666666666666,0.0,0.7272727272727273
0.7073333333333334,0.0,0.0
0.8426666666666667,0.0,0.18181818181818182
0.968,0.0,0.45454545454545453
0.99,0.0,0.38461538461538464
0.12466666666666666,0.0,0.0
1.024,0.0,0.8
0.6646666666666666,0.0,0.125
0.6986666666666667,0.0,0.0
0.574,0.0,0.0
0.9633333333333334,0.0,0.4166666666666667
0.12,0.0,0.0
0.904,0.0,0.36363636363636365
0.9606666666666667,0.0,0.35714285714285715
1.0193333333333334,0.0,0.7272727272727273
0.66,0.0,0.1111111111111111
0.694,0.0,0.0
0.8293333333333334,0.0,0.18181818181818182
0.908,0.0,0.26666666666666666
0.9533333333333334,0.0,0.46153846153846156
0.088,0.0,1.0
0.872,0.0,0.5
0.9873333333333333,0.0,0.9
0.628,0.0,0.25
0.662,0.0,0.125
0.7973333333333333,0.0,0.3
0.49933333333333335,0.0,0.0
0.8946666666666667,0.0,0.2
0.918,0.0,0.45454545454545453
0.94,0.0,0.38461538461538464
0.07466666666666667,0.0,0.0
0.8586666666666667,0.0,0.4
0.9153333333333333,0.0,0.38461538461538464
0.974,0.0,0.8
0.6146666666666667,0.0,0.125
0.7953333333333333,0.0,0.2
0.784,0.0,0.2
1.1573333333333333,0.0,0.38461538461538464
0.314,0.0,0.0
1.1546666666666667,0.0,0.3333333333333333
1.2133333333333334,0.0,0.6666666666666666
0.854,0.0,0.1
1.0346666666666666,0.0,0.16666666666666666
1.0233333333333334,0.0,0.16666666666666666
1.0053333333333334,0.0,0.17647058823529413
1.0286666666666666,0.0,0.38461538461538464
1.0506666666666666,0.0,0.3333333333333333
0.18533333333333332,0.0,0.0
1.026,0.0,0.3333333333333333
1.0846666666666667,0.0,0.6666666666666666
0.906,0.0,0.16666666666666666
0.8946666666666667,0.0,0.16666666666666666
1.0053333333333334,0.0,0.35714285714285715
0.14,0.0,0.0
0.9806666666666667,0.0,0.35714285714285715
1.0393333333333334,0.0,0.7272727272727273
0.68,0.0,0.1111111111111111
0.8606666666666667,0.0,0.18181818181818182
0.714,0.0,0.0
1.122,0.0,0.23529411764705882
1.1453333333333333,0.0,0.46153846153846156
1.1673333333333333,0.0,0.4
0.302,0.0,0.3333333333333333
1.086,0.0,0.4166666666666667
1.1426666666666667,0.0,0.4
1.2013333333333334,0.0,0.75
0.842,0.0,0.2
1.0226666666666666,0.0,0.25
0.876,0.0,0.1
0.9,0.0,0.2
0.9233333333333333,0.0,0.45454545454545453
0.08,0.0,0.0
0.9206666666666666,0.0,0.38461538461538464
0.9793333333333333,0.0,0.8
0.8006666666666666,0.0,0.2
0.654,0.0,0.0
0.9486666666666667,0.0,0.25
0.972,0.0,0.5
0.12866666666666668,0.0,0.5
0.9126666666666666,0.0,0.45454545454545453
0.6686666666666666,0.0,0.2222222222222222
0.8493333333333334,0.0,0.2727272727272727
0.7026666666666667,0.0,0.1111111111111111
0.8786666666666667,0.0,0.2
0.902,0.0,0.45454545454545453
0.058666666666666666,0.0,0.0
0.8993333333333333,0.0,0.38461538461538464
0.958,0.0,0.8
0.5986666666666667,0.0,0.125
0.7793333333333333,0.0,0.2
0.6326666666666667,0.0,0.0
0.7206666666666667,0.0,0.2222222222222222
1.1213333333333333,0.0,0.4375
0.7493333333333333,0.0,0.8571428571428571
0.996,0.0,0.3076923076923077
0.27466666666666667,0.0,0.3333333333333333
0.934,0.0,0.5
0.728,0.0,0.5
0.81,0.0,0.2727272727272727
0.64,0.0,0.2857142857142857
0.858,0.0,0.5
0.6626666666666666,0.0,0.6
0.5273333333333333,0.0,0.2857142857142857
0.7933333333333333,0.0,0.5
0.73,0.0,0.45454545454545453
0.8433333333333334,0.0,0.3333333333333333
0.9786666666666667,0.0,0.35714285714285715
0.7673333333333333,0.0,0.4444444444444444
1.0253333333333334,0.0,0.3076923076923077
0.6433333333333333,0.0,0.375
0.6046666666666667,0.0,0.5714285714285714
0.67,0.0,0.625
0.696,0.0,0.5714285714285714
1.066,0.0,0.5384615384615384
0.7713333333333333,0.0,0.2727272727272727
0.8333333333333334,0.0,0.4166666666666667
1.024,0.0,0.3333333333333333
0.7426666666666667,0.0,0.4
0.8813333333333333,0.0,0.5454545454545454
0.9426666666666667,0.0,0.5454545454545454
0.8546666666666667,0.0,0.5384615384615384
0.6773333333333333,0.0,0.3333333333333333
0.7593333333333333,0.0,0.3333333333333333
0.8313333333333334,0.0,0.2727272727272727
0.454,0.0,0.5
0.596,0.0,0.2857142857142857
0.6266666666666667,0.0,0.4
0.5906666666666667,0.0,0.5555555555555556
1.0793333333333333,0.0,0.4666666666666667
0.9973333333333333,0.0,0.5
0.702,0.0,0.42857142857142855
1.024,0.0,0.6428571428571429
0.8433333333333334,0.0,0.45454545454545453
1.242,0.0,0.4375
0.5906666666666667,0.0,0.2857142857142857
0.9386666666666666,0.0,0.46153846153846156
0.5993333333333334,0.0,0.42857142857142855
1.1293333333333333,0.0,0.35294117647058826
0.49133333333333334,0.0,0.8
0.582,0.0,0.2857142857142857
0.736,0.0,0.4444444444444444
0.8513333333333334,0.0,0.4166666666666667
0.7746666666666666,0.0,0.3
0.8126666666666666,0.0,0.5454545454545454
0.7586666666666667,0.0,0.36363636363636365
0.8513333333333334,0.0,0.36363636363636365
0.7133333333333334,0.0,0.36363636363636365
0.944,0.0,0.25
0.666,0.0,0.5
1.022,0.0,0.4166666666666667
0.7026666666666667,0.0,0.36363636363636365
1.0233333333333334,0.0,0.35714285714285715
0.7013333333333334,0.0,0.4444444444444444
0.6766666666666666,0.0,0.3333333333333333
0.9413333333333334,0.0,0.42857142857142855
0.7833333333333333,0.0,0.3333333333333333
1.1346666666666667,0.0,0.3125
1.2506666666666666,0.0,0.47058823529411764
0.59,0.0,0.5714285714285714
0.7073333333333334,0.0,0.5
1.03,0.0,0.46153846153846156
0.6313333333333333,0.0,0.25
0.7433333333333333,0.0,0.3333333333333333
0.9473333333333334,0.0,0.36363636363636365
0.4726666666666667,0.0,0.6
1.1273333333333333,0.0,0.5
1.08,0.0,0.5
0.44533333333333336,0.0,0.3333333333333333
1.0173333333333334,0.0,0.5
1.0093333333333334,0.0,0.38461538461538464
0.47,0.0,0.6
0.7706666666666667,0.0,0.375
0.95,0.0,0.36363636363636365
1.144,0.0,0.375
1.082,0.0,0.38461538461538464
0.466,0.0,0.3333333333333333
0.546,0.0,0.5
0.5673333333333334,0.0,0.25
0.8433333333333334,0.0,0.5555555555555556
1.0553333333333332,0.0,0.5833333333333334
0.6126666666666667,0.0,0.3333333333333333
0.4806666666666667,0.0,0.5
0.792,0.0,0.3333333333333333
1.04,0.0,0.4166666666666667
0.338,0.0,0.3333333333333333
0.9773333333333334,0.0,0.4166666666666667
0.46066666666666667,0.0,0.4
1.2746666666666666,0.0,0.5294117647058824
0.636,0.0,0.42857142857142855
1.0993333333333333,0.0,0.5333333333333333
0.8586666666666667,0.0,0.36363636363636365
0.962,0.0,0.4166666666666667
0.5953333333333334,0.0,0.3333333333333333
1.0713333333333332,0.0,0.4166666666666667
0.9566666666666667,0.0,0.36363636363636365
0.7866666666666666,0.0,0.42857142857142855
0.486,0.0,0.3333333333333333
0.794,0.0,0.5454545454545454
0.9413333333333334,0.0,0.45454545454545453
0.976,0.0,0.35714285714285715
0.8086666666666666,0.0,0.25
0.844,0.0,0.5
0.76,0.0,0.5555555555555556
0.7826666666666666,0.0,0.4
0.9593333333333334,0.0,0.42857142857142855
0.9433333333333334,0.0,0.5384615384615384
0.6126666666666667,0.0,0.5
0.8346666666666667,0.0,0.45454545454545453
0.7286666666666667,0.0,0.6363636363636364
0.9973333333333333,0.0,0.3333333333333333
0.8366666666666667,0.0,0.4
1.1293333333333333,0.0,0.6
1.1346666666666667,0.0,0.4375
0.8886666666666667,0.0,0.25
1.078,0.0,0.42857142857142855
0.5333333333333333,0.0,0.42857142857142855
0.9293333333333333,0.0,0.45454545454545453
0.952,0.0,0.3333333333333333
1.2446666666666666,0.0,0.5294117647058824
1.0993333333333333,0.0,0.375
0.9,0.0,0.45454545454545453
0.7,0.0,0.625
0.9226666666666666,0.0,0.3333333333333333
1.2153333333333334,0.0,0.5294117647058824
0.6593333333333333,0.0,0.5
0.8813333333333333,0.0,0.45454545454545453
0.8733333333333333,0.0,0.3333333333333333
0.8473333333333334,0.0,0.5
0.7753333333333333,0.0,0.4
0.6053333333333333,0.0,0.5
0.7846666666666666,0.0,0.4444444444444444
1.068,0.0,0.6
0.6873333333333334,0.0,0.25
0.8666666666666667,0.0,0.2727272727272727
0.7653333333333333,0.0,0.75
0.9813333333333333,0.0,0.42857142857142855
0.8046666666666666,0.0,0.4
0.736,0.0,0.5
0.896,0.0,0.4444444444444444
0.9306666666666666,0.0,0.3333333333333333
0.9613333333333334,0.0,0.45454545454545453
0.824,0.0,0.5555555555555556
0.856,0.0,0.4444444444444444
0.776,0.0,0.5
1.0593333333333332,0.0,0.46153846153846156
0.5326666666666666,0.0,0.125
0.9446666666666667,0.0,0.4166666666666667
0.6113333333333333,0.0,0.375
1.1586666666666667,0.0,0.47058823529411764
0.6406666666666667,0.0,0.2222222222222222
0.846,0.0,0.4
0.8886666666666667,0.0,0.4166666666666667
0.98,0.0,0.25
0.49733333333333335,0.0,0.375
1.2726666666666666,0.0,0.47058823529411764
1.032,0.0,0.3076923076923077
0.9813333333333333,0.0,0.38461538461538464
0.8993333333333333,0.0,0.46153846153846156
0.508,0.0,0.2857142857142857
0.6786666666666666,0.0,0.2222222222222222
1.0166666666666666,0.0,0.5
0.9193333333333333,0.0,0.46153846153846156
0.9553333333333334,0.0,0.35714285714285715
0.5913333333333334,0.0,0.625
0.8226666666666667,0.0,0.2727272727272727
0.8406666666666667,0.0,0.36363636363636365
0.652,0.0,0.5
0.9806666666666667,0.0,0.3076923076923077
0.8873333333333333,0.0,0.36363636363636365
1.0093333333333334,0.0,0.35714285714285715
0.6806666666666666,0.0,0.5
0.8786666666666667,0.0,0.4166666666666667
0.8706666666666667,0.0,0.5
0.8786666666666667,0.0,0.38461538461538464
1.0113333333333334,0.0,0.4166666666666667
0.8166666666666667,0.0,0.3
0.8433333333333334,0.0,0.4166666666666667
0.9766666666666667,0.0,0.2857142857142857
0.688,0.0,0.25
0.8226666666666667,0.0,0.2222222222222222
1.0773333333333333,0.0,0.5
0.7546666666666667,0.0,0.2
0.9273333333333333,0.0,0.45454545454545453
1.0453333333333332,0.0,0.38461538461538464
0.796,0.0,0.3076923076923077
1.0273333333333334,0.0,0.3076923076923077
0.758,0.0,0.3
0.7826666666666666,0.0,0.4166666666666667
1.032,0.0,0.6153846153846154
0.7506666666666667,0.0,0.3333333333333333
1.0406666666666666,0.0,0.6153846153846154
0.868,0.0,0.25
1.0526666666666666,0.0,0.38461538461538464
1.002,0.0,0.3076923076923077
0.5793333333333334,0.0,0.25
1.112,0.0,0.38461538461538464
0.6206666666666667,0.0,0.2222222222222222
0.9113333333333333,0.0,0.4166666666666667
0.9653333333333334,0.0,0.2857142857142857
0.8306666666666667,0.0,0.6
0.6573333333333333,0.0,0.25
0.83,0.0,0.5555555555555556
0.9353333333333333,0.0,0.2857142857142857
1.142,0.0,0.2857142857142857
0.534,0.0,0.42857142857142855
0.9426666666666667,0.0,0.3333333333333333
0.748,0.0,0.6666666666666666
0.9893333333333333,0.0,0.3333333333333333
0.8413333333333334,0.0,0.5454545454545454
0.7253333333333334,0.0,0.4
0.9073333333333333,0.0,0.4166666666666667
0.8086666666666666,0.0,0.18181818181818182
0.9553333333333334,0.0,0.45454545454545453
0.8893333333333333,0.0,0.4166666666666667
1.0066666666666666,0.0,0.5454545454545454
0.8533333333333334,0.0,0.5
0.8033333333333333,0.0,0.45454545454545453
0.882,0.0,0.16666666666666666
0.5693333333333334,0.0,0.25
1.0726666666666667,0.0,0.4166666666666667
0.8666666666666667,0.0,0.45454545454545453
1.0813333333333333,0.0,0.38461538461538464
0.6573333333333333,0.0,0.3333333333333333
0.95,0.0,0.3076923076923077
0.7666666666666667,0.0,0.18181818181818182
0.8953333333333333,0.0,0.15384615384615385
0.7673333333333333,0.0,0.4
0.836,0.0,0.5555555555555556
0.9653333333333334,0.0,0.8
1.0073333333333334,0.0,0.21428571428571427
0.6833333333333333,0.0,0.42857142857142855
0.938,0.0,0.6666666666666666
0.6153333333333333,0.0,0.375
0.9353333333333333,0.0,0.5454545454545454
0.9246666666666666,0.0,0.3333333333333333
0.5146666666666667,0.0,0.5
0.6073333333333333,0.0,0.5714285714285714
0.714,0.0,0.375
0.6726666666666666,0.0,0.7142857142857143
0.7886666666666666,0.0,0.2727272727272727
0.872,0.0,0.36363636363636365
0.922,0.0,0.5833333333333334
1.0893333333333333,0.0,0.6428571428571429
0.87,0.0,0.3333333333333333
1.0393333333333334,0.0,0.46153846153846156
0.6026666666666667,0.0,0.6666666666666666
0.564,0.0,0.4444444444444444
1.0073333333333334,0.0,0.46153846153846156
0.9513333333333334,0.0,0.46153846153846156
0.5253333333333333,0.0,0.42857142857142855
0.5113333333333333,0.0,0.2857142857142857
0.6853333333333333,0.0,0.375
0.6106666666666667,0.0,0.5
1.0986666666666667,0.0,0.6923076923076923
0.8973333333333333,0.0,0.45454545454545453
1.0666666666666667,0.0,0.5833333333333334
0.6733333333333333,0.0,0.4444444444444444
