three_dim_near_limit_share,vol_top3_concentration,spare_x_wlstd
0.0,0.490608855197721,802039.03006967
0.0,0.32089367666052926,242899.81683504
0.0,0.5192502723209255,698282.13244707
0.0,0.4997650121109143,625661.01316222
0.0,0.44770789076690987,442457.49068352
0.0,0.45754731497153406,441265.38557999994
0.0,0.4164597609825537,425600.57734827
0.0,0.44918761969481685,444891.12486
0.0,0.5332286555446516,688319.19254725
0.0,0.5423340961098398,800235.7612048801
0.0,0.5145035492069057,631594.86094952
0.0,0.48670897443573014,391264.39843436
0.0,0.3474162112142506,303957.73659752996
0.0,0.4060586658129577,533358.5025241299
0.0,0.47472027972027975,636383.374192
0.0,0.5347901863520579,698164.97742534
0.0,0.4163698882475746,370280.75738888
0.0,0.440369523574121,376980.4971702
0.0,0.3553072625698324,215018.2499829
0.0,0.6395326565791993,272048.30286968
0.0,0.5889775623615928,688746.61148499
0.0,0.577930174563591,499361.26279608
0.0,0.5779444557064667,796031.1875502
0.0,0.47215028569079626,503511.34488552
0.0,0.423244405247492,318073.22603396
0.0,0.8167077899189285,996741.0509898801
0.0,1.0,0.0
0.0,0.4299122472338802,504319.7694706
0.0,0.5326897018970189,511647.09505272005
0.0,0.34291671561141784,312795.63950543996
0.0,0.40547921071176884,396627.10196544003
0.0,0.41893803034199023,343127.84424576
0.0,1.0,736146.66677992
0.0,0.47324086849175806,421288.07231924
0.0,0.3496700945134637,328818.64308972
0.0,0.50099925980755,693825.4107096
0.0,0.522002772002772,438176.59258824
0.0,0.48072421864243425,566966.27151
0.0,0.4122556495216969,316629.75198795
0.0,0.411747369661961,302303.13384586
0.0,0.524013228844633,691583.56986994
0.0,0.35124260355029585,198535.85281125
0.0,0.4202323294854521,404170.98940518
0.0,0.42422769660702897,409131.33558484
0.0,0.40876873863137425,351173.3558791
0.0,0.4555484758040176,547452.3692415401
0.0,0.44864193147523523,632544.8075219
0.0,0.3355518717371403,137329.67602744
0.0,0.6977773204363038,657926.6627626
0.0,0.4335726017397652,445404.24357594
0.0,0.48177224327738677,649394.39334792
0.0,0.4298791486291486,691766.05501296
0.0,0.57727078891258,885629.34657
0.0,0.4248902462301966,368335.93472592003
0.0,0.3679642945697992,205553.25968427
0.0,0.41767963263101027,419066.955882
0.0,0.4060783719128003,417608.51156163
0.0,0.42378691983122363,582911.87666688
0.0,0.38687340555942085,448914.40125708
0.0,0.45164433617539584,465194.4563763
0.0,0.4738878143133462,638611.94008032
0.0,0.4777325297279687,547343.2878217
0.0,0.46210569438754606,486748.85354675003
0.0,0.49957944907829255,606171.61181958
0.0,0.45348618090452264,488455.23033439997
0.0,0.31580286904211013,41171.4005162
0.0,0.40646395210244757,326184.89746468
0.0,0.37408285982236444,240547.78149482002
0.0,0.5137629599512096,795910.6314621001
0.0,0.40282178964840804,557409.7565886
0.0,0.48129156317602756,583306.72723778
0.0,0.33801061735164367,126434.6307087
0.0,0.26215857435938694,-132255.68091638
0.0,0.5148039574935874,689097.9106704
0.0,0.44741356558458695,324073.50360768
0.0,0.5184390456793715,678543.77897856
0.0,0.3923592146491505,261609.84182857999
0.0,0.42291380815766494,354163.5034408
0.0,0.49695812568765774,535988.01479678
0.0,0.40226959055359607,377011.6354718
0.0,0.508206550251068,482524.83368062
0.0,0.3780017871104658,333283.71253019996
0.0,0.3822435174746336,247946.4148896
0.0,0.4177828529103142,461828.18133974
0.0,0.3636704923307948,203965.03573392
0.0,0.6068674523497745,1011139.3497195899
0.0,0.44485704896483735,552771.8562186001
0.0,0.37507269443849284,325547.4940458
0.0,0.4254565655162836,453857.74780892
0.0,0.478219167132923,628110.87858246
0.0,0.5833833593468604,816072.7068927301
0.0,0.4898571977235432,605350.92845724
0.0,0.5007197696737045,696938.4683856
0.0,0.5440032089851584,241518.8518947
0.0,1.0,0.0
0.0,0.48314926968293553,445215.6148434
0.0,0.3103769071288076,211267.58273152
0.0,0.42500783453462865,328114.7065504
0.0,0.3680625288354547,236674.59896556
0.0,0.5343419881592695,733487.44471618
0.0,0.41209255842558423,560447.29429248
0.0,0.4054167164892981,316288.30203048
0.0,0.47585964912280704,371416.57212
0.0,0.4072707205187459,471896.7581472
0.0,0.3724427865115315,329710.63054707
0.0,0.439066265060241,449137.791578
0.0,0.36247706697945803,326170.74152976
0.0,0.36640263039904347,317924.5098833
0.0,1.0,942327.15156405
0.0,1.0,0.0
0.0,0.5528013721006207,795620.76343488
0.0,0.3751901955902288,239495.87944035
0.0,0.2855146096332616,-2048.4309613
0.0,0.6275566197745186,602901.3228705
0.0,0.3380150836156957,239491.18280384003
0.0,0.8218277029184494,818756.15220984
0.0,0.4167111585691404,547522.59431176
0.0,1.0,0.0
0.0,0.4101723272544755,410204.7352918
0.0,0.4359027633492624,432002.89635354
0.0,0.4269103534112869,374503.31022741
0.0,0.5401127134095807,452092.96923191997
0.0,0.4824648941478366,625084.1344867
0.0,1.0,1042022.7952698801
0.0,1.0,564034.16678862
0.0,0.5840129043821131,560314.0443511601
0.0,1.0,519704.6502328
0.0,0.5397856720951818,538396.45782672
0.0,0.43000122428991183,454753.78007864003
0.0,0.6338877541095225,265440.326268
0.0,1.0,1119554.62453566
0.0,0.37477525828525426,264231.93763329997
0.0,0.8828898648066822,1040581.02749985
0.0,0.3459544336799692,335947.19009919
0.0,0.8615384615384616,1090713.7657725
0.0,0.3951365561559807,474592.20596676
0.0,0.4691258433558228,449522.82061439997
0.0,0.3778164958804595,319483.49034266
0.0,0.495940412312906,616001.3216979201
0.0,0.5255857091011734,472218.95779889997
0.0,0.40019002375296914,500380.14057524997
0.0,0.3702711100753515,551424.90334884
0.0,0.4396946564885496,585776.7504520001
0.0,0.37400837864337283,325454.21171592
0.0,0.4826740764955868,451827.35402991995
0.0,0.4241268872960195,354342.26896536
0.0,0.406831096962304,452556.43346942
0.0,0.5051635708344885,617038.8602032
0.0,0.45617913427939816,470785.76826624
0.0,0.47054151624548735,453266.6259
0.0,0.5262704565030146,658904.96723184
0.0,0.5674925008332408,688395.4305684001
0.0,0.4223239332644323,384521.9425371
0.0,0.6025496812898388,720787.25173554
0.0,0.3961612960028174,488808.04177845
0.0,0.40361934775342595,652840.91995914
0.0,0.5113501041976779,618548.30835424
0.0,0.341061992896948,288060.55986693996
0.0,0.5717272274763564,580926.8705023001
0.0,0.3623071577484364,192938.04228075
0.0,0.3457019335331406,200604.14795679
0.0,0.35067832687918343,229238.39333690002
0.0,0.4634773963389672,352139.22876242
0.0,1.0,563493.33346592
0.0,0.43729872157704697,380536.02658365
0.0,0.3969850830994355,350220.37954312
0.0,0.3557999939059691,354119.94953946
0.0,0.4398982258286343,422645.98018324
0.0,1.0,155362.5
0.0,0.3911756882564171,443304.99920252
0.0,0.37401108228435986,400242.63757032
0.0,0.44952578030694945,235204.70586855
0.0,0.4238561347598452,298100.71174368
0.0,0.49084762829503364,382247.37589005
0.0,0.38530301485333607,464088.31402905
0.0,0.43018304309139443,493418.37677348
0.0,0.45296264118158125,326434.72238025
0.0,0.4060010800594033,467600.33828087995
0.0,0.27912833990363556,-17847.0732858
0.0,0.4928858080992339,776114.25832278
0.0,0.5301021115372175,805557.72966556
0.0,0.296798477298488,-60694.2628103
0.0,0.5357507660878448,549799.09060608
0.0,1.0,429240.00012264
0.0,0.4519137737528542,548102.65526784
0.0,0.41014506435067183,342226.92005658
0.0,1.0,1291499.3853619199
0.0,0.3356327785921646,294629.49453045
0.0,0.4695130410654828,619946.99053384
0.0,0.479328165374677,452764.72341072
0.0,1.0,1422960.0
0.0,0.40582270430696393,418453.38158760004
0.0,1.0,1056247.97809455
0.0,0.4013054589119123,365249.49086847
0.0,0.4715157680569685,501387.32043552
0.0,0.5009580583351075,434966.16545459995
0.0,0.3946434240526422,394378.93051128
0.0,0.4509265075376884,493493.3612256
0.0,1.0,591275.34833224
0.0,0.5657590168763941,500216.77789940004
0.0,0.32533857128088495,180671.53053396
0.0,0.3685157497275791,192677.40571989998
0.0,0.46943348870562923,790086.60979584
0.0,0.48672537401381477,488273.24996985
0.0,1.0,163319.74943633997
0.0,0.36244269010607416,229240.56824607
0.0,0.8225101343295446,935825.45440125
0.0,0.5823352193401425,426470.9419099
0.0,0.5437074702759291,645274.8109214599
0.0,0.3515159495671067,415401.02546887
0.0,0.3475448397530138,383739.48711657
0.0,0.379689927605699,427097.17378867
0.0,0.5262299304541942,415966.12416966
0.0,0.32390141324179733,424120.19976711005
0.0,0.523327712197864,459344.37651977997
0.0,0.4521551724137931,481041.98897039995
0.0,0.7282185349197033,661390.18924748
0.0,0.621476373960657,483633.619023
0.0,0.29293837371330966,14316.60135642
0.0,0.4448312344288591,447598.59806414996
0.0,0.6788971367974549,1064051.6681724
0.0,0.347443621048142,213266.08922154
0.0,0.5498917208062636,780114.86939187
0.0,0.35046348999837373,431306.222185
0.0,0.6529347924391788,902742.91494256
0.0,0.3958814238853116,310323.2231414
0.0,0.38648086403921234,182246.31749646002
0.0,0.353967474508218,300877.05596746
0.0,0.5470770546115208,652935.3514625699
0.0,0.4160618049281954,363868.44746286
0.0,0.36638759264342574,447907.17949327995
0.0,0.4081284799818189,542243.28002404
0.0,0.3547383013784625,192976.53216261
0.0,0.500374531835206,425431.95345900004
0.0,0.4286346396965866,359410.641176
0.0,0.47218148344618843,467907.14020489
0.0,0.3906375877546323,386956.97646944
0.0,0.43159572046437517,603177.69735054
0.0,0.3886071234132783,271831.84251132
0.0,0.3269652901632597,450595.06740884
0.0,0.26598762494050454,-207522.8572585
0.0,0.4650853469297273,461895.40798337996
0.0,0.32109628561125136,101179.0429347
0.0,0.38455213088723167,283851.80733344
0.0,0.4794428536076643,482117.65825473
0.0,0.9459331278159829,956249.3938335599
0.0,1.0,810208.08815874
0.0,0.784271798526966,912318.26472864
0.0,0.3652353345779699,146414.22497128
0.0,0.5010221604383024,526822.40106932
0.0,0.3568126676031158,154869.8127494
0.0,0.3223598203037722,80241.98052066
0.0,0.4193330913239641,205811.67577424
0.0,0.3802594726845443,376533.02355360996
0.0,0.4197851858730306,355069.96593480004
0.0,0.4368309965324891,534736.7135982
0.0,0.387642488927612,502796.70392652
0.0,0.3861727270138671,227150.21945172
0.0,0.45968763191219925,521142.7241334
0.0,0.41604093496427275,410515.04917828
0.0,0.573965410747375,655509.77684192
0.0,0.46497754311379297,379228.70009481
0.0,0.3897358593990887,506397.35049243
0.0,0.4815405968077724,588214.4410102
0.0,0.4400631931906113,289099.5657648
0.0,0.3655623108444706,199386.21989164
0.0,0.5829643771071124,766371.55854357
0.0,0.597849638199583,680523.23864779
0.0,0.39714308991662817,288819.87636502
0.0,0.4651251550523202,495118.85963085
0.0,0.5006480499587604,576975.73499865
0.0,0.9021653118480685,1411238.4888475002
0.0,0.3691803441511683,158102.13998188998
0.0,0.29480112622437243,-185895.06964600002
0.0,0.36922156442876936,361006.94614908
0.0,0.5220931387151226,681786.6662601
0.0,0.3314714525098963,95697.76738732
0.0,0.7460622758226335,978871.58040712
0.0,0.3592513988037816,244825.99865747
0.0,0.37844288957012145,74230.97825656
0.0,0.33611139977138105,-101705.45726074999
0.0,0.4187884369707953,391892.17354232003
0.0,0.5007569323930141,514397.96710419003
0.0,0.46848203939745076,350771.6452832
0.0,0.4815861058798912,617334.2770451399
0.0,0.7327278231910385,695884.0200304501
0.0,0.5304563200537341,801972.6630800201
0.0,0.40173253925284247,323639.52237287996
0.0,0.5451694174507686,676255.58023239
0.0,0.3239073322187724,78907.9346075
0.0,0.43706090879793746,400416.2208068
0.0,0.3744489011171147,429741.46626138
0.0,0.4385732302816674,390693.11036644
0.0,0.34931743563158807,-46060.81476048
0.0,0.5555888522625112,615626.66312526
0.0,0.4057657446932928,381278.38335016003
0.0,0.4389637911505718,502542.2623599
0.0,0.44838143726994395,433089.79778658
0.0,0.4978235061337554,466636.39852429996
0.0,0.3577801616996782,254288.86142137
0.0,0.3418070889018013,324799.3680328
0.0,0.3431612804411089,138991.00481208
0.0,0.6760980120203421,820227.4296363
0.0,0.3919831223628692,242675.10759119998
0.0,0.904735982580294,910603.53236664
0.0,0.7592544654413668,1034999.7649370399
0.0,0.44104436617442727,371197.25075589004
0.0,1.0,806767.7084692101
0.0,0.36279243404678946,176419.4299818
0.0,0.7762450878177881,868957.68680356
0.0,0.2930174002967492,13890.63716348
0.0,0.3445469459062147,-64137.350677530005
0.0,0.380595461170102,236647.95104256002
0.0,0.4908303520994163,475605.86903094995
0.0,0.42776493988943165,382891.76182994
0.0,0.48406209658733573,558138.14619933
0.0,0.4069251681213335,541065.64234084
0.0,0.45600150154847185,499349.86931062996
0.0,0.4013096632723559,318058.67974914
0.0,0.45147247119078104,439774.2708069
0.0,0.4565421551698022,435970.59367722
0.0,0.3338765474454642,281549.42920845
0.0,0.48484848484848486,655239.17945304
0.0,0.4253960929087833,513874.07116464
0.0,0.42876928616935817,325821.1124124
0.0,0.48023703152146935,489909.41100863996
0.0,0.4531292869554614,443538.34146042
0.0,0.4275022094564737,323604.32827408
0.0,0.469517973340072,510347.24462735996
0.0,0.418903385252026,389701.42325995996
0.0,0.5023897625655257,414107.25486576004
0.0,0.4585199886589169,362444.4563138
0.0,0.4077404761247966,309107.0379436
0.0,0.5470421757437702,569400.662943
0.0,0.5190645127957841,617743.64344077
0.0,0.44228007181328544,413023.1627682
0.0,0.5034765142150803,464203.23221272003
0.0,0.31866049899119137,119932.6293566
0.0,0.38473649812845345,294494.10724848
0.0,0.4291079812206573,389197.17596759996
0.0,0.49003116308682104,519273.59038029
0.0,0.39705532320038084,447382.58643279003
0.0,0.4412908588902414,369688.72634498
0.0,0.33502430775734515,-79744.4635449
0.0,0.39300768658566826,164233.5935435
0.0,0.6292804840619108,880188.5568884
0.0,0.48497464858403067,515523.26997514
0.0,0.42904378230465184,605079.36899328
0.0,0.6515859977252623,855629.98341488
0.0,0.39781560562825935,157138.09448976
0.0,0.39643731302692414,303182.09328579996
0.0,0.33617767117917025,61665.92545201
0.0,0.3550308649388706,115571.12112909999
0.0,0.49552877809619167,611317.1416384899
0.0,0.42424242424242425,268426.34512992
0.0,0.3992988899090226,337684.97002206004
0.0,0.33555065028039616,346169.75900227996
0.0,0.4454114795637325,310517.29193912
0.0,0.45389968629430644,466293.37329613
0.0,0.4411520609842314,465833.06806127
0.0,0.44954666008758404,465183.22551842
0.0,0.38381737275862976,272260.60704472
0.0,0.527504342790967,694979.6003644001
0.0,0.4616919798396644,400253.92534772
0.0,0.36627304744147504,346575.03983598
0.0,0.4441027049292874,303678.21777245
0.0,0.395256177131244,259638.43985827998
0.0,0.406769728764371,336956.06758411997
0.0,0.4425882210519944,444585.90430901997
0.0,0.4414625103385335,378372.06767565
0.0,0.3102029696226672,278390.17855320004
0.0,0.5156277101328616,627305.2389108901
0.0,0.4871069436585563,424039.81078269996
0.0,0.39302679375329874,393647.42254580004
0.0,0.7293518915935986,710334.32690844
0.0,0.7774090788425803,721375.68978188
0.0,0.272484037701429,-118120.75851419999
0.0,0.6169207402823873,866389.3862863401
0.0,0.3098729227761486,-207345.28076999998
0.0,0.3908801640939333,237284.10306118
0.0,0.561171032357473,585220.7058906
0.0,0.47108171033667173,506480.30513926997
0.0,0.2719540524226738,-332477.01136382
0.0,0.590760733115742,539770.6706746
0.0,0.3778096479791395,244161.580614
0.0,0.62373611801757,906541.22125539
0.0,0.28910360474895846,-210465.24244152
0.0,0.357020361827009,123177.85165899001
0.0,0.4012958963282937,291863.3214236
0.0,0.40460720614294154,283605.32678494
0.0,0.3827172703671653,166638.76461420002
0.0,0.3626605389070763,404194.88631008
0.0,0.4700826716869935,543471.72277216
0.0,0.39916690156284257,290984.48031528
0.0,0.5188378880339612,509668.90348544
0.0,0.37354718735471876,450975.25628802
0.0,0.3703353440343523,216717.74525284002
0.0,0.373606376707589,223390.59958222
0.0,0.40301851563715574,282400.59569895
0.0,0.45504303335580853,651407.65445736
0.0,0.45792619635634774,454348.68105330004
0.0,0.45802686766761896,440878.5606836
0.0,0.5221029053297319,502910.37861678004
0.0,0.3844275797152606,341012.79192540003
0.0,0.49853571318474676,475755.01015044
0.0,0.3615634275569364,265527.53339885
0.0,0.6893378464142162,586767.9316114
0.0,0.5107561509725621,563188.20825753
0.0,0.6658492975734355,628475.7005190001
0.0,0.33025973737418624,-241.6213982
0.0,0.8101048617731172,779179.670961
0.0,0.42130325104163713,338796.84898356
0.0,0.4125065502183406,452768.2564575
0.0,0.3702081658674502,240761.22065742
0.0,0.4862316107129385,705130.73819552
0.0,0.36453642847154244,233437.1682134
0.0,0.4008773304088986,342114.25730215
0.0,0.4081968937348806,324294.84380077
0.0,0.3912062765609676,437376.74343770003
0.0,0.48546069315300083,485398.5806824
0.0,0.41473199044042336,388289.14621932
0.0,0.39639035640537423,261980.71198717
0.0,0.48886055059635436,503768.7571647
0.0,0.565113386278825,521940.76817055995
0.0,0.3475547970774892,186973.53756554
0.0,0.37992560368198725,299624.59095858
0.0,0.5449224465905765,592422.06016377
0.0,0.36554115535007253,147931.01317020002
0.0,0.6348423726281189,737211.92522679
0.0,0.37854130783393714,331855.27345767996
0.0,0.5091347688814786,628717.0566866901
0.0,0.2955881613989247,158320.26628872
0.0,0.4394867750545984,450928.08401920006
0.0,0.5852958998182185,794906.44203245
0.0,0.3107993871189306,192370.8080718
0.0,0.44537182114017115,417757.60724668
0.0,1.0,155545.787686977
0.0,0.45461218497675554,449204.57960096
0.0,0.38707872564507634,447261.56685
0.0,0.4492890995260663,666468.3364799999
0.0,0.47294752698970627,501597.48100016004
0.0,0.464413151522875,525302.6327989601
0.0,0.5017638431963217,569972.71940477
0.0,0.42204766342697375,266866.32339559996
0.0,0.6763723787899025,813674.52355632
0.0,0.47900154869272116,670862.9018783399
0.0,0.4086315355264515,215898.39495104
0.0,0.4577808792742498,538316.10620568
0.0,0.4535309602838503,364390.76904384
0.0,0.32214959357437467,98106.32090727
0.0,0.7392521910491107,1106829.0055339101
0.0,0.3619631901840491,142599.7568718
0.0,0.6792792792792792,943407.6106752
0.0,0.30164945525370773,-150419.97256175
0.0,0.3799836434267021,199948.77570144
0.0,0.3159481008058483,-60349.67335236
0.0,0.2888329553667107,142125.29917773
0.0,0.652255137443288,930913.96533858
0.0,0.36316350191138685,384229.34392896004
0.0,1.0,15645.000012516
0.0,0.35618729096989965,427226.71878470003
0.0,0.3332339283432028,-66601.00596142
0.0,0.4565373440437532,418100.3518396
0.0,0.4542192015752533,495488.82841171
0.0,0.28342712378262763,-85728.46377403001
0.0,0.38522940702978264,412718.70170544
0.0,0.5029777544228411,589948.7495496001
0.0,0.7769977286805699,719854.7027477401
0.0,0.3473576335032129,249545.78513536
0.0,0.7055747409965466,915809.2810190001
0.0,0.4808077645585473,473932.60641560005
0.0,0.5639085239085239,520641.0277515
0.0,0.5899293286219082,629344.883102
0.0,0.603207360591599,848415.30048498
0.0,0.3390177138721958,385851.79058147996
0.0,0.545732859626578,725449.65023826
0.0,0.743071978655024,774815.08693602
0.0,0.2694019401940194,145654.63641468
0.0,0.7352699369690326,1162380.82057245
0.0,0.61165679032389,711539.5302668
0.0,0.6681125570014459,728690.66951292
0.0,0.2865812097359337,-13269.389409770001
0.0,0.34973703981968446,211968.12471744
0.0,0.6209849194853881,876840.84106942
0.0,0.2667321485677738,36523.694759499995
0.0,0.3225862443046214,-36747.7805853
0.0,0.6894082791539791,816359.91232309
0.0,0.49921011058451814,730697.22703332
0.0,0.39392999182015626,323883.77145899
0.0,0.4482416710735061,391388.19399888
0.0,0.5711049991910694,822812.01971854
0.0,0.3252999521740034,-103301.8749829
0.0,1.0,1226134.6858233
0.0,0.36477646952677406,22358.11454496
0.0,1.0,139177.5
0.0,0.32245168190267626,149412.18680075
0.0,0.5784832451499118,672405.55531668
0.0,0.44680034539000285,392435.99261013
0.0,0.34315056866406385,-73499.4448384
0.0,0.830267558528428,1050896.33550728
0.0,0.4401909277293696,475263.97020415997
0.0,0.5072136494793626,401222.74388424
0.0,0.2954279015240328,-181670.51505498
0.0,0.8673237300985596,986391.3076844399
0.0,0.3855324307940998,250732.97073078
0.0,0.5090587715422006,671390.2019834
0.0,0.4470209948931341,401199.00917345
0.0,0.5558783811433482,765708.1202078301
0.0,0.5485701999569985,837934.79980525
0.0,0.3701638201463925,159324.64329714002
0.0,0.315189435156791,126487.09270287999
0.0,0.37730473227443917,435052.672736
0.0,0.6320600520612628,868253.92065983
0.0,0.3325833736792641,307173.50640721
0.0,0.47204369210343683,421189.32107508
0.0,0.4891105922309488,668212.0617404
0.0,0.33403729498988993,16304.5550976
0.0,0.379537846533849,428689.1878346
0.0,0.47118572335472947,371017.81622262
0.0,0.4830270813276966,496617.82283993
0.0,0.3764915543158221,243704.77296858
0.0,0.5104527786532199,638136.3031407
0.0,0.6313485113835376,707752.95851624
0.0,0.3809481109516977,300624.28442592
0.0,1.0,725376.5034431999
0.0,0.29365864380701173,-13847.42953935
0.0,0.3423732401820684,-77589.4592889
0.0,0.8291256385577849,792017.47022706
0.0,0.6462488967343336,856381.70948205
0.0,0.34674402455142134,12039.60001052
0.0,0.5829252003561888,937054.40737296
0.0,0.3067699869198145,-182477.84631874
0.0,0.40173891442056886,161268.8683619
0.0,0.5466393322594816,599111.7514863301
0.0,0.3467168947594297,103488.90122714
0.0,0.4328914530191553,399031.51010107
0.0,0.47850379738365284,551751.3594459901
0.0,0.38911977002156045,402379.52624281
0.0,0.49134199134199136,411931.11486564
0.0,0.4451679111079656,427121.11561102996
0.0,0.49766215082124443,574285.02765183
0.0,0.3839263342520671,288917.30256176
0.0,0.7743237787646347,741194.6698165201
0.0,0.29123999144669627,79969.39045513001
0.0,0.3381416713675558,229908.73391826
0.0,0.5222952317368846,586408.8927180399
0.0,0.3963076541833163,359146.42770609
0.0,0.3396787468472056,208768.69687005
0.0,1.0,832410.0889525601
0.0,0.7246818426241262,521183.78919364
0.0,0.29144329360328947,184775.06221512
0.0,0.8528735632183908,242890.16905601998
0.0,0.3770487981161549,72282.52244046
0.0,0.3753608734449635,240954.69406878
0.0,0.3082788463371395,-248484.36768012997
0.0,0.4857833291488827,480778.6975128
0.0,0.2430085701398286,19714.4198196
0.0,0.27386461683269275,-207040.69471072
0.0,0.38412288755986795,155249.14286867
0.0,0.4433338106830875,338443.18998905
0.0,0.3782046652704557,580328.9935757
0.0,0.2824531951388635,-333438.06362177996
0.0,0.9123863199692583,530124.28010061
0.0,0.34339781702014377,-2552.88495856
0.0,0.41990613894691153,279623.73112212
0.0,1.0,443252.2364508
0.0,1.0,1161640.17590652
0.0,0.5550514376154049,802014.9744657
0.0,0.35922202337088116,160132.8592826
0.0,0.880600409370025,890032.2046133
0.0,0.40566801619433196,603220.98857235
0.0,0.29901960784313725,88294.2813822
0.0,0.8156103363954795,703464.44801073
0.0,0.36580106029292836,356039.25246582
0.0,0.486351502626367,576717.03227436
0.0,0.36593031875463305,293023.98834499996
0.0,0.4218259490598401,390514.26508805
0.0,0.35523598999198386,136280.86758254
0.0,0.6345643253680907,823653.46903716
0.0,0.33262716222053107,-123884.69351489001
0.0,0.9435783221974758,749834.52636456
0.0,0.3652625635234331,24425.292630000004
0.0,0.4158074717815545,208077.93325677997
0.0,0.5235479884662914,652232.20992456
0.0,0.5271186440677966,505224.7572904
0.0,0.3805136052158872,424929.50021676
0.0,0.545954045954046,585056.95616832
0.0,0.58451023336606,704869.3269951
0.0,0.8472822814603974,1112779.88423834
0.0,0.5796944049134897,642468.2348967401
0.0,0.2916979976049238,296710.06198554
0.0,0.321264948429387,91183.28502947
0.0,0.4777847487594821,755967.34788168
0.0,0.5581384831079553,541569.41988056
0.0,0.46249100617260575,520448.1014136
0.0,0.40404007333682557,294990.39916528
0.0,0.30318142734307824,117367.88250724999
0.0,0.3294984488107549,157128.3881336
0.0,0.6047288052104428,622018.51114479
0.0,0.41617350481039445,391769.87795086
0.0,0.45903235470341525,365255.53136079997
0.0,0.6267051677785522,576967.31975156
0.0,0.3325105113251051,228079.31683085
0.0,0.8795500841378089,843485.4504324299
0.0,0.9000492368291482,788407.79585712
0.0,0.3883858882297846,111715.51131398999
0.0,0.5988064701879287,547985.46736288
0.0,0.4336238101622201,243375.29427625
0.0,0.48786625154604,541892.89044457
0.0,0.5067527339955504,383017.53144057
0.0,0.39678795657150784,430866.81006166
0.0,0.6823628691983122,491092.243857
0.0,0.3088116192430214,219105.64566828
0.0,0.769537667214269,319563.69774628
0.0,0.3327841091125452,44698.04494932
0.0,0.3555926911321709,-15381.625065479999
0.0,0.6648103256240582,555346.28304409
0.0,0.39314452412787165,117334.30753174999
0.0,0.5175192533278931,622240.7269027999
0.0,0.452325678964003,258197.45455987
0.0,0.5872185911401597,393558.714495
0.0,0.32910668032046264,327972.28675743996
0.0,0.35764463846655625,180799.92054828
0.0,0.2982533838957013,266828.69229315
0.0,0.404243802100249,642048.13610685
0.0,0.49470667834116056,639076.49790472
0.0,0.3464615384615385,395264.0786
0.0,0.45785859805327095,542067.43344936
0.0,0.3221496525603173,312670.34979888
0.0,0.4045541365491929,548682.75272843
0.0,0.5444373401534527,658801.5459508
0.0,0.6396775324220119,895662.54923418
0.0,0.43438296084250333,305216.14937177004
0.0,0.3564110722239898,405655.8503389
0.0,0.373101518784972,454627.52749440004
0.0,0.5258414307843966,734764.53670812
0.0,0.5784843235164238,684853.71355674
0.0,0.5162849232318147,740619.93340775
0.0,0.437368297822524,688848.9899623799
0.0,0.48321591380024864,548452.23085968
0.0,0.5709337272680963,987711.08968162
0.0,0.4790975074551286,430260.67719646
0.0,0.6601031047715028,896113.0739652
0.0,0.4182347670250896,544861.5047568
0.0,0.5879103807781269,751335.61954243
0.0,0.4833842555920184,611910.4203215099
0.0,0.520340938698031,695315.51765379
0.0,0.40388522092432705,760733.2707670799
0.0,0.38278201356786934,409068.64806076
0.0,0.35931485758275594,409283.65891584
0.0,0.5630892177061871,858421.72647399
0.0,0.39305727385197586,522942.17397094
0.0,0.4192614682922551,500699.68045446
0.0,0.46667202701616145,728827.3397836799
0.0,0.4900802496656264,693441.73891072
0.0,0.47364467812486194,854452.6472034799
0.0,0.40159119637147744,512691.95736192
0.0,0.36905859536451213,469971.5255861
0.0,0.4550015678896206,742108.1000592001
0.0,0.4289344939322702,429686.0187351
0.0,0.36054157022592737,-156657.19371085
0.0,0.599662819348982,1092508.57401406
0.0,0.32770075539240967,353421.32532420004
0.0,0.56578633362501,916289.9079837201
0.0,0.34160495692912196,404445.67941329995
0.0,0.4043966109457293,428807.5193196
0.0,0.4362269823374671,675946.6358799
0.0,0.5273774159240107,683628.69612699
0.0,0.5159304745434827,467232.51299972
0.0,0.5429373246024322,835527.0339792001
0.0,0.5015311925802782,624024.48224992
0.0,0.40160618679357524,362432.1807452
0.0,0.5167679280486055,734752.33908038
0.0,1.0,1077898.1517960299
0.0,0.44858803986710966,644741.1411132
0.0,0.4910328124098956,444253.00065761997
0.0,0.4532050287133323,608567.73016424
0.0,0.4715839146491588,642424.96735392
0.0,0.37440061600924013,476202.02787325
0.0,0.4682113364868115,568902.1737398
0.0,0.44861767915605677,653512.5967228799
0.0,0.3488537506155277,287901.84914788
0.0,0.4312313195158998,175839.62597238
0.0,0.451515033645805,709461.69577247
0.0,0.4568519767479205,595585.8730407599
0.0,0.41145423919146545,660021.78077775
0.0,0.41380888962876644,752062.43830732
0.0,0.4628353879622915,545679.37297536
0.0,0.3336112912690324,352076.66080923
0.0,0.6122106675612211,835838.49982689
0.0,0.38462356217974614,-88479.63718221
0.0,0.5634706859991977,1052387.31945326
0.0,0.3356534708843453,368264.3900039
0.0,0.3518108389786347,521896.64680055995
0.0,0.48977556109725684,681767.8743148
0.0,0.4780520929330164,679983.14549514
0.0,0.724873326779097,945423.54378321
0.0,0.539551100457616,723099.91259016
0.0,0.39562168479726695,20963.26659764
0.0,0.35392853787617823,449806.65750025003
0.0,0.544485913797255,515040.15811072
0.0,0.5027266091287732,815863.2550671
0.0,0.3342982482318183,418522.05381073005
0.0,0.38830093178419417,318200.6911662
0.0,0.4282599215002181,746787.73200371
0.0,0.6670350162304026,1323400.09964376
0.0,0.5164605614973262,664173.4226060801
0.0,0.42023319849066865,467959.13587646
0.0,0.3408886738995232,445390.64198524004
0.0,0.48566871284257335,889868.6480551701
0.0,0.3846048204353499,491913.57865584
0.0,0.5438626031318404,716534.92270404
0.0,0.4472669936930624,487276.64875008
0.0,0.5185968678959333,568763.29790896
0.0,0.48798591616310605,683360.94611327
0.0,0.48439731659813895,647691.3902502999
0.0,0.4873834962491475,815523.69043635
0.0,0.34275494047968097,313799.11361396
0.0,0.5140921171763194,470687.33490144
0.0,0.404997469053426,66701.06053848
0.0,0.5182132849843415,992395.80331209
0.0,0.45795538122088747,738177.86356908
0.0,0.3480204937121565,437015.85936254996
0.0,0.3357611725564248,345995.71990803
0.0,0.34917127071823206,394111.7522993
0.0,0.45759803921568626,643175.987706
0.0,0.5164269799473364,768496.5327677
0.0,0.49205359925210346,566931.7580911999
0.0,0.5416680407611384,662413.08907098
0.0,0.5151784129238417,748171.39619564
0.0,0.6059851261431164,764716.1920919
0.0,0.3395680739366886,391632.39445351996
0.0,0.49685578052657037,491785.1838683
0.0,0.3965577392720084,633729.4613348399
0.0,0.402005715210007,342339.19525322
0.0,0.38989698269100037,288785.76623423997
0.0,1.0,978515.6251252501
0.0,0.5738580185880957,859428.577249
0.0,0.5176603560327776,885642.28246836
0.0,0.5079033701163137,508198.45530420006
0.0,0.40607507408626936,563853.3962505601
0.0,0.41545137653837944,590576.50463432
0.0,0.44554890921886,608945.1597944
0.0,0.45596669023489667,725128.82768508
0.0,0.4879172168145669,538179.2730997601
0.0,0.5136462704531407,672598.04638152
0.0,0.37039845000421195,547489.7583498
0.0,0.38798836242726514,496862.34716159996
0.0,0.4133538326378212,588193.87270476
0.0,0.5795017722530078,979037.0638045201
0.0,0.4009879725085911,494510.02705872
0.0,0.3992763273613589,231704.84904621998
0.0,0.36929052677008656,143557.16430557
0.0,0.528148898921957,666765.55474372
0.0,0.6246344316630922,866826.55791312
0.0,0.3301106989514268,357938.55441483995
0.0,0.4605152911604525,629890.87623952
0.0,0.42810716550412176,587314.1964278399
0.0,0.3676910011637782,482135.51474157005
0.0,1.0,224569.709364933
0.0,0.4323251758763754,422230.86374636
0.0,0.5252162439524997,851230.0391236399
0.0,0.5125044237348119,740017.5636839201
0.0,0.5285737325950218,986345.19128046
0.0,0.40827173822772195,747485.04950888
0.0,0.4293656641436131,516549.84088321996
0.0,0.3668216648110551,415011.27133172
0.0,0.4776868233430156,314953.2723924
0.0,0.4333664147390386,254728.59175005
0.0,1.0,0.0
0.0,0.41124574236417444,401639.29687228
0.0,0.349736964773257,521304.40934124
0.0,0.44373017198196696,718562.64300276
0.0,0.4113703031149602,619070.20697364
0.0,0.3912685887034032,558.1811924
0.0,0.28016498957483454,29639.820447719998
0.0,0.42436902649802555,465191.85508048
0.0,0.3588178366708851,489720.18545268
0.0,0.3866080797481637,461623.07594704
0.0,0.36054737330395453,671208.05376114
0.0,0.3930310196132981,550270.3100108401
0.0,0.42991131710521513,546209.44784885
0.0,0.4426121372031662,551119.5773272
0.0,0.41751053525378956,405855.5295263
0.0,0.4979151336767231,624599.80408854
0.0,0.46637475214805024,787350.13820304
0.0,0.41933514246947085,463604.2088592
0.0,0.46254122820794724,642790.8208916
0.0,0.48617060335332274,521243.79004216
0.0,0.40982293085489946,679853.5357008401
0.0,0.37934362934362936,458693.8915296
0.0,0.5716360618321402,703692.31103946
0.0,0.4161250328737273,611519.38520263
0.0,0.4865713836971886,924743.51760648
0.0,0.40877656685614977,496867.48035560997
0.0,0.3910105040306164,573688.7656808001
0.0,0.38144229835970106,544567.66888986
0.0,0.448493213710605,919560.8973226501
0.0,0.46619169955240086,299046.60547123
0.0,0.4385692068429238,945775.4356847999
0.0,0.47211110611712886,846829.8080646499
0.0,0.6396902314206784,1053696.7290626399
0.0,1.0,1474954.3252936802
0.0,0.3258691295634748,399644.48271033
0.0,0.5365969581749049,687850.036588
0.0,0.3096770469566221,366426.62845668
0.0,0.5657477667851311,761982.689853
0.0,0.5354036874229151,566781.6250572001
0.0,0.46349805401580374,688029.72187287
0.0,0.4434164504118244,626900.72670639
0.0,0.4812048487816824,702722.74667439
0.0,0.40505531217498186,479314.73256484
0.0,0.34692078133478027,497793.354394
0.0,0.3888107635589677,595324.37409687
0.0,0.4910211739480032,825826.62541968
0.0,0.3646159305739265,466022.05177385005
0.0,0.3682183987789649,572395.38502952
0.0,0.42057358076032797,703841.60686579
0.0,0.6760642121236323,890395.8817392001
0.0,0.34750823723228996,507704.41508088005
0.0,0.5284917873311632,823077.3647898
0.0,0.42077516352631067,510126.90653463
0.0,0.5124809520354111,801169.41135154
0.0,0.4462455950121984,351809.83559579996
0.0,0.4347571164726921,493924.10115041997
0.0,0.44564609360432594,579135.78913908
0.0,0.511778194705024,711658.1167016401
0.0,0.39466077197755484,704772.3844798
0.0,0.36786889742183215,583928.42769688
0.0,0.3635523650449554,565617.27978509
0.0,0.49454311143328905,769501.3355555399
0.0,0.40577165324273773,627835.8689261599
0.0,0.44998424424915096,521593.71815020003
0.0,0.7751040347385562,1478091.8097948201
0.0,0.26126496553392187,123049.81213185
0.0,0.3991112797030374,363623.90793978
0.0,0.4906504714719514,700487.34903132
0.0,0.33603784121144437,472022.27932761004
0.0,0.3531848783013982,631703.88292005
0.0,0.3217790639154504,409564.69083088
0.0,1.0,1119232.5312312
0.0,0.7445685636379629,1023858.5485628799
0.0,0.31597479614529284,406610.663976
0.0,0.40780276347873207,290100.4687307
0.0,0.3914267550631187,412218.29361522
0.0,0.3963308936825886,149939.91222384002
0.0,0.38078546960885845,322060.2792132
0.0,0.3611101674763053,519815.51414537005
0.0,0.353319587628866,317271.66094875
0.0,0.47281914598256425,382367.39899734
0.0,0.3493101976959181,349096.2626932
0.0,0.48652221392034023,453846.00050438
0.0,0.41202287538236465,732389.54958996
0.0,0.41383028914200987,548044.76646394
0.0,0.5092997376997059,710520.81583756
0.0,0.4448165201618529,550835.6420207999
0.0,0.4230080275990181,436876.97927075997
0.0,0.37879552830869095,624221.3472517
0.0,0.39920181210225436,606450.72390888
0.0,0.5864527015393092,702325.9215665
0.0,0.4460909252563571,348112.35711954
0.0,0.48851422550052687,614132.2159995
0.0,0.38756476683937824,611856.892398
0.0,0.4295260535362509,693882.16487569
0.0,0.4492902092785014,595815.3899490801
0.0,0.4292372881355932,835536.86739
0.0,0.41964317765732134,516534.88973583
0.0,0.42780922901478435,728029.7055747099
0.0,0.46371259216423305,558355.23296
0.0,0.43596030356100407,581549.77424115
0.0,0.464520131926983,662943.0155315
0.0,0.3758175711507866,572086.7544171499
0.0,0.504897470227609,728058.92138168
0.0,0.7019498607242339,1384463.2443287799
0.0,0.3629646732856153,646524.6463683001
0.0,0.5058031728590069,757546.13958216
0.0,0.5433449192394193,911410.4519134801
0.0,0.3699510627419473,491009.51430842
0.0,0.5186029815448288,823352.94698364
0.0,0.3875866184808196,428291.58660244
0.0,0.4280661951154411,463651.17719076
0.0,0.337824174022354,302458.05210733
0.0,0.580641082379718,767346.6088457401
0.0,0.44982698961937717,319983.23136621
0.0,0.3752810354256547,420705.38701214
0.0,0.4092275057450946,476162.26880105
0.0,0.5424759331194055,844536.49089508
0.0,0.4287675572922167,541923.88568013
0.0,0.5705668226729069,767553.4647009
0.0,0.40838427947598255,488457.08933374996
0.0,0.4507042253521127,790877.9704499
0.0,0.3459185960867198,388264.00115382
0.0,0.4191158045462681,651412.0957619
0.0,0.46698954881468263,761752.4685804601
0.0,0.44048213394194424,488087.64136448
0.0,0.540997946299536,859383.84121112
0.0,0.3748782862706913,509082.93501675
0.0,0.45863855636948364,492205.21629906
0.0,0.4470573034433749,616797.50913354
0.0,0.5615687992988606,749862.0361984
0.0,0.38509803921568625,471757.540257
0.0,0.46096070465330646,499795.68955255003
0.0,0.39377543470218274,77166.20062512
0.0,0.5198834853090172,657009.5907686399
0.0,0.4251642466736598,390218.0499945
0.0,0.4649789029535865,411024.3554655
0.0,0.614863075374755,1034027.55893688
0.0,0.35359400474814795,295580.1773827
0.0,0.429823606271777,365783.05789416
0.0,0.3857482185273159,498776.16023925
0.0,0.38240816998846977,526290.96410985
0.0,0.44601552293859986,679593.143102
0.0,0.47812903588073447,398775.98451643996
0.0,0.36552517596101786,578557.51953192
0.0,0.3785405885415072,377061.2204497
0.0,0.42878325337985174,812436.2094933001
0.0,0.5356356545260113,581489.62290906
0.0,0.5593693545738216,679769.6797465
0.0,0.48440024413887195,529162.55553954
0.0,0.4830268499880591,734337.62468345
0.0,0.45881954493672833,540428.41411377
0.0,0.6368756121449559,928155.0733607999
0.0,0.44116885135485207,279147.76055978
0.0,0.5662198391420912,794454.8064155
0.0,0.6532485875706214,731192.5532736
0.0,0.5464926590538336,513364.38509717997
0.0,0.6769777251535558,892337.97599798
0.0,1.0,79416.66665396
0.0,0.5722295353712642,773871.15343131
0.0,0.4022417934347478,695363.1354670001
0.0,0.525346462436178,762179.72457276
0.0,0.7856166256494395,931301.0566467299
0.0,0.47379963065558633,558726.49476864
0.0,0.4366777619274053,300153.89398626
0.0,0.45997191011235955,350780.94256424
0.0,0.45448835514910935,218940.95621545002
0.0,0.31663491132932725,312431.9468788
0.0,0.4478355652444721,466398.0714645
0.0,0.37849637037413064,234481.21261658001
0.0,0.40941479684657367,547623.59037152
0.0,0.3922864613596746,497654.31357543997
0.0,0.5479865930227069,894520.75753986
0.0,0.4703884652049571,479188.56465536007
0.0,0.3615369167949662,448940.18396508
0.0,0.49769899437531956,702350.83004352
0.0,0.41275443204202233,777263.08305976
0.0,0.36564228459877546,337048.34131861
0.0,0.5205085885445321,585205.98188256
0.0,0.47204921768190794,555922.3094469201
0.0,0.3974147001352773,485075.46280111995
0.0,0.4257003883714792,506934.97190303
0.0,0.528052805280528,853416.24868386
0.0,0.42819992388684514,414228.64691572
0.0,0.6634238616403189,1042588.43192286
0.0,0.5223774735796866,732308.9184798601
0.0,0.4786948440834308,605370.8520706
0.0,0.44212532994427606,183004.54298544003
0.0,0.5408121410992617,966226.1486703199
0.0,0.3121487005398186,309559.95994682
0.0,1.0,953293.6489046401
0.0,0.5259744270801161,559806.87113304
0.0,0.2785614493668034,21236.73407838
0.0,0.40587575527334563,659525.08717215
0.0,0.5522447584320875,783489.9245744001
0.0,0.4362306403498018,587598.1242866999
0.0,0.584355917417854,989274.3641523999
0.0,0.6263167736707599,995622.31422167
0.0,0.33992355707097094,250758.63236836
0.0,0.36960470261880385,515466.02813073
0.0,0.4458231890887196,315933.5594661
0.0,1.0,825112.2934471
0.0,0.4438016313553801,277861.94202369
0.0,0.4271101626315402,619020.5433973401
0.0,0.46678136095757533,657398.57593597
0.0,0.4216721227057049,506123.14044468995
0.0,0.37724383599916184,480279.48041079997
0.0,0.5506413938349608,729747.1859493
0.0,0.5774806426305557,687503.2548283101
0.0,0.49294149324922104,683274.31729667
0.0,0.34811472768288754,412050.0952403
0.0,0.34947674226667985,386630.06834853
0.0,0.5088917407645064,888841.6274476601
0.0,0.5360040176156996,614117.29962314
0.0,0.4367701863354037,809191.439433
0.0,0.5076891531679311,669061.9600614001
0.0,0.7060668710344336,776186.8771614301
0.0,0.3126849626912862,193060.77220055
0.0,0.27719250239430837,285840.95612625
0.0,0.6459904232483901,727611.10944648
0.0,0.3897102865609533,383562.71803094
0.0,0.3593644275414732,91723.22411358
0.0,0.6756489003368338,1052879.44875453
0.0,0.46388113610244625,726344.9399483199
0.0,0.3786898978053275,517194.46404009993
0.0,1.0,1855258.5588075
0.0,1.0,0.0
0.0,0.5497356081013669,653734.97699769
0.0,0.4927455357142857,609386.60885688
0.0,0.5145888594164456,939826.6685969
0.0,0.35137239245433677,-215730.11435435002
0.0,0.592004343989683,1309987.6898689799
0.0,0.34888238351891876,265996.51671803003
0.0,0.40483094507474454,285644.48937121
0.0,0.625,978486.6252716
0.0,0.35419103930186235,382506.70526652
0.0,0.3244411470597723,487961.04482987995
0.0,0.5532289283828964,1058796.41853909
0.0,0.45889497852170047,845585.9998946101
0.0,0.3657026510429652,-126750.0831264
0.0,0.4270982456991726,152197.69599377
0.0,0.4613925877066414,600593.1634297799
0.0,0.4097423226261913,573547.5699100001
0.0,0.3468044601577373,277722.8900799
0.0,0.3476920441894322,357812.76784623
0.0,0.44520048602673146,708511.5561564
0.0,0.3911675893306492,723434.06183796
0.0,0.5279475982532751,660786.8295214
0.0,0.402131752388761,476340.04434699
0.0,0.6107521453811207,735765.3561973
0.0,0.3737737737737738,463540.174389
0.0,0.38401400963162174,449161.47863266006
0.0,0.33010613512813874,232991.8282055
0.0,0.3756566995630186,181484.82943326
0.0,0.4566959921798632,695916.13838775
0.0,0.35975872468763465,455337.8454313
0.0,0.6114360474064953,863650.1490363601
0.0,0.44601265382743516,522414.24554642005
0.0,0.5528278927040897,675357.8097904
0.0,0.5187047071880917,655682.2212039001
0.0,0.33812452103699,-371032.71108738997
0.0,0.793158033594231,949502.4395280001
0.0,0.32617051013277426,387191.81612448
0.0,0.7042836229393419,917324.2280436
0.0,0.6682837601399714,810177.60862846
0.0,0.43795449214168425,615187.57055652
0.0,0.4063275434243176,136523.51022352
0.0,0.4697179999322929,429460.33166531
0.0,0.40665701881331406,484593.98111816996
0.0,0.47746772178259056,570901.9816356
0.0,0.40420099802715564,495430.83538806
0.0,0.39846552765247045,621857.43522955
0.0,0.46028521681452617,763271.4468893801
0.0,0.5612817304975988,780088.2332714001
0.0,0.520931814317293,745002.7942236
0.0,0.45858883165726433,794053.00272438
0.0,0.5392869171919357,903401.39874624
0.0,0.4359075026500726,654953.8324224601
0.0,0.5323025107164727,660821.5670112
0.0,0.4775412917953538,688588.92799252
0.0,0.4574688391357012,703752.79964286
0.0,0.40393970811069463,576024.737883
0.0,0.5064160491595879,756069.45985768
0.0,0.5182348520095916,575710.09719538
0.0,0.4138110072689512,442580.34541752003
0.0,0.41102591221575885,778394.9937192
0.0,0.6318874995361953,850580.3000867999
0.0,0.5036382903567644,787156.3754227
0.0,0.5182904612694017,780965.3293083
0.0,0.4472723870122579,595418.45063337
0.0,0.4759327143787043,512356.65837521007
0.0,0.5514157973174366,707479.92914868
0.0,0.4340623493036054,424141.31993823
0.0,0.440948783055676,570197.1522132
0.0,0.4855032060217452,605729.52464934
0.0,0.5483935342247056,871770.76504532
0.0,0.3265984431032975,332228.17017215997
0.0,0.3396763603614073,371020.43443573
0.0,0.3995434604272925,538988.50735564
0.0,0.45099085053132565,732970.33426341
0.0,0.40580453662647953,491227.55069177004
0.0,0.40045799341634464,485645.14302612003
0.0,0.4525210705308295,487878.54933794995
0.0,0.3750323942097664,523262.56877474
0.0,0.3477693955481047,384629.61379058997
0.0,0.42266033832298894,395974.0878084
0.0,0.3616119753811895,439711.6420545
0.0,0.4058797718297499,314283.20686665
0.0,0.9106292430844057,1476195.06893503
0.0,0.5932182234241731,1002476.48424385
0.0,0.4569849192293243,342511.78102313995
0.0,0.33749096167751264,437794.45348032
0.0,0.4487557641975822,804045.74650202
0.0,0.29182113597876336,38400.32795088
0.0,0.28586010666802764,201935.29694660002
0.0,0.46312697109776646,737383.9929543099
0.0,0.3857086316698449,597055.2758822
0.0,0.3523272122378421,436851.30251358
0.0,0.5566996829132751,645351.74197767
0.0,0.3961294224372543,89599.18875397
0.0,0.3344649091127964,112325.48826345001
0.0,0.6818158762363683,1263075.8667514
0.0,0.35630030347011477,229163.0222084
0.0,0.6307000642260758,1012813.4300426999
0.0,0.4119703537966718,420971.65401435
0.0,0.3296439874899339,-342110.59230546
0.0,0.8876862345600407,1442828.07164683
0.0,0.512960235640648,649419.9791948999
0.0,0.349625468164794,488472.1737839999
0.0,0.6038305876987973,1079754.39719647
0.0,0.3212779992543092,295325.39856516
0.0,1.0,1190630.8648186799
0.0,0.5818335803514715,912092.2467735201
0.0,0.5272761124557811,1071919.1245307398
0.0,0.35132380086508525,270653.83087491
0.0,0.3686622173523259,505819.46008076996
0.0,0.31598544469831596,290426.82667371
0.0,0.4519399493078573,508485.18048191996
0.0,0.3847346848343857,290248.43345316
0.0,0.38718211581070805,544302.36537336
0.0,0.4041125541125541,547873.7044032
0.0,1.0,0.0
0.0,0.3787863124160033,554253.5949426
0.0,0.47890214184942925,685202.89550517
0.0,0.5098164260010022,703311.21820488
0.0,0.36832255310766,516005.03774426004
0.0,0.49579091620986687,705410.8676346401
0.0,0.43703183520599254,585352.63498608
0.0,0.41855254313242213,628358.5868236199
0.0,0.38035211267605634,630716.949038
0.0,0.46861499364675985,571811.0252174999
0.0,0.4829236099653523,819493.35953348
0.0,0.460085128561501,830513.2000412
0.0,0.3461039362293765,396896.19517206
0.0,0.392261320622459,493257.1178672
0.0,0.4985872636383395,510060.8915337
0.0,0.5195939868945136,805635.5072495099
0.0,0.47077438570364855,531654.64211328
0.0,0.48407506702412867,799071.71649675
0.0,0.3885418051309318,517465.96857848007
0.0,0.41585561167919183,404555.90696924005
0.0,0.39344262295081966,821084.66424792
0.0,0.4455236654591776,760929.60463629
0.0,0.4207676980337607,563086.75331785
0.0,0.47129579004920724,641181.54667965
0.0,0.3833200893026072,505669.06949121004
0.0,0.3322556725493104,335861.08005415
0.0,0.49209383145091223,998615.40558405
0.0,0.3974138917496281,334761.30505475996
0.0,0.6561133864065161,1132455.36251096
0.0,0.47923068771855465,310134.12341128
0.0,0.4111777598338909,468363.20275111997
0.0,0.435346716928202,852555.0646151201
0.0,0.32106564130733317,239814.0784386
0.0,1.0,1604905.67952
0.0,0.2997226531283787,73656.48064866
0.0,0.3460183227625088,481083.13813770004
0.0,0.44117041853574224,702780.4031460601
0.0,0.5947411564411376,1028088.58069596
0.0,0.33822242261888974,224659.89006
0.0,0.37035757471065817,551457.13727065
0.0,0.3996865695032127,415562.2369713
0.0,0.5505641131317295,741368.27239779
0.0,0.8777879621142682,955092.37196475
0.0,0.6763882023397594,823956.43038462
0.0,0.35782821829333455,86149.17543655999
0.0,0.34850096164724514,34887.22785625
0.0,1.0,0.0
0.0,1.0,0.0
0.0,0.334208484993138,351988.97313612
0.0,1.0,1078424.30763072
0.0,0.43271186440677967,425916.17923199997
0.0,0.32867624321817107,324684.12492152996
0.0,0.40804076219724994,561803.16095838
0.0,0.3917738547156599,621136.80014094
0.0,0.7391538668822419,1117737.16093332
0.0,0.631820074968763,1173585.74162445
0.0,0.7208973679561915,1124761.42046169
0.0,0.4217779283858579,708543.83150784
0.0,0.3468667255075022,356012.3325372
0.0,0.36266511266511264,544044.77350272
0.0,0.38895833333333335,620378.0853479999
0.0,0.6187997107736805,1134848.11383405
0.0,0.7059370928717662,859486.95330372
0.0,0.33826820451024275,388037.11554204003
0.0,0.4025165881665349,601534.31806173
0.0,0.37786688051323175,511407.65326175
0.0,0.6501414737177699,914070.9864786899
0.0,0.4400930593253199,407406.17157184
0.0,0.38120193289321447,461196.78435128
0.0,0.3783332798511055,548083.0797550901
0.0,0.5560272014553644,1029395.71120327
0.0,0.41665241336845343,550409.5108286999
0.0,0.36263533464566927,469111.44114296
0.0,0.4377640680501028,665025.7280958
0.0,0.3416799918347906,571082.16146548
0.0,0.7308662741799832,1136361.76244586
0.0,0.339224662455815,383652.30973285995
0.0,0.7399946279881816,1043323.8501978
0.0,0.41170282334878167,371953.86418845004
0.0,0.4599745870393901,524812.0148544001
0.0,0.4410734411648238,438987.08334689995
0.0,0.5909301786128508,859921.9954075799
0.0,0.4275540765391015,569608.4554485
0.0,0.5504631524124847,806357.70397652
0.0,0.6330427563304276,1070054.00821278
0.0,0.6131303829695033,870594.7985762
0.0,0.7284445717559439,850193.3475461999
0.0,0.587842039800995,812990.59043328
0.0,0.5944342625639047,810740.52957128
0.0,0.4368096399368814,651253.97986616
0.0,0.35524698943229294,392315.93757568003
0.0,0.3503710797222887,439005.60981248
0.0,0.3938772077375946,600415.6266842501
0.0,0.43406630812172375,476517.64916664
0.0,0.4097367395386741,526228.60772762
0.0,0.46101748306819973,767525.2396796399
0.0,0.362839664248115,312685.35329565
0.0,0.41442042894099973,796241.6110381201
0.0,0.7724444444444445,1258951.2313950001
0.0,0.38658986407963214,234937.21040369998
0.0,0.7562637803166967,952792.84892124
0.0,0.369971596538741,443098.17907742003
0.0,0.4081186323145036,326500.10526618
0.0,0.7220756376429199,850492.052199
0.0,0.7241286429995152,1305910.30865871
0.0,0.5445940328099517,631552.91238395
0.0,0.43521219535146327,395199.1357866
0.0,0.4747918747918748,684462.1510626
0.0,0.7540702656383891,873168.6226914
0.0,0.4272644790564041,654820.95928124
0.0,0.3554303561039836,427553.37373511004
0.0,0.578098602365228,860369.5057269
0.0,0.8166411250338051,1203035.0346105301
0.0,0.26556707901203713,-103171.93599852
0.0,0.28432552954292084,4382.5987635
0.0,0.30215211870070846,289539.31197205
0.0,0.612616963477211,1114755.73230175
0.0,0.658405242327905,1106367.08620671
0.0,0.2604147465437788,57692.170880000005
0.0,0.5221309928274821,724164.19409664
0.0,0.23523290180243933,-108296.69931993999
0.0,0.6687416898344011,867791.5701853
0.0,0.31678168658475003,334966.7390646
0.0,0.3730059545688451,656251.8323074
0.0,0.3857579332667816,369411.69004154997
0.0,0.5999503880364293,811727.33656198
0.0,0.34578840884062795,188298.83193495
0.0,0.6358480674832007,1235337.03054216
0.0,0.42105552803918334,385439.20884612
0.0,0.42717298954600863,569375.30746406
0.0,0.5870054679961403,756324.48747231
0.0,0.819038642789821,1304848.5103926
0.0,0.31799663208213375,290891.20064162003
0.0,0.6961119245160241,1315106.62958844
0.0,0.3863909272848566,276650.139353
0.0,0.8193268186753528,1005565.1483839499
0.0,0.3774257143535783,125890.09478123
0.0,0.3595147436465067,400804.47912483005
0.0,0.32777155655095186,340811.2681376
0.0,0.5271519352975159,635255.13293154
0.0,0.3172937187146779,290847.00734250003
0.0,0.5074242238311449,569372.23438592
0.0,0.33227332661133946,226209.2192955
0.0,0.3729731451689975,497428.65787334996
0.0,0.35186236148033095,413333.34613565996
0.0,0.5528318873792765,907910.95767552
0.0,0.4286130112065202,663746.8733278001
0.0,0.42207129740286237,349412.2546426
0.0,0.39660056657223797,450095.14922262
0.0,0.3619160260201064,300434.59123737004
0.0,0.42424242424242425,327479.37271755
0.0,0.37763347339347103,385115.65910234995
0.0,0.4085596365275899,562029.24154119
0.0,0.682049541907024,843302.73793248
0.0,0.38949873339986185,705085.4893547599
0.0,0.3798462187327645,532376.05209093
0.0,0.6357381711957566,958549.1313796199
0.0,0.5366190117883121,1004083.6597680601
0.0,0.4535867045417442,474367.91392088996
0.0,0.4081370559679449,250923.99594659
0.0,0.6015277465738036,720335.2915715501
0.0,0.3416406013520331,582461.25490098
0.0,0.5416009463722398,939064.545262
0.0,0.3932199241218945,463604.7935328
0.0,0.6391894836226305,794724.5239754999
0.0,0.6551829735109478,1236636.98548155
0.0,0.6441750131787032,1148042.50801626
0.0,0.29536611248673506,186266.45601242
0.0,0.9112765315360628,1173479.2772463302
0.0,0.3136234372484842,273584.70719364
0.0,0.6929909681271926,1045514.24843151
0.0,0.27895174344839657,-25038.85863444
0.0,0.7581870151082074,1045184.5115613
0.0,0.47651888341543513,809021.8884287999
0.0,0.4057200344926703,525810.21226304
0.0,0.3737331756130311,520624.89656666
0.0,0.47402840059790735,858824.2719875999
0.0,0.26552331727945494,87849.6557703
0.0,0.4818145597358985,456324.14548802003
0.0,0.4022522790919383,368080.76003794
0.0,0.34695393759286774,352683.8201455
0.0,0.3639189357205023,450823.39591488
0.0,0.6363969242035884,1036413.5800662
0.0,0.3987298707189839,693735.03022956
0.0,0.3767780137735728,520566.6898311
0.0,0.3510160805796077,628724.2659925501
0.0,0.49944278256789254,465425.09949714004
0.0,0.52542625269898,799326.66096228
0.0,0.4354488571063721,741092.64805578
0.0,0.35802122522320173,318129.81382408
0.0,0.5579823820441656,1008842.14856166
0.0,0.29978606859910195,85208.1586305
0.0,0.2593451291437869,-140553.59036489998
0.0,0.3169537444386449,169731.42560283002
0.0,0.28092066017100814,150509.94182624
0.0,0.4022031922164596,621130.00907835
0.0,0.3210554142853546,195762.07669182
0.0,0.31200606787208535,150205.09838963
0.0,0.36189864840768876,630482.87462697
0.0,0.449822695035461,823851.7341515999
0.0,1.0,775173.6326625501
0.0,0.2582941978488108,193879.65897684
0.0,0.3104598158289228,448396.28877505
0.0,0.4825915834090221,597960.41813424
0.0,0.4061162479171431,443924.64863161
0.0,0.6391278924066494,942276.10567738
0.0,0.49583616862706975,649567.68615837
0.0,0.5237017627441639,715766.17915552
0.0,0.42523007307304245,417368.60558044
0.0,0.646575821104123,1054394.3851524
0.0,0.28075086448213404,264231.25457663997
0.0,0.29970117771137283,344933.28639102
0.0,0.5105497057292709,669170.5381574
0.0,0.410206175949249,628082.88483402
0.0,0.34114617896105964,250253.67342334
0.0,0.5655245967204373,1039356.01106862
0.0,0.43336425941998624,423718.83767317
0.0,0.27151328794201623,-17799.807101000002
0.0,0.781974817760106,947488.20615495
0.0,0.7856346196743252,1625906.0075163802
0.0,0.25629673945557885,-164423.5287555
0.0,0.5988815455007626,769564.0576328
0.0,0.6587769541778976,1048935.60650272
0.0,0.5633214676889375,770991.80851992
0.0,0.43726591760299627,574226.563176
0.0,0.46341041262808086,507159.14572832
0.0,0.5549277113128872,926826.26799513
0.0,0.38863778826168716,458914.13827525
0.0,0.8509895227008148,988998.21885987
0.0,0.35766565552556145,310216.42159887997
0.0,0.6833449776965658,823878.54632073
0.0,0.4148906571698848,401495.32055989996
0.0,0.4076613089999537,79244.03913012
0.0,0.2683435141933166,110323.8731952
0.0,0.6783369803063457,869292.0470655799
0.0,0.4284727021423635,607800.17883739
0.0,0.4651625482471847,569732.00249964
0.0,0.3649967469095641,557809.3073998
0.0,0.5347836202885062,732599.0125696
0.0,0.38198869391889684,504378.7939086
0.0,0.3759665086078004,-77479.54759764
0.0,0.49011991217699713,720222.0331390401
0.0,0.35113555162021937,443044.63207818
0.0,0.6361382302804897,735256.58166576
0.0,0.36066840529315175,430062.49917081
0.0,0.4734761686526123,414009.21872544003
0.0,0.6078016328999093,650514.0781207801
0.0,0.24721952044656828,-83022.44960484
0.0,0.5461443915994229,794179.69429166
0.0,0.44751442113385015,538317.72510557
0.0,0.37446778809241293,620041.97831356
0.0,0.3826338275948731,434129.75289183995
0.0,0.40700528308165895,790058.85359652
0.0,0.6125852356952268,840895.59527008
0.0,0.39911803981242816,396767.04879245
0.0,0.36848331220954794,756682.466688
0.0,0.5294513308350149,582290.9797164301
0.0,0.31828754424405864,509320.2922845
0.0,0.4711834462082073,314855.63020768
0.0,0.679456046624575,807914.5027942399
0.0,0.4051649305555556,683736.14866464
0.0,0.5072479643626538,593262.02635065
0.0,0.4701506770932672,586973.89169315
0.0,0.38961188861636126,333209.45584665
0.0,0.5463303465064484,1072867.89786888
0.0,0.4578218030454713,689678.80884819
0.0,0.49485521506887825,391227.0641765
0.0,0.2637714473360151,-138786.23994816002
0.0,0.839932838953407,763196.1030284399
0.0,0.4085550386196305,31820.61492692
0.0,0.5688264551687054,697105.82242302
0.0,0.6831801837794647,998757.3256956899
0.0,0.35076032651724043,306450.74814221996
0.0,0.3589940487617585,507281.14466064
0.0,0.4748750863224601,596952.96955162
0.0,0.46783161239078636,777970.066535
0.0,0.4834294796326819,453935.55182144
0.0,0.5559029328569302,796447.3288978799
0.0,0.6340796019900498,838349.2452744
0.0,0.41427192920520606,106618.15105461
0.0,0.5353578172569271,624326.6076394899
0.0,0.5436567674832352,675494.3108134
0.0,0.4842575745589748,695425.03760786
0.0,0.30789283128167994,388331.42855625
0.0,0.4739024390243902,729350.7534950001
0.0,1.0,1023343.98914709
0.0,0.4621062057363037,375705.90042155
0.0,0.49136887414249203,564510.33682769
0.0,0.2910326086956522,30211.6158372
0.0,0.7850738621808556,1015693.40238869
0.0,0.45863904474176376,450033.3020676
0.0,0.36191969216517617,673884.2568780701
0.0,0.41126938200163216,479852.47035575996
0.0,0.49047800822835813,656988.97908429
0.0,0.346875580603208,481077.66235332005
0.0,0.558783388574771,600544.60383264
0.0,0.3196718993070287,381379.0805703
0.0,0.43860139860139863,562768.0614975
0.0,0.3822213577125073,570891.95834454
0.0,0.42413701841279444,682581.64097591
0.0,0.3943601794488357,543813.34147494
0.0,0.42073061004138923,661680.4968488
0.0,0.3401815853800489,388064.14269532
0.0,0.790386521308226,1057387.54929072
0.0,0.4771030108773485,546649.9565672601
0.0,0.4959170400346871,729712.09525524
0.0,0.6708059410762114,907626.6911088
0.0,0.3456938907944748,409818.77950133994
0.0,0.5378390095862036,850544.79483015
0.0,0.3190362269309638,349125.42796128005
0.0,0.3090165905265689,128772.2052364
0.0,0.6178839016875569,863146.7156599299
0.0,0.2700851108542608,-92651.01885215
0.0,0.907072169925175,1185136.72805574
0.0,0.45126514611546686,912985.31909056
0.0,0.37679290894439965,528053.92504475
0.0,0.4646096500310623,804708.43459525
0.0,0.5320718215343692,496771.00635741994
0.0,0.5464589989350372,713996.1679968
0.0,0.45044399518898587,234845.34433393
0.0,0.5087024433783331,958435.72202552
0.0,0.3774642516682555,588744.274353
0.0,0.5765376907661477,1037377.76480775
0.0,0.40841943705977474,341782.96526925
0.0,0.33618939653581503,203086.62601336002
0.0,0.38908414306388256,523384.42848468
0.0,0.794051859829343,1030680.037959
0.0,0.3262799682726505,167408.79646767
0.0,0.6050750536097212,1295640.48386268
0.0,0.42960204794042356,641795.49137142
0.0,0.3885140749110971,548757.5718431299
0.0,0.47678873007373235,600587.8768596
0.0,0.510100231303007,620943.68181725
0.0,0.42948223350253806,565738.65202875
0.0,0.36539269214615705,472717.2154607
0.0,0.44659206510681587,857993.00754518
0.0,0.3596850518948582,-217830.37642916
0.0,0.6108904682274248,810348.35951064
0.0,0.6560303785989572,752970.90533868
0.0,0.4981887918176007,657347.3803039
0.0,0.49178823745297734,867011.5473640201
0.0,0.3818763883444401,399286.80277992
0.0,0.37579119909216996,227978.60164570002
0.0,0.5088906898031177,644139.03777851
0.0,0.3560589189705087,461674.90746912
0.0,0.5943467813329961,743466.91040424
0.0,0.4726167109263749,702289.70020035
0.0,0.5791718729803094,1066126.59936321
0.0,0.625211888348966,792648.37937648
0.0,0.4175187606968886,555498.3526954299
0.0,0.43047631907639333,550666.10912835
0.0,0.5376859087471642,682206.12285148
0.0,0.34896831043730503,309601.92941456
0.0,0.44288583543214205,474842.91668187006
0.0,0.3493491947008613,-289482.41217488
0.0,0.8825716802035424,973797.63977605
0.0,0.5003960516695101,514095.51788511995
0.0,0.45790251107828656,808861.70281644
0.0,0.43975040443725444,608129.3304201
0.0,0.39681812703386765,151640.82234985
0.0,0.38641971018521737,580311.03847806
0.0,0.47197118978052593,579820.4410599599
0.0,0.4045814734073843,613665.00655362
0.0,0.3885065381968341,447475.0181384
0.0,0.4565120698718208,571112.5208769
0.0,0.3847237009307278,601133.24909848
0.0,0.46620142874839987,596220.3305814
0.0,0.4672647688821283,431707.57841811003
0.0,0.446863378484758,344012.70458823995
0.0,0.4057074310246859,464718.05534186005
0.0,0.35456537014839,501608.45885091
0.0,0.4880401086914922,652635.53300955
0.0,0.36201057798409497,502983.58696886996
0.0,0.4186748965788955,534210.0828926399
0.0,0.4334001457725947,636246.85160592
0.0,0.399799347880612,481783.23818352
0.0,0.41591108511260605,617648.1496138801
0.0,0.4181254952813198,614184.8866803
0.0,0.5059995073718287,615740.18777784
0.0,0.4782377267329976,735839.39247003
0.0,0.3782470432700897,462708.02540547
0.0,0.43534353435343537,685860.03168384
0.0,0.4159846274286528,641437.0312427001
0.0,0.4350831002139213,569970.63162732
0.0,0.3761873856864712,396484.88657777995
0.0,0.43559542757922154,385120.9543209
0.0,0.42015262499680966,257634.15221400998
0.0,0.4172911417258418,515655.54381208
0.0,0.3925678458651778,496600.9872068
0.0,0.44789434863545363,612633.44824307
0.0,0.48516063233044365,641163.0587573
0.0,0.3724516618961388,407770.54891128
0.0,0.38602651813283284,352543.72875762003
0.0,0.44676619868807693,351932.61492240004
0.0,0.42962653652425814,274455.01646708
0.0,0.38762214983713356,388366.01972784003
0.0,0.42943256440478195,446685.6067756
0.0,0.41567246313009026,791362.52246075
0.0,0.38938838043785023,742078.85544678
0.0,0.39929859719438876,394553.63721063995
0.0,0.4717202305362899,924895.7456998599
0.0,0.38209384550847963,362008.63689187996
0.0,0.49548224416894304,954225.1227161599
0.0,0.3929738058551618,355510.06651699997
0.0,0.48386773547094186,981835.7912816
0.0,0.37712671211842025,439130.91896712006
0.0,0.45311418164303563,432988.93660869
0.0,0.43498480644735105,319099.4932203
0.0,0.42268076515073744,561852.80961399
0.0,0.42756717125975763,560043.9281514001
0.0,0.4525520545421043,652773.351096
0.0,0.40079129574678535,554438.36338275
0.0,0.4836245583882364,680789.0094741599
0.0,0.3757218406175916,449648.65990178
0.0,0.4041069844086703,448477.51851012005
0.0,0.36013932481053357,470397.46922810003
0.0,0.4029725769311283,578468.23912405
0.0,0.41871965073283735,573926.33646725
0.0,0.41183518035171796,592556.6209663
0.0,0.4560355449352201,515329.108771
0.0,0.4305358318035399,486201.74888488
0.0,0.5064786895933502,624409.6090605
0.0,0.44926600117439813,495937.449352
0.0,0.4778332576789227,546193.3449609
0.0,0.43376102391034416,578425.7348884899
0.0,0.47449259462424576,696351.22285016
0.0,0.4909484313018392,754105.2197514
0.0,0.37777777777777777,413472.6244206
0.0,0.38151478207863454,595278.80632128
0.0,0.3610248447204969,548542.83526808
0.0,0.42612571333361104,698027.7402021
0.0,0.4399716958880415,705138.9508541799
0.0,0.35916874480465505,431802.602874
0.0,0.39742679309912693,525644.30437838
0.0,0.4619118339551563,515005.40534912003
0.0,0.4131713287757113,494019.29222728
0.0,0.4017486180859135,646620.4494315899
0.0,0.3902873124841088,496148.17622688
0.0,0.4749924870132658,572212.6967076099
0.0,0.4714946070878274,596630.43180676
0.0,0.5282202216066482,633612.0515989601
0.0,0.44326288271522885,722989.4939636099
0.0,0.39442414783811586,587092.92956258
0.0,0.4117267209092083,458352.1906319999
0.0,0.5173131346762111,653692.75073368
0.0,0.48300411809869476,749770.18506148
0.0,0.38574959042567963,321978.73509032
0.0,0.3676657963446475,-121511.45113875001
0.0,0.46081803489287637,725707.06274487
0.0,0.5947688046025996,945802.1087269201
0.0,0.4213031683472386,254597.74622464002
0.0,0.5560256466175252,795460.4840779201
0.0,0.48664807841559116,449393.10831306997
0.0,0.3721150285925865,-148464.26860148
0.0,0.742735489654142,1210284.39072152
0.0,0.435424854316303,516868.70266136
0.0,0.5211636139756811,564338.62955685
0.0,0.36955057693171106,19771.29637584
0.0,0.4105739285184636,468184.9587812
0.0,0.42889233152594886,515931.14258559997
0.0,0.34897571014311995,464939.9668137
0.0,0.7786140089418778,793376.5770044001
0.0,0.2873044370351372,213719.5637152
0.0,0.538283955367449,791910.51247808
0.0,0.36348716602113834,399414.55874034
0.0,0.5100255195041925,795553.66927872
0.0,0.40809480401093895,643367.028146
0.0,0.5783792759880438,753171.8472300599
0.0,0.3086025263368116,142094.88796314
0.0,0.8134715025906736,990781.29913224
0.0,0.3177401943145016,178853.01569454002
0.0,0.7440758293838863,1129082.6687592801
0.0,0.36984293193717277,349528.21731225
0.0,0.291818138898069,73885.37745508
0.0,1.0,832816.6951132
0.0,0.29997573404513467,108158.6851535
0.0,0.3459934506983123,270465.47582057
0.0,0.602361968706912,1160291.4086802101
0.0,0.3178137131398308,212793.66126009
0.0,0.3767518218947706,516059.61328884005
0.0,0.5640753867046471,662416.86136646
0.0,0.48268609244344124,696919.1018836399
0.0,0.4774052478134111,424707.1519064
0.0,0.3998497335117748,107093.12742513
0.0,0.3694322882321204,334164.46879112
0.0,0.6572490024308582,1061618.42913706
0.0,0.3826451412604781,376773.03704100003
0.0,0.4611096561786823,558670.3122433401
0.0,0.365735007960375,-9027.18105632
0.0,0.37529497186422217,38100.47659968
0.0,0.4285973413490192,271168.81171159004
0.0,0.5009460311739796,857539.83942302
0.0,0.3736925724877532,403469.95961280004
0.0,0.3468085881966974,457491.58476835
0.0,0.37917978558048704,479994.58094846
0.0,0.48202608202608205,552412.9651165
0.0,0.3721055673280678,677634.5592919501
0.0,0.3522457322799845,304578.57900374
0.0,0.32775999455152216,412789.2750602
0.0,0.4083670202664207,291153.81619708997
0.0,0.41401592112713587,438462.44241461
0.0,0.39943432710900745,433190.88950423
0.0,0.3538156590683845,317843.22140027996
0.0,0.4388397196500742,561762.82424593
0.0,0.388035176338131,419789.32216149
0.0,0.4143623070674249,507871.41405225
0.0,0.5497515312608344,740744.3427898
0.0,0.3632634457611668,358914.21146703995
0.0,0.3776013975391159,642905.3131415199
0.0,0.4478253993357583,605231.3257404
0.0,0.4370025659983473,769751.43096526
0.0,0.4703181057163358,856090.9945878
0.0,0.3923821615616569,423025.35560270003
0.0,0.3896330347943251,696682.526543
0.0,0.45488666470415073,557789.63760032
0.0,0.3770995800839832,661451.1739299999
0.0,0.3987496135481433,518981.42680759
0.0,0.48306906745498523,512778.0682572799
0.0,0.45909170204105365,453685.14231684
0.0,0.37603564714892435,497508.78030724
0.0,0.41437903830364475,596907.96627293
0.0,0.4427593556584826,645182.3104276
0.0,0.39693049472004344,552461.9377062
0.0,0.427718977307374,653940.43318881
0.0,0.5197224087754645,843881.7721468499
0.0,0.41956032004971644,559690.76627142
0.0,0.37840400143842556,394889.54468299996
0.0,0.44017618198037467,369676.71129199996
0.0,0.42862385321100915,481786.36530500004
0.0,0.4264705882352941,763078.4340608
0.0,0.45560766234798505,533282.725521
0.0,0.39643276570757485,694190.02343432
0.0,0.388728764707877,423519.66746934
0.0,0.4713120118678825,875711.27681346
0.0,0.37796243008180025,403263.93217998
0.0,0.49904566826497837,922770.8105638099
0.0,0.4102544625902013,572124.5339215
0.0,0.42933472601639083,590203.69987612
0.0,0.4723405832005632,653567.45394283
0.0,0.4602189080202266,404522.18079338
0.0,0.4619542904064596,504501.16167048
0.0,0.4311534040107293,453605.12109967996
0.0,0.5003149664653351,600294.93633208
0.0,0.5280832909311519,629429.8259718999
0.0,0.44047970697701894,493394.3972967
0.0,0.5914251430681189,824903.69855208
0.0,0.49385252692626347,666589.22968875
0.0,0.3938939811103754,563137.26088223
0.0,0.45142720076757015,693799.84031172
0.0,0.37037315113747277,526353.19691278
0.0,0.36717455573243235,500793.99076738
0.0,0.471704678455066,602299.31583789
0.0,0.47991296915067216,581396.15282422
0.0,0.3797664442326025,398347.90818903997
0.0,0.37266123706801674,-18055.795877099998
0.0,0.4584985705063174,790682.5124165801
0.0,0.44077173086231936,550533.5282508001
0.0,0.4151137701059239,177485.66114552
0.0,0.4124016869941867,47400.27584195
0.0,0.4338092768025335,356538.15225765
0.0,0.4669116162635765,669505.13249203
0.0,0.39182135198943013,-47605.07548909
0.0,0.6181447897977985,912498.4599944501
0.0,0.36666193728844476,-184665.90214205
0.0,0.43736069343711304,519051.9383115
0.0,0.4161524125077656,722423.7071771001
0.0,0.5425737359550562,720341.7622604
0.0,0.33916154728954295,525058.4753452201
0.0,0.7398046013236684,843644.27202205
0.0,0.547664468305445,880919.5689565701
0.0,0.37561909391996595,371961.42309788
0.0,0.5153084773578133,863584.78421194
0.0,0.45067444403937296,566078.8090349
0.0,0.31756481394401076,451031.4834762
0.0,0.5292599420595206,999373.9821527
0.0,0.391059295861643,710907.5145972801
0.0,0.8971428571428571,1256242.017004
0.0,0.42124262408885804,454843.4367441
0.0,0.39013093110616726,525681.59258111
0.0,0.4876014221898076,725744.8190226
0.0,0.6452493508222917,892824.7509755
0.0,0.3770771078280783,289186.05771021
0.0,0.6242648660422566,1030379.38591025
0.0,0.4628093507918009,524718.53437268
0.0,0.40560033941450996,437523.98001765
0.0,0.3692546518701882,-110607.09262319
0.0,0.4289404425382591,170790.41119896
0.0,0.4977471776439022,913925.78902249
0.0,0.34386941967591905,377238.23870463
0.0,1.0,1321740.0
0.0,0.41785319927936304,370330.67718268
0.0,0.40445696721311475,256315.9672292
0.0,0.38398316786113484,491955.72018274
0.0,0.5469090172649486,795647.8085227
0.0,0.5362310926664119,788970.2383773699
0.0,0.3428454116197906,384003.57419339
0.0,0.6737404070737404,929913.9528141
0.0,0.6088806409269905,934571.7885807899
0.0,0.5489991036749328,642575.4863536
0.0,0.48243164252776516,273152.42206342
0.0,0.4127920698607505,371623.87795904
0.0,0.44692267227774857,489139.88725455
0.0,0.5339009356569554,839941.51919475
0.0,0.3767335016023369,268967.91362639
0.0,0.6248571791291101,537071.97285159
0.0,0.5136507694070029,632019.36639647
0.0,0.3905389129487738,199380.71495642
0.0,0.5067394225679033,526494.07591846
0.0,0.4903899981339802,509148.0629686
0.0,0.4027600306670074,272708.43652071
0.0,0.557481083719795,959494.4525527001
0.0,0.3847228218085782,186584.21394844
0.0,0.4071599337951327,279191.58840406
0.0,0.5507574684978055,655580.65848093
0.0,0.514057520874511,541314.75541101
0.0,0.39481711745736614,247800.20056857998
0.0,0.5958895780128907,705520.0793143801
0.0,0.44675236230526943,338896.69021881
0.0,0.8393141572191511,455719.63301337004
0.0,0.4295884702205244,350626.2267843
0.0,0.4255038613674892,361510.19881788
0.0,0.46743978590544155,462030.56266068004
0.0,0.4262473929087117,438702.97136395
0.0,0.4420387911592242,411057.80520255
0.0,1.0,158796.458319961
0.0,0.6376887038001041,773168.37743472
0.0,0.3758483501053124,188398.58185377
0.0,0.4249053428691628,301059.8425044
0.0,0.47307249310669786,495359.62475059
0.0,0.49393243686454574,492206.10550001997
0.0,0.4310109072407543,431650.86775042
0.0,0.3957238352809103,163882.91901734
0.0,0.4417717805808155,417432.89270655
0.0,0.4519754170324846,459281.549926
0.0,0.5352266521026762,614302.704603
0.0,0.43587842846553004,378996.62023575
0.0,0.4904820056030458,492353.34983522
0.0,0.4713200166725448,490651.82006736
0.0,0.35651624675415816,77937.59804616
0.0,0.45392202912165336,402935.57368545
0.0,0.677896184255758,1052336.82473535
0.0,0.4538778434533405,410707.43254458
0.0,0.5548902195608783,731769.174864
0.0,0.547636960536215,573834.56040638
0.0,0.45906944490308094,531313.55740809
0.0,0.5987949118500335,847220.6974188
0.0,0.5659694847655706,737385.95931081
0.0,0.5488128679724478,737370.4081355
0.0,0.6632484287131988,1094115.8729892601
0.0,0.6792280345352971,757238.4855671
0.0,1.0,517327.71597441
0.0,0.5506892102940177,1005544.51021794
0.0,0.42337335339454046,340233.1081044
0.0,0.673272383676388,1003278.0604654499
0.0,0.6801982781111401,1031012.9002535
0.0,0.4959018081469583,782982.12095991
0.0,0.4788234870057312,433766.76489094005
0.0,0.5025008723973479,706038.27525885
0.0,0.856749081189442,319570.0797988
0.0,0.746006287290691,569073.77685953
0.0,0.38797656270527336,239695.22897386
0.0,0.5163714439076758,522146.8674558
0.0,0.5893186003683242,661168.56871485
0.0,0.5891396648044692,907254.99551375
0.0,0.5480856882406563,673229.6441184
0.0,0.6481713501581051,1105391.23447758
0.0,0.6238941457035156,1006786.42397259
0.0,0.899616591146741,1058228.50714266
0.0,0.3808091926866593,211752.36610032
0.0,0.5288090778891704,646703.4710907
0.0,0.4947111472742067,427952.76844320004
0.0,0.43222781935183296,356525.03608367
0.0,0.48261597557372204,487452.32493924006
0.0,0.8347639484978541,506801.7594354001
0.0,0.6956366237482118,826543.87518528
0.0,0.6094659579853202,855996.7298652
0.0,0.41168996188055906,374735.78732716
0.0,0.40018075011296883,358933.12876905
0.0,0.6502904033676133,714018.30792015
0.0,1.0,404458.22822804004
0.0,0.48409314529353886,502475.62782438
0.0,0.30472455885143257,-66543.04319343
0.0,0.6157458563535911,657833.4688248
0.0,0.5472250050090163,706083.78018095
0.0,1.0,685309.80681684
0.0,0.39204344233266436,294030.57366424
0.0,0.37274005624748896,170016.72593584002
0.0,0.8283166109253066,658590.74010405
0.0,0.4436160845318462,344936.7893795
0.0,0.647174372922333,470905.0570323
0.0,0.5413533834586466,534942.73407447
0.0,0.3935309973045822,220919.2850718
0.0,0.405989058450907,238944.76443222002
0.0,1.0,844080.0
0.0,1.0,326749.99998693
0.0,0.4193169162232397,326461.36749076
0.0,1.0,0.0
0.0,0.5712189754248685,759679.6541675699
0.0,0.4320688555945171,307410.8313608
0.0,0.5754276827371695,938394.00957732
0.0,0.4997195737521032,328917.36525405996
0.0,0.6921241050119332,1062300.59352774
0.0,0.46719092432641485,422871.94626992004
0.0,0.46978202230808486,595548.5841346
0.0,0.38111573501293444,252735.76290928002
0.0,0.7323207577984648,1033131.78838188
0.0,0.8113612746795982,1115250.26139665
0.0,0.40487498879827943,352727.62166403
0.0,0.4797507788161994,546339.50642565
0.0,0.4933129147524247,507684.91685355
0.0,0.5144986690328305,560863.45541125
0.0,0.5544463568559954,641231.6473089
0.0,0.5372388917515557,353993.79562518
0.0,0.5028007567607672,432721.25244777
0.0,0.4743765953269193,436001.09535491996
0.0,0.6055572334642102,1007376.11652114
0.0,0.528458942632171,423726.40750830004
0.0,0.5096733929685875,588420.50005386
0.0,0.6144838767789588,722760.38777444
0.0,0.6074627751082636,952200.1461030301
0.0,0.41186954197112813,393120.91807302
0.0,0.5426170468187275,730188.54268362
0.0,0.8688135852520462,192863.619443397
0.0,0.42794415672145913,328059.86921216
0.0,0.46549583111584175,382674.21303888
0.0,0.3503938865040804,72126.90986852
0.0,0.4426985482493595,390739.2034686
0.0,0.48531922729251065,574774.57051395
0.0,0.4362934362934363,541188.44060292
0.0,0.5604431410883024,856423.3276755
0.0,0.6652336961492729,1162678.4854905
0.0,0.5636007827788649,714316.2042037499
0.0,0.7383116883116884,717566.2745316001
0.0,0.5643860861552638,684806.4970461
0.0,0.6005557842733635,810210.9822371199
0.0,0.9241373254895074,1602756.34292552
0.0,0.5178496681217485,987570.14689106
0.0,0.4963106796116505,294426.93539775
0.0,0.5393437862950058,857426.0425848
0.0,0.5598366708657313,794317.26071006
0.0,0.7045566705050172,1075742.47615296
0.0,0.4744874075461099,478050.39324672
0.0,0.5357979471016653,813642.91169186
0.0,0.6175085117298633,902914.09483668
0.0,1.0,0.0
0.0,0.7354473126896,785320.71788484
0.0,0.42995248238571193,299398.56725196
0.0,0.6137757284783952,1017790.0290851
0.0,0.5742565141331369,348493.04130856
0.0,0.5783335337261032,695537.9099166599
0.0,0.8321352244025646,624336.3941474401
0.0,0.3719292755437334,225574.65341718003
0.0,0.5200731891077387,626787.0131074201
0.0,0.5455239064089522,654996.78293472
0.0,0.47246963562753036,530700.4720127999
0.0,0.5230944070135563,613891.47379076
0.0,1.0,0.0
0.0,0.35627211954384586,183618.2249562
0.0,0.46078806426931906,416134.72498944
0.0,0.6432103998869577,436979.39330889
0.0,0.39012175114411535,276774.38489415
0.0,0.5927937100514735,829205.72280987
0.0,0.5964894882982943,952145.46471424
0.0,1.0,0.0
0.0,0.6225183951131473,857493.0848224799
0.0,0.5340560923874617,653446.94900274
0.0,0.5392467441041887,478155.99705795
0.0,0.4380232795589136,481989.66310032003
0.0,0.40993225260101623,342470.40309056
0.0,0.4826195278206193,655700.11790547
0.0,0.6236857197476582,400824.05380368006
0.0,0.6205466340529618,720847.78998428
0.0,0.4914432683747156,517418.40456825
0.0,0.38621986664387076,277682.18731422
0.0,0.4819464720194647,456603.52685850003
0.0,0.5418591757530955,813601.99612864
0.0,1.0,230062.5
0.0,0.4119346080526833,307970.8414546
0.0,0.3935425800644581,313862.99579695996
0.0,0.4679580014482259,424040.75890176004
0.0,0.5751331326695994,728567.23401642
0.0,0.4062219025355152,301827.47802311997
0.0,0.6310807257428346,877891.5536788801
0.0,0.5551195148055654,734406.10732242
0.0,0.38948058331967883,269132.52280068
0.0,0.6124352331606218,588286.8281471999
0.0,0.41014006707437367,408771.59718251997
0.0,1.0,402804.375
0.0,0.7131044519415228,741425.6750300401
0.0,0.47099560918145145,330845.28846362
0.0,0.3916482125909522,243754.35164712003
0.0,0.7105204377931651,976003.9199268799
0.0,0.48627094336982757,524381.1669603899
0.0,0.571855417686849,816143.6757675699
0.0,0.3283798477709315,101723.2092291
0.0,0.37163773957390805,247897.94404116
0.0,0.38550443665647605,162220.19450931
0.0,0.43617981585123666,357939.28922652
0.0,0.4735942898363643,337559.6650128
0.0,0.38965188631649755,274269.75187216
0.0,1.0,416292.81968897
0.0,0.665236470014627,623552.1443062
0.0,0.4536128456735058,552692.2863696
0.0,0.5701153267591509,666889.78683912
0.0,0.6751781472684085,720874.80627072
0.0,0.6879354602126879,935482.2946266601
0.0,0.39173959579424544,389438.76639278
0.0,0.5325222274216191,325629.05670024
0.0,0.3764803656762934,192381.0021168
0.0,0.48932074433953615,413644.38159765
0.0,0.5348207998220971,596648.42637795
0.0,0.4186856230958944,374164.43678355
0.0,0.9257986946066644,1264671.96655032
0.0,0.482089885490096,479405.15403212
0.0,0.4812300319488818,422050.1084856
0.0,0.6239410328818265,1011133.2273495999
0.0,0.8023938400548906,1509343.82420344
0.0,0.5469028751607684,826421.80903897
0.0,0.46318893315348664,502849.85558886
0.0,0.5166258312915646,495033.74550683994
0.0,0.3383660159914236,6845.22509838
0.0,0.5778382053025153,782173.77684876
0.0,0.5047344586249486,604761.2445747601
0.0,0.5947700791603665,714930.9039999399
0.0,0.5421376974248051,488453.69126984
0.0,1.0,1403583.1079804802
0.0,0.5092289566697211,650207.1991119
0.0,0.47085670818674524,296157.49160391
0.0,0.8099985339393051,849218.86073802
0.0,0.4390987633406742,592582.42709455
0.0,0.37165160669411323,236099.69559766
0.0,0.4914625092798812,580596.1309376999
0.0,0.6361963784254866,659667.72176648
0.0,0.6359316810068062,378697.40753988
0.0,0.4910801393728223,363186.518287
0.0,0.5397916285870956,625526.18019525
0.0,0.35030915183839145,85135.88579028
0.0,0.4704340451777041,627106.66830266
0.0,0.3608467236717737,-19093.631101050003
0.0,0.47022428460943544,386301.75296795997
0.0,0.39516493447808404,294390.51661712
0.0,0.4197338448627263,422595.16841192
0.0,0.74579795529371,1012449.06240093
0.0,0.424000817745068,514373.45335830003
0.0,0.3961470789968091,285180.39385741
0.0,0.7128237927726255,751007.84672262
0.0,0.931185144729656,779938.3128257401
0.0,0.5993547363410378,1101349.9159252301
0.0,0.40292694441166055,416567.95308284
0.0,0.43347083087802,453732.78881700005
0.0,0.5054315133930151,640047.56300579
0.0,0.47575316384813526,533388.303903
0.0,0.34202627564828025,135416.17987464
0.0,0.5074419932308445,607486.99213527
0.0,0.5391215451458615,567752.77912705
0.0,0.3865121728941544,212235.4286936
0.0,0.7238995998544926,792634.26362808
0.0,1.0,696294.4148196
0.0,0.5717724041969088,615858.51359928
0.0,0.49315927711788,709429.1894275501
0.0,0.4409480183230432,350522.67161262
0.0,0.45126881135985325,481968.45735599
0.0,0.5672436750998668,468489.35534075997
0.0,0.5620136186770428,653601.63561
0.0,0.5603411513859275,639721.3184155
0.0,0.44616159919368387,688800.12246656
0.0,0.4593996403375294,371167.80754556
0.0,0.5475859328432346,772232.77805965
0.0,0.5425363574711778,740054.8083544001
0.0,0.44246290028638374,453898.59192256
0.0,0.6244280511719115,733943.56276644
0.0,0.5701390288132178,345364.61284380005
0.0,0.5639840841997176,710606.09271204
0.0,0.5332768122085629,849645.5687039001
0.0,0.46935125467454336,929231.2580766199
0.0,0.5947994250620672,689906.12169222
0.0,0.4684301368763296,630236.293884
0.0,0.4850480931172574,675700.55331325
0.0,0.4513910213105693,457052.57636792
0.0,0.4321565291365376,327628.7638404
0.0,0.564928756476684,511719.25325688
0.0,1.0,720003.64531095
0.0,0.5177332441094636,597567.22017474
0.0,0.6130108423686406,774973.3190128001
0.0,0.7845855281397283,829209.73116904
0.0,0.5982979950959181,251516.07342072
0.0,0.4047923322683706,247282.43079840002
0.0,0.39571337172104926,247561.13423807998
0.0,1.0,235338.1435341
0.0,0.36425206124852766,141652.42429896002
0.0,0.716239215916427,525948.8957329
0.0,0.3975229184131534,287861.86592306
0.0,0.4444444444444444,618613.2107001
0.0,0.5163117591524179,510996.34092969
0.0,0.4945570758014581,461780.96780693997
0.0,0.5525733859428522,543569.02962866
0.0,0.8633248326426523,898580.6262619201
0.0,0.7558494404883012,697038.8024943001
0.0,0.7497014161405904,1023522.1000122301
0.0,0.4376963965815982,406356.34446169005
0.0,0.7483837148348769,1015301.85269196
0.0,0.43498477356822424,417167.75496737997
0.0,0.524453915823122,622687.72134465
0.0,0.8155120481927711,317417.31183588796
0.0,0.41311108346809305,304090.06362748
0.0,0.49596936719064894,440387.49200292
0.0,0.5822784810126582,640768.84349016
0.0,0.6051151822963904,729231.81611332
0.0,0.4544108313941189,569696.8705875
0.0,0.4400629454781079,736038.88197336
0.0,1.0,76100.625
0.0,0.4353374412075692,566497.79882868
0.0,0.5688980048480328,380562.17997728
0.0,0.58777633289987,748951.68176937
0.0,0.48980920222936414,733694.24161362
0.0,0.48538478276637415,645863.8067715
0.0,0.4837138613519395,612253.27435866
0.0,0.5064236971522245,486137.34893565
0.0,0.4866112311806293,481803.41084689
0.0,0.6527086383601757,724777.741803
0.0,0.4982558336437837,679098.22955179
0.0,1.0,279180.0
0.0,0.640614472443067,790692.4534080001
0.0,0.4470962093453095,351225.19286267
0.0,0.5028679398070045,602689.32657514
0.0,0.43005679335954566,327956.31745740003
0.0,0.4806640625,324203.3464824
0.0,0.4990677192843258,759018.91548214
0.0,0.47115517958674247,382454.61494268
0.0,0.4556506362689065,458061.60278892
0.0,0.514113357043173,872184.33189111
0.0,1.0,1656875.40082008
0.0,0.4551280085850069,408193.851234
0.0,0.5162935224284918,806694.24885608
0.0,0.5761080699276002,413428.07011316
0.0,0.4878817733990148,263435.5070415
0.0,0.6799395853357133,773755.46423595
0.0,0.34086525213557456,49305.629630400006
0.0,0.7892356399819086,1092226.5225333
0.0,0.5006039076376554,726335.4386375
0.0,0.5558097341642344,838473.7752175401
0.0,0.6660549297557271,1147951.65627246
0.0,0.4469189551239116,323658.44060304
0.0,0.39791278419679466,160031.16861330002
0.0,0.4882613583757688,429879.5238701
0.0,0.41363373772385903,492479.35022772
0.0,0.4094501289410199,294940.98152334004
0.0,0.45074819313901804,426743.59933348
0.0,0.3782038794422954,205997.29358882
0.0,0.42215654495185434,402346.05109998
0.0,0.5077192861809304,593401.16065252
0.0,0.6721052363228471,901642.8753062801
0.0,0.46595811848889823,496752.36685878
0.0,0.5072174106151455,835992.8342435999
0.0,0.4940852431229916,564405.82409953
0.0,0.5870789026896613,650001.24972502
0.0,0.633049992796427,850887.4036828801
0.0,0.5495143463213129,426262.34670924
0.0,0.4798877924159695,874929.3628438801
0.0,0.51488109143578,812941.18592463
0.0,0.5113817962285593,616859.10013321
0.0,0.5923727687469549,487054.82636799995
0.0,0.4235420585864015,281238.66086913
0.0,0.4394188171876452,307952.85121465
0.0,0.5830845771144278,743154.5038131
0.0,0.4768517037274036,486634.16758664994
0.0,0.5247430327434566,389283.27118842
0.0,0.5587467362924282,658384.5601635899
0.0,0.6573570483610172,827019.36180066
0.0,0.42216747192269544,303146.31139019004
0.0,0.4300383231430828,384378.98749224003
0.0,0.4836013875748975,705107.6711894401
0.0,0.4385171491763774,361852.77298555
0.0,0.5018864076679922,346210.03673613
0.0,0.539010583312823,641695.4922642601
0.0,0.6906954588758336,472369.13584032
0.0,0.46319179702905217,353952.3929274
0.0,0.4785646836638338,460660.1812218
0.0,0.8302927106138004,175467.701900484
0.0,0.5412154414575105,582302.27755524
0.0,0.391196242747951,370791.60335562
0.0,0.6049667526122947,534795.35381103
0.0,0.49209037512161724,679945.56505811
0.0,0.4550665680473373,366601.44139608
0.0,0.8645232640808911,397510.51645707
0.0,0.3993355668796982,232821.35129070998
0.0,0.4492375816876763,651503.28566933
0.0,0.4740441105653472,409285.31626386
0.0,0.46179277982189515,871055.4270174899
0.0,0.5241951569792955,507255.4902982
0.0,0.5201264488935722,838445.732279
0.0,0.46382297277624107,415743.24389728
0.0,0.5867533161221401,714665.02040864
0.0,0.599290780141844,735585.5875338
0.0,0.6468423377005741,969156.89523078
0.0,1.0,925596.8751244501
0.0,0.41919827431242135,357467.36323662
0.0,0.6692536069586957,933073.13723176
0.0,0.5960920108830077,652347.24525174
0.0,0.6143482654092287,772706.35664784
0.0,0.6435762584522915,1043599.6203728999
0.0,0.5265360790222668,813643.9838090399
0.0,0.4801677093038733,551546.99180096
0.0,0.595357242146233,722412.81197442
0.0,0.5450961496342371,386855.17071174
0.0,0.5694941236586613,537909.14795772
0.0,0.5032258064516129,582363.8723905
0.0,0.4342843779232928,314750.28552584
0.0,0.8348623853211009,179449.618557528
0.0,0.5188146345702616,710383.10010822
0.0,0.4249046132500867,367760.76044076
0.0,0.6283595922150139,232247.65922593203
0.0,0.6470185058259081,788157.2583297
0.0,0.7101099490480022,942564.3993759
0.0,0.50152149106124,508161.80067456
0.0,0.5408748453840099,635841.88662015
0.0,0.8339284297389511,397053.1741728
0.0,0.6513202437373053,745063.0249368
0.0,0.5117865307499156,699084.7613591399
0.0,0.4651914068809562,532606.3440404499
0.0,0.4086338651293739,251130.90487695
0.0,0.47878211227402473,721091.4866575
0.0,0.9091864620559176,1315689.9437572001
0.0,1.0,1410263.3334709199
0.0,0.8131121327203678,329362.72513092
0.0,0.6600442754157916,490479.39581215003
0.0,1.0,92700.0
0.0,0.5158261151137375,401784.18394694
0.0,0.45602232877692694,376020.27766446
0.0,0.6780571892111134,614018.6467198001
0.0,0.4201918955455175,315040.65270000004
0.0,0.43417440188259904,327212.99865072
0.0,0.4376523919090628,323401.44374704
0.0,0.4333002510362543,318838.72606548
0.0,0.47651311423881537,388776.06631123
0.0,0.4629996042738425,444163.6294175
0.0,0.49465184120407557,551575.73626407
0.0,0.4759773809039502,559083.87046883
0.0,0.507954272923495,329461.0599422
0.0,0.5025093347251777,502495.02917623
0.0,0.49630255651806465,423251.94499710004
0.0,0.5636267791249341,612044.2992279
0.0,0.5335861862461323,661004.20709624
0.0,0.4017398181099249,244946.10979080002
0.0,0.45823389021479716,499840.591449
0.0,0.4416871729109625,406592.3479221
0.0,0.46884984025559107,535579.7413848
0.0,0.4692581152747829,411685.37565274
0.0,0.4888740475395404,454473.14586154994
0.0,0.6186699206833435,951318.66058644
0.0,0.4651679480808022,460829.00097042
0.0,0.4524563093436081,599142.84557876
0.0,0.4441715051362215,349658.52964552
0.0,0.5093738945879024,662788.9617796999
0.0,0.47641692966149324,764482.06999083
0.0,0.4818148358818215,567045.6206702701
0.0,0.4972547394592355,595488.02359851
0.0,0.43490014530463283,481933.63588776
0.0,0.48351353166342087,606054.6831089801
0.0,0.45205199754985365,331861.27647598
0.0,0.5567010309278351,386336.86182762
0.0,0.6460176991150443,574304.23412568
0.0,0.4309518374800274,585007.08293208
0.0,0.5877560008808632,623071.9757889
0.0,0.4586133316347654,486837.89442406996
0.0,0.46338448112864516,415629.30002932
0.0,0.492826482075873,536433.46705788
0.0,0.44814247947683317,311632.10657530004
0.0,0.5067107924250781,663035.4263367
0.0,0.417890870933893,319854.51406384
0.0,0.44808045933876234,443874.15177018
0.0,0.4777700590482806,371540.708936
0.0,0.4846786475784344,511370.48872530006
0.0,0.49212262055295447,554595.23460098
0.0,0.42995951417004047,428884.0515072
0.0,0.4725804863640839,518643.67877369997
0.0,0.44840256585912686,428630.99938741996
0.0,0.45598349381017883,385955.57530704
0.0,0.4378758363682561,319877.89644015
0.0,1.0,308853.49828497996
0.0,0.33645120111407684,57558.686131400005
0.0,0.452778142650729,316896.0100076
0.0,0.38030275205288977,191303.59954768998
0.0,0.4630953176140538,463393.5540967
0.0,0.3420030968784363,12811.58384092
0.0,0.7493069993069993,1132779.18744048
0.0,0.32181092552315393,-74192.98248093
0.0,1.0,1111676.0437970401
0.0,0.45265937382119953,505859.07214248
0.0,0.47044925984717045,367241.18698050996
0.0,0.4776647501105705,693466.8654102
0.0,0.6479978354978355,1021517.71854888
0.0,0.3454450665276424,27635.04567601
0.0,0.305367984451079,-152189.20169614
0.0,0.4460659126839353,674539.2062512201
0.0,0.6665124349334876,912112.7138414999
0.0,0.39101541099969034,121925.7431343
0.0,0.4400718440876069,319141.95645157003
0.0,0.3755576399533298,52651.04371983
0.0,0.46324502187998234,622786.09406618
0.0,0.49174255286309615,428948.01322412
0.0,0.43656207366984995,440740.8235917
0.0,0.42111419798216115,405941.58548809995
0.0,0.5609627463201803,544891.51791823
0.0,0.3996425191883083,248982.08849055998
0.0,0.6201136759076673,460189.21709882
0.0,0.3658273122254495,119484.18837901001
0.0,0.40180813661476644,322429.23767358
0.0,0.38598062818431217,208744.35006214
0.0,0.4157909684748651,228565.51613494
0.0,0.38179214287720087,271217.15541305003
0.0,0.4120145002589332,255355.92598779997
0.0,0.42946687335714767,373787.32345773996
0.0,0.44059602851635404,468111.36521047004
0.0,0.36512065530219173,178460.757928
0.0,0.3962191850811087,206028.0969888
0.0,0.3938317006087951,272117.9882508
0.0,0.3958611125926716,226686.2329215
0.0,0.4145468739834754,369610.739965
0.0,0.3777566990751719,257290.96718336
0.0,0.40239974739501105,358585.8072643
0.0,0.4092366140330049,253886.70578304
0.0,0.5141608674542806,464856.07263392
0.0,0.5039899202015959,630389.60791368
0.0,0.48272894898586355,365407.77882
0.0,0.4757412398921833,496439.87927472004
0.0,0.42448125115448554,270611.28692048
0.0,0.4665257223396758,493386.90349734
0.0,0.48245580542934596,273199.63200901
0.0,0.5347342958651448,292969.50581242
0.0,0.49850378454497446,645079.88130685
0.0,0.4954905497608031,516081.78584535996
0.0,0.5241853559427991,480927.62427836
0.0,0.5897135880347968,641197.41689773
0.0,0.5001103509159126,634916.67575598
0.0,0.501876133057886,368917.55693832
0.0,0.5099685204616999,658644.4153556599
0.0,0.5116643795334248,382649.6777138
0.0,0.5385108086469176,694903.8922825999
0.0,0.4994406943105111,319971.516718
0.0,0.40917145465284865,285918.13803068
0.0,0.3921467719939274,215253.11489874
0.0,0.546894644204174,537512.32373358
0.0,0.5020878902366276,476530.89295014006
0.0,0.5375648770526674,486857.61557642
0.0,0.456544703735715,440659.64765889
0.0,0.43814904045858605,337789.5129828
0.0,0.4297505332467773,392164.31054778
0.0,0.5764237048463813,840843.4359834901
0.0,0.46910037373198077,225746.18485216
0.0,0.5120410429189479,322310.47723335
0.0,0.5876031974839471,868681.6483220401
0.0,0.4937427845763103,356459.78192055
0.0,0.44656224807094325,377012.91110976
0.0,0.5795921977973374,392191.41066833003
0.0,0.4573151924329141,520674.23378906
0.0,0.5136970963648578,560136.66898732
0.0,0.5245370838814125,650196.47663985
0.0,0.49286379149860376,517132.75832832
0.0,0.431343622333182,330493.46466520004
0.0,0.43580897040130745,400375.38688104
0.0,0.5572636433512682,470599.74374093994
0.0,0.4266967454400396,291167.11541371
0.0,0.44992702759052056,202393.5688696
0.0,0.49409359382099044,484801.58329224004
0.0,0.512400996541851,696233.9451156099
0.0,0.5647118089081062,854225.10790475
0.0,0.5768170480899663,759989.13861766
0.0,0.5599497239305113,537087.06410012
0.0,0.39148417201336233,208471.97938072
0.0,0.46777359997338036,353790.71353668004
0.0,0.4637786942082406,197883.10373096998
0.0,0.44100869673638604,143008.40411449
0.0,0.6032078103207811,1043692.5931446
0.0,0.5229915980298828,219724.01138778997
0.0,0.4905516452272806,171303.88977416
0.0,0.41945146250618603,176684.66019603
0.0,0.39083828179224184,221492.54911557
0.0,0.40922240729376697,396191.28483747004
0.0,0.5991173225450533,243322.35527904003
0.0,0.5144390493227703,395517.700128
0.0,0.472258064516129,360147.293926
0.0,0.6456506870608717,908853.50443419
0.0,0.40371020305841065,162682.2557157
0.0,0.37402671619401384,107154.34993263
0.0,0.5987759265555933,668501.46482944
0.0,0.43921828420006626,320049.53406
0.0,0.4077490774907749,229162.30193015997
0.0,0.7333752006140535,714084.0506151001
0.0,0.38656757227013994,194456.9798283
0.0,0.5430101880054616,549983.4278290501
0.0,0.4945948531522051,474084.79740917997
0.0,0.4175078736978115,268829.86992183
0.0,0.7446623850026037,367489.86291066
0.0,0.577976523197317,572960.3428079999
0.0,0.4542906352369052,597455.1334293301
0.0,0.5528101618235601,277665.39004296
0.0,0.4585546063264835,486826.27530613006
0.0,0.5802185691982735,364015.46431176
0.0,0.4409553715862594,464176.46129571
0.0,0.6465502816665737,486796.75531377003
0.0,0.39297829036635007,308629.35762288
0.0,0.6311398063074248,445604.9881747
0.0,0.4191136569189026,368949.3598154
0.0,0.4424318453018389,280831.42652239
0.0,0.632819319173698,487089.51825167995
0.0,0.5234383824692195,612980.5122298801
0.0,0.47513646900471096,424567.99181434
0.0,0.4233317272946278,190703.80369744002
0.0,0.6693536348708763,994757.4856474199
0.0,0.43178960959532464,234861.08708396
0.0,0.4251376146788991,396972.853233
0.0,0.4763957168832918,248492.95346246002
0.0,0.4326144326144326,409094.17525179003
0.0,0.45438241249638417,303902.3805825
0.0,0.41814001427099023,275015.39752995
0.0,0.4568922125548285,454150.97960856004
0.0,0.4472541260496091,492569.25431588996
0.0,0.42028044663723707,230262.64884608
0.0,0.40795844704639495,363322.32802173
0.0,0.44214042168255513,435766.40381428
0.0,0.4342882134266346,470846.5843512
0.0,0.4911184322249771,366809.30461260997
0.0,0.41315977175463625,340908.56985768
0.0,0.5188434338913257,362672.33417896
0.0,0.4713833943076828,468174.88509071997
0.0,0.44300699300699303,360511.8002472
0.0,0.49048442906574397,302001.97326224
0.0,0.4421474460912156,398282.94342308
0.0,0.5326291965296115,632070.0132480899
0.0,0.42487942234241266,327141.80820389
0.0,0.47173196750725865,289467.33179597
0.0,0.5201438848920863,410208.52966400003
0.0,0.46499775146155,415531.79059265007
0.0,0.5647172781208378,774940.1823053099
0.0,0.45208289970562876,428112.22272847994
0.0,0.5212702216896345,474541.4422452
0.0,0.44885703215807826,421691.03429124
0.0,0.5013724864347271,402700.25046979997
0.0,0.5336050362068339,554413.67560231
0.0,0.5291204904503655,491159.58770291996
0.0,0.4092565484162332,418209.34596794005
0.0,0.5142020021160576,526777.79746774
0.0,0.5593244873341375,686991.703138
0.0,0.5541842920064541,650441.68323768
0.0,0.4600222812580341,343002.72720189
0.0,0.5360223445329828,511717.02649252
0.0,0.5371116907754327,477905.59187658
0.0,0.8553732842316706,559947.82078092
0.0,0.35050898275987136,99324.27714195
0.0,0.7525678166973927,737198.44620052
0.0,0.584000342421778,499183.60734627
0.0,0.44254487727439246,401465.83591084
0.0,0.4250805076719076,217440.9112798
0.0,0.34493511056457105,-16364.120672129999
0.0,1.0,869502.0832056999
0.0,0.5121293800539084,798652.515546
0.0,0.7883574667251718,1087986.75092022
0.0,0.37135629683916876,82800.35097579
0.0,0.4686476104394984,541939.67698299
0.0,0.3828016643550624,209898.11733317998
0.0,0.34500931936499774,-58992.15239267999
0.0,0.3810909090909091,250080.8850225
0.0,0.41212968627108276,294554.47720311
0.0,0.47447100454972196,574534.6566308
0.0,0.527753233191421,652640.15535596
0.0,0.8541341653666147,790603.10453664
0.0,0.3411736958339587,-65750.00266483
0.0,0.3772750559495241,304056.88755119004
0.0,0.46940567971113495,484388.89330797
0.0,0.4508948617614985,194258.01447814
0.0,0.47027695984295653,713168.63826117
0.0,0.47699493192884823,526544.8612575
0.0,0.5113488506577997,213337.31074852
0.0,0.4761286131860994,392917.14263421
0.0,0.5353530688588186,676072.7117802401
0.0,0.4696749854904237,279069.15976488
0.0,0.5812560032932351,606872.9449516899
0.0,0.5196430640862209,704718.0546689699
0.0,0.43675417661097854,529156.38544396
0.0,0.4626060138781804,696358.3786331
0.0,0.4735820132856413,553334.365689
0.0,0.5192869447981424,576531.92034298
0.0,0.5128744878397173,443377.22707042
0.0,0.7206655497140216,400111.26118023
0.0,0.6070368387756095,430739.95465305005
0.0,0.917193789534215,1154644.7061592801
0.0,0.533779436365976,644462.66392047
0.0,0.6747703018889459,839479.58843778
0.0,0.8528878904268425,572977.78675606
0.0,0.353393085787452,97187.3389305
0.0,0.6410496719775071,292541.26365496
0.0,0.5480769230769231,549445.49194576
0.0,0.4957426679280984,478907.37970983
0.0,0.6876700858279254,803318.42175984
0.0,0.35430072810669994,3574.82478518
0.0,0.6041954528325587,719179.24160085
0.0,0.3986958804188655,313643.37315537
0.0,0.490930142802007,653804.6406896899
0.0,0.60794504451575,856433.37005851
0.0,0.5488372093023256,734038.8390612
0.0,0.5176796480364999,320652.47972756
0.0,0.8487262540488488,1438872.0150246702
0.0,0.6526037165082109,944380.5230367201
0.0,0.4050814819072802,223503.21364266
0.0,0.7197926596758818,828477.20980104
0.0,0.44667701961778594,276823.87524749996
0.0,0.6250499400719137,678575.75954448
0.0,0.5488497287294444,361269.80637278996
0.0,0.5793901156677181,899988.8578908
0.0,0.31885999634614215,-139959.12279258
0.0,0.47661725841663793,617079.89572353
0.0,0.49102598446289847,441924.1134176
0.0,0.4606918238993711,417354.09565247997
0.0,0.3942293317386754,182925.68862804
0.0,0.3607551643941812,44144.24181458
0.0,0.7232362740837317,1122893.73610578
0.0,0.5952992550732084,903875.06246292
0.0,0.41072292069632493,347589.28885064
0.0,0.5316586373021335,806579.81127126
0.0,0.49783866949959704,487318.10433034
0.0,0.46055597295266715,527908.17518592
0.0,0.4124705618481552,384922.15507736
0.0,0.3288525146298024,-74427.70551864001
0.0,0.8267097201523431,718206.43353156
0.0,0.3613208550462618,226566.29357632002
0.0,0.3903377757352941,305205.67970008
0.0,0.5692704495210023,875207.04940206
0.0,0.4868943606036537,584491.3986912
0.0,0.5089886512001607,556007.86740447
0.0,0.45605700712589076,211333.1553564
0.0,0.45158503356150725,420458.27927586
0.0,0.5819184014961366,789223.37715591
0.0,0.4180176137319796,256438.25880729998
0.0,0.42348487124785916,272351.65336497
0.0,0.3387424378098587,-26329.60230297
0.0,0.4018601046308855,379390.58849436
0.0,0.5835166153477026,715753.01573405
0.0,0.3809292143030893,182618.00503758
0.0,0.44400750737331307,395583.11662428
0.0,0.7264279372595442,499989.5384946
0.0,0.4780850719715349,634905.0748962
0.0,0.42706303814970775,367765.5937472
0.0,0.5365426695842451,617995.2177522
0.0,0.6297796195140328,459029.44344296
0.0,0.8357472287401894,641890.6801419001
0.0,0.6641072270492355,940231.59500052
0.0,0.5418706842435655,218349.1157085
0.0,0.4064116749902808,329571.78914352
0.0,0.5701662597372399,831281.0895356401
0.0,0.46820092331013574,443101.8099886
0.0,0.4992970323365125,590505.16038507
0.0,0.9015496809480401,935960.38323472
0.0,0.5015338941118258,535928.45514615
0.0,0.5418050541516245,704666.25089925
0.0,0.45739720220432384,154721.613576348
0.0,0.8443967499616741,658168.09032962
0.0,0.3520279625048231,31556.08091111
0.0,0.7340446552064809,1092939.82000812
0.0,0.48448626653102744,491584.76893200004
0.0,0.4744115741740445,501031.56294683996
0.0,0.4208955223880597,277248.5794715
0.0,0.6728682170542636,941206.2296540999
0.0,0.6489069829188424,801410.4278262601
0.0,0.46079883893205936,427448.63361242
0.0,0.503725782414307,701257.97565381
0.0,0.47860043736332397,404464.79954538
0.0,0.5887622149837134,515418.83080239996
0.0,0.43780234968901177,350796.67102272
0.0,0.6319813123805479,475709.92261507997
0.0,0.7241118669690099,1016803.6361504999
0.0,0.6428571428571429,919730.7316413
0.0,0.681557241834378,900449.7333362
0.0,0.418905595267439,424777.53798144
0.0,0.8376550169109357,446707.45654902
0.0,0.7019055509527755,290291.62815015
0.0,0.5870061246547376,645779.73528546
0.0,0.355214399152991,-10630.93297728
0.0,0.6446805574720574,782615.5085214899
0.0,0.48980355472404113,378102.71828489995
0.0,0.6407502647103313,655977.5922565201
0.0,0.46536144578313254,540168.18196872
0.0,0.6963448922211809,417213.46493927995
0.0,0.5390226112326769,653337.55688976
0.0,0.7755815354947572,857247.76419226
0.0,0.3646595385481148,90454.13567904
0.0,0.3639321403671857,161123.77266867002
0.0,0.4285579136577213,367884.50007564
0.0,0.5343794268279394,762082.34410989
0.0,0.5753953659433615,788776.28394944
0.0,0.6126529252154044,678949.03958212
0.0,0.40674774421341703,273389.7751893
0.0,0.5346263548203081,277053.6681531
0.0,0.4434721736086804,380263.57836792
0.0,0.5647772449690561,764884.90462482
0.0,0.4712136409227683,368164.534332
0.0,0.3758815403630371,123593.48866153999
0.0,0.6198898715167696,1134397.09896786
0.0,0.6309639727361246,467121.3504417
0.0,0.7083184576936808,214616.247485214
0.0,0.4851073395526582,522857.85697464
0.0,0.745634222282388,901573.4572457201
0.0,0.3787203210344443,278660.24074844003
0.0,0.448820601601385,472207.01611032
0.0,0.5679574791192104,563484.62529666
0.0,0.480277643019741,499527.26408068003
0.0,0.47933425797503465,521621.3405484
0.0,0.5279187817258884,628954.4060209199
0.0,0.61584784164083,471091.0907272
0.0,0.574964260185847,678252.9258612801
0.0,0.4219436757284714,322525.02482904
0.0,0.5764825655383049,475835.65693973994
0.0,0.5707736389684813,379230.89579695
0.0,0.3499619659902338,144418.05522587
0.0,0.6964818127608825,1003019.7252700799
0.0,0.4078544986319009,256496.70589686
0.0,0.7975673327541268,1082183.1538422
0.0,0.38636363636363635,140643.36786959998
0.0,1.0,506932.91680413997
0.0,0.3306018269747448,9329.59925184
0.0,0.7332292184283382,854724.10831861
0.0,0.511119936457506,647803.4739158
0.0,0.45657917914391405,429652.14959328
0.0,0.5643485211830536,207358.451867844
0.0,0.6897106109324759,417777.1817256
0.0,0.6455989598055288,1094984.37988209
0.0,0.4235801323313673,320806.35107976
0.0,0.5203667169548567,730633.3618194
0.0,0.884522854851644,963929.3462284199
0.0,0.6621356290590545,843606.5810438701
0.0,0.3655446977922548,115515.45548055
0.0,0.8772116819441483,1251107.39114712
0.0,0.5139043381535039,567878.58726228
0.0,0.527033855482567,775418.6722128
0.0,0.5830104991297512,879074.8893828
0.0,0.5030859964339597,699458.34282558
0.0,0.5511859533833042,570567.28961745
0.0,0.5066354410616706,708537.1735101601
0.0,0.5500291328989882,856122.99771771
0.0,0.5369221767115272,721364.54585835
0.0,0.4401877214826166,393892.0594473
0.0,0.5112431056427662,576437.6207469599
0.0,0.5592315901814301,578323.76932341
0.0,0.49028740202203797,535120.8078157799
0.0,0.4924896132949824,551516.14881792
0.0,0.5203252032520326,535140.478719
0.0,0.5449591280653951,714088.97998731
0.0,0.5358173076923077,582953.7639672
0.0,0.49661498143699495,545622.67991832
0.0,0.549048496009822,759060.1928196
0.0,0.610909090909091,758268.8988915001
0.0,0.5329127234490011,580656.7219428
0.0,0.5326913090685927,715095.5368961099
0.0,0.5083759654930284,546825.16488366
0.0,0.5767147091894101,887005.64590488
0.0,0.4822992006090598,392793.23036231997
0.0,0.5571005242762708,717583.9931587799
0.0,0.502422480620155,554802.46058232
0.0,0.46830340784170027,412258.7997351
0.0,0.4238158177850183,380286.43098719005
0.0,0.5394574860975506,710621.52991454
0.0,0.5337055339695952,543527.3315694199
0.0,0.4688077048408704,493829.81897613
0.0,0.48426187028427714,516331.6153465
0.0,0.5160609137055837,698065.54919375
0.0,0.5441148686945022,591045.9546299
0.0,0.5005576622797234,499043.71328961995
0.0,0.5317367700035517,746743.57283778
0.0,0.5351770247682723,642616.79921236
0.0,0.5198368289953431,613871.2269308399
0.0,0.4911658366873593,456184.05204050004
0.0,0.502083148657034,602725.6888107
0.0,0.4879725085910653,430185.08480724
0.0,0.5234382909790423,528590.28912093
0.0,0.5001934984520123,496925.34326688
0.0,0.49750666821291895,520232.21788671
0.0,0.47410172655156324,451627.62071115
0.0,0.4546268122427063,416418.7725045
0.0,0.4337061384786135,323078.37442677
0.0,0.4902692072963993,518849.96666196
0.0,0.521995866548568,603380.62500417
0.0,0.49570093457943926,431387.19990899996
0.0,0.5189393939393939,658348.36631928
0.0,0.6100118931776408,913422.9024501
0.0,0.5714532349259787,835327.79966025
0.0,0.5866536299193351,808839.1256996399
0.0,0.5503955968352253,660518.93332152
0.0,0.5400113361158345,837077.84265159
0.0,0.5737206758235079,767369.1506059801
0.0,0.5276595744680851,699439.0208652
0.0,0.5641003791913425,784932.81610602
0.0,0.546691403834261,650336.2438771799
0.0,0.5526134008749712,734115.1215552
0.0,0.5795235028976176,759681.6706503199
0.0,0.4999534320573717,374823.30529539
0.0,0.526500106769165,694526.70707235
0.0,0.4754022988505747,366300.30479625
0.0,0.5242192103712434,548453.33111565
0.0,0.5206323953465248,531824.9367444001
0.0,0.46295317619701937,499885.63967436
0.0,1.0,1134441.46739708
0.0,0.3162290658328693,-47140.9576715
0.0,0.4587777320631706,516771.94668983
0.0,0.8040520108859994,1156566.74723408
0.0,0.3572126008530757,177682.54320254
0.0,0.416109309067945,386500.05254557
0.0,0.5559192806530477,838688.64710554
0.0,0.685207675491863,1049560.22876824
0.0,0.34575203930735104,109204.90671823999
0.0,0.4631349689321632,500355.6995675
0.0,0.4622774056526711,231403.72426415
0.0,0.7095569935291189,1156597.16082432
0.0,0.4040207893083557,145401.32346796
0.0,0.85899367279301,1389331.72495964
0.0,0.3741471412704289,185188.86424370002
0.0,0.598960080509896,850073.74973184
0.0,0.45679465531165114,274322.8652502
0.0,0.6785103553106593,985596.95792776
0.0,0.4142752513482922,404512.77758026
0.0,0.46550903145931877,513493.57766096
0.0,0.6352544795548523,449442.89383462
0.0,0.541346721795629,720888.46257096
0.0,0.5184567952670611,325338.95665626
0.0,0.6036555244524946,832935.88008684
0.0,0.46436301216508696,494741.76409906003
0.0,0.35394321766561515,21572.5493652
0.0,0.40704845814977975,230076.06165350002
0.0,0.8376,659826.306425
0.0,0.45960733826842615,408876.31500616
0.0,0.619641695737007,470338.20016092993
0.0,0.7026000584282793,881362.3330688401
0.0,0.4,324521.3515086
0.0,0.3703939008894536,255153.49365743998
0.0,0.541769649036085,602793.9748644
0.0,0.5325880615903817,533729.5795484401
0.0,0.4858156028368794,649142.57020608
0.0,0.32217470983506413,-146706.38777459998
0.0,1.0,1350720.0
0.0,0.3652354570637119,61709.4806328
0.0,0.8583374323659616,1005188.64335736
0.0,0.4066620402498265,234756.50325101998
0.0,0.6309072301486967,725059.92133236
0.0,0.597895145254377,729125.67830319
0.0,0.5821613449997709,710002.816112
0.0,0.4386408312271834,350143.03202175
0.0,0.3989237045395365,308163.61064601
0.0,0.4586981347544728,449589.02121504
0.0,0.4966584593739008,618025.09606128
0.0,1.0,842391.5313728199
0.0,0.4367095011636143,436092.9288471
0.0,0.449490662139219,459600.02415552
0.0,0.4767585818795723,602449.70992605
0.0,0.470144563167819,411550.49942273996
0.0,0.47640923297059157,485322.65742057003
0.0,0.5883970992748188,786937.3969053299
0.0,0.45134997452878245,200827.7475778
0.0,0.3921927416895395,232126.68896898
0.0,0.5047670202766215,666795.59187423
0.0,0.45608231051708736,354452.06730285
0.0,0.5926411427021652,644120.95836935
0.0,0.5792085788983915,444262.96958508
0.0,0.4381435232998466,337296.86152683
0.0,0.4134061715635612,315469.67467050004
0.0,0.4648565234963442,486759.43568344
0.0,0.4487588835101452,393842.56520466
0.0,0.5412624365272675,637787.33381632
0.0,0.5236157792322661,450654.98943648
0.0,0.5012176347095871,407111.609254
0.0,0.32818248712288445,75582.3872727
0.0,0.39820350877192984,278819.60146875
0.0,0.48208722741433024,514360.7748132
0.0,0.5205428518311954,528256.9515624
0.0,0.5026027643152038,431878.4993223
0.0,0.3788364224331527,283121.20200895
0.0,0.6613719364632376,1188304.6070995799
0.0,0.42059724809229104,300202.59678113996
0.0,0.4071440064360418,356153.98525425
0.0,0.7834707061706393,510752.92187794
0.0,0.363617999090955,132213.8911791
0.0,0.4904364884747425,396736.0039261
0.0,0.45284021114836825,323224.30109764
0.0,0.6014194464158978,584411.9148993
0.0,0.37286380113930606,190904.08783160002
0.0,0.5597633136094674,631708.5978524
0.0,0.6883379247015611,476455.9122279
0.0,0.35925831274668485,247912.36322832003
0.0,0.4517173231566035,476175.05625508
0.0,0.5834118755890669,661813.4576828
0.0,0.5419788958556354,467780.6027273
0.0,0.4820351723557625,404331.82450765005
0.0,0.5545650811337837,758263.48888794
0.0,0.3252411197365326,68222.0350983
0.0,0.6453602835017719,1135288.66808148
0.0,0.5646299657188949,491072.96864115
0.0,0.4942766730476228,538377.4075839099
0.0,0.37639467670385807,210518.32703405002
0.0,0.43875685557586835,185715.99755072
0.0,0.506628525729753,564101.2266957599
0.0,0.5174259545616748,511356.96101792
0.0,0.3976302090822812,280723.36310784996
0.0,0.41536907941885465,418818.40187296
0.0,0.35671714956526224,159443.78684751998
0.0,0.46857841882165513,415296.77402660996
0.0,0.4920976367601805,503404.23910329
0.0,0.4519774011299435,366772.01826375
0.0,0.5200805689151972,554046.27487191
0.0,0.3387615844363249,104426.95225905
0.0,0.40906566279930884,368286.2174016
0.0,0.4104230607209484,313012.24367742
0.0,0.4026807029654558,269074.22811966
0.0,0.4374092648805596,424831.43400952005
0.0,0.4269276193689894,405302.98866995
0.0,0.40832421852512807,287140.73776302
0.0,0.5095092744775769,459562.21900928
0.0,0.5506805990511923,535458.7025973899
0.0,0.5910566173818969,1015758.86749308
0.0,0.4881014038435328,354056.17259345
0.0,0.5291733824545245,616682.41123705
0.0,0.690579011362207,964221.37664716
0.0,1.0,627904.1777932
0.0,0.45141971579417406,294056.61608258
0.0,0.4425478109688636,372898.8186957
0.0,0.44866335039186916,498971.28111776
0.0,0.5067248975805828,542649.9283464401
0.0,0.42808705760785326,420537.66303984
0.0,0.4446474745733494,468502.6226839
0.0,0.48596497750678513,455777.94188537
0.0,0.4096221711399618,366022.4798109
0.0,0.8401323042998897,382471.09854870004
0.0,0.4859051207398527,462495.55184025
0.0,0.4532992490813229,411186.7044569
0.0,0.5746436609152288,848222.0252520001
0.0,0.37747040901615037,200048.51515527
0.0,0.5356003238557889,574718.46146883
0.0,0.4835679472867373,344290.12080141
0.0,0.6071119891344611,1024753.0260675299
0.0,0.5077919803887235,420379.07569926
0.0,0.45375053579082725,465279.012209
0.0,0.46931894807821983,330389.89796275
0.0,0.41643851747181254,280756.09967508
0.0,0.5206289957511019,547392.8990629399
0.0,0.42884884757417546,383479.29405679996
0.0,0.49123049302582517,648092.06356401
0.0,0.5033881897386253,623194.009449
0.0,0.45922325076278636,230676.98377941997
0.0,0.6126544839970424,731963.43819654
0.0,0.5645867808819235,629624.85751686
0.0,0.39419963395748275,260179.47404645
0.0,0.30623963251244096,-54519.40686306
0.0,0.5298982446183159,496203.73519584996
0.0,0.38181767971058517,236338.60166267998
0.0,0.38786535531237015,248221.32104054998
0.0,0.4261989908391711,170760.40805004
0.0,0.5326842837273992,743492.8694312
0.0,0.4530306186211206,271622.64793216
0.0,0.5747980313863869,598661.37626728
0.0,0.39590700003129203,326737.29628013
0.0,0.5715097722006034,605555.05397185
0.0,0.5007575757575757,458312.04502440005
0.0,0.5221419025634795,539029.60644944
0.0,0.4666316342616921,289018.330297
0.0,0.4024047716729258,344486.26860422
0.0,0.5888613500510278,394030.6167907
0.0,0.3807357006166277,-82491.2482667
0.0,0.36211778029445074,-177824.04756608
0.0,0.6346961581441948,901147.37435309
0.0,0.4070772392118941,323112.86744412
0.0,0.647489539748954,665972.0860728
0.0,0.47410840217610317,453601.09951887
0.0,0.5171266208282315,581476.6310283899
0.0,0.459181171855847,514281.14810081
0.0,0.671475215197388,902256.09036705
0.0,0.7022924735685125,1392296.1028213599
0.0,0.5237329723326847,574207.23863624
0.0,0.4644372772025123,478717.80703855003
0.0,0.38870926930754307,255668.32059192003
0.0,0.381834928964189,285595.71433884
0.0,0.347851168156908,271648.1487319
0.0,0.7979209979209979,522185.9579644
0.0,0.4236614449380407,86321.2614232
0.0,0.47565665360615295,612207.6789645599
0.0,0.38155520633257667,309940.60259033996
0.0,0.4203354700034545,513915.72161052
0.0,0.5113593761715528,467714.36670574005
0.0,0.5147871545929799,499070.7807132
0.0,0.6021400778210116,631587.8590944
0.0,0.49199986295268444,392530.49485587
0.0,0.5634788517071514,664586.36289705
0.0,0.42552943462210996,539081.9574303001
0.0,0.5520660011092623,734495.8711356
0.0,0.570345596432553,608567.1771144001
0.0,0.4563082347015865,207600.55495959998
0.0,1.0,629655.6628746
0.0,0.41613411408019496,350156.72613819
0.0,0.7234480540366678,656049.1018983
0.0,0.7217084984588287,1307755.0877658299
0.0,0.7799616490891659,1616582.41980016
0.0,0.38453376342260515,-77447.13025092
0.0,0.450751183371064,602350.8416240499
0.0,0.4449274773493682,573232.7108063799
0.0,0.5196923523436366,456163.7277519
0.0,0.481810115350488,673932.55205903
0.0,0.5433930432193718,745589.71636324
0.0,0.5692176182120844,587975.99454162
0.0,0.6716339339947358,934503.8858059
0.0,0.5792010350962316,607885.77962385
0.0,0.38898163606010017,453364.31811309
0.0,0.3564709081022295,233038.3414218
0.0,0.5371853718537185,496881.58202769
0.0,0.5080436941410129,423963.20872385
0.0,0.5325204460966543,500808.41412875
0.0,0.37037037037037035,361910.82881934
0.0,0.604338044013218,724663.84942878
0.0,0.5160922814013101,392091.39076519996
0.0,0.5894276094276094,662932.6442999999
0.0,0.541850753495128,508880.55579086
0.0,0.4311703242822845,462500.01032481
0.0,0.6329643296432964,635982.2425404
0.0,0.49718652893256066,532112.7051306
0.0,0.45710002440469966,486992.23680680996
0.0,0.6847347994825356,661718.40609
0.0,0.5442304262528982,643435.36124472
0.0,0.9014823261117446,1242445.2834618
0.0,1.0,0.0
0.0,0.44867072590142576,201499.26076955997
0.0,0.4267920912812473,503030.89389366
0.0,0.4601310548631633,252039.671635
0.0,0.48270656422698477,318363.65138445
0.0,0.37858139603931,351520.11642594
0.0,0.4546483265018734,205163.96165668
0.0,0.7145549174443647,1111666.93724232
0.0,1.0,1128452.9704416
0.0,0.6112305854241338,692212.3550099999
0.0,0.4099502115075057,510148.69144509
0.0,0.461128242336296,495593.68716275005
0.0,0.40088939350931974,376715.31240672
0.0,0.3884671397143123,368001.88004008
0.0,0.389807071837756,353088.97590528
0.0,0.37921166490648317,402104.10732827004
0.0,0.39692616104243233,427978.3631871
0.0,0.4119158720497734,478666.09340784
0.0,0.6058533916849015,689684.52852552
0.0,0.5892407873316561,802607.43978052
0.0,0.41377381706998767,518551.12614921
0.0,0.47951578856675137,617861.73767313
0.0,0.43307407533199743,484279.4301845
0.0,0.41981692628874256,377307.55258190003
0.0,0.3932902061080187,323757.15266765
0.0,0.49254910507532623,331909.73189808003
0.0,0.5149397521065194,429796.39782072
0.0,0.4767457445382656,655261.70479686
0.0,1.0,296552.08334689
0.0,0.34343352725705667,237975.82243200002
0.0,0.3647339481569837,306628.29487345
0.0,0.3738622241628321,406778.2928336
0.0,0.42951372909955515,310985.69475045
0.0,0.47781187458305535,317787.53672225
0.0,0.47848822008540803,477148.47068391996
0.0,0.5507147508449874,527635.48806755
0.0,0.38202954130089584,329003.80654603
0.0,0.4966562808724067,397197.54466464
0.0,0.41713556660560064,445789.82387104
0.0,0.5279317697228145,590810.0191325
0.0,0.43459346853746705,327073.17791114
0.0,0.5758997386234167,658135.59319222
0.0,0.5997402242275088,736886.8400025599
0.0,0.5722767899440988,593628.99495943
0.0,0.4464635854341737,457928.5198896
0.0,0.693736366469305,744865.22103755
0.0,0.43950394275193666,417021.93645821
0.0,0.419344262295082,93244.530805
0.0,0.6771842747971323,872190.4843936199
0.0,0.37248351648351646,299072.249655
0.0,0.44708341250237504,357432.86965237
0.0,0.5231538923354012,430457.78478755
0.0,0.5133698518969365,512840.1548142
0.0,0.417301867323503,441140.66718599
0.0,0.4037554225642,418580.98961742
0.0,0.3969086651053864,354510.37520325
0.0,0.5423595335453582,527822.1304227
0.0,0.5103164215874971,532258.3787912
0.0,0.40160642570281124,449868.51779802
0.0,0.5261054796532981,454314.61179045
0.0,0.5581605049594229,563615.0423806
0.0,0.46425573352137267,392052.8649033
0.0,0.5132311264383514,753222.233398
0.0,0.4654656996542671,259867.10614641002
0.0,0.5022016547468798,380865.72824055
0.0,0.6189960813584624,852227.1325018
0.0,0.44715381834250595,541270.4767804301
0.0,0.6134472306420502,751640.62717375
0.0,0.5799295439398268,693450.6172741799
0.0,0.46868520769285765,532779.6077081399
0.0,0.4054478448966512,344148.76043165004
0.0,0.37508707491609145,335216.14009324
0.0,0.509474762419621,429883.52261998004
0.0,0.30595941490185663,-4838.6629746
0.0,1.0,43840.6204344
0.0,0.630853692012078,609595.0170029501
0.0,0.49592865451725476,370799.18887524004
0.0,1.0,559887.90872035
0.0,0.46079902347226814,238947.08907664
0.0,1.0,783142.13697438
0.0,0.5071550965590701,672911.98592785
0.0,0.4507604357674469,520279.99629786
0.0,0.4994003625714684,390835.58483169996
0.0,0.5774594078319006,716907.3121434
0.0,0.7198476009048697,801072.5023836
0.0,0.6456408989874043,516682.38459455
0.0,0.6621382758446543,758099.72800763
0.0,0.5983169283943196,870296.9912637
0.0,0.6520577231427044,818963.875466
0.0,0.5899264340840367,619048.46809567
0.0,0.4084376924656128,445393.66960704
0.0,0.6729456449212133,851048.2966394
0.0,1.0,0.0
0.0,0.471441523118767,521332.2169566
0.0,0.6057558624524979,368859.77945684
0.0,1.0,1721805.0
0.0,0.46916601772536803,425353.24810490996
0.0,0.7230292149502203,927296.2390486001
0.0,0.6455599578350478,734203.48982079
0.0,0.516529164022385,430438.8483401
0.0,0.4996828723492265,376683.95140037005
0.0,0.4783148113929731,301506.99440004
0.0,0.4266152038932707,421536.52742145
0.0,0.6413442254072299,705290.46064607
0.0,0.5911423751929081,825548.0083881699
0.0,0.6254456814378229,816745.0993304399
0.0,0.4288939051918736,462581.03654135996
0.0,0.3517012053916038,281827.5628155
0.0,0.7165760091611795,711053.6320742
0.0,0.44432895933480576,441930.93239592
0.0,0.6549063643278878,702961.74669712
0.0,0.5144600007349429,468742.33819182
0.0,0.48068669527896996,477544.61704499996
0.0,0.7693997071742313,697930.25379498
0.0,0.43277999319917154,320390.1134847
0.0,1.0,961642.19517575
0.0,0.35389311035513304,347711.5818927
0.0,0.8870056497175142,1635800.75013168
0.0,0.4130571969479663,244032.56149278002
0.0,0.5336382694873261,502540.04435445
0.0,0.8408901251738525,847709.4064144001
0.0,0.758231606730452,681115.82204935
0.0,0.8565083703450632,997096.90513132
0.0,0.7332136646659562,401357.87343319
0.0,0.7542426508657885,775533.02611349
0.0,0.5534229639932005,541220.402655
0.0,0.5342488081170287,582437.71153225
0.0,0.5714384151593453,731730.9077685
0.0,0.40223322371987136,465021.50497711
0.0,0.40403697996918336,358705.418252
0.0,0.6530260783992127,1006310.60978208
0.0,0.6381581473942932,886124.2716137399
0.0,0.6117360675690628,806627.60762878
0.0,0.3923329682365827,387987.55641285004
0.0,0.3809679315524786,371534.5680956
0.0,0.43136650747188415,345929.069993
0.0,0.5631170772728689,526250.94554187
0.0,0.5646264938668685,575823.23073372
0.0,0.40690915737525135,489651.14036815
0.0,0.4103897061534491,469805.93033268
0.0,0.4401705165063944,197225.32858879998
0.0,0.5140623413544523,598623.49019346
0.0,0.4085911732370033,422629.01661232
0.0,0.5285714285714286,483803.064876
0.0,0.660024571911234,884879.6889839399
0.0,0.33728147599795,239019.97054254
0.0,0.4464997608036996,403211.4976516
0.0,0.4952614015572859,631145.52580425
0.0,0.41875928414798047,402128.85739092
0.0,0.37948745385479643,192923.80746184
0.0,0.6263905325443787,607642.035051
0.0,0.4032902604789546,306226.48179886
0.0,0.4477724831707133,204680.26425807
0.0,0.38336490442569315,424169.93713335
0.0,0.5485824277178489,562425.68275575
0.0,0.7337378640776699,906304.992148
0.0,0.6203747515851235,643244.03188904
0.0,0.3673581100547393,318585.3538791
0.0,0.4384224534236632,141009.0929806
0.0,0.6257959496337435,453929.18201108
0.0,0.6038318058306084,783214.27984261
0.0,0.47727656128749285,370130.62281144
0.0,0.5148060514806051,321345.73051536
0.0,0.5245901639344263,466612.567434
0.0,0.4717301119315365,261643.55606907
0.0,0.5520904045042527,610127.7609217
0.0,1.0,1457893.33320656
0.0,1.0,297571.666679196
0.0,0.389543823680164,325057.11038873997
0.0,0.44062409708176825,481820.97012352
0.0,0.3870381930650928,273063.75129418
0.0,0.5643023155720065,714598.00017868
0.0,0.4511049022098044,239481.08001329997
0.0,0.6999107636085496,1031128.05008584
0.0,0.43307807557849176,473799.00875439995
0.0,0.3208707558773701,48749.80591572
0.0,0.39428176158635003,413498.46196878003
0.0,0.5240780911062907,422226.55738275
0.0,0.5031236984589754,369615.6425649
0.0,0.8527643784786642,703963.6712192501
0.0,0.5085473756550124,385171.72998899996
0.0,0.4740138818351109,388724.7866655
0.0,0.5439384432482415,687944.05465343
0.0,0.388773705713763,368405.2872403
0.0,0.43443153555245134,498933.63580026
0.0,0.43748771764335964,538743.3146901
0.0,0.4329237953075363,595104.5759291999
0.0,0.36402306726047734,298529.66629008
0.0,0.49563376554644084,568686.66826135
0.0,0.42418426103646834,496444.10401752
0.0,0.5564232058736154,617226.30701225
0.0,0.5365257010060239,519229.81291353004
0.0,0.5306670932650775,606612.49370875
0.0,0.4859290618469972,329921.21056323004
0.0,0.6108602806589384,613958.2793896
0.0,0.34321842541020625,159933.74378412002
0.0,0.3850484125197028,283397.66057216
0.0,0.6443457103565006,628821.6377526
0.0,0.5859953703703704,695028.1038623999
0.0,0.8918580637086175,1625092.3249115401
0.0,0.7179069573206381,892308.15268122
0.0,0.3902649149256946,-52904.5730928
0.0,0.49843478260869567,490816.41598125
0.0,1.0,939524.4597705599
0.0,0.4626467254177789,465790.72590462
0.0,0.6821237481135959,723559.5433892
0.0,0.5384517172404988,594047.99409829
0.0,0.40549813799740575,494812.32606777997
0.0,0.5653451471452466,546117.10661168
0.0,0.43615824294522704,561109.3994854699
0.0,0.6750350631136045,786887.6837052
0.0,0.6747465050698986,695365.3200519499
0.0,0.4956320758412661,462793.82091576
0.0,0.5824830372403791,511556.26644502
0.0,0.6381221246340444,803440.30118352
0.0,0.5974460181100534,676052.99063575
0.0,0.5427970154964606,572306.9518782
0.0,0.4609630353472386,420020.67343159
0.0,0.5016489946452002,397882.67446688
0.0,0.46422455763354936,444790.51012693
0.0,0.5835570317120888,480499.89643418003
0.0,0.3786369554028278,306429.34341217997
0.0,0.4481285499296082,601418.49864499
0.0,0.5528029012102941,608062.78198575
0.0,0.5444661973591036,460551.53719148
0.0,1.0,0.0
0.0,0.5323046338808161,554866.22772544
0.0,0.5174207552112571,485633.1470499
0.0,0.529217384029782,518309.07937433996
0.0,0.5322246886639829,456083.10687537
0.0,0.36113628639401835,279893.59758380003
0.0,0.41453231871613416,328572.85709331
0.0,0.5176813083311927,618237.4259447401
0.0,0.41411876184459884,381873.130478
0.0,0.6710417012792823,435145.5653258
0.0,0.5585804362644854,619855.55804016
0.0,0.7499057670561629,894813.1755156
0.0,0.5298984730993684,607145.5347878
0.0,0.8638732088580113,749916.02508906
0.0,0.39667235964960607,223562.6090894
0.0,0.8997095033891271,1890043.32018148
0.0,0.836952833389888,1330859.11179696
0.0,1.0,2114630.0710710003
0.0,0.8193058462736699,978903.9641039
0.0,0.7639802631578947,834777.5412224
0.0,0.608649636792226,628675.8271279499
0.0,0.7720189469348527,692420.41904958
0.0,0.8224645828648527,1415587.1705720401
0.0,0.6600928679501226,699642.0601773601
0.0,1.0,1801607.58545592
0.0,0.43385175380542684,432574.8940326
0.0,0.4701522805206298,587816.97178965
0.0,0.37805651672433677,290969.4031752
0.0,0.5100479962539509,394417.25462013995
0.0,0.3066342510458418,-19146.575550780002
0.0,0.2931507422995582,-81368.06997837001
0.0,0.47904248273251965,538313.8070786999
0.0,0.46823095175322965,305427.7384746
0.0,0.4148826559816829,52716.188498
0.0,1.0,0.0
0.0,1.0,50325.0
0.0,1.0,0.0
0.0,0.4754819703919156,533001.97596756
0.0,0.509611925982175,652902.01290537
0.0,0.4400318686032972,255121.08293844
0.0,0.45296625222024867,530545.1014645
0.0,0.5054678490476001,581323.1080955
0.0,0.4715847780735199,517053.98015635996
0.0,0.4859745407424346,550984.34087682
0.0,0.5594752314510114,736384.8175130701
0.0,0.547062621045836,597599.61807315
0.0,0.607600069512831,819933.1380245
0.0,0.5780651096233455,890744.3899372601
0.0,0.6188773229452711,804961.14393175
0.0,0.5844718072460168,786026.0165615
0.0,0.48757437871893594,579549.03272658
0.0,0.5390651272278892,631166.85173998
0.0,0.5880135695439126,880801.8212438
0.0,0.5266478425836054,673290.66756562
0.0,0.4724772375231403,493916.23791378
0.0,0.5711082138200783,778918.72082575
0.0,0.5617914123018519,733821.85942731
0.0,0.5477565526432696,768278.57001453
0.0,0.5894720118625218,751100.2796551799
0.0,0.5272107232510775,673124.6282667901
0.0,0.5271811735690063,588704.4646781001
0.0,0.44383856957169576,401680.11664917
0.0,0.8413747521480502,1007192.85946827
0.0,0.358083740440443,170132.04877874002
0.0,0.33983057018714957,113117.27223482
0.0,0.47555958440833973,468535.60208626004
0.0,0.4431161068156715,414638.50660732
0.0,0.5452703325043751,570428.15150826
0.0,0.40275616803734166,360.0054856
0.0,0.47215815485996704,456137.52918615
0.0,0.42097250555673965,347328.52876372
0.0,0.4366522864538395,407643.43864224997
0.0,0.5503490585995345,597210.779737
0.0,0.44766079661401253,467126.20941922
0.0,0.5909457435779288,636896.9555202799
0.0,1.0,1316966.04858381
0.0,0.6792920353982301,464046.810848
0.0,0.6498379970544919,834176.2133035
0.0,0.7072738024837374,1027389.2883004801
0.0,0.6174795601917114,861418.7280062
0.0,0.6628957846173292,892902.1612774001
0.0,0.7182316056829907,973551.3565539999
0.0,0.6375938784185915,791555.46439292
0.0,0.6066027807012685,805764.181858
0.0,0.7755196304849884,551996.3064852
0.0,0.8114634855979052,1117031.5374465
0.0,0.5863919034264115,704687.0857865
0.0,0.82,523429.32191
0.0,0.4078623292710232,440675.06081288995
0.0,0.6446207399012386,960485.8727425
0.0,0.4473438956197577,340336.67963609996
0.0,0.44792847248457374,591039.1195850701
0.0,0.3674251371283101,205854.68685738
0.0,0.3876862268166616,356046.97150539997
0.0,0.323587851263128,83487.66627924
0.0,0.3349972268441486,-334301.7751155
0.0,0.3246899661781285,17934.938788
0.0,0.5409188034188034,624989.8953972
0.0,0.4250023930314923,133936.94578307998
0.0,0.3560433375545237,232990.70568254997
0.0,0.5217497556207233,362071.47882648
0.0,0.35873054327418086,290806.24255464
0.0,0.6494872997788352,821392.22578896
0.0,0.4412525879917184,394822.39576152
0.0,0.40586305101535414,412856.46325392
0.0,0.4899766120948881,504262.95042815997
0.0,0.6224394946121803,663683.47693179
0.0,0.5659402159599684,695797.78471232
0.0,0.4346836929399677,451164.62652804
0.0,0.50939158840343,573557.76477376
0.0,0.48081780865172086,601325.64463552
0.0,0.39247751430907607,222467.68335930002
0.0,0.6946825396825397,883887.71328
0.0,0.3232192648922687,161138.1682545
0.0,0.5508579955235016,559232.3166739199
0.0,0.6544655929721815,1189415.90797062
0.0,0.4293922171496009,325442.23099611
0.0,0.5594179165581153,906597.40930142
0.0,0.4458880850435553,169891.8850431
0.0,0.5740269188795926,806573.3169678
0.0,0.41981759452783585,397918.80909606
0.0,0.889273356401384,1654305.30571356
0.0,0.3181169757489301,44471.56409636
0.0,0.34020221720385957,169809.59918
0.0,0.47342384632050266,571198.11919038
0.0,0.4675776005054893,270967.74917883
0.0,0.3762833951513197,245556.95895774
0.0,0.5388089486398487,559554.4352722
0.0,0.5799489144316731,745923.3384978
0.0,0.3661345726409376,-165244.87157279998
0.0,0.7491935483870967,790946.664412
0.0,0.5166495343114351,584293.69652112
0.0,0.4649360281846838,530317.7365284
0.0,0.3192883895131086,62682.532920000005
0.0,0.5003882322491588,672595.7723703401
0.0,0.453125,573246.839116
0.0,0.8989237248479176,1472905.83226112
0.0,0.3205786489261955,4946.4498817799995
0.0,0.4532332952022071,360006.87074851996
0.0,0.6334999825193162,749212.0025850299
0.0,0.41415567639018236,278118.28791708
0.0,0.5688134894033929,734414.5064668701
0.0,0.37009903676570344,240240.60192825
0.0,0.3493887624850565,-244572.56505335998
0.0,1.0,1179575.19171408
0.0,0.4099362019818108,28727.086393740003
0.0,0.6900723654454998,876005.4321312001
0.0,0.6657042281374836,836094.8881438101
0.0,0.392274701559811,228956.41805883
0.0,0.4237407043636874,79058.7871317
0.0,1.0,148207.5
0.0,0.49252514270182113,319797.6819481
0.0,0.5492430278884463,567752.159672
0.0,0.5125884016973126,370337.08557899995
0.0,0.5194423511680483,524198.07527880004
0.0,0.5909852128986282,804647.0627899499
0.0,0.5129075809025079,579873.63973089
0.0,0.34050179211469533,144587.5488792
0.0,1.0,874068.64932736
0.0,0.40764904386951634,20891.451938500002
0.0,0.7098623853211009,745819.2942044
0.0,0.648703915318458,736701.7334601299
0.0,0.3432472691161867,131379.3522616
0.0,0.5413120653601128,661941.87930815
0.0,0.39184191522419415,-27899.1784429
0.0,0.459954958125132,428782.24304704
0.0,0.5585331452750353,727620.8746485
0.0,0.6218655967903711,620612.57557794
0.0,0.6387829770845369,911476.60643025
0.0,0.4723279207323965,539330.7356486201
0.0,0.5021615937372204,486382.35069186
0.0,0.4715780909057288,481746.6066423
0.0,0.5771115722548457,717530.1070219801
0.0,0.4274120399102497,131990.88717462
0.0,0.3781785925487877,-93432.11386992001
0.0,0.3985310482973514,2824.8167206000003
0.0,1.0,350050.756822074
0.0,0.4474904253174763,220437.41196224003
0.0,0.7508580343213729,883429.0818088001
0.0,0.6288530805687204,823671.90370875
0.0,0.3788391286700041,224958.08659639998
0.0,0.416244362824864,78137.85398812
0.0,0.8472075869336143,353303.77405585
0.0,1.0,429005.454408
0.0,0.43285710832305946,146897.75115624
0.0,0.8698501032223319,1048575.1176324199
0.0,0.5887227765439056,625195.4898607599
0.0,0.5064117419853226,545571.6896448
0.0,0.49308678993836413,378461.51441135997
0.0,0.6310491206791995,693823.3645146
0.0,0.5395435625089708,742063.8307329899
0.0,0.4852899441869265,519144.15772866004
0.0,0.4883516869214232,591768.85291712
0.0,0.5632402178801659,723981.7610505699
0.0,0.4991557039073238,539479.37050715
0.0,0.5293299730598766,718810.8088058201
0.0,0.44790642124490654,493409.06164676
0.0,0.5083440308087291,660055.8219633
0.0,0.5161721248431365,691818.49205151
0.0,0.5352729021399375,718364.73211985
0.0,0.493679858239811,613787.9380383
0.0,0.6445615784600043,854873.66766753
0.0,0.46625177809388335,482636.844932
0.0,0.5338755695609589,655756.1288043701
0.0,0.48483085362812733,572417.69913434
0.0,0.5479598376415296,602517.46853372
0.0,0.4521379666709727,371951.86568583996
0.0,0.7197851387645479,377010.1845396
0.0,0.3634664312788826,172766.56601596
0.0,0.3446747747304151,126793.07013422
0.0,0.4253019707565162,405786.41397546
0.0,0.4599020508111417,444259.68796799995
0.0,0.5566830842391305,636771.3355068801
0.0,0.56936820579055,537772.0098109801
0.0,0.4397865363595448,402671.39578456
0.0,0.6419123892731464,558424.82687376
0.0,0.41197373968559897,368275.11902226
0.0,0.33844474219641707,130381.73904168
0.0,1.0,1253614.42364226
0.0,0.3731772044540505,222823.87819573
0.0,0.8258354266575322,1129666.7040995702
0.0,0.6162582765453579,768184.0589313899
0.0,0.665169440545418,893595.34705315
0.0,0.4362197505247666,135910.28631752002
0.0,0.5351170568561873,445346.35556833004
0.0,0.4919759456285806,507745.90354541
0.0,0.5589390051627663,500542.5977100101
0.0,0.46799580272822666,468039.3078504
0.0,0.72262118491921,1024915.749248
0.0,0.36354455945468317,154692.15172179998
0.0,0.6895605537770756,981597.47362023
0.0,0.44059040590405907,496165.5943935
0.0,0.41936778725539386,440959.42682355
0.0,1.0,1920290.22663498
0.0,0.34597867974575847,144923.53693532
0.0,0.504906383938642,402758.8041376
0.0,0.6019713682234217,684876.39481808
0.0,0.6182923320385556,767131.43747748
0.0,0.4795174870466321,550580.95857184
0.0,0.6520634198148991,821156.1958274399
0.0,0.8939682150088973,1471393.32632104
0.0,0.5022908535550653,393999.82840824005
0.0,0.6067638483965014,707867.754496
0.0,0.44149771434553514,432963.75989974
0.0,0.3968704286537524,-4726.64647744
0.0,1.0,379638.3134466
0.0,0.47413102674995994,315288.25595495995
0.0,0.6914285714285714,776768.9566785
0.0,0.6386779184247539,833186.4230646
0.0,0.3635906462157405,369288.14734464
0.0,0.48064949942720525,215440.72845927998
0.0,0.30408303093359046,159537.78253405998
0.0,0.569295761125246,926149.89201093
0.0,0.4679540160793448,474013.49508968
0.0,0.3634031886676965,345101.92075228004
0.0,0.3682462225880416,365018.67809118005
0.0,0.44873549967576914,458793.33613794
0.0,0.4433709696193691,408476.17848772
0.0,0.5185801442041043,493516.96289910004
0.0,0.40713992332968235,536974.75361832
0.0,0.3371500134180159,296245.08237207
0.0,0.40149707741858526,380736.44574580004
0.0,0.3251608204879233,303798.991147
0.0,0.3909845341380611,228561.40408626
0.0,0.3964019851116625,368565.7709756
0.0,0.5887971089313371,738774.05433476
0.0,0.363759801758376,473993.57042351
0.0,0.6394368376266728,1002942.11819202
0.0,0.4803749267721148,357709.25570358
0.0,0.39069610652283837,488049.72459594003
0.0,0.45880417679874125,675739.19851532
0.0,0.7088579136690647,939674.5069463999
0.0,0.618615866891729,1026064.72759305
0.0,0.5578331708675672,402904.68610269995
0.0,0.44413842121629427,597310.471213
0.0,0.36388783740500247,439927.45522836
0.0,0.3338867497968844,552933.3068803699
0.0,0.365884237654106,748817.12628638
0.0,0.4905283460770132,627794.92414278
0.0,0.5048786805975304,680736.86989922
0.0,0.5022125813449024,545156.11333
0.0,0.46174142480211083,893532.3807773599
0.0,0.5572051963685609,935375.84078925
0.0,0.5080889787664308,887089.5529713599
0.0,0.4175185054635178,611261.89126912
0.0,0.506239810286053,483278.49284355005
0.0,0.4895962932772749,685136.75918862
0.0,0.7493148181984286,1274803.73709213
0.0,0.6661736742024086,646120.7944571
0.0,0.48663825719861403,708204.44585614
0.0,0.5777187587363712,807437.17339136
0.0,0.4678021465235651,612545.8540783001
0.0,0.5584179208960448,615268.9109068
0.0,0.5583475762755009,594626.00828752
0.0,0.5627433839307001,735589.17617884
0.0,0.629760526476144,821470.31287563
0.0,0.5075585657926893,567460.46670225
0.0,0.43892999430848034,523917.95691015
0.0,0.40249374850135305,666587.17026231
0.0,0.44378043382027443,426776.90928642
0.0,0.4582635186595583,759823.7546712
0.0,0.371656009395798,244671.80773076
0.0,0.4499328576318492,280624.08690813
0.0,0.42920489296636083,433533.804225
0.0,0.5134148054502037,291318.93507105
0.0,0.54138688222003,692245.10825215
0.0,0.4366441734738171,414016.16833824
0.0,0.4481940103651541,508301.74788723
0.0,0.4445415324122112,356244.15481688
0.0,0.327338844853547,437886.76623813
0.0,0.48365933294681274,456771.26383937994
0.0,0.4513895789857233,358181.99534334
0.0,0.5275862068965518,569534.385368
0.0,0.41922093169524927,615262.78060793
0.0,0.4251741896395032,414407.31111119996
0.0,0.4700593908352858,381345.53211326
0.0,0.42408521611001965,449088.1805116
0.0,0.5021921363684192,808658.6331010001
0.0,0.5372744243932794,643774.899852
0.0,0.5116172316384181,588214.3950264
0.0,0.4020195645313979,572261.11363386
0.0,0.807808260476334,936071.5902269599
0.0,0.4507565260765948,352725.26521382
0.0,0.4952730439109342,583700.765765
0.0,0.3772443009885011,15599.54276361
0.0,0.8117533486183178,1474465.08071464
0.0,0.5877537655533727,1289325.02827284
0.0,0.7102042715555349,1011767.7082633999
0.0,0.7472472968951492,1298617.67806474
0.0,0.6439011427052883,1046238.7790254399
0.0,0.3268225666756264,312372.52102848
0.0,0.5035971223021583,827365.89475183
0.0,0.5514546804869386,659695.93067187
0.0,0.6344618199966727,955190.05827128
0.0,0.3790545454545455,441455.684225
0.0,0.5967032967032967,842601.8189407999
0.0,0.3394853652838501,292822.54613524
0.0,0.3537928509056083,312876.39198081003
0.0,0.4170380935401438,333519.64325574
0.0,0.8160150533138197,283610.380293898
0.0,0.5046200388017493,539058.66939594
0.0,0.324920335015933,353894.18596372
0.0,0.40882186616399624,468157.08140825
0.0,0.6530569514237856,695910.47578416
0.0,0.5652267632350405,540689.89374264
0.0,0.5342835911639533,733699.08329012
0.0,0.8490470781269721,1214123.4829695
0.0,0.4554332189886024,391745.14377324004
0.0,0.6567669922264301,449557.10253848
0.0,0.5299805037202084,532481.63223634
0.0,0.4976542238540665,468549.79702857
0.0,0.6261370178468624,600132.6942876
0.0,0.36901152213462707,-348509.90257304005
0.0,0.4524352908433064,364110.6971742
0.0,0.7437669301785615,1531424.27377068
0.0,0.43174849937383947,831521.79619074
0.0,0.49600047226895716,342005.76991779
0.0,0.8109987357774968,1007147.28005232
0.0,0.49830508474576274,727802.2132914
0.0,0.6710684273709484,1080822.79930325
0.0,0.4592454435391512,477476.80240218004
0.0,0.6966657983849961,1492900.4630606398
0.0,0.5710896309314587,1047174.3355903999
0.0,0.6495665171898356,1613210.58329925
0.0,0.4805438545272553,1106262.89631543
0.0,0.3774617067833698,123785.76126612001
0.0,0.4092901141068363,-235015.10553149998
0.0,0.5063397430514737,893696.14350114
0.0,0.5530838234810896,451556.57895971
0.0,0.4541945647892871,830411.1173329001
0.0,0.4033907493654666,203350.71216078
0.0,0.45256445365987247,802161.20256734
0.0,0.613809714973906,688395.6525536
0.0,0.47467974925047696,660289.04643675
0.0,0.672470486766212,791289.7851259001
0.0,0.4076527079507481,585567.15650479
0.0,0.28162970686129046,-228031.63301092
0.0,0.7276822584278099,1234407.65796868
0.0,0.3956513659171158,80782.24979456
0.0,0.9026961281167647,1296901.04920542
0.0,0.4151981351981352,487767.18327075004
0.0,0.40753450205147335,196432.9806153
0.0,0.5092897614969034,629553.09923829
0.0,0.6109074007126994,976724.5127365399
0.0,0.3067089160839161,-26486.951694800002
0.0,0.506295344373231,680280.9749783
0.0,0.5940663584762128,530931.33799216
0.0,1.0,1063141.0415387698
0.0,0.3592914010700663,223309.97544072
0.0,0.49911258584767343,749602.38533964
0.0,0.5328648375694327,866484.3332018
0.0,0.5836094291481017,951120.09473622
0.0,0.5627450980392157,576237.5091167999
0.0,0.4379391100702576,281615.57715060003
0.0,0.6593831014232051,1177010.0412069499
0.0,0.44830030187688674,317413.56588225
0.0,0.33731056322099073,265619.98726144
0.0,0.3915141709439857,362772.52787776
0.0,0.4780871519540517,211696.83015680002
0.0,0.4195299285551993,207866.93563672
0.0,0.41640612144150074,299420.42173974
0.0,0.3996964937035755,358750.79431647
0.0,0.4407397834640016,312952.81052528997
0.0,0.5980562304755294,1063058.83553472
0.0,0.438592744841577,320708.01355539
0.0,0.5846818126790686,783128.7748449601
0.0,0.39005480134512394,494095.51381576003
0.0,0.40266510166741465,547975.25272125
0.0,0.38322357480210206,724599.7189390201
0.0,0.4885057471264368,458808.67677096
0.0,0.31972288986285874,247961.00746845
0.0,0.6332881681891691,971579.76998929
0.0,0.5005715625641176,508807.69823196
0.0,0.349155782096209,357382.5862018
0.0,0.33358902492993064,268079.88969965
0.0,0.5231108524519864,570105.41141004
0.0,0.5950552384081482,922728.10631902
0.0,0.5058360781554795,682937.0590381101
0.0,0.38443388388554717,415176.8180186
0.0,0.4445826761157888,-635.5619673
0.0,0.6661409043112513,926144.60789808
0.0,0.3825930317402408,52759.53346664
0.0,0.7375893469107999,1224278.77517924
0.0,0.3061313975299018,98615.61060703
0.0,0.5144750715469197,555396.4325784
0.0,0.6100563571685519,857628.4182569999
0.0,0.6225493822593771,686776.03437326
0.0,0.39215931081840316,536065.71118398
0.0,0.5159548355424645,531147.4411176
0.0,0.37755801429550573,450697.38839733
0.0,0.597444089456869,695338.4174517001
0.0,0.3919586983729662,430949.10984479997
0.0,0.339478187768337,283289.73143636
0.0,0.5155297721865528,712962.5351273799
0.0,0.6390738181970439,867186.93931179
0.0,0.38522233366766967,699493.8954822001
0.0,0.5358781739692036,533861.74928716
0.0,0.39209571907941565,431787.18981754
0.0,0.41232471978614643,487236.73962330003
0.0,0.36419939577039273,170645.27715840001
0.0,0.4933416001725253,420252.77298784
0.0,0.6303802482175864,671534.0929264
0.0,0.4004755909917471,305170.2763284
0.0,0.5051776437362714,662944.03220258
0.0,0.4439679614403175,600835.6459121599
0.0,0.5408024319959467,611811.74129465
0.0,0.39150526673462455,716420.4218666999
0.0,0.46669164481079056,464228.1957333
0.0,0.5447665779743599,539081.92668537
0.0,0.39858043620576783,446012.16318633
0.0,0.5363504024661757,805205.1903565599
0.0,0.45766030347528147,338098.33127574
0.0,0.3514205658160345,350679.16202858
0.0,0.3561022617765433,377920.67969488003
0.0,0.32510678690080685,284139.65812832
0.0,0.3414101466812266,310985.96580775
0.0,0.5088896952104499,547319.12578224
0.0,0.46296843816985733,599772.4618873601
0.0,0.6214323521029274,906034.92309828
0.0,0.3652115961346218,421298.464988
0.0,0.4603148573302722,600657.7856482001
0.0,0.34533396494552343,325363.7650052
0.0,0.5474946203504457,854588.89213821
0.0,0.5346297836938436,624539.95317024
0.0,0.35029414224774863,351967.92269921
0.0,0.33561564349541606,274981.3603196
0.0,0.5006842387100613,456660.23534280004
0.0,0.4485970734650777,655619.2768008
0.0,0.5131764776585835,528807.97578174
0.0,0.3883986547234524,437229.39121877
0.0,0.37012528107934467,636332.2641411
0.0,0.4387460373370905,401476.0922227
0.0,0.366980885048442,348659.0550912
0.0,0.4779277846838773,445446.96310226
0.0,0.4006874800666218,425897.56729776
0.0,0.37440696692012737,657368.7809018999
0.0,0.44431761432546196,445622.70521662
0.0,0.3809398360061909,407365.47954573
0.0,0.347137572192798,234692.31499868
0.0,0.33883337206600045,290254.70004672
0.0,0.4689816787388155,590342.3995166001
0.0,0.32435323593164994,407768.72663592
0.0,0.344077776256333,316302.82257595
0.0,0.3330105934616699,272956.23393892
0.0,0.46626873958911713,418820.90772924
0.0,0.41592050666084296,341382.8710496
0.0,0.42217484008528783,203539.55946025002
0.0,0.3576373918997743,197413.62908474
0.0,0.43202630913230455,240795.6182413
0.0,0.4246212716884206,331907.26943514
0.0,0.331902290574138,226718.02774103
0.0,0.42003329905489445,175325.88754296
0.0,0.3764450285652979,299768.87242321
0.0,0.37658617818484597,342612.6658995
0.0,0.5134483858393281,710097.27056055
0.0,0.5488318282610791,665186.84156049
0.0,0.6653153742208273,957207.5385549299
0.0,0.38605142655864744,437101.67434009997
0.0,0.5536046634125785,598090.0978871
0.0,0.4050278351598333,469761.36160853
0.0,0.5097906195072311,570682.01815365
0.0,0.41408091502762856,505582.84736023
0.0,0.48430366106116896,429228.88860033
0.0,0.3756988911447759,370461.850031
0.0,0.46678667335556406,529429.39347676
0.0,0.4832480152039972,400882.88011681003
0.0,0.45200273410799724,351278.90231
0.0,0.46034822393086355,535955.6990103
0.0,0.48491658743193017,416774.84546685003
0.0,0.4223757937990288,464788.04241959995
0.0,0.5904718277599633,733993.0494335999
0.0,0.3782628330573536,460580.8920004
0.0,0.4968170931551746,439283.74610556004
0.0,0.6696353776288524,1033908.36192292
0.0,0.4461897129535189,480607.59326665
0.0,0.4482262703739214,304794.68727131997
0.0,0.38198523468233014,316254.20812893996
0.0,0.3234705285874002,206579.76098461
0.0,0.37515089062269985,392201.92478969996
0.0,0.4541674805368753,480815.34729150997
0.0,0.5879739642525055,684254.92037511
0.0,0.35637650060894277,337316.92858373997
0.0,0.47187111329650305,401674.52770810004
0.0,0.3701416741206683,396452.83893287997
0.0,0.4472420506164828,292452.75151225
0.0,0.5785597036912328,884776.11430439
0.0,0.5067726898820949,380147.82500989997
0.0,0.44275169275169274,380360.01199103997
0.0,0.3803600567102694,260186.57369898
0.0,0.44151184358561135,469047.85724091996
0.0,0.42223268404637204,564745.93392
0.0,0.46994815336363055,448893.14870738
0.0,0.4349742398522886,463098.07402029
0.0,0.4652974504249292,513791.49847632
0.0,0.5378715244487057,606085.4817090001
0.0,0.40598262898625875,480443.08592383994
0.0,0.5901378762223989,733943.3897889301
0.0,0.42097664850037897,548531.55143096
0.0,0.39998611400402695,768702.0947253
0.0,0.4216390361769246,629790.1884199199
0.0,0.4073382865593859,476174.74979997
0.0,0.4888881148112025,665881.17725856
0.0,0.4835577565101269,387685.55803712003
0.0,0.6390841725251758,1174379.57812348
0.0,0.4792097404089134,244252.74694014
0.0,0.419353173476499,228000.57959018002
0.0,0.36196058867548014,139023.00078980002
0.0,0.4896706347088026,381081.25402662
0.0,0.6242418313441597,607323.89038236
0.0,0.3990406889597471,390780.72776691
0.0,0.4410803169086679,323152.61550515
0.0,0.40464375746318165,303378.6520611
0.0,0.3976187179842171,256242.6979073
0.0,0.4388577674545703,343665.17046645
0.0,0.462478853458457,546416.1477337499
0.0,0.3670593061415846,350024.13132479996
0.0,0.665367982233997,925901.7659145399
0.0,0.3765131217921818,417196.83799002995
0.0,0.585889217304518,763934.4773930099
0.0,0.4245688185970414,450894.94434208
0.0,0.3799213788932567,471925.8003271
0.0,0.4990977300788299,455447.46528761997
0.0,0.46517909901798027,408315.83576856996
0.0,0.6179397184933242,862949.6398179199
0.0,0.5122243450665458,698662.46021887
0.0,0.6338191935550849,836483.8656437701
0.0,0.38268898631592935,684535.1165064
0.0,0.5322956410169835,514796.30763455003
0.0,0.46767744085304896,578668.9585864999
0.0,0.4969431880312143,688353.06016127
0.0,0.40262984517404193,307149.77188644
0.0,0.3423163467902052,199053.5744215
0.0,0.4809592903879322,388684.40413276
0.0,0.4769707831925123,493347.82676381996
0.0,0.4338523406888018,237326.8624256
0.0,0.6050360107757435,929766.1375385999
0.0,0.34149329996350175,213651.1592973
0.0,0.28618561893968014,124806.60027494999
0.0,0.4440804014873755,276707.28698991
0.0,0.317340531012449,377496.67086679995
0.0,0.37106768350810293,278047.27053584
0.0,0.33683646112600535,290623.293807
0.0,0.44015411676019767,288848.31404295
0.0,0.3272889334558926,257668.42425264002
0.0,0.3876001104667219,318175.259391
0.0,0.5205748460233866,669068.47438288
0.0,0.4867678958785249,436337.10262875
0.0,0.36691953955654494,372152.55729018
0.0,0.4813169425511198,598667.12173632
0.0,0.3590414758031847,595136.14145817
0.0,0.4243807706722088,448487.13208750996
0.0,0.37977208838376203,481055.32702668
0.0,0.3477929743280551,359569.67405677
0.0,0.49889240506329113,471406.95355999994
0.0,0.3651054159828305,401906.18398856
0.0,0.4386897133748007,514195.91799892
0.0,0.5915492957746479,775002.39784083
0.0,0.42162083515204424,426128.14175924996
0.0,0.2976552153930046,168412.35078864
0.0,0.4583098515954164,345525.33219717
0.0,0.4407724245548527,435756.61799267
0.0,0.5533399800598205,632998.93717346
0.0,0.38475319700994626,363709.77672474
0.0,0.3479754057497369,351191.01469876
0.0,0.45533316003812496,356364.81377136
0.0,0.4008167694768106,384242.4308736
0.0,0.6329478612300428,1065590.47062677
0.0,0.4730484181657906,622205.40663603
0.0,0.4970173055342272,490215.7047036
0.0,0.5093804992990724,548156.5499949
0.0,0.3852174774596255,495566.89121246996
0.0,0.5104089098973679,533597.51066314
0.0,0.37351070356139615,453907.89531378995
0.0,0.44868925831202044,571765.4004972
0.0,0.45692092333873136,407170.20709260995
0.0,0.6969302131651639,1237972.78209532
0.0,0.3954170065252855,237183.87770672
0.0,0.33951058429236797,153575.50375527
0.0,0.46818031578144464,288493.18327349
0.0,0.39015602915500375,350178.30507756997
0.0,0.3740519606261094,393502.40447574
0.0,0.4135067649962255,403783.68512911996
0.0,0.38023261906009326,310726.8535131
0.0,0.48104439780872693,359379.239436
0.0,0.4212302543887014,410377.68739316997
0.0,0.7085809715604893,1381793.08373131
0.0,0.43721099392113055,278135.40444578003
0.0,0.3604571728849186,248370.8070662
0.0,0.35186617398527686,334283.17940649
0.0,0.3743913435527502,367685.5777065
0.0,0.34744263123894054,305410.31125624996
0.0,0.42491956119682806,244513.26154016997
0.0,0.5789497127076745,1149385.43900412
0.0,0.5131598781995237,517758.57518979
0.0,0.5058513268501731,352209.31107882
0.0,0.3792308723033633,217645.237336
0.0,0.5209194000055453,417079.32637785
0.0,0.4210743557992806,530904.03052914
0.0,0.46879209699146834,365780.83595884
0.0,0.42649670581495275,424170.2270167
0.0,0.43382769836770013,394077.57317424
0.0,0.46422235363690123,463236.05938479997
0.0,0.5115449795226663,746842.0858227999
0.0,0.5794988276670574,886367.20276704
0.0,0.40249975902066,496515.85968626
0.0,0.3482291345857715,359620.2403738
0.0,0.5469860995451925,698252.6755938401
0.0,0.4730186458056431,653521.01972982
0.0,0.41789456178280393,648316.7414725501
0.0,0.3846288822600456,486127.8606266
0.0,0.5515709187600588,650206.67960732
0.0,0.4035442684713598,500364.73251008
0.0,0.48438308886971526,696213.6229372501
0.0,0.8645143018974795,1232985.2520728998
0.0,0.46491256216909993,549626.4583711999
0.0,0.489272632129775,437991.54915744
0.0,0.36883170415734307,356778.51678440004
0.0,0.5013651175762558,492518.82441818004
0.0,0.4839232722489063,592569.91118682
0.0,0.34975746744957875,334579.06267968
0.0,0.4673356890459364,409986.56208124995
0.0,0.8584567857895107,1530017.32118947
0.0,0.45778986031176794,417217.49733096996
0.0,0.3931667380136986,257309.19963247998
0.0,0.3346589881982284,156087.09733048
0.0,0.4695396931287525,331117.10771124996
0.0,0.38741344552546236,319555.35635058
0.0,0.46522064323111445,431151.38169894
0.0,0.37054860442733395,436276.98137842
0.0,0.41195605474743757,308671.29400824
0.0,0.377140811718707,340756.21106309997
0.0,0.48319219176115974,337411.75134055
0.0,0.38219880294395603,302055.56938099
0.0,0.41183149767230615,371396.46200244
0.0,0.7067540609860359,685728.13462848
0.0,0.4656892744059814,321576.12938271
0.0,0.40498330336501415,213735.1045263
0.0,0.5414521522212197,374186.92032412
0.0,0.46660277632572456,420137.23327056004
0.0,0.5398832148956095,492147.48516443995
0.0,0.44738693608758057,491677.68778373004
0.0,0.451854893908282,395087.1087915
0.0,0.4467172078386497,361664.69874325
0.0,0.5604417556075566,434327.89269246
0.0,0.45985879405568525,411243.34946372
0.0,0.5271323793404114,298625.01422754
0.0,0.48864117398052775,451075.4022794
0.0,0.4921368160048911,636086.45926851
0.0,0.7876051395840858,1140334.39657926
0.0,0.3885545905707196,420895.2219296
0.0,0.33664810789888944,274614.2122162
0.0,0.5280930146263026,582961.9470422
0.0,0.40094874703516553,472469.84377053
0.0,0.5108678099667345,697561.51022901
0.0,0.3816495528320636,684755.7217433
0.0,0.45377049180327866,462933.9517725
0.0,0.40292476428708873,553252.05711552
0.0,0.37012022153181146,376537.60097488
0.0,0.38840949534969615,423637.84963169
0.0,0.49127811952096523,494762.85519102
0.0,0.46640303070583544,581693.31515264
0.0,1.0,0.0
0.0,0.4815701133379865,716254.57186425
0.0,0.5051020408163265,515354.2644048
0.0,0.46534733441033926,861267.3414224
0.0,0.3893754181110503,507304.02458196
0.0,0.3302953290684427,360964.63832349
0.0,0.39223862528163567,581519.12001747
0.0,0.5004270935493056,742223.773851
0.0,0.6328751662703052,958025.20837707
0.0,0.4433371298405467,539723.4226504
0.0,0.36221825632890475,504822.68898515997
0.0,0.5195254572417202,613873.0282932
0.0,0.38016365966676524,581136.999804
0.0,0.4820246668804852,518390.06933714
0.0,0.4566009499642137,651630.82506792
0.0,0.538151066692293,1119743.14440912
0.0,0.45159386068476975,345670.78395428
0.0,0.35638268990606503,320359.82533584
0.0,0.29834210733087135,220021.13616387
0.0,0.46240489535104107,390886.54380842997
0.0,0.3470981148879323,414699.74353579996
0.0,0.44486317743341675,490545.33482661005
0.0,0.557186076433564,742113.90315971
0.0,0.3887155161652727,446997.99184992
0.0,0.3511851520572451,401745.98622200004
0.0,0.32859732210723264,355649.8669311
0.0,0.45971481060274694,431776.42738296
0.0,0.40463011013088857,449249.2207128
0.0,0.47319476520400305,532358.16527325
0.0,0.45118898623279097,1104242.6003062401
0.0,0.4034983273799399,345216.34984314005
0.0,0.3412522869391879,232182.99057492
0.0,0.48438074237412715,451553.98185711
0.0,0.39838132295719847,421165.11098
0.0,0.4803953289996176,553313.3680015
0.0,0.6298121116299592,761836.6542393999
0.0,0.4252066657918908,441937.85587052
0.0,0.5001069257324413,450609.37700463
0.0,0.39260139561812474,386256.34515363
0.0,0.5287647230604497,1221023.71840456
0.0,0.4255561062359698,451712.79490714
0.0,0.36288409703504043,286135.192261
0.0,0.3050172965380914,188359.08665689998
0.0,0.4590983628592166,358379.2178038
0.0,0.3542752790786722,366846.88398828
0.0,0.44155989168969656,454654.48465206
0.0,0.5636564104331048,670786.15630819
0.0,0.38551532033426184,388847.5263045
0.0,0.3485933078075579,368332.51058802
0.0,0.45617639399288173,383619.90468548
0.0,0.4015506981002518,407137.03956352005
0.0,0.4741009783711266,603259.59722064
0.0,0.4744297125916166,990795.98428142
0.0,0.4980173995383796,502201.6491882
0.0,0.37550959232613906,390800.2965696
0.0,0.325784423891434,272925.61087371
0.0,0.5104157326877671,551058.75880002
0.0,0.38608453874416604,473534.71034997003
0.0,0.6036862714076652,850533.0997027201
0.0,0.4359817990899545,532922.5129302
0.0,0.3889542443192372,522346.4587439
0.0,0.3566315241442145,386650.88179692
0.0,0.5115350919887083,517212.77077463997
0.0,0.37433258906902245,400221.74927169003
0.0,0.44966679482250416,558655.5843738001
0.0,0.5060245171655083,665900.4485697199
0.0,0.5281491244586707,539463.3284706599
0.0,0.39854288623059303,446837.06481408
0.0,0.3449464596235395,291451.22160748
0.0,0.4395361257343404,932305.21643922
0.0,0.5416257016903999,615662.6795773699
0.0,0.5245564582987896,735671.634204
0.0,0.6535217298223078,872322.841962
0.0,0.41364324751432147,582875.39105142
0.0,0.3805027079572282,392424.512728
0.0,0.545671662455436,542584.5440808301
0.0,0.4792719573828712,609183.67545196
0.0,0.5458746510060652,648365.72096382
0.0,0.48463281524271534,555293.12571778
0.0,0.4868946363478563,416437.17394758
0.0,0.411666471346537,363151.49158860004
0.0,0.4989045017674038,485015.31128435006
0.0,0.4071910402478779,410904.24717798
0.0,0.49155379698676,601868.103564
0.0,0.6504317789291882,747971.4385764
0.0,0.3879433950501839,593105.4354884999
0.0,0.5124244246779146,446312.63741746
0.0,0.40101026045777427,384529.37150875
0.0,0.4812199307880595,404368.16171933996
0.0,0.4388131565782891,501209.90171927994
0.0,0.4464060141109776,529934.6875384201
0.0,0.6338931297709923,587420.2058984999
0.0,0.47156066124964974,364742.2642269
0.0,0.3581518039482641,360871.87979136
0.0,0.3089091058109991,236280.37092867002
0.0,0.4830434167727337,430935.97954995
0.0,0.36328526489550567,416705.98606754
0.0,0.4655228229200388,553992.97995064
0.0,0.5711394826888406,712017.09732579
0.0,0.34698548455098477,548322.95317568
0.0,0.3673899058424469,441812.14259094
0.0,0.3359078092435945,352738.29156036
0.0,0.48188904172397984,434528.81522504997
0.0,0.35269367968535625,421362.07757847005
0.0,0.42391566992871815,474816.27119664
0.0,0.428288038087681,392745.95680815
0.0,0.6784780023781213,634415.1911014
0.0,0.4369158878504673,253776.3619536
0.0,0.3670377566559891,243164.32921028003
0.0,0.3104759972611772,149537.16484376
0.0,0.44724368207411286,297328.01466755
0.0,0.3590462833099579,312449.83456183
0.0,0.4367953489635687,394866.00945335
0.0,0.3433788433788434,403286.9985
0.0,0.3505725396996867,315409.03672012
0.0,0.3410231823565909,259713.1297579
0.0,0.45339710226473484,322767.37746909994
0.0,0.35448651379494234,303078.70878274
0.0,0.4312226245031268,229873.39327244
0.0,0.3905336969224776,348415.97418594
0.0,1.0,1071300.6887451
0.0,0.6333519241494702,695375.8456489
0.0,0.4348245896363051,422927.54273364
0.0,0.4498797113071371,297342.55762860004
0.0,0.37124080484638683,260398.32528064
0.0,0.31289304073271923,156816.96312315
0.0,0.46063385030343895,345500.90914775
0.0,0.3633783663937092,318518.24961356
0.0,0.4433177399927169,443533.49416697
0.0,0.5752102148863283,608358.58581474
0.0,0.34707667640153467,448480.44540689996
0.0,0.35439055626705274,350215.60348612
0.0,0.3447071154070106,253270.26918812003
0.0,0.4606940612748657,339788.6544183
0.0,0.3585851270314899,294632.95046799
0.0,0.40298036062937864,377855.19170268
0.0,0.4956995186617218,805073.1986804401
0.0,0.4751582330370905,580943.3705833401
0.0,0.49902152641878667,492619.47859854
0.0,0.376276582962874,378444.65412364004
0.0,0.32642397297843473,265663.39195838
0.0,0.5114551825342158,535565.3177514899
0.0,0.38695551205918455,458500.01200079
0.0,0.4940808995783227,619877.28477535
0.0,0.6053142970454095,810174.1944403499
0.0,0.36879841239357275,624304.78099806
0.0,0.43702196337099153,524007.82751984
0.0,0.3574223845551787,374846.51810816
0.0,0.5126662547559429,498008.28778732003
0.0,0.3751580995621858,384838.26932405
0.0,0.47638532691698127,448836.25138324
0.0,0.45064860005137425,539470.1699193601
0.0,1.0,553538.64195384
0.0,0.5919433047370384,996884.5984335301
0.0,0.39641778161415625,341743.36415663996
0.0,0.3513832108550074,198272.81316430002
0.0,0.2889514289873356,115247.71611394
0.0,0.4272704528396297,226387.9325881
0.0,0.33971461249387286,283039.91385686
0.0,0.40985645437114576,322985.54753468
0.0,0.5176448386488016,541405.48782174
0.0,0.3183681023769863,336118.19663684996
0.0,0.35506399475499556,279191.33803288
0.0,0.3134817281099804,239599.41461164
0.0,0.42231449236538976,283374.4468399
0.0,0.40247565524926115,161835.55898509998
0.0,0.37205418444980515,297754.91892142
0.0,0.43949954296160876,441389.69812592
0.0,0.4401035537773594,289908.5102487
0.0,0.3769672282910572,278110.09848408
0.0,0.3196608264800531,182658.70079174
0.0,0.45251411386060253,333741.21406134
0.0,0.44760470845880096,433269.3347598
0.0,0.35369298319210224,440985.14789472
0.0,0.39316109882787653,384612.37148300005
0.0,0.3514881036982291,312617.10836839
0.0,0.46472523110077696,377973.98727886
0.0,0.365007072135785,351244.28487850004
0.0,0.39443057853557306,395518.97228901
0.0,0.5628675441052926,1030644.47414988
0.0,0.4412576642547874,422508.18020397
0.0,0.44705944854699037,306080.27487538
0.0,0.37759324948941203,258105.15949416003
0.0,0.3193806893332296,165316.87004718
0.0,0.45772024335986705,344961.36272631
0.0,0.3703725449901653,334004.70187497
0.0,0.4494225685265062,432159.68881890003
0.0,0.5816715290887249,632784.1279549
0.0,0.3539616631590922,442162.5999068
0.0,0.39417679353525387,368470.35425658
0.0,0.3517233402729586,272047.2113016
0.0,0.4669031755645929,354251.75937294
0.0,0.3654725938713854,296732.64670439996
0.0,0.4428449369546643,271525.93392301997
0.0,0.4002680812229067,381824.29813104
0.0,1.0,1059025.41808604
0.0,0.510010764262648,759134.8882424
0.0,0.4140491467959315,348159.28211504995
0.0,0.43240326807461077,234839.50091748
0.0,0.35447412180419874,201874.4312552
0.0,0.2989079954813606,116331.64487709999
0.0,0.44258429004587035,271324.66560914
0.0,0.3454540309572993,264773.36449467996
0.0,0.4250893552981645,356505.279517
0.0,0.5438492650685607,527712.68475792
0.0,0.3303693945880674,369018.17175023997
0.0,0.36963618018873523,278594.11001338
0.0,0.3378306171520171,282623.3463742
0.0,0.43897960886861215,279654.79651879
0.0,0.3412061835641531,237821.13409669
0.0,0.418456602922379,203905.27197992
0.0,0.38621353880022014,309179.98777259997
0.0,0.4686163844706687,482595.64921943995
0.0,0.4691881739580972,577417.1568613
0.0,0.4933458404174239,474132.26688497997
0.0,0.37194180522565323,372608.13731079997
0.0,0.3228081194507095,253807.08550627
0.0,0.50558039018325,524231.11260128
0.0,0.3820379286626707,447363.67256762995
0.0,0.48816467611023673,617094.06402891
0.0,0.5961410772175135,809968.6893179
0.0,0.36427442301612395,616895.2018628
0.0,0.4311526479750779,493742.5904439
0.0,0.38513886334375574,499539.08426226
0.0,0.5062783005234593,488536.41593669995
0.0,0.3704961086378631,382013.36690738
0.0,0.4451033870353926,532305.39941124
0.0,0.4244383062334482,399590.45210757
0.0,0.5179615705931495,466663.53763368004
0.0,0.43885267275097783,258251.62189399998
0.0,0.36319759468298346,250329.64175296
0.0,0.30652268038611413,154512.08249224
0.0,0.4492437195843746,303444.57258005
0.0,0.3548192251272759,317630.70646056003
0.0,0.4331450094161959,403190.22563082003
0.0,0.5585642950501022,584473.41600606
0.0,0.3392070484581498,410696.73705868
0.0,0.3773470989555032,307660.32660504
0.0,0.3465462043518368,321959.66934498
0.0,0.44969611307420493,327599.17353624996
0.0,0.350320087988945,311297.603596
0.0,0.427797696239225,236168.08131501003
0.0,0.39238984567210916,354406.894876
0.0,0.4271239282930631,504541.7677942
0.0,0.5064490195393058,667465.21073185
0.0,0.5285472018089316,541713.17143386
0.0,0.39884742740703005,447696.13931048004
0.0,0.3451992062280568,292480.5343787
0.0,0.5420382772082395,617653.08771674
0.0,0.41275345907498495,493598.28833549
0.0,0.5249742789817795,737228.9819882599
0.0,0.6541939908276542,875242.44749598
0.0,0.39246542680019075,721099.2634857
0.0,0.4139703459637562,584343.695026
0.0,0.546125333425711,544448.2787562
0.0,0.39957169009706056,447094.78604483
0.0,0.5037325939242512,528024.1140717401
0.0,0.4796650717703349,610878.0344918
0.0,0.4906787330316742,605216.256521
0.0,0.4504025614722248,504050.32527212997
0.0,0.47539687023332017,374294.0750989
0.0,0.3673930450697781,329466.50273327995
0.0,0.3113589425857084,206959.63193595
0.0,0.4870105797473408,432725.77770345006
0.0,0.3665734309689179,378969.22660296
0.0,0.4695022409545576,541226.18487804
0.0,0.5854375069725931,685003.09495618
0.0,0.3500212649614193,539114.7187685
0.0,0.4127510106700245,357774.29241516
0.0,0.37051017398997343,429067.7329798
0.0,0.35581803082033775,358681.69185342
0.0,0.4544379999450232,356523.23463303
0.0,0.4276355880560634,454263.51889380004
0.0,0.4957741659538067,645093.8491005
0.0,0.6273128805061478,740959.21554465
0.0,0.5185162363669974,498723.31856836
0.0,0.39117536847364476,439391.26153248
0.0,0.33882712534835635,283673.35720788
0.0,0.5316439934003674,580035.0435429501
0.0,0.40394805194805194,477786.5212425
0.0,0.6373658495844992,833122.6951814999
0.0,0.38439981317141525,692005.0697109001
0.0,0.4573694646397885,422396.79491898
0.0,0.40573532261189693,559550.6447973
0.0,0.3728398421553953,385927.98691928
0.0,0.39124699834274695,456014.58463484
0.0,0.49445192163900104,495347.81205239997
0.0,0.4697750702905342,585484.1840936401
0.0,0.7519675649892679,677092.4892066501
0.0,0.43391931957713153,467275.17847894004
0.0,0.45953473132372213,362361.41047224
0.0,0.3652113843603205,289187.32944309997
0.0,0.3058582198897088,193615.6203205
0.0,0.4706109289316322,400203.05499653
0.0,0.3565872703610666,371324.19273296
0.0,0.4530690573711798,483234.52319758
0.0,0.5731512111834383,691743.74693151
0.0,0.34012888107791445,493089.2774034
0.0,0.396687898089172,426204.37247999996
0.0,0.35762268017761584,393961.65890332
0.0,0.3375841725761278,302560.71700232
0.0,0.3518216583167818,316188.64969302
0.0,0.4396691577351666,321807.70640662
0.0,0.4122848246284002,427667.06589847995
0.0,0.43502092296811457,445982.30248968
0.0,0.751836255019097,923979.4671976399
0.0,0.45282105093227865,316037.28078111
0.0,0.371001551738219,278058.10896311
0.0,0.31228991596638656,173481.35699919998
0.0,0.46367289313640314,364855.6152232
0.0,0.3630597903763697,342807.18564232
0.0,0.4461304151624549,463976.99042824
0.0,0.5766331658291457,645287.9274288
0.0,0.3466539803361878,468012.50003447995
0.0,0.38994458879879784,344196.12004063
0.0,0.3540294323756132,368662.85158124997
0.0,0.34426037237941653,277340.73584715003
0.0,0.3582390010502976,317287.2281656
0.0,0.43731648489932884,291136.40330336
0.0,0.4058117681075611,400190.1649521
0.0,1.0,1024340.625
0.0,0.4814776782276076,260825.73403435998
0.0,0.6709731870414855,839138.13870709
0.0,0.45626511164841416,111567.74271258
0.0,0.439236443763173,123662.62562304
0.0,0.37678368407619667,55686.77400684
0.0,0.4652696470813123,142491.49313785002
0.0,0.4353029557288294,213485.38093328
0.0,0.46127239036442247,230686.97657775
0.0,0.583192279138827,462506.33501100005
0.0,0.4123217973905597,249555.9676317
0.0,0.4379633136735025,210996.43673336
0.0,0.40273750430038824,179158.7070529
0.0,0.4066046416521828,174528.00308476
0.0,0.4258557068329304,204511.25395294998
0.0,0.47040289136528973,80190.49731121
0.0,0.42581557418442584,220057.20160328
0.0,1.0,537810.0
0.0,0.5136083115037962,659809.2241832
0.0,0.4539587053921108,537665.3708202001
0.0,0.4788051209103841,441045.044404
0.0,0.3608422629335177,342534.94169232005
0.0,0.31353464769985856,240683.9762151
0.0,0.49053568863995406,479896.74434415
0.0,0.3694997940887636,431493.17884554004
0.0,0.47304046173629594,561331.82079502
0.0,0.5729569428281842,777738.0119798799
0.0,0.35272148411192067,569170.38411044
0.0,0.41622669250818684,502290.14947346
0.0,0.3732842117772892,462132.26947462
0.0,0.34156070805285466,355130.94326304
0.0,0.48997668997668997,465329.66878575
0.0,0.4576078833005785,395821.07520872
0.0,0.4309444853844264,497727.20340671996
0.0,0.4089472198701665,375130.50725699996
0.0,0.5531299316149395,758983.7987954001
0.0,0.43529989912836564,255578.73613804998
0.0,0.34934212247246854,221858.30378472002
0.0,0.2935870224378411,134884.62256512
0.0,0.4455750365268211,292767.64436063997
0.0,0.33979475484606614,294045.3278112
0.0,0.42806884607057805,379437.39102976
0.0,0.5389692226054656,573219.47059712
0.0,0.32477404018906,391276.75586259
0.0,0.37249917760698587,317578.06033546996
0.0,0.33800543434397784,303620.35214795003
0.0,0.32212578298362404,237330.42765393
0.0,0.44174512441156694,309424.4587392
0.0,0.4170534813319879,223205.50046
0.0,0.38898589285219365,335170.0184049
0.0,1.0,931802.30181192
0.0,0.5192581180374496,737078.45102184
0.0,0.4187786178255777,292815.26761916
0.0,0.4197367453489227,166557.59346591
0.0,0.3616430889676189,154817.41942807997
0.0,0.3083433229441381,83062.6969844
0.0,0.43245514309722705,197561.35868332
0.0,0.35368409738270545,232160.22811661998
0.0,0.42716062017090517,279842.15285144
0.0,0.5418137892585021,487379.24138280004
0.0,0.33910161041943987,296757.93450375
0.0,0.37460995698985183,251034.91667001002
0.0,0.3459865157104694,221128.10794719998
0.0,0.33682257850801645,186025.3177986
0.0,0.44244090740838665,238425.09617339997
0.0,0.42251161009240196,133636.4189944
0.0,0.37707706398011254,255173.2013496
0.0,1.0,929154.47766735
0.0,0.48678673623969027,616271.57751616
0.0,0.47232364063111226,603266.16887192
0.0,0.49632840838715386,503044.63652834995
0.0,0.37421956684092605,389503.91279875
0.0,0.3247085176038137,273921.76497798
0.0,0.5086674212188003,550467.6083429999
0.0,0.38462045769306863,476031.87586944003
0.0,0.4912727498602398,638999.3448495
0.0,0.6009528309315694,856232.47195794
0.0,0.3666507557677009,639529.51277025
0.0,0.43423392016733486,541196.5723177
0.0,0.38757442082857757,521511.56862220995
0.0,0.3553019742600577,389526.17361849
0.0,0.5096334130729941,519722.09804086003
0.0,0.47388637275697987,461371.05154270004
0.0,0.44801608835828516,559313.55285344
0.0,1.0,594736.875
0.0,0.42453379146000164,332098.40719825
0.0,0.6897250101264684,1243579.6500796902
0.0,0.42800467931437874,212324.20553946
0.0,0.3648169101008023,192298.0488352
0.0,0.30945694047471106,107536.0514099
0.0,0.43829994613589146,249887.315972
0.0,0.3568090881110272,251842.55759397
0.0,0.43301161894126716,337824.78584391
0.0,0.5544448411281685,501195.63742402
0.0,0.34154948694283077,349997.2856842
0.0,0.37879054489999414,249479.23545978003
0.0,0.3486386465767909,266091.4370748
0.0,0.33921676778819637,198923.73512240002
0.0,0.4491154703276749,263091.10711682
0.0,0.3523921934616124,235457.53109692
0.0,0.3820087098530212,292144.3680456
0.0,1.0,307878.2326954
0.0,0.5865742024965326,358753.2663715
0.0,0.4791351190328426,251306.18828677
0.0,0.475549223274198,76768.36535928
0.0,0.4305046190984634,90550.65781789999
0.0,0.37018613968354,23503.2232949
0.0,0.4878997707324981,100759.91060143
0.0,0.42601357273433,230765.86492605
0.0,0.4847745484989834,187365.57235785
0.0,0.601714040851307,553359.1403208501
0.0,0.40402612595047765,216680.34930816
0.0,0.44124099028517705,296385.69122136
0.0,0.40855225585379784,149535.15729216
0.0,0.4024323923468631,191797.62990857998
0.0,0.5008263239683284,221250.02533451997
0.0,0.41703384615384614,201577.17733125002
0.0,0.4392436605267015,210150.043058
0.0,1.0,2341566.51727978
0.0,0.7422106491873933,1215473.06765082
0.0,0.40209246822445466,340083.97034503997
0.0,0.42860417144166857,219116.73011319
0.0,0.3342517961527567,197361.84353612998
0.0,0.28140866102538575,112792.4692486
0.0,0.43866228295489573,256355.74976824
0.0,0.3268691850689385,261156.97501496
0.0,0.42118436468207476,344008.35289612
0.0,0.5161919625438939,517832.29281516
0.0,0.31324253051681483,356298.6155652
0.0,0.36589019769115533,265928.21346393996
0.0,0.3326009265387161,272100.074172
0.0,0.30639414445518576,208036.54354769998
0.0,0.4343932547117822,272848.70481232
0.0,0.31974378711238177,242195.02417264
0.0,0.38258143655445004,300132.1336303
0.0,1.0,601873.4814088499
0.0,0.5931952662721893,884605.7020416
0.0,0.4660490848853292,560461.28810394
0.0,0.4903560398578171,456254.36806434003
0.0,0.37851156751652504,360528.32684784004
0.0,0.32090251170710943,241223.12684505002
0.0,0.5024862447406361,507018.0490356
0.0,0.37945281238817136,430086.71640051
0.0,0.48505105639201496,601228.83538406
0.0,0.6091588857463872,783188.0746269801
0.0,0.3618945913688046,601190.97900242
0.0,0.4280706577771668,468076.554699
0.0,0.38269875114224794,484761.0364962
0.0,0.3506078055022393,345810.4594554
0.0,0.5029189396114461,469694.08199376
0.0,0.368044287486876,369452.28910233
0.0,0.46834187937335336,422111.78545712
0.0,1.0,341333.33331968
0.0,0.6636587366694011,1141604.24746875
0.0,0.44608380868802106,345911.66537488
0.0,0.434642416303499,202003.54554349
0.0,0.40368795048773654,201319.97600321998
0.0,0.3385865550357055,113588.8184229
0.0,0.44784309740358724,245145.2513363
0.0,0.3963836739214709,268652.2805121
0.0,0.4429526667719686,343001.7004827
0.0,0.5650933111011351,525493.71370896
0.0,0.3730148066535888,352833.04384692
0.0,0.3973834595190439,244421.19845055
0.0,0.3638267242507525,268639.57924875
0.0,0.3662890678313089,218800.90700545
0.0,0.45923424650073524,275833.28937118
0.0,0.38702928870292885,262788.35946978
0.0,0.4379947878251463,180032.37690732
0.0,1.0,96376.041654805
0.0,0.5855235711305798,857803.0009875
0.0,0.47074303908509046,589254.4710450601
0.0,0.4948253557567917,472717.66926968
0.0,0.37307165405920545,387670.47985535994
0.0,0.3237508947745168,264400.917846
0.0,0.507111678593699,527464.12263376
0.0,0.38331854480922806,458897.30537202
0.0,0.4897062010464072,627667.05835413
0.0,0.5985255480177248,818205.82334514
0.0,0.3654529307282416,624479.05345856
0.0,0.4326802834514381,489241.10536644
0.0,0.38634686346863467,507042.3111936
0.0,0.35411954765751213,376095.010648
0.0,0.5079421335824983,498003.13176934
0.0,0.3717104206163041,408346.40867299
0.0,0.47249135442567664,442706.00031468004
0.0,0.6409426987060998,946580.3901216
0.0,0.4687849225286176,501127.35692106996
0.0,0.465411920092455,370420.55780418
0.0,0.40066280494597306,318837.44417532
0.0,0.33957858005636826,211021.2438563
0.0,0.4801288638320327,419799.1205227
0.0,0.3953722641106261,395268.58068578
0.0,0.47604747191822355,518473.50175326003
0.0,0.6209981675110489,728049.49048104
0.0,0.3775178687459389,520657.11319464
0.0,0.42149238382929494,417981.98944084
0.0,0.3841893830703013,416961.23803949996
0.0,0.37560096153846156,325684.8851956
0.0,0.49521982797374653,422536.96586303005
0.0,0.3897641326118801,359526.0451786
0.0,0.4673222755164929,341635.92317275004
0.0,1.0,1525150.0001297998
0.0,0.603785760378576,740026.74175325
0.0,0.48743016759776536,623293.6759812001
0.0,0.484497797737283,437967.33733467
0.0,0.4145993061831327,427545.53305008
0.0,0.3502384291725105,292956.2806555
0.0,0.49773268995988607,513826.3742619
0.0,0.4104448866919176,497988.87943644
0.0,0.4941863985950463,645963.62025124
0.0,0.6527110501029513,849333.81839292
0.0,0.3911884165814033,631958.5915952399
0.0,0.43882356927455696,457327.69774929
0.0,0.39777410136862684,516661.49232575
0.0,0.3894238358326756,425790.4577355
0.0,0.5150494301366413,525449.05050476
0.0,0.40422659046662063,494117.33954104
0.0,0.4837038696309571,434964.0346684
0.0,1.0,0.0
0.0,0.535657510444009,766648.1701652
0.0,0.5557757083415891,616673.13191682
0.0,0.4196931117662825,519352.41601824004
0.0,0.3624619330020837,340771.1586686
0.0,0.5702741510001001,714402.52518959
0.0,0.4368702947675943,560311.96384807
0.0,0.5536383045745686,852088.03433222
0.0,0.361032775584383,590886.63530352
0.0,0.49708675871977015,502889.10220562
0.0,0.4364015283084404,668957.1245307999
0.0,0.4026451138868479,446910.86452039995
0.0,0.5773244955505914,623855.746176
0.0,0.4223285020627213,512011.62931772
0.0,0.528871684954733,619327.90664654
0.0,0.5066787003610108,701339.511741
0.0,0.6176508207205287,1059248.2842365
0.0,0.599305404818754,765075.30216175
0.0,0.49480232004259017,474135.87710401
0.0,0.4589063886424135,368592.12728511996
0.0,0.6060292596423822,950431.86633116
0.0,1.0,1360156.93630464
0.0,0.4500871779259956,402321.95509828
0.0,0.5384529461044401,488914.411863
0.0,0.5330964504194293,617366.49191034
0.0,1.0,1010219.53131792
0.0,0.4751666484537209,446694.81687884
0.0,0.5234342840341076,546303.6034490999
0.0,0.39601608765873897,443193.71524915
0.0,0.5975371383893667,851719.36216712
0.0,0.5375004648049678,838759.86935971
0.0,0.5118702243288522,674941.61326176
0.0,0.6905202896110456,1115326.58689032
0.0,0.369263027102586,251634.1495734
0.0,0.8466593647316539,819874.28692104
0.0,0.48238729695199856,578487.64641444
0.0,0.35981844359305987,140326.88402106
0.0,0.7348328518365662,1407002.41195998
0.0,0.5231534634519709,651972.41752788
0.0,0.6366039654295882,813339.45968535
0.0,0.483490307742854,432070.08134368
0.0,0.5597106592056776,824115.35399856
0.0,0.46128857606930157,295049.98684719997
0.0,0.6304710215157976,829147.1070623
0.0,0.49988881476539915,812815.0819588801
0.0,0.6233738537001493,1150481.18388924
0.0,0.44701772180429944,474054.86918574
0.0,0.43806060606060604,389170.7182125
0.0,0.5182491176723767,1055760.76615566
0.0,0.470397515189494,341799.78542196995
0.0,0.3915550645361214,268750.20393305
0.0,0.5177376593864411,659419.66949312
0.0,0.7791466346153846,942151.97278312
0.0,0.7495809587663426,770089.2803884
0.0,0.42013003901170354,330473.77886200004
0.0,0.43882189618096196,415020.24378427997
0.0,0.4724869262056944,471889.28008299996
0.0,0.5276254744833404,687265.22431964
0.0,0.5537202936419062,546232.55808744
0.0,0.36264942973370934,149115.3359695
0.0,0.6137212725008491,827079.52116468
0.0,0.6336960831827995,1036779.2474276001
0.0,0.7788592563753163,805111.74212742
0.0,0.6211754013935171,971784.41024448
0.0,0.6090351612476287,736076.06760606
0.0,0.5430594049487428,649186.7160638401
0.0,0.5378659784640029,827445.18668798
0.0,0.6061987862995851,778542.74721464
0.0,0.3514410653945538,-220653.5911722
0.0,0.36052505269308627,-133320.83125788
0.0,0.47797227443609025,526504.6730093601
0.0,0.7495590828924162,709799.42994912
0.0,0.39804509543855604,315258.8711888
0.0,0.417856202264946,354750.95819130004
0.0,0.5956427015250545,791900.2523771999
0.0,0.5432444378959776,763296.70257768
0.0,0.5281272884628188,798088.3560216
0.0,0.5389266304347826,775869.7398392
0.0,0.49571737738897187,587643.18985136
0.0,0.47875333135919457,563743.27382464
0.0,0.5576537609452474,739409.60390512
0.0,0.49918640390526126,557970.5012327
0.0,0.6098274644334578,960837.10196228
0.0,0.4081421475875118,284758.49826952
0.0,0.7345406360424028,1603156.8105064
0.0,0.5573685361320652,409273.6869948
0.0,0.5570569599793108,726421.8617019
0.0,0.5857250891281645,880366.21633183
0.0,0.5176167287310226,679907.9375739
0.0,0.6040074466000392,765608.7491892
0.0,0.5243222333258115,677505.72417584
0.0,0.5746917040358744,783349.31651592
0.0,0.603605633802817,851302.4736299999
0.0,0.4428986272439282,286212.462752
0.0,0.3967068019195954,343679.76602969
0.0,0.580035650623886,848719.5355926
0.0,0.4653483758988346,545859.56617664
0.0,0.6784193415449425,1128225.61619955
0.0,0.6311035845328817,659612.95006488
0.0,0.7260517339397385,1009992.4486595199
0.0,0.7613150888489877,1005366.83977385
0.0,0.41264384994769093,386915.421746
0.0,0.4526674754893924,553887.2288528
0.0,0.629544264012572,835478.47091355
0.0,0.5014242215892348,626901.03887649
0.0,0.44591232435084277,647318.48622906
0.0,0.4777136421230466,447733.60870315
0.0,0.6225583445460029,1071152.0731953399
0.0,0.6182200748129676,1049726.29681912
0.0,0.5845616024187453,805551.16788576
0.0,0.43026934334624367,370988.35620028997
0.0,0.5120697858842189,631629.84944675
0.0,0.3820834508034959,102033.30574164
0.0,0.5271640961511741,734773.5722686801
0.0,0.44442576088784264,715204.83833428
0.0,0.41363295880149814,377417.11538250005
0.0,0.484834843284002,466873.54229116003
0.0,1.0,1830583.98798912
0.0,0.8390064397424103,1840922.16961856
0.0,0.4833004383154333,297077.99109494
0.0,0.6377088103112015,1107303.01936722
0.0,0.44834371925221383,425805.01652256004
0.0,0.579556412729026,1044960.57514704
0.0,0.496489947208806,465872.9312164
0.0,0.3866468290868514,238462.71576956002
0.0,0.47902425483188177,523650.67829426005
0.0,0.4091420534458509,449742.4023528
0.0,0.6533055700156168,840385.00604428
0.0,0.4668381702709221,755456.56916762
0.0,0.5321658168920417,667331.9283148501
0.0,0.4509522098454905,385226.23114506
0.0,0.541350405913801,793350.94848988
0.0,0.6445269016697588,1219188.9842048
0.0,0.37133173736449954,245631.07897966
0.0,0.7030845187466392,1188920.88516654
0.0,0.5094601763205092,275252.94747302
0.0,0.5700595496312655,951013.0867299399
0.0,1.0,2045797.5
0.0,0.8686778337941129,1572009.4745392601
0.0,0.8619186046511628,1148723.8016992798
0.0,0.5571253905719331,772651.64177492
0.0,0.6724527973549117,1187862.35972148
0.0,0.5625889507051365,786059.7877302801
0.0,0.5245342351963925,540353.9954489999
0.0,0.5099051107041784,693527.6260689
0.0,0.655357500500701,885635.75605175
0.0,0.6165423607699522,750180.1623388199
0.0,0.552002376119994,1062259.17430557
0.0,0.6985452586206896,827796.13838064
0.0,0.49773690431573786,519817.4884565
0.0,0.5644116317613379,901937.98809128
0.0,0.5650242058491942,670477.75598278
0.0,0.5515861853414596,552006.48260925
0.0,0.5054746465398108,690364.6094893799
0.0,0.7086831966808258,1184804.27697268
0.0,0.41158408932309837,378248.12253675004
0.0,0.4995272612669398,653754.66136848
0.0,0.5640806236927173,1016804.4715657199
0.0,0.5477847705580794,892273.8877107301
0.0,0.48787180331467456,796674.45000312
0.0,0.5068035669876008,694185.76980117
0.0,0.6943324135003184,1286536.85095364
0.0,0.5135081446166071,687577.481808
0.0,0.529219955798703,795984.77234147
0.0,0.45860794084552325,516530.74621085
0.0,0.5415056219255094,768155.3190242399
0.0,0.6117834818459902,716475.94173064
0.0,0.5340532870881286,821684.4394466401
0.0,0.6633992972073238,958055.2007484001
0.0,0.7450689289501591,1510367.8375832
0.0,0.6216619924399464,661819.71856472
0.0,0.6941460794844253,776285.40634608
0.0,0.8692144373673036,1709987.0171327998
0.0,0.45509650661987555,572227.36686955
0.0,0.48680464068675366,857327.1993017201
0.0,0.6114814389150672,834433.33913008
0.0,0.500069947679136,456329.57602521
0.0,0.4994411137079565,585467.3056871099
0.0,0.5342681858019281,875180.6795146
0.0,0.5771862131578094,698667.59025011
0.0,1.0,1477969.7099211002
0.0,0.7920148560817084,1567719.7983153001
0.0,0.7582094429014867,1858084.27480148
0.0,0.4062002068599223,372675.13049639
0.0,0.5557438325442312,1051739.70971075
0.0,0.7635549558390579,980755.7416216799
0.0,0.6865490449983813,1048641.7557056
0.0,0.6268612599297987,799631.3017201
0.0,0.5179983512960645,533158.852751
0.0,0.47091763005780346,573707.69339352
0.0,0.6741368154814422,1352189.44887489
0.0,0.8340087534446425,1178496.42773466
0.0,0.5173221254878415,575663.3542345
0.0,0.548445336008024,788847.9391842
0.0,0.6876436656980527,1208205.71422798
0.0,0.602220941805039,1340050.39799319
0.0,0.6107329148616392,769047.38125976
0.0,0.6464328899637243,782819.6716896001
0.0,0.6053878435088669,1257904.45877838
0.0,0.5717701442575914,839171.68882318
0.0,0.5085731178557351,1103762.03350784
0.0,0.47403635648045656,220060.19761677
0.0,0.46945961956164023,603635.44171244
0.0,0.49056019808108947,677908.18940931
0.0,0.528494301139772,652845.85519764
0.0,0.6497384746381218,1320086.6832289
0.0,0.5543354310089961,907337.3932815801
0.0,0.5823522017848912,994655.00001854
0.0,0.6646136618141097,1239346.6582593601
0.0,0.465083135391924,786596.01615
0.0,0.689732700474644,860551.8948784
0.0,0.6255820476858345,1207974.4936775
0.0,0.5272379738770309,513370.47131009994
0.0,0.4932050511124474,579222.9089662001
0.0,0.6106853889293206,994625.9580938801
0.0,0.5820529584831644,1139863.53286716
0.0,0.41565896442204026,439438.36828078
0.0,0.5011069089567383,1017121.04535114
0.0,0.4679596006100193,436944.30743769003
0.0,0.4364634256065741,487532.38587776
0.0,0.7400453889003508,1038558.79243792
0.0,1.0,1884958.454367
0.0,0.40349832526981766,193353.0911589
0.0,0.7958743842364532,665122.37791472
0.0,0.5297983996674633,337080.56354132
0.0,0.46668563300142246,492773.5351895
0.0,0.6703903705841131,912498.23915208
0.0,0.55181306901159,599055.45586936
0.0,0.5776043230261183,707007.6535496
0.0,0.4849566547679755,647780.73247695
0.0,0.5048228440454589,962801.99866188
0.0,0.5766417490555421,888746.71218816
0.0,0.7248824525108144,1064792.9137424
0.0,0.5032279986408427,843350.53005648
0.0,0.5454513997024119,770113.18783044
0.0,0.5540478531628974,696191.8546422
0.0,0.5733607259030988,880856.6281635601
0.0,0.6905378842030021,1165408.31221408
0.0,1.0,1557796.67301082
0.0,0.6485845326585482,996727.87815224
0.0,0.5679635111460158,558372.762394
0.0,0.5373075998075998,571435.31904984
0.0,0.5541021227768216,884943.7842118499
0.0,0.6310201569472227,989297.05120568
0.0,0.6976863753213368,1036325.2769848501
0.0,0.5020770870209154,791045.75631219
0.0,0.5775573133127765,691258.58584044
0.0,0.7768193133792625,1361629.7186527
0.0,0.7678542111311771,1299044.8751520598
0.0,0.5311488149203472,734054.6214546401
0.0,0.641072295002426,1108677.6632469601
0.0,0.5164922929478476,497230.81468672
0.0,0.7616987809673614,1408198.1864244002
0.0,0.637081723883512,1053066.33914083
0.0,0.5386549340037712,1070472.0382998001
0.0,0.44185743168329744,552861.58560972
0.0,0.6429836646329463,955482.4719236001
0.0,0.6992963252541048,840943.7002506
0.0,0.5092718369925762,661048.1890929
0.0,0.5646527854690442,484013.09003928
0.0,0.5026489794242064,866963.66480007
0.0,0.7124133856152979,1246378.67682839
0.0,0.7046285018270402,1246953.3530495
0.0,0.7810331534309946,774759.76996968
0.0,0.5588416829544286,1173863.5643072
0.0,0.5074239049740163,549497.81867904
0.0,0.6182129115006413,1104079.6678692999
0.0,0.4881406535080445,654694.3691577
0.0,0.5456930341656122,658349.95748422
0.0,0.6414210738796932,1088068.5330689999
0.0,0.46633416458852867,443372.65675162
0.0,0.5070869713119401,595904.88320088
0.0,0.5300500192381685,714318.6285248
0.0,0.4937234004506277,440660.56292621
0.0,0.4920518535898639,482585.00898984
0.0,0.45963726884779516,685856.05731816
0.0,0.5684610230064776,885408.36032475
0.0,0.5489353754202465,585154.5563248
0.0,0.517986886407939,968312.9189286
0.0,0.5412825717993943,777088.25143962
0.0,0.5416701566295334,486080.93197836
0.0,0.6094560830290218,947234.4476028001
0.0,0.4853735531392494,466344.3680381
0.0,0.511379981385904,769531.8227355
0.0,0.6105875727426319,757966.1584528501
0.0,0.4700424867770745,397885.45577058004
0.0,0.46113804905875644,482629.84514368
0.0,0.6000885576178001,793190.1754450101
0.0,0.6591380502419912,997453.91307246
0.0,0.5714958177933881,896590.29499959
0.0,0.49248303406175925,587099.09138426
0.0,0.5426561889462944,788771.3799283999
0.0,0.5852592621756763,900968.8311203299
0.0,0.6288278571703709,854534.18746784
0.0,0.6897027143472642,1195100.8166417
0.0,0.5179220779220779,411363.753663
0.0,1.0,2007447.3156344802
0.0,0.48236689900637697,503707.91996975
0.0,0.638576580398812,1214032.05623104
0.0,0.6420700755230903,1332082.1322548399
0.0,0.6819179051663128,948335.1558462
0.0,0.537515340845699,494434.14369744
0.0,0.6743745261561789,1168309.11519904
0.0,0.4243913090948794,743818.22557218
0.0,0.553707653928197,850813.90557217
0.0,0.5319833915031893,615357.25317292
0.0,0.49272157121637233,479539.69118619995
0.0,0.5308456072655404,1099921.7167815801
0.0,0.43951557724763946,52473.70281866
0.0,0.5914019694241158,892500.5798045
0.0,0.5212202069736415,794754.0043232101
0.0,0.6196887957554951,1058237.36408397
0.0,0.6828846251717645,1138782.79378216
0.0,0.5102332814930015,676164.546678
0.0,0.5571235330676708,777384.05012296
0.0,0.6509981851179674,947380.4625992
0.0,0.42497648165569146,332684.38861416
0.0,0.6050614129090759,1005866.39613698
0.0,1.0,1811064.1665312601
0.0,0.7188770086913024,1474529.37978357
0.0,0.5679451358902717,646317.14605636
0.0,0.5178804572811515,639410.73154704
0.0,0.6671386161224023,1143243.8065232001
0.0,0.7552636011453596,851666.81853276
0.0,0.604325368808294,812607.49903145
0.0,0.36234504132231404,208258.35921079997
0.0,0.7306266221727846,1523127.90557424
0.0,0.4762640034166694,719684.7732086501
0.0,0.6035861123800822,973056.56850108
0.0,0.44039633627294084,393181.12390942004
0.0,0.6200205847596538,989985.4434772399
0.0,0.4061420586572882,400790.97324582
0.0,0.45614674781925785,424202.29232719
0.0,0.5312469099179274,1106159.08587882
0.0,0.5103078226489692,612786.05579835
0.0,0.6018020535028288,948112.75906018
0.0,0.4703639514731369,487615.441362
0.0,0.6670643798160577,1276208.31961665
0.0,0.6234026658278614,1018940.23699337
0.0,0.45328380178033223,420363.91851016
0.0,0.7367222712699224,1372678.09792755
0.0,0.5295029051000646,677456.7422736
0.0,0.8494055482166446,1543762.59292617
0.0,0.4066870760549853,442007.2231146
0.0,0.5206053275907844,520240.52181047
0.0,0.7121814858617354,1527293.45812002
0.0,0.6473964092033907,1119646.78786998
0.0,0.7142213613225821,1203741.34640959
0.0,0.4700903255126967,373820.59395242
0.0,0.7291741023627668,1531372.77408169
0.0,0.38838508197705846,343526.38606610004
0.0,0.43824948125791585,358798.10560347
0.0,0.47920074783828,496133.64431584004
0.0,0.5694020470461483,847541.8952916
0.0,0.5523695466210436,821083.3199295
0.0,0.5954312759586593,1072922.63398182
0.0,0.6167101015208681,1019970.80080707
0.0,0.5502424912788224,557975.97856616
0.0,0.7587558477683651,867806.80367774
0.0,0.42170219183591395,226498.18058304
0.0,0.47474324041081534,552582.8616109999
0.0,0.6151832460732984,660804.3803945599
0.0,0.5041165755919854,539651.710611
0.0,0.43914536436474627,247623.0613032
0.0,0.5789096768418226,533601.9911501401
0.0,0.4814244693762766,501941.05693147
0.0,0.5512290094913604,816736.4938125899
0.0,0.4059126286718554,367059.17785376
0.0,0.45884678578763605,285326.2664784
0.0,0.561144578313253,663583.98344
0.0,0.44971212914244785,339085.22991978005
0.0,0.6002998257769134,1029596.1662356501
0.0,0.5878546900415688,908632.6951417001
0.0,0.5353179496212789,647964.23747956
0.0,0.45368263667685105,375374.26950386
0.0,0.6502141439465162,1106327.82480102
0.0,0.4539588688946015,296480.92178
0.0,0.3879373280170719,283488.54745666
0.0,0.6267541605723999,1039845.34811161
0.0,0.51976401179941,615009.1249548
0.0,0.5049836981835119,579856.87945275
0.0,0.5840883977900553,713581.453771
0.0,0.6492318197336975,961819.3268212
0.0,0.5750251762336355,836156.9582208
0.0,0.7011642949547219,1114016.10309104
0.0,0.477965824544191,898959.49038378
0.0,0.47650721766204357,709706.68562656
0.0,0.4756132142350773,727457.57973792
0.0,0.5750782064650678,706433.2274021601
0.0,0.6239669421487604,967650.0879476999
0.0,0.6138149640097735,715864.64163251
0.0,0.5203724446933632,754860.44755888
0.0,0.5827116027784924,979337.31653091
0.0,0.6664499878118144,1170835.04402806
0.0,0.6744961779013203,1167924.24618975
0.0,0.5101021566401817,922885.6869998
0.0,0.5697944759601972,817076.8446833
0.0,0.5567850112008689,805963.6896241399
0.0,0.5641766405282708,720741.1908883201
0.0,0.47295582977741896,516147.51065612
0.0,0.6772373321295565,828652.05127788
0.0,0.6432181029470954,1088110.03901477
0.0,0.5508394895903291,715031.2654962001
0.0,0.6203917050691244,945837.29297328
0.0,0.8024587873707739,1337816.81501838
0.0,0.4316075657029263,433716.58530563
0.0,0.46998951746525547,709224.12067469
0.0,0.6732377174244736,1330380.0597657
0.0,0.5232623998705397,446761.94443388004
0.0,0.59831103107827,779148.7094813599
0.0,0.7618651753325272,980921.84660976
0.0,0.6255715855517351,816359.24683532
0.0,0.5598451923992006,668502.54486217
0.0,0.6735520909551416,925226.1426563301
0.0,0.5841698206351819,1062476.2168776
0.0,0.5720384204909285,906216.8828807999
0.0,0.6437861271676301,926152.8865286399
0.0,0.7851701371254444,972638.57727108
0.0,0.6747830166549378,1189705.7227461
0.0,0.7779987439815784,1254414.07361356
0.0,0.7713084263302604,1323341.91516645
0.0,0.7178511642063613,1211314.3735146301
0.0,0.48759110619060797,637754.19921747
0.0,0.6358616337317082,948598.82853642
0.0,0.7736271946208443,1446376.44336371
0.0,0.6635455288129203,1382207.33387359
0.0,0.7266414786071684,1423866.69094506
0.0,0.5083860662284204,476715.16187638004
0.0,0.548030809475367,547253.8422702
0.0,0.7594409543304863,711658.84436603
0.0,0.4873116217754741,617057.71415199
0.0,0.737252549490102,1123143.18883272
0.0,0.5388903405626687,669803.42495514
0.0,0.6799350121852152,703308.55411608
0.0,0.6883264609697142,1081439.7370914
0.0,0.5720984759671747,1087631.26947216
0.0,0.7113850616388687,1097529.71064255
0.0,0.5017472572125152,687368.9167141999
0.0,0.5020522388059702,837298.9434284001
0.0,0.8506666666666667,1612606.8789000001
0.0,0.6676594822917795,1225613.91160968
0.0,0.6901589789520824,927345.81433344
0.0,0.5630950320235416,847601.0427269001
0.0,0.49972954176647866,471634.13871046
0.0,0.6380024948694217,1032089.5286459201
0.0,0.4964786227502312,429948.39248512
0.0,0.516084115819915,800588.19459593
0.0,0.43734533956557603,585743.9503910401
0.0,0.6600977455462714,723427.06884888
0.0,0.45872638285073686,382511.00464464
0.0,0.4976303317535545,651106.35275546
0.0,0.4919668526974463,645592.58017848
0.0,0.5130311865005742,839605.41904524
0.0,0.5174584145062191,562784.06155191
0.0,0.5592627384924362,749679.0208633799
0.0,0.6085432169433315,902098.1291155199
0.0,0.4787923689572143,476360.12058532005
0.0,0.6106257170593946,776090.1088303201
0.0,0.4494604043167655,599871.1076154
0.0,0.5575,706617.6153439999
0.0,0.6055581503970108,751784.75640736
0.0,0.5261573509071679,508434.89571828005
0.0,0.669120029625515,1094565.16379166
0.0,0.566097216801273,559231.78992505
0.0,0.6164392358323969,745537.55235535
0.0,0.46462921348314606,522088.17241125
0.0,0.4886537620297463,416463.53380632005
0.0,0.5660913621946698,772673.85036981
0.0,0.6392416072360411,953517.2258696
0.0,0.4851555766887575,442332.11616026
0.0,0.5025396336770818,479754.96181005
0.0,0.6602201327926563,1154796.58406869
0.0,0.5302446718755731,857875.48577433
0.0,0.56197120848592,660601.67903644
0.0,0.6224118795208389,1040039.32595164
0.0,0.6763392857142857,897773.7557716
0.0,0.514096244547679,846674.567096
0.0,0.5317054076839697,594297.8851194
0.0,0.5204183749233302,749347.17173803
0.0,0.8249240121580547,1382042.7986304
0.0,0.4422022540359427,548346.94498896
0.0,0.6910212474297464,1357083.5165427001
0.0,0.7126184795924947,1269921.55857798
0.0,0.5712429319003969,866159.3952188101
0.0,0.5741997615335229,1033832.6356773401
0.0,0.741396659287583,958157.42337588
0.0,0.6641484797612386,1405857.42742692
0.0,0.6822740490178625,1524555.20548089
0.0,0.7313214385280179,971688.00716484
0.0,0.6141127078960116,851560.7502734499
0.0,0.8651803739138068,1608172.64467902
0.0,0.7829379101463907,1267576.689112
0.0,0.742727163893212,1379171.5509957
0.0,1.0,1467889.4224936198
0.0,0.590294377680998,775191.2080505199
0.0,0.5351783009775575,971235.61223886
0.0,0.7591574484997019,1477401.89100093
0.0,0.3632050221421967,138625.73155296
0.0,0.4635858256467592,466583.35892934
0.0,1.0,1608806.49061425
0.0,0.4895403525983207,463873.94900682
0.0,0.505031710257351,317605.86434918
0.0,0.7872465041364668,1499790.47332086
0.0,0.563603401389908,995522.2794578599
0.0,0.492566352189714,796570.10065353
0.0,0.47394852479598243,564080.591745
0.0,0.7082669499026376,705404.19935385
0.0,0.5957868649318463,1144004.0325020999
0.0,0.49850289440415196,746518.9556757
0.0,0.8654022636892016,923488.87626768
0.0,0.5131506849315068,756609.312214
0.0,0.5249310027598896,768237.9842987501
0.0,0.5117433645216727,696957.1208235
0.0,0.5576495132127955,842159.4452879999
0.0,0.4853237799921727,608605.71808201
0.0,0.5487763744706368,804372.43192293
0.0,0.8179624202723669,1322554.21358388
0.0,0.6438109368376431,779743.71068672
0.0,0.4635106354298655,288568.64041252
0.0,0.5275880189174987,935783.1391797
0.0,0.6530251357837564,1028259.49922184
0.0,0.5135800508259212,640173.9835012801
0.0,0.8547028544688816,1779694.21386172
0.0,0.5716659282233053,1251382.5943193599
0.0,0.5710771966217217,657333.2266147999
0.0,0.6127408229604376,1052024.9081646
0.0,0.504856646802121,629326.14847558
0.0,0.4902037617554859,522194.78411775996
0.0,0.6226829680545383,1149302.22757084
0.0,0.5515741868150983,855700.0591878
0.0,0.6351908978005689,1082150.9538894799
0.0,0.5163117796444618,674166.83522088
0.0,0.502860146563186,559812.31115159
0.0,0.631606952820149,1188469.71549552
0.0,0.538398859238134,631240.93009852
0.0,0.46703257023181916,437498.30774304
0.0,0.6938815276695246,1455868.2441531601
0.0,0.5549359387962024,1190674.3970588
0.0,0.4179538551024365,334450.11643764
0.0,0.5640587809168995,1013942.2511889
0.0,0.4280764709521747,363110.96018438
0.0,0.5110917248255235,641247.21549232
0.0,0.4986050219210841,562546.54532167
0.0,0.6214659685863875,1228701.5621091
0.0,0.48468835386915504,283065.96760746
0.0,0.5327552689233808,639681.4389805
0.0,0.5783657066309444,874267.9764
0.0,0.5899973951549883,928452.5538209
0.0,0.501612160294795,642469.12947795
0.0,0.44291509707331206,614391.27275488
0.0,0.3933718387259575,295255.49635867996
0.0,0.5207103052482741,923700.2721813
0.0,0.5227593092916716,512727.68575168
0.0,0.4125466122117653,250721.34857447998
0.0,0.4554546094795408,436265.18329625996
0.0,0.5080839992566437,629608.11639648
0.0,0.6121857986794857,1082249.83138638
0.0,0.446,553737.27136
0.0,0.6915984787368906,753182.82631316
0.0,0.5427331887201735,696403.3296997
0.0,0.5961048230855511,1243287.68016204
0.0,0.48568699441807706,586288.48683888
0.0,0.45606177606177606,854291.469537
0.0,0.5461509715994021,1029555.0187209599
0.0,0.6682158330051201,893723.2836503
0.0,0.7003219681334104,956159.4635216
0.0,0.5514350301885713,487384.36890606
0.0,0.48940131299604794,704466.27074322
0.0,0.6003838913292238,1024641.0326319
0.0,0.5780164961310621,527375.30166958
0.0,0.47029664924684905,794296.3779827199
0.0,0.7499552212072362,692485.73972937
0.0,0.5908635209196631,781796.2565277601
0.0,0.6009808729769495,821721.1804855999
0.0,0.5949438036520251,586955.3828788899
0.0,0.6275913129318855,808614.1436184801
0.0,0.46896440650668386,657593.0866971001
0.0,0.5974090959635272,1225898.6862145402
0.0,0.6167381006090683,948981.4217197801
0.0,0.49516527086620543,892555.6585026301
0.0,0.5433227344992051,699220.11605688
0.0,0.7117480823576907,532035.81869764
0.0,0.4824282012524293,352140.62395232
0.0,0.5563840559698058,890401.84691184
0.0,0.7522179974651457,1512154.27028376
0.0,0.74125,1056874.225662
0.0,0.539580538097592,738633.00196286
0.0,0.5691260981570777,720183.1529107
0.0,0.5476834270089624,610964.40122575
0.0,0.6929429826883371,1282401.9619138201
0.0,0.7360816608314019,1041725.03482691
0.0,0.7809050483913157,1082365.8669537501
0.0,0.542054433713784,729918.613065
0.0,1.0,1742080.1105901902
0.0,0.7506573426573426,1391146.43754625
0.0,0.47499925102609425,511642.12127249
0.0,0.6611422743498215,913429.3311513601
0.0,0.5519515477792732,805295.252028
0.0,0.6768409818569904,1232163.331788
0.0,0.44848695466210436,345607.59430808
0.0,0.5531135531135531,873918.5243877
0.0,0.6026454825344939,968352.92825833
0.0,0.49445676274944567,498720.09369865997
0.0,0.6672698960481461,1183984.77115495
0.0,0.6507819234084472,1225080.0112173301
0.0,0.45277089502628876,593961.59867788
0.0,0.5147197040899858,656107.5355668
0.0,0.4336903039073806,510829.4846215
0.0,0.47322332757490915,565114.4816548399
0.0,0.6809549647314161,755338.4033116599
0.0,0.46278158667972574,396611.19715248
0.0,0.47991800653385436,671145.46032552
0.0,0.4356070867421574,397603.20407132
0.0,0.5403864215752047,705901.6850659599
0.0,0.4321223188247799,375812.91474033997
0.0,0.44298846078623116,393695.88285219
0.0,0.4342901724462619,359510.83626134996
0.0,0.48726144011801226,558721.24300853
0.0,0.42784923054048024,200590.08147407998
0.0,0.7542315504400813,714074.85002118
0.0,0.4032238157537459,200987.61187286
0.0,0.4527779127983279,188507.61876146
0.0,0.3984527546405003,205759.35034971
0.0,1.0,2268298.8305208003
0.0,0.47694251421351863,538055.82914709
0.0,0.5011575860472295,948788.64840292
0.0,0.5459658928059616,720316.8690950399
0.0,0.562802378402334,756426.1418604001
0.0,0.508151221222391,601058.7240089601
0.0,0.5808209780081565,804455.17264376
0.0,0.5896944903821046,943168.43817196
0.0,0.5070335672961147,453641.27539226
0.0,0.5656434430793215,792699.3192129
0.0,0.5013032758013385,823388.5147059
0.0,0.4085522582368061,636450.13437985
0.0,0.4434259628274338,690919.90326538
0.0,0.7241379310344828,1262425.182909
0.0,0.571111880845168,746792.1159677
0.0,0.4836803909412494,748263.5386359199
0.0,0.47706100175404403,928869.0901541
0.0,0.6279740447007931,940165.21573116
0.0,0.530873786407767,741589.457841
0.0,0.7349922239502333,809308.8415412001
0.0,0.7938668118308837,1258960.91993586
0.0,0.47948088390038585,572197.0804842
0.0,0.4156290140771227,318351.92534992
0.0,0.4785366619563511,582432.78645945
0.0,0.45657494622858413,670076.62871884
0.0,0.7137248486831343,1523648.34193068
0.0,0.5766985138004246,852450.0315407999
0.0,0.5482105263157895,990396.3882800001
0.0,0.6816508937960042,836384.4893618401
0.0,0.73196894848271,935555.8672398
0.0,0.5167689646987013,625481.96517629
0.0,0.5598857024821841,654541.79071022
0.0,0.6464296039317722,716901.237108
0.0,0.5830113041279931,946515.6509789401
0.0,0.6431317507780557,812989.83473318
0.0,0.6331744518589133,1075295.0230750002
0.0,0.6630570196454241,728312.3242081
0.0,0.7022226732974729,765727.25415544
0.0,0.5096783242939966,725855.2965244399
0.0,0.6968421052631579,919560.62295
0.0,0.6367367880964597,608518.7259439001
0.0,0.6132748217224355,653206.21642512
0.0,0.5719016474873748,673749.99803452
0.0,0.57618766016164,1037628.2753437201
0.0,0.5471401015628076,883337.49134017
0.0,0.5177251053831802,791048.08815858
0.0,0.7197169585032381,955052.3003841201
0.0,0.6539808120765698,1051525.08202218
0.0,0.6833447566826594,735551.08603306
0.0,0.6533762057877813,1084027.8120672
0.0,0.5310965630114566,670512.95639932
0.0,0.5097045269720791,338906.8552784
0.0,0.6799322607959356,695309.57787816
0.0,0.5831218870406917,706581.47270196
0.0,0.6680443048437759,1237802.28104784
0.0,0.7735490009514748,762170.0743024801
0.0,0.6382113821138211,969286.05222792
0.0,0.6564667870379169,825164.38553346
0.0,0.6257646919524805,1058775.38550595
0.0,0.8337038066129481,1052592.73408968
0.0,0.4553548350038772,462209.66590153996
0.0,0.6546526234418785,1050293.19129792
0.0,0.6087824351297405,748330.8135159
0.0,0.5925513945536193,938994.33688515
0.0,0.7692053345089827,709869.51697226
0.0,0.851652056641942,1652810.73086778
0.0,0.5663787699380093,670622.6606948599
0.0,0.43191043068457324,379660.734101
0.0,0.5011674943269642,632656.76232405
0.0,0.6299216046949591,1008290.5516026
0.0,0.47750591949486976,470275.08010362
0.0,0.6191252843469677,1107968.2924218401
0.0,0.5445535633840887,826231.1638648601
0.0,0.5883653360282971,778612.53776928
0.0,0.48936056885669393,398913.45507537003
0.0,0.5346688095511423,496544.02628787997
0.0,0.5659705964977995,848473.6107229
0.0,0.5352100247087893,983624.30332608
0.0,0.4268986189315629,395755.76016605995
0.0,0.5514018691588785,943041.4182527
0.0,0.5548807533522127,666809.40940744
0.0,0.45164764161102733,582884.01854776
0.0,0.49745008211599967,465437.12435415003
0.0,0.4638537946763497,532300.59856292
0.0,0.43041614670934836,397036.51548496
0.0,0.844789356984479,1214533.1651384
0.0,0.5365225821549159,691385.76951567
0.0,0.7919211822660098,1568369.8423229998
0.0,0.5568679748523528,1042471.0218176
0.0,0.7339580970572435,1226108.17105137
0.0,0.7417399211882388,712954.4454553999
0.0,0.6669238683127572,799647.30000792
0.0,0.7722278444412317,1387446.2021882
0.0,0.6646361723335917,757140.6412061
0.0,0.5479104342308041,839687.7050952001
0.0,0.5237888176251042,818103.30124815
0.0,0.5594153052450559,827277.325329
0.0,0.5203863866112546,883156.53279399
0.0,0.4953715948161862,787579.90994816
0.0,0.8030109925123466,1198094.14794724
0.0,0.7250771307365985,1189319.17421824
0.0,0.7530076822727931,1276785.09458422
0.0,0.7443223443223443,1109125.0117314
0.0,0.5905017921146953,933451.14580524
0.0,0.685162499099229,1109693.70288626
0.0,0.40582993055348576,403413.69199028995
0.0,0.9063640048642075,1495333.28623408
0.0,0.5440711462450593,553816.0953182001
0.0,0.4915974502607688,745611.66956165
0.0,0.6316139103862889,866397.2743583601
0.0,0.7855928879592103,1199159.68736148
0.0,0.37103081495385576,309469.50944369996
0.0,0.4687895300184879,214795.30376724
0.0,0.5188115570348948,479443.81061534
0.0,0.53375147001176,832375.513148
0.0,0.4356290174471993,585897.6795533999
0.0,0.44803775690504977,109914.92057448
0.0,0.5768025078369906,870527.4277885
0.0,0.47123116739070153,97693.55340768
0.0,0.6435742414998059,836795.1936229201
0.0,0.9003322259136213,1609148.5441088001
0.0,0.38607924921793535,580741.133282
0.0,0.616173808086904,889668.0072708
0.0,0.7631933024368366,1276073.4677075401
0.0,0.4649957921312855,335500.2720448
0.0,0.8676470588235294,1068575.2888836
0.0,0.62510483645513,776679.98284568
0.0,0.7112433973337805,1017713.75884476
0.0,0.5095885634588564,917620.46454432
0.0,0.9089906232763376,1717751.47458944
0.0,0.4622220845977581,495077.90351810004
0.0,0.5931960420964302,699118.2215806501
0.0,0.5132551662483238,653715.4676937499
0.0,0.4687646782527008,380716.41167014
0.0,0.6945698199246196,897380.22485713
0.0,0.4501556140770888,151027.2808507
0.0,1.0,719071.71644148
0.0,0.3964674712982043,478133.5802006
0.0,0.3906331466914515,41632.62153492
0.0,0.5297444953369019,435323.40638412
0.0,0.8463251670378619,940316.2585803
0.0,0.4822688251751596,161416.4114286
0.0,0.7322585743638376,1338468.99678702
0.0,0.5230497121137997,941307.86688126
0.0,0.7707507611005802,1262529.04107156
0.0,0.8635057471264368,1140772.77696192
0.0,0.7048703658832082,771296.6193206
0.0,0.48646654498854414,463069.46312127
0.0,0.47078056296741705,553973.59496438
0.0,0.5138592750533049,829716.4423368
0.0,0.655897075249245,1163297.60915348
0.0,0.46801369630809914,390618.72383384
0.0,0.661146137197704,1303929.54828238
0.0,0.5558096980786825,736486.88644184
0.0,0.6889586193371249,1328167.2685574
0.0,0.5718415921468433,752289.60689112
0.0,0.45961170152840886,766313.63792029
0.0,0.7327548038607987,980844.71643662
0.0,0.44467129440587994,420776.39124975
0.0,0.7864597270537864,418622.27679536
0.0,0.4164234137348287,217410.94255866
0.0,0.6235728087124539,1202758.25186016
0.0,0.6518064216873679,357277.13135114
0.0,0.5274963820549927,622332.6427204
0.0,0.6242041360248753,790818.6970154899
0.0,0.45362684951281124,183133.0405374
0.0,0.8030364646875423,1552349.73790902
0.0,0.4269513363859014,352322.09557116
0.0,0.5982203453736521,1025297.9675334201
0.0,0.5595852423438631,989757.0051812499
0.0,0.5685923165137615,893915.1771761599
0.0,0.6735340729001584,616407.9627408
0.0,0.7645985401459854,792968.844578
0.0,1.0,999280.3491054
0.0,0.8516801853997682,835447.05912732
0.0,0.44455153801668823,375572.17192754004
0.0,0.5442786508917535,664871.90998368
0.0,0.52568473022217,1100570.08099934
0.0,0.4309892907960758,210637.64879108997
0.0,0.7516236337715825,1185419.06761215
0.0,0.49436222692036647,602672.369979
0.0,1.0,840438.94857384
0.0,0.7309388783868935,625214.12455656
0.0,0.5233729828017274,581800.3108491399
0.0,0.6547798066595059,1020509.8064302001
0.0,0.6629900442020903,970968.10794369
0.0,0.6068363141377093,852460.28454397
0.0,0.8851678043230944,1107391.85820768
0.0,0.4529131119415262,130499.62938084001
0.0,0.6050210398687683,754422.4861278001
0.0,0.45207002737226276,469129.5392704
0.0,0.6107950401167032,634789.9359670499
0.0,0.42224826227063306,359044.14528189995
0.0,0.5318114746983769,721043.9836021201
0.0,0.46956908040870726,555972.5404516499
0.0,0.6232215183300447,723983.61588944
0.0,0.46028099791655536,395492.21426238
0.0,0.6509528585757272,912392.11603804
0.0,0.46309548149662644,509346.51219941
0.0,0.6083122149011657,674229.180821
0.0,0.5467415894329709,907971.7095743599
0.0,0.6329955522949241,663579.94633973
0.0,0.511402122375254,649543.87205503
0.0,0.6590160333845816,836661.70046848
0.0,0.6169385854823691,914734.2990052401
0.0,0.5527453699926572,829260.58933272
0.0,0.5364923508525841,982701.81737662
0.0,0.6268464510264374,783806.2782536601
0.0,0.40648634790411486,286810.02732414997
0.0,0.5051024573434566,587668.3227869399
0.0,0.4326175339026986,380118.26860672
0.0,0.5604733086442056,540569.8774674
0.0,0.4244918351784165,334933.27334303
0.0,0.8057407155489049,853378.7268238601
0.0,0.45939211311679656,507087.36041622
0.0,0.5162693247833402,602264.90839471
0.0,0.8350824587706147,523883.25977844
0.0,0.4189415447332023,176118.90114726
0.0,0.8865415866449993,852070.62304248
0.0,0.42204594457901884,350796.94587547
0.0,0.4440897252793413,523221.47222552
0.0,0.5268863833477884,585257.0870714
0.0,0.5277119146413752,1048323.72514284
0.0,0.3948608861708042,172884.82779084
0.0,0.522299158662795,619079.7624996
0.0,0.44352918769640987,154796.13307535998
0.0,0.5142159119073753,737449.479351
0.0,0.5937011310324762,750146.5426838299
0.0,0.4459403877265623,405837.14114675997
0.0,0.6355523176395592,645477.59245956
0.0,0.3901783769392744,174797.31304628
0.0,0.4474161707069241,545020.32588248
0.0,0.5153301007086908,571129.061567
0.0,0.4649423770563913,525923.99542116
0.0,0.6125344493212208,661520.81647758
0.0,0.4568769270668242,526993.28257912
0.0,0.6036838978015449,960899.8228970399
0.0,0.5711996054740476,1065300.5495898
0.0,0.5839779005524862,1124445.314245
0.0,0.6175963593739227,1534586.0178147
0.0,0.5867448111752522,1123614.95117817
0.0,0.4396074847275001,1089359.9897796
0.0,0.49774860304887975,1052317.6333061499
0.0,0.6323333333333333,1078750.72431
0.0,0.5496103577345524,1279571.40263959
0.0,0.546249184605349,887954.6002887
0.0,0.5874650742343724,1113778.61592354
0.0,0.5638652817123072,1291383.1326069
0.0,0.6285012634800868,871402.34493347
0.0,0.5929068611203182,834953.822454
0.0,0.6489741572353689,852990.60164261
0.0,0.5717170017666359,1161228.90390976
0.0,0.7012225757829509,710159.87218557
0.0,0.5998764233383352,1186010.76821554
0.0,0.5567734313468102,716182.50176512
0.0,0.5450316785628359,1076701.1474359
0.0,0.5017303297420829,728820.8387877
0.0,0.564944826483288,751761.9521413
0.0,0.5944811504080839,986479.1541545001
0.0,0.8328857057594747,1280562.7375098
0.0,0.6394723138344037,839429.87054718
0.0,0.6550478422183167,1099057.04738136
0.0,0.6615584415584416,1110063.532188
0.0,0.5823290060065879,1111465.8492047
0.0,0.501464345651387,642804.93534959
0.0,0.6509587260318492,979388.33511105
0.0,0.5389507154213037,1038552.27306998
0.0,0.5931378824734349,1060494.05676669
0.0,0.6526271305817721,1295546.68410114
0.0,0.6091148115687993,1005972.13852536
0.0,0.6188059302791505,1201428.48511158
0.0,0.5508116364153021,846469.41647863
0.0,0.6183826594414339,888301.3617433199
0.0,0.6637853180234808,1101889.2319495499
0.0,0.5500515995872033,878665.3228254301
0.0,0.7093382028839493,1272071.36460883
0.0,0.5809412477810971,964413.75847278
0.0,0.677235570968541,1146879.14634594
0.0,0.5437753036437247,915422.3017332
0.0,0.5843822133182353,1029989.83982059
0.0,0.45054777381061367,499727.0942352
0.0,0.596856615278911,1194233.18355185
0.0,0.5541645069973287,973007.27508424
0.0,0.5799707907364907,981794.6215797999
0.0,0.5338745712577488,563880.5043545701
0.0,0.777230928636187,884739.84235822
0.0,0.4940110183046028,855562.3372676501
0.0,0.48477340442214206,630896.40049555
0.0,0.842605604695379,1640888.798276
0.0,0.5634196765170862,987750.38909934
0.0,0.5857316289366564,794710.84895794
0.0,0.5603305785123966,886855.666081
0.0,0.4638245735289498,557717.19465475
0.0,0.5889925229322439,902089.67293256
0.0,0.6219070204483422,1226834.33923671
0.0,0.46845915201654603,531617.64722125
0.0,0.553280325309516,827275.15254912
0.0,0.4853850183342064,802800.5446708499
0.0,0.5756948183738557,1033055.3661298499
0.0,0.5501118640770403,645003.0774221
0.0,0.5002419432884931,662809.16825058
0.0,0.8281549673954737,1457517.21981975
0.0,0.6625845637252481,1164727.88810337
0.0,0.4318949343339587,777037.0205988
0.0,0.4692645095670968,629329.3435545199
0.0,0.5463936889556724,546623.4205592
0.0,0.46426005747126436,572855.5071532801
0.0,0.5636720453554296,580828.36874944
0.0,0.5823263672090204,936663.43549821
0.0,0.4267621510509913,494912.5039588201
0.0,0.6197340865923148,852655.67538674
0.0,0.49108075966701503,643894.8979791901
0.0,0.6359140896007085,1086050.24797568
0.0,0.6634724023936059,1156476.9577084
0.0,0.49918622355226544,382349.0974764
0.0,0.592055362239512,994614.02235358
0.0,0.4654283406845996,600271.00942598
0.0,0.45252476443585404,572602.82785808
0.0,0.5054307495108953,765609.7033692
0.0,0.6636800345441788,862083.4987003199
0.0,0.5031226915586596,746998.8786730401
0.0,0.462234055311698,166764.37205934
0.0,0.7126595908321797,1536323.0618638801
0.0,0.7613110539845759,979559.8791167999
0.0,0.4566847322456544,414650.56895592005
0.0,0.9223599674237626,1854220.12471026
0.0,0.7345486396233646,1363318.0831867799
0.0,0.7400584634052176,1392793.62636979
0.0,0.5445477408234197,487693.21149801003
0.0,0.5078576498022914,825113.8907088
0.0,0.6484875248399206,1144900.74306036
0.0,0.6164600369295701,1229513.2662228402
0.0,0.5343829996142652,712816.37674965
0.0,0.47196767866030387,473586.50667663995
0.0,0.7003399988474616,1490386.8260751
0.0,0.5671156744536548,1047063.11073856
0.0,0.4294235289989825,725215.10696033
0.0,0.48062045945415277,834632.5909611
0.0,0.6655674414863669,897691.2341044
0.0,0.4435220595093741,536071.7811009
0.0,0.4291524948280094,681373.85329453
0.0,0.41258005631013894,554330.43480396
0.0,0.4742687219322733,593059.6144916
0.0,0.48852432842374166,850087.15464132
0.0,0.6517367804361794,935654.5453875901
0.0,0.6505622837370242,997198.6597856
0.0,0.4851057807967169,912302.44171014
0.0,0.5664194818273368,694887.93438336
0.0,0.5635067335621864,607171.24310628
0.0,0.6210538950906254,667528.26399264
0.0,0.5464912637966847,934048.57032305
0.0,0.7443744374437443,767744.9263411199
0.0,0.5306059436510999,953428.485936
0.0,0.6579606440071556,1097095.9962208
0.0,0.6022517713287392,614135.69745676
0.0,0.6416510318949343,456192.27904272
0.0,0.6771799628942486,595953.8273125599
0.0,0.7351311661437822,1166703.7098679598
0.0,0.6044961030769924,914995.7351284199
0.0,0.5779957582184517,722411.1133676
0.0,0.6082226553646707,964881.1337802
0.0,0.6077807250221043,1067823.6446004
0.0,0.5351536869731994,1125638.35305694
0.0,0.5561011359472334,956726.3709234
0.0,0.617216781525813,1085901.8885947801
0.0,0.5355456866104836,809075.3762727099
0.0,0.522951828695455,623613.55840329
0.0,0.4535040198750906,686096.84580819
0.0,0.6640926640926641,675130.8148254
0.0,0.6294005276084781,714098.32488568
0.0,0.5344923916258586,661872.5574305
0.0,0.5915741789354474,1048403.0204847499
0.0,0.6660003426809069,1229513.4520211902
0.0,0.6198967620835288,1003912.2449704501
0.0,0.7206243148718484,743283.13205813
0.0,0.4711038478680731,520778.71821024996
0.0,0.619796907876681,973076.65521266
0.0,0.649711851666249,789222.44166864
0.0,0.5953547628381027,686603.1301624
0.0,0.5795125980999587,718152.0747786
0.0,0.8256130790190735,1485187.1633976
0.0,0.6992090662259474,758824.2455781
0.0,0.6688599770699367,1126065.07168596
0.0,0.6274216694570677,878805.37220008
0.0,0.6400814909831736,868456.34014496
0.0,0.5900138330808247,1277325.65733183
0.0,0.6035957788682851,1058090.8413145
0.0,0.7425552353506244,700809.4515391199
0.0,0.5644861549897788,663767.35200236
0.0,0.5539761509910763,704830.0884323401
0.0,0.8690425441214085,1440589.0168381599
0.0,0.7082607548165742,1129223.9649793499
0.0,0.6596680224249752,765656.1283631
0.0,0.7136742991654184,1275578.83871164
0.0,0.6060367922843365,825501.7742703
0.0,0.7366771159874608,1416739.3181137398
0.0,0.7707681194317361,807336.7522234799
0.0,0.6814734561213435,696235.72307918
0.0,0.5137016870481121,459362.70820176
0.0,0.5648698035632709,948414.8138684799
0.0,0.5768108162512161,677617.11285321
0.0,0.5106951871657754,580260.06712572
0.0,0.7638028961776595,983147.8897147101
0.0,0.5849620688366531,740567.7847165599
0.0,0.7248554913294798,701950.795962
0.0,0.6373660667845625,847201.97620688
0.0,0.5295865879215088,923268.71366565
0.0,0.7672428166509198,731075.9372291501
0.0,0.5792698130008904,762937.8712345
0.0,0.6893712258772856,933010.93006212
0.0,0.6008523962772897,713864.6893269201
0.0,0.7606794270503232,774428.94516616
0.0,0.6321790341578327,1053413.90966925
0.0,0.5778734347048301,831880.85056776
0.0,0.6362558679880507,1083817.1651554802
0.0,0.5920276665453221,727770.9623437
0.0,0.5066348591024303,978038.69611756
0.0,0.6216030271757826,889083.1575908101
0.0,0.5110490127587601,857524.57078274
0.0,0.6474897479794561,998274.5665023801
0.0,0.5453780628877906,671832.96760272
0.0,0.5797228300510576,496781.50744320004
0.0,0.6313656204531283,723841.788311
0.0,0.6763318447701113,1306817.99621675
0.0,0.46624627478080594,944988.82963779
0.0,0.6250633767111712,967244.5689292401
0.0,0.4855496759244763,591686.80150861
0.0,0.5264430049308712,750857.53660626
0.0,0.6505761128876707,1089008.85714525
0.0,0.549755423621224,836517.77565246
0.0,0.5502774508155373,1045744.69400916
0.0,0.4697725254457272,600732.8475869
0.0,0.7340676632572777,1234027.56500384
0.0,0.6207324190253867,916759.23075184
0.0,0.5346372589818282,472325.97806279996
0.0,0.5708843436771831,781780.57947836
0.0,0.7228379078197825,723506.3011050001
0.0,0.4954924073629726,730195.7973529799
0.0,0.8486588744003783,1207087.23651841
0.0,0.6654403415542536,963131.4726846301
0.0,0.6695763447740049,1047535.08979305
0.0,0.47842084758235576,963086.69545141
0.0,0.5054941461181242,755657.9995728399
0.0,0.40661315813939075,544771.29787519
0.0,0.6610716963719213,1283573.57113533
0.0,0.7604058431636208,1322361.00840168
0.0,0.546648729920076,655249.0283416
0.0,0.6009736540664375,790774.8452424
0.0,0.463074138971074,472133.45007254
0.0,0.6507274490785645,1021041.646955
0.0,0.5817995034671689,1179376.94808682
0.0,0.6947651840729042,1223514.20176984
0.0,0.5856896043150309,1049663.59456826
0.0,0.6630991584339554,972665.1719664
0.0,0.6163209907961149,969204.5044364401
0.0,0.7212026552128075,443280.95427836
0.0,0.5804888600475882,975874.01639775
0.0,0.5469777464056172,786216.26094388
0.0,0.6176684088269454,861068.79822744
0.0,0.6091988463987416,1009265.28256878
0.0,0.47574963132885467,580687.27326288
0.0,0.471077091306725,411153.46667580004
0.0,0.654600205023065,881233.0278928
0.0,0.5898727691913586,699122.17103132
0.0,0.538022044696127,774395.05435486
0.0,0.5310008481764207,792849.9713904001
0.0,0.6664346895074946,842970.2391880001
0.0,0.6315582418368442,933213.76260156
0.0,0.5590787091941827,1200989.4883305999
0.0,0.5784322069963401,1103380.6108598
0.0,0.6611959469102326,1218263.50332474
0.0,0.6996923397820306,1264052.62255496
0.0,0.6551042893507085,997391.49046238
0.0,0.4858866965739013,833444.98550467
0.0,0.5495351599295573,945585.04104477
0.0,0.6734253450439147,1176997.9891695
0.0,0.6936409415622439,749950.171071
0.0,0.5839244527612167,985554.11562308
0.0,0.4079817158931083,583692.693048
0.0,0.7070196311719215,1122409.43015216
0.0,0.335701354983817,387278.81650282
0.0,0.497737556561086,956699.93478946
0.0,0.44478092536512437,808565.0944949599
0.0,0.6854036855362587,1179176.04307804
0.0,0.5312473809191228,505784.2937847
0.0,0.5688023922741311,1062444.78630488
0.0,0.44410174534634783,840699.78383813
0.0,0.5044165627735484,405981.35558603
0.0,0.6273587456069208,1098358.17213195
0.0,0.3634124408648395,782757.4261006201
0.0,0.499943110706565,1313501.34739558
0.0,0.4018599660198516,956919.6743803199
0.0,0.7338940285954584,1600116.8523417
0.0,0.5946418171228888,926726.3569425
0.0,0.5362753327737139,1159605.82277638
0.0,0.47200049311184394,555232.8112603
0.0,0.8738233526937713,1782865.41011964
0.0,0.5022710704872988,1140138.9359881498
0.0,0.4620902770113674,697049.1246977701
0.0,0.5833675283818903,1375849.4840042398
0.0,0.7845893310753599,1374661.93881045
0.0,0.5111797096612715,872555.9915436
0.0,0.4947942488844819,451336.59611608996
0.0,1.0,1997140.2668389801
0.0,0.8280725319006045,1674483.48219834
0.0,0.5938982181771568,1028995.65770022
0.0,0.6668125136731569,1113248.60499488
0.0,1.0,1745812.2117913999
0.0,0.5492156320385664,951367.88296363
0.0,0.46287013591028886,1125071.72134162
0.0,0.7547073391249656,1003885.38675122
0.0,1.0,1459863.84487872
0.0,0.381159940515871,285245.93717638
0.0,0.5294919454770756,1346407.7280497998
0.0,0.6701221640488656,792231.1000155
0.0,0.40650343106674985,884553.1794064
0.0,0.40677824033975024,454482.20000836
0.0,0.5171342685370741,1159995.218756
0.0,0.6379417234965902,901147.0353754499
0.0,0.4815799089791715,756786.77467355
0.0,0.7789377903357119,1271888.22572497
0.0,0.8725390268762405,1277242.26115184
0.0,0.43613117082988045,842994.0061733399
0.0,1.0,1604077.44122944
0.0,0.43398667442913513,667622.7557955601
0.0,0.6808899219657978,1023483.86767368
0.0,0.5402212166918049,1180455.6435759
0.0,0.7506864360241625,1065789.5203386
0.0,0.48553999096249434,1039170.1250373999
0.0,0.8540092165898617,1292330.5960387501
0.0,0.4842819504096438,864036.7290027799
0.0,0.6328370441196558,1002246.17782989
0.0,0.609382805758663,1206044.89014807
0.0,0.5975766827267089,654138.2572257
0.0,0.49865507966066625,796842.272835
0.0,0.6176772867420349,1190229.92929632
0.0,0.5740800146647724,790934.1706188
0.0,0.8080533596837944,1524875.04546208
0.0,0.49245557488804587,492017.22132497
0.0,0.7126483416167968,1480894.61534472
0.0,0.6234484981999893,659663.91157612
0.0,0.45478504365014,453062.32599895
0.0,0.5959730854178438,815526.7286776501
0.0,0.8839528558476881,1602405.4547868
0.0,0.6044796939141525,749851.50549307
0.0,0.5428145941921072,545792.38062324
0.0,0.49814126394052044,663947.0863056
0.0,0.6479875878433878,1247750.90028652
0.0,0.3454920122365738,-95269.24081976
0.0,0.8131487889273357,399196.76474608004
0.0,0.4444759498891581,339966.54459269997
0.0,0.5449015527453177,651575.74622112
0.0,0.5985581149991208,636701.32604592
0.0,0.5516306237396565,864415.3750687
0.0,0.5021404234252599,605005.38346402
0.0,0.5150085122905529,637574.74233841
0.0,0.8128512753999135,1362223.26914688
0.0,0.462588571800039,670026.9549360201
0.0,0.6092565238798622,792136.1367828001
0.0,0.5649546827794562,538239.0570137
0.0,0.46594578358489147,496844.7135795
0.0,0.49446171009642204,567461.86640514
0.0,0.892784206943499,1102602.63037024
0.0,0.5597231316060237,897648.2348484
0.0,0.5147543306528747,691034.29400435
0.0,0.5270508474576271,920320.26406875
0.0,0.7891065028161802,1079887.1364576
0.0,0.5864219260749308,1053577.79498225
0.0,0.4689798101350448,522794.91728808003
0.0,1.0,1037850.0
0.0,0.571694730551552,721367.36398402
0.0,0.45678228430827844,292935.34696692
0.0,0.6077627346318357,687298.75654272
0.0,1.0,899370.0
0.0,0.7374313330088311,1301767.7041823799
0.0,0.6290084699338419,819353.28045838
0.0,0.7788577456298975,1058544.8080175999
0.0,0.6663873130479628,911021.78892768
0.0,0.7541787105693101,730117.18153088
0.0,0.4149089858422421,162857.60977212002
0.0,0.5139134884087062,868245.08015826
0.0,0.5707788516202388,1020540.5348945
0.0,0.5358481139145641,638719.35330592
0.0,0.4847257383966245,458502.765651
0.0,0.6564309270795163,1423437.7662285499
0.0,0.5820944720967796,751342.14128072
0.0,0.6434996685919894,1320314.3536304
0.0,0.5869641294838145,920783.3056542
0.0,0.7454545454545455,1462824.5088912
0.0,0.5295812448198287,860197.1174601
0.0,0.646735842910986,1195113.3154985
0.0,0.5965941932328487,1069076.75669379
0.0,0.42580682375335277,456904.91802343
0.0,0.4543999466471039,563714.98565824
0.0,0.5308461859107961,782368.91458572
0.0,0.6014769332890807,881419.63173664
0.0,0.5517446707157319,1106190.6378923699
0.0,0.6543131613595358,1187037.86290614
0.0,0.477153653192773,738922.3118826901
0.0,0.5312768100264836,908274.9253213899
0.0,0.5400377460231869,620801.04651156
0.0,0.6008642018329442,814298.67184967
0.0,0.4415605044953458,699443.36844661
0.0,0.5008024484007016,798748.82961363
0.0,0.47728443391367054,749069.37304674
0.0,0.5490854032819086,813117.4109430499
0.0,0.502114684764434,739043.506467
0.0,0.5883003145990987,623894.565589
0.0,0.5628461866212185,840938.19165308
0.0,0.5150639244024457,923588.6065051501
0.0,0.5094448727833462,606219.73277992
0.0,0.6016770548405901,992583.8724628701
0.0,0.5372840078858866,952743.10681389
0.0,0.6333726693415153,1009784.0769324001
0.0,0.5036962265831428,528990.34958849
0.0,0.5397772336977137,653355.03261753
0.0,0.49376532026004477,852949.0769872799
0.0,0.4444039577318721,442071.82240924
0.0,0.5718303856808012,921429.4197869999
0.0,0.46269849196045143,763971.17768031
0.0,0.529205284953658,841028.6650738
0.0,0.4582311397417334,539052.76790451
0.0,0.5049559282505058,686152.18923288
0.0,0.5163592064044553,549957.32297568
0.0,0.5712271750805585,747583.45146056
0.0,0.5333264227220897,774412.37235726
0.0,0.6039906006513583,870832.00931061
0.0,1.0,1606284.86487845
0.0,0.4574565687057918,557733.1656207
0.0,0.450206808781419,894707.82269849
0.0,0.36654732489536584,190544.49432777998
0.0,0.49788861841124743,839245.2705945
0.0,0.5364997660271409,968336.6625280001
0.0,0.4834745017216679,225433.05683509
0.0,0.46402055161900463,367876.41807078006
0.0,0.555472947855767,646435.31932935
0.0,0.4800525700934579,409107.29886680003
0.0,0.6177053512442193,676309.28850896
0.0,0.37773283777874944,290473.42909176
0.0,0.6477151208383831,710401.73272998
0.0,0.3839811223521115,352766.27946773
0.0,0.3471677591092538,359281.88545526
0.0,1.0,1255356.66680424
0.0,0.35042983271375466,320876.93623024
0.0,0.7226656590941293,765039.87311364
0.0,0.8213204951856946,1098438.6375576
0.0,0.4454712992574123,310304.22425054
0.0,0.4188339123087034,443683.89544638
0.0,0.5073536768384193,979446.6009916
0.0,0.41875,532527.6784044
0.0,0.43777103209019946,151144.38678456
0.0,0.47580387393722434,393181.17458916
0.0,0.579561764424457,660694.026051
0.0,0.4994227029654837,492178.21144088
0.0,0.5518145161290322,926715.1992119999
0.0,0.6656970239427165,750432.33406936
0.0,0.5310450144032207,649150.2695158201
0.0,0.6169842549760217,710611.47664169
0.0,0.7104108309990663,914072.6826198001
0.0,0.4891120023687115,355041.39952644997
0.0,0.4096627288303724,28973.765854600002
0.0,0.4026110811737618,172467.78738318
0.0,0.42402660385201607,392461.32931715
0.0,0.5705664784893907,409669.36477204
0.0,0.4520774428523506,127033.62766992
0.0,0.4939018175641243,459864.81884859997
0.0,0.6519525369698043,953573.6335679401
0.0,0.48344117647058826,405277.60547999997
0.0,0.456603945510046,754171.98088554
0.0,0.41602132334401903,610811.72216405
0.0,0.46448304646817984,757202.6032622401
0.0,0.5471275345283574,792009.3966505601
0.0,0.4990915972747918,312407.1331186
0.0,0.44683453428700576,294883.39330785
0.0,0.4248640745648102,49358.1508619
0.0,1.0,322318.93284715305
0.0,0.3628652762446988,351106.77282974
0.0,0.49508701314076003,129450.34113095001
0.0,0.3365075939464242,295597.40071246
0.0,0.6943029576681077,903589.0968573701
0.0,0.39664268585131895,259063.07130900002
0.0,0.5843643344709898,689871.36100152
0.0,0.5830094991364422,738764.76914352
0.0,0.40783564498920677,181006.11053140002
0.0,0.46321525885558584,-6201.50978067
0.0,0.45608132464973206,138015.94922973
0.0,0.36277495769881557,337034.542059
0.0,0.35857787149300063,405843.41489112
0.0,0.5316524578269545,768123.8618523999
0.0,0.3240917782026769,439791.79530426004
0.0,0.516164958951187,517666.59553048003
0.0,0.4984938532931694,330810.96369749994
0.0,0.5836964880799795,639155.0673945
0.0,0.5083103032190261,817976.58393019
0.0,0.49180199671558533,302712.59363093
0.0,0.5663570627103852,506680.6835766
0.0,0.552442502798137,856905.59217978
0.0,0.4523299810813502,210474.83361588
0.0,0.39373994988968253,669913.19541769
0.0,0.8085715829865427,1076417.41150824
0.0,0.4301203429582068,749481.7368891999
0.0,0.44779148887094916,65406.85284665
0.0,0.452151872542934,254580.55089984002
0.0,0.4504690339374294,772754.60929134
0.0,0.4722968176065685,544330.7552223599
0.0,0.3397058823529412,430826.18194000004
0.0,0.7469723183391004,1097891.00322624
0.0,0.5306004200767727,659250.1238885
0.0,0.5064156598295402,577302.42031308
0.0,0.7800951511365275,605965.52885861
0.0,0.6012314378848244,1013266.86574589
0.0,0.3717352296138765,585164.69756086
0.0,0.4063886615258691,-61205.97597828
0.0,0.45575653874358346,809356.08623184
0.0,0.3900588881125861,440027.49035240995
0.0,0.40119077780592854,434152.41319152
0.0,0.4811343236158551,302545.598364
0.0,0.4145506809937718,48911.58961158
0.0,0.3916286779941981,448826.92963946
0.0,0.7374973054537616,1157037.2182872798
0.0,0.7169151807442149,956425.39201963
0.0,0.8144548627746219,981160.31874313
0.0,0.41241406663141195,-15526.47458304
0.0,0.5302428909952607,424921.855582
0.0,0.400257986190151,206835.15843405
0.0,0.5425531914893617,843181.4778496
0.0,0.4295009145544813,249220.48970089998
0.0,1.0,16203.333346296
0.0,0.5727455383524406,681540.78333159
0.0,0.5499917314370762,618623.5137615
0.0,0.6960228399222809,784945.79558455
0.0,0.43806615776081426,496531.5656085
0.0,0.4595448445537911,368739.826448
0.0,0.3741339491916859,428336.42926535005
0.0,0.5327030889304166,648479.56181457
0.0,0.4402076262727091,589365.55911276
0.0,0.6537114079264287,1009760.49975036
0.0,0.4829461196243203,460749.1577898
0.0,0.6091707976566021,768045.24242736
0.0,0.5235880610327143,535686.82422123
0.0,0.47173652259260607,676204.21856431
0.0,0.41019248297678407,329263.8523869
0.0,0.5533528229490224,527317.6857064799
0.0,0.4394256746501533,528236.244174
0.0,0.6229327001801211,789780.36111684
0.0,0.5143075486117008,427321.25320797
0.0,0.624690594059406,769936.8503268
0.0,0.6612514004998707,957586.6844235
0.0,0.6775466284074605,928727.07099228
0.0,0.6713869772366331,1061955.36715092
0.0,0.5894749007974728,723555.37430945
0.0,0.5424664895363764,489766.58918582
0.0,0.5659781726346171,850900.7247328201
0.0,0.40254208017684034,66044.40192665
0.0,0.465330780896502,196649.65023735
0.0,0.4926746500473129,573216.3081363599
0.0,0.5043074884029158,840089.04957024
0.0,0.5527023100392271,621705.9872298
0.0,0.45852993603858655,470128.06977345
0.0,0.36886060115521874,-381528.70278892
0.0,0.8850490015474173,791995.32907475
0.0,0.7934027777777778,1722460.04836632
0.0,0.46021637570690926,163931.81062479998
0.0,0.5730666326920627,1273685.9933343001
0.0,0.37677395978017997,-194399.18392395
0.0,0.513422677813721,730522.3940388
0.0,0.39590795770410064,385498.66787566
0.0,0.5809435707678076,919081.2854427199
0.0,0.4285826032540676,255306.57130992
0.0,0.5249151142516288,524293.97871708
0.0,0.5217720202354499,816853.03197288
0.0,0.4129354495208154,205836.69409072
0.0,0.5346462204123187,543260.33108224
0.0,0.614473314324726,868028.19868484
0.0,0.35894502318299515,483456.03101566
0.0,0.535618020793223,762171.1103024901
0.0,0.3901027458379012,241998.62098775
0.0,0.4921256662897755,726952.36614948
0.0,0.5009673633797457,470322.22706074995
0.0,0.6597371244635193,1432633.79610416
0.0,0.5365241525924176,462201.89379716
0.0,0.32165534142809404,360314.80158828
0.0,0.40829886591060705,316984.16471225
0.0,0.6298452931438031,1100543.8039736701
0.0,0.4086671141940777,179673.76578249
0.0,0.33511297025070863,352271.74401321
0.0,0.5889953764659053,577901.6646963699
0.0,0.35348098021121704,243597.68464728
0.0,0.4580337736164521,378128.36323584
0.0,0.3841415465268676,471318.1664424
0.0,0.4621820817978614,490367.12452098
0.0,0.43304497032959177,140581.9288236
0.0,0.4277015950664828,276263.18549025
0.0,0.5445165968948809,630755.22974717
0.0,0.42368610511159105,400720.20652638003
0.0,0.4094934014474244,866388.8774394
0.0,0.44190613718411553,433440.89943375
0.0,0.37619800248848234,601725.7539759
0.0,0.39799082884936515,313032.63770191
0.0,0.3227221049212279,331154.91319811996
0.0,0.437223291626564,139169.2837272
0.0,0.5786678246926777,577845.70227832
0.0,0.3807487889544804,-258028.82226274
0.0,0.44946571682991987,197228.58754356002
0.0,0.40103693792707984,112747.06664078
0.0,0.5091627437794216,407913.314688
0.0,0.4253809958564506,100833.25547514
0.0,0.5509618402762207,901016.37476505
0.0,0.45779752162730886,772957.86909264
0.0,0.5812961011591149,1056310.7871438
0.0,0.6044226044226044,459173.38709020003
0.0,0.5293500742855478,507925.44849774
0.0,0.3812046566559811,598294.03925655
0.0,0.3414230394040616,446755.30438246
0.0,0.6912045889101338,930161.77206766
0.0,0.4841628959276018,618565.1620012501
0.0,0.5318445237955862,446518.6957994
0.0,0.4722228763865012,110671.83164294
0.0,0.654776247848537,872313.769152
0.0,0.45267930544829477,223711.81416592
0.0,0.49866666666666665,774824.969025
0.0,0.368839729978132,552212.67334247
0.0,0.5627445864857814,574771.23938304
0.0,0.5590839597400943,516437.39509812
0.0,0.5809158475185807,702844.08673458
0.0,0.48636316766343574,259055.02178496
0.0,0.6475594706157709,779195.81514024
0.0,0.4467554346065377,536181.53259888
0.0,0.519322193457284,977585.96196465
0.0,0.4225974614687217,777158.3829504
0.0,0.6261150666994025,781146.46232214
0.0,0.53604932444392,535989.38178968
0.0,0.46165318220797136,454025.9841537
0.0,0.38004741209008297,779504.6748621
0.0,0.629777206512425,913766.6260344
0.0,0.5321531666260912,749797.7291189
0.0,0.36304979393284237,572527.18229484
0.0,0.38881720430107525,593561.82853275
0.0,0.47443864229765015,298646.034232
0.0,0.5019751926848808,346661.78353247995
0.0,0.43250898531406945,118327.58726246
0.0,0.4300903166800046,578260.18215771
0.0,0.4227163419649392,497475.33813503
0.0,0.511148769175883,448513.9650558
0.0,0.4376508724739637,647425.6848158401
0.0,0.5160510200101416,696614.01645741
0.0,0.5290444285435504,588681.05434852
0.0,0.5699508933235816,624102.1403092201
0.0,0.5574959340923028,312811.3537385
0.0,0.5238369275502787,447602.50402112
0.0,0.6488903429848956,869172.6754162199
0.0,0.5763771752992966,605544.080469
0.0,0.5128264693193508,598125.11415098
0.0,0.6654634019049276,875437.79274776
0.0,0.6759586499381516,906251.49955532
0.0,0.5437014295308452,603656.06037642
0.0,0.5631685209845784,840946.38573554
0.0,0.5607843137254902,617446.2423306
0.0,0.7769555077143883,862759.4337436799
0.0,0.45407258185754235,353801.47344053996
0.0,0.5542620057590488,469694.97298758
0.0,0.4685738149926916,676871.3139834501
0.0,0.48773777971617405,587428.55782459
0.0,0.3506815365551425,696075.94967655
0.0,0.5000789515237644,452552.52348372
0.0,0.4403066812705367,462183.87721872004
0.0,0.5727860590789035,465339.60580023
0.0,0.8184766451961624,737457.73872365
0.0,0.4078262284412626,-183787.87772368
0.0,0.4650136790476425,186920.01269461997
0.0,0.45014279885760916,783753.2449560001
0.0,0.48009194430500146,305535.28302972
0.0,0.5693359109102295,403058.24306362
0.0,0.7040021696176049,912078.3219817501
0.0,0.7989224424637489,1117453.48418248
0.0,0.5152700978307103,441091.03091790003
0.0,0.4767233148749284,789654.26532745
0.0,0.413257269360126,-80808.2876806
0.0,0.5096374174417038,852980.78247669
0.0,0.5606915862927241,692226.0899867
0.0,0.3729651430148073,63281.76461412
0.0,0.31205148650187947,-311670.28784724005
0.0,0.4196722761548838,-9394.12379087
0.0,0.516478151192123,434780.11547796003
0.0,0.4101781791554796,170487.3829659
0.0,0.610402281597118,701141.37637152
0.0,0.42992198608815957,749492.66999643
0.0,0.4408496563129877,901121.5230437999
0.0,0.43239364428498206,994627.8576439001
0.0,0.3039757236670539,97465.95402363999
0.0,0.5781996040526377,866107.4948417101
0.0,0.7632236095346198,1454233.7062422
0.0,0.46525106559933466,256033.31521796001
0.0,0.39841840688271174,-221033.63773395
0.0,0.39123694692647215,-64714.3203471
0.0,0.40435724402232776,-126082.585809
0.0,0.40975814343632044,512339.02252748003
0.0,0.4036777121148164,272926.52918712003
0.0,0.6577737556561086,832258.465525
0.0,0.4129442708450419,21378.38917599
0.0,0.5341915456952433,467135.2305027
0.0,0.40058494668185113,248453.39121632001
0.0,0.4464564470808617,286599.42200688
0.0,0.4266821149009523,365713.98447186
0.0,0.3936765321964563,180606.63611856
0.0,0.4575003776625208,221537.98775256
0.0,0.36379395740465575,502867.10109383997
0.0,0.5990958923613583,705001.41990402
0.0,0.45174337929201974,433681.08376264
0.0,0.4118486795146324,451359.14857992
0.0,0.46100568297138217,256274.76129904
0.0,0.4473189651725379,846606.1705083401
0.0,0.5928866771561345,701047.89309959
0.0,0.44494071788208545,317912.63048592
0.0,0.5825360510260676,678788.66187072
0.0,0.42706623401412486,756508.9269264999
0.0,0.5050141264863858,548580.61687703
0.0,0.4028062970568104,276157.81524408
0.0,0.45645940636117455,277477.23885054
0.0,0.4585432890517636,237926.46388914
0.0,0.44025382811422265,328124.84322880005
0.0,0.41938238552437224,73217.31935143999
0.0,0.9109230394544569,1295270.77074112
0.0,0.4082335049758544,316449.5769906
0.0,0.5193999755590859,540317.67447632
0.0,0.6383662230380909,969513.09919458
0.0,0.43221141204312385,248873.7393845
0.0,0.4724501460688429,257743.50787325003
0.0,0.5625260380502708,641209.60912388
0.0,0.4424684075070125,428123.85347478004
0.0,0.337687648143271,260069.68941759996
0.0,0.4347129186602871,134144.753216
0.0,0.32821497120921306,394566.53965314
0.0,0.42558340055071897,357594.20684902
0.0,0.5111325331177312,502326.4500837
0.0,0.4095703917414236,29076.5257837
0.0,0.598957654723127,855885.94806975
0.0,0.5775305895439377,769976.8440543
0.0,0.46070242050308496,127129.7295268
0.0,0.5233087072942543,600032.99287184
0.0,0.3537784346485028,554767.68849536
0.0,0.42080441959172676,536619.9285262399
0.0,0.48267583850788304,69958.85367781999
0.0,0.593314979254721,928865.36570694
0.0,0.49111930294906164,710293.17358128
0.0,0.45417368959133486,343608.00770777
0.0,0.5882486241502104,638483.261113
0.0,0.6117357931591705,688548.63481856
0.0,0.43193104426787743,649482.07671864
0.0,0.5639462754193861,377574.69413350004
0.0,0.7047004533017519,809982.89098059
0.0,0.5015138929825032,322959.0694736
0.0,0.538607463615615,494246.29500491
0.0,0.4954013377926421,677375.55555328
0.0,0.547341071669591,710716.35344252
0.0,0.5647691126467039,673790.12270271
0.0,0.5783154558751828,511943.19685400004
0.0,0.4596219450813713,378229.0977098
0.0,0.47947121220117156,280134.7917717
0.0,0.44174253774345973,725017.55981589
0.0,0.45314696881978334,349203.31521537
0.0,0.4467061637134471,349446.30669955997
0.0,0.48669580553638525,630228.87815292
0.0,0.4782090073315489,460802.42828216
0.0,0.5040169881436913,673136.3300632
0.0,0.5305430247939491,571449.20882422
0.0,0.3945307935023957,443195.40720488003
0.0,0.6199866310160428,668526.7874364001
0.0,0.5830204137366014,683821.25019054
0.0,0.5113998936453071,621573.38243456
0.0,0.4673075351978432,333011.81261052
0.0,0.5717387200302058,620628.13040592
0.0,0.48332269390360677,335942.87264183996
0.0,0.4271747985878519,512508.60790317
0.0,0.5159781516825716,559764.8998392799
0.0,0.39082870422854554,390767.31985172
0.0,0.4547711404189294,672249.8574134
0.0,0.36333225073075676,595383.9098326
0.0,0.37958322996774996,214269.10067289998
0.0,0.6707104745857905,895623.8162634
0.0,0.469320277230241,569569.1239185999
0.0,0.6046734342080061,818984.4369003199
0.0,0.4371403353927626,597384.610367
0.0,0.4069272779534349,451570.7732077
0.0,0.38182555274893193,487768.75316037
0.0,0.3616292225634395,529581.96002895
0.0,0.34486266531027465,534466.30865274
0.0,0.5181420426923586,450157.15665556997
0.0,0.6620538076437787,834436.00347285
0.0,0.559075463683987,630286.9323841999
0.0,0.6264207840408258,760475.79240048
0.0,0.4221360381861575,839426.04056864
0.0,0.613657111557422,736492.9937904499
0.0,0.6565235008103728,813958.3015695999
0.0,0.6084009412425807,615582.5818932301
0.0,0.601643598615917,955674.18914864
0.0,0.5049892232777201,315141.37731312
0.0,0.598581284617627,579616.32064245
0.0,0.4416306361951822,468665.15216001
0.0,0.6674863501854708,866250.9078846001
0.0,0.5090771558245083,412955.75246508
0.0,0.5236407432897453,609285.7478734
0.0,0.7923896642776311,1058356.34790304
0.0,0.3306339589182799,421963.7618427
0.0,0.5862253743104807,557178.43845825
0.0,0.40637208675737574,495148.507553
0.0,0.42719108519842014,108450.97275936
0.0,0.5764579414135985,591488.65371008
0.0,0.6071102646510336,580344.49139556
0.0,0.35401015529886865,488654.03524119
0.0,0.60841047936734,537818.29097185
0.0,0.5883236465748057,496979.32684488007
0.0,0.45724710619023656,202550.08761719998
0.0,0.47767857142857145,534624.3369779199
0.0,0.39648975097956674,553553.06874063
0.0,0.43020127004628134,612051.90124815
0.0,0.5064376261874027,711705.29212566
0.0,0.7299511002444988,1039055.0225695999
0.0,0.5829757111887802,813164.0280598201
0.0,0.45226669151563154,96288.64383556
0.0,0.6551545277717744,941336.74810055
0.0,0.3839937761939418,223873.14079817
0.0,0.36873433583959897,158729.5694136
0.0,0.5321794606728298,530612.23056512
0.0,0.746235080922327,1065638.53241597
0.0,0.6193983402489627,843956.1593455999
0.0,0.3819913952059004,586743.5448415801
0.0,0.46308804360706246,617841.04763394
0.0,0.5329687554425442,742733.77883771
0.0,0.5152408767402955,430112.06963947
0.0,0.4848805244237682,884785.13594192
0.0,0.43938047970337185,606637.6030410801
0.0,0.5234284612418049,475489.62052332005
0.0,0.3572483352372461,339324.87285988004
0.0,0.4933225414811817,702573.6474488
0.0,0.45968534906588004,732896.749728
0.0,0.4406930582866471,655644.72011427
0.0,0.5219184359248511,663573.54589504
0.0,0.42660487937849256,596647.5971346799
0.0,0.5478771912047826,694434.3284031299
0.0,0.5181004014686202,528503.44697479
0.0,0.35794963683486386,605081.94538582
0.0,0.3844841314981231,728722.0740828
0.0,0.6385587321983082,912305.2971977401
0.0,0.5162958706181758,375003.08996877
0.0,0.4524169510562011,837207.71972026
0.0,0.3482969465795174,-312929.58354436
0.0,0.7465863794419473,1412087.74359268
0.0,0.5929559891107078,461737.73182184005
0.0,0.45278361230809205,-55461.51182454
0.0,0.39784417394155497,-163960.61758974
0.0,0.3911026600079403,-117877.53514282
0.0,0.6348972933229171,879850.97190953
0.0,0.5738006657528882,780643.40358275
0.0,0.3310490362441805,-38494.76671068
0.0,0.35636167771246574,94097.78156746
0.0,0.6816310416784164,1027565.9380659199
0.0,0.5146964315914088,587828.9500209
0.0,0.4622773664198519,212196.16112896003
0.0,0.4798379767870589,270810.53074556
0.0,0.516450880939669,523239.0878876
0.0,0.4881943496656203,575833.6210155999
0.0,0.44405936664991136,269231.5021514
0.0,0.5097246952472264,494741.2669892
0.0,0.8299521902054529,1078035.9382939802
0.0,0.535637402638068,745798.27273437
0.0,0.4682854311199207,697103.9759095199
0.0,0.5904272259884435,877838.5901985801
0.0,0.6635068333817971,1005985.52255395
0.0,0.686328160043061,1066072.11300932
0.0,0.4928619699273526,866165.84658
0.0,0.5761698073258522,1044914.16168672
0.0,0.40364950938199345,520110.67927409994
0.0,0.34742188702478066,455914.3207051
0.0,0.49466712769635873,289470.77390418004
0.0,0.5466185752930568,776557.1440214001
0.0,0.5142235123367199,592008.5981216
0.0,0.47875242483026187,420438.4779816
0.0,0.8582368958475153,1489491.0473366398
0.0,0.4080656710310966,190593.92124256
0.0,0.37930538577694684,107928.46550895
0.0,0.41627560438582834,1484.57118905
0.0,0.4130729794933655,207394.62730055998
0.0,0.5246072307401097,559107.2250783
0.0,0.4837541938901642,443789.74506438
0.0,0.6259851645804357,812653.862697
0.0,0.3763878926983216,350364.36332385003
0.0,0.37699159805546967,279118.76647165004
0.0,1.0,0.0
0.0,0.37447451988507485,399319.85640084994
0.0,0.4489770705673058,198003.89646016
0.0,0.48009463445979494,401713.54548609
0.0,0.6197834984508281,778741.1112642899
0.0,0.4793546365914787,508191.3719196
0.0,0.4060822278410862,505286.75603737
0.0,1.0,1198990.02152475
0.0,0.46424410136906497,160256.559132
0.0,0.43876160990712076,412195.11782299995
0.0,0.4888908717765682,462118.91404418997
0.0,0.4149354096620067,527844.69937705
0.0,0.4130107040554802,203785.98876018
0.0,0.31149412485381744,343251.35357743996
0.0,0.40368601518491304,359157.69153696
0.0,0.35114170969592656,63023.03849399999
0.0,0.37595324638300903,114284.36575016999
0.0,0.3388562428060823,450496.59506695997
0.0,0.4333444624630354,139390.68235144
0.0,0.4280245820530181,276980.24707372
0.0,0.673329454787234,904669.0557480799
0.0,0.4330979070822264,-56133.351143550004
0.0,0.5044556536359815,880859.3869488001
0.0,0.5555012075448625,525547.46327153
0.0,0.46433230924624386,912556.40087171
0.0,0.45968506924682223,448169.33017224
0.0,0.3734245147045294,493593.76797913
0.0,0.560677589558456,584526.20912037
0.0,0.5614398269735825,570331.361026
0.0,0.5488513423266996,626144.55870008
0.0,0.42429644238792386,731326.92820726
0.0,0.4296437425397117,55926.29913136
0.0,0.4545022511255628,203924.7120018
0.0,0.4530065815715995,216889.06306704003
0.0,0.5241416309012875,409194.3657768
0.0,0.46600634676411196,489805.63763976
0.0,0.5540952613282918,526557.7533653601
0.0,0.43056043878770833,93777.34359111
0.0,0.3696763202725724,474238.43509344995
0.0,0.43126815101645694,515248.68137728004
0.0,0.5548486403283736,586810.3758116999
0.0,0.5418965260175935,590343.07232208
0.0,0.4244350942808166,571323.4669296
0.0,0.6309159883613863,862763.77363059
0.0,0.45105643635009773,480644.21543408
0.0,0.4110487855084397,229905.18476119998
0.0,0.5136557962053493,540199.0912413
0.0,0.41125419932810753,640806.24608016
0.0,0.5000912741876598,476282.14290684
0.0,0.4437658629441624,263889.40098455996
0.0,0.385766637759812,392924.61818692996
0.0,0.42121017746418643,485902.24767177005
0.0,0.46028178753565563,456687.67467696
0.0,0.4738048252594054,504825.07776852
0.0,0.3589185829707893,505549.87527300004
0.0,0.5987597357055848,820565.7255751501
0.0,0.6154050666565384,813131.61814066
0.0,0.40252482082977187,534235.60594806
0.0,0.3681966618287373,503015.33302272
0.0,0.41697416974169743,758565.05980581
0.0,0.36900958466453676,437536.24204428
0.0,0.4046971314439202,665208.59882862
0.0,0.4356972897684406,473717.06207716
0.0,0.34264449140861897,492563.05914483004
0.0,0.36945685059789657,398327.054981
0.0,0.3626490151344751,544110.47439549
0.0,0.4158095797825448,820227.75811282
0.0,0.3968372515911157,511302.60698728
0.0,0.4778058777361123,455472.73672782
0.0,0.5721063932950059,704989.70443308
0.0,0.5977033584778744,931849.72952141
0.0,0.5762958752264895,716505.77952375
0.0,0.5128585035453487,576013.7744088
0.0,0.3854847112571635,797447.1790937299
0.0,0.3539710180981404,534702.7700808
0.0,0.3986445065050065,585416.12725316
0.0,0.39444716557964477,279122.29193618
0.0,0.6585593044918236,938090.4521841999
0.0,0.32350171520817916,650358.50892022
0.0,0.5630230659318228,967825.01284152
0.0,0.355449821939401,444952.36448762
0.0,0.6030265821524574,583089.32122047
0.0,0.37337882110849374,333193.45601838
0.0,0.34196712847431376,421612.53503631
0.0,0.4858480792341801,684670.97611681
0.0,0.4140014584852589,610877.70571377
0.0,0.5218978102189781,506033.53211924
0.0,0.4709049651936464,611633.49112926
0.0,0.4318656505786057,420925.3728207
0.0,0.429907795473596,485808.80936575
0.0,0.6141177526476396,963693.62348832
0.0,0.4335288527705869,609435.4476399
0.0,0.5303172165836485,808493.50227486
0.0,0.5507005461885538,665575.50509249
0.0,0.5904447115384616,843050.62351752
0.0,0.5780363223609535,775382.4237666
0.0,0.5439054344488793,428894.8187904
0.0,0.512851957225547,190559.01477228
0.0,0.6320078104464721,742221.29437443
0.0,0.46415339014449797,769658.33256928
0.0,0.5926264584323909,699805.18386781
0.0,0.5833994265145507,563703.48317448
0.0,0.5894416512304843,854728.8856242601
0.0,0.5075721722669191,638227.97185472
0.0,0.6557633159205195,715734.0829949699
0.0,0.601939873570429,662490.05630786
0.0,0.6645681466755026,768493.7714813399
0.0,0.36675550757396846,570668.71884565
0.0,0.4005905866253736,543087.77095029
0.0,0.4053201811125485,652414.02286488
0.0,0.500675061306588,415435.11207304
0.0,0.5311556218974555,637719.28950869
0.0,0.5006110745510952,474123.50576937
0.0,0.38048191985392416,582252.63477135
0.0,0.6580509203509376,639789.39043892
0.0,0.5580844001896633,731873.67407286
0.0,0.48407099243886237,620285.29022229
0.0,0.4700727758799941,468609.76603475
0.0,0.4852838732149077,692412.4833192
0.0,0.46623804009994513,518776.24049158
0.0,0.39484227867152066,-168152.68488369999
0.0,0.5660257931798401,749894.01150036
0.0,0.7185751248570913,969563.9823081901
0.0,0.5372272426713688,844819.4736844
0.0,0.4906865073083215,310051.85377529997
0.0,0.5426918962289382,677841.7222513601
0.0,0.42366075014055093,306788.22509007
0.0,0.4398154581584725,374200.03271918994
0.0,0.574576597382602,1004226.70247064
0.0,0.4706537505180273,269633.03486152
0.0,0.5816896024464832,700773.9616259999
0.0,0.3760462536555851,606266.26083792
0.0,0.472052466835594,622328.72993748
0.0,0.4335518114922192,622366.08293622
0.0,0.5904758229460116,720441.4115954799
0.0,0.49178701355969573,629343.87032979
0.0,0.4403593147581382,749304.7370947599
0.0,0.5077286064309265,449902.34734446
0.0,0.44045332308874374,848275.95217984
0.0,0.3965359497744266,471787.82120882
0.0,0.37012595672874105,436888.67679203994
0.0,0.6853369065849924,719429.468672
0.0,0.5703086317874236,645498.3728548
0.0,0.5013754284988785,776738.67221622
0.0,0.5503307888040713,616833.027279
0.0,0.4899073294018534,472649.7172985
0.0,0.36812577467545177,526575.24233474
0.0,0.4929917834702755,758480.5625140399
0.0,0.726171458998935,911173.5519494399
0.0,0.5086599514643795,652331.9651118
0.0,0.594906062366841,765735.97374708
0.0,0.44326165637641046,431630.71538064
0.0,0.4572129639096207,299456.46949887
0.0,0.5318822705909803,488964.78402441
0.0,0.5706065691680652,983064.7480038
0.0,0.4827851880387153,145278.6330809
0.0,0.6526341277802761,670566.34293719
0.0,0.6208559373116335,852788.84706267
0.0,0.46014828544949027,143745.58749188
0.0,0.49287426313402866,564573.84595528
0.0,0.3899877472431297,-269181.66697101
0.0,0.44059128485357996,86776.82410518
0.0,0.6000239769820972,817296.13212104
0.0,0.5237488813932677,631630.42556418
0.0,0.46058501470140933,250694.99804128
0.0,0.5476656921546762,459626.06442672
0.0,0.38985803852775885,548415.21629517
0.0,0.6399366085578447,551239.73132985
0.0,0.6904924760601915,662067.0953208
0.0,0.35783773139031116,-246674.1721876
0.0,0.4405945395470637,137716.88630602
0.0,0.4199389179755672,590794.27066152
0.0,0.3904269343879931,534824.1815994
0.0,0.7813765182186235,1280663.7441479198
0.0,0.36831863788385527,-189713.08995645
0.0,0.42197296920718963,76811.09196444
0.0,0.4926315789473684,810483.8121699999
0.0,0.5631737994119569,822753.10455936
0.0,0.46315369792012756,-6606.65123055
0.0,0.4934424562830419,195833.89523376
0.0,0.5800071701720841,374489.75772383995
0.0,0.5952435548858388,662836.82163807
0.0,0.3515828188624721,221007.9284954
0.0,0.6790193039312385,939340.29985796
0.0,0.5017999162829636,603113.3172564
0.0,0.3735480780744821,-207533.04193950002
0.0,0.7788912235332148,1032927.6870671001
0.0,0.5431807884005437,654093.097175
0.0,0.4428458325370608,363427.33298916
0.0,0.39168860019800544,152905.80123336
0.0,0.6456316410861865,964515.2598675999
0.0,0.39282666597708876,264540.39280747
0.0,0.41772812122543096,322283.82321308
0.0,0.5955110664680822,629270.50032745
0.0,0.5966857231149567,728873.42050816
0.0,0.5667897408848157,625627.8060664401
0.0,0.514104490068436,391076.16750162
0.0,0.7542907871375024,798240.2482795999
0.0,0.703528221169327,886960.96261542
0.0,0.8636286633914958,1109255.96634039
0.0,0.5884319201150884,949462.5547773
0.0,0.5913243822991976,622388.83091854
0.0,0.5681723822967699,821282.77725208
0.0,0.6325307077403003,833695.78969732
0.0,0.4101786592361908,320094.10102236003
0.0,0.4272543607546311,382660.30699236
0.0,0.8356405185673479,885634.3791553499
0.0,0.3704663212435233,152119.2992159
0.0,0.32892104048022164,209535.19587137998
0.0,0.3505861034033637,327427.4628798
0.0,0.3197346765747344,168103.6095048
0.0,0.5988372093023255,1055242.0284068398
0.0,0.371176741432612,526527.6585181201
0.0,0.41738700913805876,806852.8914524401
0.0,0.39415702586767193,426094.22401376
0.0,0.4883023808703442,556448.15044052
0.0,0.4239260380967562,236508.51528579002
0.0,0.7634894991922455,554859.711882
0.0,0.5224505327245054,1005757.85530008
0.0,0.4414349075288014,327973.11985886
0.0,0.5371183117004389,537484.14943734
0.0,1.0,1451323.24067766
0.0,1.0,843735.0844169
0.0,1.0,1361129.15260316
0.0,0.4558074413893771,509088.73220051
0.0,0.46648525145688396,261511.90097199002
0.0,1.0,1369734.3571754699
0.0,0.4592209114826445,378086.74495238997
0.0,1.0,0.0
0.0,0.4887873754152824,595952.05167104
0.0,1.0,0.0
0.0,1.0,1668302.63868472
0.0,0.3683600581554605,-99200.73942782001
0.0,1.0,832343.4166755
0.0,0.5423183987274656,573547.46828048
0.0,0.5346113237429062,662702.86208768
0.0,0.659981343283582,1082090.7530966399
0.0,0.6474156902396955,1213778.99660837
0.0,0.39437706949438317,-161506.28086584
0.0,0.6555077315479038,990704.63733075
0.0,0.3493619782279576,122139.86452536001
0.0,0.7646023926812104,870163.68519008
0.0,0.7598659149779065,1083598.31954517
0.0,0.3608865762348315,-233312.07646559
0.0,0.40558173251177965,145160.32301175
0.0,0.5939998633226269,664857.6439692801
0.0,0.44569685718074525,318768.46538095
0.0,0.646756300051429,1325336.63677107
0.0,0.52420053486007,768695.79902237
0.0,0.359761139182361,500476.10773215
0.0,0.500202347227843,760644.04902714
0.0,0.4541680413504894,383208.8763108
0.0,0.523361608975236,488098.74006096
0.0,0.5100042571306939,725411.588913
0.0,0.37095327643570086,313396.03180015
0.0,0.5988735621211398,1099479.77643371
0.0,0.42138745834595576,358386.0751902
0.0,0.32325343531818385,1011.23699248
0.0,0.612934270041382,863829.8948728001
0.0,1.0,268435.17092199996
0.0,0.9196469334956627,1222426.6137101
0.0,0.4486161767860974,-74044.80675199999
0.0,0.5293248360580032,539566.24734909
0.0,0.742165914145158,1557357.263122
0.0,0.3423635827798055,25002.327033600002
0.0,0.5175082031441305,965936.7586141201
0.0,0.444996552625948,118847.11985537
0.0,0.43101301041363044,304461.10340028
0.0,0.6713473525583944,1123784.76028399
0.0,0.47141119221411193,642157.2918864001
0.0,0.7328099478370831,1099485.9125246499
0.0,0.5162111138471641,381159.03514158
0.0,0.574213922833997,408312.7419756
0.0,0.4032957502168257,613627.316215
0.0,0.8324398379795092,1131673.8201463202
0.0,0.5745297153321125,670192.43414435
0.0,0.4753197834104999,300580.85928341997
0.0,0.47740372567037004,809580.6272725
0.0,0.5418975069252078,711678.48049368
0.0,0.6686859945189673,1079794.66943673
0.0,0.4233241505968779,393543.54098046
0.0,0.7096116713151684,1036447.75808992
0.0,0.6375678012734848,756599.07294818
0.0,0.356501857673621,375184.01991070004
0.0,0.389150283577914,253534.81055877003
0.0,0.6077888912534581,971377.94481024
0.0,0.5272245852229515,389277.86622872
0.0,0.5557552255745768,719430.867332
0.0,0.42688090041286453,269930.31712343
0.0,0.8119309088902379,1292344.56869714
0.0,0.8916622411046203,1624091.40941303
0.0,0.3373671497584541,144065.350656
0.0,0.723576376037646,1131115.81162466
0.0,0.4683023580401087,176875.50867207
0.0,0.34181176033211474,505232.32309766
0.0,0.4933809864188706,441933.0608585
0.0,0.4666290028504661,276437.95234281
0.0,0.43274211958907716,832973.07729704
0.0,0.44441012103681654,322800.21014305
0.0,0.8200504275378206,1254916.14159948
0.0,0.9066841777839221,1195503.5867016502
0.0,0.4578346645166167,246781.27673844
0.0,0.6509970999964197,758437.39440573
0.0,0.5079583415209274,506433.12171726
0.0,0.376382617341232,-144219.137128
0.0,0.40234261389175324,275291.94311016
0.0,0.7017423078959911,975842.72864897
0.0,0.4805491990846682,743038.9399839
0.0,0.5351337024384497,488123.83870888
0.0,0.651465648152409,1061752.5725603001
0.0,0.45809551620696065,320879.16824678995
0.0,0.5008707767328457,428977.8714312
0.0,0.5059623466703113,676276.67199551
0.0,0.48327595464451534,574992.9758007299
0.0,0.6115895800106327,744738.6014685
0.0,0.553079403595032,561207.3810783899
0.0,0.5358431097881282,759068.11019325
0.0,0.5281980084258905,999355.18014464
0.0,0.46545185185185184,441005.63827500003
0.0,0.45493114026499576,-46086.27682464
0.0,0.3994466539858205,665204.04507325
0.0,0.4019199883194627,700334.60256504
0.0,0.6515238436715669,757742.2601863
0.0,0.38370818245241023,596906.65951554
0.0,0.6106516810881574,614277.62208318
0.0,0.513364753963284,654261.64957916
0.0,0.5018321409876112,454839.76386882
0.0,0.5372186420099001,535146.1702846199
0.0,0.5984668538112718,776203.4331037799
0.0,0.5230474285237976,780438.36961026
0.0,0.5735252343528074,552685.86129513
0.0,0.4577985219758849,541434.51238953
0.0,0.4995918633885134,594239.80988367
0.0,0.42264456126162553,730671.9791311
0.0,0.569213419791373,560261.19424239
0.0,0.4978187710332793,636438.0873006
0.0,0.5832987981765437,890668.91335488
0.0,0.5064787451693566,226051.22346183
0.0,0.5600757802373117,855359.4143164199
0.0,0.5080985752076855,805476.8997960801
0.0,0.44714306806437326,198730.52438729999
0.0,0.5115220901218259,194455.03804704
0.0,0.4654631257930236,3317.8028830099997
0.0,0.4901776923437573,94094.27059526001
0.0,0.5007070317521533,828723.5808330601
0.0,0.5178295832994882,366453.95137089
0.0,0.5978705978705978,885234.19646286
0.0,0.47162569235254104,156687.3991732
0.0,0.4937925510612735,603175.3410998
0.0,0.5047227157953802,675377.4507248399
0.0,0.48176366116702274,261153.91102658
0.0,0.5232074315388834,597451.18312661
0.0,0.609049773755656,652248.8270874
0.0,0.5352282768777614,469877.9326215
0.0,0.4627095378728006,654193.15424058
0.0,0.625077399380805,718710.0623082
0.0,0.3862856725786439,664869.4928139601
0.0,0.5664629964461625,631917.8177439399
0.0,0.6516640367235691,734289.60396704
0.0,0.37157471684325905,564731.44952414
0.0,0.6663855068211824,857582.03664848
0.0,0.5062116506325278,729395.8439171601
0.0,0.5051666666666667,704011.07742
0.0,0.5271081716125664,498400.07316231
0.0,0.499494009728071,589070.52280176
0.0,0.5693204248519598,565627.5256854601
0.0,0.5828053246526769,521552.75188972004
0.0,0.4659167387751178,466318.60083459003
0.0,0.582906976744186,507436.367134
0.0,0.4872637082718863,570300.55075224
0.0,0.5335213786935434,517458.44739779003
0.0,0.5442046001075056,431916.50839077996
0.0,0.581464240372408,507749.24464602006
0.0,0.5994078298058998,805042.9920446699
0.0,0.4990693345742206,524927.53199296
0.0,0.5432442699759402,580420.03214188
0.0,0.4985482493595218,645581.063339
0.0,0.5308039068369647,436354.9241742
0.0,0.5308959537572254,439787.409672
0.0,0.5148216326012441,529119.1838172401
0.0,0.4147493017688522,572798.50649476
0.0,0.4179360577091431,602685.854505
0.0,0.45149253731343286,612332.43042612
0.0,0.5237762681734494,562369.71918288
0.0,0.6533875775396761,903717.8393674201
0.0,0.5339841056718801,655329.1483778501
0.0,0.5356390379646193,645772.1146789499
0.0,0.4868818422046055,494763.85406952
0.0,0.5771981638970929,703583.34032915
0.0,0.43492073783512175,439947.12379465
0.0,0.5752043463364496,859695.30498476
0.0,0.5441453967623399,574909.79974467
0.0,0.5605873562471574,572730.72562002
0.0,0.6960135638077909,943748.8777660999
0.0,0.5233738274642473,723820.2187796
0.0,0.4306817826915269,541605.25165029
0.0,0.549489040551764,727256.09740014
0.0,0.4152989007679566,485112.15251625003
0.0,0.48148839690584155,313862.0055902
0.0,0.5843638718031725,643236.8399682001
0.0,0.5755899164590356,601727.28527012
0.0,0.43734771538861666,389241.04591711
0.0,0.47359995256588894,449203.64708713
0.0,0.4796292304375943,651749.3639437801
0.0,0.5255987504338772,466060.83308928
0.0,0.45668047312011617,858956.5139904701
0.0,0.5663706192990878,839748.251067
0.0,0.4950785839022067,622543.50662476
0.0,0.5081248387928811,676640.9764598
0.0,0.6038614268108996,826653.6812583299
0.0,0.4930960715674835,624198.60387756
0.0,0.5486453201970444,891867.7373952001
0.0,0.5288060799215494,466615.48107952
0.0,0.5748312541965579,760316.16911536
0.0,0.4990522912253317,752225.6018329201
0.0,0.5378958344767027,874123.8488502799
0.0,0.48265093684941013,583779.09637978
0.0,0.45090469735368655,495967.09040714
0.0,0.4913931530605691,525660.7744696
0.0,0.5013103540176786,677430.59433114
0.0,0.44778096710090526,883787.97342705
0.0,0.5512702950536706,767059.2435648501
0.0,0.3868123508868988,640583.3696745699
0.0,0.4738586156111929,681647.7645330799
0.0,0.4643040575243965,801487.90173012
0.0,0.6164472351630544,758495.12530485
0.0,0.49385941991115756,748658.25156723
0.0,0.540890189434776,826666.6763607999
0.0,0.4918659866338375,935980.2777041601
0.0,0.48854688618468145,629093.75077934
0.0,0.4182658137882018,372637.37152608
0.0,0.450926232828785,680475.2227325101
0.0,0.5266400495628829,735627.9124779201
0.0,0.41200306647683715,680021.94430545
0.0,0.40643051771117167,766453.885149
0.0,0.593920575257395,660238.9710938
0.0,0.5940370721501194,660469.62229875
0.0,0.4802341573509186,733013.30246067
0.0,0.47129287155346333,832266.2400465601
0.0,0.5807128682643871,735790.5797849599
0.0,0.4531919905771496,949153.16774775
0.0,0.5471841704718418,574148.35083672
0.0,0.5895254688941273,644710.8078891899
0.0,0.41825696316262356,686570.2006057501
0.0,0.6739252486365095,911803.07134752
0.0,0.5931793085874458,881141.69879194
0.0,0.44569548697989064,928803.81159684
0.0,0.6018728717366629,870409.16267088
0.0,0.5004742746868152,678719.02550886
0.0,0.5508514238398675,703739.16763362
0.0,0.41804750632601423,766297.30025834
0.0,0.41535904769266446,700685.42829726
0.0,0.47769399937166196,687114.3673416
0.0,0.43605975219052767,720186.66263065
0.0,0.41951916026704744,692878.00850448
0.0,0.5155808635609559,804082.12476703
0.0,0.47533694116024955,602778.52162334
0.0,0.5456877339052184,761009.7343097699
0.0,0.5018747466558573,958765.31963136
0.0,0.5225132475397426,545865.0226907501
0.0,0.4527642770352369,675866.72778848
0.0,0.6251277199621571,858527.57787025
0.0,0.5324244391545842,685927.7918694001
0.0,0.5464749350908727,848074.0212829501
0.0,0.5496399063314629,839185.54585928
0.0,0.43313165806762927,714806.28653652
0.0,0.5228251213011685,703130.64685442
0.0,0.4575240081692956,776701.12691934
0.0,0.44939039651042223,565893.7406215799
0.0,0.4425520989344859,776336.5640428
0.0,0.45245027680951405,702636.3172104501
0.0,0.39901477832512317,510834.42284896004
0.0,0.4435219081405442,739212.82455432
0.0,0.47292225201072385,688232.444049
0.0,0.46748850814876725,842704.0101368
0.0,0.5985224237799591,649080.3738993299
0.0,0.6495520590228111,680978.5423810199
0.0,0.6792766857091449,1023342.1456485599
0.0,0.46061679087577717,823955.9542460401
0.0,0.43205476551748473,620481.8027682999
0.0,0.5490526769054113,776816.64142556
0.0,0.6102823867262285,734852.4195929599
0.0,0.3896416007801888,697008.03810001
0.0,0.6107686903203142,591561.45208732
0.0,0.5106592913738974,514392.12098055
0.0,0.5729875231894075,784549.0539970701
0.0,0.5022160664819945,783642.0708379999
0.0,0.5336783988957902,741908.1288168
0.0,0.5667715645929153,885017.34081774
0.0,0.5727565540017124,940733.41868323
0.0,0.6507225169197001,849952.9487230399
0.0,0.5692991357290318,679917.20653541
0.0,0.569558962843409,615090.01107309
0.0,0.5367191647496018,805744.9725512001
0.0,0.6106231702216646,904676.0716039201
0.0,0.6649914783900712,896910.11246663
0.0,0.5748742379318387,628651.4790896301
0.0,0.6039479210415791,722560.60106172
0.0,0.6700331032934972,978354.5605190999
0.0,0.5309894556154978,477705.81821872003
0.0,0.561463378834581,873228.64191768
0.0,0.4871823828345567,424015.4398814
0.0,0.6256542361792607,882014.90774016
0.0,0.5479486853804141,565025.24087724
0.0,0.4985753774186689,729317.9318028999
0.0,0.49420766205075706,904624.94066927
0.0,0.5250730282375852,489911.41235472006
0.0,0.5067064083457526,793960.40754501
0.0,0.5229724815129106,537890.17962088
0.0,0.615277824806149,755443.1565383
0.0,0.6051127397692604,610124.02311565
0.0,0.6050978209002704,823471.70628464
0.0,0.6217930239262035,700240.18919008
0.0,0.5609882964889467,642254.2141472
0.0,0.6559470863268332,794280.07408563
0.0,0.46742736503468385,200875.76241412
0.0,0.594484269215452,917117.7541588799
0.0,0.5204644849947218,509649.82245095
0.0,0.5904129743045814,637770.14639156
0.0,0.545625342483626,329542.032985
0.0,0.6691480850175671,815125.35920504
0.0,0.4977517985611511,785616.7553733599
0.0,0.6448733825853012,930321.46706066
0.0,0.41497410032715376,639331.0415111999
0.0,0.6872838157655198,1071118.27737516
0.0,0.5395324079760881,779585.7936342901
0.0,0.4519969278033794,489426.08491391997
0.0,0.6371926723445284,864979.23072308
0.0,0.4356300846754109,527216.5798373501
0.0,0.438889468740215,596461.3972342799
0.0,0.5765646310046977,896620.61383128
0.0,0.5873336838273951,862982.7152358501
0.0,0.5930568948891032,443337.38156648003
0.0,0.5184406779661017,645037.175885
0.0,0.580761197493618,797960.97692184
0.0,0.556725836473419,893277.95114373
0.0,0.47039473684210525,573759.5549519999
0.0,0.5958118744534059,1016487.84998046
0.0,0.4765581422658016,484283.32772774
0.0,0.5880084436145165,757224.11944108
0.0,0.5553226900080133,510927.1015925
0.0,0.554123053357161,833929.9402299001
0.0,0.5293063461943918,608758.77305628
0.0,0.5438208571198843,759953.49912454
0.0,0.49512117091897945,883688.99814468
0.0,0.6576309217907422,825206.27008512
0.0,0.644125004963666,877684.51359029
0.0,0.49295774647887325,936074.41877197
0.0,0.4722222222222222,179009.7963984
0.0,0.5004415372035977,641975.2217752499
0.0,0.6073732718894009,869680.10316055
0.0,0.5280094471916746,691738.63162388
0.0,0.49732707610691695,805914.30117705
0.0,0.6476490048267259,938436.7815239
0.0,0.4051313281084516,324178.86402432004
0.0,0.6204238174563205,811312.3590120501
0.0,0.5304728277556033,604030.88618496
0.0,0.5283135728189701,924493.9978208
0.0,0.5736338668434511,546295.95719301
0.0,0.44751908396946566,455131.10484912
0.0,0.5131292129179382,690821.49520346
0.0,0.45662011391121166,706365.9203373999
0.0,0.47723161374836254,636551.2801286799
0.0,0.49662455995030025,689605.3553006
0.0,0.5706050923943476,526869.4742004101
0.0,0.6656547802028896,788429.2498352
0.0,0.5112649679359855,465345.80805832
0.0,0.5011955845261882,665850.40047996
0.0,0.47221028505944707,517642.04432256
0.0,0.44596308299281384,406049.4043628
0.0,0.47964013667283156,584963.2428684001
0.0,0.5270164447924823,498228.39658746
0.0,0.5662213669836805,665485.83882417
0.0,0.47556743388248435,757282.3292069001
0.0,0.582717647954909,749209.5737383801
0.0,0.39807673044175096,647279.17495203
0.0,0.5083027888446215,629385.4349725
0.0,0.5726207851502564,806333.93774199
0.0,0.49269062339000513,512872.6611372
0.0,0.5163324826831935,758629.1031809
0.0,0.5517253813146793,687362.80675809
0.0,0.4263313150131967,743271.8795913601
0.0,0.5257172307163718,602157.53550425
0.0,0.5233437083148066,689913.4466346101
0.0,0.5947759484141272,638518.60198524
0.0,0.5141401019286499,723403.10502486
0.0,0.5948927811425765,649979.43677765
0.0,0.4111809460800529,670195.30013856
0.0,0.5395125150289649,760941.12230271
0.0,0.5064910331693382,525873.7931854
0.0,0.5659715639810426,779306.194625
0.0,0.5271354944095531,388867.10963451996
0.0,0.3997068261954756,773307.568061
0.0,0.4139200051651225,529271.3160125
0.0,0.4857404021937843,815438.1877671999
0.0,0.41696652861701405,561225.1379317
0.0,0.519951856309601,515002.11943167
0.0,0.5236813620805664,396884.70929987
0.0,0.5997386759581882,616419.0437175999
0.0,0.48410780384838936,443163.8362814
0.0,0.4233947870311507,598299.71569758
0.0,0.40826271186440677,549504.5901035999
0.0,0.3949053500822282,609355.2911761199
0.0,0.5313161455983899,684548.59237875
0.0,0.5639399980391516,555136.93813128
0.0,0.6230962534267438,787649.24136512
0.0,0.5467248131007476,714989.51524352
0.0,0.4834060797024717,232386.97941822003
0.0,0.5669755686604886,620691.26145228
0.0,0.4923361189266367,336466.01954469
0.0,0.5326427695243288,427139.69181168
0.0,0.47766365935129396,633626.69220586
0.0,0.46415592231661307,80722.64447016
0.0,0.42455167157163726,-96758.81448870999
0.0,0.38217063684978125,-176232.80966928
0.0,0.7900831536803203,1308478.18878755
0.0,0.556090515166105,933973.5527508
0.0,0.6440635556111598,1128855.47636326
0.0,0.8912797281993206,1280188.45058741
0.0,0.4305312040942046,121856.91288716
0.0,0.6244535951853025,1166689.3752265999
0.0,0.4561131157170429,782253.6206479999
0.0,0.5393725327238729,711734.57917302
0.0,0.5238290879211175,393724.8624447
0.0,0.8117867384561362,1265598.83454092
0.0,0.42907141094384493,19131.76856647
0.0,0.4310273746701847,-163779.83769168
0.0,0.6899766899766899,1222431.43066494
0.0,0.3977952626833866,-167587.62272052
0.0,0.868076109936575,708047.0289520001
0.0,0.45039038294708145,200826.91032355
0.0,0.6179475788538428,936327.3650888
0.0,0.6482202046404381,1386924.82927362
0.0,0.40374037403740376,-49674.067732979995
0.0,0.4761667671182621,308020.69815916
0.0,0.5237361840913209,496375.16396908
0.0,0.4280544912728821,325630.0451502
0.0,0.45849627854169295,462741.25586828
0.0,0.4156921053384039,354225.27088260005
0.0,0.7265592730276745,1347360.4881755998
0.0,0.3656714540835576,188554.45088003998
0.0,1.0,1454782.91966388
0.0,0.31583749728437976,-39294.43099
0.0,0.49764135491056805,591040.48412108
0.0,0.5790148395618057,800766.5486598801
0.0,0.44622440410826175,532729.48559358
0.0,0.7143150649750886,979221.3687003001
0.0,0.3710487444608567,314324.4664094
0.0,0.4403576802870703,420191.13740072
0.0,0.8803191489361702,1252547.80509672
0.0,0.36645008860011813,101285.63084025
0.0,0.4608823602763299,217246.31282902003
0.0,0.6005418777241136,802130.87151828
0.0,0.6884476399806281,791277.0138065601
0.0,0.456128839844915,462470.492907
0.0,0.4331520720045003,98485.1875632
0.0,0.4746250256831724,232967.31352640002
0.0,0.7134393805103326,992344.31576685
0.0,0.3431351490677893,-57435.07509644
0.0,0.3633207003874574,-93003.75629998
0.0,0.5009564426604786,542608.42599565
0.0,0.5904904443932766,820145.61150984
0.0,0.423055533486931,275134.91158836
0.0,0.9241917502787068,1350854.1687806998
0.0,0.43684649610678533,342589.2511824
0.0,0.5734233102408557,756567.02432082
0.0,0.7082222677875744,904665.6400001601
0.0,0.4958986082162308,621300.5076666201
0.0,0.37465495031284507,55795.949948400004
0.0,0.45052700142112745,446011.7010056
0.0,0.5176426554152914,658779.43458614
0.0,0.592845173609758,646712.91898401
0.0,0.4881918819188192,632673.454567
0.0,0.7497442891237641,978697.5508693801
0.0,0.3972072917555385,381996.65892393
0.0,0.4658847308139891,521942.65064992
0.0,0.6579798080270552,966490.03599368
0.0,0.5259282306575399,616275.18546984
0.0,0.5550660792951542,812756.30506605
0.0,0.4378644429117813,536023.7872616199
0.0,0.8156565656565656,1250763.080508
0.0,0.737779808131567,1167484.59800514
0.0,0.4672797389498665,446772.538254
0.0,0.605007611149021,998859.46424495
0.0,0.5045732831747437,743190.0164970601
0.0,0.34869615265418163,-7576.32280392
0.0,0.3603669556862117,56058.245264560006
0.0,1.0,1264199.8598125
0.0,0.7737517608389419,1240785.2710567398
0.0,0.5884074660524927,964706.27175585
0.0,0.38840940244707317,227380.86280042
0.0,0.4696339113680154,710845.5590654999
0.0,0.5057011600621344,680135.1780687199
0.0,0.5421356708835542,1034214.74652204
0.0,0.42351019956267816,374865.27714957
0.0,0.3323775388291517,-42127.82538255
0.0,0.7488202909948879,1249049.0850142802
0.0,0.4140691091299538,535439.8740159
0.0,0.4693508165071193,824298.05951372
0.0,0.48814802998883394,585558.4720446999
0.0,0.2925173969564885,-311829.73978968
0.0,1.0,1344345.2081963301
0.0,0.34388088739968115,312924.18874245
0.0,0.7969270833333333,1068110.825262
0.0,0.38291312028264013,579572.45184925
0.0,0.4671479440027316,999489.2460453799
0.0,0.5781499756758635,1343444.09652775
0.0,0.3470188638393461,218793.82407763
0.0,0.36247086247086246,412971.05699694
0.0,0.6031550682479302,912268.37010392
0.0,0.4029706303122107,833357.94973128
0.0,0.46503699405193677,543495.97093856
0.0,0.47122465163702276,1166246.49760828
0.0,0.38065550409690063,325105.45652423997
0.0,0.3312241803064373,243685.52937124
0.0,0.6765200122212038,1017383.65371732
0.0,0.3864448336252189,642340.9778519999
0.0,0.5212392487274004,657697.7542446
0.0,0.4284429065743945,431702.950868
0.0,0.2880118601046744,18045.168635910002
0.0,0.3240961433535307,407814.93113907
0.0,0.6793823796548593,642805.40772315
0.0,0.7097964884277733,886134.15249824
0.0,0.4523952997890931,243759.61903236
0.0,0.9119638826185101,1325417.065772
0.0,0.39426695842450765,-30738.007201999997
0.0,0.4409703357600782,343075.44260956
0.0,0.6090877558099203,1001841.56635584
0.0,0.46964681350188975,303716.3376909
0.0,0.40730610122747923,32523.11396397
0.0,0.400419338924519,196328.40687819998
0.0,0.7192800992966487,1065631.7859552
0.0,0.5638099766234795,756898.16432538
0.0,0.5201951670179288,414554.98165369
0.0,0.6675272370527185,1092694.8204631
0.0,0.4447900466562986,170163.64244151
0.0,0.3339917289056231,-152767.82421975
0.0,1.0,1684019.2484471998
0.0,0.4349588613296499,463024.98933002003
0.0,0.6780311582750056,820008.27753114
0.0,0.6504702194357367,1057635.1060121602
0.0,0.4535982553913254,308382.81228783
0.0,0.5698891625615764,817813.37305848
0.0,0.40313935681470137,117236.98671488
0.0,0.4327196116149125,439651.14948522
0.0,0.6653486700215672,898156.45971168
0.0,0.5040121448709608,867924.56061465
0.0,0.5272909364046069,468028.48416912
0.0,0.6035530897715871,1254044.5716804
0.0,0.4426229508196721,238111.95439079998
0.0,0.8816317903191714,1341568.52658171
0.0,0.4347001735330034,568809.0668084
0.0,0.35740903855274747,27235.43471937
0.0,0.314056639345889,-194037.37806486
0.0,0.4039772292139994,238765.28497093
0.0,0.5190826746276758,705834.99872632
0.0,0.4770154610712314,475547.89762624004
0.0,0.6548683928953563,1059631.3084685
0.0,0.39392384860921115,271615.9757304
0.0,0.7816229116945107,1188076.70175832
0.0,0.4328552434298,399197.10686799
0.0,0.48135233897737734,399665.19283487997
0.0,0.3893879628451457,244626.89650245002
0.0,0.6691109074243813,981663.5718771
0.0,0.45078256370456604,-62975.95281054
0.0,0.3895890191041901,-213567.33788704002
0.0,0.7041658593295873,888893.8699157
0.0,0.34757347915242653,482872.8560419
0.0,0.4812717891507461,393136.19897465
0.0,1.0,816850.440404
0.0,0.47697431018078024,140895.5498728
0.0,0.5225753871230644,379392.1003782
0.0,0.42627186009538953,214544.63638279997
0.0,1.0,1888509.375
0.0,0.4348721590909091,114523.19907959999
0.0,0.4742772223723318,326938.3439096
0.0,0.38256377298793753,182127.50267968
0.0,0.4848832555036691,330148.50656725
0.0,0.5351527368584277,542240.92390015
0.0,0.4287075173012804,383906.91078228
0.0,0.42701944186678137,36212.220152960006
0.0,0.463404615819064,261699.54639651
0.0,0.37677775419231585,109994.84129502
0.0,0.436907910555422,150601.0260557
0.0,0.5975855130784709,963223.5540451199
0.0,0.4745874587458746,368842.893408
0.0,0.3843892880470281,215667.75649734
0.0,0.5256801842018702,995109.32565123
0.0,0.4949877417597385,356671.1762486
0.0,0.5481575603557814,577057.2183584
0.0,0.43809769226364315,422063.69611728
0.0,1.0,52168.75
0.0,0.4867422325675539,1010587.78772774
0.0,0.5229249371193067,524380.34768108
0.0,0.41983811222389905,366036.2229728
0.0,1.0,1491343.33319928
0.0,0.5420565862201062,980938.6530379499
0.0,0.4575003776625208,241154.70777558
0.0,0.500347947112039,479529.43771392
0.0,0.4033584647018506,318338.84809706
0.0,0.49793029777006276,910851.98987748
0.0,0.5115133430919941,413352.78732044005
0.0,0.5696177460883344,622282.5455734801
0.0,0.4534973325429757,462356.787379
0.0,1.0,0.0
0.0,0.618663848152552,1026899.9587820701
0.0,0.49097630477755244,267342.39581668004
0.0,0.43673491350318816,325010.08650214
0.0,0.6450358851674641,775558.63540504
0.0,0.5205397043657615,460001.8231512
0.0,0.4619309262166405,525006.04051852
0.0,0.48882253248325397,357358.31220918003
0.0,0.39566386079083254,665762.16664116
0.0,0.4323659894317443,430129.23303188995
0.0,0.7493549027391823,1185460.43428608
0.0,0.38518276105125365,214530.23723944
0.0,1.0,1066797.54898919
0.0,0.6536083573179832,1099490.4874635
0.0,0.4874353116695417,97860.07347546
0.0,0.43824488008950724,170218.26008602
0.0,1.0,1399663.125
0.0,0.512750913173151,624021.4460525101
0.0,1.0,0.0
0.0,0.3982685758831494,-173310.44541306
0.0,0.42738303152863316,65914.32044232
0.0,0.4621664928656815,235061.85730099
0.0,0.5081996068882565,440766.92872555
0.0,1.0,334218.33334637596
0.0,0.43148196518889653,132015.95584599
0.0,0.4678578206761923,365803.38356429996
0.0,0.47586748723320677,292654.63155245
0.0,0.5236231224396904,512918.35229415
0.0,0.42034559490123896,359352.82972993003
0.0,1.0,100650.0
0.0,0.4338564242831645,75894.56497766
0.0,0.3744524268442264,390472.56874428
0.0,0.47218485400015825,284251.76184627
0.0,0.3826438087869043,142758.83185817002
0.0,1.0,710966.42522784
0.0,0.45936243901205853,228826.289096
0.0,0.5026946718326681,442765.0119932
0.0,0.4050777010033622,293391.80995905004
0.0,0.5007690298615747,481683.35548201
0.0,0.4036670623928242,318201.09711060004
0.0,1.0,1903358.13809216
0.0,0.5433099117954852,526279.1775933
0.0,0.43759331143624963,570022.77504192
0.0,0.45810244627652386,506899.58666120004
0.0,0.4208006196528536,594486.15782668
0.0,0.35075568598679385,380066.96669225
0.0,0.6399962567845779,1002835.8426966
0.0,0.5166987941005066,892848.7159021101
0.0,0.5867331186874256,719049.11335514
0.0,0.3635542088616006,280255.26541419
0.0,0.47126389290583814,667918.21496169
0.0,0.4755657240910878,586160.72629278
0.0,0.39953200735417016,519643.10617379996
0.0,0.8687845303867403,1055717.3659284
0.0,0.5062644246620508,470494.43122176
0.0,0.43280085889969744,480203.71487128997
0.0,0.5445268578447584,931203.4483700601
0.0,0.7073947667804323,1199600.8199472001
0.0,0.6557531662624629,1037923.1696248801
0.0,0.8492063492063492,1012661.2056852
0.0,0.39276381909547736,367217.48544799996
0.0,0.8394393118827652,404457.13783386
0.0,0.6394037066881547,1041507.9552332001
0.0,0.8747259630441591,1586306.24403664
0.0,0.38932686476652517,356263.42692186
0.0,0.40177870782108294,489093.6306663
0.0,0.4511785653722232,513557.1442209
0.0,0.5154403502654112,689154.75460416
0.0,0.781908302354399,1384879.1086260001
0.0,0.45773811803454484,650742.16515035
0.0,0.433850350493228,559831.62329928
0.0,0.4467015022860875,455773.32664359995
0.0,0.7104255798243638,1217020.20276804
0.0,0.42494906754427203,434171.80612125
0.0,0.5461524401389143,511158.43903216004
0.0,0.34499605587928445,201761.25372632002
0.0,0.4940680418337398,759797.0524223101
0.0,0.45694363342836536,556617.82898002
0.0,0.4948112330295704,586525.0934931501
0.0,0.43568008512147544,603589.7922588
0.0,0.4794312933025404,609811.9833640801
0.0,0.3545859210491244,251466.90134075997
0.0,0.409553507178837,522632.92308419
0.0,0.6467572665280263,1038972.09385086
0.0,0.5353730205015477,769139.9230084
0.0,0.4726277372262774,630155.8731328
0.0,0.7528478892115256,882186.8410445999
0.0,0.8226141078838174,1083394.62414304
0.0,0.49455838355808,687645.51941355
0.0,0.8502994011976048,1746535.47651512
0.0,0.5586444379120649,719630.14646314
0.0,0.5039589743589744,744872.9171812499
0.0,0.42359496895398824,432034.3518721
0.0,0.5057259444517572,812576.60352165
0.0,0.522978338640563,631391.00545932
0.0,0.47216587784539105,567980.7373188001
0.0,0.47729789590254706,571033.1862279
0.0,0.36921652460444976,263736.63492805
0.0,0.39287427639364186,474683.28556270996
0.0,0.5392045454545454,751416.4878136
0.0,0.41536055603822764,537993.26174
0.0,0.7077264872870896,1214988.83092672
0.0,0.7222811108755565,1102586.75266624
0.0,0.4411114003123373,486513.0526947199
0.0,0.4119518210086136,640454.3932980499
0.0,0.45871363071517335,523254.75644034
0.0,0.3214677791195521,233065.07545832
0.0,0.6167146974063401,754342.2357623101
0.0,0.6942327497425335,772425.7084833999
0.0,0.40875710554616684,408176.73616659996
0.0,0.8775635139271503,1554522.8574571202
0.0,0.3535399170830233,260129.52625592
0.0,0.5973135813387872,763877.30947015
0.0,0.37681972630069516,426618.93725205003
0.0,0.47811800894854584,642497.92209216
0.0,0.6668352829592159,1030578.8714221
0.0,0.5402698965237709,863940.01763125
0.0,0.5229232864275988,742537.33855392
0.0,0.7149847759895607,1094753.36643824
0.0,0.5996327638511896,903417.73406768
0.0,0.30409070698088037,725.8309115999999
0.0,0.4148745791501107,372142.50147374
0.0,0.3321763883339992,167616.40316816
0.0,1.0,532097.70240972
0.0,0.5044740840790141,437207.212505
0.0,0.8957518894970029,1348040.34276996
0.0,0.8366324229516412,1507326.10145264
0.0,0.698437790589548,1184398.44530812
0.0,0.41225165562913907,458702.548656
0.0,0.3640820500481232,375199.09111152
0.0,0.48492691284219736,602579.52472795
0.0,0.713993981083405,879023.3129642401
0.0,0.6357571069425643,760741.55610048
0.0,0.2936644591611479,-10201.420875
0.0,0.3947829183606849,369350.27653546
0.0,0.380543397472954,383491.45341044996
0.0,0.38796377446684194,447227.98503705
0.0,0.794125159642401,1379257.4187954
0.0,0.861480723302627,412236.08627111994
0.0,0.41011220617543476,368769.93731699005
0.0,0.46643195338108534,701644.27432896
0.0,0.4198716935815188,503825.88091813
0.0,0.48846815834767643,685804.0149887999
0.0,0.3309540516344455,123714.79118515
0.0,1.0,1100925.0
0.0,0.5947828995039296,837165.60534008
0.0,0.6722945484133441,1088497.62181072
0.0,0.5388638412984671,500029.0497986
0.0,0.49924199766102134,803226.96810471
0.0,1.0,623389.99986876
0.0,1.0,2059058.41722672
0.0,0.35553986881967115,348751.79046623997
0.0,0.5169010609425118,629774.3349975001
0.0,0.4343836734693878,487922.09156875
0.0,0.41006081847232245,537911.1123481201
0.0,0.4714227254126313,612191.45985464
0.0,0.5021004873130567,441472.9237226
0.0,0.40860644408268576,396307.76057217
0.0,0.4383743678712487,650764.95356056
0.0,0.4443306399605478,459389.19210363
0.0,0.43049632006038874,530976.26360805
0.0,0.47855087030015075,570194.94305609
0.0,0.7179717586649551,1550856.8133546
0.0,0.35873565025947474,406392.1151841
0.0,0.6898663697104677,1439055.4322352
0.0,0.42810157023624273,512947.43714492
0.0,0.3683409015394839,319936.86357975996
0.0,0.2660882421601432,-221609.52433656
0.0,1.0,1610846.66679952
0.0,0.6676106194690266,1368344.2515045
0.0,0.4565504543089301,596778.68467556
0.0,0.7805608494418731,1381666.63677928
0.0,0.3977335910402711,322137.54665281
0.0,1.0,1774815.33480888
0.0,0.33204611751632174,301866.11202875
0.0,0.6494034238284627,1045193.75481136
0.0,0.5978575564562826,1224885.7543523998
0.0,1.0,671080.6723936001
0.0,0.5585046728971963,721823.47816
0.0,0.757857338070511,677638.19522848
0.0,0.7961547370859393,1219577.5642842
0.0,0.33505440257908525,194708.98876224
0.0,0.6647602287725473,701818.1672832
0.0,0.585832801531589,886424.55585629
0.0,0.7834497581945191,1399443.29883424
0.0,0.5636896046852123,865026.05237224
0.0,0.47387941082971285,851602.98991446
0.0,0.46202454733260423,603168.61723704
0.0,0.38404495116134724,420925.24116453
0.0,0.5583734844072643,855361.70661505
0.0,0.513213224798426,679892.0359538
0.0,0.44508802186716995,568838.4395734901
0.0,0.45579659435502684,567874.97855514
0.0,0.4213497399467208,484398.95250291994
0.0,0.5044519048314114,720697.61236552
0.0,0.48466764927921774,586930.39734725
0.0,0.7018842177084974,1183464.31213323
0.0,0.5024168635289842,870294.7856420999
0.0,0.5453548416579079,788052.1811471201
0.0,0.45586137832670776,564758.74045738
0.0,0.7593813964066409,1314219.8029422
0.0,0.43079699469652327,622328.9379318401
0.0,0.6914772386493132,1291790.45158098
0.0,0.38104606391051404,289375.1069368
0.0,0.8030477285796435,1707357.4382264
0.0,0.5169626549566704,623229.0472915899
0.0,0.4105904601807102,436728.86617905996
0.0,0.34646267635958355,224445.07652088
0.0,0.5631578947368421,824830.4075310001
0.0,0.4052442741913728,362568.47098780004
0.0,0.7277154351048063,1107698.30674232
0.0,0.5899308983218163,579226.830886
0.0,0.4137501298161803,531776.4688980001
0.0,0.6846421980725856,1137359.77318436
0.0,0.4383963613688882,616853.75044711
0.0,0.4401628761545337,685669.4687337
0.0,0.4056488047153158,425530.66884020995
0.0,0.40605610805996734,396840.13169480005
0.0,0.4054309399000366,452046.44610004
0.0,0.4139284142584715,508740.98367663997
0.0,0.4718329319805772,739824.63750494
0.0,0.3850719986367122,320871.81242932
0.0,0.6577649344825868,1351583.97712128
0.0,0.6232394366197183,1240865.6549232
0.0,0.7137020144431775,1156212.9727344
0.0,0.8937522702506356,1366192.6155877202
0.0,0.4688412852969815,598084.04075184
0.0,0.358648680912021,136259.79490795
0.0,0.6085273104401936,1182587.1313412501
0.0,0.6555705214546854,961696.372635
0.0,0.3694764616025552,311670.88750875
0.0,0.5547859234810097,853425.10860611
0.0,0.44148936170212766,541493.42485104
0.0,0.4011466065747614,492718.78213896
0.0,0.46061424465911843,553638.2330145601
0.0,0.44952468921987454,684965.29839651
0.0,0.6467695438358487,1450752.14880372
0.0,0.5002259036144578,651742.1352152
0.0,0.4797504417757582,593655.9313606201
0.0,0.7381216286115422,539572.1444394
0.0,0.4795005974700235,584337.02673731
0.0,0.6075870646766169,982789.72633104
0.0,0.28973902728351125,-83369.21453952
0.0,0.33180506028188145,151130.1185238
0.0,1.0,88133.789208768
0.0,0.47127115992909036,469827.56491395
0.0,0.45330836871844593,469101.44509166
0.0,0.6124907338769459,951497.31993376
0.0,0.724355735219808,1469325.21099872
0.0,0.4343296264824325,577792.20168304
0.0,0.4146490189748556,505810.54396275
0.0,0.796516031305226,1407831.9777884
0.0,0.8470809792843691,597371.393529
0.0,0.5489619695021128,504623.75335128
0.0,0.4612307106115451,439173.97790144995
0.0,0.6717270194986072,885965.8882992
0.0,0.40710209258084973,421891.13991545996
0.0,0.833112582781457,445238.75888279994
0.0,0.3817907949790795,481947.90670125
0.0,0.38551107957294456,506527.08655757003
0.0,0.6329962567741214,1046893.80350422
0.0,0.4558126226291694,606913.75003384
0.0,0.326213830308975,145635.296214
0.0,0.43902439024390244,627842.56193163
0.0,0.43325191336915814,474438.5424468
0.0,0.7449180327868853,1510858.4991360002
0.0,0.6041405269761606,942051.3434966401
0.0,0.7103092783505155,1048307.9363838
0.0,0.47332766171975926,572154.77019681
0.0,0.576171875,1089656.43884328
0.0,0.4718128004449565,763815.52848492
0.0,0.7683462969225566,1808643.11570868
0.0,0.5425778586042282,776803.25487985
0.0,0.4286727032513776,471512.71322380996
0.0,0.6326593137254902,1257949.5839856002
0.0,0.41332919061674694,430441.98609225
0.0,0.398547232167447,452659.47187056
0.0,0.47993012268233615,659340.62511738
0.0,0.3645856171892129,299466.68240832
0.0,0.658787647731605,981057.5177300799
0.0,0.6739469578783152,1110268.7465656
0.0,0.4696449804654323,735013.76168825
0.0,0.7545706371191135,546294.132464
0.0,0.33110018091361376,256759.723362
0.0,0.2580117226155134,-244805.19496812002
0.0,0.2863816412641006,-49319.439428159996
0.0,0.5324577861163227,787348.8334592
0.0,0.353592017165163,247493.82354175
0.0,0.8067915690866511,1193389.70094124
0.0,0.7111250260905865,1082416.452612
0.0,0.36569810594606483,280399.27609613
0.0,0.6623246492985972,1067428.5268912
0.0,0.7468127935584881,1295350.61818604
0.0,0.427625446012408,440677.1560812
0.0,0.8617637044603337,677444.33007024
0.0,0.4742718446601942,627941.4956512
0.0,0.505863539445629,660766.3734896
0.0,0.4820545541553677,516136.55544796
0.0,0.7140495867768595,1099806.950834
0.0,0.5014383713210887,755635.5213063001
0.0,0.7926605504587156,1253702.3500872
0.0,0.5803411360958869,912782.23417607
0.0,0.8702875399361022,624112.6705183999
0.0,0.48367054976497037,641070.4292475
0.0,0.8099078341013825,1342845.45312368
0.0,1.0,1949950.0001321998
0.0,0.3820066620721342,361401.79721472005
0.0,0.33559535822401615,182132.043704
0.0,0.5421562564419707,883423.78514415
0.0,0.5262567875284638,702972.6197949
0.0,1.0,1271476.14573672
0.0,0.4424546595186495,501272.05765206006
0.0,0.5244142547745619,723258.26849232
0.0,0.5038065533085153,686386.17213264
0.0,0.41250891500511644,416907.29261928995
0.0,1.0,841551.6665396399
0.0,0.394261757408094,435062.37960689
0.0,0.7401315789473685,911276.6046955199
0.0,0.46413021363173956,613996.40151525
0.0,0.43175505050505053,502113.23308439995
0.0,0.4345235807356728,498416.73131093004
0.0,0.6275463387777573,914254.20292608
0.0,0.41628309459807783,496108.80628043
0.0,0.4184401114206128,423154.559555
0.0,0.3144440102071312,56167.28292868
0.0,0.5367647058823529,741430.8557180801
0.0,0.3860997267759563,441674.7714972
0.0,0.6844940611410398,1056273.70842294
0.0,0.37163050624589083,419383.745505
0.0,0.4979612640163099,656566.59372696
0.0,0.5099332697807436,801794.0051600001
0.0,0.7677758318739054,1827498.0700301998
0.0,0.3686832740213523,183333.8963307
0.0,0.5761604989115726,557301.4468724
0.0,0.44434686318683414,512226.03148678003
0.0,0.7853408615641991,1333592.7016473599
0.0,0.8685331710286062,646703.20745537
0.0,0.44422758457534894,511933.53019248
0.0,0.3276858006042296,133317.31494625
0.0,0.4824288954807189,816227.7982470499
0.0,0.38349675367695774,434410.20963424
0.0,0.49495434887073525,747868.5618735501
0.0,0.7129604947486272,1202214.4934548
0.0,0.5710508922670192,940600.24680672
0.0,0.36787606573249776,251835.71016030002
0.0,0.5013054830287206,765056.88783216
0.0,0.514163131977963,756283.0620424501
0.0,0.4795429148192206,575499.97186374
0.0,0.4653769661905623,803359.1504687499
0.0,0.538821328344247,897270.24628176
0.0,1.0,174433.33334728802
0.0,0.37462862094577865,393359.37260256
0.0,0.32053805774278216,83323.29484896
0.0,0.6397213459516299,905233.2043128
0.0,0.4010085314726319,361407.54529210995
0.0,0.42415542157144226,636754.11274575
0.0,0.4435543457126191,601135.1008838
0.0,0.4737954206934774,589304.92643088
0.0,0.39226918959581053,391075.14449072996
0.0,0.7402521254763998,359949.64172544
0.0,0.4757501960622446,775933.7152798
0.0,0.4406955956444011,451514.83171665
0.0,0.44340567612687815,644810.7353814001
0.0,0.44525574637708154,652788.0608888
0.0,0.5167216935327248,592550.31827505
0.0,0.484304932735426,734023.6015244
0.0,0.48354589828373484,589235.72633268
0.0,0.4213536701620591,590003.92927917
0.0,0.449957720277355,480470.76353115
0.0,0.7871239081203494,709702.73569052
0.0,0.8100400659910441,1247307.2333321602
0.0,0.5125214408233276,620277.4691416001
0.0,0.4977429318127821,557894.9879436
0.0,0.4816346997618152,784704.36986793
0.0,0.786556927297668,1360197.0013554
0.0,0.4494712301922492,506406.42645865
0.0,0.5048436069208154,559838.99531467
0.0,0.4167759775942142,560193.32619376
0.0,0.7656976744186047,1518205.4328100001
0.0,0.4187489347196182,586762.6471005
0.0,0.42161553616661973,450757.61233776
0.0,0.5053791655733403,586792.7092035799
0.0,0.5031345929352761,583369.03863859
0.0,0.42850700595909164,459846.65583645
0.0,0.367757536675802,451026.06830910005
0.0,0.44827470009435233,547145.45747904
0.0,0.3865436198748244,469838.78897868004
0.0,0.4902101553322021,677219.63509996
0.0,0.528817067345964,681745.67322956
0.0,0.5003196810711197,609804.54587796
0.0,0.47019844452969695,565415.69245831
0.0,0.5073097534833869,648477.57087525
0.0,0.4644145751556243,451695.68762688
0.0,0.42916758181418846,531063.46417159
0.0,0.5016178765845674,815750.3423630199
0.0,0.41385750303483054,568913.27140137
0.0,0.6470712178676781,737028.90202752
0.0,0.8860074095183813,1563112.92441032
0.0,0.4526327425476252,628802.75581417
0.0,0.5161314667371043,704278.26711658
0.0,0.6666991616299474,1037677.75355832
0.0,0.2776381909547739,78797.84999624
0.0,0.5707018778072407,878584.35828845
0.0,0.4169862797042426,651659.2124499601
0.0,0.5139786562453029,688437.1619176
0.0,0.4970057899090157,668485.9813365
0.0,0.38889357751709,442802.43523923005
0.0,0.39415625103057084,503264.98720888
0.0,0.39804176241382755,512330.85187137
0.0,0.3790539081062733,452658.32395433995
0.0,0.3394008235127077,345637.68411815
0.0,0.5653617021276596,776951.4522749999
0.0,0.3520123298825172,349910.30978484
0.0,0.5392597997486724,708816.8727470699
0.0,0.36388813630753486,398866.77336428995
0.0,0.352862265562521,242841.46119156
0.0,0.5477124183006536,624009.95802
0.0,0.4134384278241199,592233.28374976
0.0,0.5,635873.56184036
0.0,0.3718383473851227,471902.27681168
0.0,0.4822723791503356,519249.29821149
0.0,0.6805030582090578,1043859.07410147
0.0,0.4610924626182484,559565.95409984
0.0,0.4306675062972292,469068.83707599994
0.0,0.3815574358238922,341571.3062633
0.0,0.4371545143458805,508348.63133823994
0.0,0.4591484027804155,629202.44496836
0.0,0.4256812933025404,608244.9049365
0.0,0.42777002591337526,452909.86635818
0.0,0.5093252528701293,747117.3591589399
0.0,0.4450205733783829,497712.75260978006
0.0,0.5409262798357256,620175.58960898
0.0,0.8071509009009009,1685422.55905416
0.0,0.5191104933981932,629312.69285032
0.0,0.5059521545658541,618894.33426236
0.0,0.6411985658186785,1025929.1377937599
0.0,0.45137014936718484,736416.1974622201
0.0,0.49018324607329844,627743.08103832
0.0,0.3979570870879685,347375.32183257997
0.0,0.49379061371841154,653291.373349
0.0,0.44024585394239163,573568.1549584
0.0,0.4306308299229436,649940.89362876
0.0,0.40096858725578,523996.60665822006
0.0,0.4200239959585754,493910.95216175995
0.0,0.47219690063810393,609251.82887937
0.0,0.6392,1342902.5400999999
0.0,0.3996753539543692,524202.41021499
0.0,1.0,321965.0
0.0,0.38107248287524004,433948.74165071
0.0,0.8960612691466083,1271859.8422065598
0.0,0.5605644845158761,1130739.3123490799
0.0,0.4251390917850371,468466.53123245004
0.0,0.2703332717872969,47877.446694879996
0.0,0.3423682616596002,362403.4540464
0.0,0.2764125778029262,-158879.31278144
0.0,0.5156528902924619,784996.1416967601
0.0,0.6639415088069126,474054.78789255
0.0,0.8582038391224863,1518267.27517192
0.0,0.7610666666666667,552576.61719375
0.0,0.7733731466227347,1312060.53478032
0.0,0.40257995162590704,383182.34695344
0.0,0.43662672740496883,583094.27105113
0.0,0.42150121985995376,451989.788105
0.0,0.4236495108464483,547243.7562850801
0.0,0.45553631455638177,797208.5422084801
0.0,0.6935176358436607,1203169.0948428002
0.0,0.7821338560627276,1385590.85769468
0.0,0.48144228884969625,721376.8140996
0.0,0.3803465233302836,361626.60517031996
0.0,0.5216480446927374,632854.65426392
0.0,0.48389940803560183,795769.12704756
0.0,0.5089867152904403,619463.10302006
0.0,0.3958240324186957,598943.85031058
0.0,1.0,715681.676151
0.0,0.5429564506235943,1020512.5581672
0.0,0.4631283391178879,694279.69685607
0.0,0.5373998823476175,931147.4601546099
0.0,0.7141104294478527,1425830.3284749999
0.0,0.8882791062328499,2110628.20748024
0.0,0.5223002902092562,747517.30015188
0.0,0.41348246674727934,447878.90641920007
0.0,0.34124192300975476,195517.17208122
0.0,0.3169505271695053,71104.71617819999
0.0,0.27772024933503886,-154662.66823293
0.0,0.572572038420491,937061.1460401601
0.0,0.6486260520595285,546052.3479877401
0.0,1.0,460646.66679827997
0.0,0.4416308514345452,589385.6985947699
0.0,0.44203030856308195,495504.92919655
0.0,0.4355637150444219,548045.53914817
0.0,0.38323386848225044,375078.86315307
0.0,0.7270381836945304,1403603.13538632
0.0,0.5183512140033879,767134.4534022899
0.0,0.5475161542577273,628633.57322706
0.0,0.418710013163131,519828.64134087
0.0,0.4032634739619666,537172.43283985
0.0,0.6979313587212036,591905.5186492801
0.0,0.7866984631690515,626107.2512755201
0.0,0.49444190016237144,798056.33173738
0.0,0.41358175169771894,561386.51785005
0.0,0.8094575799721836,1662465.1753618
0.0,0.7273181704573857,1443460.0428674798
0.0,0.6494086141486275,1249697.59871572
0.0,0.37014493627022627,389414.94950667006
0.0,0.3207635009310987,234685.540614
0.0,0.5740848961377039,771054.4227996101
0.0,0.39538887388603833,395471.14468512
0.0,0.6165122156697557,525597.9298016999
0.0,0.517793201007913,438694.85041228
0.0,0.27834757834757834,-150767.67573719998
0.0,1.0,1217505.0
0.0,0.2476283583170396,-354639.57931068004
0.0,0.30782041183751546,21309.472572900002
0.0,1.0,463834.23621648
0.0,0.6380983714426715,542666.6281344
0.0,0.4645694438899757,509209.40512111003
0.0,0.3885569436900235,268992.40408707
0.0,0.4193125324061366,563393.13907509
0.0,0.6042386756412589,875992.12210708
0.0,0.7174470067551828,1160961.33742236
0.0,0.49520459174226994,702007.23842705
0.0,1.0,1515354.8961576
0.0,0.3599143698153599,319376.96874486003
0.0,0.43628388257788775,447372.68518167
0.0,0.7573366214549938,526760.4902316
0.0,0.5695046107656015,1087020.6152514
0.0,0.34529786436867743,213714.2929284
0.0,0.3482451093210587,315086.2237696
0.0,0.2964404407906244,-23594.37686336
0.0,0.4883809362852797,551640.96924444
0.0,0.34020644198482775,174206.19664490002
0.0,0.6110954023638523,789006.25532619
0.0,0.46217266430140225,677760.73342185
0.0,0.4417467710501107,626200.2121595701
0.0,0.29887135173265145,-12214.11131668
0.0,0.7858511657617374,1173250.9050302801
0.0,0.3675267985412753,322933.18802532
0.0,0.5003304435719006,936578.11427269
0.0,0.6655483329838541,1219798.97311168
0.0,0.3085912823752369,25591.80339508
0.0,0.7771408516612073,1001823.61476352
0.0,0.3788285340314136,397864.7198736
0.0,0.5005122950819673,717165.9867164
0.0,0.9264018691588785,1268726.2497547201
0.0,0.44453411345371396,720016.06266867
0.0,0.77088948787062,988730.8334168401
0.0,0.5626799932237845,768374.7715204
0.0,0.6910153396639883,841436.4018200401
0.0,0.35653536257833485,417559.07973864005
0.0,0.365205047318612,381886.948254
0.0,0.43216340621403915,468682.6466304
0.0,0.32197923777688847,85154.32581106
0.0,0.3940866883443398,484093.19294644
0.0,0.879372738238842,1557703.6151417599
0.0,0.46745184291745007,698266.1152756801
0.0,0.8432574430823118,1025204.70113716
0.0,0.6219994102034798,991037.2786726
0.0,0.9068018312622629,1274138.40084992
0.0,0.41925572937893846,533518.9084749799
0.0,0.4724124332269745,710352.81000581
0.0,0.47778378550300565,585594.62305162
0.0,0.695157105794177,1045068.9659382399
0.0,0.41672699693177506,550532.2306476601
0.0,0.3958785563370091,410183.89442865
0.0,0.4316913291796469,509151.63555360003
0.0,0.48827330168136224,615601.36970756
0.0,0.41431999338058856,403595.26714101003
0.0,0.462986635676932,660462.0099855
0.0,0.46500408512624986,666668.34933708
0.0,0.4706744868035191,605259.44555484
0.0,0.406807131280389,430816.28207016
0.0,0.48075449669816483,771336.4636429901
0.0,0.8402662229617305,386724.779412
0.0,0.40507970181796754,517302.73987344
0.0,0.667384541756401,403682.84242175997
0.0,0.7391995759342698,461828.76142844
0.0,0.4994229981759297,914640.29692007
0.0,0.8268398268398268,325603.76825772
0.0,0.4453947581559594,682952.8430310601
0.0,0.4948775243475695,616970.4875236499
0.0,0.6755287009063444,1100157.6223716
0.0,0.5760978880321823,856414.5471555201
0.0,0.8766193707587908,1591712.40964736
0.0,0.2936811277672987,151605.23529316002
0.0,0.8238940204180846,976470.9148556801
0.0,0.28560050202741843,116487.70951919998
0.0,0.35417047621535486,212725.57222874
0.0,0.587851277604937,990219.6767394299
0.0,0.4933770014556041,628183.5572424
0.0,0.6942851290454731,838440.2718860799
0.0,0.3084723670490094,223716.4372128
0.0,0.2993993463474958,-9485.431948680001
0.0,0.5110248388677396,704395.2139255899
0.0,0.259851272615762,-240666.58815888
0.0,1.0,802130.00013096
0.0,0.29352038275854603,-42040.88872455
0.0,0.8707360861759426,864256.19551965
0.0,0.7165869315085085,763960.8452916701
0.0,0.8057283844668526,1534009.7347049199
0.0,0.3965576410337636,316680.55484625
0.0,0.7442813501229416,545315.88317408
0.0,0.5547267355982275,908366.5695999999
0.0,0.4832711362758976,681353.46140624
0.0,0.5082234666431501,821821.54483052
0.0,0.4411680229775012,653055.00607545
0.0,0.4852537390574022,649868.74571592
0.0,0.4481710372473693,729996.45525535
0.0,1.0,430939.592268
0.0,0.4211583738816512,607429.3555473
0.0,0.8469480716671728,547435.4317336
0.0,0.5312514143471374,701234.29709775
0.0,1.0,1740450.7840294398
0.0,0.46393375307966056,557585.89615808
0.0,0.5554736152081284,774492.8347728001
0.0,0.4570568927789934,678510.5941
0.0,0.389141015522231,482959.66789632
0.0,0.6559899361331527,880488.9941139601
0.0,0.31792047286405156,258818.8699932
0.0,0.6292431007585131,659227.20484852
0.0,0.5055757316812647,574237.6641099
0.0,0.4899714502547794,664870.22225299
0.0,0.39160075454214516,440572.41795454
0.0,0.5859221590050854,477166.92471576
0.0,0.4184014669399202,450863.42543526
0.0,0.37742770282153715,223501.57741224
0.0,0.518,773313.85936
0.0,0.7131825703254274,624283.62314742
0.0,0.45928820761875855,598478.56855384
0.0,0.4522188307114346,546988.5331848101
0.0,0.850187265917603,598024.3588430401
0.0,0.47441573149387417,749327.34185658
0.0,0.5283775591101991,792302.35456373
0.0,0.5716736465008325,904405.70956853
0.0,0.46216602080358965,654542.7368542
0.0,0.7251363827108687,1121009.00910144
0.0,0.40556111360264946,490947.46986034
0.0,0.4425716189207195,559605.1683935999
0.0,0.4343691689392852,529137.35461232
0.0,0.521742580542771,787676.24615036
0.0,0.3064867328337047,166993.86432
0.0,0.7629032258064516,645143.2450128
0.0,0.5801581595974119,516975.01204605005
0.0,0.4713601495268876,440043.88893182
0.0,0.5178184682024021,837013.3435036499
0.0,0.3725417782291571,331788.60075075
0.0,0.8719512195121951,614579.7428424
0.0,0.3313630128444943,181900.638909
0.0,0.6803237228123419,578645.57811528
0.0,0.372742991581394,379324.52760344
0.0,0.5354062541465788,524066.81862791
0.0,0.4114408075864179,427710.68349417
0.0,0.48120906063600105,713627.86243698
0.0,0.3960930597820752,420657.35868162
0.0,0.4962341437632135,732796.669612
0.0,0.6770326302505859,1158576.62544876
0.0,0.8491921005385996,756530.85186384
0.0,0.5746591286997007,847180.80430368
0.0,0.4177060098645974,582076.86753892
0.0,1.0,658626.4061684799
0.0,0.4944105105451193,926020.9589859301
0.0,0.7714142175332831,550058.357814
0.0,0.6961536139122033,1288510.14038837
0.0,0.388071730807979,350453.21120045
0.0,0.857034795763994,1719944.50026464
0.0,0.41540086354176375,521381.63406357
0.0,0.490301524311093,886017.56889797
0.0,0.7572038420490929,655460.9398858399
0.0,0.7793933316620707,1355075.4452006
0.0,0.4724797107581061,647210.76442171
0.0,0.2886935763888889,-37782.423
0.0,0.38479321859748267,340933.1994531
0.0,0.39270122604763025,286472.951076
0.0,0.40157733313860083,502957.11575695
0.0,1.0,127671.86334688
0.0,0.5690397350993377,837335.211552
0.0,0.6072492273110425,764800.8296531
0.0,0.5824406637261079,994324.8385476001
0.0,0.34903717433837916,198250.38711216
0.0,1.0,2559453.78868004
0.0,0.297888571709814,134568.76016892
0.0,0.7622304660329238,1017016.6703580801
0.0,1.0,967651.398273
0.0,0.3696995053281815,188107.52901831
0.0,0.36476658921512417,396803.91132252
0.0,0.5241068331599029,720457.7582193599
0.0,0.5158417981413442,754311.90845985
0.0,0.8443848217707934,591126.5793664
0.0,0.42208966589459657,425817.19677309
0.0,0.8805687203791469,1550503.5553392
0.0,0.5557135686799398,759048.39471504
0.0,0.6597760126301249,1052132.88031894
0.0,0.6831602524944004,625656.55576815
0.0,0.6195263628239499,975518.5023431999
0.0,0.3390856342537015,164396.56525776
0.0,0.7172432287476536,1195804.1193882
0.0,0.570009803503687,935704.5528597899
0.0,0.4109400687490659,573186.26609855
0.0,0.8315352697095436,105217.04552944
0.0,0.39970777323202805,418412.6732324
0.0,0.8660100778744847,1070337.86519948
0.0,0.42381153900409085,399783.1658457
0.0,0.47765756344769333,790311.90704596
0.0,0.6963580517770952,1186081.8234104
0.0,0.48347181114716686,618238.49279979
0.0,0.5170307365165281,859817.2625732
0.0,0.7255351681957186,889358.84474112
0.0,0.5991619341677235,938165.9827891
0.0,0.4106054393877272,363758.9829984
0.0,0.5970233966071766,766192.72961116
0.0,0.5099117447386287,687744.0688986
0.0,0.32234902520209224,99874.1597616
0.0,0.4432170181003919,661159.8974398
0.0,0.7678100263852242,1365413.2467472
0.0,0.869684499314129,879566.36789736
0.0,0.8524438979403628,740412.60975176
0.0,0.48627407976020764,544769.43379353
0.0,0.4545847319618465,535269.36350836
0.0,0.41519479117953884,497783.10385962
0.0,0.5992201715622563,1081880.7128037
0.0,0.35076190722582984,189132.23865261
0.0,0.6293103448275862,877028.56863
0.0,0.34474165988608624,195902.63415984
0.0,0.6495324003448962,608922.8010732699
0.0,0.49675925925925923,705390.7910399999
0.0,0.4078924393225074,575225.8215817501
0.0,0.4634738317437528,521568.20291892
0.0,0.39394388314420314,476052.48172460997
0.0,0.6371244635193133,556874.1357784
0.0,0.5324191026103693,948106.8304876799
0.0,0.4943594325924271,813630.5351399101
0.0,0.7783227072094164,1380340.37697952
0.0,0.707850133809099,1204088.9325664
0.0,0.879154078549849,1586841.6607136
0.0,0.7831001076426265,1388147.30884032
0.0,0.6703109952982496,824935.3282333501
0.0,0.33697029949049334,173337.26894215
0.0,0.8159067535138841,1166276.04775864
0.0,0.29333621808740806,-41794.661058
0.0,0.9007483261126428,1337480.52765868
0.0,0.2840442470460069,-91299.94284876001
0.0,0.4701736065787756,674436.8291313
0.0,0.4820941128539417,615197.13949375
0.0,0.4066220795969169,432370.60590425
0.0,0.685124354763022,997058.6708409601
0.0,0.3319784524975514,140060.2931936
0.0,0.2969598738391449,-21287.30880416
0.0,0.32638159778562564,115538.78555124
0.0,0.62540675844806,737748.5773230001
0.0,0.5147304479878512,646208.5223879999
0.0,0.4194276875483372,403852.91564475
0.0,0.48563469294416034,802063.99764429
0.0,0.40068563997990364,342419.92819746
0.0,0.7531763247598389,886330.7149302
0.0,0.34179664933564413,337882.7401098
0.0,0.4390815828041036,470984.38970595
0.0,0.836030534351145,1845503.762069
0.0,0.4184747183164168,404224.93704441
0.0,0.3640536818513218,245813.09993429
0.0,0.46106626561492897,550426.66644383
0.0,0.5929976148688177,999789.49629612
0.0,0.5837374437131971,825547.23414336
0.0,0.6760285784676029,1407902.05701252
0.0,0.46360166431690797,550087.97820207
0.0,0.7454496060853029,1599382.12834368
0.0,0.4406890465139084,475815.00345764996
0.0,0.8849414614452967,2134099.74700556
0.0,0.38075065661272556,307059.66859878
0.0,0.4354076693429176,447075.83638342
0.0,0.8918269230769231,1202966.2913451998
0.0,0.5458348867072615,868781.19306216
0.0,0.6366641480921799,959904.88516256
0.0,0.6208415950649923,1229065.5966531602
0.0,0.4963734766761165,649514.29358081
0.0,0.677241047825042,1386847.6214241602
0.0,0.5086186065243656,610436.4591936
0.0,1.0,0.0
0.0,0.4131174353941773,423264.0709635
0.0,1.0,274677.499987074
0.0,0.5333924218923111,946227.1364518
0.0,0.41186747980880173,497070.8586823
0.0,0.4761048389782529,646274.73547014
0.0,0.2778364262695855,307068.27812176006
0.0,0.4124093605800923,180757.11466416
0.0,0.42590641109623767,366433.94619909
0.0,0.37894473461983547,511185.08890512
0.0,0.29969003208439826,312055.6992009
0.0,0.43149984123063895,512446.88232108
0.0,0.43380407408588095,528462.56840159
0.0,0.43398108132612045,478250.09406396997
0.0,0.43460056321328,605028.59095152
0.0,0.4790488754868702,512300.17453595996
0.0,0.5005482618617194,417718.12393845
0.0,0.4342079537011692,830493.59914725
0.0,0.6039908453726219,686110.5735758
0.0,0.6104285996444796,767874.87901095
0.0,0.550952877014523,499032.819523
0.0,0.7365703029335037,981469.03570065
0.0,0.4558846393034826,652624.89925776
0.0,0.36848401363010225,397016.81848236005
0.0,0.6031626506024096,844308.4040964
0.0,0.5054168629298162,308921.0893704
0.0,0.47244726076842863,345382.46458647
0.0,0.593327753198613,813205.97332647
0.0,0.6148698884758365,738745.0051212
0.0,0.45689029448361673,272805.20964136004
0.0,0.44989218605606324,241018.27796284002
0.0,0.4944287823868976,632901.2919146101
0.0,0.5673045199604091,810325.0781921601
0.0,0.42846320042649905,170934.39757988
0.0,0.8185053380782918,463904.6009961
0.0,0.5077739162246204,1036871.4547818
0.0,0.4101411851504075,444815.48533327
0.0,0.5260381441904505,762450.23369793
0.0,0.40786811992391536,475479.30918306
0.0,0.5512696882031501,764101.20397257
0.0,0.3884015079448966,457381.10593701
0.0,0.29301361122926417,283117.0097496
0.0,0.45831470005749697,438764.84418877994
0.0,0.5230508031866267,641046.97327668
0.0,0.4730752528072461,491973.36424038
0.0,0.3453804529360679,633166.65170402
0.0,0.41269993602047345,389393.64519899996
0.0,0.40255764386746756,685356.9417629
0.0,0.5195976926490165,663409.1330223599
0.0,0.37482501166588894,371549.80673512
0.0,0.49526668205957053,471187.96115032997
0.0,0.4410880789088387,760201.88648958
0.0,0.42115526004539205,613226.89160062
0.0,0.3900811052039272,476765.06361211004
0.0,0.40487843593745865,332666.56301702
0.0,0.2932338782203883,255251.68050030002
0.0,0.3206427803989349,87231.51125555999
0.0,0.4365864556073275,644079.78575118
0.0,0.3288250753156849,-70769.69008209
0.0,0.37077812095247586,198664.27319019998
0.0,0.2496880698723486,127412.67961020001
0.0,0.2853460568169354,352570.86451872
0.0,0.4426390940423437,643414.8902874
0.0,0.5038925791014928,571779.99171084
0.0,0.3774567136796239,50628.58825995
0.0,0.6388156407745046,1319591.37772468
0.0,0.46313768331843613,546436.8516920699
0.0,0.36407660136473696,153583.6020984
0.0,1.0,1644069.1668022599
0.0,0.38545721630554536,152543.59874865002
0.0,0.5901176288500232,785185.0485727601
0.0,0.4182912647923935,466810.00723104
0.0,0.5900739498360905,663502.1834664199
0.0,0.44378884656145273,349364.83380337
0.0,0.4351194551547692,597475.76002604
0.0,0.4591426071741032,456161.9508117
0.0,0.3665407900257747,380376.3645717
0.0,0.7993181964366116,826539.84501667
0.0,0.3805507599128294,328821.8710609
0.0,0.39374134767071245,450205.0851199
0.0,0.5973054478517996,713223.5677925401
0.0,0.4643873396664186,588203.18005904
0.0,0.41531903556680433,269921.5175002
0.0,0.45887728459530025,489883.09979819995
0.0,0.4845893174116508,417853.62216395
0.0,0.5181637885164224,880971.30169812
0.0,0.7563204386232105,1464387.67392324
0.0,0.41844206620058977,429160.81139288004
0.0,0.6542480690595184,875826.13870477
0.0,0.5286987750913872,684791.58035384
0.0,0.3317684473554689,-244135.94919168
0.0,0.9115566037735849,1549108.1498745598
0.0,0.5705448985265499,734202.28980384
0.0,0.38709844559585493,251066.40582400002
0.0,0.4442855917422011,382998.69212654
0.0,0.9225206611570248,1512676.5254016
0.0,0.4539166044105033,362409.83975865
0.0,0.3816678539818233,-53369.38024803
0.0,0.41532976827094475,589865.25964392
0.0,0.3771256171146462,234653.4022826
0.0,0.37429664641008326,14898.2412552
0.0,0.2802709069493522,-205574.45204339997
0.0,0.4324153318458823,543054.46784666
0.0,0.6766386554621848,973005.8925487499
0.0,0.5219059801726895,577568.8099815
0.0,0.47672176308539943,784498.219848
0.0,0.5647566014011137,1022709.0747048
0.0,0.503023679417122,720096.8901165001
0.0,0.44190652893390836,185824.28725596
0.0,0.4335349053565678,648102.77297263
0.0,0.31909904171853737,387966.26952078997
0.0,0.5563464916335398,992341.81967676
0.0,0.36274274033547765,360947.86459088
0.0,0.32575973470815306,203661.59500879
0.0,0.3354913041092884,263187.29228573997
0.0,0.5095252113209134,692573.4200654101
0.0,0.4670695800402913,591897.80857896
0.0,0.433431010319786,585143.6177249601
0.0,0.44585325296196215,408015.51495509996
0.0,0.4683055040197897,708713.60950896
0.0,0.48232129131437357,942862.4408969601
0.0,0.39499713302752293,697495.88800184
0.0,0.381053307642903,436593.2001354
0.0,0.339237243988704,259200.77272037
0.0,0.4050730411686587,262822.82990250003
0.0,0.40684046878737146,438226.38656128
0.0,0.42024685829438274,289334.33160069
0.0,0.39174907526232355,698262.78671766
0.0,0.3625106974753958,241795.62749328
0.0,0.4674642544499562,456838.66705919994
0.0,0.3457773873760823,511555.8596894
0.0,0.5315645013723697,602402.07171186
0.0,0.5545555247853781,722949.6218696
0.0,0.3649185538339293,598498.7708296799
0.0,0.37529426341221656,452331.66227524
0.0,0.43757881462799497,775176.56940416
0.0,0.39002123142250533,531112.0786938
0.0,0.48342778636441697,448707.0345966
0.0,0.4928624169333005,625475.56912368
0.0,0.4244762954796031,402366.01063335
0.0,0.40341117048532316,720136.5717969399
0.0,0.3477464172410021,245241.2211366
0.0,0.5947625975400079,902697.4391546099
0.0,0.32137484087489876,355153.8052554
0.0,0.34405044325134226,471448.07481044
0.0,0.4550092487618593,472754.44907010003
0.0,0.3965149136577708,401965.54456300003
0.0,0.5576441102756893,789981.98623632
0.0,0.4752033420894389,513197.3811991
0.0,0.3721273031825796,580697.584131
0.0,0.37985309548793283,345558.52513249003
0.0,0.4200010977550908,336114.45130008
0.0,0.48610207306869946,457227.44194818
0.0,0.406241012366983,339198.9042222
0.0,0.34348811649951916,573863.74274812
0.0,0.40050244611926483,554877.14948232
0.0,0.46737189174337135,655897.87015588
0.0,0.47586011035378123,677163.44294016
0.0,0.3990205371248025,385034.80544100003
0.0,0.5615535614133483,754328.59223024
0.0,0.2734512615674697,181954.05001618
0.0,0.6259806799380904,744599.69621707
0.0,0.3214022916009671,251618.80262256003
0.0,0.38876851308980603,216999.80630205
0.0,0.31236466916003486,346264.56385453005
0.0,0.4847094801223242,721760.78938746
0.0,0.3752569727838974,388446.23627327004
0.0,0.7404906965256052,1201772.27825709
0.0,0.5814830114633894,849385.4640840801
0.0,0.4555804025208376,426340.82482279
0.0,0.35110473302285283,236051.5403122
0.0,0.387899112694753,670326.53823564
0.0,0.5146355192794821,851938.6137021
0.0,0.3607885176582693,407487.83699976
0.0,0.35313354571339967,295116.24379133
0.0,0.4161482209124645,304125.1168608
0.0,0.34505761067313523,411595.58742700005
0.0,0.4086946447707591,385238.05521759
0.0,0.43782087090681776,281373.37939071
0.0,0.425330549756437,284570.690811
0.0,0.43920875668777304,819172.36809153
0.0,0.5363838673292077,541654.62038227
0.0,0.4638091500336398,289722.51984368
0.0,0.7199237887860642,1002389.8923007201
0.0,0.43204860988448085,506126.24012569
0.0,0.4358424782807499,377598.14274455997
0.0,0.4419616758687886,548053.3270926
0.0,0.3804765334293602,361391.98066188
0.0,0.44384043488688146,806774.538839
0.0,0.3546162686757758,492624.8624206
0.0,0.3923321028430801,516640.07916144
0.0,0.3146805230400274,370408.68133856
0.0,0.41668086266226023,522665.26636824
0.0,0.4574732737174746,606979.08841382
0.0,0.5346290200050646,515667.31864576
0.0,0.3912329615861214,360323.0447208
0.0,0.46316843246850753,861225.56533854
0.0,0.4419456260403181,560276.24700875
0.0,0.29516362273043756,294004.9228466
0.0,0.4981125398136133,446269.95504643995
0.0,0.4887372651649687,534689.34819201
0.0,0.37463868655335875,320076.33945804
0.0,0.6541636495293266,1137497.92266615
0.0,0.4223659186002282,799341.8206534
0.0,0.442567997623796,688808.9418628401
0.0,0.3940904057183127,207400.26775884003
0.0,0.40985083028426683,402827.84263529995
0.0,0.4163867657559969,269052.94918046996
0.0,0.4675255170304675,603275.4918766
0.0,0.41313983848442526,480729.37994132
0.0,0.49520865533230296,550558.9551825
0.0,0.40874622690127366,724940.1146603
0.0,0.385252502013114,381920.26720704004
0.0,0.4062684105101921,616899.79988091
0.0,0.42540219611848823,468108.10302904004
0.0,0.41608964533009146,274504.02366978
0.0,0.4924750577757736,372595.3533452
0.0,0.46589052894181937,446238.19251242996
0.0,0.4026817804810617,267593.446688
0.0,0.6799318049261968,1021703.48909863
0.0,0.37131987123207494,391952.4495936
0.0,0.35902450588200435,415870.24597965
0.0,0.4617533791436986,644348.4461634001
0.0,0.29088701802538863,259048.25798825
0.0,0.38705738705738707,486807.46985043003
0.0,0.48051828707958094,513990.50255874003
0.0,0.500265434219155,566163.6873501
0.0,0.430327868852459,358546.42669244
0.0,0.4137262938261485,745639.0734978899
0.0,0.335133504299291,412782.25142800005
0.0,0.5007238508867173,692795.0674026
0.0,0.43825817510548526,487230.73272432
0.0,0.33083203265698163,445274.84583156
0.0,0.45234073013600573,307996.65718575
0.0,0.5725041047615234,738651.8816614399
0.0,0.3889680254584028,425048.74740229995
0.0,0.37191109231704417,242206.16539678
0.0,0.4080725840783312,238908.84678864
0.0,0.3950763604347973,632949.1272702101
0.0,0.5229819646296621,751275.61975092
0.0,0.3954778820722917,251881.02686525998
0.0,0.33542495902598923,92811.55596459999
0.0,0.3878383388950686,169692.64285680003
0.0,0.4409297355062784,311130.4616853
0.0,0.4921580609023322,236289.26019672
0.0,0.41089480532479233,178359.48533512003
0.0,0.38309977873775153,275913.2540138
0.0,0.27886148007590134,196536.77771625
0.0,0.3672542818674265,420682.87767941
0.0,0.3281459618996512,231855.8142378
0.0,0.5859233931384226,742235.83087637
0.0,0.3973718791064389,423988.90597709996
0.0,0.31938813651916387,347503.78012431
0.0,0.37436658015078483,452701.23900768
0.0,0.5250636920746402,648092.4243456
0.0,0.44808857321913514,354014.55655428005
0.0,0.6894522408329561,1080179.48250774
0.0,0.43620364550597107,778863.75177352
0.0,0.49726116726442776,522106.5093844
0.0,0.3941444372153546,548796.987685
0.0,0.4296966588511137,618442.3297112001
0.0,0.37481994544730146,397110.88117658
0.0,0.5370429252782194,548731.161143
0.0,0.39296160308668865,378554.91185648
0.0,0.5521091811414393,748552.33931904
0.0,0.738949444048858,1293758.52750747
0.0,0.46592816381336016,917178.2250321601
0.0,0.5020475926950747,674056.4440910999
0.0,0.4024848021791848,561507.99175725
0.0,0.32183840920372586,406064.79650535
0.0,0.43996398964702355,625540.23265557
0.0,0.3822830707676919,412217.97000672
0.0,0.4597967982152009,458209.15331179
0.0,0.5481452633628663,562365.52209102
0.0,0.4009079076854703,389918.79561662
0.0,0.48051075268817206,476839.63841832
0.0,0.4787238629014874,923522.21372075
0.0,0.37907515174269446,470390.3467383
0.0,0.5390160817555256,840996.2455861401
0.0,0.30526782252257245,333546.87399254
0.0,0.4112841012693737,544156.0912751999
0.0,0.38114508393285373,347900.7095604
0.0,0.45352946506781044,362602.7739187
0.0,0.4432026822064341,796367.36368264
0.0,0.3542091836734694,481623.8458768
0.0,1.0,326454.375
0.0,0.3564263230665137,409786.83096669
0.0,0.5861727331466724,756954.9587587499
0.0,0.3839405545189695,484271.76176211
0.0,0.34083941809263696,281722.89603324
0.0,0.4115329609541542,301562.50758849
0.0,0.4867014379160303,400146.3697679
0.0,0.4769244801167457,497791.96765296
0.0,0.35969596790144387,270334.53878994
0.0,0.49645170287272616,567843.4434668899
0.0,0.33266449043155344,410727.08252563
0.0,0.3677344542687346,133993.42587180002
0.0,0.31108085554921167,-21391.029768440003
0.0,0.6372201846465158,1200733.05129326
0.0,0.40055335968379446,251163.874998
0.0,0.3588013769840353,64874.00259235001
0.0,0.3922627080521817,20691.257479199998
0.0,0.4188072369890552,156272.07549942
0.0,0.4119984014668892,75836.16991585
0.0,0.4017862320941831,417025.01204377995
0.0,0.3526181604236125,158597.7183448
0.0,0.5532001964314945,874688.3264306401
0.0,0.3096218441868025,299132.17754636
0.0,0.3691180289085716,328595.92293689
0.0,0.5044501523206499,433689.90256409993
0.0,0.4426983518589498,339294.65101102
0.0,0.4299412310547479,761182.35883456
0.0,0.5518798226892135,742393.2341949199
0.0,0.31096571861144157,335164.38302416005
0.0,0.42037414965986397,603333.028272
0.0,0.37042581982552614,396219.20853035996
0.0,0.4247006404901142,383605.68832200003
0.0,0.3970854506162023,395846.90816352004
0.0,0.44176056959604576,388187.63907924003
0.0,0.4315237507711289,846561.0994431201
0.0,0.3635010235097078,520385.57234796
0.0,0.648706296948901,948588.13207768
0.0,0.40162185232607767,274746.727536
0.0,0.33940238278247503,128793.08514223999
0.0,0.44022441546234287,373706.8915602
0.0,0.3934784264926226,194254.36536488
0.0,0.4291561868126449,167461.72789788002
0.0,0.4486135563380282,331144.90592328
0.0,0.41724528107802294,196442.480673
0.0,0.4527217663655424,199266.85192128
0.0,0.45192936559843033,576460.5865102
0.0,0.38898226969581956,294030.50312527997
0.0,0.5839845100615448,581816.56729194
0.0,0.40209743793973185,582398.2400065201
0.0,0.3215661103979461,415322.86636568
0.0,0.38193685393960214,421846.61319490004
0.0,0.46930611118775,694416.87394828
0.0,0.5639256547451422,790636.04870976
0.0,0.4800652236467692,509272.21115483
0.0,0.4781260764726145,961663.76223568
0.0,1.0,835000.83346966
0.0,0.6551590380139644,802262.9212258
0.0,0.3641281481036244,421994.72503474
0.0,0.29456411352824846,277283.0120278
0.0,0.39319477036540396,493311.66051180003
0.0,0.3478087762705116,306531.83552868
0.0,0.4196752889378096,318214.149048
0.0,0.42342398406870374,501417.76258332
0.0,0.4875827557268517,487439.18551465
0.0,0.3642420396862021,292421.83502304
0.0,0.436241610738255,343704.47827254003
0.0,0.42114844875976637,744450.41725362
0.0,0.3399853085210578,425851.06145864
0.0,0.4282193468884781,356495.08587156
0.0,0.5891725201302038,807136.5521077601
0.0,0.3604516938519448,205464.24199799998
0.0,0.4717934412001736,459997.5800079
0.0,0.45491591870421955,248061.97066895998
0.0,0.4785073763378652,419543.7879843
0.0,0.44359098749460973,267733.07738688
0.0,0.5524689541521982,508079.87705944
0.0,0.4809638815771621,267123.49530943
0.0,0.734142875597468,996677.08203861
0.0,1.0,1326172.5
0.0,0.36733757669591144,372532.25927022
0.0,0.4053890691607813,459328.1789565
0.0,0.40193442968585286,266696.3139624
0.0,0.6714923891462607,849144.25078928
0.0,0.41680991049730304,443868.71826934
0.0,0.4644284572342126,423763.46761545003
0.0,0.38540632925350093,266594.86398204
0.0,0.49152440127888036,520861.1647199
0.0,0.659302053243813,758305.67216074
0.0,0.36356023447780833,437115.10726912005
0.0,0.29882916444917507,286725.9827908
0.0,0.4030074686583089,527089.9783072
0.0,0.3565180467091295,332016.62795775
0.0,0.3825285640466211,325547.23900348
0.0,0.5051715438950555,599231.05712888
0.0,0.43419796998351695,354909.35241183
0.0,0.3486629713102272,451368.9502245
0.0,1.0,1281825.0
0.0,0.7340743907652844,898877.1373273799
0.0,0.38417329796640143,338355.75839712
0.0,0.32174732249107496,186820.52623608
0.0,0.4224685476975693,446653.96880808
0.0,0.3766182610750768,255598.37182913002
0.0,0.4139793163176932,228453.73738901998
0.0,0.4323368324965769,398453.87392359995
0.0,0.48729066175275054,327732.91528092
0.0,0.40098430433625964,258689.1845733
0.0,0.50446791226645,478343.63183568005
0.0,0.6606352018220929,954078.42538461
0.0,0.43259117606884306,658201.6620996799
0.0,0.3707783085136274,362355.3671331
0.0,0.735881841876629,552382.14454506
0.0,0.38633812457221084,316236.181866
0.0,0.3242027096805921,163928.45992078
0.0,0.42447326259786583,410961.74214720004
0.0,0.3787421252668298,220051.54073486
0.0,0.4157257962668283,206791.40511306
0.0,0.43411794625448585,386013.09378429
0.0,0.48849201020545185,302725.73402599996
0.0,0.4853759452132972,682359.8613584001
0.0,0.40292170978034436,220289.27680725002
0.0,0.5055889198586248,449003.2788346
0.0,0.4392089195646403,252442.88232729997
0.0,0.5836490819003206,809072.10324144
0.0,0.6600948340404292,923474.1324958799
0.0,0.4347165479285545,631923.0135774299
0.0,0.37310358266291793,329493.4053241
0.0,0.8609893550407013,1249106.7161142
0.0,0.36095171448565433,80569.7941998
0.0,0.30412217637299527,-81554.73965416
0.0,0.3292745593065082,9342.168580180001
0.0,0.36124172762103796,-36565.212977279996
0.0,0.4134465351078476,56295.035646000004
0.0,0.3509984639016897,26942.960699519997
0.0,0.4234676517766004,167949.20779248
0.0,0.5440813505775496,601708.99323009
0.0,0.38980034480840886,364065.58803858
0.0,0.43176068376068377,461509.36461
0.0,1.0,0.0
0.0,0.3973501246228519,553746.4756246799
0.0,0.31822381337336875,394487.54621536
0.0,0.4336364980774919,621139.0779264
0.0,0.37769062104320433,402896.8438431
0.0,0.46355089249216513,657754.0966332
0.0,0.5413114543939491,554041.66837326
0.0,0.5337348167806472,646817.11128342
0.0,0.556868743047831,753996.23972432
0.0,0.4746025223630559,474128.94661594
0.0,0.4708276797829037,919621.2605186399
0.0,0.3716293074606892,553143.2922816
0.0,1.0,240919.854115919
0.0,0.48077146959525013,609369.53696208
0.0,0.3566361522385424,403957.22528147005
0.0,0.28916231602696957,249388.71591757
0.0,0.3841920796619608,474613.56354913
0.0,0.3410295019798115,274740.05928906
0.0,0.4117551769756203,295424.8930941
0.0,0.41441057343849924,491057.00078417
0.0,0.4869820949744832,391767.36135276
0.0,0.4772146507666099,498045.32431232004
0.0,0.49675958944463394,551680.95791385
0.0,0.42755851699982916,345548.51126567996
0.0,0.627780362959516,1014760.8371851001
0.0,0.4102715684463329,729559.37024865
0.0,0.34704399633363886,379474.69433535996
0.0,0.28221015977058583,219303.12677632
0.0,0.37272785051480867,457561.52458436
0.0,0.33232792587157955,250926.475878
0.0,0.4028896257697774,467227.86094463995
0.0,0.4741451911739936,365825.20743035997
0.0,0.48270459202121246,524113.91112135997
0.0,0.6014980605466138,1007513.9990784101
0.0,0.32375400757796563,379043.44659629994
0.0,0.36790545793811225,226663.85462345998
0.0,0.4562771790508603,602219.18514948
0.0,0.31055464544816286,83712.6324909
0.0,0.4019976096977975,321850.35956291994
0.0,0.36155651636812847,149742.65677600002
0.0,0.4124966622162884,280587.7404315
0.0,0.4650346091205212,210402.66290144002
0.0,0.42627717753768174,263468.86618545
0.0,0.41856484860688126,161815.40990065
0.0,0.4091167371677505,513046.65415242
0.0,0.4487917555081734,485109.4690332
0.0,0.3833934561103728,481917.16627362
0.0,0.30834219213338554,345646.52961986
0.0,0.41654236806591377,553013.8291998601
0.0,0.36517273297303754,373566.57004935
0.0,0.4399157724702896,382237.87340592
0.0,0.5227160188165387,480420.0300536
0.0,0.5361804672334158,659018.84108964
0.0,0.4585152838427948,373085.46216796
0.0,0.7056331398085673,1107570.69052695
0.0,0.4496638859642018,808970.7116634
0.0,0.3583225806451613,491827.22581999993
0.0,0.44750052731491247,595259.2546779
0.0,0.36742792130310514,329972.69227048004
0.0,0.30648814116124534,181045.61057998
0.0,0.4041358573926917,418873.50144494005
0.0,0.36067605336708325,231667.63225848
0.0,0.398665064061581,222763.51071028
0.0,0.4152603077275723,399932.32964573
0.0,0.4215749556236889,258985.76857326
0.0,0.3536898546634683,342140.65862095
0.0,1.0,0.0
0.0,0.6395720217183009,940576.2913475201
0.0,0.30860118714301715,346098.89581388
0.0,0.4169866325369738,561377.52367464
0.0,0.36550013448492275,361916.38121991
0.0,0.44029678387897686,392046.00742692
0.0,0.44710211591536336,585513.6692055201
0.0,0.5232017842760671,492821.79364228004
0.0,0.5148173673328739,565065.51100146
0.0,0.38304519259933273,342010.13731049997
0.0,0.7067421027817068,1175581.41496992
0.0,0.45021083360363284,840124.0562728
0.0,0.7058823529411765,728644.16153832
0.0,0.3961106489184692,289605.63996384
0.0,0.3358524220803605,104451.25429336
0.0,0.43309537407195886,423352.610974
0.0,0.38842217431169923,185221.62084696002
0.0,0.4234047676378522,159771.1544492
0.0,0.44170595799399914,370219.12770136003
0.0,0.49303109205085005,271921.03661562
0.0,0.4115448296623351,199038.32334190002
0.0,0.44611073240930094,235111.67295147
0.0,0.654131865594088,1044046.46731385
0.0,0.44365572315882873,658896.66174876
0.0,0.8083767751213374,1325898.49990563
0.0,0.3837092599440072,313426.24362742
0.0,0.8388723355489343,1579418.66657484
0.0,0.32005718954248363,197326.10811960002
0.0,0.2680550424824529,60636.53000184
0.0,0.34898107714701604,288148.75179815997
0.0,0.3159997077234089,127376.6734668
0.0,0.36110716484349104,95363.27379408
0.0,0.3625368111064367,244499.79509904003
0.0,0.42354180249761775,180511.38415673998
0.0,0.5652232112977712,596988.5453456801
0.0,0.41208921112774843,223652.47930665
0.0,0.3378445003204654,130846.8316419
0.0,0.3724604966139955,131685.18033232
0.0,0.5356942102304666,685066.0885596001
0.0,0.3502789832610043,466860.967209
0.0,0.5588329592818211,628896.67645464
0.0,0.3066950163356324,213718.21518852
0.0,0.41555021184014657,384993.6967662
0.0,0.3477838059166752,235668.02518387997
0.0,0.6241239395057174,1056815.62248704
0.0,0.45880970528455284,485910.82270272
0.0,0.40612693843187314,294193.76962925
0.0,0.44381283225432916,277930.84792194
0.0,0.4665640904249024,449366.55024496
0.0,0.5216878963021154,378557.37286574004
0.0,0.4317368565923479,292444.97912699997
0.0,0.46982842254067686,291271.18766907
0.0,0.724976613657624,1028398.23090774
0.0,0.40221380716574423,407284.7358118
0.0,1.0,167782.16612154798
0.0,0.32659397049390637,201246.70826199997
0.0,0.7256507750804329,932802.15072198
0.0,0.27029847630974746,66051.73245032999
0.0,0.35765950859812556,286138.62056029
0.0,0.31859338292873923,127552.28838704
0.0,0.36276491995908755,100319.11198958001
0.0,0.4256016127000126,184521.47499475
0.0,0.41418915350900354,235345.14985295996
0.0,0.3405741460877319,128843.5882132
0.0,0.5412954854295636,690355.0319716401
0.0,0.3537905011382418,470889.08732384996
0.0,0.3094102624241003,214402.86081435
0.0,0.5341705503575367,574291.41246771
0.0,0.3861057998725303,490851.3469812
0.0,0.3102691138385317,354872.50322287995
0.0,0.419852520045819,562288.43129472
0.0,0.36760948630857554,382734.98953594995
0.0,0.44275097253672413,391385.46274673997
0.0,0.4499404840629546,563745.8432606
0.0,0.5263321907136179,489896.0524708
0.0,0.5180818388982463,516215.7910413
0.0,0.3852889132955031,364035.79519146
0.0,0.7139228448960152,1118411.66189907
0.0,0.4537430532853874,818935.99549328
0.0,0.36090714146468256,501278.06152346
0.0,0.38631593675668113,80316.09826104
0.0,0.6653218522309869,739997.5798270301
0.0,0.3272657678730915,-82251.5039345
0.0,0.41951924539783964,203614.31176902
0.0,0.35357709231422124,8908.70557905
0.0,0.38491338034299644,-37134.00299004
0.0,0.4198246538590524,124245.01667197999
0.0,0.43067535327583045,55962.759170560006
0.0,0.39599339412651685,107971.2962688
0.0,0.3755645889792231,26611.766078400004
0.0,0.4417124252879149,167771.13062526
0.0,0.5797888088423961,602425.1813227499
0.0,0.42002557402568524,364367.62796614005
0.0,0.36759697256386,105133.92647199999
0.0,0.5640283986326584,625551.4901733301
0.0,1.0,0.0
0.0,0.3788487282463186,435682.98493776
0.0,0.3114125148600454,297649.17376264004
0.0,0.4208469276780859,509852.96617728
0.0,0.3708605460770492,330867.53427045996
0.0,0.4244169866978349,334723.64361354
0.0,0.4318668851632422,506325.62078464
0.0,0.5030079218535947,431691.26111482
0.0,0.4938143356313155,465519.29445615003
0.0,0.39750773361349445,315628.77417144
0.0,0.5143847932185975,603134.5207296
0.0,0.6971302428256071,1052626.6850049
0.0,0.43204930662557783,757762.4986624
0.0,0.36397446228227853,446041.65348488005
0.0,0.5104191453921202,313291.63951954
0.0,0.4028997073689811,588851.85058416
0.0,0.3221299976619126,419674.29271264
0.0,0.44047619047619047,660517.0423185601
0.0,0.38265385939113294,426014.24004997005
0.0,0.46022692980867885,482164.2599445
0.0,0.4702792369366879,702834.74064896
0.0,0.5486972906243909,590608.75076294
0.0,0.5414725069897484,699899.8604165099
0.0,0.4013028280902447,408273.9746118
0.0,0.5651192323973473,798950.07917844
0.0,0.7670134743305475,1372395.4573617298
0.0,0.4793645311690554,971553.7573612401
0.0,0.37692568713946384,587875.1984459
0.0,0.36266033791038027,339701.4731277
0.0,1.0,2023756.07617305
0.0,0.3012291972279832,203827.53950084
0.0,0.3995931142410016,427054.3184925
0.0,0.35603358098865434,258928.22102724
0.0,0.396541861674467,237370.9589364
0.0,0.4112324128670675,395101.76743481995
0.0,0.4684799468202969,329786.15927744
0.0,0.45744029393753827,357376.19957109005
0.0,0.3806534029136769,253670.46789744
0.0,0.4847044847044847,475732.5953963
0.0,0.41790963080544075,248935.36006614
0.0,0.407217580565892,636572.28907548
0.0,0.49874236435501257,952851.5593217601
0.0,0.3485858818119108,356675.7650016
0.0,0.3832336839980827,227326.05959114997
0.0,0.3258113879816367,51590.589552549995
0.0,0.417792512778008,356709.97427025
0.0,0.3763484877672895,134915.402188
0.0,0.41070132303009016,100975.6104453
0.0,0.42705763187284107,297103.33791999
0.0,0.47755830379935066,207585.49304414
0.0,0.4404483886034563,291427.19442756
0.0,0.39866461973341133,148563.14780988
0.0,0.49254912303837534,353136.74663214997
0.0,0.4321547665751275,171664.86410216
0.0,0.4263542207693013,573003.72824154
0.0,0.3710069933652688,251161.52153864998
0.0,0.552988047808765,1075837.4801216
0.0,1.0,0.0
0.0,0.3864013266998342,496120.13218692003
0.0,0.3104788732394366,351770.690435
0.0,0.420213528231585,560428.38213888
0.0,0.3678748684012633,367615.96817575
0.0,0.44305967114054967,394538.75375382
0.0,0.45029781601588353,582684.109113
0.0,0.5267261273623153,494242.51081159996
0.0,0.5184928111056024,556315.9332325499
0.0,0.38557122794162546,346240.30417002
0.0,0.5406317494600432,679905.34356072
0.0,0.4619857850527676,402401.80602994
0.0,0.714830710538865,1158561.90705258
0.0,0.3611887884502829,498399.92463757994
0.0,0.5621269669017905,1196081.88452064
0.0,1.0,718366.6667916001
0.0,0.35146625967513356,320254.56975183997
0.0,0.28773631109805076,168907.56876048
0.0,0.38724133782483156,433112.29229008
0.0,0.33990824499105776,243398.11742315997
0.0,0.38359575431359727,209500.67437762
0.0,0.3917201034987063,374940.84728892
0.0,0.45158012940484465,308613.6135934
0.0,0.44075749487229915,334961.69392567995
0.0,0.363481228668942,248428.02266269998
0.0,0.4621368107984443,454803.20913984004
0.0,0.39934455691518883,234917.65788946
0.0,0.5962658515428146,917463.23189673
0.0,0.3316154059296204,346992.0616206
0.0,0.5980180956484275,1236179.52401216
0.0,0.36862601922842886,420618.45973536
0.0,0.2977953096293094,286104.32768668
0.0,0.39862017400761285,485876.45835696004
0.0,0.35187156544005527,314263.96017319
0.0,0.4244169866978349,320217.71297652
0.0,0.42884154796420015,492142.03391844
0.0,0.5030079218535947,413413.94130584
0.0,0.4938143356313155,467903.01058941
0.0,0.36855775404190744,296525.81302914
0.0,0.5143847932185975,575269.7199484799
0.0,0.44144885778966864,330628.36898898
0.0,0.6618101545253863,993207.3668001
0.0,0.3442633112254385,424708.7351253
0.0,0.5350809560524287,1032370.84111784
0.0,1.0,0.0
0.0,0.39486377265024114,524891.52194472
0.0,0.3164695072929827,378121.98474964
0.0,0.43058002936857565,587464.256136
0.0,0.37546434163264053,389129.21692696004
0.0,0.4518814814814815,423216.7025625
0.0,0.4605387843508867,616525.1316836
0.0,0.5380008918901701,524301.60664102
0.0,0.5302707636142379,592758.9544327201
0.0,0.39364752820896454,366230.43516336003
0.0,0.5531767955801105,715723.6692956
0.0,0.47173960853309876,432084.14075420005
0.0,0.7412230097247404,1205134.7713146901
0.0,0.36925736320723357,525589.25326936
0.0,1.0,2116298.71056864
0.0,0.6507510729613734,973672.14334928
0.0,0.33786003723579017,354809.7001358
0.0,0.2806629290842923,183033.75649044
0.0,0.3709492140266022,478120.6095288
0.0,0.3326478015255252,257343.57181253
0.0,0.38522354129830766,235061.8261075
0.0,0.38453713123092575,430284.78488448
0.0,0.45361766127732717,342239.9262238
0.0,0.44284786720492336,417480.75312982005
0.0,0.3562312114339961,266436.5923607
0.0,0.4603448275862069,500957.368602
0.0,0.398603626324033,289982.60005532
0.0,0.5864564701967472,1059583.33004743
0.0,0.32381270530594064,379284.52709466004
0.0,0.4795128316659417,631559.7571086
0.0,1.0,164250.00001314
0.0,0.3486418047882136,390830.69407703995
0.0,0.2833710407239819,245966.57817312
0.0,0.3752076146671777,498706.90089612
0.0,0.3344341038727109,315024.64789185004
0.0,0.4032735734306415,283734.28983564
0.0,0.4048072346501666,445360.50489016005
0.0,0.476284473520952,383063.96632526
0.0,0.4661674244450388,394849.49240762996
0.0,0.3591977869986169,315571.8750615
0.0,0.48504299382342253,536489.626153
0.0,0.4182800791152464,291996.15915663005
0.0,0.6095918092415465,983713.72691577
0.0,0.39879327682804194,707281.19099312
0.0,1.0,1381816.66679672
0.0,0.4308863897989905,798412.27163278
0.0,0.3728524291728297,371902.20363296
0.0,0.3099745547073791,216365.220192
0.0,0.41116927346115034,459502.08374928
0.0,0.36566338237278984,259996.28877505002
0.0,0.4043744440374653,262754.92370864
0.0,0.42210464432686656,451934.94031740003
0.0,0.47917247532482016,361641.37313586
0.0,0.4606372045220966,443862.56859120005
0.0,0.39057285112436396,255196.50385528
0.0,0.496290978703039,523120.79763312003
0.0,0.42814247541390044,305199.08808036003
0.0,0.6557138446610505,1023802.26254546
0.0,0.42027754177286886,704161.3551672
0.0,0.5017163504968383,841729.7726712
0.0,1.0,374450.03349943
0.0,0.34031795966518735,343071.10246449994
0.0,0.2773109243697479,190144.8825341
0.0,0.3647303936811991,419991.03001604
0.0,0.3262116241231229,226133.95340148002
0.0,0.39440881348919005,234221.10981616
0.0,0.3948238844078222,423148.19464038004
0.0,0.4651354923992069,328850.46218544
0.0,0.4546824729717979,427920.44059559
0.0,0.3486756756756757,218906.5908
0.0,0.47287325107739536,479647.3047119
0.0,0.40860478406400524,286495.29324423
0.0,0.5835460011246161,940483.04879793
0.0,0.3869798564159755,660655.56361462
0.0,0.41762482913885984,726021.40989552
0.0,1.0,0.0
0.0,0.3788487282463186,444196.78311672
0.0,0.3114125148600454,304610.62485920003
0.0,0.4208469276780859,526542.84565608
0.0,0.3708605460770492,345068.28371257003
0.0,0.4244169866978349,342553.62352272
0.0,0.4318668851632422,512214.03083183995
0.0,0.5030079218535947,441034.26762384
0.0,0.4938143356313155,464631.56950221
0.0,0.39750773361349445,333180.88087536
0.0,0.5143847932185975,612842.81733216
0.0,0.44144885778966864,339476.52090938
0.0,0.6971302428256071,1069709.6116799999
0.0,0.43204930662557783,769584.0395824
0.0,0.5121254034117104,923580.8412201001
0.0,1.0,849457.2719928001
0.0,0.3360701209364252,317182.99007564003
0.0,0.2742063886953926,173075.1237388
0.0,0.35969700686947986,397333.17101272003
0.0,0.3223425845391529,218392.19860965
0.0,0.389871670330794,211992.70338045998
0.0,0.3897353648757017,386147.79676916
0.0,0.4594418149175779,303688.99920012
0.0,0.44882835970358503,379069.38460833
0.0,0.3372229639519359,212843.3461085
0.0,0.46667443486366816,447275.92961504
0.0,0.40366158561174287,252191.87928450003
0.0,0.5724044295472867,883870.88968262
0.0,0.3810046664836673,619721.87521104
0.0,0.3887994399719986,595235.2519724
0.0,0.6464968152866242,1364201.5723092
0.0,0.5469253211078695,810540.81069693
0.0,0.7592436265406044,1274752.8567603
0.0,0.6642691283910064,781970.79274963
0.0,0.544870759289176,860911.1601288
0.0,0.379559049735088,618897.60478445
0.0,0.4651703011121113,449132.98611355
0.0,0.38850029976874983,373673.14655214996
0.0,0.4474074496606012,337112.35416076
0.0,0.3350385753394353,322896.66543836
0.0,0.4580587421690668,310887.69929532
0.0,0.4024605982631071,237116.30658372
0.0,0.33622640504778895,253031.59727451002
0.0,0.8134044173648134,538178.49678852
0.0,0.45550410834247784,368966.56535718
0.0,0.7656640181611805,1285215.1237746
0.0,0.5596545342381246,832922.1970880999
0.0,0.6609995100440961,1079187.6336465
0.0,0.6980609418282548,604875.6250664401
0.0,0.6011764181631835,994019.1313567399
0.0,1.0,1320480.0
0.0,0.4861379568992874,454434.02467856003
0.0,0.3717137031870372,294430.85036132
0.0,0.4682631711620872,228864.56890830002
0.0,0.45530115903477103,112718.27429184
0.0,0.38000093475415964,78861.41245728
0.0,0.43758202319415057,255564.24891935
0.0,0.5320475126425968,739507.34065704
0.0,0.350951874187064,471267.322491
0.0,0.7530981355364519,1209235.4805471199
0.0,0.5897398206673526,1085244.27910017
0.0,0.5459295929592959,720053.62577388
0.0,0.37259244346017045,555276.56454336
0.0,0.8015450186467767,1128335.45367136
0.0,0.5788389754151113,920090.79524271
0.0,0.31549936070464557,372393.0436313
0.0,0.3768837762282703,469942.17970838
0.0,0.8956760466712422,1034540.36501376
0.0,0.6522045689574129,1154285.46639134
0.0,0.33484108316748085,470674.28863170004
0.0,0.5199948065437549,697049.1031316799
0.0,0.49909325188508163,529088.17018299
0.0,0.3572815533980582,542832.5578644
0.0,0.5080921725527947,512616.47408333997
0.0,0.3915414087827881,416597.6557161
0.0,0.4284229451092758,403584.06050094
0.0,0.3051041553059221,353074.30771568
0.0,0.6724655068986203,846846.97191585
0.0,0.6789284674366689,915717.17775596
0.0,0.7644059153493116,1356304.04228628
0.0,0.8476732913233156,1129562.81301968
0.0,0.6202473449496575,1038450.5608561101
0.0,0.9133400200601806,1314658.4648684
0.0,0.6027576453950857,769133.36053815
0.0,0.45141994934526053,316938.05247644003
0.0,0.49336801040312095,377711.04838005
0.0,0.415394257064722,379180.27133128
0.0,0.4183535044553797,267467.5438989
0.0,0.4312635902391882,305298.91350063
0.0,0.3655752001902799,251443.15272153003
0.0,0.7491254372813593,1290404.75287626
0.0,0.5067282915456665,642611.18511417
0.0,0.5914511179307321,946081.649583
0.0,0.660377358490566,723822.70637393
0.0,0.5680660238325824,930935.54714514
0.0,0.33848498704465785,480503.47162454994
0.0,0.4639614326698412,477015.46656310005
0.0,0.41642399534071056,326016.11722086
0.0,0.40157459581863186,267915.34726636
0.0,0.6938744020984416,1109250.471
0.0,0.5304284484471227,653798.04313614
0.0,0.5089051094890511,497459.14362900006
0.0,0.3795025997619495,478088.54496324004
0.0,0.517526657678637,476759.19286952
0.0,0.45402316228720024,368084.77585975
0.0,0.30557249792070973,340082.3569724
0.0,0.710100014086491,1019447.43855195
0.0,0.6180818150567206,924941.37379022
0.0,0.5317882649488868,669428.96210288
0.0,0.7479259731971921,598532.96085291
0.0,0.5714704636538399,620276.98100416
0.0,0.3741297366730893,252605.78592974998
0.0,0.4322931495928478,367644.69939824
0.0,0.5085500244286413,378079.17917018005
0.0,0.45469104497531027,287535.7876215
0.0,0.4453677822265871,183056.78485665002
0.0,0.6196099723994389,946810.5639419701
0.0,0.47386395977611234,980278.9554213601
0.0,0.489057151747744,616533.95052294
0.0,0.3833459396273121,622363.6960502401
0.0,0.5086040118114245,1080849.63322728
0.0,0.5817085085595344,862905.18036135
0.0,0.3652623992661993,566295.64253488
0.0,0.4317211425206125,593319.3457898401
0.0,0.604355716878403,1342179.5927943
0.0,0.543132511006227,751026.78701431
0.0,0.34629480091931175,483696.70845954004
0.0,0.38735138705416117,463027.49758080003
0.0,0.5242146596858639,615712.8721752
0.0,0.7629423043402476,1351129.68959594
0.0,0.5042530470965129,841905.09782575
0.0,0.32657723624860874,487223.94003428
0.0,0.3639833664349553,500349.78829631995
0.0,0.4497978436657682,438117.23209872004
0.0,0.41121721261936417,554124.82215688
0.0,0.47354122015274547,557533.01028608
0.0,0.33033961815262,472979.51291272
0.0,0.35397919831716723,457629.45320099994
0.0,0.3627968337730871,335340.5860529
0.0,0.3386217016917241,330675.24135429
0.0,0.408939775835255,338320.8711194
0.0,0.4604113017300787,818407.75855466
0.0,0.3709268699877769,594100.5715746899
0.0,0.4274143516922865,494088.16495812003
0.0,0.3432252922422954,367069.43567679997
0.0,0.48605851979345954,450373.1095656
0.0,0.40700383996849254,346216.30116304004
0.0,0.6590704931208926,1041411.02164925
0.0,0.3381798900454888,314346.6649555
0.0,0.6042786615469007,939774.777843
0.0,0.4846055280981146,800717.6627748001
0.0,0.45829981971987244,447339.7611071
0.0,0.8420359806932866,476287.44781824003
0.0,0.5480831568483382,1087558.40329255
0.0,0.4765795374266671,567336.91452725
0.0,0.4981371545547595,384564.540791
0.0,0.49167230300980724,866561.21575584
0.0,0.4104874496121405,545218.21506328
0.0,0.5214399348847534,705415.31022927
0.0,0.4202914673489821,440716.22282044
0.0,0.4220402407939693,295748.65146946
0.0,0.4960749731991562,585430.03680435
0.0,0.5184487951807228,677179.96147008
0.0,0.45743516796148376,413155.99089220003
0.0,0.5565368413273224,858989.88264082
0.0,0.5358150393981647,691117.49758625
0.0,0.4904954200728849,505539.89403336
0.0,0.45675872093023256,559617.94211808
0.0,0.5352667382742571,672443.74700544
0.0,0.45177453027139874,931595.0068288499
0.0,0.4341147220742319,467232.47782595997
0.0,0.5278289300612574,800242.4040944
0.0,0.4410021091033461,346870.38421924
0.0,0.39857003574910627,446629.26859540003
0.0,0.4758163087131133,651104.3927964
0.0,0.5080262829576645,1105325.2025125
0.0,0.4570594849279863,368698.56225444
0.0,0.5578602620087336,642412.574286
0.0,0.5031055900621118,467350.0553664
0.0,0.5690631393633725,721540.02247145
0.0,0.39299059787849566,320719.56206528
0.0,0.35306797892261466,-35127.099341299996
0.0,0.5654554331147998,721681.65408416
0.0,0.5270062426490546,712856.62091808
0.0,0.28857734068029106,79768.53286623
0.0,0.6073570571771292,800894.32399302
0.0,0.5689662583279604,1046339.0586684
0.0,0.7084026986769474,1082149.0062875599
0.0,0.5341293887007663,819261.69816512
0.0,0.42310270158795626,274735.85113728
0.0,0.41171784472769407,496802.38071864
0.0,0.5197667638483965,1096033.4701537502
0.0,0.45403045752940785,535950.4536198301
0.0,0.40709510531796955,467842.81619957
0.0,0.4150142128155074,489069.67843014
0.0,0.4495474105950438,470683.41772504005
0.0,0.41385528589676157,242913.76695110998
0.0,0.45770074405401917,710876.1863321301
0.0,0.42458218002172315,535875.23670116
0.0,0.4433135078790852,500037.4634253
0.0,0.3450041205703868,119155.89994286001
0.0,0.345855509002378,289268.32949688
0.0,0.5658792650918635,779819.71189275
0.0,0.3764854207462647,279511.08305834
0.0,0.3951569117167988,319984.47984827997
0.0,0.5059542118908468,573600.9387787901
0.0,0.4900296987696224,542216.370336
0.0,0.4356127021235145,715773.91188798
0.0,0.4649096498462923,375573.90770438
0.0,0.5996439961432916,858532.07767968
0.0,0.5068468867715489,1090790.0773566999
0.0,0.46694359253076595,883976.05636242
0.0,0.32033805175436303,235772.59596071
0.0,0.40953891469355386,439413.40593136003
0.0,0.4426822407372679,392870.19016532
0.0,0.5007702235730047,908866.3236175099
0.0,0.361068835607894,210027.22619991
0.0,0.5032214486126988,1100429.7104503
0.0,0.48033483922402337,688287.9915038401
0.0,0.5143977835195965,663082.49781971
0.0,0.411593607774698,675554.5716256801
0.0,0.5671255441816684,793753.5936032999
0.0,0.6227678571428571,899059.75270416
0.0,0.42998911582047505,632258.12003844
0.0,0.4575840316354392,436745.22665289004
0.0,0.3601827495500485,265313.79112254997
0.0,0.5650055901613161,897176.91647328
0.0,0.5506367908465573,744276.9492316799
0.0,0.5781058671238148,881966.85578369
0.0,0.353682708316816,242187.27413957997
0.0,0.40785716192052096,308288.22456721
0.0,0.4067570373446445,606741.05848669
0.0,0.36189336679604284,358306.41578464
0.0,0.4207226037623171,803321.14908474
0.0,0.5410572382816998,698538.54961446
0.0,0.5511998909190073,742646.32128896
0.0,0.34802246665106484,65154.330187
0.0,0.43297866351404607,431078.74832844
0.0,0.4409862438031452,628728.2926108501
0.0,0.5297002724795641,638272.6627994999
0.0,0.5804020100502513,830849.6454618
0.0,0.43853096794273266,823174.5781267199
0.0,0.3360976286229372,288624.09984765
0.0,0.48513835440718345,913328.40712485
0.0,0.5590705165075348,556036.82232315
0.0,0.8425737935342809,1034218.33124604
0.0,0.3817800570952176,265599.98953397997
0.0,0.37207216999076137,460119.70952813997
0.0,0.7097967719448764,1438970.63688794
0.0,0.6793430844239158,1210460.3972496002
0.0,0.3782737630716404,400732.5253599
0.0,0.43946024799416483,536510.07135936
0.0,0.39823858557096975,669524.97387899
0.0,0.6686290108724476,1329469.0129413
0.0,0.43478685006340845,718552.10562111
0.0,0.31486606576107656,153649.4213877
0.0,0.4124915749269827,236609.84453013
0.0,0.5968285952078497,820559.91056749
0.0,0.35049885531782593,244247.36547245
0.0,0.4697803172800511,768558.61856547
0.0,0.47103227023966787,733013.65160804
0.0,0.40106272680145155,214996.05142260002
0.0,0.47450166811517,399011.6425449
0.0,0.5035289747399703,389970.65733632
0.0,0.47147895889078084,632438.95609152
0.0,0.33200909613962026,270501.61308566
0.0,0.34695820232497765,459284.03952455
0.0,0.5853417536624136,779984.6086265999
0.0,0.37158781050549844,265809.61081444
0.0,0.5485767202158071,778345.74671139
0.0,0.4853291038858049,547045.6673487601
0.0,0.3514988071776787,-129923.9593081
0.0,0.34869428331140967,-68689.03887971
0.0,0.3940919327063187,-13815.26604402
0.0,0.48440147513206416,521740.27543095005
0.0,0.5305847220884308,718973.40291522
0.0,0.8625840179238238,1354588.99578756
0.0,0.4054508748317631,383637.38333256
0.0,0.44412011407481966,712962.00349275
0.0,0.36002274836122006,520807.38494313
0.0,0.4810620396518094,524993.1541631301
0.0,0.4377721062903468,417218.91039674997
0.0,0.36039741621527677,566494.27463241
0.0,0.526767470371884,867830.7005900099
0.0,0.43954072479368494,604187.34354324
0.0,0.48801885082472357,967145.0116724999
0.0,0.6905840577935595,1707979.87059414
0.0,0.3243492755481472,202956.2085093
0.0,0.33132063373320153,204267.89801307
0.0,0.6294691224268689,1418303.61696258
0.0,0.40073162620552044,368095.15037112
0.0,0.5176974892835272,1145452.12202685
0.0,0.37527690243674144,563613.83129387
0.0,0.46687330492057344,573774.209904
0.0,0.4813802528185856,989442.1195154999
0.0,0.3941197515204735,478053.3779079
0.0,0.48805184285135683,695197.43980344
0.0,0.4951586991446312,908033.14810818
0.0,0.3788118162577876,401381.02163016
0.0,0.3269653336090789,196163.06288391998
0.0,0.5333724799373655,690281.0717547
0.0,0.3278002942922787,196696.35200395
0.0,0.4802213365831165,515903.96990577
0.0,0.4260609340676833,354339.16856434
0.0,0.3709891888766838,270680.58968522004
0.0,0.4928316148379411,779425.4554777599
0.0,0.44575973365393506,559134.3641615399
0.0,0.4908799239498544,591127.52888188
0.0,0.3802560562319568,360412.09286404
0.0,0.48821126558692846,673129.7466152799
0.0,0.3785128712239625,596507.78426723
0.0,0.31646801904912253,275815.57047786
0.0,0.4917913170375775,600192.90568368
0.0,0.4550749056811106,558190.14289093
0.0,0.391551464926112,596956.8895361801
0.0,0.44314048018220353,449996.84978237003
0.0,0.5873592444605884,789963.2770031
0.0,0.40223759307555657,619874.14837698
0.0,0.5270954434652165,536429.28785248
0.0,0.5333304191983215,1097158.2283265
0.0,0.4304302567661346,648727.5568742
0.0,0.3598577195156069,611261.57911768
0.0,0.3958356908453095,554341.11101196
0.0,0.49284181645502834,732862.24575873
0.0,0.47027487747709357,406726.97690724
0.0,0.4019267391060827,848400.02107209
0.0,0.3695849467570184,353631.6378044
0.0,0.3600723763570567,276209.95640712
0.0,0.5023275203223789,622319.4587515399
0.0,0.4276206896551724,454805.94159999996
0.0,0.4717935332311005,612794.83775687
0.0,0.4804008453200627,545231.05952992
0.0,0.3974679487179487,424470.63891000004
0.0,0.5812329849828752,981644.76724572
0.0,0.47288081693226386,567237.08839825
0.0,0.47227021119063567,583275.30294922
0.0,0.4336206630209782,466547.63447322004
0.0,0.42770074660978213,427164.6839161
0.0,0.4289592760180995,309788.42296
0.0,0.373049771608234,356917.6993338
0.0,0.44437660275979973,500863.38385539997
0.0,0.4307431871742955,541722.3606856
0.0,0.5372498775294872,605159.7274551999
0.0,0.4545059803418466,525889.84411945
0.0,0.4848496032478317,877268.8074211001
0.0,0.4258484877953905,646666.88604399
0.0,0.44170120109573646,683255.11830234
0.0,0.5679615705931496,925750.405593
0.0,0.44506895174913236,349976.45772804
0.0,0.39054577520234307,374726.76197307
0.0,0.40293972737723766,248176.86076008002
0.0,0.5103465315955278,640630.6823651199
0.0,0.38194426608449983,164929.14221214998
0.0,0.3992980648485044,375716.13440483
0.0,0.4009794513748718,462343.15782988
0.0,0.3545878248934893,335446.78830616
0.0,0.3590862351666064,205985.07963938
0.0,0.6511387672782725,1263840.75824142
0.0,0.5926847110460863,849700.8832398
0.0,0.510980376354918,959843.86163813
0.0,0.43888867569745577,856566.84605037
0.0,0.36538237351363956,267688.43882112
0.0,0.4126351351351351,736608.149354
0.0,0.41239303968299545,475367.72459553997
0.0,0.4806877060763071,478619.19558144
0.0,0.454950475357015,931916.27218656
0.0,0.5038474750944693,769556.4644999
0.0,0.3929565366775468,718728.02487255
0.0,0.46847990824560687,954056.0058519001
0.0,0.367959207873829,474234.74456472
0.0,0.5003179217004269,631367.53749459
0.0,0.40694251784687213,699091.37102496
0.0,0.3766576639456195,510705.94606927
0.0,0.3959835390946502,633390.1973100001
0.0,0.553178152033098,892957.8372727099
0.0,0.39797505211262946,657932.00403161
0.0,0.4196350696019258,715882.17930507
0.0,0.6972833117723156,920942.6417532
0.0,0.3960944244336618,451009.10739511
0.0,0.4680337756332931,794768.21835088
0.0,0.4714319396416221,774319.5605433601
0.0,0.39331487087009726,607823.189192
0.0,0.43364565891196694,696062.9073575101
0.0,0.43267743444008777,785422.41275503
0.0,0.37965668371073774,641842.1526142
0.0,0.446755562158749,744095.4998657401
0.0,0.3882630168824042,598549.64186318
0.0,0.39815005138746146,894178.9495945
0.0,0.3550781016218804,423658.29801066
0.0,0.37824416507671,270929.53805969
0.0,0.41157488894476574,854219.0595939
0.0,0.4165742886895764,481193.08093533
0.0,0.5461343807833213,811844.11059328
0.0,0.33369179481664696,316717.44656616
0.0,0.5388225728962637,653040.86501346
0.0,0.7603011093502378,656354.02297312
0.0,0.6514958992722653,1725916.58166768
0.0,0.37090258719047764,548772.49995165
0.0,0.37596574234892494,395807.2595939
0.0,0.5103589453993577,656114.29569014
0.0,0.4729199372056515,594530.50588272
0.0,0.41052218552790765,458620.4758798
0.0,0.5320675571255106,685445.61148401
0.0,0.46040101013174306,547431.85357685
0.0,0.4770521633643348,627737.67610752
0.0,0.4945330524626342,579873.25515249
0.0,0.42019004445994246,416017.35127335
0.0,0.6139651440938604,958971.46258383
0.0,0.3796401443460267,197889.74145665998
0.0,0.43190245293782087,539607.6942890399
0.0,0.4543505179547582,472517.069895
0.0,0.41236226465040865,585449.4954883601
0.0,0.5452779086198776,648122.0518852801
0.0,0.5152465212162859,773667.61194892
0.0,0.6300185299567634,754742.03189372
0.0,0.595243178615654,985783.59214006
0.0,0.3784248046036245,260986.84742124
0.0,0.361998137700608,267494.35392752
0.0,0.5703764320785597,847289.9209912
0.0,0.40644442989062807,649780.26156918
0.0,0.45705734966592426,648767.71256712
0.0,0.5609456375446193,542772.0901775899
0.0,0.49589128810785815,663158.18487187
0.0,0.6061133092743163,922965.49525019
0.0,0.3906637867113705,448288.63005124
0.0,0.39248683567667336,300274.01540080004
0.0,0.455461761370795,487185.3207836
0.0,0.45974556156840407,1004319.8746314001
0.0,0.4663555527527275,508299.50794713997
0.0,0.5527607610856424,747189.60757735
0.0,0.4786811440677966,566892.66529768
0.0,0.4839357429718876,609905.3041368
0.0,0.42725446164755937,449194.25371644006
0.0,0.47394296951819076,637592.3021223
0.0,0.4788713736918797,652494.51044644
0.0,0.42193593314763234,408330.5460036
0.0,0.4641309581126625,600131.90996265
0.0,0.5667071308297764,931707.48450917
0.0,0.5615955247476591,742720.64829003
0.0,0.5258233890214797,685614.9657375
0.0,0.5244906406659614,990082.4997719501
0.0,0.504981623344994,932624.8627998199
0.0,0.5398828301036503,552787.0455063
0.0,0.45092399227707947,836634.00517921
0.0,0.5874886672710788,641939.2253439
0.0,0.44707984729104056,447062.02641678
0.0,0.5737033666969973,984982.4581574401
0.0,0.5482211433954062,875347.774847
0.0,0.45494529071014805,476053.93328166
0.0,0.42144500422260406,458937.26926257
0.0,0.4207588312254688,485273.0572956
0.0,0.4803607214428858,596213.8342212
0.0,0.5379692832764505,872235.2436036001
0.0,0.4826456129897214,285922.27370652003
0.0,0.43261964735516373,757164.51779672
0.0,0.4018338349548541,434936.42560134
0.0,0.5460132835475663,758830.04141371
0.0,0.41790591805766314,294253.04186460003
0.0,0.44854627166834815,959914.4858335
0.0,0.6004536176003629,1091368.8338861
0.0,0.5682955342529811,885386.2178034
0.0,0.4202727731941404,636998.15042584
0.0,0.3803618499880182,405207.70465823996
0.0,0.5691307938103616,817998.31950824
0.0,0.48220962841785464,611102.71704528
0.0,0.4866935382920662,294975.51818228
0.0,0.43034677545896755,734959.6133358
0.0,0.36724550716731824,425675.29246506
0.0,0.43359066089248727,664916.9377420499
0.0,0.4202829369901059,925940.84526372
0.0,0.4097838256825424,342338.94674309995
0.0,0.4018321297102875,342218.10514948
0.0,0.4579027865855933,442334.53563117
0.0,0.47225572979493363,538583.24482956
0.0,0.38615670391912055,287104.71554925997
0.0,0.5621916612093429,1049797.58140035
0.0,0.7098587270241531,586366.187913
0.0,0.4760096651708664,678103.14773466
0.0,0.3770441925914657,165544.25890029
0.0,0.4898630136986301,442808.3127735
0.0,0.5760836151245005,601439.48547996
0.0,0.5046225652993448,727668.6218404
0.0,0.5041700295937585,633880.73572902
0.0,0.48632954270505685,715369.1191756199
0.0,0.5389254385964912,660741.596424
0.0,0.42472387927470323,472897.27316698
0.0,0.5800293070965041,866002.1532313499
0.0,0.49992369906912865,560251.07409765
0.0,0.5603235591506572,784723.89946175
0.0,0.5342150661299597,694838.8108758599
0.0,0.4515945330296128,576414.43308968
0.0,0.624,696507.3527500001
0.0,0.44027528990289433,479050.11637896
0.0,0.5596897345776269,738087.50770821
0.0,0.38139300664085857,400133.71984419
0.0,0.4146403890453033,338812.97151906
0.0,0.49779780805080404,541147.8678084001
0.0,0.5883149003686593,1179109.41125013
0.0,0.5143401418139486,521815.22186156997
0.0,0.4679376083188908,468995.63827086
0.0,0.4930172792750144,441037.92611764
0.0,0.4093550832467642,272815.25192218
0.0,0.4302050028211397,898705.4858150501
0.0,0.47767257477967434,415265.60378544003
0.0,0.44156550099655734,417256.86897552
0.0,0.5090959879884074,514844.95851807995
0.0,0.4177021183425475,364527.68786701997
0.0,0.5631567751542225,1056619.2637011
0.0,0.6049382716049383,965548.5510699
0.0,0.4469787547135105,379441.40511774
0.0,0.5220754108926845,478732.6155528
0.0,0.3912003391472868,636876.817752
0.0,0.4413080779194563,720655.13159566
0.0,0.7405628002745367,912526.5925571
0.0,0.6412694639248782,1188707.7693928601
0.0,0.7614593561056276,815177.20334128
0.0,0.4556556793929334,533481.5197184
0.0,0.7304682938222585,1359629.57300632
0.0,0.5977961432506887,1158356.943081
0.0,0.37123185151923366,281363.9068446
0.0,0.5410020568944774,763759.1454002999
0.0,0.6466852313254189,1394587.92255354
0.0,0.5339943887159384,1073457.59385402
0.0,0.4777642664813689,1036862.8551918201
0.0,0.493903063838508,687635.87135895
0.0,0.4912572855953372,746921.21944176
0.0,0.5308915662650603,762282.75017625
0.0,0.5034671464447693,760515.93545991
0.0,0.5272625070264193,815499.4687488
0.0,0.542566709021601,913022.3743665201
0.0,0.6104190260475651,967331.4649668
0.0,0.6204940702198471,1055968.7798669098
0.0,0.3902624572080639,320309.52755272004
0.0,0.4408174751134405,681778.57118527
0.0,0.48892947666616965,876075.0829446
0.0,0.5905743740795287,866313.82547622
0.0,0.45396276691512727,866954.5853851499
0.0,0.3484405731947176,251378.993129
0.0,0.3288953719665827,207696.21170520002
0.0,0.3652041900713527,501576.48905990005
0.0,0.590120218579235,765655.8985799999
0.0,0.5280372035819978,620155.6624111499
0.0,0.5852245078522451,934934.27017755
0.0,0.567870660249521,856225.7326832301
0.0,0.5845564312052636,900030.0884384
0.0,0.35525197150479315,339449.97927551
0.0,0.3341979322690242,554981.4485228
0.0,0.3712733622194917,367941.29116039997
0.0,0.5559182341180791,710117.03137851
0.0,0.4157478137637828,666905.89918133
0.0,0.4108369898170378,862157.2978798001
0.0,0.5250982763834291,781349.01870992
0.0,0.6148549497685969,905166.8052939
0.0,0.4639245462903061,517426.12364442996
0.0,0.6834897286330205,1030299.52030284
0.0,0.5022020991973657,1059610.0507513
0.0,0.42550289805659736,644366.76360544
0.0,0.4328838406445837,309169.08536488004
0.0,0.42950133016358183,269676.84074112
0.0,0.3683015581749759,495044.28718756
0.0,0.41005927085663163,399647.29572527995
0.0,0.4991889101902374,496939.58371539996
0.0,0.40049313138429027,480289.8773244
0.0,0.39593908629441626,608561.81516368
0.0,0.7237752560199281,924104.24513452
0.0,0.3756128825508733,412420.44829125
0.0,0.44677849192663427,999023.83511388
0.0,0.5217726127135256,663243.77733328
0.0,0.49954896907216495,760573.49781
0.0,0.38527872992964096,577325.1864743499
0.0,0.32623955431754875,574174.65153375
0.0,0.3767307566113262,410495.85392194
0.0,0.5243630515041854,592698.80526675
0.0,0.5331728912261937,504307.80246138
0.0,0.47364080232251254,555878.28948768
0.0,0.5296094078118437,857906.2654583999
0.0,0.5273445059410923,681641.42278945
0.0,0.5000151299664115,613665.95941031
0.0,0.5125190353082835,799188.05597273
0.0,0.46443243851651755,361925.1504396
0.0,0.5061931382220761,678520.30166046
0.0,0.4773597878400943,474928.7712301501
0.0,0.5727079998269372,1183610.0996315
0.0,0.5190893299331042,741897.16113636
0.0,0.5527161885673724,988935.95004993
0.0,0.5652430044182621,729448.5357618
0.0,0.4569540865948955,503515.85122377006
0.0,0.6966824644549763,1162792.2136153
0.0,0.511636683859605,1101407.50447596
0.0,0.5284994745805703,917680.26349035
0.0,0.4311986235901357,589878.23382945
0.0,0.47586616373288626,605124.26877936
0.0,0.5411854926019487,746181.9478686401
0.0,0.4504580823293173,515950.5895512
0.0,0.5501368219814822,874546.1029270199
0.0,0.47914818101153506,501836.5019259
0.0,0.5030535141289721,444969.49733523
0.0,0.7061744112030554,893538.378438
0.0,0.4626014327912267,565652.33610004
0.0,0.6821963394342762,499743.4394564
0.0,0.4398213667956096,539414.6045803201
0.0,0.5863395363343383,1436118.8852813
0.0,0.465398964977735,714810.57336168
0.0,0.485860999179831,645768.6474303
0.0,0.5134311297389978,610741.1696782201
0.0,0.62194699796146,925282.4913955199
0.0,0.5014264450508559,579400.321508
0.0,0.5969077857537273,864783.1195546499
0.0,0.610073571024335,903268.1655108001
0.0,0.3953770125936554,350867.67113295
0.0,0.5954923768137291,829253.26715408
0.0,0.4244926769013587,736337.90501205
0.0,0.6825664837484171,1186196.2808038
0.0,0.5493131868131869,776494.3347983999
0.0,0.48930973906337033,893050.12780744
0.0,0.5670813970918903,963467.3139885999
0.0,0.5522542695765515,770636.0350760199
0.0,0.5854029396857577,839249.2669590199
0.0,0.5950540958268934,905294.16920934
0.0,0.5012683761728659,577930.9621253699
0.0,0.47160453676978736,741644.77801415
0.0,0.642235609103079,511882.75958256
0.0,0.37846606292596396,75678.78637396
0.0,0.5628104575163398,1007414.909127
0.0,0.4260455868777959,110657.06575098
0.0,0.7156891932122655,1902180.25009636
0.0,0.4294242400439871,323317.28417676
0.0,0.7694870086608927,1305738.54444926
0.0,0.33906936400011195,280920.53359629
0.0,0.3159891038240061,466829.13959511
0.0,0.3930095231593679,439933.11898726
0.0,0.7916381082933516,1199275.26294356
0.0,0.38551927402466457,739702.16368776
0.0,0.7227461672551736,1075004.11585237
0.0,0.4265486725663717,476402.64603
0.0,0.48764940239043825,533570.5625796
0.0,0.7584427767354597,1219679.6444032001
0.0,0.7102697004304664,1280597.68746724
0.0,0.7468822170900693,1137032.852752
0.0,0.5703703703703704,787866.45497595
0.0,0.7010318217289517,1258903.5388588998
0.0,0.7366071428571429,1315322.6883934399
0.0,0.42730060316069685,746723.6276276701
0.0,0.37292133506309705,347529.39039784
0.0,0.40197279136738273,530528.5910857699
0.0,0.3562716543195966,332705.3114014
0.0,0.48848292295472595,779314.6302738199
0.0,0.35379389822284224,337891.11840148
0.0,0.3468908221208985,256015.76921613
0.0,0.48015019360894906,1041785.0402089601
0.0,0.43022412656559,777552.4454391999
0.0,0.5991749742179443,1372204.7586123901
0.0,0.33242130282176713,372640.07960286003
0.0,0.576961271102284,1235466.35540172
0.0,0.5040835583900042,745583.08826661
0.0,0.5263362236314223,1150445.1539664299
0.0,0.4691109994977398,624378.9076898999
0.0,0.4227925184862984,402603.501792
0.0,0.3835772126722546,624473.9314778401
0.0,0.5884194053208138,1451231.813367
0.0,0.526782795498062,1293548.65102469
0.0,0.5688924752874722,1366243.18243532
0.0,0.35198443579766536,204537.0935205
0.0,0.5603855134383228,1371472.4141657
0.0,0.3618024698089033,201054.39998862002
0.0,0.34207948863343474,164461.56328112
0.0,0.39181555842082644,557679.8827782
0.0,0.5428818943112907,1265657.82318492
0.0,0.3568273316931335,391239.74776064005
0.0,0.32532116639477976,233838.04225264
0.0,0.42852252303654464,419103.69088825997
0.0,0.5191493003551714,1225896.56501496
0.0,0.49938800489596086,878019.25584595
0.0,0.5623931623931624,757794.22612875
0.0,0.5309234679469077,1292888.1671061
0.0,0.454638084414312,674280.33515871
0.0,0.4216243484109635,518820.16613915004
0.0,0.4043647392365003,617684.3512689801
0.0,0.4930073448033001,806140.92222216
0.0,0.4640151515151515,727555.8673152
0.0,0.4719114835455396,757751.4658046899
0.0,0.48898547861305935,771158.8916228401
0.0,0.4716428832784486,735103.12816998
0.0,0.46632124352331605,679001.7891039
0.0,0.5655114471749633,1220007.3754608
0.0,0.48314606741573035,661278.30200406
0.0,0.37395463663014966,412757.97188504995
0.0,0.41525979630588644,711709.72681875
0.0,0.4417998163452709,778504.2565005
0.0,0.5258116681179251,1149322.29881487
0.0,0.5339118825100133,795745.4358396
0.0,0.42594021215043393,661893.9346401
0.0,0.4730746581168619,672611.0745312
0.0,0.5540016108955115,911926.11616858
0.0,0.44950339266397876,766322.84741187
0.0,0.4785743186081583,835037.46183699
0.0,0.42943104130176846,448723.20046432
0.0,0.5305809811956647,720802.14275433
0.0,0.4091467912466191,628550.80037118
0.0,0.6229508196721312,472037.37516448
0.0,0.3740781006669997,545656.3937042899
0.0,0.46795366795366794,506143.94746985
0.0,0.463419689119171,846203.594028
0.0,0.44825026511134675,875346.8656845
0.0,0.43819758802999415,820395.92191921
0.0,0.47716129032258064,573920.74094625
0.0,0.5043562867630799,930686.73055923
0.0,0.4447133087848501,912864.1105962
0.0,0.43560853285699563,807913.56337569
0.0,0.6089455634449114,1181036.47641252
0.0,0.37954565861542605,603613.06465233
0.0,0.5422885572139303,668640.42769125
0.0,0.5105864718006371,666646.94489085
0.0,0.4033198081888602,243363.545577
0.0,0.7001094491061657,479466.18949852
0.0,0.2610026636981672,-153631.49149852002
0.0,1.0,667095.0
0.0,0.5863503166650912,804766.4035126601
0.0,0.3661581937195421,260559.70094995998
0.0,0.2687281946822112,-34793.22321799
0.0,0.39069241527062815,273609.38593389
0.0,0.24981366209383374,-136591.89279372
0.0,0.39964707243693587,230087.75249984
0.0,0.49244348762109796,1003877.94766675
0.0,0.3782047503978311,312046.60162214004
0.0,0.39589583200357437,484095.1300681
0.0,0.44036697247706424,897470.8862187599
0.0,0.7134557285614688,800106.6767766
0.0,0.34496191639048784,409405.42204002
0.0,0.8223922674184454,706024.7867402401
0.0,1.0,613261.07407752
0.0,0.47253357733407403,559091.19237433
0.0,0.41085804044767327,485167.8698044199
0.0,0.29945165945165947,-261666.9574605
0.0,0.3593461396379756,60988.63378736
0.0,0.5353466026080989,938336.36118971
0.0,0.32520690896005755,20093.50760352
0.0,0.40837531486146095,267644.61257016
0.0,0.6523567928537357,694233.65399415
0.0,0.5015144680028356,546309.56272912
0.0,0.3965185938736295,546720.4388633401
0.0,0.5988997249312328,1199082.32327592
0.0,0.6540637094373325,1392422.2311896
0.0,0.4408706073375343,741542.46348468
0.0,0.4333286497119573,1027750.20579261
0.0,0.31683866096149005,210802.7244846
0.0,0.6846639372227908,860740.7412628799
0.0,0.6282559561302753,821229.12931941
0.0,0.49772221633647634,602700.05512092
0.0,1.0,224407.40723661598
0.0,0.2813809404433621,-332923.66816302
0.0,0.4524122877411485,476139.64558318
0.0,0.4054712679820769,197117.32418217
0.0,0.42594027537700424,949561.57653643
0.0,0.3464514848865666,-9609.51808677
0.0,0.7257857226311485,634490.54208072
0.0,0.3339337505724317,382743.7042798
0.0,0.38212902945142907,747531.18592953
0.0,0.310376871450697,487009.43212575
0.0,0.4407483241241971,260904.82023112001
0.0,0.28816173748508905,-146685.10244228
0.0,0.30601057091687417,-31837.023368939997
0.0,0.3441914167096568,171702.17430489
0.0,0.43944471038774535,672160.63164481
0.0,0.3085959313921021,-172038.6021224
0.0,0.283367518863087,-326487.57019731996
0.0,0.35283287304376937,286958.53768410004
0.0,0.599422706863374,819450.6683056001
0.0,0.3490950465707028,255918.93465319998
0.0,0.45597858417608567,530227.6555075999
0.0,0.46197781166831137,383602.11324699
0.0,0.3133863019209494,465310.78521993
0.0,0.3492672067280935,-140594.21254656
0.0,0.41068221100077945,467285.02633981005
0.0,0.5325957125793676,561565.53994544
0.0,0.2903329339267374,-57071.8482964
0.0,0.7934990439770554,606237.4028602401
0.0,0.29334301119867273,-133693.78948799998
0.0,0.8590333716915995,649926.2470768
0.0,0.27505541943763856,-277662.39701886004
0.0,0.4509894155545329,1340148.95874684
0.0,0.6063511084481725,745864.32254748
0.0,0.27586586278220304,-14986.28584988
0.0,0.33600813743218805,412027.32903168
0.0,0.48021321272815376,838007.5665270799
0.0,0.2714819161421103,-68408.81173865
0.0,0.5335749802500116,777747.5313402601
0.0,0.26752034315271556,-100132.43441244
0.0,0.2950945146700684,75628.00464245
0.0,0.3124048519373373,153231.0447481
0.0,0.29399524375743163,-202143.8236818
0.0,0.5763317504349053,704086.89049871
0.0,0.5436045092967644,691599.33318015
0.0,0.37939235844713826,217529.53095425997
0.0,0.347537834418779,86034.31146232
0.0,0.4726027397260274,538445.2516777
0.0,0.4920883324639193,704163.44365065
0.0,0.4371947444452088,326388.19459237996
0.0,0.46364559782430614,599148.03799836
0.0,0.2908431999279701,15200.1659509
0.0,0.3486955806106493,221785.32419736002
0.0,0.37056059765955585,440261.81759878
0.0,0.5426182912556429,653579.7149748
0.0,0.3700846192135391,362893.64546142
0.0,0.5686444007858547,880939.2253269999
0.0,0.2700799160477882,-179219.36957
0.0,0.31476821036291364,97161.36675466
0.0,0.6138666042044856,671543.8319872799
0.0,0.34193281368559014,43178.50692624
0.0,0.2813608967498451,-223631.50766727
0.0,0.6018282186739479,1024458.25433795
0.0,0.7570815450643776,677398.251156
0.0,1.0,245437.5
0.0,0.35047904360851256,287717.96994207
0.0,0.35503068625627676,288154.43341402
0.0,0.3162465980357354,101852.12063159999
0.0,0.6653710042350757,639344.8461067299
0.0,0.49525031063369274,428392.63989386
0.0,0.6820053715308863,1343580.3458826002
0.0,0.6139274409544679,1181619.2330564999
0.0,0.7404952912452041,987617.16531138
0.0,0.2917507737854932,-229684.41246434997
0.0,0.5087509349289454,613166.7364196001
0.0,0.5020549641000247,761870.71854135
0.0,0.3681282390001016,174823.71709187998
0.0,0.8414496036240091,800035.5667356
0.0,0.34297646375528945,244038.55828775998
0.0,0.6017904837273717,514958.12262988
0.0,0.5235193886507977,770106.27408656
0.0,0.4240186122087226,480246.92860956
0.0,0.3932580706538974,353495.41362468
0.0,0.38346190517465545,304363.30950108
0.0,0.34460969407413117,258417.54740697
0.0,0.3183900135273038,128224.81135807002
0.0,0.6758436944937833,857015.7184842
0.0,0.4100558285695183,706722.4127468399
0.0,0.5128869433153169,494340.16650005
0.0,0.3768331005586592,476148.66301968
0.0,0.47380810043341803,876868.81763048
0.0,0.4231231231231231,752402.6036541
0.0,0.2785020343768164,-130984.24220387999
0.0,0.31567237430472245,-40903.645630900006
0.0,0.30397613896532166,-122656.57976066
0.0,0.44287311952090624,515306.35988425004
0.0,0.5829521365614192,776949.82083648
0.0,0.43582722715001926,701817.9667769
0.0,0.41093789930999236,487409.16210839996
0.0,0.6305704099821747,1155926.2492896
0.0,0.38818693865124065,518426.23534845
0.0,0.326680160905993,260774.25688775998
0.0,0.7080700811040911,1260726.7256887502
0.0,0.299736909501525,95778.59379525
0.0,0.7867355259581408,1492123.6664285501
0.0,0.3699454676407038,274934.89741132
0.0,0.3005920565742949,-150612.33378336
0.0,0.4290684190181678,611470.4666107
0.0,0.3257587724246869,26575.739397250003
0.0,0.5091333899745115,749170.1829964799
0.0,0.3940064360418343,780044.2134228001
0.0,0.4345777618235664,920257.7247640999
0.0,0.8575697211155379,708460.017378
0.0,0.6536502546689303,881987.9132291999
0.0,0.34938879273041973,427559.0217436
0.0,0.45721197459933477,788550.15181632
0.0,0.5129211501146587,854724.1888222799
0.0,0.7117408906882591,1614334.81306895
0.0,0.43799238081148056,838461.76328728
0.0,0.3711412472028255,311546.99560798
0.0,0.4539461467038069,572146.8373080001
0.0,0.5270019228888961,775566.9013745
0.0,1.0,742538.3334714801
0.0,0.4010838272650296,724014.1779125
0.0,0.6121966593129531,706391.9707862
0.0,0.36372185807922486,459409.87011809996
0.0,0.48937908496732024,944593.19612784
0.0,0.3312103527023598,303390.3819583
0.0,0.5694463155058601,1321567.54767513
0.0,0.5033865707835103,420900.00412524
0.0,0.35051663449528786,-374999.53820106003
0.0,0.4510277434572616,385019.83792968
0.0,0.38904657763715045,89284.13032594
0.0,0.6320826189241995,921326.97105383
0.0,0.3435733260677066,47289.94418247
0.0,1.0,1486702.6538508001
0.0,0.32224290367612846,-236374.76039471998
0.0,0.45730562163515714,422077.7354534
0.0,0.35525937290248344,96094.89453576
0.0,0.4161938266000908,420586.10614944
0.0,1.0,180339.931651914
0.0,1.0,230437.5
0.0,0.48443250770914154,412910.03777652
0.0,0.5627643339873556,1065703.1832164999
0.0,0.582398004632104,911169.7048217999
0.0,0.3677050222504768,217918.20198975003
0.0,0.49084223671430555,709614.71899448
0.0,0.5116453258194529,586447.2922424
0.0,0.46755320882630946,495335.66722794
0.0,0.8583652994983771,1439950.34772564
0.0,0.6009992862241256,569627.80564374
0.0,0.4041204437400951,40451.414080099996
0.0,0.5053571428571428,753702.10549
0.0,0.3881278538812785,-49464.4121334
0.0,0.3737906772207564,-132952.13523036
0.0,0.8258265176822946,1631848.44021991
0.0,0.32169879878596164,-85087.21013288
0.0,0.5350267734655043,764905.5989799801
0.0,0.6202703293819168,1326634.1347025
0.0,0.7549234135667396,1082700.7143395199
0.0,0.40551634068223513,648097.48487284
0.0,0.5631168417701369,900885.30848064
0.0,1.0,843321.0063984001
0.0,0.514052583862194,969773.3666335801
0.0,0.615441906653426,948539.21377152
0.0,0.41896742131419107,68843.66413824
0.0,0.38390232873615193,219230.41396149
0.0,0.39566313227881106,-45271.04484352
0.0,0.4102880768920987,334312.08641998
0.0,0.8546042003231018,1209183.0310334999
0.0,0.5614172902799024,1170143.00656149
0.0,0.4714439468110961,855548.06954109
0.0,0.4739552553820177,496278.6020694
0.0,0.5303731695795938,668858.15659215
0.0,0.7051002346354917,999734.4420589601
0.0,0.33747807017543857,-25469.514732000003
0.0,0.5054359823399559,402464.1317028
0.0,0.4761104594020481,611340.62076754
0.0,0.4110244747671648,-55675.962388800006
0.0,0.45995928062436375,185292.8491847
0.0,0.5636920276364238,849258.15984447
0.0,0.6064769381746811,1184898.27668144
0.0,0.717264017033357,1343547.49285288
0.0,0.7922767914992873,1541095.74539632
0.0,0.3260962617711405,159986.51176552
0.0,0.4522256644382847,452132.22198564
0.0,0.4660411557735366,799338.39568275
0.0,0.5782092772384034,930242.9530422
0.0,0.6631535535902489,1124346.02834092
0.0,0.3845161652132462,524583.06071178
0.0,0.3653697996918336,-93613.92084287999
0.0,0.5054809263762108,1173050.82268807
0.0,0.43596253173422045,352664.06442686997
0.0,0.5984289080911234,1361277.6509805
0.0,0.36782129162896904,-53654.49224568
0.0,1.0,221934.99998731798
0.0,0.5570076760190577,555649.29270872
0.0,0.4260706653786482,373817.76390246
0.0,0.3768284789644013,221245.39608375
0.0,0.40337821875738245,89965.2576702
0.0,0.45633117750815116,257344.13432854
0.0,0.40183056144659,9533.56127065
0.0,0.46129007457522875,274379.38063503004
0.0,0.3894839337877313,-51313.650145650005
0.0,1.0,378743.67183181195
0.0,0.41132100009753875,500396.59203522
0.0,0.3544348069390039,96555.71542847999
0.0,0.5750798722044729,544131.51181533
0.0,0.5010470583586867,1108529.52117047
0.0,0.5482920541386612,874197.50048286
0.0,0.6580467829696528,1435427.2913919801
0.0,0.87787173538876,1776389.66641368
0.0,0.39144063969396703,286621.80861348996
0.0,0.4534513274336283,497140.16331000003
0.0,0.5409210645835226,906940.35908394
0.0,0.4461501195991159,496751.25851403
0.0,0.4691162109375,587809.19692704
0.0,0.6792752514853815,1467762.82658887
0.0,0.5342123525329632,1096558.85021385
0.0,0.4588499430333088,894067.72485316
0.0,0.8673925408304217,1849909.5109940202
0.0,0.3973823205061234,575049.8273688
0.0,1.0,802214.775282
0.0,0.5112881806108898,654236.24047344
0.0,0.4248775619153726,89760.41355564
0.0,0.5062609147995393,631068.13358532
0.0,0.6192080876158382,942967.4576651
0.0,0.491336953710887,1139048.34339996
0.0,0.5181654485753627,757105.2604845
0.0,0.4404863360036362,481330.21271118004
0.0,0.4964977338277709,678079.62675432
0.0,0.6241388109211533,846052.8038858799
0.0,0.49030154301274076,806633.3290213799
0.0,0.5556263946445649,1209789.99808914
0.0,1.0,397306.666680192
0.0,0.4301450339636497,390719.62930649
0.0,0.49347058573312347,761149.45959402
0.0,0.3788068546293185,315899.98766213
0.0,0.3704228388408118,558378.2748889399
0.0,0.46062691131498473,584301.95954928
0.0,0.494567657358355,581607.01757481
0.0,0.5868476446250998,867850.9603334999
0.0,0.44322113872286883,855462.50878428
0.0,0.3723464945203423,304687.20841995
0.0,0.3640546021368686,520755.64146891
0.0,0.4524405506883605,548144.1099
0.0,0.48630036198828686,537316.3009789
0.0,0.4426901472597541,408784.52712705
0.0,0.44559636327958924,502842.33474645007
0.0,0.5749946660977171,809073.76703268
0.0,0.4345933719455773,801179.26931484
0.0,0.34885225610442216,276225.77702844
0.0,0.42276993246206473,461046.28009242006
0.0,0.45618684777207225,446616.2785161
0.0,0.46701241885407846,784534.38660816
0.0,0.4151432053625838,467764.9521846
0.0,0.5325209945661123,708210.4770876
0.0,0.40357074661065495,687432.16550058
0.0,0.31592489746006674,135970.34829917
0.0,0.30851309410829253,250836.90919581
0.0,0.38144982589427034,276173.84875968
0.0,0.3749710670472957,198255.66827703
0.0,0.4130238072950794,561549.49785936
0.0,0.38354551676933607,284776.7884665
0.0,0.36168759074216417,468722.22970131
0.0,0.36513264434826137,262829.28019958996
0.0,0.35694572217111314,481103.10693588
0.0,0.4770621012212374,500389.34737154
0.0,0.4340189920519156,370795.98238078004
0.0,0.4946746888897193,835893.12855862
0.0,0.43620938050264124,462871.24001390004
0.0,0.5618485059068797,751067.0866996001
0.0,0.42500921674431075,747688.9456176801
0.0,0.3910778683050621,696451.76265027
0.0,0.33451492068280664,220227.99363068998
0.0,1.0,845973.05039906
0.0,0.4021913277171947,245022.28514566
0.0,0.4326448412211116,209450.38603701
0.0,0.3960880195599022,177806.9589359
0.0,0.4362495812905387,517789.47512424
0.0,0.4140158113359239,266533.2348058
0.0,0.39382465127933847,431220.66125867004
0.0,0.4562545989698308,446723.5974696
0.0,0.3591305386360922,500289.46775808
0.0,0.44611729861475335,511260.53384414996
0.0,0.4799024163568773,528770.07170352
0.0,0.4984936356104542,840762.6319255199
0.0,0.43909120206252017,483418.0180236
0.0,0.4279495140388769,774166.97232064
0.0,0.3054386260313184,108888.03919464
0.0,0.581290908222254,452259.20669076
0.0,0.3026597216979945,226232.76433899
0.0,0.3740106564585381,250521.0086106
0.0,0.40618470539072293,216310.6153369
0.0,0.4035301649239399,521223.58046220004
0.0,0.46433494141971055,459471.25396416
0.0,0.35481173880326633,438105.12136666005
0.0,0.32968525926485015,152669.97038763
0.0,0.3243571145984439,297793.71588915
0.0,0.42743533650752796,296786.68045905
0.0,0.4299318849468961,617266.0042081999
0.0,0.4073280117338448,316310.06714324
0.0,0.38575833210982235,529516.5710483
0.0,0.44137771968939804,467595.01656208
0.0,0.3667580158947657,259216.3425076
0.0,0.36288879912285765,452760.7286343
0.0,1.0,0.0
0.0,0.44179397837934425,463770.89004132006
0.0,0.47438058317883025,476580.82389138
0.0,0.4336690397638479,354605.63027538
0.0,0.4905122655122655,778330.9065024001
0.0,0.5452069533640429,725457.51561609
0.0,0.3382082054144572,282166.5651343
0.0,0.3537855167951056,478337.52821973996
0.0,0.4392600018226556,499848.59105436
0.0,0.47295208655332305,496409.90680476
0.0,0.43016463090812534,379133.05586616
0.0,0.48917220990391724,836698.8800663999
0.0,0.4320459157787925,474801.50899368
0.0,0.42076448337646827,745241.26003854
0.0,0.43075480218138873,403331.52448758
0.0,0.35942458846210884,336979.86863455
0.0,0.37725433616660914,570427.18342116
0.0,0.5034274746366877,608017.31555202
0.0,0.5306474243335337,920339.91638715
0.0,0.46310458516025965,538124.62505193
0.0,0.45252114334653676,857048.08855191
0.0,0.3234945680941698,161347.71270184
0.0,1.0,861995.4028139999
0.0,0.3933409498939122,337931.32471908
0.0,0.42608493850081225,295974.44588250003
0.0,0.38635821607440973,241392.84219332997
0.0,0.42834029058667444,656656.87889469
0.0,0.4005483478899912,328631.25709944
0.0,0.49113108978252945,558378.08557252
0.0,0.37865277655160234,541195.99431261
0.0,0.33219112366018805,274207.56250799
0.0,0.3551972044797067,251522.31410845
0.0,0.4643268609323629,484748.84458344994
0.0,0.42208262165996,371943.85920175
0.0,0.477714821899022,743302.91417709
0.0,0.4233338511729066,474947.40373519994
0.0,0.41189463085068373,699710.27578802
0.0,0.3383351976645841,268617.10117295
0.0,0.401841082600667,339716.17430952
0.0,0.4494889469931067,790711.22946639
0.0,0.4016212232866618,441198.27093450003
0.0,0.5138226882745471,689561.2005183001
0.0,0.3898607310849448,658589.35088618
0.0,0.3094994417566059,70433.88902367999
0.0,0.3071259595423164,107061.02790816
0.0,0.3924940617577197,152953.343061
0.0,0.3561477007014809,153590.07813552
0.0,0.3867979662205599,493607.95969942
0.0,0.3499463806970509,390484.449586
0.0,0.3670452824473724,398735.50221825
0.0,0.39432096410060735,408466.44846978004
0.0,0.46912706329032466,525115.85671603
0.0,0.5459682408744071,1105047.91336555
0.0,0.4743915601824449,628366.48589621
0.0,0.6156247620497982,994485.35777658
0.0,0.46411448230428576,969983.98907729
0.0,0.35205540911895017,321001.8983388
0.0,0.36370835288596903,307579.75929096
0.0,0.35554241797221403,521154.2837701
0.0,0.47523727351164796,553193.917914
0.0,0.43230741860878846,438590.5595352
0.0,0.49222817194704743,851925.391956
0.0,0.44287171639887785,550234.59047808
0.0,0.5592639988932314,816675.16685465
0.0,0.4231231231231231,794522.4643323
0.0,0.35908819668218167,115464.92249565
0.0,0.3650226883880086,146800.74347532
0.0,0.35474128248009384,236270.02894548
0.0,1.0,424608.3332162
0.0,0.45172304465526913,222901.66683358
0.0,0.41592632448259464,209837.25393183
0.0,0.45983396226415096,550145.53045625
0.0,0.43629158798968115,318958.48890605
0.0,0.5078814089796847,500038.80089046
0.0,0.41573902715244593,464080.42064433
0.0,0.3303839232153569,150494.91345408
0.0,0.3361167473076323,167757.6925161
0.0,0.3251257334450964,289239.91471296
0.0,0.42749769915124247,280349.86698948
0.0,0.3892624500945577,229090.11251456
0.0,0.4075432603460828,316133.74642148
0.0,0.4861841907453622,538507.28083613
0.0,0.38614640400979133,521156.03228748
0.0,0.529592733665397,708482.3550672
0.0,0.35793826613498747,352055.738295
0.0,0.38406268388615317,344502.96080727
0.0,0.37560503388189737,586142.49634843
0.0,0.5012893243940175,608190.72856408
0.0,0.45678122748206396,464837.46807276
0.0,0.5276858680486346,1003575.79740425
0.0,0.46091133588173605,564427.86227472
0.0,0.5965468899874566,908032.32874652
0.0,0.45027163299364414,892296.1932084099
0.0,0.5285087719298246,796457.6928504
0.0,0.35853131749460043,334804.8178185
0.0,0.384729935159619,290554.56613203
0.0,0.3762630212406544,566578.382767
0.0,1.0,0.0
0.0,0.5021424013127906,604959.50074434
0.0,0.5288665148427824,910701.19993041
0.0,0.46178613794272155,536072.89967235
0.0,0.5977818853974122,852357.9183599999
0.0,0.4511687479987192,851097.8134893599
0.0,0.3679122405858346,239218.26200783
0.0,0.3559198436542893,466056.88226916
0.0,1.0,0.0
0.0,0.4691252874542203,488181.43172802
0.0,0.42745545510401123,359443.53372444
0.0,0.4840738709087585,810202.00567515
0.0,0.45080292888344176,455224.62504392996
0.0,0.4286559510896361,735889.14335991
0.0,0.5492462553580889,1047997.2641939999
0.0,0.39155958976777083,97845.56539175
0.0,0.3992998604617004,139838.22085128
0.0,0.3893748613951655,215464.6597649
0.0,0.4571688942891859,255321.73901303997
0.0,0.44986289186985845,193786.00362297
0.0,0.4999851389508099,567734.4236652
0.0,0.4707379134860051,303671.1718599
0.0,0.5450569169517188,495942.8843616
0.0,0.4531492525120497,451579.83483561
0.0,0.3332480163808549,196096.2799552
0.0,0.6276754604280737,1154898.16577568
0.0,0.33924381399317405,225158.07371488
0.0,0.32799828132552766,347866.9960329
0.0,1.0,1512674.71778805
0.0,0.4002323073093836,387396.88363887003
0.0,0.3937631281305542,289521.13163274
0.0,0.43686468646864685,726862.036488
0.0,0.41284219001610306,385098.10293312004
0.0,0.5002939265493023,624589.3423012401
0.0,0.3910659715980586,598332.822672
0.0,0.3502818326347738,322273.87823025
0.0,0.375457930909201,309740.46096008
0.0,0.3671214479748497,545969.73187194
0.0,1.0,0.0
0.0,0.4563817699785381,572874.21596824
0.0,0.4464313053063474,428551.54108872
0.0,0.5125653436592449,943747.3377215001
0.0,0.44965512689350184,526472.33249609
0.0,0.5806938159879337,854768.51725968
0.0,0.43874338303982285,841301.68193326
0.0,0.6087578345181508,1062592.24628173
0.0,0.34716406547392464,203366.95576515
0.0,0.3426396614590264,351740.14253392
0.0,0.41464350304159586,394685.12518384
0.0,0.45353354006854907,739988.2726587
0.0,0.42770072057190056,414009.04705588997
0.0,0.5056344928956394,644827.9686284
0.0,0.3537543013440781,509645.06069852004
0.0,1.0,287381.192432544
0.0,0.4392199744851467,567375.16381326
0.0,0.4301265598725551,420971.09759937
0.0,0.48911798396334477,969733.39075497
0.0,0.43200481942991215,516365.58164667
0.0,0.5559757942511346,825208.5311608
0.0,0.359650824442289,267739.443305
0.0,0.36736290159042845,238243.58133877
0.0,0.35535573526406444,467780.20996223
0.0,1.0,0.0
0.0,0.4358835232410924,479253.27041820006
0.0,0.46952518966839996,492630.41827754996
0.0,0.4502846717624485,459673.84578801
0.0,0.42809199486723915,734927.9813307
0.0,0.6303397241843256,681385.45775148
0.0,0.3424236951417735,23827.96380096
0.0,0.33821590052750566,113595.59291032
0.0,0.4015947807176513,151724.88765720002
0.0,0.4301907658280343,82306.78849008
0.0,0.41260436978151094,193809.52766700002
0.0,0.4793991530614963,355668.37475268997
0.0,0.3937674852346907,320244.70569312
0.0,0.33694460730581965,169058.83950892
0.0,0.6048461034708579,860995.08919665
0.0,0.34306879430741044,161926.84859615
0.0,0.33189828061074417,319938.53896429
0.0,0.4039319345778953,337521.45136085997
0.0,0.4361843649737851,324517.05419975996
0.0,0.4166308859310147,336855.46499054995
0.0,0.4978448275862069,562465.3769919999
0.0,0.39511584220413276,551968.76993292
0.0,0.3501401369585946,313448.27820456
0.0,0.3752988530097146,287326.99206563
0.0,0.3669646398389114,536101.61898672
0.0,0.45618020064357373,554241.40908066
0.0,0.4900791885399057,562822.44436377
0.0,0.512287627230156,907222.7572955999
0.0,0.4494474682500412,511934.64465990005
0.0,0.3595639189306735,309876.58407149004
0.0,0.3514595447506063,486397.32354343
0.0,1.0,128062.5
0.0,0.43627805937726283,530445.75710256
0.0,0.46992577425134374,485984.06075592
0.0,0.42898523346242246,485796.12683976
0.0,0.5517641438613253,793044.20224176
0.0,0.41764647762078844,773520.41473203
0.0,0.32971713653692286,100478.0646121
0.0,0.3265001954652072,153462.32221471998
0.0,0.31771678717229845,218063.38692042002
0.0,1.0,2193112.98928995
0.0,0.41257631844622855,191880.19110774
0.0,0.37630060653878394,201641.75831384
0.0,0.4024083769633508,315843.248404
0.0,0.46137921387606656,511046.10310545
0.0,0.33063217920384164,252550.92713531997
0.0,0.35345589283169443,232491.42369045
0.0,0.34544357965478617,435578.82928054995
0.0,1.0,849746.6668012801
0.0,0.42857142857142855,446595.7850162
0.0,0.46209345898934534,457211.31592396
0.0,0.4199913582025061,343054.61610254995
0.0,0.4210835367926569,438590.65184772003
0.0,0.5407665039127818,691336.8559387199
0.0,0.4096062534319584,685238.69202547
0.0,0.3548233980175904,324089.26344905
0.0,0.36237554381149817,316732.90845832997
0.0,0.3539416767207133,521926.12144647003
0.0,0.47315522721415687,552569.78743932
0.0,0.430355087222173,445396.90809636
0.0,0.4455759652295295,559419.3797851499
0.0,0.5563200990848414,822991.84379912
0.0,0.4229658400557713,796704.3362837699
0.0,0.3659761284126766,255511.64962809999
0.0,0.3738926001318845,231000.80029591
0.0,0.36206049750093894,451589.40180419
0.0,0.44104490964394344,466667.6085981
0.0,0.4737152982870644,472033.32465678
0.0,0.4329305398591672,348518.86065866996
0.0,0.45643992410811485,444017.96142531
0.0,0.5445177801724138,727687.7549704
0.0,0.6455776892430279,977428.6068660001
0.0,0.30885692657077973,125329.40593940999
0.0,0.3074720723944886,253981.82280085
0.0,0.3801261829652997,292503.6337536
0.0,0.3737024221453287,203866.81637805
0.0,0.41132966657344394,613496.68179693
0.0,0.47277936962750716,509806.40991526004
0.0,0.3596528545903174,486444.92210199
0.0,0.3279833274690773,251283.7327154
0.0,0.3425316816175424,431361.89551109995
0.0,1.0,1286156.66653304
0.0,0.42484428252438594,450093.07764880004
0.0,0.41644054725657653,346107.7112661
0.0,0.5354659248956884,698983.33330044
0.0,0.40572708366661336,686173.15883355
0.0,0.4100070243691576,215508.2693775
0.0,0.3991237618373789,379333.44726324
0.0,1.0,0.0
0.0,0.46596987228468506,315694.06539591996
0.0,0.5262328077826233,704656.4995315999
0.0,0.5750683296157834,657569.19130331
0.0,0.6394842996124338,999187.6396527
0.0,0.35499384536111983,277949.83738292
0.0,1.0,1418760.0
0.0,0.43051089674883886,490573.36586267996
0.0,0.4640660544275002,468213.17646036
0.0,0.42183838208488844,370645.12194633
0.0,0.47737026218038875,841803.67250478
0.0,0.5435294117647059,748042.5298425
0.0,0.41162722757814785,730304.14694868
0.0,0.3468330518904376,300443.68756607996
0.0,0.36330685353550607,517134.83310663997
0.0,1.0,0.0
0.0,0.4514799550393406,528442.34715936
0.0,0.44177802017998363,398506.98402108
0.0,0.5058275058275058,863185.0153291799
0.0,0.5736076622915928,799855.7275087
0.0,0.4335829315827264,794942.75116092
0.0,0.7120211360634082,1166735.9623488
0.0,0.3501199040767386,315885.53653047
0.0,0.3752761385988803,294425.30500560004
0.0,0.36694224961103145,538863.55802169
0.0,1.0,0.0
0.0,0.45615141955835964,560038.8154130001
0.0,0.49005012011032356,563629.4015650101
0.0,0.446212700841622,418711.592968
0.0,0.5122479780194265,919218.53383598
0.0,0.4494178183857242,515984.16316269006
0.0,0.43850063971783254,828703.94689511
0.0,0.3476704045970111,-59302.56692712
0.0,1.0,1217806.5824457
0.0,0.4108807304546319,-133408.83987225
0.0,0.3890293717175647,-57411.72976158
0.0,0.41820717636617216,272620.7141217
0.0,0.416865933365216,50733.6105375
0.0,0.38578787664949543,135468.52385952
0.0,0.3141412832145172,192689.90806724998
0.0,0.3350806560566349,207684.61358284
0.0,0.32735487031543425,350321.2987473
0.0,1.0,589232.0809278
0.0,0.43850011941724387,344969.44175889
0.0,0.39793662490788506,274340.70433485
0.0,0.39745048277471484,360921.90772422
0.0,0.38563999635069796,595550.86649604
0.0,0.323655248499852,353946.51658484
0.0,1.0,95100.0
0.0,0.433666640422014,364819.88940672
0.0,0.3934266979681049,297944.84432396997
0.0,0.4379487179487179,647193.66899775
0.0,0.4030143223538227,401894.68194122997
0.0,0.5014575451218756,607470.1787914201
0.0,0.32273332699077156,89767.9049568
0.0,0.327881812342507,115481.80896335999
0.0,0.31739281806425945,203329.2934134
0.0,1.0,952061.55215347
0.0,0.3838448368384739,237285.10353417
0.0,0.41487655520995337,184749.52114736
0.0,0.37825371496958216,163171.64598624
0.0,0.4142273246378554,533604.80615442
0.0,0.39486092715231785,249336.58040749998
0.0,0.4646833829154271,444453.01240425004
0.0,0.36440654655480675,373784.95522095
0.0,0.3722728448647561,410198.33644642
0.0,1.0,0.0
0.0,0.4723796633110566,587365.59172731
0.0,0.4314477468839885,529077.37029594
0.0,0.4549140700539596,664555.7065422
0.0,0.546173073025738,926061.2783871001
0.0,0.343860843903408,312719.80666818
0.0,0.36825538233110616,329383.35966525
0.0,1.0,243798.33331940198
0.0,0.4472626043922054,562936.6115793
0.0,0.5000566657851989,948163.00334868
0.0,0.4402688467379714,512129.83449498
0.0,0.567527727081286,829151.91133196
0.0,0.35764247557772333,332095.07092928
0.0,0.38372992542624623,292297.12326617
0.0,1.0,0.0
0.0,0.5008638719650814,599061.50705073
0.0,0.4563808808338811,433888.19063316
0.0,0.5270975192131565,917699.84931912
0.0,0.46047517658589343,532346.0235924601
0.0,0.595931303899167,852826.27802186
0.0,0.49115028297465846,628332.60306564
0.0,0.3922532548214575,384890.68122426
0.0,0.5634444710961861,550614.5428968
0.0,0.41968753191054836,290028.74066179997
0.0,1.0,810299.98958244
0.0,0.41615797986121983,315726.86828891997
0.0,0.5764017252002465,690752.1623839199
0.0,0.5314211129504648,637632.8971524
0.0,0.6831591571012506,865521.13895335
0.0,0.49085100203311066,472016.62607642997
0.0,0.4265559282329766,715604.84909163
0.0,0.5662702392892964,779074.8989517
0.0,0.51573564122738,801123.8247209999
0.0,0.4796510525317656,669148.0387018999
0.0,0.576553471557025,737847.00808911
0.0,0.4649639089394781,455572.9840074
0.0,0.5854497900750224,770509.49821602
0.0,0.49725888865233125,420026.87204352
0.0,0.5376786567219017,800618.6797839501
0.0,0.6726240631513593,999920.22406848
0.0,0.5696489241223103,924529.34579472
0.0,0.7072720822986874,791791.4396489
0.0,0.49781881634433617,163335.98483118
0.0,0.45404279764469335,553023.77817624
0.0,0.5200347800883994,917285.1804474201
0.0,0.4891394195444526,76106.72293544
0.0,0.45105573521019593,634936.7153837
0.0,0.48312205188679247,711708.59423048
0.0,0.48629692167814004,586244.19786968
0.0,0.4349670122525919,706328.7359335
0.0,0.500197769163832,642301.4568426401
0.0,0.44839201503386167,576946.61142657
0.0,0.43624991856146983,492529.37884386006
0.0,0.6011257035647279,708640.9630101
0.0,0.7840574838221699,1526896.5245939
0.0,0.5383090276247963,832157.7272305901
0.0,0.5185527328714395,873112.36962915
0.0,0.41634174311926603,493764.28476759995
0.0,0.5248983614635949,234625.76544295
0.0,0.646351346970532,740619.6993906
0.0,0.37598116169544743,415209.83865216
0.0,0.5089445136947074,564118.9562420801
0.0,0.3592798706240487,113469.55727832
0.0,0.5442622950819672,483270.2685
0.0,0.37055148057593046,395484.09139953
0.0,0.697976633931595,923571.5427865599
0.0,0.3559425847514048,239075.83660662
0.0,0.7077193456806814,681887.39466474
0.0,0.6271643425875216,806354.20126734
0.0,0.49546056991385024,729262.8491382
0.0,0.5172239838570193,910213.98352192
0.0,0.5429922451295631,1010739.27283345
0.0,0.47474362637711526,726796.06658883
0.0,0.5537381374893913,1050533.49793504
0.0,0.5182712906330529,517907.55098745
0.0,0.5554859425170334,1060308.63580456
0.0,0.5305113992888517,376642.42436416
0.0,0.43464265955841674,958495.0553079201
0.0,0.46382692755046656,325278.25074452005
0.0,0.5403508771929825,1099810.4794092001
0.0,0.50815654021079,464633.50985142
0.0,0.5444230027016596,921975.3474031
0.0,0.6473275468250342,342202.15362359997
0.0,0.4645006795676655,732140.21495258
0.0,0.5557096479339364,664851.15274435
0.0,0.46849662987203283,226520.66626815998
0.0,0.41974192673611893,32196.663373069998
0.0,0.6264009962640099,1081818.68692995
0.0,0.6530513098396801,1080649.89613742
0.0,0.3806841279981416,380788.8333929
0.0,0.6633432409044735,1063758.4780498
0.0,0.5683935652342113,757586.8098249
0.0,0.44003871224844154,425828.39747371
0.0,0.7217091798532421,1077139.51255488
0.0,0.3944662297419585,375192.99136592005
0.0,0.46150401809912095,132372.91124583
0.0,0.6853871319520175,1521084.7062652
0.0,0.3607401116858385,219601.09453650002
0.0,0.4273167615904615,274253.57096418
0.0,0.8181099248714907,1408942.76330088
0.0,0.5485761452744532,358450.18435169995
0.0,0.41200181522116336,319955.9229468
0.0,0.4553429998781528,217738.74575635002
0.0,0.47921414896526576,61413.81801812
0.0,0.7146700982686008,870416.04283392
0.0,0.7204198926518786,960469.14221643
0.0,0.6236385110012685,960774.0932647
0.0,0.46594241934518466,572903.00861196
0.0,0.4425793486612684,441078.37791642
0.0,0.7023885013739167,507766.67271954
0.0,0.8728657735749934,517200.29093052
0.0,0.5020796197266786,502455.00004902
0.0,0.49094013850678303,152324.91053548
0.0,1.0,904442.0855384399
0.0,0.3861363047421612,249339.27487619998
0.0,0.8132660418168709,1095841.09082832
0.0,0.36946816547997896,45368.14573135
0.0,0.6367746797287114,799831.3045019399
0.0,0.4107912286961056,276486.30142213
0.0,0.3788771951482979,412372.33362935
0.0,0.4918952096643696,477959.51985219
0.0,0.6332750437172121,550656.0628982399
0.0,0.4632706653342939,99402.7327447
0.0,0.46679469545584307,250607.62383625002
0.0,0.5561064286894728,213071.78771046002
0.0,0.6727272727272727,930691.9767411001
0.0,0.5374699271068979,593526.7818847799
0.0,0.46837469975980783,440924.56431234
0.0,0.38062846135323863,377177.519616
0.0,0.43349787467434525,495893.52144792
0.0,0.484422614993009,577208.14816638
0.0,0.4981344526617363,772566.33701346
0.0,0.5524373696925572,615252.34845179
0.0,0.4517387883556255,660573.50329425
0.0,0.47796653467875844,474505.0525468
0.0,0.7148542540604496,617212.35492084
0.0,0.39546420978029767,458597.34788083995
0.0,0.3877274487030585,634588.63494624
0.0,0.4747363257297032,183355.5404781
0.0,0.5333738057960827,570303.9255113901
0.0,0.41283062581018837,283514.10969293996
0.0,0.4127708694055302,332938.80619062
0.0,0.451638213251806,331533.90691
0.0,0.37433442693486796,323517.38106956
0.0,0.5637744902039185,968566.81640576
0.0,0.4020596380844828,353557.61402481
0.0,0.4464562717304092,279448.89552049997
0.0,0.3608028335301063,86777.9128565
0.0,0.45064965869857415,360931.65431159
0.0,0.42835370077867374,456379.21546863
0.0,0.5422524861607799,859839.63363767
0.0,0.48205919638428046,375527.56636422
0.0,0.3997720991126412,137556.84168044
0.0,0.6862866584056175,532854.83930148
0.0,0.3812067198708195,415985.54062879
0.0,0.4095995860016819,441259.3636809
0.0,0.48616776681747387,704571.2377813
0.0,0.5614300608751219,667082.8473903299
0.0,0.7248600305387916,785150.9294186799
0.0,0.531409405352526,608796.96334632
0.0,0.43144150116738245,341933.22790825
0.0,0.6168172255908922,565802.77866192
0.0,0.4548444976076555,456701.06843040005
0.0,0.5919270363012462,788859.45250676
0.0,0.45409680480860487,677054.7206163
0.0,0.557306446766601,651899.2035442501
0.0,0.4973266464956273,849916.43373951
0.0,0.4834557070658911,458443.88647542
0.0,0.43329918350873925,403025.55706728
0.0,0.4879293695682163,450173.58987735
0.0,0.4739761633067072,686215.77056688
0.0,0.4964747356051704,498502.55866572
0.0,0.5139467778134017,816631.36834944
0.0,0.44228984271128613,253890.08325417002
0.0,0.6095045305571621,826311.621792
0.0,0.4720203591121165,395826.71402005
0.0,0.5520824238190867,753670.5048013
0.0,0.39217124741268633,223448.58317905
0.0,0.5110733915292596,641498.95110432
0.0,0.5026769779892921,543033.13111866
0.0,0.38014430371907226,447002.25089465996
0.0,0.45458992735366777,166318.7652628
0.0,0.4793827971109652,905417.8751462
0.0,0.3835263835263835,-29065.30913904
0.0,0.35242901906379315,109299.70854876
0.0,0.539636174335541,600130.13084535
0.0,0.499095966620306,853807.6369311999
0.0,0.6350972034515022,755844.26288976
0.0,0.591551791346256,697082.44314411
0.0,0.47126089060987414,598817.34253424
0.0,0.523313269248046,643589.39854329
0.0,0.4682495418691738,389608.97101641004
0.0,0.615443555252852,1115367.5356596
0.0,0.5176156647794886,896993.04725576
0.0,0.5051557276086573,866955.47291645
0.0,0.480674990412068,867374.0391254401
0.0,0.49585314928662566,554818.14863376
0.0,0.5046646537978763,805807.5239984901
0.0,0.5041415967406848,458472.08239573997
0.0,0.6060739260739261,795720.4559607501
0.0,0.5139051825270857,846896.80954144
0.0,0.42702587280686144,656479.93981147
0.0,0.49404557031734014,838381.62032142
0.0,0.4753444231754334,409761.42795621
0.0,0.5485164131041961,668709.71561933
0.0,0.5282291379785183,834178.7336
0.0,0.4764299182903834,348731.43049344
0.0,0.6888013505908835,1081630.71683565
0.0,0.550647976725734,589417.54143273
0.0,0.5068719943237064,330480.61830955
0.0,0.5312136487010469,750533.35558032
0.0,0.5229095450959769,763051.88979792
0.0,0.48056152569578586,432711.04500733
0.0,0.477079107505071,895381.4276351
0.0,0.44697120653581746,259688.34404964
0.0,0.5235814679854243,693650.9924175
0.0,0.495632183908046,955433.291022
0.0,0.43719384184744575,373380.56265023997
0.0,0.5126010461245839,988490.66045184
0.0,0.44105188845746557,378578.68101312
0.0,0.48476865923674434,816608.0546658
0.0,0.4653902798232695,232299.63840300002
0.0,0.4669706154963802,257383.41575986
0.0,0.5659585103724069,875363.38605125
0.0,0.47059733144826366,-13927.71762616
0.0,0.49170537491705374,836916.7830665599
0.0,0.4381538050198857,611256.31816167
0.0,0.4210758498993631,409966.54051245
0.0,0.57300231753389,552648.44605479
0.0,0.5475470066998055,676097.52287298
0.0,0.5385857992510463,811864.2162478999
0.0,0.3984858329331337,464164.53430034
0.0,0.42061078794288737,-18646.9322304
0.0,0.6347124117053481,997736.26688136
0.0,0.4780380673499268,413448.55785684
0.0,0.5167359133560525,873871.93638791
0.0,0.4646584440227704,355297.22275824
0.0,0.49606477977902225,788183.74618996
0.0,0.5030372620194088,816997.43274726
0.0,0.42741041743627634,501789.58841471
0.0,0.5504054253280259,542598.46815255
0.0,0.5288353497609031,356388.5300587
0.0,0.4724509952894697,566017.6972162
0.0,0.5105114149750015,553801.3125388
0.0,0.5007022712479874,696547.54450045
0.0,0.4852436758610833,753562.9902637601
0.0,0.4741046985865132,401561.72002481995
0.0,0.5346685310083895,1036871.82301928
0.0,0.5093778116132605,99775.22356305
0.0,0.5492692126355493,739998.1999912501
0.0,0.5016365648621283,142978.94544114
0.0,0.44935344827586204,654062.45556384
0.0,0.5006589502635801,538974.24752528
0.0,0.552765237020316,728161.9018128
0.0,0.5046564513509123,436747.31795396
0.0,0.5037391873729193,662533.49358933
0.0,0.5062911923307369,539750.33284356
0.0,0.46318541548897685,557212.9326044
0.0,0.45050509932814536,189778.55789758
0.0,0.591046864070879,603329.18478456
0.0,0.5029907923919619,486651.81345604
0.0,0.5233743874983446,768374.7294366001
0.0,0.45708109615786907,626356.4887480399
0.0,0.49097744360902257,491208.2329914
0.0,0.6519954904171364,902878.98620425
0.0,0.6022911893355551,918212.3930564
0.0,0.5635152957828031,697800.9553652
0.0,0.5520638435984574,813611.53153176
0.0,0.5216743342188817,682956.1769358399
0.0,0.5023327230851001,544714.26046802
0.0,0.4898864714342544,493104.34101771
0.0,0.43584438212953636,327911.71293353004
0.0,0.38588518149299245,453221.38950816
0.0,0.41394492244827485,455594.43769034004
0.0,0.6141103512721403,956995.868109
0.0,0.5766319555942934,1276815.15686797
0.0,0.4986524424480629,521239.5807584
0.0,0.5280337713300434,611344.83911904
0.0,0.6131707317073171,1294331.424715
0.0,0.5910823879486703,1241589.29292832
0.0,0.5344671043441821,833971.6420186
0.0,0.5620453391981052,1090299.4743453201
0.0,0.4458399576046635,261616.7387196
0.0,0.3915751836643482,325314.55631877
0.0,0.41180990012073315,355543.59417768003
0.0,0.4935605465682425,996494.52427196
