footprint_pressure,spare_cap_x_n_tall_items,n_long_tall_items
0.5506666666666666,48578,0
1.0933333333333333,25833,0
0.6793333333333333,73508,1
0.7673333333333333,52017,1
0.8226666666666667,62595,2
0.9033333333333333,25010,1
0.8766666666666667,14793,0
0.8553333333333333,63130,2
0.6646666666666666,58575,1
0.5986666666666667,0,0
0.564,110890,1
0.84,46376,1
0.966,52095,1
0.7366666666666667,100055,1
0.7053333333333334,49200,1
0.66,67869,1
0.88,62140,1
0.8466666666666667,50536,1
0.998,29640,0
0.48933333333333334,24116,0
0.5406666666666666,63201,1
0.6826666666666666,25752,0
0.6866666666666666,81340,2
0.614,82692,1
0.992,52296,1
0.3006666666666667,67304,0
0.112,0,0
0.7473333333333333,37580,1
0.7946666666666666,21384,0
0.9693333333333334,32844,0
0.9293333333333333,54720,1
0.7853333333333333,55552,1
0.25066666666666665,33976,1
0.6453333333333333,69832,1
1.0533333333333332,22708,0
0.748,89900,1
0.7626666666666667,21912,0
0.9133333333333333,63792,1
1.0433333333333332,17870,1
0.8766666666666667,44276,1
0.72,85910,1
0.9,20925,0
0.8873333333333333,52617,0
1.002,60395,1
0.7613333333333333,65570,1
0.7806666666666666,60724,1
0.8033333333333333,67340,1
1.002,18332,1
0.5113333333333333,51128,1
0.8913333333333333,72732,2
0.668,22836,0
0.6733333333333333,91296,0
0.608,107750,1
0.818,40698,0
0.984,34812,0
0.848,30768,0
0.8446666666666667,15321,0
0.7853333333333333,73824,0
0.8806666666666667,29634,0
0.8866666666666667,20370,0
0.6786666666666666,0,0
0.8446666666666667,71525,1
0.9326666666666666,53068,1
0.7753333333333333,82330,2
0.9,52640,1
1.188,8900,1
1.0486666666666666,44615,1
0.8733333333333333,43730,1
0.6633333333333333,81620,1
0.784,36984,0
0.6133333333333333,80152,1
0.962,29262,1
1.3186666666666667,-37744,1
0.688,88550,1
0.7726666666666666,29376,1
0.6873333333333334,105024,2
0.882,40852,1
0.844,51728,1
0.788,84588,1
0.8626666666666667,61975,0
0.64,73256,1
1.0006666666666666,64316,1
0.8973333333333333,38080,1
0.952,62990,1
0.9613333333333334,30832,1
0.6073333333333333,73143,1
0.7966666666666666,101990,1
0.782,61645,1
0.6933333333333334,64792,1
0.678,19978,1
0.7193333333333334,60039,1
0.7426666666666667,81795,2
0.6453333333333333,48320,0
0.5686666666666667,40140,1
0.08,0,0
0.6773333333333333,67720,1
1.1093333333333333,22134,0
0.7573333333333333,52360,1
0.862,32612,1
0.7246666666666667,57471,1
0.7533333333333333,75936,0
0.8813333333333333,46192,1
0.7086666666666667,33000,1
0.7626666666666667,64028,0
1.0166666666666666,11223,0
0.924,59000,1
0.9846666666666667,11751,0
0.984,23090,1
0.222,0,0
0.13866666666666666,38344,1
0.696,82048,1
0.906,44265,1
1.2246666666666666,-292,1
0.6546666666666666,24954,0
1.0366666666666666,33616,0
0.428,29341,1
0.7526666666666667,93890,1
0.07933333333333334,40954,1
0.844,30230,1
0.77,48366,0
0.7326666666666667,86814,1
0.5966666666666667,41736,1
0.836,67768,1
0.20466666666666666,73574,0
0.19133333333333333,36586,1
0.528,90728,1
0.22933333333333333,0,0
0.5653333333333334,85192,1
0.892,61640,1
0.45666666666666667,48876,1
0.252,0,0
1.118,46410,1
0.3486666666666667,0,0
1.0206666666666666,22494,0
0.316,0,0
0.7853333333333333,17612,0
0.7053333333333334,70912,1
0.7873333333333333,44548,1
0.776,66688,1
0.6053333333333333,60603,1
0.852,80550,1
0.8133333333333334,77016,0
0.716,0,0
0.788,34029,0
0.8,20528,0
0.8713333333333333,56316,0
0.83,56945,1
0.808,64576,1
0.6813333333333333,84770,1
0.732,69200,1
0.844,51408,1
0.5086666666666667,80994,0
0.86,55675,2
0.5173333333333333,105324,0
0.8373333333333334,83025,0
0.6573333333333333,96228,0
0.7893333333333333,72512,1
1.022,10367,0
0.4653333333333333,74730,1
0.9513333333333334,45125,1
0.8673333333333333,29188,1
1.034,30035,1
0.784,54010,2
0.11733333333333333,0,0
0.8026666666666666,42777,0
0.7706666666666667,66455,0
0.9533333333333334,36543,0
0.7693333333333333,63664,1
0.14,0,0
0.9133333333333333,29848,0
0.9686666666666667,13779,0
0.7626666666666667,48015,1
0.834,71245,1
0.6933333333333334,34386,1
0.91,62316,0
0.8846666666666667,81192,1
0.6613333333333333,64900,1
0.8533333333333334,76860,0
1.234,-2640,0
0.586,51626,0
0.6073333333333333,23357,0
1.3313333333333333,-8795,1
0.566,64512,0
0.192,0,0
0.7646666666666667,19161,0
0.794,66105,1
0.228,36288,0
1.1086666666666667,10209,0
0.812,80840,1
0.678,51408,0
0.116,40656,0
0.67,83485,1
0.23666666666666666,0,0
0.75,50084,1
0.7986666666666666,42816,0
0.8313333333333334,43030,0
0.918,41404,1
0.6693333333333333,58584,1
0.21933333333333332,37384,1
0.614,21239,0
1.0506666666666666,31540,0
1.0113333333333334,38773,2
0.6266666666666667,45376,0
0.886,57812,1
0.292,33180,0
1.0846666666666667,16278,0
0.31666666666666665,64838,0
0.5953333333333334,53346,2
0.604,73016,2
0.8726666666666667,43869,0
0.9793333333333333,71955,0
0.6873333333333334,44247,1
0.762,43412,1
0.8953333333333333,50652,0
0.5726666666666667,60282,1
0.682,68640,0
0.496,52514,1
0.622,50552,1
1.2013333333333334,4048,1
0.808,62796,1
0.44466666666666665,78420,1
1.0126666666666666,44916,1
0.548,80973,1
0.9326666666666666,42765,0
0.58,68658,1
0.8493333333333334,48304,1
0.7906666666666666,19818,1
0.7993333333333333,31143,1
0.7873333333333333,67716,1
0.8266666666666667,51596,0
0.8566666666666667,47568,0
0.8166666666666667,37198,0
0.8993333333333333,27076,1
0.8626666666666667,36600,0
0.8173333333333334,53440,1
0.8433333333333334,64765,1
0.8853333333333333,40976,1
0.8026666666666666,0,0
0.8446666666666667,60606,1
0.862,95064,0
1.4046666666666667,-37625,1
0.706,53802,0
1.04,10215,0
0.9046666666666666,58398,1
0.716,66852,1
0.34,64698,1
0.228,73434,1
0.344,97119,1
1.108,17168,1
0.5773333333333334,61626,1
0.994,23380,1
0.9793333333333333,11716,1
0.896,32170,2
0.882,13937,0
0.826,63465,1
0.78,18468,0
0.872,17454,0
0.946,49405,1
0.7786666666666666,16572,0
0.9693333333333334,59860,1
0.8213333333333334,38192,1
0.7173333333333334,47499,1
0.8033333333333333,31622,0
0.8066666666666666,32360,1
0.882,41952,1
1.024,22989,1
0.6593333333333333,61143,1
0.5726666666666667,61617,1
0.9653333333333334,40885,1
0.7613333333333333,67795,1
0.728,78156,1
0.37533333333333335,31099,1
1.206,23635,1
1.428,-27170,1
0.8973333333333333,13244,0
0.558,49716,0
1.104,11469,1
0.4553333333333333,77289,1
0.9966666666666667,52314,1
1.0213333333333334,13602,1
1.2253333333333334,-18690,1
0.8606666666666667,45364,1
0.7086666666666667,89585,1
0.8166666666666667,41920,1
0.7253333333333334,81630,1
0.43333333333333335,28485,1
0.6873333333333334,63537,1
0.882,35262,0
0.5426666666666666,51102,0
1.1193333333333333,9390,1
0.756,69850,1
0.8266666666666667,59332,0
0.7886666666666666,70385,1
1.168,-11664,2
0.6586666666666666,49956,0
1.0106666666666666,21596,1
0.6706666666666666,17631,1
0.7013333333333334,31862,1
0.772,19730,0
1.058,27124,1
1.0293333333333334,31740,0
1.1086666666666667,23304,0
0.572,23370,1
1.0053333333333334,28320,1
0.32,33978,0
0.3526666666666667,33411,0
0.802,56212,1
0.14866666666666667,40763,0
1.1126666666666667,33740,1
0.354,0,0
1.196,2590,1
1.1873333333333334,-13559,2
1.0413333333333334,32880,1
0.6766666666666666,92225,1
0.8926666666666667,43252,1
0.8366666666666667,44367,1
0.7873333333333333,34088,0
0.908,65165,1
0.9446666666666667,23418,0
0.702,52995,1
0.8546666666666667,59955,2
1.0913333333333333,50115,0
0.7106666666666667,0,0
0.748,18996,0
1.0446666666666666,35596,1
0.956,38304,1
0.8553333333333333,48788,1
1.012,35168,1
0.8,66710,1
0.9086666666666666,71414,1
0.6606666666666666,38112,1
0.9,58380,1
1.026,52494,1
0.6666666666666666,80130,2
0.7986666666666666,63868,2
1.0253333333333334,46320,1
0.668,76448,1
1.116,21790,1
0.9273333333333333,34014,1
0.9253333333333333,43680,1
0.7766666666666666,45471,1
0.9046666666666666,15591,0
0.8566666666666667,33951,1
1.26,-20790,2
1.0713333333333332,32690,2
0.5953333333333334,66579,1
0.8073333333333333,62223,0
0.6786666666666666,37376,0
0.5013333333333333,58348,0
1.104,26088,1
1.064,41150,1
1.146,8195,1
1.23,20202,1
0.7753333333333333,64148,1
0.6786666666666666,28554,1
0.964,54342,1
0.974,68856,0
0.988,43460,1
0.7146666666666667,69068,0
0.9153333333333333,49868,1
0.948,50296,1
0.942,35105,1
0.7373333333333333,17368,1
0.7646666666666667,61748,1
1.022,44844,0
0.9553333333333334,42925,1
1.0813333333333333,38020,1
0.9966666666666667,54984,1
0.8373333333333334,59790,1
0.9566666666666667,49685,1
1.0073333333333334,33180,0
0.7993333333333333,48519,1
0.74,20258,0
0.81,51164,1
0.434,0,0
0.3993333333333333,59864,1
1.3306666666666667,-17340,0
0.44133333333333336,27223,1
1.34,-55350,2
0.9726666666666667,27892,1
0.5966666666666667,111425,1
0.7126666666666667,107646,1
1.5766666666666667,-58026,1
0.6913333333333334,50170,0
1.0213333333333334,19950,1
0.474,0,0
1.4433333333333334,-30635,1
1.1233333333333333,14396,1
1.004,39800,1
1.0033333333333334,46524,2
1.1606666666666667,22775,1
0.9026666666666666,52928,0
0.5813333333333334,82264,1
0.872,52284,0
0.7046666666666667,59392,1
0.9253333333333333,59544,0
0.9973333333333333,23504,1
1.03,23932,1
0.8713333333333333,64325,1
0.7473333333333333,19787,0
0.714,85305,1
0.8873333333333333,60490,2
0.704,73210,2
0.9653333333333334,55020,0
0.8993333333333333,50244,1
0.89,35804,1
0.47933333333333333,52184,1
0.6226666666666667,43422,0
0.488,76275,1
1.1613333333333333,-42,1
0.408,87795,1
0.8413333333333334,48595,1
0.7026666666666667,65500,0
0.8826666666666667,44615,0
0.7053333333333334,47584,0
0.85,55470,1
0.77,78510,1
0.7713333333333333,65908,1
0.8646666666666667,72050,1
0.6053333333333333,64020,1
0.9413333333333334,29556,1
1.114,38555,1
0.644,91690,1
0.66,24098,0
1.0073333333333334,22494,1
0.9286666666666666,39834,0
0.604,84324,1
1.0453333333333332,21685,1
0.524,99684,1
0.9326666666666666,67956,1
0.7993333333333333,50433,1
1.2333333333333334,15594,0
0.8173333333333334,36096,1
0.6126666666666667,20245,1
1.216,35730,0
0.9186666666666666,23624,1
0.306,36567,0
0.888,49216,1
0.8653333333333333,58464,0
0.7146666666666667,19680,0
0.7993333333333333,78816,2
0.86,68060,1
0.6213333333333333,39542,1
0.9313333333333333,52115,2
0.43333333333333335,0,0
0.622,46092,0
0.9473333333333334,43484,2
0.702,38412,0
0.8673333333333333,70364,2
1.0866666666666667,17705,0
0.4826666666666667,102868,2
1.168,15696,1
0.456,0,0
1.3726666666666667,-25734,1
1.1506666666666667,35232,1
1.3273333333333333,-7132,1
1.1886666666666668,14619,0
0.64,67554,1
0.984,13086,0
0.18,37548,0
0.8826666666666667,26612,0
1.174,-15568,1
0.7806666666666666,47235,0
0.7886666666666666,81078,2
1.2926666666666666,-15785,1
0.7853333333333333,60736,1
0.5966666666666667,44328,1
0.334,0,0
1.006,53376,0
0.4513333333333333,74190,2
0.876,65300,1
0.5673333333333334,62850,1
0.5606666666666666,67080,0
0.5386666666666666,108705,2
1.0206666666666666,26434,0
0.696,74168,1
0.42,57018,1
1.2253333333333334,20016,0
0.49133333333333334,53510,1
0.5633333333333334,61086,2
0.4246666666666667,54036,1
1.17,-3367,1
0.9653333333333334,38660,1
0.604,86104,1
1.2893333333333334,4888,0
1.312,-4360,1
0.4046666666666667,65698,0
0.6626666666666666,0,0
1.054,57282,1
0.78,58976,1
0.39266666666666666,65276,0
1.2293333333333334,-21637,1
0.26066666666666666,36395,0
1.0973333333333333,3996,1
0.15933333333333333,37114,1
1.074,5729,0
0.498,49176,0
0.8346666666666667,41193,0
1.2566666666666666,-14896,1
0.23333333333333334,35432,0
0.9053333333333333,68920,1
0.744,39348,1
1.4606666666666666,-26635,1
0.256,37086,0
1.0066666666666666,41428,0
0.576,0,0
0.8146666666666667,74260,0
0.5766666666666667,82252,1
0.68,86980,1
1.2386666666666666,24170,1
1.1166666666666667,18256,0
0.8866666666666667,57860,0
0.5166666666666667,56962,0
1.0446666666666666,29661,0
0.792,71154,1
0.698,42890,0
1.3546666666666667,2940,1
0.9286666666666666,28462,0
0.84,33292,0
0.7473333333333333,63327,0
1.0813333333333333,18846,1
0.8593333333333333,49329,1
0.44866666666666666,80184,0
0.928,23088,0
0.22,0,0
1.2506666666666666,-1980,0
1.224,-15645,1
0.3453333333333333,62986,1
0.5526666666666666,0,0
1.318,1795,1
0.5106666666666667,27032,0
1.424,-21832,1
1.0353333333333334,23725,1
0.534,98052,1
1.0886666666666667,18348,2
0.7653333333333333,70735,0
0.804,60444,2
0.8106666666666666,38991,0
0.7393333333333333,40104,1
0.8593333333333333,50223,0
0.622,19977,0
0.928,52288,1
0.4,30138,0
1.15,11644,1
0.928,23319,0
0.7393333333333333,49623,1
0.83,76302,1
1.034,44010,1
0.33066666666666666,30136,1
0.5106666666666667,45368,1
1.0586666666666666,46018,1
0.372,29340,0
1.108,12654,1
1.0086666666666666,41388,2
1.3413333333333333,-52213,1
0.896,39408,1
1.3413333333333333,3300,0
1.48,-35976,1
1.202,18812,1
0.998,40340,1
0.8306666666666667,34612,0
1.54,-49010,1
0.2886666666666667,37193,0
1.22,-304,1
1.0153333333333334,16274,1
0.18866666666666668,76040,0
0.204,0,0
0.47933333333333333,0,0
1.0706666666666667,35020,1
0.25733333333333336,0,0
0.668,38130,0
1.154,12720,0
0.396,29869,1
0.848,34839,0
0.626,65322,0
0.924,22550,1
0.7926666666666666,84606,1
1.0813333333333333,22998,1
0.418,56856,0
1.2613333333333334,-25333,1
0.308,65754,1
1.1453333333333333,4350,1
0.9413333333333334,36642,1
0.628,69453,1
0.7366666666666667,57280,1
0.8326666666666667,74690,1
0.598,62928,0
0.692,55554,1
0.48733333333333334,26731,1
0.7933333333333333,36596,1
1.0353333333333334,36372,0
1.174,12185,1
0.6086666666666667,54934,0
0.5846666666666667,68667,1
0.6593333333333333,18593,0
0.8906666666666667,57824,1
1.1126666666666667,17180,1
1.0453333333333332,12640,0
0.5046666666666667,80187,1
0.7393333333333333,14753,0
0.8106666666666666,73184,1
0.5173333333333333,24914,0
1.0326666666666666,32540,1
0.316,33709,1
0.368,28752,1
1.0726666666666667,16805,1
0.49666666666666665,103588,1
0.9566666666666667,30820,1
0.6126666666666667,107765,1
0.7526666666666667,52348,1
0.8166666666666667,80855,1
0.548,42600,1
1.0213333333333334,55706,1
0.4093333333333333,27956,0
1.16,10416,2
1.1526666666666667,-2395,1
0.4166666666666667,118948,1
1.0366666666666666,15460,1
0.5326666666666666,126965,1
0.8326666666666667,36988,1
0.628,34920,1
0.9413333333333334,82586,1
1.08,41136,2
1.1366666666666667,26619,0
0.758,17289,0
0.808,39748,0
1.034,28250,0
0.7406666666666667,36988,0
1.0353333333333334,34407,0
0.7946666666666666,18299,0
0.8293333333333334,27440,0
0.7366666666666667,19323,0
1.1606666666666667,20769,0
0.9286666666666666,27140,0
0.8853333333333333,29952,0
0.614,23697,0
0.7246666666666667,15561,0
0.5726666666666667,25135,0
0.702,38748,0
0.8306666666666667,16044,0
0.5293333333333333,25369,0
0.9533333333333334,9454,0
0.638,19201,0
0.8053333333333333,36432,0
0.702,16033,0
0.7566666666666667,36978,0
0.7093333333333334,36266,0
0.6913333333333334,21372,0
0.8913333333333333,23372,0
0.9493333333333334,27648,0
0.5253333333333333,0,0
0.8586666666666667,17518,0
0.962,21594,0
0.6446666666666667,40252,0
0.552,54112,0
0.63,22367,0
0.78,36204,0
0.896,27094,0
0.7273333333333334,38976,0
0.9586666666666667,27044,0
1.4553333333333334,-11463,0
0.424,29578,0
1.05,24074,0
0.7093333333333334,0,0
0.9513333333333334,23830,0
0.9166666666666666,43293,0
0.7873333333333333,18390,0
0.716,35466,0
0.9833333333333333,10883,0
0.5853333333333334,47240,0
0.6446666666666667,44284,0
0.9786666666666667,34140,0
0.6073333333333333,24097,0
0.23266666666666666,38081,0
0.7506666666666667,41840,0
0.9373333333333334,10318,0
0.6493333333333333,38456,0
0.6226666666666667,51008,0
0.986,32858,0
0.6606666666666666,40108,0
0.7346666666666667,46016,0
0.9713333333333334,16892,0
1.136,4182,0
0.7126666666666667,57873,0
0.882,13863,0
0.7493333333333333,54855,0
0.698,20972,0
0.8633333333333333,23808,0
0.9713333333333334,37863,0
0.8006666666666666,18171,0
1.196,-6099,0
0.44666666666666666,27551,0
0.986,25636,0
0.9266666666666666,28592,0
0.6713333333333333,22945,0
0.63,24383,0
0.38533333333333336,31777,0
0.5306666666666666,53288,0
1.328,1016,0
0.9673333333333334,26134,0
0.836,23552,0
0.5873333333333334,43422,0
0.9453333333333334,11491,0
1.0426666666666666,30684,0
0.7353333333333333,19777,0
0.44066666666666665,30521,0
0.7413333333333333,42128,0
0.9326666666666666,46749,0
0.906,32116,0
0.5266666666666666,24311,0
0.8806666666666667,31748,0
0.664,21244,0
0.9273333333333333,21504,0
0.9093333333333333,26656,0
0.6366666666666667,23983,0
0.6526666666666666,21895,0
0.6273333333333333,23005,0
1.0046666666666666,43576,0
0.8846666666666667,10761,0
1.1653333333333333,3076,0
0.504,26799,0
0.638,41052,0
0.9533333333333334,25590,0
1.0566666666666666,23274,0
0.958,23030,0
0.7573333333333333,41040,0
0.6266666666666667,40630,0
0.8266666666666667,25820,0
0.86,14677,0
0.5693333333333334,44936,0
0.686,16897,0
1.066,26378,0
0.7606666666666667,48174,0
0.7686666666666667,38406,0
1.12,15812,0
1.104,13508,0
0.198,37575,0
0.5213333333333333,49544,0
0.558,47532,0
0.9533333333333334,11470,0
0.7826666666666666,41408,0
0.7246666666666667,33772,0
0.7026666666666667,44528,0
0.7233333333333334,19542,0
0.9073333333333333,12433,0
0.7773333333333333,14259,0
0.7393333333333333,42516,0
0.9013333333333333,32256,0
0.7826666666666666,17682,0
0.536,24969,0
0.8693333333333333,34128,0
1.016,10406,0
1.1766666666666667,6586,0
0.5806666666666667,46588,0
0.584,24484,0
1.0153333333333334,21526,0
0.616,51808,0
0.8146666666666667,39536,0
0.8773333333333333,39621,0
0.19133333333333333,39519,0
0.8886666666666667,35214,0
0.7293333333333333,17716,0
0.596,28046,0
0.5106666666666667,26399,0
0.702,41836,0
0.8346666666666667,30284,0
0.8666666666666667,28924,0
0.9593333333333334,14260,0
1.122,11406,0
0.08,0,0
0.9693333333333334,9182,0
0.846,29932,0
0.664,21044,0
0.73,16364,0
1.1786666666666668,26,0
1.2973333333333332,3504,0
0.98,20108,0
0.782,36268,0
0.868,43512,0
0.8026666666666666,38262,0
0.824,16244,0
0.794,17599,0
0.8546666666666667,44040,0
0.914,39606,0
0.6293333333333333,20538,0
0.6866666666666666,41584,0
0.8693333333333333,31040,0
0.666,19532,0
0.848,12316,0
0.7006666666666667,20038,0
0.9466666666666667,27840,0
0.8166666666666667,16083,0
0.7633333333333333,36766,0
0.5766666666666667,51798,0
0.874,34762,0
0.734,40876,0
0.8393333333333334,28182,0
0.6253333333333333,23265,0
1.07,7243,0
0.5513333333333333,51420,0
0.6066666666666667,22751,0
0.6433333333333333,0,0
0.15266666666666667,0,0
0.9506666666666667,21138,0
0.6226666666666667,47920,0
1.0306666666666666,31053,0
0.5426666666666666,24178,0
0.8713333333333333,13379,0
0.7273333333333334,39126,0
0.7113333333333334,36822,0
0.6953333333333334,40998,0
0.834,26542,0
0.8933333333333333,46536,0
0.75,37378,0
0.622,45228,0
0.9353333333333333,28006,0
0.858,16172,0
0.6866666666666666,19511,0
0.62,19958,0
0.94,31728,0
0.7666666666666667,0,0
0.9006666666666666,42813,0
0.8346666666666667,17438,0
0.9866666666666667,16220,0
0.912,10889,0
0.8826666666666667,12822,0
0.796,0,0
0.6593333333333333,21476,0
0.8393333333333334,31664,0
0.844,33722,0
0.696,20169,0
0.7753333333333333,37606,0
0.77,32878,0
0.2673333333333333,0,0
1.2226666666666666,10965,0
1.0166666666666666,16186,0
0.6813333333333333,39944,0
0.892,29114,0
0.8326666666666667,32070,0
0.9413333333333334,39624,0
0.24666666666666667,0,0
0.572,22262,0
1.02,25248,0
0.9846666666666667,24270,0
0.9486666666666667,35901,0
1.11,6928,0
1.074,14682,0
0.8553333333333333,31126,0
0.9573333333333334,17250,0
0.976,8982,0
0.996,29535,0
1.0146666666666666,20404,0
0.6886666666666666,44886,0
0.8046666666666666,30652,0
0.7073333333333334,19838,0
0.768,32664,0
0.8273333333333334,29708,0
0.798,34540,0
0.8093333333333333,34374,0
0.718,15961,0
0.9206666666666666,33774,0
0.738,49590,0
0.7593333333333333,16050,0
0.6933333333333334,19111,0
0.7293333333333333,35336,0
0.7186666666666667,42800,0
0.8526666666666667,51429,0
0.6546666666666666,20447,0
0.8346666666666667,51996,0
0.758,19305,0
0.9006666666666666,14377,0
0.7913333333333333,33430,0
0.7893333333333333,0,0
0.3313333333333333,0,0
0.7433333333333333,38028,0
0.7773333333333333,15878,0
0.52,25436,0
0.826,35236,0
0.632,21321,0
0.9006666666666666,44517,0
0.8826666666666667,45084,0
1.0373333333333334,25221,0
0.47,29183,0
1.0806666666666667,14282,0
0.8846666666666667,24172,0
0.832,33430,0
0.648,21316,0
0.7333333333333333,33186,0
0.8006666666666666,16155,0
0.8133333333333334,49125,0
0.694,21215,0
0.9873333333333333,41319,0
0.7106666666666667,34130,0
0.606,42924,0
0.828,33916,0
0.7733333333333333,0,0
0.8673333333333333,38650,0
0.956,0,0
0.9213333333333333,28084,0
0.632,22180,0
0.844,33900,0
0.8513333333333334,31418,0
1.0846666666666667,3504,0
0.7666666666666667,42624,0
0.9853333333333333,8774,0
1.072,18900,0
0.472,26121,0
1.0606666666666666,30117,0
0.95,16528,0
0.7973333333333333,26850,0
0.836,43935,0
0.7086666666666667,37948,0
0.9693333333333334,9382,0
0.8626666666666667,30896,0
1.0126666666666666,37029,0
0.638,44140,0
0.8106666666666666,26412,0
0.7613333333333333,14555,0
0.81,34294,0
0.752,15689,0
0.9353333333333333,12521,0
0.412,28664,0
0.9613333333333334,12796,0
0.5726666666666667,26350,0
0.6293333333333333,47520,0
0.9346666666666666,23796,0
0.422,31487,0
0.16666666666666666,0,0
0.568,24489,0
0.7066666666666667,40040,0
0.5866666666666667,28548,0
0.3953333333333333,0,0
0.8146666666666667,38016,0
1.12,14292,0
1.0126666666666666,7976,0
1.0873333333333333,10394,0
1.114,21770,0
0.8246666666666667,38670,0
1.168,11204,0
0.7986666666666666,37232,0
0.8626666666666667,34928,0
0.52,23817,0
0.886,22864,0
0.938,30244,0
0.6013333333333334,43064,0
0.6793333333333333,41264,0
0.9966666666666667,33573,0
0.8706666666666667,24564,0
0.796,56004,0
0.8026666666666666,36776,0
0.814,55437,0
0.552,22881,0
0.9626666666666667,40404,0
0.5446666666666666,0,0
0.7173333333333334,16802,0
0.8166666666666667,31892,0
1.122,8168,0
0.476,25496,0
1.03,36248,0
0.23066666666666666,0,0
0.8893333333333333,12622,0
1.2766666666666666,2488,0
0.8093333333333333,52083,0
0.5126666666666667,54896,0
0.7453333333333333,61587,0
0.4673333333333333,27805,0
0.4033333333333333,28957,0
1.104,25899,0
0.8373333333333334,14719,0
1.062,20403,0
0.17266666666666666,39005,0
1.062,13254,0
0.6926666666666667,35644,0
0.7186666666666667,17681,0
0.772,53439,0
0.9226666666666666,16366,0
0.652,37770,0
0.8233333333333334,15683,0
0.7753333333333333,38006,0
0.922,27940,0
0.9553333333333334,44127,0
0.6366666666666667,23182,0
0.7526666666666667,38228,0
0.5993333333333334,20850,0
0.5946666666666667,50984,0
0.4033333333333333,30973,0
1.168,16395,0
1.0626666666666666,25365,0
0.49266666666666664,26831,0
0.9806666666666667,39837,0
1.2406666666666666,4282,0
0.3993333333333333,0,0
0.68,20636,0
0.8713333333333333,30310,0
0.30533333333333335,0,0
0.064,0,0
0.8806666666666667,14931,0
0.7253333333333334,39824,0
0.44866666666666666,27658,0
1.4206666666666667,-15285,0
0.42,30267,0
1.0786666666666667,25347,0
1.012,28437,0
0.43866666666666665,0,0
0.994,40119,0
0.9346666666666666,41997,0
0.44,27951,0
0.6406666666666667,49494,0
1.4146666666666667,-6264,0
1.182,3787,0
0.7166666666666667,20743,0
0.7566666666666667,33340,0
1.0033333333333334,16460,0
0.9093333333333333,19938,0
0.67,40620,0
0.7233333333333334,21156,0
0.536,28970,0
0.8626666666666667,13289,0
0.604,50380,0
0.9613333333333334,15030,0
0.8526666666666667,26044,0
1.0953333333333333,12740,0
1.2066666666666668,8532,0
0.664,19425,0
0.8966666666666666,25012,0
0.656,19012,0
0.8946666666666667,32468,0
0.562,78297,0
0.7793333333333333,14366,0
1.384,-25503,0
0.402,0,0
1.0133333333333334,21312,0
0.408,29289,0
0.424,32426,0
0.8173333333333334,19422,0
1.046,6176,0
0.85,46383,0
0.7933333333333333,36102,0
0.6286666666666667,41980,0
0.7333333333333333,57447,0
0.7906666666666666,50541,0
0.6846666666666666,20878,0
0.6133333333333333,40442,0
0.7386666666666667,15595,0
0.666,41076,0
0.5133333333333333,24217,0
0.734,39058,0
0.6626666666666666,56616,0
0.8326666666666667,0,0
0.6353333333333333,38814,0
0.778,39844,0
0.5626666666666666,45736,0
0.782,34118,0
0.908,28368,0
0.6593333333333333,22308,0
0.702,18049,0
0.7733333333333333,0,0
0.7573333333333333,0,0
0.942,12939,0
0.8486666666666667,31622,0
0.6706666666666666,20844,0
1.0153333333333334,9747,0
0.96,25412,0
0.606,46956,0
0.5466666666666666,49912,0
1.0886666666666667,21402,0
0.99,21158,0
0.8333333333333334,16963,0
0.674,61881,0
0.7746666666666666,53133,0
0.8413333333333334,34104,0
0.974,11185,0
0.906,35978,0
1.0726666666666667,25578,0
1.0013333333333334,36396,0
0.974,25334,0
0.9733333333333334,32445,0
0.21666666666666667,0,0
0.57,0,0
0.9226666666666666,15468,0
0.9493333333333334,23616,0
0.6713333333333333,20929,0
1.3153333333333332,5208,0
1.122,17439,0
0.6113333333333333,21853,0
0.7346666666666667,17207,0
1.002,28682,0
0.7886666666666666,14409,0
1.2126666666666666,6027,0
1.2686666666666666,10395,0
0.522,0,0
1.182,21315,0
0.6086666666666667,0,0
1.0326666666666666,18490,0
1.574,-25191,0
0.21666666666666667,0,0
0.542,49260,0
0.9653333333333334,25920,0
0.43333333333333335,27457,0
1.074,30399,0
0.12333333333333334,0,0
0.4826666666666667,52216,0
0.408,28887,0
1.0993333333333333,26109,0
0.8573333333333333,29766,0
1.1526666666666667,19098,0
0.786,42678,0
1.0813333333333333,26676,0
0.7586666666666667,29522,0
0.8373333333333334,34560,0
0.08666666666666667,0,0
0.7973333333333333,47943,0
0.71,21609,0
0.6686666666666666,23047,0
0.8386666666666667,43629,0
0.6546666666666666,49136,0
0.8213333333333334,38736,0
0.686,36444,0
0.8786666666666667,33200,0
0.622,42780,0
0.586,20756,0
0.6246666666666667,43952,0
0.9606666666666667,25268,0
0.92,16468,0
0.722,52182,0
0.588,43302,0
0.8473333333333334,25536,0
0.7133333333333334,17025,0
0.8626666666666667,14908,0
0.9946666666666667,37596,0
0.5993333333333334,46812,0
0.7326666666666667,19879,0
0.792,18401,0
0.8166666666666667,35130,0
0.8273333333333334,55719,0
1.01,33855,0
0.472,27735,0
1.0173333333333334,30132,0
0.522,0,0
1.058,14504,0
0.866,10324,0
0.5606666666666666,22186,0
1.0526666666666666,34360,0
0.208,0,0
1.2513333333333334,9816,0
0.908,27564,0
0.6753333333333333,20701,0
0.42866666666666664,29141,0
1.1426666666666667,21891,0
0.7986666666666666,16055,0
0.9553333333333334,39285,0
0.642,0,0
0.3313333333333333,0,0
0.5753333333333334,26793,0
1.2153333333333334,3914,0
1.2793333333333334,1610,0
0.064,0,0
0.048,0,0
1.0246666666666666,22964,0
0.25133333333333335,0,0
0.9113333333333333,19200,0
1.054,18854,0
0.8213333333333334,16346,0
0.8073333333333333,35734,0
0.5493333333333333,22734,0
0.6206666666666667,0,0
0.49533333333333335,28017,0
0.774,18441,0
0.9273333333333333,33030,0
0.9013333333333333,28224,0
0.8853333333333333,32400,0
0.6046666666666667,0,0
0.47933333333333333,28881,0
0.9433333333333334,30438,0
0.7746666666666666,31826,0
0.7906666666666666,27650,0
0.658,39814,0
0.8913333333333333,8894,0
0.8826666666666667,31228,0
0.8186666666666667,27674,0
0.68,0,0
0.722,31534,0
0.868,37464,0
0.6993333333333334,36510,0
0.812,15607,0
0.5333333333333333,23598,0
0.962,20972,0
0.5653333333333334,22662,0
0.8906666666666667,29487,0
0.766,27040,0
0.8153333333333334,36513,0
0.7546666666666667,19134,0
0.7406666666666667,29900,0
0.8033333333333333,0,0
0.6366666666666667,0,0
0.5546666666666666,26539,0
0.518,27545,0
0.6226666666666667,51408,0
0.664,48532,0
0.6726666666666666,17116,0
0.886,37344,0
0.902,34752,0
0.7773333333333333,30550,0
0.8666666666666667,31244,0
0.7586666666666667,33554,0
0.65,19604,0
1.0353333333333334,29565,0
0.6246666666666667,21034,0
0.5493333333333333,24750,0
1.1426666666666667,10836,0
0.49533333333333335,30033,0
0.9446666666666667,29444,0
1.1266666666666667,15012,0
0.5113333333333333,27945,0
0.458,0,0
0.75,13729,0
0.9253333333333333,39357,0
0.7426666666666667,14970,0
0.4493333333333333,30996,0
0.776,18548,0
0.884,37023,0
0.5433333333333333,0,0
0.2966666666666667,0,0
1.3633333333333333,-12072,0
1.2993333333333332,600,0
1.0793333333333333,15190,0
0.4086666666666667,0,0
0.3446666666666667,0,0
1.252,4800,0
0.5993333333333334,47616,0
1.3753333333333333,-9138,0
0.476,56908,0
0.9513333333333334,9354,0
0.7046666666666667,17794,0
1.0193333333333334,35829,0
0.7633333333333333,33562,0
1.246,17859,0
0.5833333333333334,24017,0
1.0626666666666666,17316,0
0.6946666666666667,35858,0
0.7846666666666666,17019,0
0.48533333333333334,25902,0
1.01,16364,0
0.5566666666666666,0,0
0.9386666666666666,22575,0
0.43133333333333335,31185,0
1.064,5798,0
0.8453333333333334,22242,0
0.95,27840,0
0.928,27684,0
0.9913333333333333,23526,0
0.9693333333333334,24808,0
1.0053333333333334,12642,0
0.8226666666666667,27218,0
0.8386666666666667,23042,0
0.7293333333333333,20564,0
0.666,17516,0
0.8746666666666667,32079,0
0.7813333333333333,28578,0
0.9413333333333334,18978,0
0.9406666666666667,15090,0
0.882,21934,0
0.7153333333333334,32334,0
0.6833333333333333,36954,0
0.6406666666666667,18946,0
0.8373333333333334,14177,0
0.718,37966,0
0.748,21078,0
0.89,28746,0
1.0,12134,0
0.678,22745,0
0.7933333333333333,30534,0
0.7893333333333333,19640,0
0.8326666666666667,12316,0
0.732,17462,0
0.6206666666666667,0,0
0.506,0,0
1.1166666666666667,21688,0
0.23266666666666666,0,0
1.0686666666666667,30904,0
0.3446666666666667,0,0
1.3153333333333332,-2856,0
0.2806666666666667,0,0
0.6633333333333333,41280,0
0.764,17168,0
0.896,41163,0
0.5173333333333333,23592,0
1.184,4870,0
0.996,29586,0
1.0546666666666666,22868,0
0.946,22700,0
0.8866666666666667,25656,0
0.6766666666666666,40842,0
0.6473333333333333,18546,0
0.8266666666666667,41778,0
0.752,33410,0
0.8586666666666667,21804,0
0.6786666666666666,18138,0
0.7206666666666667,43014,0
0.9393333333333334,18764,0
0.488,28426,0
1.172,7389,0
1.4273333333333333,-16680,0
1.124,14301,0
1.188,14304,0
0.7086666666666667,40254,0
1.1426666666666667,15843,0
1.2066666666666668,12387,0
0.7726666666666666,33918,0
0.5813333333333334,22440,0
0.2846666666666667,33935,0
1.1286666666666667,16182,0
0.896,24626,0
0.764,37152,0
0.9993333333333333,43179,0
0.6386666666666667,0,0
0.8713333333333333,14139,0
0.568,56416,0
0.914,36879,0
0.5133333333333333,27828,0
1.0646666666666667,25686,0
1.0166666666666666,32598,0
0.6433333333333333,20023,0
0.6913333333333334,47124,0
0.9686666666666667,14654,0
0.6013333333333334,22497,0
0.894,23174,0
1.3406666666666667,-2120,0
0.31933333333333336,0,0
0.25133333333333335,0,0
1.4086666666666667,-20580,0
0.4786666666666667,25330,0
0.6086666666666667,21256,0
0.7206666666666667,15784,0
0.7746666666666666,36600,0
0.9333333333333333,32224,0
0.7046666666666667,19339,0
0.7746666666666666,29378,0
0.31533333333333335,0,0
0.992,18134,0
0.582,26393,0
1.056,18116,0
1.236,5466,0
1.2293333333333334,9765,0
0.43066666666666664,27634,0
0.7453333333333333,35014,0
0.754,59607,0
0.826,14260,0
0.5746666666666667,55616,0
0.866,43191,0
1.3226666666666667,-5454,0
0.6333333333333333,42632,0
0.9466666666666667,25626,0
0.5593333333333333,25641,0
1.0086666666666666,27882,0
0.9893333333333333,20176,0
0.7633333333333333,30474,0
1.318,-6882,0
0.5886666666666667,26287,0
0.722,35566,0
0.858,32692,0
0.9066666666666666,39504,0
0.6733333333333333,20961,0
0.6886666666666666,18016,0
0.8566666666666667,25598,0
0.7233333333333334,42660,0
0.8646666666666667,13779,0
0.896,46005,0
1.0633333333333332,7643,0
0.47733333333333333,0,0
0.8213333333333334,34704,0
0.81,35226,0
0.8553333333333333,56355,0
1.102,31035,0
0.49066666666666664,0,0
0.6753333333333333,52042,0
0.9626666666666667,9430,0
1.3433333333333333,-11172,0
0.23666666666666666,37853,0
1.1033333333333333,1444,0
0.472,30122,0
0.5833333333333334,22473,0
0.992,16742,0
0.8073333333333333,13746,0
0.7726666666666666,61149,0
0.618,19820,0
0.9573333333333334,22048,0
0.63,24849,0
0.44266666666666665,32940,0
1.1953333333333334,5022,0
0.7686666666666667,38102,0
0.736,15772,0
0.716,39436,0
0.944,20950,0
0.6893333333333334,24500,0
0.262,36423,0
0.9053333333333333,8147,0
0.67,45394,0
1.1966666666666668,2520,0
0.38333333333333336,33289,0
0.752,34392,0
0.828,33866,0
0.8053333333333333,18042,0
0.6353333333333333,42846,0
0.9446666666666667,25412,0
0.5693333333333334,48968,0
1.0106666666666666,19290,0
0.6773333333333333,19975,0
0.9026666666666666,42462,0
0.798,55653,0
0.7433333333333333,16914,0
0.8366666666666667,51645,0
1.088,31908,0
0.3506666666666667,30874,0
0.7506666666666667,15673,0
0.8093333333333333,17324,0
0.6133333333333333,20358,0
0.9466666666666667,12639,0
0.606,48482,0
0.974,19776,0
1.1973333333333334,10230,0
0.38266666666666665,30719,0
1.37,-10340,0
0.21,0,0
0.6546666666666666,45104,0
0.9166666666666666,41925,0
0.75,62565,0
0.86,11918,0
0.7026666666666667,44928,0
1.0326666666666666,11846,0
0.5273333333333333,0,0
0.748,18775,0
0.5273333333333333,0,0
0.976,8513,0
1.0666666666666667,21207,0
0.7753333333333333,15978,0
0.32133333333333336,32929,0
1.1306666666666667,17751,0
0.4493333333333333,28212,0
0.6953333333333334,19218,0
0.8846666666666667,44733,0
0.7913333333333333,41446,0
0.862,25150,0
0.6706666666666666,20375,0
0.9253333333333333,34998,0
0.5973333333333334,46748,0
1.5093333333333334,-21176,0
0.5813333333333334,51728,0
0.536,27356,0
0.7086666666666667,64605,0
0.562,0,0
0.9453333333333334,57552,0
1.04,5345,0
0.686,72069,0
0.8213333333333334,13567,0
0.504,29186,0
0.68,19017,0
0.5813333333333334,0,0
0.54,54604,0
0.7406666666666667,66639,0
0.7666666666666667,15377,0
0.508,58264,0
0.9993333333333333,16916,0
0.8766666666666667,13633,0
1.318,-13564,0
0.338,0,0
0.9733333333333334,24352,0
0.6566666666666666,45318,0
0.6766666666666666,70095,0
1.072,3515,0
0.82,0,0
0.7486666666666667,15566,0
0.7213333333333334,0,0
0.8746666666666667,63760,0
0.7473333333333333,60807,0
0.8013333333333333,15883,0
0.766,62349,0
0.8233333333333334,25574,0
0.9486666666666667,8161,0
0.796,13322,0
0.784,62421,0
0.7073333333333334,18871,0
0.8,56157,0
0.8346666666666667,29084,0
0.6726666666666666,46096,0
0.876,26208,0
0.6313333333333333,48972,0
0.7713333333333333,17238,0
0.7,33162,0
0.6,20577,0
0.9073333333333333,51039,0
0.7113333333333334,36672,0
0.7526666666666667,33796,0
0.7546666666666667,41384,0
0.97,11102,0
0.8986666666666666,20890,0
1.024,5819,0
0.7986666666666666,14441,0
0.7086666666666667,69447,0
0.7826666666666666,16529,0
0.5973333333333334,50780,0
0.9513333333333334,21524,0
0.954,11966,0
0.8826666666666667,22618,0
1.008,6683,0
0.8553333333333333,11844,0
0.7826666666666666,15305,0
0.7246666666666667,66855,0
0.7406666666666667,60591,0
0.894,26128,0
0.6133333333333333,49052,0
0.9353333333333333,23252,0
0.572,51928,0
0.8753333333333333,25100,0
0.632,50080,0
0.9313333333333333,12438,0
0.86,23562,0
0.9853333333333333,7155,0
0.76,15777,0
0.7473333333333333,65439,0
0.744,17865,0
0.7633333333333333,59175,0
0.636,48108,0
0.9126666666666666,24196,0
0.8946666666666667,13444,0
0.912,56622,0
0.8006666666666666,42230,0
0.7593333333333333,45106,0
0.8193333333333334,43258,0
0.8406666666666667,72868,0
0.8566666666666667,64516,0
0.7293333333333333,61374,0
0.874,0,0
0.8253333333333334,11955,0
0.966,40773,0
0.8546666666666667,31664,0
0.8133333333333334,34540,0
0.8713333333333333,10980,0
0.8133333333333334,56256,0
0.8293333333333334,49992,0
0.702,41986,0
0.6486666666666666,0,0
0.9233333333333333,44775,0
0.7246666666666667,63183,0
0.7666666666666667,17393,0
0.982,34509,0
0.76,17321,0
0.8713333333333333,27072,0
0.706,65121,0
0.556,53656,0
0.688,65688,0
0.6606666666666666,44862,0
0.7413333333333333,16807,0
0.816,28056,0
0.748,62916,0
0.8733333333333333,32692,0
1.0,8987,0
1.3053333333333332,-2875,0
0.6966666666666667,0,0
0.474,26228,0
1.026,5926,0
0.63,22073,0
0.9353333333333333,10211,0
1.254,-7228,0
0.402,0,0
0.7686666666666667,15484,0
0.8873333333333333,12515,0
1.138,454,0
0.8586666666666667,72112,0
0.7946666666666666,76720,0
0.904,12929,0
0.37066666666666664,63160,0
1.1366666666666667,12020,0
0.5253333333333333,0,0
0.918,58136,0
0.5893333333333334,0,0
0.7806666666666666,17575,0
0.494,53868,0
1.2286666666666666,19768,0
0.2786666666666667,0,0
1.1646666666666667,24376,0
0.3426666666666667,0,0
0.9733333333333334,34725,0
1.2766666666666666,10552,0
0.23066666666666666,0,0
1.2126666666666666,15160,0
1.0213333333333334,27813,0
0.486,28319,0
1.0853333333333333,18309,0
0.848,60078,0
0.782,14809,0
0.6566666666666666,51014,0
0.9733333333333334,18656,0
1.206,7227,0
1.092,46552,0
0.538,0,0
1.028,51160,0
0.8366666666666667,54813,0
1.3973333333333333,-896,0
1.3333333333333333,3712,0
1.142,19227,0
0.5686666666666667,0,0
0.9386666666666666,59152,0
0.864,52701,0
0.7886666666666666,59727,0
0.7026666666666667,18545,0
0.8046666666666666,57135,0
1.018,8798,0
0.992,46902,0
0.9466666666666667,16282,0
0.9206666666666666,59908,0
1.046,31053,0
0.9193333333333333,8676,0
0.6606666666666666,76359,0
0.8466666666666667,12137,0
0.8306666666666667,14225,0
0.5493333333333333,55388,0
0.958,19792,0
0.746,18668,0
0.8,13385,0
0.5746666666666667,22007,0
0.5586666666666666,24095,0
0.9486666666666667,40485,0
0.686,39532,0
0.8213333333333334,35648,0
0.7273333333333334,36656,0
0.8206666666666667,31778,0
0.7493333333333333,45696,0
0.8746666666666667,21212,0
0.874,32548,0
0.7606666666666667,50961,0
0.7466666666666667,20603,0
0.802,46647,0
0.7053333333333334,22041,0
0.584,22665,0
0.796,38508,0
0.88,28822,0
0.934,18256,0
0.7086666666666667,35500,0
0.7986666666666666,39680,0
0.6926666666666667,39676,0
0.8146666666666667,35504,0
0.82,46527,0
0.6873333333333334,22081,0
0.8613333333333333,42213,0
0.646,23519,0
0.8746666666666667,18670,0
0.8333333333333334,20108,0
0.6746666666666666,36022,0
0.8086666666666666,41262,0
0.9146666666666666,47316,0
0.9306666666666666,41052,0
0.8033333333333333,36026,0
0.762,38902,0
1.04,22292,0
0.648,23332,0
0.8873333333333333,14825,0
0.8873333333333333,32614,0
0.7346666666666667,19986,0
0.858,36724,0
0.9033333333333333,28438,0
0.9286666666666666,13387,0
0.78,38524,0
0.926,22864,0
1.2313333333333334,-860,0
0.6226666666666667,23314,0
0.8026666666666666,32156,0
1.108,8432,0
1.132,3405,0
0.952,16742,0
0.6466666666666666,40466,0
1.18,-3507,0
0.582,24377,0
1.244,-13011,0
0.8686666666666667,50205,0
0.6386666666666667,20855,0
0.6773333333333333,44432,0
0.83,30748,0
0.44466666666666665,29135,0
0.4513333333333333,26653,0
0.992,36267,0
0.5153333333333333,25501,0
0.8006666666666666,35140,0
0.9393333333333334,39303,0
0.534,26015,0
0.7666666666666667,38192,0
0.2946666666666667,0,0
0.7886666666666666,32380,0
0.922,35162,0
0.7306666666666667,23062,0
0.498,0,0
1.166,27579,0
0.602,0,0
0.9106666666666666,31652,0
1.026,19290,0
1.4713333333333334,-8007,0
1.216,7928,0
0.49466666666666664,25247,0
0.944,22486,0
0.18,37764,0
0.8726666666666667,31758,0
0.998,11920,0
0.7726666666666666,29164,0
0.6233333333333333,25249,0
0.582,26687,0
0.9253333333333333,32709,0
0.372,30015,0
0.5953333333333334,68721,0
0.8126666666666666,72896,0
0.7093333333333334,14206,0
0.8946666666666667,33312,0
0.806,49455,0
0.616,22449,0
0.9433333333333334,29217,0
0.654,64107,0
0.6593333333333333,56433,0
1.11,23908,0
0.6153333333333333,0,0
0.7366666666666667,54615,0
0.946,39132,0
0.5986666666666667,24515,0
1.2466666666666666,33726,0
0.8973333333333333,37122,0
0.6426666666666667,47622,0
0.6966666666666667,60627,0
1.0566666666666666,52895,0
0.7353333333333333,81324,0
0.9933333333333333,48795,0
0.25533333333333336,0,0
1.0113333333333334,41784,0
0.952,26292,0
0.774,14733,0
0.8793333333333333,41505,0
0.944,46980,0
0.12866666666666668,0,0
0.7033333333333334,87792,0
1.094,19629,0
1.1373333333333333,56070,0
0.8713333333333333,32698,0
0.838,35118,0
0.9533333333333334,27106,0
1.168,17418,0
0.918,28638,0
0.8526666666666667,33050,0
0.8173333333333334,70140,0
0.9586666666666667,45100,0
0.6373333333333333,17158,0
0.9266666666666666,55244,0
1.2193333333333334,9012,0
0.7886666666666666,52260,0
0.3913333333333333,0,0
0.9313333333333333,11502,0
0.572,20952,0
0.8986666666666666,63032,0
0.9153333333333333,73585,0
0.5233333333333333,22595,0
0.5706666666666667,0,0
0.7553333333333333,38026,0
0.502,26862,0
0.6053333333333333,75930,0
0.20866666666666667,0,0
0.37066666666666664,0,0
0.8726666666666667,49732,0
0.5873333333333334,50842,0
0.44333333333333336,25835,0
0.664,20721,0
0.7686666666666667,51771,0
0.696,19209,0
0.32266666666666666,0,0
0.45666666666666667,88239,0
1.0913333333333333,41646,0
0.854,51165,0
0.654,20565,0
0.6693333333333333,45250,0
0.822,56016,0
0.48933333333333334,28239,0
0.32266666666666666,0,0
0.238,0,0
0.9926666666666667,31012,0
0.736,17769,0
0.9473333333333334,47268,0
0.99,42628,0
0.862,58164,0
0.44666666666666666,62040,0
0.5286666666666666,56448,0
0.534,25245,0
0.8986666666666666,38199,0
0.926,35415,0
0.4886666666666667,0,0
0.17533333333333334,0,0
0.77,52677,0
1.374,-14598,0
0.652,69840,0
0.57,20045,0
0.368,70164,0
0.9306666666666666,33348,0
1.138,20704,0
0.2846666666666667,0,0
1.05,32790,0
0.448,25146,0
0.71,34938,0
1.046,24813,0
1.1646666666666667,20391,0
0.082,0,0
0.12666666666666668,0,0
0.9666666666666667,25352,0
0.04666666666666667,0,0
0.6653333333333333,40926,0
0.9226666666666666,27260,0
0.6113333333333333,23138,0
0.7546666666666667,40076,0
0.404,0,0
0.7906666666666666,55888,0
0.7446666666666667,17566,0
1.0466666666666666,18872,0
0.486,79893,0
0.422,30565,0
1.0,23046,0
0.798,37998,0
0.742,62460,0
0.7086666666666667,67300,0
0.662,75420,0
0.7606666666666667,39542,0
0.8086666666666666,36086,0
0.776,57768,0
0.55,25134,0
0.824,109980,0
0.83,64632,0
0.6133333333333333,91184,0
0.444,0,0
0.956,22668,0
0.598,0,0
0.44866666666666666,63854,0
0.978,9472,0
0.924,55890,0
1.1426666666666667,7806,0
0.9753333333333334,39480,0
0.7713333333333333,60524,0
0.746,0,0
0.582,23517,0
0.30533333333333335,0,0
0.614,22005,0
0.504,106080,0
0.748,75816,0
0.604,51136,0
0.2673333333333333,0,0
0.432,0,0
0.8166666666666667,50025,0
0.4806666666666667,0,0
0.6306666666666667,21979,0
0.416,26763,0
0.8913333333333333,12957,0
0.6433333333333333,21521,0
0.6093333333333333,23559,0
0.08,0,0
0.38066666666666665,27529,0
1.006,41910,0
0.5153333333333333,0,0
0.6746666666666666,46556,0
0.8093333333333333,60147,0
0.334,29559,0
1.076,13308,0
0.71,68508,0
0.724,42816,0
0.81,15360,0
0.6626666666666666,20362,0
0.048,0,0
1.166,34275,0
0.9,40896,0
0.46066666666666667,23769,0
0.9966666666666667,20514,0
0.44266666666666665,0,0
0.5486666666666666,24832,0
0.12,0,0
0.566,70173,0
0.68,58626,0
0.698,77724,0
0.8506666666666667,31236,0
0.9853333333333333,23872,0
0.68,0,0
0.6946666666666667,120380,0
0.5753333333333334,52388,0
0.792,29346,0
1.032,19812,0
0.782,56700,0
0.618,23356,0
0.32,73620,0
0.9666666666666667,20756,0
0.998,21118,0
1.0173333333333334,35568,0
0.678,38172,0
0.984,23268,0
0.622,22182,0
0.696,19773,0
1.028,16764,0
0.624,87360,0
0.912,29172,0
0.194,0,0
0.442,89649,0
0.8886666666666667,84935,0
0.932,7068,0
0.4533333333333333,27092,0
0.8526666666666667,82055,0
0.6846666666666666,20903,0
1.246,18075,0
1.0446666666666666,17058,0
1.2113333333333334,14301,0
0.856,47064,0
0.7673333333333333,37322,0
1.0466666666666666,46610,0
0.24866666666666667,0,0
0.5506666666666666,97960,0
0.712,0,0
0.6613333333333333,84272,0
0.552,99168,0
0.38466666666666666,28638,0
0.8113333333333334,0,0
0.5746666666666667,19356,0
0.9826666666666667,25984,0
0.9853333333333333,49092,0
0.856,54057,0
1.0453333333333332,31605,0
0.30933333333333335,0,0
0.9986666666666667,40947,0
0.7026666666666667,14952,0
0.49133333333333334,24107,0
0.31533333333333335,0,0
0.7173333333333334,41794,0
0.8933333333333333,39363,0
0.722,57861,0
1.378,1356,0
0.6253333333333333,51754,0
0.74,15852,0
0.6873333333333334,67542,0
0.6886666666666666,61491,0
0.22933333333333333,0,0
0.6906666666666667,44166,0
0.854,40347,0
0.47733333333333333,62716,0
0.8053333333333333,15485,0
1.0946666666666667,37970,0
0.854,83565,0
0.5746666666666667,73038,0
0.534,21639,0
0.8706666666666667,97800,0
0.7633333333333333,52935,0
1.1846666666666668,10504,0
0.6993333333333334,0,0
1.2653333333333334,-1972,0
0.9953333333333333,40356,0
0.9266666666666666,28776,0
0.9193333333333333,11636,0
0.406,0,0
0.7586666666666667,0,0
0.8953333333333333,34401,0
0.578,78714,0
0.402,68028,0
0.442,0,0
0.814,11108,0
0.8833333333333333,11060,0
0.7746666666666666,33478,0
0.758,54639,0
1.1746666666666667,21770,0
0.63,0,0
0.7486666666666667,52833,0
1.0686666666666667,26380,0
0.45466666666666666,85518,0
0.328,102888,0
0.734,18409,0
0.69,19491,0
0.836,44622,0
0.8313333333333334,46689,0
0.738,60651,0
0.72,40656,0
0.6566666666666666,64650,0
0.626,0,0
0.8026666666666666,48252,0
0.7186666666666667,19835,0
0.7313333333333333,18458,0
0.8066666666666666,42816,0
0.6533333333333333,70746,0
0.6166666666666667,20185,0
0.6526666666666666,43254,0
0.6593333333333333,21410,0
0.48,0,0
0.5086666666666667,22041,0
0.752,40174,0
0.7233333333333334,18281,0
0.9393333333333334,49736,0
1.0153333333333334,38940,0
0.5986666666666667,0,0
0.278,0,0
0.8446666666666667,66428,0
0.7306666666666667,84080,0
0.43733333333333335,91716,0
0.5206666666666667,0,0
1.01,7440,0
1.0853333333333333,29952,0
0.24666666666666667,0,0
1.1653333333333333,16992,0
0.44066666666666665,0,0
1.0533333333333332,32084,0
0.772,16695,0
0.782,49203,0
0.822,44883,0
0.6486666666666666,65811,0
0.2866666666666667,0,0
0.544,81918,0
0.526,54834,0
0.9013333333333333,21898,0
0.382,27831,0
0.8506666666666667,43383,0
0.784,50535,0
0.24266666666666667,0,0
0.8826666666666667,38532,0
0.816,45684,0
0.702,58923,0
0.5106666666666667,22948,0
0.772,16638,0
0.5606666666666666,0,0
0.114,0,0
0.76,52719,0
0.5546666666666666,0,0
0.55,0,0
0.6626666666666666,20419,0
0.7926666666666666,17426,0
0.8053333333333333,16049,0
0.7366666666666667,56307,0
0.7706666666666667,53103,0
0.626,73530,0
0.7693333333333333,15473,0
0.176,37224,0
0.646,45474,0
0.8246666666666667,56644,0
0.7873333333333333,30724,0
0.982,63990,0
0.848,42840,0
0.6913333333333334,19793,0
0.8946666666666667,80780,0
0.9633333333333334,39993,0
0.6466666666666666,22787,0
0.29333333333333333,35448,0
0.942,49540,0
0.6913333333333334,19898,0
0.7426666666666667,111740,0
0.728,14550,0
0.502,23151,0
1.2473333333333334,5808,0
0.32866666666666666,0,0
0.7566666666666667,16850,0
0.6746666666666666,19646,0
0.38133333333333336,0,0
1.046,36672,0
1.16,19020,0
0.8306666666666667,44274,0
0.854,13842,0
1.03,53622,0
0.8166666666666667,46587,0
1.0886666666666667,45335,0
0.878,40599,0
0.8113333333333334,47751,0
0.5726666666666667,50774,0
0.804,49473,0
0.6453333333333333,22485,0
0.7326666666666667,50043,0
0.6226666666666667,67854,0
0.606,48354,0
0.734,54387,0
0.512,0,0
0.552,0,0
0.7633333333333333,16841,0
0.6726666666666666,67269,0
0.898,46044,0
0.8646666666666667,50884,0
0.8193333333333334,53595,0
0.8193333333333334,27490,0
0.774,50067,0
0.736,55719,0
0.462,24591,0
0.9686666666666667,68735,0
0.9713333333333334,43268,0
0.7273333333333334,19632,0
0.8153333333333334,44121,0
0.7806666666666666,46737,0
0.684,61866,0
0.648,130530,0
0.9186666666666666,87432,0
0.8833333333333333,13230,0
0.314,0,0
0.678,64359,0
0.8846666666666667,37269,0
0.658,68679,0
0.652,17249,0
0.896,37656,0
0.30466666666666664,32341,0
0.9446666666666667,37924,0
0.7733333333333333,16997,0
0.8286666666666667,41553,0
0.4786666666666667,0,0
0.6886666666666666,59799,0
0.6786666666666666,21275,0
0.7626666666666667,52572,0
0.6546666666666666,45068,0
0.64,46008,0
0.608,49242,0
0.158,0,0
0.88,34866,0
0.42866666666666664,25801,0
0.576,20742,0
0.6753333333333333,36558,0
0.464,25035,0
0.658,21108,0
0.9313333333333333,44844,0
0.496,23418,0
0.5673333333333334,0,0
0.6706666666666666,64548,0
0.9186666666666666,48975,0
0.8226666666666667,10792,0
0.376,29304,0
0.646,65958,0
0.986,41616,0
0.508,0,0
0.6073333333333333,23115,0
0.5273333333333333,26355,0
0.9333333333333333,40356,0
0.8573333333333333,54963,0
0.434,64794,0
0.7273333333333334,68535,0
0.618,18317,0
0.8453333333333334,14045,0
1.062,30820,0
0.7253333333333334,18725,0
0.236,0,0
0.10933333333333334,0,0
0.394,0,0
0.5033333333333333,82149,0
0.2,0,0
0.6973333333333334,60882,0
0.7773333333333333,51162,0
0.5906666666666667,75828,0
0.8446666666666667,44013,0
0.8506666666666667,43212,0
0.8113333333333334,47643,0
0.9906666666666667,42968,0
0.7593333333333333,65468,0
0.6973333333333334,59190,0
0.6653333333333333,64041,0
0.6926666666666667,61257,0
0.6253333333333333,19982,0
0.6073333333333333,0,0
0.872,99612,0
0.49733333333333335,0,0
0.5313333333333333,0,0
1.064,28260,0
0.86,13575,0
0.7753333333333333,48441,0
0.8473333333333334,14952,0
0.9073333333333333,21364,0
0.8946666666666667,24118,0
0.6353333333333333,47386,0
0.8893333333333333,10793,0
0.71,0,0
0.9213333333333333,9176,0
0.7793333333333333,16730,0
0.6,0,0
0.8113333333333334,15113,0
0.784,16041,0
0.872,30814,0
0.8113333333333334,15218,0
0.8173333333333334,46842,0
0.5693333333333334,0,0
0.664,67878,0
0.6806666666666666,0,0
0.8373333333333334,71016,0
0.8433333333333334,13601,0
0.7793333333333333,52494,0
0.7306666666666667,57423,0
0.9393333333333334,18130,0
0.7653333333333333,17805,0
0.824,43512,0
0.71,55059,0
0.576,0,0
0.8766666666666667,12170,0
0.7826666666666666,15739,0
0.84,46080,0
0.816,14529,0
0.8646666666666667,12886,0
0.894,10104,0
1.056,28737,0
0.36666666666666664,69560,0
1.1126666666666667,7660,0
0.8266666666666667,58192,0
0.9846666666666667,27532,0
0.8466666666666667,30116,0
1.258,1756,0
0.2826666666666667,0,0
1.34,-9428,0
0.156,0,0
0.858,13188,0
0.7646666666666667,53733,0
0.738,17868,0
0.3626666666666667,0,0
1.26,3532,0
1.3866666666666667,-19628,0
0.6386666666666667,0,0
0.412,27710,0
1.0653333333333332,6034,0
0.9453333333333334,15394,0
1.1133333333333333,2578,0
0.7,15521,0
0.7306666666666667,57252,0
0.892,12015,0
0.9253333333333333,10805,0
0.5833333333333334,72429,0
1.0393333333333334,6956,0
0.4493333333333333,0,0
1.1733333333333333,13364,0
0.974,9162,0
0.9533333333333334,37112,0
1.0213333333333334,12538,0
0.9353333333333333,28167,0
1.0033333333333334,6380,0
0.8253333333333334,45978,0
0.8933333333333333,12317,0
1.0973333333333333,44320,0
1.1653333333333333,17565,0
0.8913333333333333,37923,0
1.0706666666666667,30008,0
0.8593333333333333,42774,0
0.904,33792,0
0.8866666666666667,39990,0
0.9066666666666666,45232,0
0.6266666666666667,20284,0
0.778,16428,0
0.872,24920,0
0.688,18288,0
0.8733333333333333,50072,0
0.886,76005,0
0.6593333333333333,18809,0
0.6653333333333333,18542,0
0.7986666666666666,16595,0
0.6546666666666666,19498,0
0.5893333333333334,19406,0
0.47933333333333333,25343,0
0.728,53442,0
0.558,21281,0
0.5586666666666666,0,0
0.8246666666666667,97475,0
0.6626666666666666,60060,0
0.6233333333333333,19075,0
1.0593333333333332,31016,0
1.0913333333333333,24548,0
0.776,105690,0
0.9893333333333333,88956,0
0.5933333333333334,21494,0
0.926,68805,0
1.0993333333333333,53334,0
0.9326666666666666,63255,0
0.614,64989,0
0.8653333333333333,45096,0
0.7513333333333333,56643,0
0.616,66321,0
0.5633333333333334,0,0
1.0513333333333332,30804,0
0.5513333333333333,22391,0
0.728,15821,0
0.7426666666666667,18206,0
0.8273333333333334,61404,0
0.6606666666666666,19216,0
0.9573333333333334,9752,0
0.892,11958,0
0.778,107910,0
1.0833333333333333,25953,0
0.7053333333333334,16222,0
0.8226666666666667,92940,0
0.7666666666666667,18107,0
0.6433333333333333,63537,0
0.6526666666666666,44294,0
0.6886666666666666,45446,0
1.0226666666666666,21846,0
0.8646666666666667,44841,0
0.6926666666666667,17599,0
0.8126666666666666,12919,0
0.36466666666666664,0,0
0.6126666666666667,20839,0
0.7326666666666667,16159,0
1.026,13214,0
1.052,6099,0
0.932,10779,0
0.5386666666666666,23248,0
0.832,27392,0
0.914,21800,0
0.43,0,0
1.0406666666666666,10220,0
1.108,6006,0
0.656,21472,0
1.0533333333333332,26316,0
1.1353333333333333,17928,0
0.482,61338,0
1.0973333333333333,19076,0
0.8953333333333333,49311,0
0.9773333333333334,40923,0
1.104,23553,0
0.554,55434,0
0.8473333333333334,54495,0
0.77,46167,0
0.5786666666666667,22012,0
0.9006666666666666,73415,0
0.5453333333333333,23222,0
0.934,67365,0
0.43133333333333335,27071,0
1.048,48120,0
0.49666666666666665,24865,0
0.9826666666666667,59150,0
0.7833333333333333,12317,0
0.696,121890,0
0.806,92205,0
0.6733333333333333,18254,0
0.9453333333333334,35376,0
0.534,74709,0
0.7393333333333333,15569,0
0.968,61500,0
0.7453333333333333,15302,0
0.974,60165,0
0.9186666666666666,20860,0
1.1473333333333333,42966,0
0.7073333333333334,17186,0
0.936,69585,0
0.752,14192,0
0.9806666666666667,54615,0
0.7346666666666667,16258,0
0.9633333333333334,64945,0
0.7033333333333334,15557,0
1.0,56760,0
0.5453333333333333,22658,0
0.9126666666666666,12746,0
0.93,10680,0
0.7693333333333333,39136,0
0.9346666666666666,67790,0
0.606,21141,0
1.0466666666666666,36524,0
0.7366666666666667,14347,0
0.6546666666666666,17200,0
1.0386666666666666,34935,0
0.654,60669,0
0.9253333333333333,11369,0
0.81,99825,0
0.92,70140,0
0.8386666666666667,27340,0
0.7246666666666667,35038,0
0.79,30626,0
0.88,38679,0
0.6273333333333333,20426,0
0.5133333333333333,24275,0
0.5786666666666667,22069,0
0.912,19986,0
0.8053333333333333,103270,0
0.816,98490,0
0.4146666666666667,66104,0
1.0646666666666667,14572,0
0.49466666666666664,59624,0
0.6326666666666667,86548,0
0.8386666666666667,48976,0
0.986,16094,0
1.1946666666666668,-1078,0
0.16666666666666666,0,0
0.5646666666666667,0,0
0.356,0,0
1.1146666666666667,5402,0
0.6766666666666666,0,0
1.03,12132,0
1.228,-3354,0
0.9346666666666666,7875,0
0.8526666666666667,10671,0
0.766,51918,0
0.684,60306,0
0.448,88848,0
1.2653333333333334,-6556,0
0.972,23739,0
0.936,42777,0
0.8986666666666666,41466,0
0.5986666666666667,0,0
0.81,14811,0
0.6986666666666667,17332,0
0.89,86445,0
0.5406666666666666,23347,0
0.672,17432,0
0.5446666666666666,23137,0
0.6606666666666666,57339,0
0.746,0,0
0.632,0,0
0.888,78225,0
0.7666666666666667,36596,0
0.7126666666666667,73588,0
0.5606666666666666,55382,0
0.6406666666666667,48902,0
0.276,0,0
0.5966666666666667,0,0
0.47,0,0
0.3606666666666667,0,0
1.11,5652,0
0.4186666666666667,27928,0
0.712,36752,0
0.726,16461,0
0.5573333333333333,77676,0
1.2173333333333334,356,0
0.7753333333333333,63351,0
1.0933333333333333,26421,0
0.7633333333333333,49497,0
0.5806666666666667,68619,0
0.648,61470,0
0.6106666666666667,20452,0
0.25266666666666665,0,0
0.44666666666666666,0,0
1.0326666666666666,61242,0
0.39866666666666667,0,0
0.9526666666666667,80682,0
0.4786666666666667,0,0
0.7766666666666666,106115,0
0.4846666666666667,0,0
1.304,-8526,0
0.6786666666666666,0,0
0.792,30272,0
1.0153333333333334,31968,0
1.142,14598,0
1.2513333333333334,3426,0
0.32,0,0
0.6133333333333333,21642,0
1.004,59560,0
0.6953333333333334,18846,0
0.8773333333333333,88510,0
0.822,13056,0
0.9313333333333333,9332,0
1.4273333333333333,-12984,0
0.272,0,0
1.134,36940,0
1.052,50920,0
0.6473333333333333,20574,0
0.774,14784,0
0.8453333333333334,15129,0
0.6253333333333333,18898,0
0.9593333333333334,74530,0
0.552,0,0
0.9186666666666666,18692,0
1.0006666666666666,70314,0
1.4146666666666667,-4722,0
0.7906666666666666,0,0
0.68,39986,0
1.098,48006,0
0.872,22866,0
0.4166666666666667,28105,0
0.666,0,0
1.0073333333333334,65890,0
0.692,17580,0
0.6226666666666667,71292,0
0.32066666666666666,0,0
0.39,0,0
0.5766666666666667,21105,0
1.0393333333333334,57805,0
0.66,19197,0
0.9253333333333333,79870,0
0.7533333333333333,56049,0
0.21066666666666667,0,0
0.8433333333333334,14685,0
0.49866666666666665,24225,0
0.6906666666666667,16692,0
0.30266666666666664,31954,0
1.3666666666666667,5646,0
0.33266666666666667,0,0
0.9326666666666666,54176,0
0.7666666666666667,34428,0
1.1706666666666667,48900,0
0.412,28230,0
0.596,44804,0
0.9646666666666667,47708,0
0.7346666666666667,37662,0
0.778,64764,0
0.5746666666666667,20440,0
0.9573333333333334,10272,0
0.42933333333333334,26164,0
0.358,0,0
0.5653333333333334,23370,0
0.4026666666666667,0,0
0.8546666666666667,37632,0
0.496,87102,0
0.45,26895,0
0.6633333333333333,40038,0
1.186,-672,0
0.5833333333333334,46518,0
0.8573333333333333,25860,0
0.498,25167,0
0.7746666666666666,47352,0
0.576,77382,0
0.584,0,0
0.5493333333333333,56812,0
1.15,9408,0
1.146,37638,0
0.9913333333333333,66445,0
0.708,17469,0
0.5266666666666666,0,0
0.6633333333333333,47986,0
1.036,27060,0
0.77,56115,0
0.9593333333333334,10716,0
0.6833333333333333,20601,0
0.904,90540,0
1.2846666666666666,22422,0
0.4146666666666667,0,0
0.4166666666666667,27541,0
0.38266666666666665,28194,0
0.6586666666666666,18309,0
0.3506666666666667,30226,0
1.086,45580,0
0.7106666666666667,0,0
0.7433333333333333,34686,0
0.79,36406,0
0.9093333333333333,50220,0
0.7453333333333333,34446,0
0.43466666666666665,0,0
0.676,45232,0
1.0233333333333334,32568,0
0.768,107130,0
0.5433333333333333,22315,0
1.162,21235,0
0.5513333333333333,49752,0
1.004,7722,0
0.338,31188,0
1.066,8688,0
0.09466666666666666,0,0
1.256,2016,0
0.36866666666666664,0,0
0.758,39640,0
0.9413333333333334,43752,0
0.564,22482,0
0.5666666666666667,52680,0
0.5166666666666667,27311,0
0.8253333333333334,11599,0
0.69,57447,0
0.204,0,0
0.45266666666666666,0,0
1.264,21330,0
0.326,0,0
0.75,41454,0
0.588,0,0
0.478,0,0
0.5566666666666666,0,0
0.7853333333333333,31566,0
0.544,0,0
0.512,0,0
0.7233333333333334,19365,0
0.854,54708,0
0.684,16716,0
0.646,19701,0
0.6526666666666666,18591,0
0.64,19968,0
0.734,17325,0
0.5226666666666666,0,0
0.732,60120,0
0.74,70104,0
0.57,20565,0
0.532,23550,0
0.8033333333333333,16470,0
0.526,23817,0
0.816,15093,0
0.494,25434,0
0.848,13476,0
0.7053333333333334,37356,0
0.6366666666666667,0,0
0.8793333333333333,44943,0
0.8873333333333333,49868,0
0.6073333333333333,21443,0
0.6793333333333333,18491,0
0.686,17381,0
0.6733333333333333,18758,0
0.6413333333333333,20375,0
0.7006666666666667,18535,0
0.8526666666666667,27238,0
0.48933333333333334,0,0
0.738,18676,0
0.7506666666666667,17299,0
0.7826666666666666,15682,0
0.5713333333333334,0,0
0.846,48573,0
0.9293333333333333,46107,0
0.942,41976,0
0.7626666666666667,38262,0
0.9373333333333334,51420,0
0.95,45912,0
0.982,39444,0
0.7173333333333334,15506,0
0.78,14517,0
0.812,12900,0
0.6006666666666667,0,0
0.46,26502,0
0.6573333333333333,21831,0
0.67,20454,0
0.702,18837,0
0.49066666666666664,0,0
0.6893333333333334,20319,0
0.5386666666666666,22440,0
0.656,21529,0
0.7673333333333333,15894,0
0.702,18942,0
0.6686666666666666,20152,0
0.83,25578,0
0.608,21585,0
0.974,37125,0
0.6186666666666667,19545,0
0.8193333333333334,29658,0
0.7706666666666667,49851,0
0.15733333333333333,0,0
1.3026666666666666,-10164,0
0.8193333333333334,53612,0
0.3333333333333333,31772,0
1.1266666666666667,30410,0
0.8993333333333333,40652,0
0.5713333333333334,20867,0
0.41333333333333333,28532,0
1.0933333333333333,12296,0
0.7653333333333333,13778,0
0.7433333333333333,14395,0
0.4846666666666667,28928,0
0.8573333333333333,9982,0
0.4026666666666667,31724,0
0.9393333333333334,7186,0
0.6606666666666666,42304,0
0.6813333333333333,0,0
0.5786666666666667,47896,0
0.7633333333333333,0,0
0.8546666666666667,26998,0
0.48733333333333334,0,0
0.7406666666666667,35824,0
0.6013333333333334,0,0
0.6586666666666666,41416,0
0.6833333333333333,0,0
1.1753333333333333,1240,0
1.0486666666666666,12820,0
0.29333333333333333,0,0
0.9346666666666666,21646,0
0.4073333333333333,0,0
0.6953333333333334,73386,0
0.8946666666666667,30060,0
0.9766666666666667,21672,0
0.5666666666666667,0,0
0.9413333333333334,99324,0
0.6486666666666666,0,0
1.422,-24660,0
0.168,0,0
1.2953333333333332,10080,0
0.2946666666666667,0,0
1.1813333333333333,36558,0
0.4086666666666667,0,0
0.526,24381,0
0.5593333333333333,23171,0
0.926,38853,0
0.934,41748,0
0.764,13476,0
0.654,19413,0
0.17666666666666667,0,0
0.7326666666666667,15351,0
0.72,16728,0
0.688,18345,0
0.8993333333333333,23178,0
0.7913333333333333,18443,0
0.724,34014,1
0.9193333333333333,11480,1
1.0793333333333333,17862,0
0.664,22659,0
0.744,14773,0
0.49666666666666665,0,0
0.5353333333333333,22433,0
0.7433333333333333,13047,0
0.7886666666666666,22270,0
0.8206666666666667,17783,0
0.778,31746,0
0.59,0,0
0.8346666666666667,11082,1
0.9726666666666667,18550,1
1.252,5742,0
1.0406666666666666,9375,0
0.6906666666666667,38640,0
0.6873333333333334,18105,0
0.714,17145,0
0.982,11603,0
0.5313333333333333,44546,1
0.772,11714,0
0.9366666666666666,13925,0
0.2946666666666667,36022,0
0.9926666666666667,5398,0
0.6746666666666666,16454,0
0.728,14879,0
0.52,23865,0
0.9886666666666667,6380,0
0.5833333333333334,26410,0
0.34,68220,0
1.1273333333333333,19566,0
0.8453333333333334,15652,0
0.5413333333333333,23780,0
0.7433333333333333,24610,1
0.9326666666666666,18694,1
0.7913333333333333,32564,1
1.262,2490,0
0.5833333333333334,44286,1
0.594,20205,0
0.7646666666666667,19403,0
0.9,7805,0
1.0773333333333333,9044,1
0.8693333333333333,24978,1
0.8513333333333334,22744,1
1.0133333333333334,10229,0
0.8113333333333334,14302,0
1.1813333333333333,6241,0
0.8733333333333333,19698,1
0.896,23058,1
0.7553333333333333,14025,0
0.7873333333333333,0,0
1.0813333333333333,7346,0
0.9653333333333334,12592,0
0.8833333333333333,23532,0
0.8386666666666667,10233,0
0.872,14692,0
0.8726666666666667,15365,0
1.0306666666666666,0,0
0.89,32784,1
0.7046666666666667,12749,1
0.6766666666666666,40086,1
0.9993333333333333,16630,1
0.5833333333333334,23285,0
0.5333333333333333,21149,1
0.24266666666666667,38440,0
0.9846666666666667,13858,1
0.7846666666666666,13365,0
0.7766666666666666,17057,0
0.5773333333333334,0,0
0.9013333333333333,14032,0
0.8266666666666667,15995,0
0.6326666666666667,36206,0
1.03,14113,0
0.19466666666666665,35930,0
0.85,0,0
0.9433333333333334,0,0
0.6953333333333334,36680,1
0.884,7911,0
0.676,24003,0
0.9966666666666667,16546,1
0.6473333333333333,41406,1
0.7766666666666666,10734,1
0.6806666666666666,21670,0
0.9386666666666666,15850,1
0.986,22062,0
0.6166666666666667,0,0
0.9193333333333333,13588,0
0.632,23277,0
0.7926666666666666,42030,1
0.8826666666666667,12652,1
0.6373333333333333,16599,1
0.6893333333333334,14181,1
0.9226666666666666,9485,0
1.288,-2022,0
0.6286666666666667,20333,0
1.0773333333333333,8789,0
0.934,17810,0
1.0193333333333334,8348,1
0.7886666666666666,32480,1
0.9673333333333334,13184,1
0.5,23462,0
0.918,13043,0
0.5286666666666666,22129,0
0.904,21360,1
0.8846666666666667,24152,1
1.0253333333333334,13880,1
0.828,13313,0
0.392,31282,0
1.246,-4060,1
1.298,-8896,1
0.6266666666666667,19049,1
0.8966666666666666,11908,0
0.448,25880,0
0.8733333333333333,30777,1
0.84,26298,1
0.6873333333333334,16447,0
0.434,28155,0
0.5026666666666667,51788,1
0.5933333333333334,21362,0
0.7373333333333333,0,0
1.0093333333333334,9431,0
0.932,18346,0
0.9313333333333333,20660,0
0.3626666666666667,35380,0
1.1453333333333333,2230,1
0.6706666666666666,17436,0
1.008,21276,0
0.7293333333333333,37894,0
0.6406666666666667,18326,0
0.6566666666666666,18220,0
0.512,24440,0
0.7493333333333333,15813,0
0.7906666666666666,15565,1
0.7706666666666667,38530,0
0.8433333333333334,32304,1
0.8753333333333333,13605,1
1.0253333333333334,5290,1
0.24666666666666667,35170,0
0.8366666666666667,22714,0
0.47333333333333333,0,0
0.5313333333333333,49122,1
0.45066666666666666,56624,1
1.22,-4244,1
0.7066666666666667,41410,0
0.6653333333333333,40774,0
0.9953333333333333,10545,1
0.566,51682,0
0.516,24847,0
0.694,0,0
0.6933333333333334,20305,1
0.838,14085,1
0.8226666666666667,33694,0
1.06,16440,0
0.89,11667,1
0.9353333333333333,19510,1
0.8793333333333333,22750,1
0.7753333333333333,34596,0
0.774,16554,1
0.9366666666666666,9890,1
0.7953333333333333,30600,1
0.8626666666666667,11954,1
0.7693333333333333,15427,0
0.43733333333333335,57480,0
0.63,42372,0
0.7393333333333333,16317,0
0.426,0,0
0.582,0,0
0.4026666666666667,54920,1
0.09333333333333334,0,0
1.0946666666666667,5091,1
0.678,44076,0
1.1446666666666667,12170,1
0.9993333333333333,7905,1
0.9146666666666666,22638,0
1.0966666666666667,10466,1
0.6006666666666667,22712,1
0.20866666666666667,0,0
0.782,15705,1
0.7586666666666667,36574,0
0.7106666666666667,34870,0
0.9013333333333333,39879,0
0.874,25454,0
0.8726666666666667,43878,0
0.7626666666666667,31294,0
0.834,30140,0
0.8093333333333333,30852,0
0.656,31504,1
0.698,17972,1
0.7746666666666666,36362,0
0.636,21787,0
0.7173333333333334,15557,0
0.83,41595,0
0.9233333333333333,35295,0
0.9766666666666667,16586,1
0.954,10227,1
0.6613333333333333,22617,0
0.09733333333333333,40670,0
1.002,15744,0
0.9673333333333334,21254,0
0.8786666666666667,30454,0
0.8113333333333334,12405,0
1.0806666666666667,15050,1
0.9146666666666666,31731,1
0.886,12751,1
0.9213333333333333,23246,0
0.616,18682,0
0.7593333333333333,14432,0
0.5453333333333333,43100,0
0.9373333333333334,0,0
0.7933333333333333,15158,1
0.7566666666666667,15744,1
0.8493333333333334,13337,1
0.7073333333333334,0,0
0.37066666666666664,0,0
0.9366666666666666,16213,0
1.1486666666666667,2300,1
0.654,19614,1
0.9533333333333334,32625,0
0.9666666666666667,24477,1
0.5873333333333334,20015,0
0.746,0,0
0.87,14957,0
0.8213333333333334,26838,0
0.86,38925,0
0.9313333333333333,11985,1
0.7746666666666666,0,0
0.742,41196,0
0.8793333333333333,10965,1
0.568,22820,0
0.8866666666666667,0,0
0.774,47139,1
1.0306666666666666,6531,1
0.9353333333333333,9345,1
0.7866666666666666,18205,1
0.6133333333333333,20107,0
0.464,0,0
0.5146666666666667,0,0
0.6706666666666666,0,0
0.9886666666666667,13795,0
0.9133333333333333,26836,0
0.956,9854,1
1.372,-378,0
0.21733333333333332,0,0
0.46066666666666667,0,0
0.9826666666666667,8894,1
0.24333333333333335,0,0
1.058,5677,1
0.30133333333333334,0,0
0.58,23407,0
0.7246666666666667,17187,0
1.0246666666666666,18290,1
0.5933333333333334,48120,0
0.4026666666666667,28202,0
0.49,24755,0
0.4513333333333333,0,0
0.698,36764,1
0.448,52580,0
0.5353333333333333,45686,0
0.8673333333333333,31548,0
0.49266666666666664,0,0
0.08066666666666666,0,0
0.886,35730,1
0.5186666666666667,23422,0
0.208,34872,1
0.7913333333333333,0,0
0.5586666666666666,40984,1
0.6073333333333333,17489,1
0.9186666666666666,10334,1
0.938,8737,1
0.994,7117,1
0.856,30410,0
0.5193333333333333,0,0
0.672,34274,1
0.7473333333333333,17514,1
0.7046666666666667,42156,0
1.0066666666666666,22636,0
0.43733333333333335,62056,0
0.766,0,0
0.704,34786,1
0.646,17787,0
0.6913333333333334,31750,0
0.29,0,0
0.7866666666666666,12651,0
0.178,0,0
0.856,27094,0
0.30533333333333335,30132,1
0.8953333333333333,10138,0
0.658,18765,0
0.3506666666666667,30620,0
0.3406666666666667,0,0
0.25333333333333335,0,0
0.438,27173,0
0.3993333333333333,0,0
0.902,12645,1
0.5486666666666666,0,0
0.7906666666666666,31950,1
0.7853333333333333,34654,0
0.9626666666666667,12550,0
0.694,20612,1
0.6813333333333333,18961,1
0.7453333333333333,17887,1
0.9153333333333333,26090,0
0.8866666666666667,28756,0
0.8026666666666666,12545,0
0.888,25786,1
0.834,13287,1
0.8266666666666667,35290,0
0.7586666666666667,17877,0
1.0253333333333334,9304,1
0.6233333333333333,25302,0
0.7846666666666666,39064,0
0.876,11400,1
0.6833333333333333,18954,1
1.0706666666666667,19756,0
0.8366666666666667,27290,0
0.5613333333333334,22525,0
0.7793333333333333,50178,0
1.0346666666666666,0,0
0.49,0,0
0.8893333333333333,0,0
0.8993333333333333,10674,1
0.804,31930,0
0.592,0,0
0.444,28520,0
0.48,0,0
0.95,20580,0
1.0813333333333333,3670,1
0.558,24113,0
0.49666666666666665,23287,0
0.8886666666666667,15361,0
0.7393333333333333,17106,0
0.7006666666666667,0,0
1.0326666666666666,13346,1
0.608,0,0
0.156,0,0
0.19466666666666665,37588,0
0.8633333333333333,9882,0
0.7426666666666667,51936,0
0.9353333333333333,29274,0
0.5733333333333334,0,0
1.0373333333333334,11260,1
0.5746666666666667,21467,1
0.7206666666666667,41944,0
1.2786666666666666,3822,0
0.798,37956,0
0.86,20850,1
0.924,17970,1
0.36333333333333334,0,0
0.802,20154,1
0.6913333333333334,15465,0
0.724,29438,1
0.9046666666666666,12202,0
0.8173333333333334,15649,0
0.7813333333333333,19557,0
0.722,37746,0
0.9086666666666666,19944,0
0.594,18547,0
0.7606666666666667,55287,0
0.5606666666666666,0,0
0.844,12297,1
0.936,27490,1
0.9746666666666667,8151,1
0.48933333333333334,57220,0
0.9606666666666667,5142,0
0.8633333333333333,0,0
0.42133333333333334,0,0
0.5713333333333334,27720,0
0.382,29021,1
0.59,21054,1
1.1673333333333333,-2860,1
0.6693333333333333,0,0
0.19266666666666668,0,0
0.8726666666666667,17653,0
0.44466666666666665,0,0
0.6713333333333333,21503,0
0.6633333333333333,42202,0
0.678,0,0
0.686,45562,0
0.486,0,0
0.5786666666666667,0,0
0.7273333333333334,0,0
0.5826666666666667,0,0
0.5486666666666666,0,0
0.6413333333333333,0,0
0.73,0,0
0.6893333333333334,0,0
0.8246666666666667,16801,0
0.7053333333333334,0,0
0.68,23021,0
0.9793333333333333,23942,0
0.63,48802,0
0.7233333333333334,0,0
0.5993333333333334,20993,0
0.064,0,0
0.728,23873,0
0.7666666666666667,0,0
0.6713333333333333,0,0
0.7686666666666667,18421,0
0.8566666666666667,9692,0
0.8886666666666667,22454,0
0.6453333333333333,43284,0
0.8813333333333333,13340,0
0.4146666666666667,32962,0
0.668,0,0
0.47533333333333333,0,0
0.748,0,0
0.382,0,0
0.9593333333333334,8698,0
0.30533333333333335,61084,1
0.40066666666666667,27318,1
0.30133333333333334,32772,1
0.4513333333333333,24457,1
0.39266666666666666,0,0
0.63,0,0
0.48533333333333334,0,0
0.4166666666666667,27212,1
0.574,0,0
0.328,31812,1
0.8173333333333334,14780,0
0.672,17879,0
0.9666666666666667,20640,0
0.6553333333333333,19373,0
1.1786666666666668,-1971,0
1.272,-8271,0
0.6873333333333334,23862,0
0.9733333333333334,14140,1
1.1326666666666667,2650,1
0.052,0,0
0.09733333333333333,0,0
0.12,0,0
0.6786666666666666,18183,0
0.5786666666666667,19979,0
0.8366666666666667,12366,0
0.7073333333333334,16850,0
0.6586666666666666,39706,0
0.7653333333333333,17198,0
0.662,0,0
0.5746666666666667,0,0
0.6133333333333333,21765,0
0.4826666666666667,0,0
0.47933333333333333,25433,0
0.44333333333333336,29341,0
0.6306666666666667,33638,1
0.6313333333333333,19287,0
0.49933333333333335,27158,0
0.6433333333333333,36940,1
0.6246666666666667,22334,0
0.7366666666666667,18531,0
0.528,25825,0
0.4866666666666667,25507,0
0.532,24741,0
0.5386666666666666,0,0
0.5426666666666666,23887,0
0.5553333333333333,25538,0
0.7433333333333333,26914,0
0.2713333333333333,0,0
0.936,11806,0
1.0293333333333334,7606,0
0.6926666666666667,32636,0
0.786,28436,0
0.5366666666666666,46572,0
1.1033333333333333,20,1
0.7333333333333333,0,0
0.8253333333333334,0,0
0.8433333333333334,16025,0
0.542,26092,0
0.7346666666666667,18538,0
0.462,27638,0
0.2886666666666667,31121,1
0.34,33700,0
0.486,28025,0
0.39866666666666667,31472,0
0.464,27265,0
0.4186666666666667,0,0
0.3233333333333333,32401,0
0.43533333333333335,30886,0
0.4226666666666667,26947,0
0.336,36340,0
0.3233333333333333,34689,0
0.43533333333333335,28598,0
0.30666666666666664,37000,0
0.8626666666666667,27474,0
0.6526666666666666,20294,1
0.798,0,0
0.7253333333333334,21177,0
0.986,20691,0
0.8046666666666666,12110,0
1.0126666666666666,2724,0
1.376,-18180,1
1.1906666666666668,0,0
0.6353333333333333,26280,0
1.0893333333333333,6424,1
1.086,18930,0
0.512,57264,0
0.9773333333333334,23956,0
0.36866666666666664,30079,0
0.838,28176,0
0.768,12696,0
0.682,42112,0
0.768,31906,1
0.7806666666666666,29248,1
0.816,17748,0
0.6073333333333333,25408,0
0.612,19664,0
0.982,0,0
0.6113333333333333,39600,1
1.0473333333333332,11100,0
0.7673333333333333,25664,1
0.6246666666666667,44922,1
0.9386666666666666,0,0
0.722,54393,1
1.0286666666666666,4362,1
0.67,35020,1
0.9906666666666667,13422,0
0.38,29394,1
1.2806666666666666,3076,0
1.208,12064,0
0.7226666666666667,17306,0
0.922,14034,1
1.0106666666666666,15588,0
0.43933333333333335,25958,0
0.5153333333333333,29340,0
1.2873333333333334,-8980,1
0.306,0,0
0.872,25794,1
0.7886666666666666,18035,0
1.0513333333333332,4560,0
0.6846666666666666,21818,0
0.7366666666666667,19400,0
0.364,27904,1
1.2293333333333334,206,0
0.826,0,0
0.7293333333333333,16397,1
0.864,11713,0
0.538,25607,0
0.912,16290,0
1.3173333333333332,-13724,1
0.276,0,0
1.1086666666666667,1596,1
0.4846666666666667,0,0
0.5486666666666666,19717,1
1.0446666666666666,8393,0
1.0446666666666666,4476,1
0.172,0,0
0.914,8210,1
0.6793333333333333,19900,0
0.85,9650,1
0.7433333333333333,18460,0
0.764,33870,1
0.654,0,0
0.9193333333333333,4824,0
0.288,35488,0
1.1226666666666667,550,1
0.4706666666666667,27560,0
0.544,28373,0
1.1166666666666667,4720,0
0.516,0,0
1.2173333333333334,-1394,1
0.7093333333333334,16582,0
0.498,23730,0
0.5433333333333333,23066,0
0.6706666666666666,38070,1
0.7473333333333333,0,0
0.8966666666666666,21532,1
0.6306666666666667,17961,0
0.5766666666666667,22351,0
1.1053333333333333,6212,1
1.2046666666666668,-4696,1
1.1526666666666667,140,1
0.2653333333333333,0,0
0.996,10624,1
0.422,0,0
0.6706666666666666,18625,1
0.9866666666666667,8045,0
1.1073333333333333,1982,1
0.31066666666666665,35510,0
0.19066666666666668,0,0
1.12,3633,1
0.298,33859,0
0.754,14833,1
0.72,0,0
0.928,8982,1
0.49,28510,0
0.6,24099,0
0.5326666666666666,23858,0
0.52,22207,0
0.518,49978,0
0.6173333333333333,39070,0
0.5666666666666667,21986,0
0.666,16532,0
0.5913333333333334,21630,0
0.62,20297,0
0.584,24205,0
0.6726666666666666,19605,0
0.3873333333333333,30961,0
0.724,16880,0
0.6273333333333333,0,0
0.644,20938,0
0.4806666666666667,26276,0
0.7266666666666667,14036,0
0.288,33830,0
0.9193333333333333,6482,0
1.0126666666666666,4382,0
0.756,30226,0
0.6753333333333333,37728,0
0.532,0,0
0.4826666666666667,52836,0
0.7246666666666667,0,0
0.3893333333333333,57036,0
0.818,0,0
0.9993333333333333,9396,0
0.208,0,0
0.9186666666666666,16898,0
0.2886666666666667,0,0
0.48133333333333334,0,0
0.6066666666666667,20065,1
1.074,7106,1
0.8653333333333333,22426,1
0.728,0,0
0.8013333333333333,25306,1
0.792,0,0
0.5,45440,1
1.0933333333333333,0,0
0.6253333333333333,20947,1
0.7926666666666666,16545,0
0.8566666666666667,15105,0
0.26,32454,1
1.158,5038,0
0.9146666666666666,9536,1
0.5033333333333333,27956,0
0.706,17196,1
0.712,20296,0
0.642,18636,1
0.3406666666666667,28703,1
0.8986666666666666,9642,1
0.5193333333333333,27850,0
0.8846666666666667,16343,0
1.2006666666666668,-118,1
0.21733333333333332,37610,0
0.992,7542,1
0.426,29950,0
0.4513333333333333,30780,0
1.0433333333333332,0,0
1.0773333333333333,24230,1
1.224,22372,2
0.5933333333333334,24169,1
0.678,36764,2
1.076,10691,0
1.0393333333333334,0,0
0.6686666666666666,34484,2
1.048,42544,1
0.8186666666666667,25092,2
0.872,0,0
1.0226666666666666,34389,2
0.96,11468,1
1.0766666666666667,24088,1
1.122,23658,1
0.94,12760,0
0.6426666666666667,35764,1
0.9186666666666666,31082,1
0.7073333333333334,57438,1
0.9806666666666667,14892,1
0.952,9402,0
0.8173333333333334,17036,0
0.5813333333333334,91040,0
0.528,24265,1
0.8866666666666667,18190,2
0.652,22489,0
1.0026666666666666,10657,0
0.836,0,0
0.796,0,0
0.698,47898,2
0.5933333333333334,43676,2
0.548,21950,1
0.7086666666666667,0,0
0.6413333333333333,25063,1
0.7146666666666667,0,0
0.68,0,0
0.8593333333333333,11265,0
0.5933333333333334,0,0
0.36333333333333334,28581,1
0.5913333333333334,64005,0
0.7693333333333333,19891,1
0.802,49152,1
0.838,14998,1
0.744,49290,0
0.7633333333333333,35002,0
0.7066666666666667,59502,1
0.47533333333333333,28589,0
0.8853333333333333,16357,0
0.8646666666666667,0,0
0.8053333333333333,0,0
0.8993333333333333,26748,1
0.742,18740,0
0.9713333333333334,43044,2
1.0733333333333333,14042,0
0.9746666666666667,24600,1
0.6393333333333333,47286,0
0.7693333333333333,27154,1
0.7946666666666666,39318,0
0.812,39446,0
1.016,25134,1
0.96,9801,0
0.8866666666666667,12229,1
0.746,29622,2
0.8426666666666667,13100,1
0.686,21151,0
1.006,35970,1
0.8846666666666667,24882,2
1.032,0,0
0.8566666666666667,49467,0
0.5666666666666667,41790,2
0.8173333333333334,50040,1
0.7733333333333333,16479,0
0.3453333333333333,31732,0
1.0013333333333334,35656,2
0.934,38532,1
1.242,387,1
0.3626666666666667,0,0
0.506,26676,0
0.5193333333333333,47018,1
0.46266666666666667,24838,1
0.4026666666666667,29948,1
1.018,23034,1
0.7013333333333334,0,0
0.7486666666666667,14031,0
0.6946666666666667,41912,0
0.9893333333333333,21250,0
0.7206666666666667,19520,1
0.974,15037,0
1.0613333333333332,9499,0
0.9913333333333333,22692,1
0.3373333333333333,35434,1
0.832,43767,2
0.9673333333333334,9539,1
0.9126666666666666,18475,0
0.388,30672,1
0.648,65412,2
0.8593333333333333,46182,0
0.33066666666666666,0,0
1.022,8852,0
0.4013333333333333,0,0
0.8246666666666667,39734,0
0.866,10683,0
0.6286666666666667,56835,0
1.36,-31072,0
1.0486666666666666,9070,0
0.39666666666666667,0,0
0.648,21843,0
0.858,44484,0
0.2633333333333333,0,0
0.5933333333333334,21990,0
0.5666666666666667,0,0
0.8953333333333333,28878,1
0.404,29644,0
0.6186666666666667,44480,0
0.412,28275,0
0.65,21023,0
1.1833333333333333,8868,0
1.2953333333333332,-27090,1
0.6813333333333333,0,0
0.7966666666666666,58268,0
0.6046666666666667,19610,1
1.0386666666666666,13257,0
0.7806666666666666,0,0
0.32066666666666666,0,0
0.5453333333333333,0,0
0.494,52898,1
0.93,0,0
1.3606666666666667,-4874,1
0.3293333333333333,31681,1
1.1433333333333333,7808,2
0.4093333333333333,30201,1
0.868,12825,1
1.1006666666666667,14355,0
0.6553333333333333,44466,1
0.588,51274,1
1.4126666666666667,-1520,1
0.7693333333333333,42789,1
0.8953333333333333,54110,1
0.15266666666666667,0,0
1.088,11874,1
0.768,19082,0
0.7326666666666667,0,0
0.6733333333333333,74964,1
0.6006666666666667,67680,1
1.0353333333333334,13140,1
0.5466666666666666,52198,1
1.018,13810,0
1.108,19264,0
1.0166666666666666,27456,1
1.072,14865,2
1.146,10778,1
0.9846666666666667,25614,1
1.0113333333333334,14878,1
0.8773333333333333,40716,3
0.51,27714,0
1.0533333333333332,30148,2
0.7226666666666667,60657,1
0.9333333333333333,0,0
0.772,16033,0
0.7986666666666666,0,0
0.9653333333333334,10548,1
1.134,28905,2
0.6166666666666667,66363,1
0.948,10883,0
1.038,13610,0
1.032,33315,2
0.846,12353,0
0.7186666666666667,61953,1
0.8666666666666667,54916,0
0.9533333333333334,0,0
1.106,-26,1
0.48333333333333334,0,0
1.1493333333333333,2288,2
0.49133333333333334,24574,1
1.284,11847,2
0.8933333333333333,11805,0
0.632,39962,1
0.696,17966,1
0.9366666666666666,12962,1
0.8266666666666667,43335,0
1.0006666666666666,0,0
0.7393333333333333,16830,1
0.9413333333333334,0,0
1.036,35079,2
0.8706666666666667,57268,0
0.5886666666666667,42234,1
0.8066666666666666,0,0
0.7833333333333333,46743,0
0.9573333333333334,0,0
0.674,0,0
1.1753333333333333,15840,2
1.01,31616,0
0.728,29408,1
1.0793333333333333,9255,0
0.8426666666666667,48957,1
0.8133333333333334,0,0
0.85,13421,0
0.8066666666666666,0,0
0.6726666666666666,36620,2
0.7833333333333333,48183,0
0.9573333333333334,0,0
0.67,0,0
1.0106666666666666,8226,1
0.9233333333333333,11809,0
1.0366666666666666,9718,1
1.0833333333333333,11288,0
1.1006666666666667,0,0
0.8893333333333333,11928,1
0.7913333333333333,0,0
0.6106666666666667,40878,1
0.962,14990,0
0.8706666666666667,29020,1
0.9673333333333334,11224,0
0.626,0,0
0.776,32304,1
1.0806666666666667,9133,1
1.1446666666666667,0,0
0.8686666666666667,11386,1
0.812,0,0
0.8513333333333334,11721,0
0.7813333333333333,14969,0
0.808,0,0
0.674,33220,2
0.9413333333333334,14448,0
0.9286666666666666,41636,1
0.908,33562,1
0.8066666666666666,14226,1
0.6726666666666666,50898,3
0.9573333333333334,14633,1
1.1033333333333333,0,0
0.942,10576,0
0.746,64590,2
0.9686666666666667,0,0
1.0553333333333332,8485,1
1.1193333333333333,0,0
0.6466666666666666,46776,2
1.104,33472,1
1.1286666666666667,10270,1
1.2026666666666668,5569,0
1.1113333333333333,10940,0
1.132,34230,0
1.2013333333333334,16394,0
1.1886666666666668,20790,1
1.11,23151,1
0.912,44925,2
0.8386666666666667,50343,1
0.846,13883,0
0.5846666666666667,44118,1
0.936,16610,0
0.7793333333333333,49569,0
0.9533333333333334,0,0
0.9233333333333333,50284,1
0.8253333333333334,38242,1
0.9326666666666666,19474,1
0.8626666666666667,25970,1
0.9533333333333334,55565,1
0.866,49508,1
1.01,42125,2
0.9286666666666666,40578,1
0.9533333333333334,10293,1
0.822,54690,2
0.6746666666666666,37608,1
0.9793333333333333,11785,1
0.8693333333333333,39804,0
0.646,22319,0
0.9186666666666666,32055,1
0.9433333333333334,7452,1
1.0173333333333334,0,0
1.112,19617,2
0.856,11035,0
0.9466666666666667,36652,0
0.6646666666666666,31926,1
1.016,10514,0
0.8593333333333333,31281,0
1.0333333333333334,0,0
1.0033333333333334,25900,1
0.6646666666666666,21241,0
0.9246666666666666,8530,1
0.9986666666666667,0,0
1.0933333333333333,22851,2
0.8373333333333334,12113,0
0.864,0,0
0.73,27508,2
1.0146666666666666,0,0
0.906,22224,1
0.8406666666666667,13710,1
0.9146666666666666,0,0
0.7486666666666667,16061,0
0.7533333333333333,17293,0
0.78,0,0
0.8666666666666667,15202,1
0.9306666666666666,0,0
0.822,32584,1
0.9926666666666667,36224,1
0.572,0,0
1.0173333333333334,11646,1
1.0913333333333333,6257,0
1.186,19640,2
1.0206666666666666,37670,0
0.7386666666666667,43002,1
0.9566666666666667,8307,0
0.8226666666666667,33141,2
1.0433333333333332,14630,1
1.09,17770,0
0.9986666666666667,25215,1
0.9493333333333334,41013,1
1.048,0,0
0.6153333333333333,19333,0
0.8866666666666667,14021,0
0.6953333333333334,37898,1
0.7793333333333333,31324,2
1.0,11930,1
0.89,40239,0
1.034,37844,1
0.6833333333333333,17363,0
0.9093333333333333,56476,0
0.6273333333333333,41838,1
0.8453333333333334,0,0
0.822,46149,0
0.8873333333333333,29980,1
0.5826666666666667,24881,0
1.0106666666666666,0,0
1.1053333333333333,21675,2
0.9193333333333333,8473,0
0.94,39396,0
1.0393333333333334,12416,1
0.48,0,0
1.1133333333333333,6642,0
1.208,21180,2
1.022,13086,0
0.9786666666666667,8692,0
0.8446666666666667,34296,2
1.0653333333333332,15400,1
0.9553333333333334,36732,0
1.1293333333333333,9099,0
1.0206666666666666,26370,1
0.59,22594,0
0.9293333333333333,10425,1
1.0033333333333334,0,0
0.9326666666666666,48544,0
0.8686666666666667,0,0
0.7346666666666667,31298,2
0.9553333333333334,11917,1
1.002,13487,0
0.8453333333333334,40200,0
1.0193333333333334,0,0
0.9106666666666666,26014,1
0.49533333333333335,25617,0
0.9993333333333333,31905,1
1.1926666666666668,19467,2
1.0066666666666666,7737,0
1.0273333333333334,36452,0
0.7453333333333333,31826,1
0.8293333333333334,25252,2
1.05,8894,1
0.94,31131,0
1.0053333333333334,19968,1
0.7133333333333334,80036,0
0.872,43113,1
0.8966666666666666,11138,1
0.8793333333333333,11473,0
0.8093333333333333,14721,0
0.8126666666666666,42339,0
0.9866666666666667,0,0
0.878,27440,1
1.02,34268,1
0.5653333333333334,77439,0
1.1186666666666667,5768,0
1.2133333333333334,17684,2
1.0273333333333334,11338,0
0.9573333333333334,17834,0
0.984,7818,0
0.85,31674,2
1.0706666666666667,13652,1
0.9606666666666667,33236,0
1.0306666666666666,38956,1
0.5546666666666666,73923,0
1.0553333333333332,13012,1
1.1293333333333333,6940,0
0.968,20178,0
0.8606666666666667,35190,2
1.1453333333333333,9397,0
1.1153333333333333,27645,1
0.6366666666666667,67647,0
0.9486666666666667,47324,1
0.9733333333333334,17196,1
1.142,30740,2
0.956,17866,0
0.9126666666666666,11082,0
0.7786666666666666,41466,2
0.9993333333333333,20180,1
1.0633333333333332,11489,0
0.9546666666666667,33540,1
0.8286666666666667,66704,1
0.7566666666666667,53112,0
0.9273333333333333,13877,0
1.022,50120,2
0.836,27556,0
0.6586666666666666,56001,2
0.8793333333333333,29870,1
0.926,33010,0
0.7693333333333333,65672,0
0.9433333333333334,16334,0
0.8346666666666667,48075,1
0.4206666666666667,54690,1
0.8826666666666667,41505,1
0.9073333333333333,10602,1
0.9813333333333333,0,0
0.89,10937,0
0.9106666666666666,49252,0
0.98,13664,0
0.9673333333333334,38500,1
0.32066666666666666,30757,1
0.9826666666666667,41692,1
1.0813333333333333,7624,0
1.176,25108,2
0.99,15050,0
0.92,21546,0
1.0106666666666666,44505,0
0.9466666666666667,9674,0
0.8126666666666666,37242,2
1.0333333333333334,17364,1
0.9233333333333333,40660,0
1.0973333333333333,10081,0
0.9886666666666667,29316,1
0.37733333333333335,30964,0
1.0246666666666666,7417,1
1.1193333333333333,24280,3
0.9333333333333333,14636,1
0.8633333333333333,21132,1
0.954,43470,1
0.89,9467,1
0.9766666666666667,16950,2
1.0233333333333334,20090,1
0.8666666666666667,39832,1
1.0406666666666666,9874,1
1.0106666666666666,30030,2
0.932,28695,2
0.848,46677,1
0.4553333333333333,51242,1
0.9466666666666667,0,0
1.0413333333333334,34239,2
0.8553333333333333,12661,0
0.7853333333333333,15909,0
0.876,56148,0
0.812,0,0
0.678,35100,2
0.8986666666666666,13818,1
0.9453333333333334,15388,0
0.9626666666666667,0,0
0.9326666666666666,45396,1
0.854,29816,1
0.06933333333333333,0,0
0.844,44739,1
0.8686666666666667,11680,1
0.6773333333333333,0,0
0.9426666666666667,0,0
1.0373333333333334,32301,2
0.7813333333333333,15263,0
0.872,53564,0
0.59,40382,1
0.674,33808,2
0.9413333333333334,14742,0
0.7846666666666666,43965,0
0.9586666666666667,0,0
0.9286666666666666,42812,1
0.85,28524,1
0.5806666666666667,0,0
0.9653333333333334,7732,1
1.0393333333333334,0,0
1.134,20457,2
0.948,8067,0
0.878,11315,0
0.9686666666666667,37772,0
0.6866666666666666,32486,1
0.7706666666666667,25912,2
0.9913333333333333,9224,1
1.038,10794,0
0.8813333333333333,32121,0
0.9466666666666667,20628,1
0.9133333333333333,37575,1
0.608,0,0
1.012,0,0
1.1066666666666667,25137,2
0.9206666666666666,9627,0
0.8506666666666667,12875,0
0.9413333333333334,44012,0
0.6593333333333333,35606,1
0.7433333333333333,29032,2
0.854,36801,0
1.028,0,0
0.5046666666666667,0,0
1.0166666666666666,32097,1
1.1153333333333333,0,0
1.21,19659,2
1.024,7801,0
0.954,11049,0
1.0446666666666666,36708,0
0.7626666666666667,31954,1
0.8466666666666667,25380,2
1.0673333333333332,8958,1
0.9573333333333334,31323,0
1.0226666666666666,20096,1
0.8893333333333333,43317,1
0.632,0,0
0.914,11206,1
0.988,0,0
1.0826666666666667,30879,2
0.8966666666666666,11541,0
0.8266666666666667,14789,0
0.6353333333333333,39434,1
0.7193333333333334,32860,2
0.94,12698,1
0.9866666666666667,14268,0
0.83,42543,0
1.004,0,0
0.8953333333333333,27576,1
0.8106666666666666,49101,1
0.8353333333333334,13134,1
0.9093333333333333,0,0
1.004,36663,2
0.7106666666666667,0,0
0.818,13469,0
0.8386666666666667,59380,0
0.5566666666666666,43290,1
0.8613333333333333,14626,1
0.908,16196,0
0.7513333333333333,48327,0
0.8166666666666667,31432,1
0.5293333333333333,24226,1
0.858,54668,2
0.8826666666666667,20868,2
0.9566666666666667,10868,1
0.8653333333333333,21538,1
0.7953333333333333,28034,1
0.886,60725,1
0.604,56835,2
0.822,12918,1
0.7986666666666666,53636,1
0.9726666666666667,13325,1
0.9426666666666667,47285,2
0.864,39048,2
0.9306666666666666,37629,1
0.45666666666666667,50700,2
0.9553333333333334,9310,1
1.0293333333333334,0,0
1.124,25191,2
0.938,9645,0
0.868,12893,0
0.9586666666666667,44084,0
0.6766666666666666,35642,1
0.8946666666666667,0,0
0.9813333333333333,10802,1
1.028,12372,0
0.8713333333333333,36855,0
1.0453333333333332,0,0
0.9366666666666666,23784,1
0.982,29139,1
0.4053333333333333,56360,2
1.0066666666666666,6480,1
1.0806666666666667,0,0
1.1753333333333333,16701,2
0.9893333333333333,6815,0
0.9193333333333333,10063,0
1.01,32764,0
0.946,0,0
1.0326666666666666,7972,1
1.0793333333333333,9542,0
0.9226666666666666,28365,0
1.0966666666666667,0,0
1.0666666666666667,22012,1
0.988,18124,1
0.20333333333333334,0,0
0.43466666666666665,27070,1
0.9526666666666667,43292,2
0.9773333333333334,15180,2
1.0513333333333332,8024,1
1.146,26708,3
0.96,15850,1
0.89,22346,1
0.9806666666666667,46505,1
0.6986666666666667,48303,2
0.9166666666666666,10074,1
1.0033333333333334,18164,2
1.05,21304,1
0.8933333333333333,42260,1
1.0673333333333332,10481,1
0.9586666666666667,30516,2
0.7013333333333334,19654,1
0.9066666666666666,43521,1
0.9313333333333333,11274,1
1.0053333333333334,0,0
1.1,31083,2
0.914,11609,0
0.844,14857,0
0.9346666666666666,51940,0
0.6526666666666666,39570,1
0.8706666666666667,0,0
0.7366666666666667,32996,2
1.004,14336,0
0.8473333333333334,42747,0
1.0213333333333334,0,0
0.9913333333333333,41188,1
0.9126666666666666,27712,1
0.128,0,0
0.5813333333333334,26233,1
1.0266666666666666,23784,1
1.1253333333333333,0,0
1.22,11346,2
1.034,5030,0
0.964,8278,0
1.0546666666666666,25624,0
0.7726666666666666,26412,1
0.9906666666666667,0,0
0.8566666666666667,19838,2
1.124,7757,0
0.9673333333333334,23010,0
1.1113333333333333,14872,1
1.0326666666666666,14554,1
1.0146666666666666,29976,1
1.0393333333333334,6759,1
1.1133333333333333,0,0
1.208,17538,2
1.022,7094,0
1.0426666666666666,33880,0
0.9786666666666667,0,0
0.8446666666666667,23966,2
1.112,9821,0
0.9553333333333334,29202,0
1.1293333333333333,0,0
1.0206666666666666,18682,1
0.612,0,0
0.996,42348,2
1.0206666666666666,14708,2
1.0946666666666667,7788,1
1.1893333333333334,25764,3
1.0033333333333334,15378,1
0.9333333333333333,21874,1
1.024,45325,1
0.742,47595,2
0.96,9838,1
0.826,37734,3
1.0933333333333333,20832,1
0.9366666666666666,41316,1
1.1106666666666667,10245,1
1.0806666666666667,31885,2
1.002,29808,2
0.21733333333333332,37636,1
0.576,0,0
1.0786666666666667,37244,1
1.1033333333333333,12156,1
1.1773333333333333,6512,0
1.272,20660,2
1.086,12826,0
1.016,19322,0
1.1066666666666667,38945,0
0.8246666666666667,43767,1
1.0426666666666666,8562,0
0.9086666666666666,33906,2
1.1293333333333333,15140,1
1.0193333333333334,36212,0
1.1933333333333334,8969,0
1.1633333333333333,25505,1
1.0846666666666667,25980,1
0.7266666666666667,21612,0
0.928,42357,1
0.9526666666666667,10886,1
1.0266666666666666,0,0
1.1213333333333333,29919,2
0.9353333333333333,11221,0
0.8653333333333333,14469,0
0.956,50388,0
0.674,38794,1
0.892,0,0
0.758,32220,2
0.9786666666666667,12378,1
0.8686666666666667,41583,0
1.0426666666666666,0,0
0.934,26936,1
1.0226666666666666,29649,1
0.632,25848,0
1.0473333333333332,6650,1
1.1213333333333333,0,0
1.216,17211,2
1.03,6985,0
0.96,10233,0
1.0506666666666666,33444,0
0.7686666666666667,30322,1
0.9866666666666667,0,0
0.8526666666666667,23748,2
1.0733333333333333,8142,1
0.9633333333333334,28875,0
1.1373333333333333,0,0
1.1073333333333333,22692,1
1.0286666666666666,18464,1
0.8066666666666666,19340,0
0.848,49173,1
0.8726666666666667,13158,1
0.9466666666666667,0,0
1.0413333333333334,36735,2
0.8553333333333333,13493,0
0.7853333333333333,16741,0
0.876,59476,0
0.594,43338,1
0.812,0,0
0.8986666666666666,14650,1
0.7886666666666666,48399,0
0.9626666666666667,0,0
0.9326666666666666,48724,1
0.854,31480,1
0.7626666666666667,22900,0
0.892,38493,1
0.9166666666666666,9598,1
0.9906666666666667,0,0
1.0853333333333333,26055,2
0.8993333333333333,9933,0
0.8293333333333334,13181,0
0.92,45236,0
0.638,36218,1
0.856,0,0
0.722,29644,2
0.9426666666666667,11090,1
1.0066666666666666,0,0
0.9766666666666667,34484,1
0.898,24360,1
0.8213333333333334,47325,1
0.6766666666666666,59607,0
0.846,12542,1
0.92,0,0
1.0146666666666666,34887,2
0.8286666666666667,12877,0
0.7586666666666667,16125,0
0.5673333333333334,42106,1
0.7853333333333333,0,0
0.6513333333333333,35532,2
0.872,14034,1
0.9186666666666666,15604,0
0.936,0,0
0.906,46260,1
0.8273333333333334,30248,1
0.5313333333333333,72105,0
0.9666666666666667,34827,1
0.9913333333333333,8376,1
1.0653333333333332,0,0
1.16,22389,2
0.974,8711,0
0.904,11959,0
0.9946666666666667,40348,0
0.7126666666666667,33774,1
0.9306666666666666,0,0
0.7966666666666666,27200,2
1.0173333333333334,9868,1
1.064,11438,0
1.0813333333333333,0,0
1.0513333333333332,29596,1
0.9726666666666667,21916,1
0.986,44264,1
0.512,49156,0
1.0106666666666666,15666,1
1.0846666666666667,8267,0
1.1793333333333333,27680,2
0.9933333333333333,16336,0
0.9233333333333333,22832,0
1.014,47720,0
0.732,49032,1
0.95,10317,0
0.816,39171,2
1.0366666666666666,18650,1
1.0833333333333333,21790,0
1.1006666666666667,10724,0
1.0706666666666667,34280,1
0.992,31245,1
0.20733333333333334,38115,0
1.06,30235,1
0.438,29597,0
1.0846666666666667,8442,1
1.1586666666666667,6496,0
1.2533333333333334,9505,2
1.0673333333333332,9447,0
0.9973333333333333,19191,0
1.088,27150,0
0.806,45300,1
1.024,10596,0
0.89,32152,2
1.1106666666666667,12918,1
1.1573333333333333,17628,0
1.1746666666666667,11410,0
1.1446666666666667,11022,1
1.066,21584,1
0.2813333333333333,66192,0
0.7153333333333334,0,0
0.9566666666666667,39249,1
0.9813333333333333,9850,1
1.0553333333333332,0,0
1.15,26811,2
0.964,10185,0
0.894,13433,0
0.9846666666666667,46244,0
0.7026666666666667,36722,1
0.9206666666666666,0,0
0.7866666666666666,30148,2
1.0073333333333334,11342,1
1.054,12912,0
0.8973333333333333,38475,0
1.0413333333333334,35492,1
0.9626666666666667,24864,1
1.0033333333333334,28710,1
0.6686666666666666,0,0
1.028,6337,1
1.102,0,0
1.1966666666666668,16272,2
1.0106666666666666,6672,0
0.9406666666666667,9920,0
1.0313333333333334,32192,0
0.7493333333333333,29696,1
0.9673333333333334,0,0
0.8333333333333334,23122,2
1.054,7829,1
1.1006666666666667,9399,0
0.944,27936,0
1.088,21440,1
1.0093333333333334,17838,1
0.22466666666666665,0,0
0.5006666666666667,0,0
1.1713333333333333,22308,1
1.196,4203,1
1.27,0,0
1.3646666666666667,9870,2
1.1786666666666668,4538,0
1.1086666666666667,7786,0
1.1993333333333334,23656,0
0.9173333333333333,25428,1
1.1353333333333333,0,0
1.0013333333333334,18854,2
1.222,5695,1
1.2686666666666666,7265,0
1.112,21534,0
1.256,12904,1
1.1773333333333333,13570,1
0.39266666666666666,0,0
0.7953333333333333,0,0
0.8766666666666667,42972,1
0.9013333333333333,11091,1
0.9753333333333334,0,0
1.07,30534,2
0.884,11426,0
0.814,14674,0
0.9046666666666666,51208,0
0.6226666666666667,39204,1
0.8406666666666667,0,0
0.7066666666666667,32630,2
0.9273333333333333,12583,1
0.974,14153,0
0.8173333333333334,42198,0
0.9613333333333334,40456,1
0.8826666666666667,27346,1
0.098,0,0
1.1033333333333333,35644,1
0.5386666666666666,68343,1
1.128,11356,1
1.202,6112,0
1.2966666666666666,19060,2
1.1106666666666667,12026,0
1.0406666666666666,18522,0
1.1313333333333333,36945,0
0.8493333333333334,42567,1
1.0673333333333332,8162,0
0.9333333333333333,32706,2
1.154,14340,1
1.2006666666666668,17480,0
1.044,34612,0
1.218,8569,0
1.1093333333333333,24780,1
0.32466666666666666,35960,0
0.574,53950,0
1.068,23585,2
1.0926666666666667,4452,2
1.1666666666666667,3836,1
1.2613333333333334,2855,3
1.0753333333333333,5457,1
1.0053333333333334,15201,1
1.096,19170,1
0.814,39980,2
1.032,7936,1
0.898,26832,3
1.1186666666666667,8928,2
1.1653333333333333,13638,1
1.0086666666666666,22295,1
1.1826666666666668,8750,1
1.074,16264,2
0.28933333333333333,63532,1
0.614,68178,1
1.028,35864,1
1.0526666666666666,11466,1
1.1266666666666667,6167,0
1.2213333333333334,19280,2
1.0353333333333334,12136,0
0.9653333333333334,18632,0
1.056,37220,0
0.774,42732,1
0.992,8217,0
0.858,32871,2
1.0786666666666667,14450,1
1.1253333333333333,17590,0
0.9686666666666667,34832,0
1.1426666666666667,8624,0
1.034,24945,1
0.24933333333333332,36015,0
0.65,21340,1
0.9133333333333333,55644,1
0.938,21356,1
1.012,11112,0
1.1066666666666667,39060,2
0.9206666666666666,22026,0
0.8506666666666667,28522,0
0.9413333333333334,61945,0
0.6593333333333333,57567,1
0.8773333333333333,13162,0
0.7433333333333333,47706,2
0.964,24340,1
1.0106666666666666,27480,0
0.854,54612,0
1.028,13569,0
0.998,48505,1
0.13466666666666666,40960,0
0.568,26715,0
0.9953333333333333,34144,2
1.02,10606,2
1.094,5737,1
1.1886666666666668,17560,3
1.0026666666666666,11276,1
0.9326666666666666,17772,1
1.0233333333333334,35070,1
0.7413333333333333,41442,2
0.9593333333333334,7787,1
0.8253333333333334,31581,3
1.046,13590,2
1.0926666666666667,16730,1
0.936,33112,1
1.11,8194,1
1.08,21630,2
0.21666666666666667,35585,1
0.6813333333333333,42060,1
0.882,42663,1
0.9066666666666666,10988,1
0.9806666666666667,0,0
1.0753333333333333,30225,2
0.8893333333333333,11323,0
0.8193333333333334,14571,0
0.91,50796,0
0.628,38998,1
0.846,0,0
0.712,32424,2
0.9326666666666666,12480,1
0.9793333333333333,14050,0
0.8226666666666667,41889,0
0.9966666666666667,0,0
0.9666666666666667,40044,1
0.5646666666666667,46720,1
0.9986666666666667,35673,1
1.0233333333333334,8658,1
1.0973333333333333,0,0
1.192,23235,2
1.006,8993,0
0.936,12241,0
1.0266666666666666,41476,0
0.7446666666666667,34338,1
0.9626666666666667,0,0
0.8286666666666667,27764,2
1.0493333333333332,10150,1
1.096,11720,0
0.9393333333333334,34899,0
1.1133333333333333,0,0
1.0833333333333333,30724,1
0.22,0,0
0.6746666666666666,43510,1
0.8886666666666667,40488,1
0.9133333333333333,10263,1
0.9873333333333333,0,0
1.082,28050,2
0.896,10598,0
0.826,13846,0
0.9166666666666666,47896,0
0.6346666666666667,37548,1
0.8526666666666667,0,0
0.7186666666666667,30974,2
0.9393333333333334,11755,1
0.986,13325,0
0.8293333333333334,39714,0
1.0033333333333334,0,0
0.9733333333333334,37144,1
0.11,0,0
0.7786666666666666,53853,1
0.8033333333333333,14718,1
0.8773333333333333,0,0
0.972,41415,2
0.786,15053,0
0.716,18301,0
0.8066666666666666,65716,0
0.8466666666666667,0,0
0.6086666666666667,39884,2
0.8293333333333334,16210,1
0.876,17780,0
0.7193333333333334,53079,0
0.8933333333333333,0,0
0.8633333333333333,54964,1
0.7846666666666666,34600,1
0.664,86180,1
0.7186666666666667,87860,0
0.9686666666666667,46555,1
1.1513333333333333,44680,0
0.7,71728,1
0.30933333333333335,35544,0
1.0093333333333334,44335,1
1.0106666666666666,36760,1
0.8046666666666666,88505,1
0.22466666666666665,74592,1
0.952,33584,1
0.9173333333333333,43960,1
1.0193333333333334,40269,0
0.606,73608,1
0.7846666666666666,36214,0
0.748,82108,1
0.6493333333333333,63732,1
1.1733333333333333,25476,0
0.3233333333333333,68088,1
0.6913333333333334,92336,1
1.276,20105,0
0.42133333333333334,30462,0
0.82,40932,1
0.814,46485,0
1.0093333333333334,42380,1
0.7466666666666667,62768,1
1.0846666666666667,32240,0
0.7326666666666667,38410,0
0.7706666666666667,54054,0
0.49466666666666664,52488,0
1.026,19014,0
1.0286666666666666,23625,0
0.6653333333333333,21766,0
1.1186666666666667,41485,0
1.18,39445,0
0.8186666666666667,53264,1
0.406,126752,1
0.408,66136,0
1.074,26200,1
1.0033333333333334,16526,0
0.9386666666666666,31740,0
0.8926666666666667,42531,0
0.8253333333333334,51408,1
1.2586666666666666,24655,0
0.7153333333333334,37002,0
0.6126666666666667,44606,0
0.41333333333333333,59178,1
0.7533333333333333,74368,1
0.708,66999,0
0.7913333333333333,45159,0
0.6946666666666667,90104,0
0.8173333333333334,63332,1
1.4766666666666666,-37170,1
1.388,-11676,0
0.976,32856,0
0.42733333333333334,94176,1
1.106,41272,0
1.036,21090,0
0.6973333333333334,52380,1
0.8166666666666667,89260,1
0.8666666666666667,29916,0
0.848,31120,0
0.914,36579,0
0.9033333333333333,71936,0
0.6126666666666667,104168,1
0.8706666666666667,69380,0
0.5906666666666667,75534,0
1.062,44704,0
0.5026666666666667,53776,0
0.9453333333333334,33648,1
0.8333333333333334,28132,0
0.7233333333333334,68924,1
0.8486666666666667,27162,0
0.6326666666666667,73764,1
0.822,55916,1
0.812,49368,1
0.7266666666666667,73500,1
1.0466666666666666,28480,1
1.116,61206,0
0.7286666666666667,39510,0
0.968,25472,0
0.614,23161,0
0.45466666666666666,61656,0
0.428,30928,0
0.446,28849,0
1.0146666666666666,46180,0
0.936,58012,0
0.7606666666666667,65460,1
0.836,72285,2
0.8353333333333334,65852,0
1.0373333333333334,56910,1
0.6153333333333333,46894,0
0.7373333333333333,38672,0
0.6953333333333334,95328,0
1.0313333333333334,67062,1
0.8813333333333333,53900,1
1.256,9744,0
0.846,97272,2
0.6913333333333334,106060,1
1.068,58125,0
0.9613333333333334,28374,0
0.312,34416,0
0.244,0,0
1.0966666666666667,23948,0
0.6693333333333333,42828,0
1.0173333333333334,50472,1
0.7373333333333333,60336,0
0.9326666666666666,56328,2
1.154,44166,1
0.8893333333333333,48543,0
0.918,82800,1
0.644,71607,0
0.7706666666666667,40244,0
0.6586666666666666,89780,1
0.9493333333333334,57548,0
0.816,58792,1
0.6146666666666667,23440,0
1.1733333333333333,39115,0
0.566,49086,0
1.03,21652,1
0.7206666666666667,39286,0
0.112,0,0
0.37466666666666665,32702,0
0.356,33304,0
0.772,62224,1
0.652,66042,1
0.8293333333333334,42252,1
0.858,56460,2
0.82,89790,2
0.71,40070,0
0.676,45218,0
0.5726666666666667,0,0
0.47,120608,1
0.968,30939,0
0.7773333333333333,36904,0
0.862,29684,0
0.7873333333333333,39015,1
0.8146666666666667,50337,0
0.6413333333333333,49508,0
1.0226666666666666,27525,0
0.7866666666666666,32886,0
0.6133333333333333,0,0
0.6613333333333333,42014,1
0.7833333333333333,17667,0
0.824,33706,0
0.5973333333333334,104624,0
0.6986666666666667,99456,0
0.8113333333333334,69596,0
0.9026666666666666,27790,0
0.7153333333333334,111160,1
0.8746666666666667,59696,1
0.798,58884,0
0.644,46744,0
0.532,52280,0
0.8973333333333333,48784,1
0.528,90312,0
0.36,30870,0
0.9,40965,0
0.6806666666666666,21469,0
0.536,55196,0
0.942,46295,1
0.8866666666666667,46431,0
0.6886666666666666,110900,1
0.7873333333333333,70795,1
0.24,35310,0
0.23466666666666666,34230,0
0.292,0,0
1.0493333333333332,27681,0
0.5473333333333333,0,0
0.484,57392,0
0.7273333333333334,81152,1
0.796,71740,1
0.9186666666666666,61235,1
0.9206666666666666,35352,0
0.5046666666666667,83997,0
0.518,79479,1
0.9053333333333333,23380,0
0.7653333333333333,60360,1
0.626,21943,0
0.49,0,0
0.7153333333333334,67134,0
0.536,85380,0
0.47333333333333333,60452,0
0.7773333333333333,59718,0
0.5746666666666667,49408,0
1.126,21735,1
0.8966666666666666,29228,0
0.8586666666666667,47763,0
0.6433333333333333,124980,1
0.496,57116,0
0.6813333333333333,85292,1
0.6593333333333333,84532,1
0.48533333333333334,28926,0
0.7486666666666667,78960,1
0.604,49970,0
0.5006666666666667,0,0
0.9846666666666667,68050,0
0.8946666666666667,46960,1
0.6613333333333333,43282,0
0.544,26646,0
1.0293333333333334,42724,0
0.6666666666666666,69954,0
1.0113333333333334,30741,0
0.9446666666666667,46628,1
0.5973333333333334,51224,0
0.352,66600,0
1.198,18780,0
0.4533333333333333,64016,0
1.02,32540,1
0.952,49250,1
0.6686666666666666,41482,0
0.9593333333333334,38451,0
0.8293333333333334,73408,0
0.8306666666666667,31170,0
0.634,96232,1
0.7666666666666667,60354,0
0.7233333333333334,55245,1
0.6573333333333333,42912,0
0.7526666666666667,32202,0
0.868,72450,1
0.6226666666666667,64908,0
0.6333333333333333,67848,1
0.22466666666666665,0,0
0.7133333333333334,59124,1
0.9326666666666666,59470,1
0.932,46944,1
0.6886666666666666,56565,0
0.696,57012,1
0.6226666666666667,70815,0
0.782,69268,1
0.7813333333333333,30328,0
0.4686666666666667,27727,0
0.518,26727,0
0.8226666666666667,56464,1
0.6746666666666666,20268,0
0.8193333333333334,59874,0
0.5206666666666667,54398,0
0.6913333333333334,65877,0
0.588,51816,0
0.9353333333333333,43002,0
0.7286666666666667,39190,0
0.452,64420,0
0.8913333333333333,26690,0
0.948,44420,1
0.7273333333333334,20651,0
0.506,26383,0
0.6226666666666667,47308,0
0.4513333333333333,88308,1
0.62,76674,0
0.86,38016,1
0.6986666666666667,21610,0
0.8833333333333333,29710,0
0.82,75594,2
0.6966666666666667,60690,1
0.916,76630,1
0.588,82086,0
0.7513333333333333,95050,1
0.8453333333333334,51117,0
0.9986666666666667,43616,1
0.6986666666666667,67512,0
0.6886666666666666,45230,0
0.704,70752,0
0.6173333333333333,44856,0
0.782,59804,1
0.8006666666666666,84488,0
0.7046666666666667,18985,0
0.8973333333333333,98940,1
0.7133333333333334,64086,0
0.7406666666666667,36730,0
1.018,31203,0
0.9166666666666666,84760,0
0.734,35798,0
0.6786666666666666,37932,0
0.746,34766,0
0.9153333333333333,42609,0
0.7033333333333334,65901,0
0.7033333333333334,58803,0
0.768,57117,0
0.664,43580,0
0.8646666666666667,90250,0
0.18666666666666668,38014,0
0.978,33855,0
0.536,26144,0
0.4713333333333333,115384,1
0.772,50220,1
0.9693333333333334,45740,1
0.5186666666666667,0,0
0.79,70092,0
0.748,104046,2
0.8606666666666667,70584,2
0.9213333333333333,58820,0
0.562,71247,0
1.1813333333333333,5770,1
0.7153333333333334,94505,1
0.7926666666666666,34534,0
0.578,67713,1
0.5406666666666666,25351,0
0.812,51400,1
0.8353333333333334,52941,0
0.7013333333333334,68880,0
1.0466666666666666,13464,0
0.7106666666666667,62214,0
0.12933333333333333,0,0
0.3993333333333333,0,0
0.5306666666666666,58504,0
0.914,54388,0
0.6313333333333333,69315,0
0.3406666666666667,99378,1
0.7726666666666666,54267,0
1.218,31400,0
0.292,34212,0
0.8326666666666667,29122,0
0.7386666666666667,18732,0
0.972,62524,0
0.6593333333333333,75068,1
0.982,65770,0
0.9713333333333334,37388,0
0.544,49548,0
0.9233333333333333,52524,0
0.7386666666666667,16366,0
0.972,53060,0
0.534,24885,0
0.698,19567,0
0.9313333333333333,65864,0
0.562,23479,0
0.836,56080,1
0.446,29103,0
1.0393333333333334,46728,0
0.862,44404,1
0.536,26398,0
0.5113333333333333,26007,0
0.582,22801,0
1.1073333333333333,48970,0
0.378,0,0
1.1046666666666667,70188,0
1.094,39455,0
0.9346666666666666,43072,1
0.7886666666666666,17155,0
0.7866666666666666,47325,1
0.582,72882,1
0.73,38582,0
0.7553333333333333,64482,0
0.51,87546,0
1.1213333333333333,26080,1
0.9753333333333334,23206,0
0.576,56384,0
0.852,105300,1
1.132,28425,0
0.7366666666666667,90632,0
0.9713333333333334,33657,0
0.806,32474,0
1.0393333333333334,65680,0
1.0546666666666666,30240,1
0.884,11800,0
1.1173333333333333,34796,0
0.6793333333333333,20319,0
0.754,34670,0
0.6966666666666667,111460,1
0.9873333333333333,71170,0
0.5493333333333333,51708,0
1.0813333333333333,30500,1
1.1686666666666667,46930,0
0.6726666666666666,19703,0
0.6153333333333333,98640,1
0.8953333333333333,38385,0
0.5686666666666667,107600,1
0.8133333333333334,47130,1
0.7426666666666667,51588,0
0.6006666666666667,93424,2
0.6746666666666666,61614,0
0.7773333333333333,50208,0
0.804,50364,0
0.7493333333333333,57248,1
0.6946666666666667,19590,0
0.5206666666666667,59714,0
0.8333333333333334,32864,0
0.6846666666666666,35582,0
0.6933333333333334,61158,1
0.5686666666666667,46830,0
0.5306666666666666,82140,0
0.6326666666666667,93976,0
0.8293333333333334,62152,1
0.7613333333333333,47772,1
0.9426666666666667,51580,1
0.5846666666666667,109112,0
0.6406666666666667,67917,0
0.744,45660,1
0.6946666666666667,17224,0
0.5586666666666666,23526,0
1.0086666666666666,53965,1
0.8393333333333334,77135,1
0.45,0,0
0.8086666666666666,81128,0
0.8393333333333334,38373,1
0.42,31768,0
0.7393333333333333,50367,1
0.79,53908,1
0.496,108932,1
0.716,41384,0
0.8186666666666667,33780,0
0.656,40176,0
0.36733333333333335,66372,1
0.61,47370,0
0.5586666666666666,25892,0
0.55,52902,0
0.5686666666666667,25287,0
0.9006666666666666,24966,0
0.7553333333333333,39294,0
0.5113333333333333,26261,0
0.45266666666666666,29087,0
0.49066666666666664,0,0
1.0033333333333334,49784,0
0.9686666666666667,31785,0
0.436,61666,1
0.9046666666666666,69738,1
0.5713333333333334,74988,1
0.7553333333333333,110190,0
0.446,60456,1
0.5813333333333334,47802,1
0.586,98112,1
0.6086666666666667,24315,0
0.7533333333333333,61170,0
0.6906666666666667,70680,0
0.27266666666666667,67500,1
0.5353333333333333,79602,1
0.5166666666666667,81408,1
0.7633333333333333,80575,1
0.8273333333333334,57354,0
0.686,40298,0
0.8833333333333333,67544,0
0.8246666666666667,50973,0
0.844,47712,0
0.6226666666666667,77913,0
1.0086666666666666,42135,1
0.9113333333333333,26278,0
0.7553333333333333,106740,1
0.724,44724,0
0.6886666666666666,49962,0
0.8453333333333334,42387,0
0.8193333333333334,51144,0
0.7386666666666667,46808,0
0.6893333333333334,134028,1
0.8586666666666667,56052,0
0.7806666666666666,87200,0
0.5286666666666666,111488,1
0.7833333333333333,81672,0
0.626,46794,0
0.9166666666666666,35079,0
0.8433333333333334,55420,1
0.942,58125,1
0.9826666666666667,42120,1
0.6806666666666666,62169,0
0.794,16255,0
1.0133333333333334,34053,0
0.9946666666666667,50060,0
0.6326666666666667,22559,0
0.7953333333333333,53217,0
0.828,66620,1
0.69,37742,0
0.534,135400,1
0.786,33602,0
0.9586666666666667,47152,1
0.8713333333333333,28046,0
0.27466666666666667,0,0
0.8853333333333333,56208,0
0.39466666666666667,30410,0
0.48733333333333334,29491,0
0.706,66108,1
0.6573333333333333,46388,0
0.4686666666666667,30093,0
0.6013333333333334,23556,0
0.44333333333333336,0,0
0.46,61304,0
0.862,42105,1
0.3233333333333333,33607,0
0.41333333333333333,29152,0
0.4573333333333333,28294,0
0.24866666666666667,0,0
0.8353333333333334,72305,1
0.6673333333333333,69633,0
0.43,59806,0
1.2313333333333334,23412,0
0.996,64005,0
0.2886666666666667,34395,0
0.9933333333333333,62058,1
1.0586666666666666,27368,1
0.36466666666666664,31341,0
0.6473333333333333,43666,0
0.738,53277,0
0.97,34641,0
0.47733333333333333,56106,1
0.7173333333333334,62370,0
0.9253333333333333,44826,0
0.27666666666666667,0,0
0.8813333333333333,47400,0
0.784,35650,0
0.8906666666666667,40734,0
0.764,16240,0
0.918,23566,0
0.794,54951,0
0.49,55194,0
0.586,78384,0
1.1226666666666667,39535,0
0.5853333333333334,51940,0
0.5186666666666667,58332,0
0.802,79264,0
0.24533333333333332,36452,0
0.528,53888,0
0.9033333333333333,33765,1
0.6986666666666667,59322,1
0.6813333333333333,94756,1
0.9613333333333334,35472,0
0.534,27251,0
0.7486666666666667,32510,0
0.7006666666666667,40078,0
0.6406666666666667,98096,1
0.9206666666666666,37977,0
0.49333333333333335,28086,0
0.6326666666666667,101456,1
0.9233333333333333,69224,0
0.4653333333333333,29604,0
0.6013333333333334,23302,0
1.022,56216,0
0.584,25674,0
1.02,76044,1
0.876,64520,1
0.9526666666666667,49532,0
0.5253333333333333,55620,0
1.0553333333333332,37236,1
0.9093333333333333,37779,0
0.7046666666666667,63336,0
0.7486666666666667,18127,0
0.9086666666666666,24870,0
0.8513333333333334,86960,1
1.142,46670,0
0.704,41908,0
0.9,54740,1
1.158,22316,0
0.906,66408,0
0.8373333333333334,50856,1
0.6913333333333334,19101,0
0.9246666666666666,64000,0
0.574,82938,0
0.8486666666666667,45105,0
0.5386666666666666,50772,0
0.9406666666666667,34497,1
0.74,76400,0
0.5986666666666667,70776,0
0.7473333333333333,78440,1
0.7286666666666667,103870,1
0.946,40212,1
0.934,28766,0
0.7033333333333334,71636,1
0.9073333333333333,48595,1
0.776,18976,0
0.564,84753,0
0.81,75380,2
0.5926666666666667,73830,0
0.9073333333333333,33303,1
0.7773333333333333,66544,1
0.8433333333333334,41865,0
0.49733333333333335,54028,0
0.7146666666666667,55206,1
0.738,40566,0
0.8013333333333333,59232,1
0.36533333333333334,70184,0
0.98,31808,1
0.6653333333333333,93096,0
0.4493333333333333,61596,0
0.43066666666666664,62800,0
0.7493333333333333,66712,1
0.844,29444,0
0.9073333333333333,60425,1
0.5186666666666667,104444,1
0.5826666666666667,49442,0
0.564,77655,0
0.7873333333333333,82625,1
0.22466666666666665,0,0
0.48733333333333334,27125,0
0.9393333333333334,23242,0
0.478,117248,1
0.804,76400,1
0.6366666666666667,43150,0
1.0493333333333332,37960,1
0.8073333333333333,49005,0
0.7246666666666667,18691,0
0.8593333333333333,75368,0
0.6086666666666667,21239,0
0.6273333333333333,20637,0
0.944,35718,0
0.934,24034,0
1.0666666666666667,41800,0
0.982,45704,1
0.6,74181,0
1.1046666666666667,32976,0
0.944,27556,0
1.104,24258,0
0.8106666666666666,30376,0
0.99,24927,0
1.03,18418,0
1.028,31316,1
0.9313333333333333,24922,0
1.1506666666666667,18588,0
0.33466666666666667,36138,0
1.15,13467,0
1.1253333333333333,7708,0
1.1766666666666667,13623,0
0.156,0,0
0.914,23514,0
0.6746666666666666,38168,0
0.844,34176,0
0.8033333333333333,35846,0
0.88,43088,1
0.7953333333333333,37526,0
0.69,66066,0
1.0146666666666666,43796,0
0.778,36118,0
0.776,16610,0
0.9086666666666666,45129,0
0.826,17399,0
0.5386666666666666,55896,0
0.8386666666666667,64520,0
0.7913333333333333,35158,0
0.7286666666666667,19345,0
0.446,85068,1
0.8946666666666667,70500,1
0.398,96420,1
0.436,56934,1
0.9453333333333334,64728,1
1.1126666666666667,27412,0
0.9766666666666667,52620,0
0.836,90170,0
0.35733333333333334,65548,0
0.6013333333333334,78480,0
0.5286666666666666,130000,1
0.4806666666666667,148920,1
0.45,123320,1
0.894,31022,0
0.8313333333333334,31906,0
0.4826666666666667,93492,0
0.7226666666666667,51933,1
0.498,57226,0
0.656,72060,0
0.6306666666666667,96520,1
0.612,126470,1
0.7173333333333334,70836,0
0.718,63750,0
0.6326666666666667,51020,0
0.512,91248,0
0.7793333333333333,62526,0
0.5586666666666666,49416,0
0.7233333333333334,78388,1
0.8853333333333333,32116,0
0.554,84972,0
0.63,46014,0
0.638,98296,0
0.5753333333333334,79020,0
0.778,67576,0
0.9806666666666667,40550,1
0.4513333333333333,92484,1
0.6913333333333334,94872,0
0.5486666666666666,26853,0
0.4186666666666667,64776,0
0.658,70056,0
0.6393333333333333,71862,0
0.6846666666666666,19663,0
0.49533333333333335,91812,0
0.99,20362,0
0.6313333333333333,72906,0
0.734,87816,0
0.6886666666666666,41454,0
0.5793333333333334,107416,0
0.23466666666666666,0,0
0.7586666666666667,32572,0
1.0473333333333332,24873,0
0.9113333333333333,43779,0
0.638,44334,0
1.014,32373,0
0.6313333333333333,43402,0
0.6626666666666666,68406,0
0.82,13336,0
1.0793333333333333,14902,0
0.9893333333333333,20312,0
0.6546666666666666,70926,0
0.656,67008,0
1.07,27909,0
0.7646666666666667,37570,0
0.8593333333333333,47073,0
0.966,49996,0
1.004,41172,0
0.9686666666666667,58385,1
1.1306666666666667,24414,0
0.3953333333333333,61136,0
0.8753333333333333,45261,0
0.37,0,0
0.5413333333333333,48008,0
0.4646666666666667,28247,0
0.37,63608,1
0.45266666666666666,117792,1
0.43866666666666665,31166,0
0.5566666666666666,80826,0
0.6373333333333333,68814,0
0.7673333333333333,34806,0
0.7246666666666667,63700,1
0.7246666666666667,73164,1
0.8866666666666667,29504,0
0.4,32446,0
0.604,48512,0
0.38866666666666666,62404,1
0.5166666666666667,85860,0
0.6386666666666667,47592,0
0.7493333333333333,51738,1
0.934,34347,0
0.5253333333333333,75792,1
0.952,28740,1
0.7313333333333333,57345,0
0.818,44679,1
0.638,66159,1
1.0453333333333332,19926,0
1.0746666666666667,15568,1
0.9846666666666667,33388,1
0.7426666666666667,38980,0
0.9226666666666666,24660,0
1.1493333333333333,9940,1
0.668,21394,0
1.128,8620,1
0.5553333333333333,26971,0
0.438,112576,2
0.9026666666666666,57248,0
0.7133333333333334,80580,2
0.5506666666666666,99732,2
1.0233333333333334,41856,2
0.31733333333333336,70960,0
0.48,61384,0
0.6833333333333333,84584,1
0.6626666666666666,66168,0
0.4,60992,1
0.946,63530,0
0.86,65596,1
0.8333333333333334,79585,0
1.0573333333333332,52842,1
0.636,70527,0
1.17,19380,1
0.24,38436,0
0.9573333333333334,44120,0
1.2153333333333334,3548,0
0.9733333333333334,43790,1
0.252,36918,0
1.086,15905,1
0.502,52038,1
0.6993333333333334,73708,1
0.494,27591,0
0.38133333333333336,33168,0
0.51,85476,1
0.7626666666666667,57747,1
0.8066666666666666,55173,1
0.836,50580,0
0.666,41654,0
0.9093333333333333,46509,0
0.64,47492,0
0.9233333333333333,57584,0
0.596,49208,0
0.8793333333333333,61016,0
0.786,18371,0
0.6993333333333334,89656,0
1.0246666666666666,24795,0
0.47733333333333333,60104,0
1.108,17838,0
0.652,44456,0
0.5673333333333334,51194,0
0.8693333333333333,29192,0
0.6113333333333333,49478,0
1.1486666666666667,10305,0
0.428,60492,0
1.0493333333333332,14872,0
0.7813333333333333,36956,0
0.5953333333333334,24265,0
0.784,34192,0
0.49133333333333334,89568,1
0.368,68080,0
0.26466666666666666,108540,1
0.32866666666666666,103932,1
1.044,34748,1
0.6793333333333333,67044,1
0.52,55972,0
1.1906666666666668,19764,0
0.554,52122,0
0.8686666666666667,66480,0
0.296,72408,0
0.30266666666666664,35478,0
0.826,55806,0
0.5633333333333334,79140,0
0.6953333333333334,41586,0
0.742,37106,0
0.43733333333333335,61872,0
1.1886666666666668,9804,1
0.8513333333333334,84790,1
1.024,19856,0
0.6866666666666666,73305,0
1.034,22353,0
0.6966666666666667,87832,0
0.986,33705,0
0.6486666666666666,102968,0
1.024,15124,0
0.6866666666666666,66207,0
0.9833333333333333,21526,0
0.646,75810,0
0.8213333333333334,35188,0
0.664,69573,0
0.8673333333333333,27994,0
0.618,80364,0
0.7313333333333333,40598,0
0.754,61458,0
0.6633333333333333,22187,0
0.822,74392,0
1.1566666666666667,23980,0
0.8193333333333334,102510,0
1.074,16702,0
0.7366666666666667,68574,0
1.072,27884,1
0.47,60596,0
1.0153333333333334,31461,0
0.9126666666666666,40497,0
0.2906666666666667,36996,0
1.1946666666666668,15156,0
0.4513333333333333,94386,0
1.0913333333333333,22299,0
0.7486666666666667,105970,1
0.754,87760,0
0.6013333333333334,49512,0
1.194,10893,0
0.8566666666666667,72552,0
1.1693333333333333,5992,0
0.8266666666666667,67028,1
0.832,52509,0
1.0393333333333334,25593,0
0.702,92152,0
1.2206666666666666,11049,0
0.878,87220,1
0.8833333333333333,72760,0
0.958,21798,0
0.6206666666666667,76218,0
0.9766666666666667,20594,0
0.6393333333333333,74412,0
0.6526666666666666,82668,1
0.4653333333333333,53800,0
0.41933333333333334,60994,0
0.6233333333333333,66921,0
0.6206666666666667,96844,0
0.538,53134,0
0.6833333333333333,126000,2
0.47933333333333333,86109,0
0.6586666666666666,88020,0
0.5033333333333333,80241,0
0.422,58230,0
0.7713333333333333,50709,1
0.788,74150,1
0.5186666666666667,113908,1
0.644,106130,1
0.5826666666666667,54174,0
0.604,89368,1
0.8233333333333334,87168,1
0.6626666666666666,80248,1
0.8226666666666667,71850,1
0.798,54940,1
0.668,96350,1
0.344,0,0
0.5406666666666666,27717,0
0.5813333333333334,24516,0
0.62,65700,1
0.71,57585,1
0.854,43833,0
0.778,69228,1
0.7753333333333333,96055,1
0.6926666666666667,64701,1
0.634,94812,1
0.41333333333333333,62616,0
0.6526666666666666,67617,1
0.8126666666666666,67388,1
0.788,48636,1
0.658,86988,1
0.8393333333333334,67596,1
0.354,29119,0
0.6166666666666667,43806,0
0.6426666666666667,62334,1
0.5506666666666666,50480,0
0.5913333333333334,44078,0
0.9273333333333333,48924,1
0.622,65139,1
0.682,79676,1
0.642,63105,1
0.8613333333333333,66105,1
0.526,118232,0
0.758,67460,1
0.8873333333333333,52460,1
0.306,32903,0
0.6246666666666667,60993,1
0.6906666666666667,50982,1
0.65,60585,1
0.9366666666666666,65845,1
0.6773333333333333,76216,1
0.6313333333333333,90604,1
0.9326666666666666,22310,0
0.7966666666666666,34914,0
0.8326666666666667,98190,1
0.6913333333333334,104285,1
0.8706666666666667,84954,1
0.87,70005,1
0.2966666666666667,0,0
0.5593333333333333,24749,0
0.7246666666666667,63045,0
0.8893333333333333,67690,1
0.6726666666666666,71112,1
0.7573333333333333,68184,0
0.64,53312,0
0.742,35546,0
0.94,59352,0
0.5806666666666667,24467,0
0.8433333333333334,34502,0
0.6746666666666666,17902,0
0.634,21103,0
1.0986666666666667,27624,1
0.63,77692,1
0.984,25612,0
1.0013333333333334,35664,0
0.868,30708,0
0.518,26473,0
0.8933333333333333,30436,0
1.1446666666666667,13236,1
0.574,76491,1
0.514,58880,0
0.9953333333333333,28167,0
0.2753333333333333,0,0
0.538,26733,0
0.5126666666666667,26869,0
1.0086666666666666,38444,1
0.758,46233,1
0.5033333333333333,53768,1
0.4706666666666667,29836,0
0.854,32966,0
1.0406666666666666,32529,0
0.41133333333333333,0,0
0.608,23768,0
0.786,32998,0
0.7673333333333333,39070,0
0.758,80536,0
0.9466666666666667,38511,0
0.8433333333333334,32962,0
0.946,25358,0
0.9213333333333333,12044,0
0.71,19947,0
0.742,37086,0
0.676,43760,0
0.7853333333333333,100404,1
0.7153333333333334,92616,0
0.536,89556,0
0.5033333333333333,85014,1
0.7393333333333333,61341,0
0.3953333333333333,63336,1
0.7026666666666667,76360,1
0.654,113200,1
0.6726666666666666,73182,0
0.4533333333333333,32208,0
0.614,80022,0
0.394,0,0
0.6566666666666666,22803,0
0.5906666666666667,26140,0
0.6313333333333333,22939,0
0.6853333333333333,89520,1
0.536,100748,1
0.7006666666666667,106260,2
0.6906666666666667,100935,2
0.7386666666666667,82015,2
0.892,56524,1
0.824,48057,1
0.472,63064,0
0.6706666666666666,115070,1
0.8293333333333334,58292,1
0.666,45850,0
0.5206666666666667,54982,0
0.6293333333333333,64677,1
0.56,51686,0
0.9713333333333334,34035,0
0.65,46276,0
0.51,145180,1
0.65,73776,0
0.7526666666666667,62370,0
0.3353333333333333,32155,0
0.5166666666666667,56116,0
0.598,49878,0
0.532,56552,0
0.7873333333333333,92470,1
0.43933333333333335,59638,0
0.6513333333333333,87892,1
0.3873333333333333,65016,1
0.69,93904,0
0.7926666666666666,78696,0
0.29533333333333334,0,0
0.558,26055,0
0.582,80418,0
0.568,78924,1
0.8133333333333334,85025,1
0.356,34154,0
0.38066666666666665,32541,0
0.6066666666666667,98776,1
0.952,45564,0
0.5733333333333334,54976,0
0.8493333333333334,60772,0
0.874,79140,0
0.5146666666666667,50914,0
0.7773333333333333,54723,0
0.3626666666666667,34620,0
0.574,103096,0
0.7006666666666667,56265,1
0.5413333333333333,81021,0
0.7913333333333333,33850,0
0.7093333333333334,63957,0
0.7606666666666667,88024,0
0.498,87666,0
0.6166666666666667,23775,0
0.5506666666666666,27112,0
0.5913333333333334,23911,0
0.7813333333333333,35060,0
0.72,90860,1
0.7433333333333333,56511,0
0.7673333333333333,89015,1
0.7126666666666667,39766,0
0.586,129910,1
0.4706666666666667,62580,0
0.6313333333333333,103024,0
0.41133333333333333,29101,0
0.658,65541,0
0.6786666666666666,42664,0
0.8606666666666667,52252,1
0.8446666666666667,27942,0
0.514,25299,0
0.7513333333333333,36438,0
0.6333333333333333,42424,0
0.9,62888,0
0.48933333333333334,0,0
0.7266666666666667,17584,0
0.998,35820,1
0.706,71852,1
0.598,77070,0
0.8433333333333334,31654,0
0.35933333333333334,30199,0
0.622,45966,0
0.5966666666666667,46238,0
0.6846666666666666,65697,0
0.8493333333333334,72110,1
0.9726666666666667,25462,0
0.4766666666666667,55326,0
0.392,57278,1
0.8193333333333334,78904,0
0.6,55080,0
1.03,30561,0
0.6066666666666667,24380,0
0.5866666666666667,86552,1
0.5686666666666667,51374,0
0.634,85076,1
0.584,23136,0
0.6546666666666666,64269,1
0.3373333333333333,34756,0
0.674,43770,0
0.7766666666666666,36166,0
0.752,17448,0
0.6526666666666666,73204,1
0.7773333333333333,41176,0
0.98,16840,0
0.492,29392,0
0.7113333333333334,64734,0
0.608,50444,0
0.7106666666666667,42840,0
0.556,52640,0
0.746,51117,1
0.44733333333333336,57958,0
0.612,86008,1
0.602,71937,1
0.5433333333333333,51646,0
0.7166666666666667,37358,0
0.7353333333333333,19811,0
0.714,61749,0
0.5726666666666667,50150,0
0.542,55844,0
0.6486666666666666,44042,0
0.8146666666666667,49680,0
0.7053333333333334,54312,1
1.0386666666666666,25626,0
0.612,72678,0
0.746,56739,0
0.48933333333333334,59828,0
0.9406666666666667,36820,1
0.6233333333333333,49202,0
0.8033333333333333,34882,0
1.0153333333333334,36505,1
0.5486666666666666,26505,0
0.7833333333333333,77692,0
0.508,109688,0
0.6706666666666666,90536,0
0.38533333333333336,99330,0
0.6733333333333333,96225,2
0.548,84966,0
0.9106666666666666,75318,2
0.31066666666666665,70028,0
0.5433333333333333,81501,0
0.8266666666666667,89085,0
0.43066666666666664,91134,0
0.5126666666666667,54570,1
0.714,105140,0
0.9826666666666667,53555,1
0.244,75204,0
0.308,72132,0
0.6353333333333333,64791,1
0.5913333333333334,106864,0
0.23333333333333334,37970,0
0.71,78772,1
0.5553333333333333,76947,0
0.6633333333333333,58683,1
0.4053333333333333,89112,1
1.096,23992,0
0.44266666666666665,86580,0
0.776,49050,1
0.7253333333333334,77408,0
0.9833333333333333,36836,0
0.6026666666666667,75120,0
0.6406666666666667,83220,1
0.8606666666666667,44691,0
0.5086666666666667,48238,1
0.462,52718,1
0.7313333333333333,58977,0
0.34933333333333333,63872,1
0.844,42246,0
0.6213333333333333,41816,1
0.572,75330,0
0.5746666666666667,46296,1
0.6186666666666667,68610,0
0.462,57450,1
0.7313333333333333,51879,0
0.5846666666666667,69111,1
0.6086666666666667,45962,0
0.6,72111,1
0.88,48006,0
0.6733333333333333,64944,0
0.644,69537,1
0.49333333333333335,86424,0
1.0133333333333334,39764,0
0.576,50564,0
0.562,26389,0
0.9533333333333334,43935,0
0.606,25531,0
0.416,63528,0
0.7353333333333333,39818,0
0.8253333333333334,30908,0
0.9346666666666666,38160,0
0.608,46172,0
1.332,-6216,0
0.42133333333333334,32284,0
1.0306666666666666,12412,0
0.6706666666666666,20012,0
0.624,22252,0
0.828,32476,0
0.9406666666666667,21322,0
0.8966666666666666,23038,0
0.5573333333333333,52992,0
0.848,14234,0
0.6513333333333333,98760,0
0.7746666666666666,102530,1
0.878,73464,0
0.814,79608,0
0.37333333333333335,99744,0
0.6233333333333333,94472,1
0.792,50313,1
0.6393333333333333,45750,0
0.47,88128,1
0.5926666666666667,50230,0
0.9326666666666666,60336,0
0.232,75480,0
0.8366666666666667,49659,0
1.12,36015,0
0.8373333333333334,66844,0
0.176,39972,0
0.3993333333333333,30619,0
0.6826666666666666,63807,0
0.432,31728,0
0.4786666666666667,29488,0
0.5233333333333333,87258,0
1.1373333333333333,10404,0
0.694,39186,0
0.5346666666666666,54820,0
0.8546666666666667,25952,0
0.952,18900,0
0.37533333333333335,62710,0
0.818,43989,1
0.54,95512,1
0.6533333333333333,22140,0
0.53,79065,1
0.6633333333333333,39326,0
0.5873333333333334,94036,1
0.606,22509,0
1.002,51635,1
0.89,30022,0
0.7426666666666667,64848,1
0.6306666666666667,20896,0
0.6966666666666667,79236,1
0.5846666666666667,24493,0
0.8326666666666667,54028,1
0.7206666666666667,18191,0
0.9006666666666666,58095,1
0.7886666666666666,32606,0
0.898,81138,1
0.786,54621,0
0.8153333333333334,63516,1
0.7033333333333334,20563,0
0.8133333333333334,86994,2
0.7346666666666667,107390,1
0.7013333333333334,57549,1
0.7566666666666667,90075,1
0.6726666666666666,121240,1
0.6446666666666667,45398,0
0.7166666666666667,76524,1
0.6046666666666667,23815,0
0.936,67902,1
0.824,48003,0
0.7753333333333333,67404,1
1.034,18646,0
0.6633333333333333,21535,0
0.8326666666666667,74805,1
0.7206666666666667,39290,0
0.9353333333333333,55795,1
0.8233333333333334,31686,0
0.9106666666666666,42096,1
0.7986666666666666,15208,0
0.7806666666666666,80295,1
0.6686666666666666,41486,0
0.23133333333333334,0,0
0.962,56055,1
0.6006666666666667,22999,0
1.1446666666666667,21352,0
0.6386666666666667,49742,0
0.5366666666666666,55808,1
0.9226666666666666,10426,2
0.9473333333333334,19154,0
0.7833333333333333,30818,0
0.9613333333333334,32280,0
0.5246666666666666,80508,1
1.1453333333333333,33632,0
0.7173333333333334,50838,1
1.0306666666666666,16262,0
0.968,30189,1
0.12266666666666666,41272,0
1.0606666666666666,42272,1
0.5393333333333333,71481,1
0.48,60920,0
0.9553333333333334,24306,1
0.9013333333333333,26094,1
0.62,25010,0
0.9506666666666667,42840,0
1.1093333333333333,13968,1
0.8806666666666667,41142,1
0.8673333333333333,54588,1
0.8733333333333333,24176,0
0.688,40400,1
0.5406666666666666,54248,1
0.798,64748,1
0.5926666666666667,42874,0
0.5693333333333334,47160,0
0.9886666666666667,23547,1
1.2226666666666666,2576,1
1.104,12522,0
0.9953333333333333,35660,1
0.6313333333333333,73356,1
1.0306666666666666,16330,1
0.7873333333333333,46695,0
0.604,44828,1
0.9266666666666666,33000,0
0.7253333333333334,46102,0
0.8586666666666667,34474,0
0.758,19843,0
0.8026666666666666,53328,1
0.826,74320,1
0.9173333333333333,22173,2
1.1073333333333333,7356,3
0.188,38797,1
1.022,31722,1
1.0573333333333332,16590,3
1.0613333333333332,31724,0
0.562,0,0
1.0513333333333332,22410,1
0.732,33744,0
0.742,68832,2
0.9846666666666667,9394,0
1.1446666666666667,-564,2
1.026,10167,1
1.0873333333333333,38160,1
0.9993333333333333,32562,0
0.6653333333333333,45896,0
0.9753333333333334,20964,0
0.7546666666666667,0,0
0.974,40755,1
0.6686666666666666,86376,1
0.7626666666666667,38618,1
0.994,19911,1
0.804,38748,1
0.7526666666666667,69212,1
1.0386666666666666,19312,1
0.7373333333333333,36518,1
0.4026666666666667,52994,2
0.7333333333333333,18991,0
1.062,8225,2
0.9066666666666666,12672,1
0.6653333333333333,49278,1
0.8813333333333333,50412,2
0.9886666666666667,11000,0
0.45866666666666667,26504,0
0.6906666666666667,34772,0
0.8473333333333334,12969,0
0.44666666666666666,72573,2
0.5533333333333333,51346,1
0.8913333333333333,29812,0
1.1866666666666668,-4278,1
0.682,20454,0
0.9306666666666666,44829,1
0.9433333333333334,40272,1
0.9793333333333333,21699,1
1.1033333333333333,3501,1
0.9066666666666666,33654,1
0.5173333333333333,52888,1
0.568,67197,2
0.412,60778,1
1.2026666666666668,-1536,1
0.8846666666666667,44960,2
1.09,27315,1
0.5726666666666667,48640,1
1.048,20190,0
0.22933333333333333,38888,0
0.6793333333333333,39234,0
0.788,44295,2
0.6173333333333333,79124,2
0.8293333333333334,62100,1
0.9906666666666667,27696,0
0.9386666666666666,34977,0
0.7153333333333334,53127,0
0.784,29892,1
0.6026666666666667,80196,0
0.754,82896,1
0.6906666666666667,0,0
0.8606666666666667,27214,0
0.7026666666666667,34982,1
0.9453333333333334,23094,1
0.8586666666666667,36486,1
0.8706666666666667,36171,1
0.712,61716,1
0.902,29007,1
0.796,47736,1
0.638,43588,1
0.646,59724,2
0.5313333333333333,44664,2
0.6806666666666666,57129,1
0.9393333333333334,46012,1
0.7,45652,0
1.0766666666666667,6284,1
1.1033333333333333,23885,1
0.8913333333333333,28706,0
0.6233333333333333,47748,1
0.7986666666666666,52404,0
0.824,49167,1
1.3626666666666667,-46810,1
0.2946666666666667,31429,1
0.25733333333333336,0,0
1.0326666666666666,21650,2
0.47733333333333333,0,0
1.41,-23385,1
0.606,42394,0
0.9746666666666667,20206,0
0.542,55408,0
0.94,13296,0
0.8273333333333334,49236,1
0.6566666666666666,71547,0
1.148,22232,0
0.71,27136,2
0.662,80396,1
0.9673333333333334,23572,0
0.8,65732,1
1.136,28885,1
0.688,40472,0
0.868,53884,2
0.456,30088,0
0.8506666666666667,33396,1
1.0246666666666666,18184,0
1.0446666666666666,30100,1
0.49933333333333335,0,0
1.0113333333333334,9558,0
0.9973333333333333,17326,0
0.8453333333333334,37023,2
1.054,11976,0
0.9413333333333334,27342,0
0.9246666666666666,57920,1
0.9533333333333334,47576,1
1.1413333333333333,12156,1
1.0226666666666666,19707,0
0.8233333333333334,58652,2
1.0286666666666666,44430,1
0.6633333333333333,43020,0
0.966,41500,1
0.856,30526,0
1.012,21819,1
1.09,24174,0
1.132,13760,1
0.814,60256,2
1.282,-29945,2
1.074,18288,2
1.084,9438,0
0.9373333333333334,27936,1
1.12,9132,1
0.6406666666666667,0,0
0.6653333333333333,0,0
0.5506666666666666,0,0
0.7986666666666666,52025,3
0.9213333333333333,42692,1
0.8206666666666667,15365,0
0.9826666666666667,22342,0
0.5806666666666667,41884,2
0.85,40191,1
0.9466666666666667,43336,1
1.0766666666666667,7611,1
0.656,43520,0
1.0546666666666666,19436,1
0.6593333333333333,45000,1
0.856,26894,0
0.7606666666666667,43008,2
0.8246666666666667,68020,2
0.644,39948,0
0.9666666666666667,18624,1
0.6113333333333333,43002,0
0.888,28266,0
0.622,23755,0
0.7273333333333334,37056,0
0.668,61686,1
0.9486666666666667,44408,1
0.8353333333333334,72716,1
0.75,39380,0
0.6586666666666666,43320,1
0.7713333333333333,48741,1
0.8926666666666667,46194,0
0.8493333333333334,29550,0
1.0766666666666667,33500,1
0.8833333333333333,26403,1
1.0166666666666666,8961,1
0.868,56277,0
0.7973333333333333,48921,1
0.834,34092,1
0.7653333333333333,48006,1
0.7406666666666667,58089,1
0.734,42762,2
0.7973333333333333,65148,2
0.9246666666666666,29972,2
0.8,35952,1
0.5346666666666666,79983,1
0.6773333333333333,62079,1
0.78,44601,2
0.626,66021,1
0.5906666666666667,67092,1
0.8533333333333334,54924,2
0.6973333333333334,65163,1
0.7686666666666667,70860,1
0.5553333333333333,68112,2
0.858,35223,0
0.8333333333333334,50812,2
0.7013333333333334,42110,1
0.7633333333333333,30386,0
0.7713333333333333,16755,0
0.7726666666666666,59004,1
0.9166666666666666,63136,1
0.774,36183,1
0.5246666666666666,68397,1
1.22,-12504,1
0.994,13281,1
0.7506666666666667,20490,0
0.9526666666666667,21453,1
0.9553333333333334,41365,2
0.6966666666666667,76756,1
0.346,29966,1
1.0033333333333334,38940,1
0.7846666666666666,18815,0
1.1973333333333334,-11868,2
0.636,22743,1
0.5946666666666667,45002,1
1.2006666666666668,3016,0
1.414,-23022,0
1.198,-884,1
0.718,61266,1
1.0426666666666666,12090,2
0.5686666666666667,36704,2
0.69,37958,1
0.6513333333333333,51302,0
0.626,50980,0
1.304,11276,0
0.7513333333333333,57717,1
0.324,31785,1
1.026,26096,2
1.2566666666666666,-26645,1
1.2426666666666666,-7225,1
1.2626666666666666,-21084,2
0.8886666666666667,49164,1
1.0173333333333334,28384,1
0.7446666666666667,52125,1
1.194,2585,1
0.876,60705,2
1.0813333333333333,38184,1
1.0506666666666666,26256,1
1.028,28839,1
1.074,17684,1
1.024,15846,1
0.8913333333333333,25392,0
0.706,50718,2
0.9113333333333333,44516,1
0.8886666666666667,42534,1
1.06,22336,1
0.676,39982,0
0.748,53013,2
0.96,16116,0
0.7606666666666667,48456,2
0.7626666666666667,37610,0
0.7853333333333333,38373,2
0.9906666666666667,28056,1
0.9206666666666666,22002,1
1.032,28530,2
1.0093333333333334,35020,2
1.196,6688,1
0.3606666666666667,57152,2
1.0833333333333333,37595,1
0.9046666666666666,49072,2
0.63,63093,1
1.0133333333333334,20910,0
0.964,28175,3
0.756,64784,3
0.9613333333333334,52095,2
1.07,21090,0
1.1666666666666667,12800,1
1.034,31842,0
1.054,45235,1
0.8186666666666667,25684,0
1.2006666666666668,3170,1
0.6013333333333334,21975,1
0.7066666666666667,18030,1
1.068,17160,2
0.782,0,0
0.8833333333333333,27752,0
0.8853333333333333,30628,0
1.058,6716,2
0.7166666666666667,57633,1
0.752,42256,0
0.9246666666666666,17618,0
0.8733333333333333,42330,1
0.7866666666666666,45888,1
0.8313333333333334,33616,0
0.952,31688,2
0.5533333333333333,41026,2
1.01,30716,1
0.974,45052,1
0.756,37376,0
0.766,15364,0
0.774,70596,1
0.7693333333333333,12184,1
0.952,18476,0
0.9373333333333334,21306,1
0.6873333333333334,18969,0
0.898,17454,0
1.0173333333333334,24612,0
0.752,37836,0
0.9026666666666666,21256,0
0.7486666666666667,0,0
0.762,31034,0
0.9126666666666666,21544,0
0.6713333333333333,54216,1
0.7666666666666667,31412,1
0.8546666666666667,44736,0
0.914,33116,1
0.84,52872,1
0.9733333333333334,29616,1
0.908,11859,0
0.8546666666666667,39432,0
0.9313333333333333,9716,0
0.788,57660,0
0.8526666666666667,14210,0
1.0206666666666666,18760,1
0.6086666666666667,54390,0
0.808,27092,1
0.616,72348,1
0.8693333333333333,50025,0
0.9886666666666667,20420,0
0.9573333333333334,38799,0
0.8993333333333333,42195,1
0.9333333333333333,25122,0
0.6733333333333333,67119,1
0.5266666666666666,40862,2
0.7826666666666666,50244,1
0.6966666666666667,57402,2
0.652,21536,0
0.7093333333333334,52845,2
0.61,60960,2
0.7626666666666667,66108,2
0.6813333333333333,58704,1
0.9393333333333334,22257,1
0.7766666666666666,42381,1
0.8893333333333333,22002,1
0.6873333333333334,63021,1
0.976,37224,1
0.828,47820,0
0.502,47584,2
1.0213333333333334,33495,0
0.7053333333333334,53100,3
0.924,45924,0
1.136,9856,1
0.7653333333333333,45696,1
0.626,59391,1
0.9613333333333334,33969,0
0.6413333333333333,73276,2
0.7466666666666667,57496,2
1.0453333333333332,21040,1
0.8226666666666667,38904,1
0.8706666666666667,42357,0
0.7953333333333333,34254,0
0.8006666666666666,44361,1
0.5666666666666667,57280,0
0.6726666666666666,44794,0
1.0893333333333333,10370,2
0.706,43730,0
1.0266666666666666,15459,1
1.1073333333333333,14016,1
0.862,44572,2
0.5313333333333333,57994,0
0.6166666666666667,77160,1
0.8186666666666667,31428,1
0.794,39366,0
0.7666666666666667,65164,2
0.9746666666666667,48665,2
0.6233333333333333,52168,1
0.7933333333333333,76436,1
0.8346666666666667,41652,0
1.028,27327,0
0.6593333333333333,40580,1
0.6953333333333334,61776,1
0.7766666666666666,54141,1
0.6746666666666666,56436,2
0.858,46956,1
0.7326666666666667,0,0
0.8573333333333333,47571,1
0.8466666666666667,27494,0
0.8093333333333333,37254,0
0.536,52644,0
0.9073333333333333,25371,1
0.7346666666666667,43702,0
1.4266666666666667,-28684,1
0.31533333333333335,33209,0
0.904,48680,2
1.262,-5905,2
1.284,-22788,2
1.3233333333333333,-14285,1
0.5873333333333334,23239,0
0.6486666666666666,38930,0
1.2513333333333334,-2898,0
1.1226666666666667,6897,0
0.5006666666666667,27269,0
0.7353333333333333,30870,0
1.0866666666666667,20096,1
1.0353333333333334,25948,1
0.796,75160,1
0.816,31384,0
0.964,14402,1
0.738,31592,1
0.386,29522,1
0.7686666666666667,58353,1
0.7066666666666667,33496,1
0.5026666666666667,23021,1
0.36133333333333334,27805,1
0.596,68118,1
0.6346666666666667,21324,0
0.49333333333333335,26108,0
0.9166666666666666,47865,0
1.0386666666666666,37545,0
0.9,37015,3
0.7386666666666667,68460,0
0.7673333333333333,52320,1
0.9193333333333333,48032,2
0.27266666666666667,33248,1
1.1486666666666667,29480,2
1.1706666666666667,19674,2
1.24,222,2
1.0386666666666666,10416,0
0.8393333333333334,39906,2
0.9053333333333333,22044,0
0.706,57348,2
0.9946666666666667,30435,1
1.0586666666666666,47065,1
0.08666666666666667,0,0
1.006,47740,1
1.0786666666666667,13584,1
0.8606666666666667,21526,0
0.6613333333333333,56571,2
0.8666666666666667,52320,1
0.844,48387,1
0.166,0,0
1.0393333333333334,15216,2
0.904,50800,2
0.87,22758,0
0.8533333333333334,50235,1
1.0773333333333333,15606,0
1.0633333333333332,27258,0
0.9966666666666667,49344,1
1.1493333333333333,5700,1
1.1466666666666667,14535,2
0.9413333333333334,35958,1
1.108,9204,1
0.9893333333333333,13196,0
0.6193333333333333,62808,2
1.17,-6495,1
0.7033333333333334,21210,0
0.918,61445,1
0.67,0,0
0.7853333333333333,26748,0
0.8746666666666667,12391,0
0.886,37773,1
0.8813333333333333,50540,2
0.8186666666666667,30104,0
0.7686666666666667,18634,0
1.116,5744,1
1.08,20080,1
1.0213333333333334,14664,1
0.718,67896,1
0.8126666666666666,27606,0
0.854,48824,2
1.1073333333333333,11685,1
0.92,50860,0
0.8953333333333333,64304,0
0.7566666666666667,15765,0
0.7213333333333334,36344,0
0.8893333333333333,25830,0
0.7433333333333333,35698,1
0.878,38307,0
0.9373333333333334,24544,1
0.7293333333333333,50091,1
0.7686666666666667,16424,0
0.8686666666666667,36396,1
0.9973333333333333,21528,0
0.9253333333333333,18506,0
0.85,12261,0
0.8793333333333333,30879,1
0.822,27164,1
0.902,12820,0
0.6846666666666666,17909,0
0.6906666666666667,74684,2
0.8766666666666667,29164,0
0.8686666666666667,23856,0
0.7626666666666667,36342,0
0.9326666666666666,44784,0
0.7626666666666667,31922,0
0.8833333333333333,31614,1
0.9346666666666666,37053,0
0.9413333333333334,30885,0
0.9053333333333333,41637,0
0.6873333333333334,21179,0
0.8573333333333333,42612,0
0.936,31797,0
0.772,64504,2
0.684,72561,0
0.7033333333333334,0,0
0.734,33306,0
0.7146666666666667,40094,0
0.9486666666666667,38526,0
0.858,46914,0
1.008,24836,1
0.6213333333333333,51352,0
0.834,30532,0
0.5413333333333333,0,0
0.9553333333333334,21484,0
0.7593333333333333,44601,1
1.012,16134,0
1.048,30411,0
0.7073333333333334,41738,0
0.924,48609,0
0.7053333333333334,47046,1
0.8333333333333334,56997,0
0.9833333333333333,38280,1
0.904,45525,0
0.64,68148,1
0.778,43449,1
0.6833333333333333,36598,1
0.732,62092,2
0.654,65112,2
0.7466666666666667,60996,1
0.7333333333333333,75776,2
1.006,25368,3
0.6546666666666666,55107,2
0.69,46816,0
0.7046666666666667,70636,3
0.85,61090,2
0.6046666666666667,44652,1
0.846,46254,1
0.6066666666666667,73551,1
0.6413333333333333,72831,1
0.61,35676,2
0.8593333333333333,30718,0
0.8973333333333333,51693,0
0.7953333333333333,60792,1
1.03,34828,1
0.7593333333333333,48579,1
0.7886666666666666,39267,1
0.886,28662,0
0.5813333333333334,65244,1
0.71,52749,1
0.8886666666666667,53564,1
0.8953333333333333,45340,1
0.7313333333333333,66096,1
0.844,24364,1
1.1953333333333334,-20845,2
0.7293333333333333,39444,0
0.522,56762,0
0.646,44630,0
0.9126666666666666,35490,3
0.7566666666666667,60352,2
1.01,30588,1
0.9173333333333333,36076,2
0.6506666666666666,48432,0
0.9873333333333333,25568,2
0.706,56520,1
0.8126666666666666,45753,1
0.8066666666666666,36328,0
0.7753333333333333,60393,1
0.676,76348,2
0.7646666666666667,17787,0
0.7293333333333333,39682,1
0.8273333333333334,11941,0
0.6593333333333333,72528,1
0.866,26606,0
0.9286666666666666,35442,0
0.626,56640,2
0.7453333333333333,62292,0
0.7286666666666667,21371,0
0.7913333333333333,15525,0
0.822,45975,0
0.9113333333333333,28684,0
0.6146666666666667,44482,1
0.59,67392,2
0.8593333333333333,59676,1
0.7093333333333334,73044,0
0.8513333333333334,50454,1
0.888,78285,1
0.8386666666666667,59996,2
0.5826666666666667,48290,1
1.0,10398,1
0.6873333333333334,48273,1
0.5633333333333334,53502,0
0.9666666666666667,11994,1
0.876,28252,0
1.2793333333333334,-19251,1
1.0533333333333332,6534,1
0.7026666666666667,39952,0
0.7893333333333333,31892,0
0.9913333333333333,22192,1
0.7873333333333333,35463,1
0.9546666666666667,28434,0
0.646,49815,1
0.604,56052,1
1.3126666666666666,-23120,1
0.98,11274,1
0.9033333333333333,34992,0
0.9453333333333334,30834,0
0.3426666666666667,33638,0
1.2706666666666666,-17340,1
1.0666666666666667,5814,1
0.6753333333333333,48200,0
0.6526666666666666,20512,1
1.1833333333333333,-735,2
0.9773333333333334,33936,2
0.7826666666666666,57640,2
0.838,57892,1
1.1306666666666667,20805,1
0.44333333333333336,30806,1
0.7086666666666667,42220,1
1.3826666666666667,-25530,1
0.3566666666666667,32626,1
0.622,45860,1
1.0173333333333334,16742,0
1.1586666666666667,7174,0
0.4226666666666667,56120,0
1.036,18987,0
0.9186666666666666,17144,0
0.664,16129,1
0.7226666666666667,76448,1
0.7153333333333334,14666,1
1.0,36216,1
0.438,24724,1
0.48933333333333334,23261,1
0.4026666666666667,27291,1
0.6533333333333333,42732,0
0.6513333333333333,39652,1
0.7173333333333334,62742,1
0.4513333333333333,24484,1
1.114,33576,1
1.0626666666666666,39428,1
0.268,31347,1
1.178,18490,1
1.084,18054,1
1.1206666666666667,38728,0
1.262,19592,0
0.3446666666666667,30036,1
0.9966666666666667,43782,0
0.7673333333333333,41412,0
0.8393333333333334,42684,1
0.8186666666666667,47931,1
1.0973333333333333,36795,2
0.3953333333333333,65240,1
0.6853333333333333,47952,0
0.976,45755,2
0.812,38619,2
0.22,0,0
0.25666666666666665,72410,0
0.24933333333333332,0,0
0.9473333333333334,57155,1
1.066,18141,1
0.204,38727,0
0.9266666666666666,48255,2
0.102,39492,1
0.876,54784,1
0.051333333333333335,0,0
0.2853333333333333,36332,0
1.1633333333333333,-9836,1
0.3446666666666667,59398,1
0.8486666666666667,59296,2
0.79,44076,2
0.34933333333333333,0,0
0.4513333333333333,28187,0
1.2566666666666666,-25362,2
0.434,0,0
1.1893333333333334,13548,0
0.38133333333333336,67264,0
0.48933333333333334,50622,2
1.34,-21404,1
1.1406666666666667,7230,0
0.51,60734,0
0.914,21885,2
0.402,31389,0
0.744,55353,2
0.9166666666666666,12345,0
0.6973333333333334,45522,0
0.9306666666666666,34512,2
0.732,47292,1
0.6526666666666666,47718,1
1.0406666666666666,41740,1
0.626,24049,0
0.9566666666666667,34756,1
1.214,104,0
0.5806666666666667,48436,1
0.22333333333333333,38440,1
0.322,31858,1
1.2346666666666666,-8050,2
0.836,25038,1
0.39666666666666667,0,0
1.224,4445,1
0.5926666666666667,24581,0
1.1466666666666667,14695,2
0.9853333333333333,29044,2
0.43866666666666665,30401,0
0.61,40680,1
0.4513333333333333,26021,1
0.946,33804,1
0.8853333333333333,42925,3
0.7386666666666667,32350,1
0.4533333333333333,56424,1
0.7626666666666667,44895,2
1.058,27084,1
0.764,42116,0
0.6873333333333334,65688,1
0.538,24201,1
0.9553333333333334,18126,1
0.48933333333333334,52712,1
0.604,0,0
1.0193333333333334,40040,0
1.032,28405,1
0.5973333333333334,26204,0
0.9233333333333333,37996,1
0.6733333333333333,47708,0
0.972,27892,2
0.49266666666666664,53758,1
0.33,63638,1
1.1146666666666667,7200,1
0.5526666666666666,52174,1
1.004,16644,2
0.9586666666666667,25444,0
0.9253333333333333,30075,2
1.0453333333333332,24236,1
0.676,44444,0
0.9413333333333334,46955,2
0.44733333333333336,53512,2
0.4206666666666667,30533,0
1.0873333333333333,21244,1
0.7126666666666667,17069,1
0.746,43398,1
1.3366666666666667,-16390,1
1.0853333333333333,21537,0
0.41533333333333333,0,0
0.736,20965,0
0.8626666666666667,44176,1
0.6133333333333333,23269,0
0.9826666666666667,21993,2
0.806,21096,2
0.7973333333333333,47199,2
0.9113333333333333,53356,1
0.676,50355,2
0.876,54716,2
0.7113333333333334,49335,1
0.5866666666666667,24112,0
1.0493333333333332,45000,0
1.18,-6741,3
0.7733333333333333,16085,0
0.7606666666666667,17604,0
0.7386666666666667,68440,1
0.86,14899,0
0.7986666666666666,68405,2
0.794,29318,1
0.8446666666666667,31842,2
0.7733333333333333,25758,2
0.7033333333333334,51642,2
0.7866666666666666,42012,0
0.8913333333333333,66585,1
0.9366666666666666,34731,1
0.846,43119,1
0.7566666666666667,40540,1
0.926,65385,1
0.7353333333333333,62793,0
0.5653333333333334,25696,0
1.0073333333333334,27045,1
0.62,24942,0
0.6826666666666666,46906,0
1.078,17448,1
1.012,20610,2
1.0626666666666666,462,3
0.9913333333333333,11710,3
0.6713333333333333,21663,0
0.9066666666666666,40335,2
0.5653333333333334,27906,0
1.064,23016,2
0.744,40060,0
0.708,47228,0
1.0106666666666666,30745,2
0.8206666666666667,13997,0
0.7446666666666667,45495,1
0.824,33150,1
0.7746666666666666,41918,0
0.7866666666666666,47790,1
0.7993333333333333,35196,0
0.862,51688,1
0.7,51348,1
0.8986666666666666,29786,0
0.7093333333333334,53196,1
0.7273333333333334,55794,1
0.8253333333333334,63000,0
0.9433333333333334,42108,1
0.8846666666666667,57468,1
0.8873333333333333,52332,1
0.9226666666666666,42376,1
0.8513333333333334,41391,0
0.884,31800,1
0.7966666666666666,45492,0
0.6946666666666667,47787,1
0.8506666666666667,28959,2
0.7793333333333333,23836,2
0.6946666666666667,35286,1
0.9426666666666667,31848,1
0.852,40236,1
0.7986666666666666,31450,1
0.9533333333333334,62364,1
0.9146666666666666,52000,1
0.728,0,0
0.81,44772,0
0.7973333333333333,49329,0
0.7346666666666667,35864,0
0.8306666666666667,53992,1
0.6133333333333333,0,0
0.7253333333333334,69772,1
0.8233333333333334,79380,0
0.8826666666666667,66060,1
0.6986666666666667,16897,1
0.922,56612,0
0.6026666666666667,24569,0
0.774,29586,0
0.7113333333333334,42654,2
0.57,62454,2
0.728,18988,0
0.8026666666666666,12981,0
0.7733333333333333,51921,0
0.8893333333333333,11795,0
0.874,22530,2
0.7326666666666667,42330,2
0.764,53124,0
0.966,25419,1
0.8753333333333333,33807,1
0.786,34332,1
0.954,41712,1
0.6446666666666667,21581,0
0.742,20004,0
0.7726666666666666,59412,0
0.7653333333333333,17861,0
0.618,46182,1
0.74,28296,1
0.5673333333333334,27136,0
0.7193333333333334,24736,2
0.6493333333333333,50109,2
0.6346666666666667,36186,1
0.6026666666666667,26779,0
0.8606666666666667,39894,1
0.8826666666666667,33198,1
0.792,41586,1
0.7453333333333333,44974,0
0.6866666666666666,22355,0
0.6073333333333333,26461,0
0.812,32158,0
0.7793333333333333,15124,0
0.64,19689,0
0.698,40630,0
0.6553333333333333,36422,1
0.7026666666666667,38056,1
0.6046666666666667,22256,0
0.7606666666666667,28532,1
0.898,25254,1
0.748,35694,0
0.8453333333333334,47838,1
0.7826666666666666,35214,0
0.724,17475,0
0.838,57620,1
0.7993333333333333,43233,1
0.7666666666666667,16643,0
0.6273333333333333,21208,0
0.7106666666666667,37592,0
0.592,23775,0
0.766,40392,2
0.6946666666666667,31458,2
0.7333333333333333,17175,0
0.6246666666666667,60192,2
0.61,42908,1
0.6273333333333333,23418,0
0.708,47712,0
0.858,43281,1
0.7673333333333333,51669,1
0.6773333333333333,40996,1
0.77,38252,0
0.714,39072,1
0.698,0,0
0.7366666666666667,19087,0
0.5646666666666667,0,0
0.7273333333333334,0,0
0.58,21219,1
0.5293333333333333,0,0
0.8286666666666667,47900,2
0.6706666666666666,0,0
0.6873333333333334,74300,2
0.6853333333333333,17274,1
0.6726666666666666,59895,1
0.7706666666666667,67101,0
0.7633333333333333,18059,0
0.83,62936,1
0.6146666666666667,21987,1
0.7433333333333333,17031,0
0.7406666666666667,64893,1
0.7073333333333334,20615,0
0.8966666666666666,41214,0
0.7266666666666667,18503,0
0.742,34050,1
0.6913333333333334,21070,0
0.6666666666666666,48507,2
0.5953333333333334,36868,2
0.5253333333333333,68307,2
0.7266666666666667,20713,0
0.8346666666666667,33322,0
0.7586666666666667,51396,1
0.668,59784,1
0.8106666666666666,16289,0
0.76,54748,2
0.8233333333333334,23110,1
0.7153333333333334,35018,1
0.6426666666666667,39460,1
0.778,48060,1
0.616,40428,1
0.6606666666666666,40946,1
0.6686666666666666,69396,1
0.7686666666666667,49263,1
0.728,65996,2
0.6386666666666667,67188,2
0.53,28263,0
0.6206666666666667,44234,0
0.7533333333333333,44949,2
0.7113333333333334,49284,2
0.618,54354,0
0.8193333333333334,49504,2
0.768,53244,1
0.91,38320,2
0.6773333333333333,61632,1
0.7613333333333333,54032,3
0.7166666666666667,42970,0
0.588,52882,1
0.854,48544,2
0.624,45714,1
0.7953333333333333,36012,2
0.7806666666666666,61868,1
0.64,32966,2
0.692,59556,0
0.682,34496,2
0.7573333333333333,42720,2
0.64,37386,2
0.898,20848,3
0.6893333333333334,74736,0
0.8386666666666667,35535,2
0.69,47319,3
0.9213333333333333,40062,3
0.7093333333333334,48759,2
0.7086666666666667,20536,0
0.612,64749,2
0.746,15656,0
0.57,69084,2
0.7593333333333333,41154,0
0.9093333333333333,33444,1
0.62,80432,3
0.858,29770,0
0.7653333333333333,32514,1
0.654,55812,2
0.686,40546,1
0.8653333333333333,38968,2
0.718,31000,1
0.7233333333333334,38292,1
0.5973333333333334,45946,1
0.8473333333333334,26160,1
0.5553333333333333,48836,1
0.8133333333333334,43748,2
0.6633333333333333,61098,1
0.8333333333333334,50216,2
0.6053333333333333,64494,2
0.734,49626,1
0.698,60378,1
0.6393333333333333,39988,1
0.7833333333333333,69476,1
0.6486666666666666,0,0
0.5646666666666667,0,0
1.0413333333333334,23328,2
0.8233333333333334,43275,1
0.7926666666666666,40090,0
0.816,35804,0
0.7326666666666667,40990,0
0.6086666666666667,53122,0
0.9846666666666667,21696,1
0.774,57561,1
0.832,56832,0
0.7373333333333333,44792,0
0.8526666666666667,53292,1
0.9733333333333334,52080,1
0.8033333333333333,45543,1
0.7353333333333333,38732,0
0.9206666666666666,51752,1
0.6726666666666666,20855,0
0.748,43923,2
0.678,75904,2
0.924,39032,2
0.8533333333333334,57884,2
0.86,51228,0
0.982,38060,1
0.946,52396,1
0.982,52605,1
0.7126666666666667,53931,1
0.8013333333333333,39862,0
0.7546666666666667,56226,1
0.8386666666666667,30102,0
0.8593333333333333,40875,1
0.7486666666666667,73116,1
0.8186666666666667,41832,1
0.754,52710,1
0.7626666666666667,69068,2
0.822,57708,1
0.8553333333333333,63580,1
0.7966666666666666,47289,1
0.8333333333333334,72245,2
0.6153333333333333,49972,1
0.7946666666666666,57820,2
0.7766666666666666,35586,1
0.7106666666666667,52659,2
0.8726666666666667,40485,1
0.7033333333333334,71700,1
0.962,47465,1
0.7026666666666667,39518,1
0.8186666666666667,28046,0
0.678,46240,1
0.806,31084,0
0.8393333333333334,37791,1
0.8186666666666667,32451,2
0.7486666666666667,60608,2
0.8913333333333333,49244,1
0.7926666666666666,33372,1
0.8313333333333334,50040,1
0.8693333333333333,32842,0
0.8033333333333333,48543,1
0.7826666666666666,43203,2
0.7126666666666667,74944,2
0.796,67584,0
1.0693333333333332,37686,2
0.8286666666666667,38853,1
0.76,63561,1
0.6826666666666666,68967,1
0.8873333333333333,38901,1
1.1793333333333333,10794,1
1.266,-13386,1
1.2506666666666666,-21840,1
0.4846666666666667,28765,0
0.6073333333333333,24230,0
0.466,29014,0
0.262,0,0
1.174,11176,1
0.4246666666666667,29215,0
0.6946666666666667,21166,0
0.7426666666666667,32244,1
0.9726666666666667,50940,2
0.42733333333333334,27913,1
1.1653333333333333,2562,2
1.232,-17560,2
0.5053333333333333,28698,0
1.3226666666666667,-26628,2
0.3453333333333333,35540,0
1.138,23275,1
0.69,60717,1
0.39066666666666666,0,0
1.328,-9513,2
1.058,27356,1
0.6606666666666666,68772,1
0.89,67248,1
0.7586666666666667,26584,0
0.8873333333333333,20054,0
0.472,28053,0
1.0286666666666666,10486,0
0.268,0,0
1.2326666666666666,-3090,0
0.87,43422,0
0.7286666666666667,57774,0
0.772,0,0
0.5246666666666666,51062,0
0.976,7765,0
0.9566666666666667,31332,0
0.43333333333333335,26952,1
1.0613333333333332,10700,1
1.0566666666666666,19612,1
0.612,39066,1
0.69,54471,1
0.8046666666666666,22940,1
1.092,9344,1
0.9693333333333334,18192,1
0.5253333333333333,47126,1
1.2186666666666666,-7780,1
1.3073333333333332,-13386,1
0.7673333333333333,26222,1
0.768,56826,0
0.962,21717,1
0.336,0,0
1.0493333333333332,36160,0
0.6806666666666666,34282,1
0.4726666666666667,25492,1
0.8826666666666667,45762,0
1.2346666666666666,6112,0
0.9693333333333334,33672,0
0.6886666666666666,31222,1
0.566,19339,1
0.792,53700,1
0.37333333333333335,27402,1
0.9846666666666667,29511,1
0.8173333333333334,24692,1
0.5406666666666666,49786,1
0.6946666666666667,16074,1
0.6633333333333333,63495,1
0.856,39306,1
0.348,62280,1
0.3993333333333333,59354,1
0.836,11290,1
0.522,77847,1
0.7146666666666667,53658,1
1.214,-522,1
1.1626666666666667,3867,1
0.19533333333333333,35950,1
0.318,64444,1
0.5106666666666667,48318,1
1.142,22424,1
0.7746666666666666,38100,0
0.8186666666666667,44229,1
0.58,24922,0
1.0133333333333334,35484,1
1.2606666666666666,-4140,1
0.33266666666666667,34828,0
0.916,28532,0
0.7213333333333334,20138,0
0.872,54620,1
1.4646666666666666,-36540,1
0.12866666666666668,0,0
1.12,23979,0
0.47333333333333333,51600,1
0.9253333333333333,27730,0
0.566,24499,0
0.33666666666666667,0,0
1.1473333333333333,32204,1
0.96,23076,0
0.524,54248,1
0.6946666666666667,21234,0
0.7893333333333333,52284,1
0.4653333333333333,0,0
1.0186666666666666,45264,1
1.1013333333333333,13508,0
0.38266666666666665,63816,1
0.836,16450,0
0.648,66636,1
0.8773333333333333,64400,1
1.3053333333333332,1443,0
1.04,20354,0
0.444,56970,1
0.582,74856,1
1.0053333333333334,20688,2
0.3873333333333333,61648,1
1.2,-3500,2
0.978,40940,2
0.6093333333333333,43872,1
0.954,26540,2
1.1486666666666667,3815,2
1.1006666666666667,26760,2
0.4866666666666667,25664,1
0.756,79044,1
0.8313333333333334,31089,2
0.5613333333333334,76899,1
1.026,17964,2
1.2933333333333332,-21618,2
0.294,33727,1
0.9486666666666667,46792,1
0.6386666666666667,55278,2
0.502,54272,1
0.976,31428,2
0.6593333333333333,57048,2
1.154,16040,2
0.9413333333333334,48996,1
0.5366666666666666,45488,2
0.676,65835,1
0.802,39144,2
0.44666666666666666,56114,1
1.0313333333333334,27744,2
0.344,61614,2
0.8686666666666667,41646,1
1.2266666666666666,4338,2
1.456,-37723,2
1.0966666666666667,23308,1
0.8313333333333334,46569,1
0.882,64096,1
0.602,43270,1
1.1113333333333333,49560,1
0.422,63184,1
1.026,38604,1
0.896,27453,2
1.1313333333333333,22820,1
0.4786666666666667,29726,0
1.114,-8316,3
1.3493333333333333,-33824,2
0.658,57585,1
0.9406666666666667,25628,0
0.9346666666666666,36580,2
0.25866666666666666,37360,0
1.1426666666666667,11840,1
0.902,24570,2
1.1373333333333333,18976,1
0.226,0,0
1.1733333333333333,16560,1
0.9326666666666666,39950,2
1.168,27264,1
1.0033333333333334,30100,1
0.7626666666666667,38265,2
0.998,37236,1
1.166,3268,1
0.9253333333333333,18141,2
1.1606666666666667,10404,1
1.0826666666666667,13640,1
0.516,28599,0
0.842,25920,2
1.0773333333333333,20776,1
0.5533333333333333,23719,0
1.0453333333333332,33160,1
0.8046666666666666,40560,2
1.04,40296,1
0.12866666666666668,0,0
0.5406666666666666,25238,0
0.8173333333333334,36003,2
1.0526666666666666,34220,1
0.14133333333333334,0,0
0.478,0,0
1.1206666666666667,26410,1
0.88,42048,2
1.1153333333333333,35330,1
0.64,22533,0
0.9586666666666667,37904,1
0.718,44118,2
0.9533333333333334,45040,1
0.042,0,0
0.574,44586,1
1.0186666666666666,30235,2
1.0133333333333334,39155,2
0.6246666666666667,54744,2
0.968,40368,1
0.9626666666666667,47504,1
1.0393333333333334,39135,1
0.8046666666666666,33452,0
1.034,48055,1
0.48333333333333334,74544,2
1.104,21104,1
0.19266666666666668,0,0
0.4686666666666667,52476,1
1.124,10510,2
1.1186666666666667,19430,2
0.20733333333333334,35547,1
0.8246666666666667,60636,1
0.08666666666666667,0,0
1.2613333333333334,-22476,2
1.0206666666666666,7420,3
1.1113333333333333,28415,1
0.8706666666666667,43652,2
0.19466666666666665,39128,0
1.202,14435,1
0.9613333333333334,32468,2
1.0533333333333332,34075,2
0.8126666666666666,48180,3
1.048,42995,2
0.13666666666666666,40260,1
1.182,9295,1
0.9473333333333334,21516,0
0.9413333333333334,28356,2
1.1766666666666667,18215,1
0.2653333333333333,35304,0
1.146,27215,1
0.9053333333333333,42692,2
1.1406666666666667,36135,1
0.8466666666666667,31623,2
1.082,28380,1
0.17066666666666666,0,0
0.9166666666666666,46220,1
0.802,54624,1
0.9066666666666666,30808,0
0.7926666666666666,82985,1
0.9633333333333334,54625,1
0.5333333333333333,0,0
0.582,90772,1
0.7313333333333333,44654,0
0.9953333333333333,36885,1
0.7126666666666667,103985,1
0.886,34054,0
0.8486666666666667,75425,1
0.2786666666666667,0,0
0.6586666666666666,62208,1
0.9633333333333334,28526,0
0.542,95332,1
0.424,27420,1
0.412,30156,1
0.42,0,0
1.062,20350,0
0.382,35583,0
0.5586666666666666,50288,0
0.304,0,0
1.1033333333333333,20742,0
0.898,52965,1
0.942,31030,0
0.7953333333333333,19191,0
0.432,28860,0
0.7473333333333333,75556,1
0.7846666666666666,53892,1
0.78,43140,1
0.4693333333333333,27236,0
1.006,26190,0
0.5746666666666667,69348,1
1.1913333333333334,28505,0
0.6673333333333333,83236,1
0.926,31774,0
0.8566666666666667,54345,0
0.7886666666666666,67220,1
0.8213333333333334,34576,0
1.1433333333333333,22449,1
0.8326666666666667,79085,1
0.63,24323,0
0.6713333333333333,90836,0
0.8813333333333333,13216,0
0.48133333333333334,0,0
0.336,0,0
0.6726666666666666,109685,1
0.26266666666666666,0,0
0.7713333333333333,42374,0
0.7126666666666667,82500,0
1.022,27190,0
0.5793333333333334,88836,1
0.8086666666666666,39126,0
0.8193333333333334,45630,0
0.842,41238,0
1.1926666666666668,24837,0
0.874,68665,1
0.736,20360,0
0.8086666666666666,81125,1
0.44,0,0
0.5146666666666667,26132,0
0.9466666666666667,28528,0
0.7526666666666667,68084,1
0.8246666666666667,64989,0
1.2506666666666666,51384,0
0.666,23139,0
0.5373333333333333,0,0
1.062,24910,0
0.3466666666666667,0,0
1.1973333333333334,29488,0
0.5913333333333334,107636,0
0.9393333333333334,77526,1
0.784,16392,0
0.45666666666666667,87555,1
0.5833333333333334,96116,1
0.7226666666666667,37128,0
0.444,26608,1
0.6266666666666667,0,0
1.3133333333333332,120,1
1.022,36093,0
1.2173333333333334,29712,1
0.23866666666666667,0,0
0.6733333333333333,63924,1
0.3466666666666667,0,0
0.4533333333333333,29036,0
0.5093333333333333,0,0
0.828,48024,1
0.9986666666666667,70512,1
0.8326666666666667,17567,0
0.5653333333333334,26392,0
0.54,24316,1
1.3986666666666667,-1500,1
1.0673333333333332,33909,0
0.978,43365,1
0.87,70965,1
0.344,29340,1
0.36933333333333335,33276,0
1.0873333333333333,16742,0
0.6593333333333333,81156,1
0.9513333333333334,40071,0
0.7066666666666667,43520,0
1.2966666666666666,11013,0
0.12,0,0
0.618,27059,0
0.4653333333333333,25336,1
0.6173333333333333,68460,1
0.622,87652,1
0.15866666666666668,0,0
0.18266666666666667,0,0
1.0193333333333334,66006,1
0.7393333333333333,49470,0
0.982,28750,0
0.882,63588,0
0.7626666666666667,47028,1
0.6546666666666666,63588,1
1.0273333333333334,37329,0
0.7433333333333333,71636,1
0.95,55917,0
0.8086666666666666,92525,1
0.7766666666666666,46222,0
0.3933333333333333,0,0
0.9633333333333334,66025,1
0.47733333333333333,0,0
0.9173333333333333,83620,0
1.1413333333333333,35536,0
1.5973333333333333,-38424,0
0.16133333333333333,0,0
0.5193333333333333,50450,0
0.7526666666666667,100085,1
0.384,0,0
1.1273333333333333,14462,0
0.26666666666666666,0,0
1.0433333333333332,45025,1
0.5466666666666666,0,0
0.5546666666666666,0,0
0.21733333333333332,36596,1
0.5773333333333334,70800,1
0.3586666666666667,30364,1
0.4266666666666667,0,0
1.172,21184,1
0.5626666666666666,80448,0
0.5913333333333334,98516,0
0.3426666666666667,0,0
0.6106666666666667,0,0
0.6873333333333334,66756,1
0.71,101565,1
0.9113333333333333,71945,1
0.542,104452,1
0.7766666666666666,19079,0
0.834,57076,0
0.8753333333333333,14991,0
0.8973333333333333,26936,1
0.6826666666666666,52788,1
0.8926666666666667,34366,0
0.5926666666666667,25947,0
0.7366666666666667,69940,0
0.6473333333333333,92468,0
0.9406666666666667,12047,0
0.49066666666666664,27412,0
0.788,89240,1
0.5086666666666667,28327,0
1.1526666666666667,28257,0
0.344,0,0
0.8513333333333334,38534,0
1.006,23374,0
1.0353333333333334,22084,1
0.652,0,0
1.0433333333333332,7931,0
0.464,0,0
0.5373333333333333,74220,1
0.79,80565,1
0.5706666666666667,25492,0
0.7526666666666667,88685,1
0.818,73965,1
0.9153333333333333,57885,1
1.022,22630,0
1.0106666666666666,36564,0
0.9546666666666667,70928,0
0.7073333333333334,78676,1
1.1366666666666667,29373,0
0.562,49858,0
0.5573333333333333,0,0
0.5053333333333333,0,0
0.2906666666666667,0,0
0.8386666666666667,16244,0
1.23,6230,0
0.5993333333333334,46610,0
0.5946666666666667,24212,0
1.0873333333333333,26985,1
0.6313333333333333,93956,0
0.748,53784,1
0.9133333333333333,74120,1
0.8806666666666667,32238,0
0.7286666666666667,95085,1
0.478,54618,0
0.816,18440,0
0.8753333333333333,17271,0
0.4846666666666667,31467,0
0.8606666666666667,41462,0
0.5733333333333334,0,0
1.3826666666666667,-11040,1
1.1366666666666667,15108,1
0.26666666666666666,37392,0
0.942,48693,0
0.982,45273,0
0.5453333333333333,23416,1
0.424,0,0
0.794,89665,1
0.8593333333333333,102726,1
0.3893333333333333,29156,0
0.324,34380,0
0.5933333333333334,69684,1
0.7833333333333333,75020,1
0.4493333333333333,0,0
1.0473333333333332,23766,0
0.2946666666666667,0,0
0.8833333333333333,75625,1
0.878,55988,1
0.498,81303,1
0.764,102680,1
1.2333333333333334,25320,1
0.802,71268,0
0.9326666666666666,42885,1
0.31866666666666665,0,0
0.6146666666666667,0,0
0.4093333333333333,0,0
0.9566666666666667,26526,0
0.5946666666666667,0,0
0.6633333333333333,79316,1
0.30266666666666664,0,0
0.6286666666666667,92020,0
1.006,27934,0
0.5146666666666667,0,0
1.0113333333333334,38445,0
0.9186666666666666,95712,1
0.778,99065,0
1.1573333333333333,34048,0
0.5533333333333333,24016,0
0.5213333333333333,48976,0
0.8166666666666667,62260,0
0.4,30560,1
1.1613333333333333,67368,1
1.6146666666666667,-52836,1
1.404,-8712,1
0.6266666666666667,47360,0
1.0846666666666667,25268,0
0.372,0,0
0.5573333333333333,25836,0
1.1033333333333333,25869,1
0.508,25040,1
0.5333333333333333,27116,0
0.9793333333333333,27782,0
0.31866666666666665,0,0
0.816,16160,0
0.7733333333333333,18736,0
0.724,79696,1
0.516,25640,0
0.6206666666666667,89620,1
0.436,27560,0
0.5353333333333333,76431,1
0.32,32480,1
0.8193333333333334,41070,0
0.33066666666666666,0,0
0.12,0,0
1.0066666666666666,50880,1
1.1933333333333334,32160,1
0.6193333333333333,62235,1
0.8073333333333333,16455,0
0.19866666666666666,0,0
0.922,37398,0
0.676,24684,0
0.8766666666666667,30366,0
1.0193333333333334,25502,0
0.16133333333333333,38108,1
0.9753333333333334,39748,0
0.43733333333333335,32232,0
0.7286666666666667,102125,1
0.8693333333333333,26640,0
0.8606666666666667,56949,1
0.5733333333333334,23204,0
0.9006666666666666,53529,1
0.984,9100,0
1.2713333333333334,7505,0
0.7173333333333334,20248,0
0.9506666666666667,94320,1
0.43266666666666664,88779,1
0.9906666666666667,87480,1
0.744,17532,0
0.8326666666666667,37550,0
0.2786666666666667,0,0
1.19,8510,0
0.646,56006,0
0.9406666666666667,37622,0
0.42533333333333334,0,0
0.42333333333333334,33499,0
0.9426666666666667,11184,0
1.166,18125,1
0.7766666666666666,65380,0
0.9586666666666667,88872,1
0.6633333333333333,88436,1
0.55,26243,0
0.6346666666666667,20792,0
1.1473333333333333,31276,0
0.7626666666666667,34848,0
0.5793333333333334,97956,1
0.8406666666666667,34518,0
0.7246666666666667,69380,1
0.6826666666666666,38688,0
0.09333333333333334,0,0
1.064,76128,0
1.3066666666666666,13968,0
0.428,29784,1
1.062,32673,0
0.858,68265,1
0.7686666666666667,96425,1
0.8353333333333334,16131,0
0.9553333333333334,52185,1
0.4493333333333333,31356,0
0.662,83092,1
0.966,28470,0
0.7446666666666667,72180,1
0.7633333333333333,72628,1
0.8166666666666667,57765,0
0.7226666666666667,49368,1
0.6986666666666667,58788,1
0.842,66708,0
0.8926666666666667,46305,1
0.42533333333333334,32636,0
0.384,0,0
0.6573333333333333,65040,1
0.7793333333333333,47910,0
0.6193333333333333,84276,1
0.4026666666666667,0,0
0.9233333333333333,30806,0
0.7366666666666667,48502,0
0.834,83965,1
0.348,31240,0
0.8286666666666667,62660,1
1.0073333333333334,26046,0
0.8526666666666667,36646,0
0.8206666666666667,43742,0
0.9713333333333334,41865,0
0.9233333333333333,69925,1
0.9466666666666667,61296,0
0.9533333333333334,68420,1
0.8413333333333334,14356,0
0.7333333333333333,19876,0
0.8353333333333334,18411,0
0.8766666666666667,16327,0
0.7793333333333333,43350,0
0.91,59337,0
0.874,52516,0
0.8446666666666667,37462,0
0.898,64365,1
0.5693333333333334,26016,0
0.30666666666666664,30964,1
0.79,71444,0
0.7953333333333333,36998,0
0.5493333333333333,24484,0
1.372,19684,1
0.518,106084,1
0.7286666666666667,78836,1
0.76,36776,0
0.9006666666666666,29550,0
0.938,47265,1
0.8726666666666667,73385,1
0.83,74865,1
0.914,62965,1
1.0033333333333334,48925,1
0.696,21500,0
1.0386666666666666,63672,1
0.7553333333333333,20331,0
0.9793333333333333,70686,1
1.0353333333333334,31185,1
0.6993333333333334,51750,0
0.828,83540,1
0.7813333333333333,36856,0
0.918,51428,1
0.7846666666666666,68409,0
0.454,60898,0
0.764,75136,1
0.82,39720,1
1.0473333333333332,30405,1
0.8573333333333333,29216,1
0.818,93365,0
0.8526666666666667,50100,1
1.0313333333333334,19766,0
0.7113333333333334,86276,0
0.966,30214,0
0.8113333333333334,40814,0
0.38666666666666666,0,0
0.6146666666666667,65928,1
0.7926666666666666,18707,0
0.5893333333333334,0,0
0.7033333333333334,74756,1
0.8173333333333334,17496,0
1.0966666666666667,32793,0
0.776,17300,0
0.8773333333333333,87520,0
0.7686666666666667,89385,1
0.894,74265,1
0.9706666666666667,39984,0
0.9006666666666666,13187,0
0.47333333333333333,0,0
0.938,58665,1
0.20133333333333334,0,0
0.9753333333333334,50545,1
0.2786666666666667,0,0
0.602,66123,1
0.966,25654,0
1.412,11704,1
1.076,59900,1
1.5173333333333334,-26904,0
0.7853333333333333,15868,0
0.5406666666666666,29955,0
0.388,0,0
0.46066666666666667,31875,0
0.468,0,0
1.0633333333333332,23022,0
0.7926666666666666,94385,1
0.9166666666666666,26878,1
0.788,50364,1
0.7273333333333334,62196,1
0.47333333333333333,28216,0
0.36,0,0
0.7526666666666667,77940,0
1.1013333333333333,40096,0
0.6333333333333333,66264,1
0.638,84724,1
0.8113333333333334,36254,0
0.7926666666666666,63524,1
0.23866666666666667,0,0
0.6966666666666667,82180,0
0.6953333333333334,58071,1
0.578,68703,1
0.476,28700,0
0.2653333333333333,0,0
0.72,18812,0
0.8813333333333333,23840,1
1.0966666666666667,19668,1
1.182,9225,1
1.3926666666666667,-25506,1
0.6786666666666666,0,0
0.6473333333333333,54118,0
0.17733333333333334,0,0
0.75,95865,1
0.8233333333333334,70460,1
0.9113333333333333,43491,0
0.95,37236,1
0.4493333333333333,29496,0
0.6873333333333334,87908,0
0.7686666666666667,41406,0
0.8246666666666667,49332,1
0.8953333333333333,60145,1
0.44266666666666665,27984,1
0.3626666666666667,29904,1
0.658,62943,1
0.7806666666666666,65140,1
0.396,30620,0
0.43333333333333335,28996,0
0.5133333333333333,27076,0
0.954,59065,1
1.2013333333333334,59388,1
0.6073333333333333,104708,0
1.04,92256,0
0.638,81585,0
0.8246666666666667,89516,0
1.428,-24840,1
0.096,0,0
1.6386666666666667,-71652,1
1.206,2825,1
0.25733333333333336,0,0
0.69,53526,0
0.9006666666666666,39902,0
1.1486666666666667,12678,0
0.8406666666666667,36639,1
0.64,23012,0
0.4533333333333333,0,0
0.8726666666666667,35990,0
0.24266666666666667,0,0
1.1153333333333333,45468,0
0.938,36654,0
0.492,28780,0
0.6566666666666666,86740,0
1.0566666666666666,24825,1
1.0546666666666666,61440,1
1.404,-5152,1
0.8133333333333334,106660,0
1.1673333333333333,14385,1
0.5673333333333334,109268,0
0.7393333333333333,46215,1
0.966,29454,0
1.388,-2548,1
0.3466666666666667,0,0
1.092,44020,1
0.6793333333333333,57831,1
0.5186666666666667,51848,0
1.2413333333333334,3380,1
0.5093333333333333,27904,0
0.9746666666666667,86640,1
0.76,17672,0
0.28,0,0
0.766,61044,1
0.4106666666666667,31644,0
0.6773333333333333,21388,0
0.496,57144,0
0.9746666666666667,68620,1
1.0146666666666666,79800,1
0.944,10240,0
1.302,10076,0
0.8713333333333333,75845,1
0.30533333333333335,0,0
0.9246666666666666,33622,0
0.4013333333333333,0,0
0.49666666666666665,84135,1
0.2813333333333333,32768,1
1.0033333333333334,26206,0
0.882,34214,0
0.914,27118,0
0.452,0,0
0.854,79965,1
0.91,41796,1
0.9866666666666667,56736,0
0.8513333333333334,33974,0
1.0713333333333332,17486,0
0.7046666666666667,76740,1
0.7233333333333334,77188,1
0.8573333333333333,16356,0
0.9566666666666667,24598,1
0.8846666666666667,35182,0
0.412,32980,0
0.846,44244,1
0.5346666666666666,56568,0
0.49733333333333335,59816,0
0.6393333333333333,54411,1
0.376,67824,0
0.7606666666666667,42399,1
0.75,85124,0
0.424,25140,1
0.5453333333333333,21136,1
0.26266666666666666,0,0
1.2413333333333334,28248,1
0.4533333333333333,28544,0
1.2813333333333334,21408,1
1.222,26876,0
0.5126666666666667,76179,1
0.7893333333333333,35040,0
0.5386666666666666,50944,0
1.196,33200,1
1.4373333333333334,-1704,0
0.754,73876,0
1.5986666666666667,-50232,1
0.136,0,0
1.3526666666666667,-7146,1
0.382,33303,0
0.5686666666666667,56974,0
0.428,0,0
1.1086666666666667,14238,0
0.5033333333333333,31579,0
0.676,0,0
0.7973333333333333,0,0
0.598,89284,1
0.8126666666666666,54660,1
0.9166666666666666,28086,0
0.7246666666666667,60260,1
0.332,34900,0
0.8046666666666666,52580,1
0.41733333333333333,63656,0
0.7126666666666667,91620,0
0.22533333333333333,0,0
0.8906666666666667,31552,0
0.704,20592,0
0.7586666666666667,77632,1
0.9453333333333334,72960,1
0.5786666666666667,48664,0
1.156,38900,1
0.5433333333333333,52822,1
0.73,64785,1
0.794,69316,0
0.9406666666666667,44349,1
0.7273333333333334,50278,0
0.978,34374,0
1.1886666666666668,10398,0
0.756,0,0
0.61,57366,0
0.8373333333333334,93220,0
0.9166666666666666,15187,0
0.3626666666666667,32184,1
0.774,63444,0
0.6153333333333333,70671,1
0.578,75543,1
0.7006666666666667,81940,1
0.47333333333333333,25936,0
0.874,80065,1
0.8413333333333334,29960,1
0.8933333333333333,85660,0
0.6546666666666666,19796,1
1.2906666666666666,33024,0
0.432,60240,0
0.678,72405,0
0.8646666666666667,77276,0
0.6593333333333333,58815,1
1.0753333333333333,50028,0
0.3466666666666667,33192,0
1.142,24525,1
0.5926666666666667,54414,0
0.9553333333333334,38884,1
0.7793333333333333,67173,0
0.99,46737,0
0.7046666666666667,70692,1
1.03,43317,0
0.8253333333333334,14728,0
0.5453333333333333,0,0
0.376,63264,0
0.6386666666666667,41888,0
0.8553333333333333,65845,1
0.2813333333333333,0,0
0.6873333333333334,75876,1
0.4493333333333333,29076,0
0.5273333333333333,28439,0
1.0846666666666667,20518,0
0.2813333333333333,0,0
1.046,25614,0
0.7233333333333334,54111,1
0.41333333333333333,60016,0
0.38666666666666666,29044,1
0.75,76004,0
1.388,-6480,1
1.1273333333333333,19926,0
1.1246666666666667,13494,0
0.8886666666666667,43060,1
0.248,37280,0
0.588,20840,1
0.5486666666666666,108820,0
0.492,25956,1
1.2426666666666666,36936,0
0.18533333333333332,0,0
1.3306666666666667,26184,0
0.404,27748,1
0.15733333333333333,0,0
1.2086666666666666,8734,0
1.0286666666666666,59305,0
0.728,43872,0
0.6686666666666666,87460,0
0.2786666666666667,34564,1
1.0033333333333334,26966,0
0.32266666666666666,0,0
0.72,21092,0
0.606,24731,0
0.5526666666666666,60534,0
0.452,27096,1
1.2826666666666666,30096,0
0.5686666666666667,26355,0
0.7553333333333333,43078,0
0.8486666666666667,46180,1
0.328,35360,0
0.9213333333333333,21560,1
0.2906666666666667,0,0
1.0353333333333334,19110,0
0.6553333333333333,60411,1
0.5213333333333333,53536,0
0.81,67828,0
0.8033333333333333,19135,0
0.5226666666666666,26688,0
0.5766666666666667,26863,0
1.0753333333333333,16830,0
0.5766666666666667,29143,0
0.7893333333333333,15540,0
1.2573333333333334,17640,1
0.7006666666666667,72820,1
0.436,29840,0
0.30666666666666664,36252,0
0.32133333333333336,31988,1
0.8886666666666667,35286,0
0.826,29822,1
0.9086666666666666,86005,0
0.49666666666666665,77295,1
1.238,25388,0
0.524,52880,1
1.2106666666666666,28360,0
0.566,59846,0
0.8,0,0
0.8246666666666667,81825,1
0.91,31494,0
0.9353333333333333,56245,1
0.48,26360,1
0.694,80244,0
0.774,72564,0
0.44133333333333336,57376,0
0.4786666666666667,54128,0
0.356,31760,0
0.3933333333333333,30136,0
0.6086666666666667,54694,0
1.126,23825,1
0.3626666666666667,33332,0
1.372,-7320,1
0.30666666666666664,34844,0
1.428,-16392,1
0.722,88068,0
0.77,61365,1
0.9646666666666667,46628,0
0.468,55904,1
1.2666666666666666,20800,0
1.4533333333333334,-3936,0
1.228,15460,1
0.5066666666666667,58040,0
0.7493333333333333,37320,0
0.9953333333333333,38025,0
0.6833333333333333,83796,1
1.0513333333333332,33489,0
0.42133333333333334,32092,0
1.0706666666666667,62280,1
0.938,14295,0
0.372,31900,0
0.994,12783,0
1.1806666666666668,15934,0
0.954,24838,0
0.7113333333333334,45558,0
0.6546666666666666,0,0
0.4653333333333333,28764,0
0.9006666666666666,15919,0
0.4093333333333333,30276,0
0.9566666666666667,14407,0
0.22266666666666668,0,0
1.1433333333333333,19182,0
1.034,20998,0
0.332,0,0
0.7913333333333333,41718,0
0.5746666666666667,0,0
0.5453333333333333,26844,0
0.8206666666666667,17839,0
0.48933333333333334,28356,0
0.716,60510,1
0.04,0,0
0.9866666666666667,57720,1
0.122,0,0
0.68,44870,0
0.914,43995,0
0.8686666666666667,29946,0
1.1313333333333333,27012,0
0.858,17184,0
1.0333333333333334,39556,0
0.982,26054,0
1.08,16444,0
0.942,49971,0
0.832,40893,1
0.8826666666666667,59555,2
0.7886666666666666,36024,0
0.8053333333333333,26328,0
0.868,45028,2
0.7393333333333333,38854,0
0.6773333333333333,34072,2
0.618,39370,1
0.8,24724,2
0.43266666666666664,26217,1
0.7586666666666667,38544,0
0.9826666666666667,69656,1
0.6853333333333333,36880,0
0.948,20358,2
0.8893333333333333,22797,0
0.6886666666666666,19911,0
0.5733333333333334,20790,0
0.8733333333333333,19272,1
0.9846666666666667,24176,1
0.6913333333333334,45306,0
0.642,20752,1
0.7813333333333333,18722,0
0.238,0,0
0.5953333333333334,0,0
0.9473333333333334,45543,0
0.5573333333333333,0,0
1.0086666666666666,35637,1
0.602,23223,0
0.8793333333333333,83085,2
1.0633333333333332,7384,0
0.8133333333333334,68470,3
0.7653333333333333,28744,0
0.8573333333333333,25524,0
0.8266666666666667,30124,1
0.9193333333333333,54960,2
0.712,76780,2
0.69,17956,1
0.8866666666666667,53560,3
0.6993333333333334,29366,0
0.6553333333333333,57138,2
0.8706666666666667,27434,1
0.7586666666666667,38462,1
1.008,21603,0
1.1066666666666667,7194,0
1.27,6558,0
0.8953333333333333,27332,0
1.196,-5409,0
1.116,9704,0
1.2446666666666666,6648,0
1.1293333333333333,17064,0
0.8113333333333334,16566,0
0.7746666666666666,50994,0
1.1526666666666667,5580,0
0.3486666666666667,0,0
0.8086666666666666,14793,1
1.074,8226,0
0.12866666666666668,0,0
1.146,12465,0
0.7293333333333333,38312,0
0.944,47286,0
0.47,63766,0
1.0133333333333334,40348,1
0.8113333333333334,51747,0
0.896,32130,0
0.9726666666666667,46536,0
0.36466666666666664,29453,0
1.0253333333333334,29001,1
0.9653333333333334,41817,0
0.6246666666666667,38934,0
0.798,66471,1
0.992,22395,0
0.6093333333333333,22020,0
0.734,28030,0
0.6086666666666667,0,0
0.34,63736,1
0.9606666666666667,59276,1
0.476,88779,0
0.8033333333333333,27628,1
1.29,-39130,1
0.242,34824,1
0.7393333333333333,32448,2
1.0006666666666666,25600,3
1.0726666666666667,40108,1
0.30733333333333335,0,0
1.0453333333333332,35436,1
1.3726666666666667,-6615,1
0.8806666666666667,31656,0
1.0193333333333334,34160,1
1.0273333333333334,2280,1
1.4846666666666666,-41580,3
0.8573333333333333,44913,1
0.37933333333333336,30125,0
0.7713333333333333,27460,0
0.78,15960,0
0.6026666666666667,45464,0
0.6846666666666666,70200,2
0.8973333333333333,15348,1
0.8573333333333333,34106,0
1.024,20918,0
0.6473333333333333,46732,0
0.992,23468,0
1.1986666666666668,19203,0
1.1933333333333334,34184,0
0.6526666666666666,21221,0
0.806,38376,0
0.8406666666666667,40812,1
0.774,22646,0
0.8073333333333333,38256,0
0.6326666666666667,24184,0
0.8246666666666667,17096,0
0.9346666666666666,41580,0
1.1413333333333333,34108,0
1.0333333333333334,22050,0
0.942,46208,1
0.8753333333333333,27813,0
0.8153333333333334,37012,0
1.172,30432,1
0.8846666666666667,21460,0
0.9526666666666667,26248,0
0.732,30978,1
0.7473333333333333,32224,0
0.8913333333333333,29592,0
0.99,25432,0
0.7106666666666667,0,0
0.8246666666666667,33480,0
0.91,20124,2
0.8753333333333333,24992,0
0.8753333333333333,19254,0
0.828,35356,0
1.1593333333333333,33744,1
0.5326666666666666,22317,1
0.94,41744,2
0.9473333333333334,12964,0
0.9106666666666666,34446,0
1.04,65750,1
0.7526666666666667,48816,0
0.7526666666666667,40209,0
0.8206666666666667,75750,2
1.0453333333333332,29217,0
0.9373333333333334,17124,0
0.764,25458,1
1.0666666666666667,40920,1
0.9206666666666666,31768,0
0.9286666666666666,29496,0
0.814,47652,1
0.7106666666666667,40704,0
1.0346666666666666,53400,1
0.7473333333333333,32944,0
1.1993333333333334,9386,0
0.56,52526,0
1.164,20844,0
1.056,11542,0
0.966,37756,2
0.7286666666666667,41604,0
0.9953333333333333,37227,0
0.39,26781,1
0.5446666666666666,25634,0
0.898,31701,1
1.2006666666666668,40340,1
0.8153333333333334,16374,0
0.6606666666666666,47364,0
0.9786666666666667,22836,0
1.0633333333333332,28587,0
0.9553333333333334,16704,0
0.8653333333333333,48080,2
1.0506666666666666,31419,0
1.0273333333333334,22221,0
1.1566666666666667,45375,1
0.5886666666666667,24627,0
0.8693333333333333,36591,0
0.8693333333333333,27984,0
0.53,45912,1
0.9113333333333333,50079,0
0.9113333333333333,20016,0
0.82,42630,1
1.0406666666666666,46704,1
0.6553333333333333,0,0
0.8213333333333334,54704,2
0.9406666666666667,28236,0
1.0606666666666666,19948,0
0.9053333333333333,46947,0
0.826,45762,1
0.794,26816,2
1.0466666666666666,50880,1
0.6613333333333333,0,0
0.8406666666666667,53895,0
1.1253333333333333,15316,0
0.8586666666666667,22184,2
0.8086666666666666,25806,1
1.1113333333333333,41616,1
0.4846666666666667,24285,1
0.726,0,0
0.7293333333333333,21433,0
1.0933333333333333,21072,0
1.002,47350,1
0.9353333333333333,28756,0
0.838,56523,0
0.8933333333333333,36186,1
0.8266666666666667,25300,0
0.7286666666666667,0,0
1.0406666666666666,30684,0
0.8053333333333333,39078,0
0.9186666666666666,41016,0
1.0173333333333334,21486,0
0.894,28554,2
0.844,33987,1
1.1466666666666667,44150,1
0.52,45422,1
0.9273333333333333,54150,2
1.084,22506,0
0.762,55542,0
1.204,14218,0
0.962,29394,0
0.8873333333333333,24708,1
0.9026666666666666,25954,0
0.9026666666666666,20216,0
0.8046666666666666,0,0
0.9706666666666667,47420,2
0.7293333333333333,17370,0
0.8866666666666667,43992,0
1.0006666666666666,23368,0
0.8273333333333334,30225,0
0.6926666666666667,40058,0
0.9233333333333333,24010,0
1.1513333333333333,28652,1
0.864,14832,0
0.766,0,0
0.624,22156,0
1.114,19302,0
1.234,6870,0
1.1986666666666668,18180,0
0.9993333333333333,30280,1
0.9673333333333334,17172,2
1.22,25180,1
1.0006666666666666,35180,2
1.1453333333333333,10950,0
0.9033333333333333,26126,0
1.11,23190,0
0.7126666666666667,37942,0
0.9106666666666666,32265,1
0.912,40884,2
0.9926666666666667,25272,0
0.7453333333333333,31908,0
0.8113333333333334,22982,0
0.472,25119,1
0.7133333333333334,0,0
0.7826666666666666,28660,0
0.9553333333333334,28520,0
0.8333333333333334,35408,0
1.04,37113,0
0.8086666666666666,27100,2
1.0613333333333332,51448,1
0.774,31968,0
0.43466666666666665,26743,1
0.676,0,0
0.7333333333333333,53685,1
0.9133333333333333,29794,0
1.0333333333333334,21506,0
0.7913333333333333,36682,0
0.998,39024,0
0.89,23662,0
0.7666666666666667,28374,2
1.0193333333333334,53996,1
0.732,27504,0
0.634,0,0
0.9406666666666667,26076,0
0.706,59262,1
1.0606666666666666,17788,0
0.8186666666666667,32964,0
1.0466666666666666,46560,1
0.7593333333333333,23786,0
0.6613333333333333,0,0
0.8273333333333334,54560,2
0.174,80358,0
1.0546666666666666,44028,0
0.592,21785,1
0.9326666666666666,57804,0
1.1393333333333333,45590,0
1.0313333333333334,31764,0
0.908,41188,2
0.858,48432,1
1.1606666666666667,57654,1
0.8733333333333333,50924,0
0.9413333333333334,69654,2
1.158,10818,1
1.278,-1614,1
0.4886666666666667,58372,0
1.036,21150,1
1.2426666666666666,6868,1
1.1346666666666667,1620,1
0.9613333333333334,14121,2
0.9766666666666667,7383,1
0.8786666666666667,10514,1
1.0446666666666666,21040,3
0.616,61692,1
1.1506666666666667,16168,0
1.1153333333333333,31017,0
0.884,23036,2
0.8493333333333334,22166,0
0.7513333333333333,0,0
0.694,61908,1
1.0726666666666667,16024,0
0.8306666666666667,31200,0
1.0373333333333334,30801,0
0.9293333333333333,18180,0
1.0586666666666666,43032,1
0.7713333333333333,22022,0
0.6733333333333333,0,0
0.8393333333333334,51032,2
0.572,23434,1
1.0426666666666666,22536,1
1.1626666666666667,10104,1
0.9206666666666666,32868,1
1.1273333333333333,22492,1
1.0193333333333334,13338,1
0.928,34592,2
1.1486666666666667,30570,2
0.8613333333333333,19101,1
0.7633333333333333,14420,1
0.9293333333333333,40570,3
0.694,32156,2
0.9206666666666666,29736,0
1.0406666666666666,21448,0
1.0053333333333334,38937,0
0.806,48012,1
0.7393333333333333,33184,0
0.7393333333333333,27446,0
0.6413333333333333,0,0
0.16066666666666668,0,0
0.5733333333333334,38440,2
1.0413333333333334,23452,0
1.1613333333333333,15164,0
0.9193333333333333,30340,0
1.126,29511,0
1.018,17320,0
0.9266666666666666,38586,1
0.8446666666666667,25654,1
1.1473333333333333,41312,1
0.86,21162,0
0.762,0,0
0.928,49312,2
1.0126666666666666,27882,1
0.602,21652,1
1.1326666666666667,15450,1
0.8906666666666667,38214,1
0.9893333333333333,18684,1
0.898,41720,2
1.1186666666666667,39480,2
0.8313333333333334,33054,1
0.8313333333333334,24447,1
0.492,43554,2
0.14066666666666666,0,0
1.0213333333333334,20244,0
0.8993333333333333,27132,0
0.998,14112,0
0.5933333333333334,41648,2
0.9066666666666666,33774,1
0.8246666666666667,22446,1
1.1273333333333333,34896,1
0.84,23692,0
0.6353333333333333,38764,2
0.9793333333333333,23128,0
1.0993333333333333,14840,0
0.8573333333333333,30016,0
1.064,29025,0
1.0853333333333333,40664,1
0.798,26576,0
0.798,20838,0
0.866,48664,2
0.16466666666666666,0,0
0.5193333333333333,47898,1
1.0453333333333332,17616,0
1.1653333333333333,9328,0
0.9233333333333333,24504,0
1.13,20757,0
1.022,11484,0
0.9306666666666666,29832,1
0.8986666666666666,16196,2
1.1513333333333333,29640,1
0.864,21064,0
0.5246666666666666,21291,1
0.766,0,0
0.932,37640,2
0.514,24282,0
1.0506666666666666,25425,1
1.1706666666666667,12993,1
0.9286666666666666,35757,1
1.1353333333333333,26344,1
1.0273333333333334,16227,1
0.936,38444,2
0.904,23295,3
0.766,50892,1
1.1566666666666667,35385,2
0.8693333333333333,30597,1
0.8693333333333333,21990,1
0.6993333333333334,35104,0
0.53,41916,2
0.7713333333333333,15383,1
0.9373333333333334,45385,3
0.33466666666666667,30627,1
1.23,6390,0
1.35,-6042,0
1.3146666666666667,964,0
1.2066666666666668,-2808,0
1.0833333333333333,4260,2
1.336,3660,1
1.0486666666666666,11562,0
0.7093333333333334,29226,1
0.9506666666666667,9038,0
0.928,63000,1
0.058666666666666666,0,0
0.9393333333333334,29016,0
1.0593333333333332,20728,0
0.8173333333333334,35904,0
1.024,37857,0
0.8246666666666667,46932,1
0.7926666666666666,27596,2
0.7426666666666667,31218,1
0.758,32464,0
0.758,26726,0
0.66,0,0
0.826,60440,2
0.18666666666666668,40199,0
0.8,57693,1
1.0673333333333332,33081,0
1.1873333333333334,20649,0
0.9453333333333334,43413,0
1.152,36552,0
1.044,23883,0
0.9526666666666667,48652,1
0.9206666666666666,30951,2
0.8706666666666667,36384,1
0.886,38253,0
0.886,29646,0
0.5466666666666666,47020,1
0.788,17935,0
1.1513333333333333,30264,0
1.2713333333333334,17832,0
1.0293333333333334,40596,0
1.236,32796,0
1.0366666666666666,44896,1
1.0046666666666666,28134,2
0.97,35436,0
0.6306666666666667,45142,1
1.038,53450,2
1.088,19242,1
0.7793333333333333,71532,0
1.208,6810,1
0.966,29574,1
1.1726666666666667,18100,1
0.9733333333333334,30200,2
0.9413333333333334,17112,3
0.8913333333333333,22545,2
0.9066666666666666,15807,1
0.8086666666666666,13322,1
0.9326666666666666,67440,1
0.9346666666666666,26796,0
1.0546666666666666,18508,0
0.8126666666666666,33684,0
1.0193333333333334,34527,0
0.9113333333333333,20664,0
0.788,25376,2
0.7533333333333333,30244,0
0.7533333333333333,24506,0
0.414,25881,1
0.6553333333333333,0,0
0.8213333333333334,56000,2
0.7773333333333333,63885,1
1.09,26889,0
1.21,14457,0
0.968,37221,0
1.1746666666666667,28296,0
1.0666666666666667,17691,0
0.9753333333333334,40396,1
0.9086666666666666,23454,0
0.9766666666666667,47825,2
0.05,0,0
0.6493333333333333,39904,0
1.0506666666666666,18568,0
0.8086666666666666,33744,0
1.0153333333333334,34617,0
0.9073333333333333,20724,0
0.816,43692,1
0.784,25436,2
0.734,29058,1
1.0366666666666666,48120,1
0.41,25911,1
0.6513333333333333,0,0
0.44533333333333336,26844,0
1.1346666666666667,19608,0
1.2546666666666666,7176,0
1.0126666666666666,29940,0
1.2193333333333334,18588,0
1.1113333333333333,10410,0
1.02,30688,1
0.988,17478,2
1.2406666666666666,25690,1
0.9533333333333334,16173,0
0.614,38038,1
0.8553333333333333,13444,0
0.36,28311,1
1.0213333333333334,35690,2
0.432,55096,0
1.148,11664,0
1.268,3376,0
1.026,18552,0
1.2326666666666666,11829,0
1.1246666666666667,5532,0
1.0333333333333334,20904,1
1.0013333333333334,10244,2
0.734,30236,2
0.9513333333333334,13866,1
1.254,17736,1
0.9666666666666667,9374,0
0.6273333333333333,18315,1
0.8686666666666667,0,0
0.684,33858,1
1.0346666666666666,25736,2
1.0086666666666666,30204,0
1.1286666666666667,17772,0
0.5713333333333334,23312,0
0.8866666666666667,40536,0
1.0933333333333333,32716,0
0.9853333333333333,21006,0
0.894,44816,1
0.862,28074,2
1.1146666666666667,43350,1
0.8273333333333334,26769,0
0.488,45102,1
0.8953333333333333,53350,2
0.214,35197,0
1.0946666666666667,18075,0
0.48533333333333334,24486,0
1.2146666666666666,5643,0
0.9726666666666667,28407,0
1.1793333333333333,16544,0
1.0713333333333332,8877,0
0.948,15945,2
0.898,21378,1
1.2006666666666668,23135,1
0.574,37016,1
0.8153333333333334,12933,0
0.9813333333333333,33135,2
0.6353333333333333,33782,0
0.9446666666666667,27240,0
1.0646666666666667,18952,0
0.8226666666666667,34128,0
1.0293333333333334,35193,0
0.9213333333333333,21108,0
0.83,44268,1
0.798,25820,2
0.748,29442,1
1.0506666666666666,48888,1
0.424,26103,1
0.6653333333333333,0,0
0.8313333333333334,56888,2
1.1593333333333333,6354,0
0.4206666666666667,28393,0
1.2793333333333334,-6078,0
1.0373333333333334,16686,0
1.244,916,0
1.136,-2844,0
1.0446666666666666,13016,1
1.0126666666666666,4224,2
0.9626666666666667,9657,1
1.2653333333333334,3600,1
0.978,11526,0
0.6386666666666667,29202,1
0.88,9026,0
1.046,13600,2
0.5966666666666667,36758,0
0.10266666666666667,0,0
0.9833333333333333,24264,0
1.1033333333333333,15976,0
0.8613333333333333,31152,0
1.068,30729,0
0.96,18132,0
0.8686666666666667,39804,1
0.8366666666666667,22844,2
0.7866666666666666,26466,1
1.0893333333333333,42936,1
0.802,27712,0
0.46266666666666667,24615,1
0.704,0,0
0.87,50936,2
0.6593333333333333,31166,0
0.9206666666666666,29856,0
1.0406666666666666,21568,0
0.7986666666666666,36744,0
1.0053333333333334,39117,0
0.8973333333333333,23724,0
0.806,48192,1
0.774,28436,2
0.724,32058,1
1.0266666666666666,54120,1
0.7393333333333333,33304,0
0.4,27411,1
0.6413333333333333,0,0
0.8073333333333333,62120,2
1.0026666666666666,19212,0
0.238,34533,1
1.1226666666666667,10924,0
0.8806666666666667,26100,0
1.0873333333333333,23151,0
0.9793333333333333,13080,0
0.888,32226,1
0.856,17792,2
0.806,21414,1
1.1086666666666667,32832,1
0.8213333333333334,22660,0
0.8213333333333334,16922,0
0.7233333333333334,0,0
0.6013333333333334,0,0
0.8893333333333333,40832,2
1.1186666666666667,16083,1
1.2386666666666666,3651,1
0.9966666666666667,26415,1
1.2033333333333334,13888,1
1.0953333333333333,6885,1
1.004,25988,2
0.972,13953,3
0.922,19386,2
1.2246666666666666,19815,2
0.9373333333333334,21255,1
0.9373333333333334,12648,1
0.8393333333333334,12269,1
1.0053333333333334,29815,3
0.49733333333333335,0,0
0.104,0,0
0.9846666666666667,27288,0
1.1046666666666667,19000,0
0.8626666666666667,34176,0
1.0693333333333332,35265,0
0.9613333333333334,21156,0
0.87,44340,1
0.838,25868,2
0.788,29490,1
1.0906666666666667,48984,1
0.8033333333333333,30736,0
0.8033333333333333,24998,0
0.464,26127,1
0.8713333333333333,56984,2
0.428,0,0
0.17333333333333334,0,0
1.054,16616,0
1.174,8328,0
0.932,23504,0
1.1386666666666667,19257,0
1.0306666666666666,10484,0
0.9393333333333334,28332,1
0.9073333333333333,15196,2
0.8573333333333333,18818,1
1.16,27640,1
0.8726666666666667,20064,0
0.8726666666666667,14326,0
0.5333333333333333,20791,1
0.9406666666666667,35640,2
0.522,0,0
0.96,24264,0
1.08,15976,0
0.838,31152,0
1.0446666666666666,30729,0
0.9366666666666666,18132,0
0.8453333333333334,39804,1
0.8133333333333334,22844,2
0.7633333333333333,26466,1
1.066,42936,1
0.7786666666666666,27712,0
0.7786666666666666,21974,0
0.43933333333333335,24615,1
0.8466666666666667,50936,2
0.5653333333333334,0,0
0.036,0,0
0.9166666666666666,28632,0
1.0366666666666666,20344,0
0.7946666666666666,35520,0
1.0013333333333334,37281,0
0.8933333333333333,22500,0
0.802,46356,1
0.77,27212,2
0.72,30834,1
1.0226666666666666,51672,1
0.7353333333333333,32080,0
0.7353333333333333,26342,0
0.396,26799,1
0.8033333333333333,59672,2
0.20866666666666667,0,0
0.39266666666666666,0,0
1.0893333333333333,16952,0
1.2093333333333334,8664,0
0.9673333333333334,23840,0
1.174,19761,0
1.066,10820,0
0.9746666666666667,28836,1
0.9426666666666667,15532,2
0.8926666666666667,19154,1
1.1953333333333334,28312,1
0.908,20400,0
0.908,14662,0
0.5686666666666667,20959,1
0.976,36312,2
0.6513333333333333,88040,2
0.116,0,0
0.9966666666666667,20496,0
1.1166666666666667,12208,0
0.8746666666666667,27384,0
1.0813333333333333,25077,0
0.9733333333333334,14364,0
0.882,34152,1
0.85,19076,2
0.8,22698,1
1.1026666666666667,35400,1
0.8153333333333334,23944,0
0.8153333333333334,18206,0
0.476,22731,1
0.7173333333333334,0,0
0.14933333333333335,78032,1
0.618,44828,1
1.03,39376,1
1.15,22800,1
0.908,53152,1
1.1146666666666667,39775,1
1.0066666666666666,27112,1
0.9153333333333333,54900,2
0.8833333333333333,36536,3
0.8333333333333334,43780,2
1.136,50676,2
0.8486666666666667,46272,1
0.8486666666666667,34796,1
0.5093333333333333,66981,2
0.7506666666666667,33504,1
0.564,68580,1
0.20333333333333334,38570,1
1.084,28194,1
1.204,15762,1
0.962,38526,1
1.1686666666666667,30036,1
1.0606666666666666,18996,1
0.9693333333333334,42136,2
0.9373333333333334,26064,3
0.8873333333333333,31497,2
1.19,40000,2
0.9026666666666666,33366,1
0.9026666666666666,24759,1
0.5633333333333334,43762,2
0.8046666666666666,16306,1
0.6793333333333333,80504,2
0.088,0,0
0.9686666666666667,24264,0
1.0886666666666667,15976,0
0.8466666666666667,31152,0
1.0533333333333332,30729,0
0.9453333333333334,18132,0
0.854,39804,1
0.822,22844,2
0.772,26466,1
1.0746666666666667,42936,1
0.7873333333333333,27712,0
0.7873333333333333,21974,0
0.448,24615,1
0.6893333333333334,0,0
0.5566666666666666,69930,2
0.21066666666666667,38120,0
1.0913333333333333,26844,0
1.2113333333333334,14412,0
0.9693333333333334,37176,0
1.176,28236,0
1.068,17646,0
0.9766666666666667,40336,1
0.9446666666666667,24714,2
0.8946666666666667,30147,1
1.1973333333333334,37750,1
0.91,32016,0
0.91,23409,0
0.5706666666666667,42862,1
0.812,15856,0
0.7673333333333333,65720,2
0.324,0,0
0.6373333333333333,18607,1
0.408,27231,1
0.512,54686,0
0.6066666666666667,20240,1
0.8,0,0
0.898,21122,0
0.9646666666666667,29919,1
0.8826666666666667,19876,1
1.0793333333333333,17674,0
0.9326666666666666,16254,2
0.898,15384,0
1.1853333333333333,29756,1
0.3953333333333333,29244,0
0.938,22911,1
0.39266666666666666,27380,1
0.6733333333333333,62055,1
0.45266666666666666,24590,1
0.49933333333333335,25506,1
0.5666666666666667,67677,1
0.222,0,0
0.844,41348,2
0.9386666666666666,7724,1
0.9766666666666667,15990,1
1.0113333333333334,8688,3
1.264,11040,2
0.864,15326,0
0.502,55988,1
0.8666666666666667,22344,1
0.38333333333333336,27086,1
0.624,49182,0
0.6166666666666667,19548,1
0.8346666666666667,0,0
0.396,29984,0
0.6113333333333333,43386,1
1.0626666666666666,9805,0
0.9866666666666667,41637,0
0.32133333333333336,33344,0
0.458,23726,1
0.9093333333333333,0,0
0.774,28384,0
0.7586666666666667,27138,1
0.842,52280,2
0.8086666666666666,23516,2
1.0613333333333332,44280,1
0.932,18804,0
1.0753333333333333,16648,0
0.522,39990,2
0.532,24394,1
0.4,27351,1
0.37133333333333335,28496,1
0.5606666666666666,23249,1
0.23933333333333334,0,0
0.6926666666666667,33430,2
0.8953333333333333,15772,2
0.816,31185,2
0.8993333333333333,49480,3
1.0973333333333333,29620,1
0.9133333333333333,23247,0
0.98,28644,1
0.4186666666666667,26991,1
0.7413333333333333,61653,1
0.6053333333333333,44380,1
0.4706666666666667,52582,1
0.6893333333333334,42502,1
1.0586666666666666,24390,0
0.9546666666666667,33567,1
0.97,26829,0
1.128,21066,0
0.414,25557,1
0.7533333333333333,29596,0
0.738,28350,1
0.9346666666666666,26148,0
0.788,24728,2
0.7533333333333333,23858,0
1.0546666666666666,17860,0
0.488,47406,1
0.5646666666666667,24637,0
0.6526666666666666,32872,1
0.3313333333333333,0,0
0.7213333333333334,42927,1
0.9993333333333333,6075,0
0.992,29634,0
0.9326666666666666,24474,0
0.9173333333333333,22605,1
0.9326666666666666,15867,0
0.536,45798,1
0.6393333333333333,23918,0
0.7213333333333334,32154,1
0.7866666666666666,0,0
0.5913333333333334,25358,0
0.584,42918,1
0.8346666666666667,0,0
0.8066666666666666,35664,0
0.482,28470,0
0.6453333333333333,39574,1
0.896,0,0
0.916,29440,0
0.8086666666666666,28880,0
0.306,33526,0
0.712,35686,1
0.9626666666666667,0,0
0.9826666666666667,25552,0
0.9846666666666667,18768,0
0.942,35724,1
0.86,23746,1
0.9433333333333334,45496,2
1.0566666666666666,21544,0
1.1626666666666667,37496,1
1.1413333333333333,26649,0
1.0333333333333334,15412,0
0.666,17429,0
0.8986666666666666,11457,0
0.8493333333333334,47958,0
0.9693333333333334,14720,0
0.8153333333333334,30420,1
0.8433333333333334,29062,0
0.5693333333333334,23849,0
0.9506666666666667,18334,0
0.71,35310,2
0.69,35370,1
0.974,26835,2
0.26,35884,0
0.5806666666666667,43726,0
0.912,37329,2
0.6986666666666667,41150,0
0.7046666666666667,42688,1
0.7753333333333333,15479,0
0.796,17971,0
0.9606666666666667,18088,0
0.9386666666666666,16244,0
0.7686666666666667,80415,1
0.8826666666666667,26256,1
1.002,16888,1
0.7733333333333333,53814,2
0.8013333333333333,28322,2
0.8333333333333334,29082,1
0.8406666666666667,23952,1
0.5213333333333333,22656,1
0.6813333333333333,18655,0
0.832,44856,1
0.6713333333333333,73564,1
0.8533333333333334,19828,1
0.8373333333333334,56920,0
0.7633333333333333,81825,1
0.642,41908,0
1.012,30584,2
0.5873333333333334,69048,0
0.8153333333333334,0,0
0.49933333333333335,23983,1
0.844,35448,1
1.1366666666666667,-2778,1
0.666,16324,1
0.596,45788,0
1.288,3978,0
0.476,29994,0
0.54,43470,1
0.5246666666666666,44348,1
0.5786666666666667,45112,0
1.048,24832,2
0.8573333333333333,52152,0
0.6786666666666666,57825,1
0.7766666666666666,59964,1
0.764,15233,0
0.7446666666666667,15801,0
0.698,18044,0
1.0746666666666667,15219,2
0.586,21749,0
0.7286666666666667,16459,0
0.8753333333333333,12382,0
1.0846666666666667,14871,0
0.9153333333333333,9676,0
0.6693333333333333,32850,1
0.9566666666666667,30884,1
1.0186666666666666,24492,0
0.6086666666666667,0,0
0.8086666666666666,48008,1
0.8193333333333334,28404,0
0.7133333333333334,36652,0
0.6113333333333333,36068,1
0.5973333333333334,22435,0
0.77,19241,0
1.0306666666666666,13562,0
0.9946666666666667,19384,0
1.0513333333333332,30692,2
0.6546666666666666,0,0
1.0286666666666666,4919,0
0.6206666666666667,25754,0
0.8306666666666667,14896,0
0.8873333333333333,38631,2
0.8186666666666667,15777,0
0.706,19503,0
0.5573333333333333,25736,0
0.7546666666666667,27524,1
0.9413333333333334,13137,0
0.956,17770,0
0.648,0,0
0.71,46902,1
0.7873333333333333,32834,1
1.006,14322,0
1.062,7531,0
0.872,22574,0
0.974,32199,0
0.84,44577,0
0.7493333333333333,18951,0
0.724,31328,1
1.1233333333333333,4540,0
0.82,18948,1
0.758,29082,1
0.8213333333333334,17475,0
0.652,34280,1
0.7873333333333333,32166,0
0.9933333333333333,17890,0
0.7133333333333334,53145,1
0.726,0,0
0.2853333333333333,32194,1
1.0386666666666666,10834,0
0.964,24594,0
0.4226666666666667,52702,1
0.456,51030,1
0.82,12965,0
0.868,12096,0
0.8653333333333333,14797,0
0.456,26145,0
0.7933333333333333,42741,1
1.098,22460,0
1.0953333333333333,24705,2
0.5873333333333334,88684,1
0.9766666666666667,19238,0
0.6733333333333333,33646,1
0.596,71412,0
0.9446666666666667,12840,1
0.9086666666666666,18662,1
0.9653333333333334,29248,3
0.834,36336,1
0.94,17002,0
0.9853333333333333,20666,0
0.6006666666666667,65169,1
0.9313333333333333,23254,0
0.6326666666666667,80652,1
0.9286666666666666,32859,2
1.134,-6410,1
1.1793333333333333,-2746,1
1.098,-588,1
0.8993333333333333,14901,0
0.8406666666666667,41571,2
0.38866666666666666,26254,1
0.9693333333333334,18672,0
0.7253333333333334,45585,1
0.994,11591,0
0.9693333333333334,31953,2
1.028,11695,0
0.9453333333333334,10477,0
0.6293333333333333,45954,0
0.864,11556,0
0.62,34830,1
0.4073333333333333,0,0
0.96,6005,0
0.9833333333333333,15142,0
0.5693333333333334,51234,0
0.924,8916,0
0.6506666666666666,41010,0
0.924,12949,0
0.8426666666666667,14028,0
0.7093333333333334,37314,0
0.8106666666666666,14253,0
0.798,15372,0
0.6166666666666667,43938,1
0.848,11453,0
1.0186666666666666,18951,0
0.6566666666666666,58365,1
0.9806666666666667,6263,0
0.8966666666666666,14639,0
0.808,13589,0
0.966,10406,0
0.6793333333333333,20657,0
0.864,12561,0
0.9093333333333333,22676,1
0.8313333333333334,13132,0
0.7093333333333334,68368,1
0.8313333333333334,13651,0
1.0526666666666666,6993,0
0.8606666666666667,36324,2
0.736,17699,0
0.7593333333333333,35458,0
0.8213333333333334,53548,1
0.6226666666666667,17470,1
0.7146666666666667,18543,0
0.7106666666666667,23668,0
0.6606666666666666,44246,0
0.862,32360,0
0.632,19979,1
0.7286666666666667,0,0
0.6973333333333334,33142,0
0.842,48596,1
0.6586666666666666,0,0
0.8593333333333333,11944,0
1.016,20364,0
0.8013333333333333,16214,0
0.8346666666666667,32000,0
0.8373333333333334,14351,0
0.8446666666666667,15662,0
0.9213333333333333,41400,0
0.5513333333333333,44452,1
0.77,33398,0
0.702,33274,1
0.8233333333333334,50532,1
0.8366666666666667,36555,1
0.9093333333333333,56240,0
0.8533333333333334,0,0
0.8826666666666667,24488,0
0.7713333333333333,0,0
0.7006666666666667,73852,1
0.6833333333333333,0,0
0.804,71620,0
0.8153333333333334,56604,0
0.7646666666666667,0,0
0.566,42120,1
0.858,37323,1
0.8353333333333334,26494,0
0.94,16932,0
0.9173333333333333,25244,1
0.9933333333333333,12130,0
0.862,27886,0
0.766,14779,0
1.0166666666666666,30081,0
1.024,18034,0
0.46,49342,1
0.5033333333333333,48990,1
0.618,40366,0
0.6886666666666666,18941,0
0.9813333333333333,21376,0
0.8113333333333334,15400,0
0.8773333333333333,10174,0
0.8873333333333333,19524,0
0.6753333333333333,19861,0
0.722,31780,1
0.7826666666666666,31790,0
0.656,20587,0
0.9846666666666667,11268,0
0.8826666666666667,23946,1
0.9006666666666666,30886,0
0.988,12047,0
0.8873333333333333,14625,0
0.5513333333333333,42142,1
0.89,29554,0
0.858,16337,0
0.484,21810,1
0.896,11407,0
0.692,0,0
0.768,39104,0
0.8686666666666667,0,0
0.8046666666666666,0,0
0.7386666666666667,0,0
0.8066666666666666,70480,0
0.7426666666666667,0,0
0.7946666666666666,0,0
0.7426666666666667,20675,0
0.8233333333333334,0,0
0.942,6739,0
0.738,21138,0
0.8526666666666667,30462,0
0.7526666666666667,18523,0
1.0333333333333334,7804,0
0.7726666666666666,0,0
0.30666666666666664,34904,0
0.454,0,0
0.9473333333333334,12571,0
0.842,11606,0
0.7813333333333333,16667,0
0.828,14424,0
0.776,14417,0
0.7433333333333333,17823,0
0.8686666666666667,12133,0
0.8273333333333334,15324,0
0.79,30186,1
0.9606666666666667,31761,0
0.5773333333333334,37326,1
0.9906666666666667,5373,0
0.7913333333333333,16952,0
0.8126666666666666,11889,0
0.802,14779,0
0.8533333333333334,33096,2
0.7306666666666667,43432,0
0.512,22334,1
0.6253333333333333,21581,0
0.9126666666666666,10071,0
0.9433333333333334,8486,0
0.6646666666666666,20560,0
0.812,14462,0
0.7753333333333333,32528,1
0.4746666666666667,27911,0
0.7093333333333334,16889,0
0.628,22001,0
0.8313333333333334,13981,0
0.9333333333333333,8158,0
0.7926666666666666,13252,0
0.7073333333333334,23934,0
0.7813333333333333,26572,1
0.674,81404,1
0.7853333333333333,14792,0
0.772,15120,0
0.8826666666666667,22312,0
0.826,14490,0
0.8173333333333334,14804,0
0.74,16280,0
0.872,13845,0
0.72,58389,2
0.7233333333333334,20331,0
0.846,40725,2
0.6073333333333333,46514,1
0.6473333333333333,44834,1
0.9613333333333334,23430,1
0.678,39242,1
0.7793333333333333,35730,2
0.8746666666666667,24201,2
0.6826666666666666,55872,2
0.718,52194,2
0.8213333333333334,34068,0
0.9113333333333333,10661,0
0.956,10605,0
0.8953333333333333,15060,0
0.8,67488,2
0.9406666666666667,18888,3
0.7946666666666666,29656,0
0.7866666666666666,49278,1
0.8246666666666667,29474,1
1.032,10920,1
0.674,46388,1
0.5093333333333333,68865,2
0.5193333333333333,70845,2
0.6493333333333333,84976,1
0.896,23232,0
0.814,68588,2
0.9326666666666666,43072,2
0.992,20228,3
0.8133333333333334,26270,0
0.8753333333333333,24006,0
0.7393333333333333,18445,0
0.7513333333333333,43912,0
0.9833333333333333,10167,0
0.9853333333333333,9413,0
0.7586666666666667,0,0
0.8793333333333333,15156,0
0.956,24322,0
0.606,22095,0
0.41,31834,0
0.7793333333333333,37854,0
1.028,11118,0
0.854,58350,0
0.6566666666666666,25482,0
0.7146666666666667,22718,0
0.7393333333333333,45396,0
0.7593333333333333,20202,0
0.7913333333333333,17640,0
0.926,11138,0
0.728,21115,0
0.908,12235,0
0.768,20275,0
0.8446666666666667,41094,2
0.936,23272,0
0.5033333333333333,25000,1
0.936,39537,0
0.74,20247,0
0.8226666666666667,13227,0
1.0893333333333333,9837,0
0.8633333333333333,15711,0
0.534,23571,0
0.782,0,0
0.848,0,0
0.8173333333333334,0,0
0.962,0,0
0.7706666666666667,36830,0
0.8213333333333334,0,0
0.94,0,0
0.7793333333333333,16361,1
0.9806666666666667,8462,0
0.6293333333333333,64485,1
0.6726666666666666,54810,1
0.9113333333333333,12381,0
0.7846666666666666,0,0
0.852,23952,0
0.812,30554,0
0.3273333333333333,30430,1
0.45866666666666667,56348,1
0.41,51298,2
0.8553333333333333,45056,1
0.36533333333333334,27874,1
0.514,45714,1
0.9233333333333333,23190,0
0.6866666666666666,19233,0
0.5093333333333333,49062,1
0.5853333333333334,37962,1
0.7046666666666667,21974,0
0.79,15723,0
0.732,0,0
0.794,27750,2
0.674,36642,1
0.7653333333333333,18315,0
0.5893333333333334,41206,1
0.5833333333333334,37020,1
0.5146666666666667,47334,1
0.848,21646,1
0.7386666666666667,16571,1
0.6706666666666666,18172,0
0.7106666666666667,65928,3
0.7106666666666667,51687,0
0.968,37640,0
1.0606666666666666,29180,0
0.9093333333333333,24130,0
0.616,44250,1
0.684,37962,1
0.55,44790,1
0.5406666666666666,47198,1
0.6433333333333333,52014,1
0.878,10889,0
0.712,0,0
0.8666666666666667,28148,0
0.6246666666666667,81964,1
0.788,0,0
0.754,20842,0
0.6653333333333333,74176,1
0.4186666666666667,27282,1
0.7726666666666666,78155,1
0.522,21342,1
0.7026666666666667,41410,0
0.652,64608,0
0.8693333333333333,18512,1
0.9306666666666666,28998,1
0.8406666666666667,38541,0
0.9433333333333334,18464,1
0.8666666666666667,22190,1
0.814,49830,0
0.7693333333333333,79136,0
0.5133333333333333,39418,2
0.898,68975,0
0.676,58452,0
0.754,49296,1
0.7753333333333333,41880,1
0.706,34570,0
0.6986666666666667,18075,0
0.8533333333333334,43566,0
0.7366666666666667,70572,1
0.8806666666666667,45372,2
0.8146666666666667,44064,1
0.7466666666666667,65712,2
0.654,76652,2
0.9073333333333333,35859,1
0.798,67052,2
0.8806666666666667,28386,1
0.8013333333333333,35262,0
0.846,14457,0
0.5426666666666666,65661,1
0.6846666666666666,53829,1
0.576,63153,1
0.38,62840,0
0.786,60732,1
0.5086666666666667,43580,1
0.6893333333333334,63459,0
0.6806666666666666,52209,1
0.674,18845,0
0.7626666666666667,65472,1
0.6453333333333333,22832,0
0.8466666666666667,52512,1
0.766,54969,2
0.9093333333333333,14571,0
0.814,0,0
0.37333333333333335,29290,1
0.75,62188,1
0.348,32980,0
0.7726666666666666,52812,1
0.49533333333333335,0,0
0.7173333333333334,40146,0
0.7613333333333333,67828,1
0.7333333333333333,27012,1
0.5946666666666667,38002,1
0.7353333333333333,25504,1
0.6093333333333333,35670,1
0.6293333333333333,36990,1
0.8806666666666667,27270,0
0.5946666666666667,35692,1
0.8446666666666667,16665,0
0.546,42620,1
0.632,23160,0
0.6353333333333333,43322,1
0.7013333333333334,54948,2
0.7846666666666666,30158,2
0.6326666666666667,34756,1
0.6193333333333333,53478,1
0.8013333333333333,49124,1
0.704,40802,0
0.3353333333333333,33048,0
1.0273333333333334,6468,1
0.4706666666666667,59400,0
1.04,2751,1
0.34,31564,0
0.9433333333333334,20421,1
0.44466666666666665,23986,1
0.93,18522,0
0.764,15999,0
0.794,15703,0
0.426,24574,1
0.806,38428,0
0.4666666666666667,22627,1
0.9273333333333333,22200,0
0.8953333333333333,33345,2
0.4666666666666667,23680,1
0.562,44468,1
0.4766666666666667,23350,1
0.6906666666666667,48735,1
0.4686666666666667,21934,1
0.5173333333333333,23048,1
0.766,45969,0
0.838,11084,0
0.726,14789,0
0.8686666666666667,9499,0
0.8106666666666666,48129,0
0.8733333333333333,24052,0
0.946,18502,0
0.78,58299,0
0.814,29320,0
0.616,49274,0
0.9586666666666667,8817,0
0.6113333333333333,47706,0
0.818,42801,2
0.7,65457,0
0.8213333333333334,15135,0
0.9613333333333334,10515,0
0.736,50532,0
0.4826666666666667,0,0
0.5293333333333333,0,0
0.49866666666666665,0,0
1.0306666666666666,19350,0
0.5373333333333333,0,0
1.0153333333333334,33268,0
1.108,24808,0
0.8993333333333333,37278,0
0.5026666666666667,0,0
1.072,27696,0
1.1206666666666667,17304,0
0.95,19894,0
0.6213333333333333,0,0
0.6873333333333334,0,0
0.5873333333333334,66555,1
0.5406666666666666,0,0
0.7206666666666667,38966,0
0.864,61060,0
0.8133333333333334,29332,0
0.786,15183,0
0.822,13320,0
0.6826666666666666,61251,1
0.8293333333333334,14631,0
0.7073333333333334,40806,0
0.9013333333333333,13155,0
0.536,42390,1
0.7133333333333334,55701,1
0.8733333333333333,12595,0
0.8986666666666666,16035,0
0.7833333333333333,0,0
0.6273333333333333,41766,0
0.686,22530,0
0.7953333333333333,27780,0
0.8706666666666667,14434,0
0.7553333333333333,53058,2
0.7433333333333333,28986,0
0.7306666666666667,35626,0
0.8606666666666667,19204,0
0.81,18889,0
0.7246666666666667,61794,0
0.38866666666666666,32678,0
0.8866666666666667,21934,0
0.6673333333333333,0,0
0.7606666666666667,32100,0
0.7806666666666666,33420,0
0.746,32122,0
0.9306666666666666,30375,1
0.6193333333333333,44778,1
0.824,49455,0
0.768,31778,0
0.5146666666666667,24297,0
0.9053333333333333,46356,0
0.6593333333333333,59625,1
0.6913333333333334,73260,1
0.9646666666666667,13005,1
0.31866666666666665,34036,0
1.33,-15918,0
0.09333333333333334,0,0
0.2986666666666667,0,0
0.898,10321,0
1.2353333333333334,-2294,0
0.8986666666666666,34179,0
1.3266666666666667,-9282,0
0.9173333333333333,31296,0
0.6333333333333333,21775,0
0.93,11066,0
0.9066666666666666,27332,0
0.534,0,0
0.5093333333333333,27788,0
0.87,0,0
0.32066666666666666,35068,0
0.234,36888,0
0.8373333333333334,14399,0
0.7666666666666667,14442,0
1.3366666666666667,-6975,0
1.086,1688,0
0.43133333333333335,28973,0
1.1933333333333334,536,0
0.9806666666666667,6888,0
0.546,21939,0
0.7606666666666667,13966,0
0.7146666666666667,18459,0
0.4026666666666667,58008,1
0.34933333333333333,31564,0
0.692,38266,1
0.5466666666666666,23649,0
1.048,10540,1
0.6126666666666667,43104,1
0.7353333333333333,36022,1
0.8053333333333333,16683,0
0.22933333333333333,38712,0
1.49,-10846,0
0.8806666666666667,13847,0
0.9966666666666667,6837,0
0.5046666666666667,28223,0
1.2146666666666666,-357,0
0.4826666666666667,27882,0
0.9566666666666667,12245,0
0.6606666666666666,22013,0
0.83,15945,0
0.9673333333333334,9347,0
1.22,-7244,0
1.1446666666666667,-1572,0
1.0226666666666666,8586,0
0.6553333333333333,17843,1
1.2766666666666666,-20560,1
1.3966666666666667,-48020,1
0.9433333333333334,27459,0
0.3393333333333333,32528,0
0.9533333333333334,14416,1
0.7206666666666667,54312,0
0.8453333333333334,46236,1
0.7866666666666666,15171,0
1.1526666666666667,-7026,1
0.7633333333333333,15493,0
0.7213333333333334,26372,1
1.206,-5208,0
0.24333333333333335,0,0
1.2106666666666666,-9660,0
0.19,0,0
1.3393333333333333,-19278,0
0.5206666666666667,0,0
0.4726666666666667,24972,0
1.322,-1338,0
0.9286666666666666,9608,0
0.6226666666666667,0,0
1.3306666666666667,-5595,0
0.6126666666666667,46962,0
1.2733333333333334,-7677,0
1.178,5655,0
1.0973333333333333,8548,0
1.354,-10920,0
0.59,47462,0
0.596,24509,0
1.0313333333333334,11796,0
1.16,4628,0
0.7966666666666666,0,0
0.7733333333333333,0,0
0.812,47778,0
0.8153333333333334,0,0
1.2853333333333334,1722,0
1.0706666666666667,25641,0
0.9126666666666666,42932,1
0.8246666666666667,30190,2
0.9693333333333334,26514,0
0.7146666666666667,39100,2
1.3666666666666667,-18208,1
1.1526666666666667,9932,1
0.5646666666666667,27923,0
1.178,3018,0
1.474,-16518,0
0.5046666666666667,28153,0
0.42733333333333334,0,0
0.18733333333333332,0,0
1.0573333333333332,28851,0
1.0026666666666666,22083,0
1.12,8235,0
0.41533333333333333,27763,1
0.65,60153,1
0.4093333333333333,28245,0
0.49333333333333335,24465,0
0.428,55596,1
1.3806666666666667,-42102,1
0.664,36520,1
0.5393333333333333,24805,0
1.032,22544,1
0.292,68808,0
1.014,26529,0
0.5866666666666667,49564,0
0.5166666666666667,25633,0
0.7513333333333333,53763,0
0.8613333333333333,40398,0
0.954,41556,0
1.034,24276,0
1.1626666666666667,11452,0
0.41733333333333333,0,0
0.8333333333333334,30174,0
0.6246666666666667,45226,0
0.9433333333333334,21264,0
0.6893333333333334,36472,0
0.818,30060,0
1.3753333333333333,-12688,0
1.2033333333333334,-845,0
1.2453333333333334,-2609,0
0.8426666666666667,17281,0
0.5413333333333333,27074,0
0.8386666666666667,38140,0
0.8973333333333333,0,0
0.566,0,0
0.924,24310,1
1.1346666666666667,17913,1
0.5713333333333334,22683,1
1.1653333333333333,6147,1
0.5406666666666666,26605,1
1.0273333333333334,6124,0
1.3233333333333333,-3644,0
0.8326666666666667,19130,0
1.3233333333333333,1370,0
0.7213333333333334,0,0
0.8253333333333334,40280,0
0.7473333333333333,45428,0
0.352,32952,1
0.44733333333333336,28508,1
0.958,16048,0
0.742,37088,1
0.658,44648,1
0.4186666666666667,28945,0
0.7566666666666667,53889,0
1.04,23727,1
0.804,38070,1
0.68,14317,1
0.12133333333333333,0,0
0.7373333333333333,15475,0
0.4553333333333333,0,0
0.944,29730,0
0.5506666666666666,0,0
1.024,16770,0
0.5686666666666667,45462,0
0.986,18246,1
1.416,-23526,2
1.0266666666666666,28164,2
1.1893333333333334,6054,2
0.7586666666666667,39842,1
1.1666666666666667,1914,1
0.416,61080,1
1.432,-6576,0
0.9093333333333333,13052,0
1.2053333333333334,3284,0
0.9886666666666667,9752,0
0.328,35106,0
0.286,36870,0
0.862,14841,0
0.592,44130,0
0.544,45096,1
1.094,17025,0
0.7273333333333334,16172,0
0.7773333333333333,67852,1
0.8106666666666666,71595,1
0.2633333333333333,34833,0
0.554,26787,0
1.0186666666666666,1660,1
0.7046666666666667,17000,0
1.1053333333333333,-1980,1
1.1473333333333333,-5508,1
0.2653333333333333,0,0
1.228,-5358,0
0.6193333333333333,22403,0
0.572,0,0
0.4046666666666667,30376,0
0.9153333333333333,38523,0
0.6646666666666666,0,0
0.276,33960,0
0.658,58893,0
0.7493333333333333,41664,1
1.2433333333333334,3072,1
1.0726666666666667,10386,1
1.2966666666666666,-3072,2
1.0193333333333334,7753,0
0.448,52860,2
0.6013333333333334,62439,1
0.7186666666666667,48591,1
0.878,28395,3
0.794,39735,3
0.6126666666666667,62121,2
1.1933333333333334,-3600,2
0.96,26280,2
0.806,53836,1
1.176,-4680,3
1.0426666666666666,14968,3
0.6433333333333333,83316,1
0.42133333333333334,57392,1
0.5193333333333333,44912,1
0.4673333333333333,29566,1
1.0826666666666667,11792,1
1.0633333333333332,24606,1
0.7353333333333333,50589,0
0.7346666666666667,39942,2
0.606,46354,2
0.944,28011,0
1.2793333333333334,-6912,2
0.6526666666666666,59739,0
0.894,10731,1
0.5453333333333333,51810,0
1.262,-5688,1
0.238,0,0
0.7626666666666667,29552,1
0.982,43356,1
1.102,31875,1
1.114,5340,1
0.9806666666666667,15164,1
1.138,410,1
0.9293333333333333,11958,1
1.1473333333333333,-2430,1
0.248,38404,0
0.9113333333333333,42729,0
1.2173333333333334,4224,0
0.7066666666666667,0,0
0.6953333333333334,59073,0
0.54,69834,1
0.46266666666666667,54346,0
0.3426666666666667,31637,0
0.918,36785,2
0.838,33300,1
0.556,68946,1
0.8006666666666666,59865,2
0.7886666666666666,36696,1
0.44,56002,0
0.5573333333333333,46770,0
0.824,45474,0
0.31333333333333335,32693,0
0.9413333333333334,31626,0
0.224,33630,1
0.754,53496,1
1.012,9585,2
0.698,72348,1
0.5966666666666667,37772,1
0.6553333333333333,43596,0
0.5753333333333334,52236,0
0.8546666666666667,39192,1
0.784,15876,0
0.44666666666666666,58648,0
0.78,45759,1
0.644,46082,0
0.13333333333333333,0,0
0.958,20613,1
0.6273333333333333,64473,0
0.8993333333333333,24526,0
0.9213333333333333,12529,0
0.84,13608,0
0.8966666666666666,34767,2
0.63,34892,1
0.7653333333333333,32778,0
0.9186666666666666,23390,0
0.9406666666666667,11961,0
0.8593333333333333,13040,0
0.916,33063,2
0.9746666666666667,12065,0
0.796,57692,1
0.6493333333333333,33756,1
0.7846666666666666,31642,0
0.9653333333333334,18904,0
0.906,10797,0
0.9626666666666667,26334,2
0.662,33312,1
0.8426666666666667,48720,1
0.696,29270,1
0.8313333333333334,27156,0
1.0773333333333333,11494,0
1.0993333333333333,6013,0
1.018,7092,0
1.1333333333333333,6117,0
0.774,25902,1
0.9546666666666667,33900,1
0.9433333333333334,19746,0
0.9346666666666666,22074,0
0.9566666666666667,11303,0
0.932,31089,2
0.9906666666666667,11407,0
0.6313333333333333,36482,1
0.812,55060,1
0.6653333333333333,32440,1
0.8006666666666666,30326,0
0.5786666666666667,0,0
1.1066666666666667,10446,0
0.24133333333333334,35426,0
1.0253333333333334,12604,0
1.082,17132,2
1.1406666666666667,10654,0
0.7813333333333333,36483,1
0.962,38425,1
0.9506666666666667,27249,0
0.748,35640,0
0.9606666666666667,11508,0
0.8793333333333333,12587,0
0.936,31704,2
0.6353333333333333,36892,1
0.816,55880,1
0.8046666666666666,30736,0
1.056,3427,0
0.6073333333333333,48138,0
1.1013333333333333,5259,0
1.02,6338,0
1.0766666666666667,12957,2
0.776,24394,1
0.81,20352,1
0.9453333333333334,18238,0
1.0546666666666666,15759,0
1.1,21255,0
1.0753333333333333,30725,2
0.7746666666666666,56092,1
0.9553333333333334,57282,1
0.944,43780,0
0.7333333333333333,37972,0
0.93,8510,0
0.9753333333333334,10342,0
0.11,0,0
0.894,11421,0
0.9506666666666667,28206,2
1.0093333333333334,10446,0
0.65,34560,1
0.684,30518,1
0.95,9170,0
0.9953333333333333,11002,0
0.914,12081,0
0.9706666666666667,30186,2
1.0293333333333334,11106,0
0.67,35880,1
0.8506666666666667,53856,1
0.8393333333333334,29724,0
0.806,32422,0
0.8573333333333333,11285,0
0.9026666666666666,13117,0
0.878,36531,2
0.5773333333333334,40110,1
0.758,62316,1
0.7466666666666667,33954,0
1.088,5327,0
0.268,0,0
1.052,8238,0
1.1086666666666667,18657,2
1.1673333333333333,7263,0
0.808,28194,1
0.9886666666666667,38484,1
0.842,24152,1
0.9773333333333334,22038,0
0.9153333333333333,8521,0
0.9386666666666666,20174,0
0.936,28239,2
0.9946666666666667,10457,0
0.6353333333333333,34582,1
0.816,51260,1
0.8046666666666666,28426,0
1.054,25041,0
1.11,17434,0
0.7506666666666667,46653,1
0.9313333333333333,55375,1
0.7846666666666666,40590,1
0.92,37419,0
1.0646666666666667,2008,0
1.088,7148,0
1.0853333333333333,8700,2
1.144,3944,0
0.7846666666666666,21556,1
0.954,15400,0
0.8666666666666667,11985,0
0.89,27102,0
0.946,13921,0
0.5866666666666667,41510,1
0.7673333333333333,65116,1
0.6206666666666667,37468,1
0.756,35354,0
0.898,9338,0
0.9213333333333333,21808,0
0.9433333333333334,11170,0
0.9186666666666666,30690,2
0.9773333333333334,11274,0
0.618,36216,1
0.7986666666666666,54528,1
0.652,32174,1
0.7873333333333333,30060,0
1.0466666666666666,3105,0
1.07,9342,0
1.092,4937,0
0.22666666666666666,0,0
1.0673333333333332,11991,2
1.126,5041,0
0.7666666666666667,23750,1
0.9473333333333334,29596,1
0.8006666666666666,19708,1
0.936,17594,0
1.0346666666666666,4992,0
1.058,13116,0
1.08,6824,0
1.0553333333333332,17652,2
1.114,6928,0
0.9353333333333333,37144,1
0.7886666666666666,23482,1
0.924,21368,0
0.6973333333333334,17696,0
0.9066666666666666,11145,0
0.93,25422,0
0.952,12977,0
0.9273333333333333,36111,2
0.986,13081,0
0.6266666666666667,39830,1
0.8073333333333333,61756,1
0.6606666666666666,35788,1
0.796,33674,0
0.742,17640,0
0.862,11201,0
0.8853333333333333,25534,0
0.9073333333333333,13033,0
0.042,0,0
0.8826666666666667,36279,2
0.582,39942,1
0.7626666666666667,61980,1
0.616,35900,1
0.7513333333333333,33786,0
0.9793333333333333,31353,0
1.0013333333333334,21434,0
0.136,40920,0
0.9766666666666667,39108,2
1.0353333333333334,21642,0
0.676,52965,1
0.8566666666666667,65895,1
0.8453333333333334,43731,0
0.5606666666666666,48474,1
1.1,5170,1
1.1233333333333333,12453,1
1.1453333333333333,8834,1
1.064,10992,1
1.1793333333333333,9042,1
0.82,34065,2
1.0006666666666666,34395,2
0.854,28002,2
0.9893333333333333,24831,1
1.034,5930,0
0.6266666666666667,62676,2
1.0573333333333332,14992,0
1.0793333333333333,7762,0
0.214,0,0
0.998,8841,0
1.1133333333333333,7866,0
0.754,29400,1
0.9346666666666666,40896,1
0.788,25358,1
0.9233333333333333,23244,0
0.8733333333333333,20810,1
0.8966666666666666,35913,1
0.9186666666666666,24474,1
0.05333333333333334,42440,1
0.8373333333333334,26632,1
0.9526666666666667,24682,1
0.5933333333333334,57525,2
0.774,73495,2
0.6273333333333333,51462,2
0.7626666666666667,48291,1
0.678,63681,2
0.9826666666666667,5595,0
1.028,7427,0
0.9466666666666667,8506,0
0.7026666666666667,28730,1
0.8833333333333333,39556,1
0.7366666666666667,24688,1
0.996,21998,0
0.13066666666666665,41202,0
0.9146666666666666,24156,0
1.03,22206,0
0.6706666666666666,53811,1
0.8513333333333334,67305,1
0.7046666666666667,47748,1
0.97,8915,0
0.9933333333333333,20962,0
1.0153333333333334,10747,0
0.15,0,0
0.934,11826,0
0.9906666666666667,29421,2
0.8706666666666667,52836,1
0.8593333333333333,29214,0
0.6193333333333333,27162,0
1.1,704,0
1.1453333333333333,2536,0
1.064,3615,0
1.1206666666666667,4788,2
1.0006666666666666,19992,1
0.854,14906,1
0.9893333333333333,12792,0
1.038,5771,0
0.6813333333333333,22095,0
1.0613333333333332,14674,0
1.0833333333333333,7603,0
1.002,8682,0
1.0586666666666666,19989,2
0.9386666666666666,40260,1
0.792,25040,1
0.9273333333333333,22926,0
0.898,10391,0
0.9213333333333333,23914,0
0.9433333333333334,12223,0
0.862,13302,0
0.9186666666666666,33849,2
0.618,38322,1
0.7986666666666666,58740,1
1.0166666666666666,31533,0
1.0386666666666666,21554,0
0.17333333333333334,40980,0
0.9573333333333334,23712,0
1.014,39348,2
0.894,66195,1
0.7473333333333333,47082,1
0.8826666666666667,43911,0
1.0746666666666667,5012,0
1.098,12216,0
1.12,8676,0
0.25466666666666665,34541,0
1.0953333333333333,13592,2
1.154,8884,0
0.9753333333333334,34000,1
0.8286666666666667,27765,1
0.9373333333333334,8349,0
0.9606666666666667,19830,0
0.9826666666666667,10181,0
0.11733333333333333,0,0
0.9013333333333333,11260,0
0.958,27723,2
1.0166666666666666,10285,0
0.838,50572,1
0.6913333333333334,30196,1
0.8266666666666667,28082,0
0.904,9185,0
0.9273333333333333,21502,0
0.9493333333333334,11017,0
0.9246666666666666,30231,2
0.9833333333333333,11121,0
0.8046666666666666,53916,1
0.658,31868,1
0.7933333333333333,29754,0
0.904,17110,1
0.9273333333333333,30363,1
0.9493333333333334,20774,1
0.868,22932,1
0.9246666666666666,37788,3
0.9833333333333333,20982,1
0.8046666666666666,64245,2
0.658,45912,2
0.466,52350,1
1.0746666666666667,12147,0
1.12,17643,0
1.0386666666666666,20880,0
1.154,17955,0
0.7946666666666666,51276,1
0.8286666666666667,43192,1
0.964,38964,0
0.9533333333333334,8053,0
0.9986666666666667,9885,0
0.13333333333333333,0,0
0.9173333333333333,10964,0
1.0326666666666666,9989,0
0.7073333333333334,29604,1
0.8426666666666667,27490,0
0.968,23958,1
0.99,16504,1
0.12466666666666666,38455,1
1.024,16712,1
0.6646666666666666,45570,2
0.6986666666666667,39507,2
0.574,39428,1
0.9633333333333334,30201,0
0.12,40536,0
0.904,22824,0
0.9606666666666667,37572,2
1.0193333333333334,20874,0
0.66,51813,1
0.694,45750,1
0.8293333333333334,42579,0
0.908,10061,0
0.9533333333333334,11893,0
0.088,0,0
0.872,12972,0
0.9873333333333333,11997,0
0.628,37662,1
0.662,33620,1
0.7973333333333333,31506,0
0.49933333333333335,44580,1
0.8946666666666667,10389,0
0.918,23910,0
0.94,12221,0
0.07466666666666667,0,0
0.8586666666666667,13300,0
0.9153333333333333,33843,2
0.974,12325,0
0.6146666666666667,38318,1
0.7953333333333333,58732,1
0.784,32162,0
1.1573333333333333,-4917,1
0.314,28830,1
1.1546666666666667,-9252,3
1.2133333333333334,-2538,1
0.854,16695,2
1.0346666666666666,5445,2
1.0233333333333334,7461,1
1.0053333333333334,12850,0
1.0286666666666666,23973,0
1.0506666666666666,16514,0
0.18533333333333332,38460,0
1.026,29268,2
1.0846666666666667,16722,0
0.906,53595,1
0.8946666666666667,36351,0
1.0053333333333334,7837,0
0.14,0,0
0.9806666666666667,20691,2
1.0393333333333334,7941,0
0.68,29550,1
0.8606666666666667,41196,1
0.714,25508,1
1.122,8868,0
1.1453333333333333,18088,0
1.1673333333333333,14364,0
0.302,69982,0
1.086,17601,0
1.1426666666666667,19240,2
1.2013333333333334,14676,0
0.842,46904,1
1.0226666666666666,43500,1
0.876,38820,1
0.9,8645,0
0.9233333333333333,20422,0
0.08,0,0
0.9206666666666666,28611,2
0.9793333333333333,10581,0
0.8006666666666666,51756,1
0.654,30788,1
0.9486666666666667,9759,0
0.972,22650,0
0.12866666666666668,0,0
0.9126666666666666,12670,0
0.6686666666666666,37058,1
0.8493333333333334,56212,1
0.7026666666666667,33016,1
0.8786666666666667,11117,0
0.902,25366,0
0.058666666666666666,0,0
0.8993333333333333,36027,2
0.958,13053,0
0.5986666666666667,39774,1
0.7793333333333333,61644,1
0.6326666666666667,35732,1
0.7206666666666667,69036,1
1.1213333333333333,31912,1
0.7493333333333333,96620,0
0.996,23312,1
0.27466666666666667,0,0
0.934,13332,0
0.728,38064,2
0.81,27176,1
0.64,31630,2
0.858,28026,1
0.6626666666666666,0,0
0.5273333333333333,24063,0
0.7933333333333333,39160,0
0.73,74540,2
0.8433333333333334,25274,1
0.9786666666666667,26940,2
0.7673333333333333,31884,1
1.0253333333333334,29696,2
0.6433333333333333,17783,0
0.6046666666666667,44902,1
0.67,42318,1
0.696,33620,2
1.066,14952,4
0.7713333333333333,68592,2
0.8333333333333334,52194,1
1.024,5792,3
0.7426666666666667,18715,0
0.8813333333333333,35728,0
0.9426666666666667,42612,0
0.8546666666666667,17414,0
0.6773333333333333,78872,2
0.7593333333333333,67188,2
0.8313333333333334,57208,2
0.454,58020,1
0.596,42404,1
0.6266666666666667,22303,0
0.5906666666666667,25515,0
1.0793333333333333,40480,1
0.9973333333333333,8830,2
0.702,28306,2
1.024,14424,0
0.8433333333333334,15317,0
1.242,5904,0
0.5906666666666667,22125,1
0.9386666666666666,11871,0
0.5993333333333334,42752,2
1.1293333333333333,22347,2
0.49133333333333334,90618,0
0.582,63789,2
0.736,14820,0
0.8513333333333334,51744,1
0.7746666666666666,55695,1
0.8126666666666666,13503,0
0.7586666666666667,57234,1
0.8513333333333334,25582,1
0.7133333333333334,38924,1
0.944,27008,2
0.666,25117,0
1.022,12622,1
0.7026666666666667,63180,1
1.0233333333333334,24843,1
0.7013333333333334,38180,1
0.6766666666666666,24330,2
0.9413333333333334,42294,1
0.7833333333333333,26546,1
1.1346666666666667,12156,1
1.2506666666666666,1498,2
0.59,46638,1
0.7073333333333334,18241,0
1.03,31686,1
0.6313333333333333,18421,1
0.7433333333333333,27962,1
0.9473333333333334,19738,1
0.4726666666666667,24967,0
1.1273333333333333,17066,0
1.08,7701,1
0.44533333333333336,0,0
1.0173333333333334,18423,0
1.0093333333333334,37130,2
0.47,27297,0
0.7706666666666667,17310,2
0.95,15078,1
1.144,15860,2
1.082,3372,2
0.466,27904,0
0.546,47894,1
0.5673333333333334,22139,1
0.8433333333333334,23172,0
1.0553333333333332,33486,0
0.6126666666666667,33228,2
0.4806666666666667,44316,2
0.792,29412,1
1.04,5672,1
0.338,56838,2
0.9773333333333334,12820,0
0.46066666666666667,28356,0
1.2746666666666666,3963,3
0.636,42228,1
1.0993333333333333,17126,2
0.8586666666666667,25198,0
0.962,18314,1
0.5953333333333334,41964,1
1.0713333333333332,5907,1
0.9566666666666667,19401,1
0.7866666666666666,26082,2
0.486,28170,1
0.794,34302,2
0.9413333333333334,25052,1
0.976,47104,2
0.8086666666666666,63312,2
0.844,34214,2
0.76,14982,0
0.7826666666666666,29566,1
0.9593333333333334,39675,1
0.9433333333333334,27368,2
0.6126666666666667,34218,2
0.8346666666666667,27916,0
0.7286666666666667,0,0
0.9973333333333333,16920,3
0.8366666666666667,41109,1
1.1293333333333333,26229,2
1.1346666666666667,27528,1
0.8886666666666667,16078,1
1.078,15628,0
0.5333333333333333,49984,0
0.9293333333333333,7809,0
0.952,15220,1
1.2446666666666666,5300,2
1.0993333333333333,21171,1
0.9,8913,0
0.7,49174,0
0.9226666666666666,17428,1
1.2153333333333334,7508,2
0.6593333333333333,31896,2
0.8813333333333333,25594,0
0.8733333333333333,56328,2
0.8473333333333334,36068,0
0.7753333333333333,30534,1
0.6053333333333333,34988,2
0.7846666666666666,32756,1
1.068,20614,2
0.6873333333333334,25352,2
0.8666666666666667,23120,1
0.7653333333333333,45704,0
0.9813333333333333,40170,1
0.8046666666666666,30094,1
0.736,20873,0
0.896,40617,1
0.9306666666666666,63945,2
0.9613333333333334,26265,1
0.824,26904,0
0.856,43092,1
0.776,20048,0
1.0593333333333332,15411,1
0.5326666666666666,72756,2
0.9446666666666667,28905,1
0.6113333333333333,88376,2
1.1586666666666667,13666,2
0.6406666666666667,81024,2
0.846,29484,1
0.8886666666666667,25414,0
0.98,20585,3
0.49733333333333335,29770,0
1.2726666666666666,-4215,4
1.032,15965,2
0.9813333333333333,31269,1
0.8993333333333333,48720,1
0.508,25762,0
0.6786666666666666,33562,1
1.0166666666666666,35832,1
0.9193333333333333,11607,0
0.9553333333333334,14694,1
0.5913333333333334,21508,0
0.8226666666666667,51807,1
0.8406666666666667,49755,1
0.652,43066,0
0.9806666666666667,31548,1
0.8873333333333333,46569,1
1.0093333333333334,31748,2
0.6806666666666666,39950,1
0.8786666666666667,64072,1
0.8706666666666667,16901,0
0.8786666666666667,47838,1
1.0113333333333334,23727,1
0.8166666666666667,43701,1
0.8433333333333334,47856,1
0.9766666666666667,34080,3
0.688,55035,1
0.8226666666666667,43884,2
1.0773333333333333,27788,3
0.7546666666666667,42156,1
0.9273333333333333,58304,1
1.0453333333333332,32972,1
0.796,53655,1
1.0273333333333334,9704,1
0.758,16185,1
0.7826666666666666,56700,1
1.032,21408,2
0.7506666666666667,59292,1
1.0406666666666666,22008,2
0.868,46170,1
1.0526666666666666,8520,1
1.002,10162,1
0.5793333333333334,24995,1
1.112,-1072,3
0.6206666666666667,20888,0
0.9113333333333333,30158,0
0.9653333333333334,17462,1
0.8306666666666667,27002,2
0.6573333333333333,17238,0
0.83,35524,0
0.9353333333333333,19202,1
1.142,-1152,2
0.534,27162,1
0.9426666666666667,16236,1
0.748,47158,0
0.9893333333333333,14112,1
0.8413333333333334,37144,0
0.7253333333333334,36004,1
0.9073333333333333,19618,1
0.8086666666666666,11085,1
0.9553333333333334,26924,3
0.8893333333333333,24190,1
1.0066666666666666,23596,0
0.8533333333333334,47427,1
0.8033333333333333,34024,1
0.882,36808,2
0.5693333333333334,20684,1
1.0726666666666667,4959,2
0.8666666666666667,13185,0
1.0813333333333333,7599,2
0.6573333333333333,57048,1
0.95,10096,0
0.7666666666666667,13104,1
0.8953333333333333,8062,1
0.7673333333333333,31966,1
0.836,44874,1
0.9653333333333334,50088,0
1.0073333333333334,7244,1
0.6833333333333333,38532,1
0.938,30484,2
0.6153333333333333,22347,0
0.9353333333333333,32636,0
0.9246666666666666,18180,1
0.5146666666666667,22825,0
0.6073333333333333,20995,0
0.714,13913,0
0.6726666666666666,37622,0
0.7886666666666666,14134,1
0.872,22268,1
0.922,24642,2
1.0893333333333333,16538,2
0.87,10894,0
1.0393333333333334,20498,0
0.6026666666666667,42914,0
0.564,0,0
1.0073333333333334,37520,1
0.9513333333333334,45448,1
0.5253333333333333,0,0
0.5113333333333333,0,0
0.6853333333333333,16364,0
0.6106666666666667,0,0
1.0986666666666667,21780,2
0.8973333333333333,18402,0
1.0666666666666667,25668,0
0.6733333333333333,19532,0
