wl_cv,fragile_share,spare_cap_cubed
0.3782797363298444,0.0,14329429649569
0.3255897055943056,0.0,638499803131
0.3944009756650771,0.0,6206172548633
0.3740893021908354,0.0,5212812929219
0.3530276094033918,0.0,1962044794359
0.33394746676581344,0.0,1955469687625
0.28391845179814634,0.0,3237194335257
0.36365648727024585,0.0,2012784850376
0.33500643393482554,0.0,7443430328125
0.35275733764679296,0.0,13865513485824
0.32296872885272915,0.0,10908552783752
0.3189962468093317,0.0,1558475172584
0.334776807792226,0.0,1131040390059
0.3376421348334191,0.0,8013207261331
0.3641022851344454,0.0,4410944000000
0.3466429130649372,0.0,11578454318367
0.3241667303108216,0.0,1919569026752
0.28508187903263116,0.0,2016613256104
0.3049676347125816,0.0,406869021000
0.09703932802546815,0.0,14025418392896
0.2910677961135922,0.0,9349924107763
0.23973622005777298,0.0,17077838059008
0.417143906859917,0.0,8408771095375
0.28874277703551354,0.0,8835080561217
0.37379594234689234,0.0,662142805696
0.362220508481878,0.0,38109446463808
0.0,0.0,67081783315968
0.28060967596883185,0.0,6634074439000
0.2771127300578463,0.0,9778378351104
0.29355892386732396,0.0,1312213091392
0.37640983601601313,0.0,1310775312384
0.2727976343425546,0.0,2678669443072
0.14285714190580848,0.0,39220826738176
0.2514427505204563,0.0,5320880035912
0.32726210946833595,0.0,1463681789864
0.4311590177524132,0.0,5812581592000
0.23877141529825177,0.0,10520734422528
0.38879229814816185,0.0,4056193651392
0.3575984918500525,0.0,713318800375
0.29273440789796323,0.0,1356204441509
0.40588708500262144,0.0,5072489352568
0.2703697007520831,0.0,339338109375
0.2720773769067044,0.0,5395286161819
0.3627717359441202,0.0,1762353169039
0.28494663749169397,0.0,2255306325544
0.3551019588324194,0.0,3498655174741
0.4020804404738184,0.0,4771328982875
0.30592557004544674,0.0,96260823287
0.2570075639514354,0.0,16706536606144
0.39048401762179014,0.0,1781241639848
0.29868508277262706,0.0,11908583413056
0.3537981967123246,0.0,11889819892224
0.43117627770569156,0.0,10007873875000
0.29078987208943313,0.0,2496637205496
0.2453887464375195,0.0,659184444927
0.27217760020211473,0.0,3640892143104
0.2753258763098396,0.0,3596344921161
0.3521174487111191,0.0,6286555362816
0.31639536280178526,0.0,3252975876513
0.2746710569992027,0.0,8452264653000
0.3303110120890006,0.0,8222837589504
0.4139863581693142,0.0,2927275422625
0.3951511846839699,0.0,2335168305163
0.3838074499904069,0.0,4464412682696
0.3874446406110883,0.0,2279122496000
0.25171704999036204,0.0,5639752000
0.39852869251603645,0.0,710448626467
0.2836047042967986,0.0,669003544936
0.3920532316658553,0.0,8495907930125
0.3235415927589975,0.0,6323414551488
0.320314102381382,0.0,8045686694872
0.2636407407176752,0.0,116000074133
0.30958246525454175,0.0,-105020434232
0.40290421846439334,0.0,5554637011000
0.2073343240008257,0.0,3168750108672
0.40489627441233983,0.0,5363050840064
0.2749619231854991,0.0,1065270733597
0.28978205069787893,0.0,2162704021568
0.3795546760511831,0.0,2802028309192
0.334093493874155,0.0,1904318529875
0.27299975967454543,0.0,6142563143144
0.4138539237988052,0.0,775644932672
0.2775027697392823,0.0,862801408000
0.409948415808231,0.0,1999423591192
0.27274461730156,0.0,457957438912
0.4450926071384616,0.0,14492874898341
0.4349069575536798,0.0,3092990993000
0.2795078291494616,0.0,1874060287289
0.3030486082519501,0.0,4249953554392
0.33111007273842574,0.0,7973629029352
0.4192222767574411,0.0,8015610142197
0.37205682770858844,0.0,4377944556279
0.3220106856453509,0.0,14102327296000
0.10573652979526368,0.0,8084294343000
0.0,0.0,69731032896000
0.2668034953841203,0.0,4852559557000
0.30827600086051143,0.0,401620574152
0.25223706473220564,0.0,2242946629000
0.2799011523842871,0.0,541941397577
0.39591438530363116,0.0,7030439862893
0.3371034085080945,0.0,6841686587904
0.2846638455689148,0.0,1539998598592
0.2180350015831008,0.0,4492125000000
0.33779910613994146,0.0,4101378352343
0.30766902579671906,0.0,1413601146567
0.3937502515338336,0.0,1643032000000
0.2967324664118852,0.0,1622648597751
0.29637150610913643,0.0,1538798703625
0.2200519624890547,0.0,42286042531719
0.0,0.0,56375739011584
0.405921593012173,0.0,8630262857728
0.2877076466231929,0.0,693859266477
0.29720068280821166,0.0,-389017
0.26237655734115506,0.0,15538908602664
0.3092574890707568,0.0,593551123264
0.28867084086586475,0.0,25259499098821
0.33555461737761805,0.0,6621372246952
0.0,0.0,68689282170664
0.2762230742369153,0.0,3453221645875
0.28559174980879753,0.0,4190412247848
0.27931457492540696,0.0,3029113523709
0.2168700335234489,0.0,9087459412032
0.4089177509719267,0.0,4862885368888
0.29860332237254017,0.0,49783235295403
0.13454545343947108,0.0,48971655998056
0.2693126791968274,0.0,11669279398568
0.1252117981498921,0.0,44391946637312
0.267122006352318,0.0,9660875115592
0.3894321562145445,0.0,1873604311552
0.09775607312997095,0.0,14594760795672
0.34522988096880136,0.0,50908060922328
0.37061505641772197,0.0,462786790375
0.3245180170870309,0.0,37216214091603
0.3274567983789145,0.0,1422689366223
0.31136839425038093,0.0,43800328125000
0.2740382334597481,0.0,5462934964928
0.2850397041601172,0.0,5571591012352
0.28028430470438875,0.0,1381352948353
0.3822233325155441,0.0,4634075496448
0.23339550618762675,0.0,8243632180601
0.40939785796874123,0.0,2419596140625
0.3474378877832,0.0,7137775799064
0.31889130035484864,0.0,6644672000000
0.27848190606134676,0.0,1459431770607
0.2533559209973419,0.0,8650474237952
0.24596702959240488,0.0,6615027235648
0.3863858725225342,0.0,1477259456869
0.3860701001407061,0.0,4207590313984
0.2995245115844376,0.0,4873225818664
0.2880481837425045,0.0,5177717000000
0.42314284546001235,0.0,5031857811456
0.31382172906065564,0.0,19678626323992
0.3407134629353777,0.0,1380608885375
0.3356823083643139,0.0,18255850022691
0.3503293948430134,0.0,4578430645125
0.3528136987997,0.0,13922730113193
0.36092896802587404,0.0,5957302833152
0.29189646939321434,0.0,1114190100863
0.26136978552118745,0.0,15456856771000
0.22820291867403483,0.0,735091890625
0.26766394623537376,0.0,388537587073
0.38195979869858465,0.0,216756882343
0.3143377765156141,0.0,1260411969608
0.12781954778743854,0.0,62930809880576
0.2881587216606434,0.0,2899126775979
0.2762688709871569,0.0,2347864201171
0.32289209785166706,0.0,1807377325741
0.2850940842615559,0.0,4031826095296
0.056603772730509094,0.0,71112312207000
0.3209946866884014,0.0,3323959481024
0.30288269484489283,0.0,2616092528139
0.14266388931636664,0.0,4099841200125
0.23180959654504604,0.0,2893031480249
0.21729729635109213,0.0,5082237888057
0.3486225693732299,0.0,3781104949539
0.4139285162334913,0.0,2477912504768
0.19035289143018674,0.0,4271241390625
0.33310501825141176,0.0,3632378758848
0.2834767027317758,0.0,-287496000
0.3409148717926334,0.0,17199485042797
0.36423942670110177,0.0,12742398480293
0.3539862305407906,0.0,-5442488479
0.2675160981093024,0.0,9943923032064
0.09859154851854791,0.0,49803537305088
0.29144836339483843,0.0,7034844670281
0.28521146006851583,0.0,2310962592861
0.35590260484097397,0.0,47784725839872
0.31483396073581743,0.0,1064019559329
0.40949981641662336,0.0,4226383493632
0.2658182722308769,0.0,5031857811456
0.41176470103806234,0.0,67200722620416
0.275654524547314,0.0,4654953440873
0.3302129281635251,0.0,53817488143875
0.28858319991132303,0.0,1962985296761
0.2866361048973301,0.0,9811339149312
0.25863811574200113,0.0,9959190765875
0.3720909501881953,0.0,1109039273551
0.28328143765712654,0.0,7446861885952
0.20481497359821804,0.0,52246512239104
0.22930762883572536,0.0,9580809274919
0.3016674670884254,0.0,251000770112
0.375094977256997,0.0,169939405819
0.3889338696288193,0.0,11678542364672
0.34738840208340976,0.0,3019075737677
0.040000101572008166,0.0,36528273432000
0.2917561704313424,0.0,539154389619
0.27851166373408215,0.0,34072095416059
0.1998607854178268,0.0,5622659935768
0.3544207270108642,0.0,6082388251064
0.298667725033789,0.0,3126867222367
0.3103153740907107,0.0,2980388778471
0.29152050543071706,0.0,3208394231749
0.23111935933399289,0.0,10226791363816
0.3553136690953694,0.0,2030531918247
0.2185795473342448,0.0,8113330990584
0.299949171371028,0.0,5053029696000
0.255079487442233,0.0,18102364796593
0.21823010707976692,0.0,16148234224576
0.3209291277476162,0.0,129554216
0.30835633196094253,0.0,3869153577099
0.41250151072313734,0.0,17861451544000
0.30640809153952236,0.0,419516907256
0.34446512894492215,0.0,19663323560271
0.340518489941531,0.0,2896687631375
0.387758574054156,0.0,11986977242456
0.27259244953793976,0.0,1761040374976
0.15781479107836727,0.0,972947676429
0.28381406546374055,0.0,1118710136341
0.391729604126038,0.0,4851699733089
0.3015055590854564,0.0,2146189808699
0.3241019842103125,0.0,3986400342016
0.32529351893675296,0.0,6433818175799
0.27241387201464357,0.0,310151254609
0.26231478101760475,0.0,6128487000000
0.29023810240011044,0.0,2384621056000
0.3502237454755995,0.0,2173257047177
0.35856675299629537,0.0,1075000606784
0.3479406713664499,0.0,6478545465288
0.28015000262481166,0.0,1030607060301
0.35085474862003574,0.0,3977356331584
0.2832050724192712,0.0,-426107828125
0.28710032643407346,0.0,5768082936504
0.29803544467876175,0.0,39477655125
0.3250460658836982,0.0,922019635837
0.295164510738935,0.0,4668348179097
0.3250628191333298,0.0,33851863404549
0.28320375960452054,0.0,49499586213813
0.3489963508483424,0.0,33927264279117
0.33064135561666713,0.0,79064065088
0.2718969163965642,0.0,8668185060088
0.2760196625185645,0.0,199688726125
0.26139008194353613,0.0,25128011089
0.3014947585613894,0.0,266344154504
0.26894543324626924,0.0,2707122447953
0.3011848446488916,0.0,2044997776557
0.29225376194067154,0.0,6298825799232
0.307896264092496,0.0,5317223492664
0.2449147163542225,0.0,964723144841
0.3161844973761487,0.0,4551187981248
0.3559986909534267,0.0,1715932202048
0.3765692017658798,0.0,6963494196736
0.23148038989849404,0.0,3969078014537
0.33875945642952693,0.0,3952555856731
0.34993554580276637,0.0,4235801032000
0.21544346402370487,0.0,2734602747904
0.2555788028568177,0.0,449983383247
0.3516625859216475,0.0,8465964966341
0.28648384882037575,0.0,8664387850819
0.36037129342711854,0.0,546741441233
0.3627405573692195,0.0,2492774435879
0.32435082864514053,0.0,7459453287819
0.424597914155809,0.0,30077329463299
0.3558150288743082,0.0,105622588583
0.346183070019058,0.0,-160457086504
0.2693170539012767,0.0,2323044430784
0.3220815046214282,0.0,15360259436712
0.2449817794252761,0.0,55874402767
0.32313463864751113,0.0,17099731869947
0.32377296466979594,0.0,662826758959
0.314731157046847,0.0,11650768163
0.3224713750867025,0.0,-30225545875
0.3388471027892102,0.0,1458659924821
0.322988059649847,0.0,5751695434213
0.3134193665186109,0.0,1151022592000
0.38421290097720295,0.0,4351503893976
0.25492007703578773,0.0,23112592984125
0.3972386655962127,0.0,9499841318339
0.28432813357086867,0.0,1623891689064
0.31465284053672027,0.0,16681062359151
0.2451865082004677,0.0,30664297000
0.30424673829386023,0.0,2726397773000
0.31581876748013843,0.0,3263525347537
0.3061103317595879,0.0,2789525474533
0.37334901175931473,0.0,-2176782336
0.28802051327788974,0.0,15583786289352
0.3523668282349645,0.0,1259012289592
0.2694406936698615,0.0,5480634450591
0.2585660663324162,0.0,4043236199491
0.24572581469375776,0.0,7680354317000
0.38567699200374295,0.0,311803677541
0.3359594640797092,0.0,1184287112000
0.2611061561910351,0.0,197747699976
0.3100090281273662,0.0,12763686753000
0.3379948539604042,0.0,354894912000
0.288428314876523,0.0,39227753357352
0.3651608755527268,0.0,37296529605531
0.2873226415576736,0.0,2775282126877
0.2941176427230014,0.0,67732704474947
0.40456109275657526,0.0,111980168000
0.2806831573910462,0.0,34426449977291
0.28654569803465135,0.0,138991832
0.33166971645511706,0.0,-7267563953
0.36464116482807335,0.0,284371070976
0.2987971038938191,0.0,6275321471125
0.34073408982288445,0.0,1264266437797
0.37840421043166145,0.0,3234569051069
0.3666115366729021,0.0,4951246821184
0.4286911181125469,0.0,2213773506937
0.26619125101558294,0.0,1605311873829
0.28330277754420735,0.0,5512402554625
0.3556336376276467,0.0,1724114915271
0.3153475611324924,0.0,1006915882167
0.33884378683400634,0.0,7594259452416
0.28038228833815493,0.0,6854668911936
0.38256285637169773,0.0,704731396699
0.40762036522932826,0.0,2081462648832
0.35333969387739905,0.0,1814508769373
0.3739395624275815,0.0,679615129088
0.38283082264446777,0.0,2374995597688
0.42069510857416564,0.0,1061832362408
0.20936266297815234,0.0,6919826927616
0.36207853395521455,0.0,921167317000
0.367734012908382,0.0,669692213749
0.34858061273906177,0.0,4116000465576
0.3969775758633161,0.0,4070708236063
0.376818728934521,0.0,1552836312000
0.2822125868905639,0.0,6981012412928
0.2970368161829694,0.0,82767850712
0.2597407870025921,0.0,1457502666472
0.35297595616375416,0.0,1302170688000
0.3180780316830134,0.0,3482088074893
0.31072437653832957,0.0,3789849070071
0.3035551323163434,0.0,1449418992013
0.3748931665124685,0.0,-12326391000
0.3598166365307956,0.0,101847563000
0.3853665269809353,0.0,10930701623057
0.3034214677790494,0.0,8922551729021
0.3181819788640897,0.0,6526622236672
0.36742653292472227,0.0,24830641280024
0.36161840663710765,0.0,82199392192
0.3990259967981559,0.0,557441767000
0.36916548037804425,0.0,4402880119
0.3624780433584004,0.0,38170631863
0.37174323009376997,0.0,4124481762653
0.16342388587242263,0.0,2910119871933
0.39648050992051026,0.0,742938908193
0.3567521709975371,0.0,1511372858176
0.3487679267379867,0.0,656688109888
0.30033237540685653,0.0,5148143773163
0.3872329382245864,0.0,1937697051563
0.39549908347277596,0.0,1988018255224
0.3689486265728738,0.0,346096270261
0.38776260577684163,0.0,5239012460032
0.28929672826447167,0.0,3678652058453
0.34879279756202936,0.0,1409071586931
0.3356658281049346,0.0,632733601625
0.34521173500199465,0.0,439669484864
0.40267098834124504,0.0,769582602944
0.3670621970112558,0.0,1709919429912
0.3984811958694535,0.0,981218819953
0.3466512166658671,0.0,570754272375
0.3949480580707859,0.0,4230305769717
0.22349506040533412,0.0,8313611013512
0.32655509152726897,0.0,2092731429671
0.2550189382231532,0.0,23617670343371
0.25593434159163764,0.0,26816815845568
0.2810934954602115,0.0,-81464295375
0.31803553475075025,0.0,20174740138567
0.3629389862092718,0.0,-232608375000
0.3267787872698209,0.0,339046289317
0.31356113249479245,0.0,11067203999125
0.3360753230229128,0.0,5774839768621
0.35935988215444864,0.0,-904511618711
0.2651727835158239,0.0,15784917489125
0.3518243353700079,0.0,294079625000
0.32030888630844906,0.0,19467279910701
0.3459873336084394,0.0,-230008370383
0.329681380690552,0.0,46617130799
0.3763114724351691,0.0,504358336000
0.3776145470676183,0.0,466205497064
0.38804162458440145,0.0,94507253875
0.32864112905560383,0.0,2316735623168
0.2993161662986967,0.0,8698602681496
0.23890752376272723,0.0,2233193956911
0.3293809134917226,0.0,3273436168192
0.3519032518249454,0.0,3298633338456
0.34390725682779666,0.0,202882861376
0.3572314462801094,0.0,214169197087
0.2373089296507143,0.0,2129263314625
0.3698987742708003,0.0,7747112476403
0.29866357009728095,0.0,4966076997981
0.3680473874202138,0.0,1770682685192
0.3322425258308091,0.0,3139071497288
0.3286487688362043,0.0,1332452528064
0.3737999948218497,0.0,1981858514481
0.31134821497567244,0.0,717157709351
0.23364595029978236,0.0,17763236970688
0.29947024954668,0.0,10233860248431
0.25589564022666533,0.0,16435498640625
0.35611658844994787,0.0,-343
0.2814974497209608,0.0,25063723184625
0.34441753104550554,0.0,918046641959
0.2941486124026743,0.0,4390802734375
0.2745880869381895,0.0,710448626467
0.35869656522001137,0.0,13467682009088
0.2638617027759642,0.0,790170381125
0.2760967916579828,0.0,2240377389125
0.22239172641365282,0.0,4473365923333
0.3354360825349865,0.0,2992209121000
0.27039764553526363,0.0,9718142104000
0.3801312097701451,0.0,956253878208
0.35322156387813225,0.0,458492366431
0.30445363851900664,0.0,6166743790472
0.2353449560302076,0.0,13994036429192
0.2479868400430096,0.0,421537589992
0.2603710482549352,0.0,2340981560952
0.29992320927530813,0.0,9368576874441
0.3458251535761441,0.0,81577100753
0.3220848057000703,0.0,15477342581961
0.31874810268537623,0.0,1452879753976
0.3785658008621407,0.0,4750952019731
0.33483655919708477,0.0,140445822392
0.34409242764594794,0.0,1741860896768
0.3416058029903498,0.0,8297616206125
0.314108359361361,0.0,364912748136
0.3320865733137411,0.0,1648049739328
0.04900285649409815,0.0,48895399096263
0.36619793443733994,0.0,1862683070464
0.3358626411348718,0.0,3122378896896
0.365946085181458,0.0,7622111232000
0.38505829838983036,0.0,2266675859456
0.41414884276355685,0.0,2522120436928
0.2746955394809134,0.0,7728334451011
0.3840539967559948,0.0,412661646125
0.26260132718344936,0.0,27070260857576
0.3209648909453655,0.0,12240148101336
0.3453918367662923,0.0,239714520128
0.30369521959684836,0.0,7084525593816
0.36223131782485435,0.0,1015681260608
0.28727236020281066,0.0,44399469421
0.44747929071455567,0.0,17008300276813
0.37374890141602607,0.0,60420873024
0.3371239279698093,0.0,31794757632000
0.3622534429931538,0.0,-78898389569
0.37328582292654827,0.0,202468814848
0.3348969236012951,0.0,-5668315687
0.30302205409847216,0.0,115714886617
0.45176147549759077,0.0,11417984375832
0.30396177427510945,0.0,2240891080056
0.0034843205321128095,0.0,52937134310592
0.325600475068002,0.0,2355822456616
0.358587539166204,0.0,-7369338536
0.2583330407431458,0.0,3903264618625
0.405030857488881,0.0,2467489596697
0.28482752126800476,0.0,-31464710893
0.3071076261289173,0.0,3500729749504
0.2769443700696765,0.0,10887907546944
0.1894677152924895,0.0,28291770177111
0.3193930985665684,0.0,704018907136
0.3345454251672867,0.0,15124197817000
0.3631637930694277,0.0,2227560616000
0.2335049677881426,0.0,9195007375000
0.29278825872807546,0.0,11179320256000
0.37570140774351907,0.0,10276341972021
0.326115381720506,0.0,2308865689313
0.3991936162583991,0.0,6374846476088
0.28887062701958127,0.0,23171062676229
0.3215573672673638,0.0,125300240064
0.43627147335748384,0.0,19152032318875
0.3080101165262445,0.0,8442310077928
0.2606551024603867,0.0,19722392249832
0.2957312625369811,0.0,-111284641
0.2949483702260302,0.0,462248527168
0.394655008258658,0.0,9974474119576
0.3164933929105989,0.0,1824793048
0.33530191599388925,0.0,-1295029000
0.3411508951404613,0.0,35445936856049
0.33250564209606814,0.0,10958799832128
0.38170424052414437,0.0,870163310323
0.2934565534134128,0.0,3205132342784
0.32558523985895527,0.0,34767271918072
0.3422551786157815,0.0,-29532282571
0.38199283834626035,0.0,48208672329875
0.3219112268964799,0.0,295408296
0.0364372465977151,0.0,51122642037544
0.2527003934025403,0.0,188034035489
0.29207113804569484,0.0,14865160865472
0.30168720789527137,0.0,2588847696891
0.3605071371650941,0.0,-9636401152
0.3029057973046929,0.0,44482276141568
0.37153306047234685,0.0,2618941474304
0.2645120425883236,0.0,2256338344896
0.3521225328834791,0.0,-151163900783
0.35170119918411635,0.0,51007023592056
0.27256457659774375,0.0,1110968969293
0.2842866662574014,0.0,11194326053000
0.2606291923839442,0.0,6398598512125
0.35063944959063925,0.0,8694796593547
0.44894674954426883,0.0,10282015068625
0.3596636018786674,0.0,112958765704
0.2974108305698619,0.0,95068558144
0.3488395455664983,0.0,3026601994625
0.37630732352246793,0.0,23102857608641
0.3376296805830202,0.0,966481627103
0.35486855397462513,0.0,1667800912779
0.3373135630060778,0.0,9862298696125
0.36622707213620664,0.0,117649000
0.32288407213849546,0.0,2882081488391
0.22850446893533208,0.0,4612428754136
0.2649474751240557,0.0,9405956798029
0.394516650475916,0.0,247909857768
0.4235458677820734,0.0,4445730890307
0.2926397400941443,0.0,19094108580352
0.25865250436396564,0.0,1538398877184
0.24205371727715344,0.0,53114974479000
0.29040952307117446,0.0,-121287375
0.3541659482628483,0.0,-11164327875
0.27610979115985995,0.0,31235042380157
0.32847652259802834,0.0,21963762100125
0.34843106422409287,0.0,46268279
0.3816290025648781,0.0,19753066976768
0.32688003005429844,0.0,-162592531912
0.32221149462179416,0.0,106833793625
0.29965452395825876,0.0,14729547173697
0.3482883805888576,0.0,28596471112
0.2945805380200466,0.0,2831346754523
0.3766897846226928,0.0,3450480812631
0.3261486698715897,0.0,2195479350973
0.22131266650928777,0.0,8062562380608
0.2745845010349799,0.0,4691850757021
0.27149452128949764,0.0,7972431727833
0.25687550495614425,0.0,2233706549248
0.2570734419728535,0.0,27374316588072
0.29407439288077103,0.0,24667584031
0.30376212491232135,0.0,469640998917
0.331641293497382,0.0,4525695028421
0.31921253634344915,0.0,2056619805813
0.3212011377835759,0.0,394639320375
0.2021106146425783,0.0,27368867155456
0.1769640503640674,0.0,11672366509504
0.32716177910605165,0.0,284111687224
0.06959130061558032,0.0,25256916504000
0.3431421285057822,0.0,9380581029
0.36202491780036805,0.0,328223422792
0.33499469902619833,0.0,-414994003579
0.3628397282554343,0.0,2266675859456
0.33223439078328115,0.0,287496000
0.36617650445621586,0.0,-215568287936
0.3373352275356303,0.0,104021936927
0.3348296894760293,0.0,1025717364125
0.3749075561376749,0.0,5183106088616
0.3386140885804409,0.0,-941768357608
0.21346647698838184,0.0,51449792828057
0.31963859128563293,0.0,-438976
0.31854709447892215,0.0,538757027353
0.177463961555895,0.0,54958685608000
0.32883386702882267,0.0,62183855137032
0.2981727246328342,0.0,17667418041125
0.25696232215335824,0.0,343588336064
0.2776370854185878,0.0,47461519829816
0.34391554180526585,0.0,6929636099625
0.2933835902161595,0.0,32157432000
0.25599627080438836,0.0,26647842241909
0.31738676452608694,0.0,1566149723397
0.3015858592178624,0.0,10323207472824
0.262473198682904,0.0,1433341421875
0.32179744015391565,0.0,2803817472301
0.3692920924281423,0.0,56314010537
0.31679253380515837,0.0,22974121858752
0.3457067515315384,0.0,-47398625659
0.267992366348467,0.0,35536654910133
0.333932297534379,0.0,381078125
0.32818550907034605,0.0,227763307043
0.3259431928343487,0.0,12408213711951
0.33032980299079306,0.0,2936493568000
0.32127485023233016,0.0,3333322741672
0.28319473079047364,0.0,9229284274176
0.36161750334760456,0.0,6350124487832
0.37335260777262236,0.0,19100538775891
0.34342267107594254,0.0,6126477879592
0.36044849680117164,0.0,751833327357
0.39096113025607965,0.0,14473267453
0.3515620175326792,0.0,20722096056563
0.28806921193318624,0.0,11991691781369
0.2618531324973147,0.0,6427593573857
0.24465063595247574,0.0,3020956130816
0.29743272111637853,0.0,79229972375
0.2431652347084481,0.0,252435968000
0.2959559373207234,0.0,19096251818489
0.24847034733594997,0.0,3211005335777
0.24621190612056074,0.0,6124469198336
0.23158357308416427,0.0,15464304063944
0.3089890335868425,0.0,538359860375
0.2832742526906037,0.0,38303424819829
0.20892169219869186,0.0,23768631595008
0.31309860239798143,0.0,37966934881
0.2755745773817874,0.0,17367942409273
0.28796964067947906,0.0,457422927625
0.3198319043600158,0.0,10012054079377
0.2511591949266607,0.0,2241404849503
0.3279312385485386,0.0,4228736568211
0.1810283650153523,0.0,9663597000000
0.32787928679542705,0.0,503978261912
0.09673584228524369,0.0,21848674538816
0.3833333348574973,0.0,2207155608
0.3023882463818583,0.0,-109902239
0.2600810224818067,0.0,26296107018553
0.2773571706678868,0.0,57736239625
0.3262724341433341,0.0,16373519373457
0.24166428238251925,0.0,790683312223
0.18118752228255725,0.0,5322708936000
0.33756613329330304,0.0,1642196701592
0.39767841592078407,0.0,135955323288
0.3382040998388216,0.0,698572434617
0.38971111071961373,0.0,5167846708569
0.38898882931106304,0.0,7849750559624
0.37897573022208303,0.0,2818158203125
0.3455988520311388,0.0,6325466497784
0.3616211295825993,0.0,1508608874709
0.3809209982448595,0.0,6127482384899
0.49325477402892753,0.0,2582630848000
0.4386206145545596,0.0,7214789451267
0.5134600185715362,0.0,331805052467
0.3985810316189196,0.0,2498846293000
0.38379442304270567,0.0,3358825906176
0.3672594903171637,0.0,13306998429873
0.3859665320429797,0.0,3768014003481
0.3676030538154785,0.0,15879494335375
0.3962265672259754,0.0,7272067245624
0.35474229342643815,0.0,4129885013184
0.41598697096775195,0.0,16327137318409
0.41114047164285267,0.0,844980708664
0.4104747575337521,0.0,7078993977601
0.39325415554999127,0.0,6044481501696
0.3924836696651942,0.0,4121396307937
0.35867496507914837,0.0,6320337464169
0.4020478136613598,0.0,5962233558637
0.39834853672665127,0.0,9761925670848
0.3746677771857189,0.0,1595870496856
0.381391605396872,0.0,2641807540224
0.36806973094437617,0.0,24346134138087
0.35499324835526946,0.0,5375929515832
0.51362003378289,0.0,1258662531573
0.38886682728733607,0.0,8152154560376
0.37336379359583494,0.0,19805726191616
0.42865044044082057,0.0,11189822904863
0.3425154214824153,0.0,5931706877208
0.38058652908979274,0.0,2486161818323
0.45821278150206407,0.0,7401194422272
0.3747633514376897,0.0,2472423112648
0.4714285190330285,0.0,-55786756661
0.43699551691721344,0.0,25876552408552
0.3784188235901879,0.0,1744033334653
0.43333454096114793,0.0,7830806976712
0.4130846138208295,0.0,1691539485875
0.3884578932558739,0.0,3005310024991
0.4016406616594687,0.0,6219352719000
0.4024485215437319,0.0,5576306571837
0.4183881200180513,0.0,1288979135387
0.3637789116822318,0.0,13177701928000
0.3410933908490966,0.0,10855517687288
0.3990614089833541,0.0,1473760072000
0.36339896225371815,0.0,13992294360673
0.4345392695177845,0.0,55223640485441
0.4095596784111671,0.0,9155562688000
0.41555499904724985,0.0,1098465877432
0.3128795021601206,0.0,7108898940352
0.3696239009302574,0.0,16589179224064
0.3950835125454357,0.0,4434384921589
0.322828032741644,0.0,8064975117464
0.40576730291760993,0.0,12179700416512
0.35960292310363146,0.0,602494700536
0.40690430029025004,0.0,73139516568
0.41831457156729157,0.0,7179004459171
0.4308193613495734,0.0,2664229726647
0.4438833904325258,0.0,6113429299125
0.399625240559327,0.0,9224005370048
0.4579230030399624,0.0,1686858891264
0.3647116348989679,0.0,2010394559061
0.4572329958546917,0.0,5999796014211
0.4291169081847852,0.0,-8402569937
0.41670316191172174,0.0,20912795965151
0.38970953798102237,0.0,2106011807432
0.4487794251285376,0.0,2921753806336
0.36570011414522935,0.0,12079923558625
0.3600549733291195,0.0,14496441789887
0.3788029922538058,0.0,32087706894433
0.3453113612047859,0.0,18914648497984
0.450946175099017,0.0,131096512
0.4263236899601481,0.0,2231144371763
0.39491129638906275,0.0,1633027096576
0.36794743973156013,0.0,10233860248431
0.41582398256751374,0.0,1517307043771
0.3968568679361076,0.0,1069971372352
0.4213156464009412,0.0,7735372650433
0.4881849052895865,0.0,28431271110761
0.385222931700562,0.0,9345930310144
0.4013304084848453,0.0,3784018160287
0.39091528737605685,0.0,4140705667112
0.3894760808629458,0.0,14368401992231
0.4153115862433306,0.0,3999992047624
0.34139755063472405,0.0,9587577294784
0.4671200540676061,0.0,1242990379008
0.43314185284284556,0.0,2367527063552
0.3656926886385669,0.0,13794644803087
0.35321436163326136,0.0,10496266492375
0.3713465809091562,0.0,12174936725125
0.384776081040242,0.0,1292891596984
0.4033317920977207,0.0,1246114341081
0.443040063164823,0.0,3638052872
0.42231849550686346,0.0,19246677360399
0.3879161980409189,0.0,8647946091576
0.38536430657088344,0.0,2094695359875
0.3817378659465186,0.0,1575879851853
0.41500964461251333,0.0,1526834015875
0.4142360171944916,0.0,8640364608000
0.403151181295126,0.0,8383984755875
0.39756308655471,0.0,2151685171000
0.4689114833359846,0.0,3161636106733
0.33386364554944403,0.0,11342094087232
0.41160516440516076,0.0,4824238966273
0.3898842804578917,0.0,2294222870269
0.3468531439045279,0.0,4140705667112
0.4271665944342829,0.0,7081206278427
0.5055315887168255,0.0,494163233416
0.49099794913652106,0.0,308093949064
0.26315789212011087,0.0,53051414484375
0.33827719383114774,0.0,15201386947648
0.41172689239698806,0.0,13423577619096
0.4346166452341111,0.0,1509003523000
0.3840696750787088,0.0,8874885873664
0.3685917176055066,0.0,4814823314456
0.37682358288540757,0.0,11035946335744
0.39196660929641025,0.0,7462889768088
0.4118053355463085,0.0,1921886786737
0.4369284834362251,0.0,2899126775979
0.37574994854221355,0.0,9606544705512
0.39787182952931105,0.0,4195092529152
0.3932822162131475,0.0,5528332538568
0.4166209026915011,0.0,15566947045209
0.38783274548291735,0.0,4968697158144
0.4397107960665504,0.0,140851500427
0.48962688788446906,0.0,35708794757
0.33620262628491265,0.0,12639567496184
0.3646742968227428,0.0,14677331811904
0.4121274085058016,0.0,1246809264947
0.3592566852330321,0.0,17382029963264
0.4022324237188094,0.0,7724816952832
0.4212237471619867,0.0,2303628980743
0.10572233676795653,0.0,61718852035359
0.3909104382647902,0.0,1617269199272
0.491127682799074,0.0,5560284517696
0.35828028509755905,0.0,22060369841336
0.42386568408169467,0.0,18397653199199
0.44921034084902534,0.0,9152937060632
0.3438724749091376,0.0,3471760243288
0.33555182529286254,0.0,3024719259128
0.43476234518807444,0.0,362467097000
0.46021714844361034,0.0,185485563927
0.0,0.0,72825163776000
0.4480470273289042,0.0,774126376568
0.4273000043766852,0.0,3352101980696
0.3869203955023185,0.0,9319334053184
0.3959081907104534,0.0,4381960036544
0.42714542809957556,0.0,2197
0.4077237818437666,0.0,672221376
0.4872099614282375,0.0,1016287637464
0.35961408508787324,0.0,5963220030104
0.37973673771044747,0.0,3051148696064
0.4421029729887883,0.0,7001853425091
0.3874537397774973,0.0,4286264254784
0.33402393702094335,0.0,5450846772799
0.4278652580825935,0.0,3163575232000
0.3908173608218914,0.0,2301013598408
0.30927365615346364,0.0,8663122360872
0.4203224162058448,0.0,8988532633088
0.35363456870189164,0.0,3738308608000
0.3687666063701879,0.0,7451438936768
0.40307133197074924,0.0,1868138370496
0.4158010755895916,0.0,8045686694872
0.38767231755679626,0.0,2697228288000
0.4110839486650891,0.0,4160075243787
0.3988534206725624,0.0,6212253387887
0.47637087003119144,0.0,17371966647699
0.3495562672341413,0.0,5250785517341
0.3758287695286525,0.0,8537194667672
0.4108596736121231,0.0,2797856555571
0.4803099405944996,0.0,12592419134625
0.39782031822194036,0.0,379975377907
0.4728820962683445,0.0,16994415411000
0.4135739081825121,0.0,11776099630751
0.42508356846483364,0.0,12038905177559
0.3634118560230413,0.0,56177486444899
0.438675267246743,0.0,1180597050009
0.35561205607063834,0.0,13754995136000
0.45071768565873643,0.0,1109039273551
0.32814443214676015,0.0,14133870887752
0.40652724261038303,0.0,2394809438939
0.39796264884907895,0.0,7486974686547
0.376767193507417,0.0,6240683160531
0.4027116617596281,0.0,8613864311499
0.36042365430277384,0.0,2337281101511
0.4139165986021609,0.0,3732530697728
0.3806650808680998,0.0,6527670016769
0.4175517336313304,0.0,11564641211544
0.4243693710919316,0.0,2745764378027
0.39880814942188003,0.0,4229521120448
0.3919160557622988,0.0,7427430329831
0.39614508339932825,0.0,7949705765912
0.41939137020816686,0.0,3992437292544
0.46416517441945154,0.0,6101400912417
0.4416894550289988,0.0,2906452424511
0.5002963484359852,0.0,5302614071672
0.4094844353558991,0.0,533411731000
0.45829964238969556,0.0,1291112225369
0.47028912799802075,0.0,2107984036248
0.40819308438890156,0.0,4265715512232
0.4167205477241835,0.0,9905130138176
0.43771138242294544,0.0,3968326010368
0.4428848510368945,0.0,4793469685381
0.41489090616937446,0.0,8204518486809
0.4302629320371912,0.0,6647853467627
0.3364042950292286,0.0,4442487212519
0.44355630280100355,0.0,39117025274536
0.42384783087014505,0.0,48827236375
0.5000564680324927,0.0,530064380357
0.35684736267793626,0.0,7966447018048
0.4264992907898815,0.0,3084719266693
0.46895605750936586,0.0,4122938842875
0.39911263520050166,0.0,2304152294912
0.324143798265496,0.0,48867324416000
0.38957344799812665,0.0,11032972488728
0.4091517640449078,0.0,2011828506624
0.38531090488894104,0.0,529475129000
0.4259823487065625,0.0,1713783168063
0.43734689038745433,0.0,41565561344
0.5009108814549056,0.0,395608552821
0.41600904953634704,0.0,3769467058547
0.3897187492391219,0.0,641619140625
0.39909756522749235,0.0,724634742168
0.4224132326342521,0.0,954217026125
0.4752211803415568,0.0,1061832362408
0.4406749750431891,0.0,11304275372307
0.39084006518625375,0.0,3599867065976
0.39795723580047515,0.0,7807170388472
0.33685277466314334,0.0,4356303346368
0.3362637534601362,0.0,3277406107864
0.44276361319259255,0.0,5150827583000
0.3963418241310412,0.0,5076918958203
0.38746707058895263,0.0,4066120948681
0.35325725062503927,0.0,1426867785512
0.4008288561388251,0.0,4516672077000
0.40691209023751557,0.0,4134520125000
0.3928406384135268,0.0,6979916664631
0.3496105810269179,0.0,5515211501632
0.48152655749326045,0.0,9800344000000
0.3928183165732023,0.0,5038026823207
0.3996557886099825,0.0,8548477854623
0.41649528941619224,0.0,5206502018368
0.35527439497051233,0.0,7194645797625
0.49423414193594056,0.0,2971699000633
0.4174957002219586,0.0,4670024325875
0.409134297567348,0.0,4589192381032
0.45985198992186144,0.0,35268190422184
0.4289849617037687,0.0,6874173174744
0.469282871164666,0.0,4003016616152
0.40373539184523505,0.0,16456840081856
0.38577490964287026,0.0,5468520153032
0.4043272320911597,0.0,9692207659161
0.374939932888469,0.0,3267487271719
0.39774020550223493,0.0,3393935301952
0.41725820613791403,0.0,594186995143
0.3470104195572927,0.0,24853628671487
0.4736057120077185,0.0,364147304221
0.37385563910903297,0.0,1765418892056
0.33514262511596915,0.0,4670024325875
0.3786674855181989,0.0,9685390482496
0.36149190031520706,0.0,4568511679857
0.42319807005204163,0.0,4216196923875
0.3722217840918984,0.0,4390802734375
0.432431366987067,0.0,9548367113375
0.37557162014226186,0.0,2612676520917
0.40447581303866686,0.0,4969570749625
0.39675542358156046,0.0,9885771583128
0.3537470483608183,0.0,4876675889912
0.45114514648667453,0.0,6545499439816
0.36633753559870813,0.0,7217029953125
0.41661259260543265,0.0,1488572926632
0.5293077149074794,0.0,2768770162088
0.35518160160463935,0.0,10911504232000
0.34446511559021387,0.0,4869777375000
0.3738047501768758,0.0,3876552045829
0.4289409001480155,0.0,5377771008
0.38899876758361174,0.0,9679939043328
0.457651738889823,0.0,675449508824
0.47951688254918257,0.0,843908625000
0.39990730990544804,0.0,17822531769561
0.3780248940781648,0.0,1011745689319
0.4366049705628003,0.0,564379103744
0.38664674121598686,0.0,2419596140625
0.4276204233614482,0.0,3141001386125
0.39746562284365883,0.0,6830880514424
0.399779816947766,0.0,825821690968
0.4505496100986513,0.0,3686521595392
0.39303749701883844,0.0,1880451717607
0.45264613368208934,0.0,10749963743000
0.42194223157612915,0.0,2303105745816
0.45750382881057594,0.0,3083448003875
0.3763110561151521,0.0,5041554235523
0.45970071123681455,0.0,3861764527769
0.4779156915386498,0.0,1962985296761
0.33683754879660593,0.0,23551056018944
0.39675625697329886,0.0,261898316792
0.36270781554637216,0.0,18295397875000
0.32804875008512474,0.0,13413413376000
0.41355062789362035,0.0,1684309482792
0.37751558405544555,0.0,31217193218303
0.018181818025520664,0.0,55393483328000
0.3639680240890942,0.0,14686325642169
0.40917553128000234,0.0,8024024008000
0.3635497192367698,0.0,23266286102592
0.3210306633310186,0.0,39404657806389
0.3705869201101801,0.0,6867667648512
0.4670095725784085,0.0,364912748136
0.4472497224838079,0.0,507405810176
0.4023275280944561,0.0,140364780373
0.375611522396551,0.0,1289689904125
0.38213003477618446,0.0,2141700569000
0.4908277031696862,0.0,175804227208
0.38869075874135195,0.0,6451476368896
0.3831396212014841,0.0,5326367993344
0.3887412944997556,0.0,13510181079513
0.43628225964767253,0.0,1494055213568
0.4051636448181814,0.0,3458021595848
0.31424158368272764,0.0,9982817080768
0.4461907524423425,0.0,8782617875968
0.37997390373241086,0.0,1401543840871
0.474318502647364,0.0,1852709289768
0.4023422796021822,0.0,6505690173632
0.33841604719589685,0.0,6217323787072
0.3738936485230626,0.0,6310087716239
0.3704719035054534,0.0,11979122423841
0.40592344770450356,0.0,2442920439232
0.3898143803389181,0.0,11847674055573
0.41133742067517576,0.0,4743325641608
0.4034800605466224,0.0,4054667810536
0.4412720176012004,0.0,68117264704
0.36182276665766755,0.0,16573573223936
0.43681406175502496,0.0,744170026328
0.2675307860628791,0.0,50521689631232
0.4193711567718144,0.0,2010872465848
0.4227274624873375,0.0,240641848
0.48864670146691747,0.0,5232680416881
0.3988753523301261,0.0,20679122939392
0.41000692452652054,0.0,8651738495889
0.3596434155074363,0.0,21496546685125
0.3261608060676728,0.0,24280671783493
0.390131677211243,0.0,643406172137
0.38284445697663627,0.0,3188856056959
0.5136077379820445,0.0,314570740401
0.2662742914603949,0.0,59341817925125
0.41878911212506265,0.0,291038813883
0.3778181078087093,0.0,5660689296248
0.3808560715917432,0.0,5527394632241
0.3676092648344846,0.0,5652117786797
0.35751683383157223,0.0,4383566915896
0.38731285545691335,0.0,6735207304125
0.4100864602341371,0.0,3857335616987
0.42169781941768114,0.0,6862249513027
0.39483819953347554,0.0,2726397773000
0.3613687122532257,0.0,3182361002829
0.415755398116285,0.0,12458125584568
0.3693010073643562,0.0,6983204253544
0.4060989738927841,0.0,9063964125000
0.34295988160653634,0.0,16565773895488
0.285043935059783,0.0,29713226777317
0.44280553150063073,0.0,163218919625
0.4281002342182853,0.0,604422796375
0.2899061001955729,0.0,19315705614191
0.38398345790538474,0.0,2341510516639
0.4905767711309255,0.0,9814089221
0.3518840215868152,0.0,26621086486779
0.40149754810453375,0.0,8787727019456
0.4274435695561385,0.0,3480709848875
0.4343728446527647,0.0,36389733984072
0.0,0.0,84304230216192
0.43013085431549525,0.0,3328638916491
0.36401218763952087,0.0,7894863958528
0.3973871712453053,0.0,21157400974312
0.47614646517867765,0.0,-132261232375
0.5280477227006665,0.0,27727335044163
0.404343100385238,0.0,603136942849
0.34439375594978566,0.0,851701809239
0.32897813623678074,0.0,21596433224192
0.37956466732787875,0.0,2391588926117
0.4546545608325642,0.0,2743412041999
0.41560263141430176,0.0,21836953566351
0.46515120362653617,0.0,15155409480723
0.4352004455392644,0.0,-30723115968
0.40612562834756843,0.0,54310764403
0.3558097217104796,0.0,8925133112407
0.38541112848586506,0.0,4632407963000
0.3736778600946812,0.0,557441767000
0.3875619550639689,0.0,990728800209
0.4019905533857116,0.0,8377795791000
0.4061122916696785,0.0,9468924964416
0.28868786284951686,0.0,24313388273000
0.3744385100428817,0.0,2346804456569
0.33520960191663013,0.0,15983964359000
0.3622433454305872,0.0,3395290527000
0.3806743304728615,0.0,2208172886648
0.4081684100193007,0.0,258474853000
0.48496438585816315,0.0,77635893096
0.3789418942243628,0.0,7329647390625
0.4148933454232504,0.0,1955938850216
0.40267328644721745,0.0,6872004209728
0.37524677522149713,0.0,4278353100904
0.34646720339458137,0.0,17777537448299
0.4499361583829795,0.0,2964883179896
0.442572203881658,0.0,-614341775501
0.3279918490582938,0.0,38031360317189
0.4332416896086641,0.0,1209992380416
0.35596245417508765,0.0,25125437464569
0.3046487825844057,0.0,34094171004776
0.37301015841899676,0.0,7326251939448
0.44038953686771515,0.0,29446377472
0.3133816331797608,0.0,3695836417181
0.32761005978930696,0.0,5881712586651
0.32140336920055107,0.0,9247776299000
0.348515193005573,0.0,7021635764949
0.43855909556410744,0.0,4781539277423
0.4017433770138091,0.0,9100529876152
0.4031385857624131,0.0,8268141253861
0.45806057121857685,0.0,3792766769875
0.4539642863544716,0.0,8663122360872
0.38820870589181183,0.0,14202376626313
0.35868983295518897,0.0,7448005972889
0.3555924549582846,0.0,6721307790848
0.46360796155094425,0.0,3520132008128
0.3629307684656493,0.0,7309290412143
0.40384249834877883,0.0,7906764565448
0.33322667264779415,0.0,11958715956032
0.34628309679217967,0.0,4964330736379
0.35537256024098113,0.0,2853620181504
0.40384809150134343,0.0,11101506242112
0.4374410535007721,0.0,5879757771649
0.41985181089741763,0.0,4649101309000
0.4284684610190737,0.0,5409140747464
0.47862028709486576,0.0,2166217892019
0.37971327087824364,0.0,3952555856731
0.34194954083974755,0.0,9056141371584
0.4522677026119614,0.0,926004075723
0.5215637192449132,0.0,2051287591816
0.32675306221850486,0.0,12941460611352
0.37700976559045113,0.0,15542645114816
0.38707274523699736,0.0,1225386502101
0.4136185763734962,0.0,1183951334539
0.38857818365615787,0.0,4880990768347
0.4217745923824974,0.0,8776234231883
0.3598148978774204,0.0,5555577996431
0.3515778203375743,0.0,4958222044608
0.4671726570850239,0.0,1399290756625
0.38801854849848666,0.0,5821314532669
0.3933519422512379,0.0,2091749925069
0.4153062701790873,0.0,1785653563968
0.42833723068670415,0.0,2032456744963
0.3423610922453096,0.0,1264968093375
0.3480495138872725,0.0,43358229153091
0.4028433759963087,0.0,9214772132125
0.4133229873835647,0.0,462607322904
0.43260057923900774,0.0,1646376026112
0.41346490724832513,0.0,9167384225089
0.3821813756931078,0.0,2207155608
0.41095533059128636,0.0,196426902797
0.34542513134355113,0.0,10435979017477
0.3811265268752738,0.0,5094663168743
0.39354251114894356,0.0,2949431453821
0.4123185290465498,0.0,2991586219929
0.4945416445909038,0.0,8108486729
0.3905927985011738,0.0,41601569625
0.4573405275235657,0.0,16165490024125
0.399427463536502,0.0,358667682625
0.4247786833268318,0.0,10140812911125
0.514970746221402,0.0,790170381125
0.4514788040885002,0.0,-592069186773
0.4111069122207478,0.0,51259130775523
0.32525863368146224,0.0,14941466847000
0.4478109350577785,0.0,2176782336000
0.419469720432323,0.0,20699471212993
0.3744528327211393,0.0,1040433022637
0.4149092110155722,0.0,65714282281864
0.3589687810213699,0.0,17795935051712
0.4261127494198005,0.0,24105010460103
0.3862933194916473,0.0,659184444927
0.38475159403619896,0.0,3296639403387
0.38567007205752174,0.0,870710296149
0.39007542346030977,0.0,2879044735176
0.40292255716957726,0.0,703069668288
0.3953539131846974,0.0,3216231793081
0.40126043143401885,0.0,5159780352000
0.0,0.0,70752467456000
0.4270242565783401,0.0,4081425321141
0.37163185307295477,0.0,10090298369529
0.3743066412044349,0.0,12241741524823
0.42317186618129105,0.0,3075827761007
0.4001238045928542,0.0,14828916178432
0.4070808296240404,0.0,7265313004032
0.376650704191375,0.0,6050456277048
0.4664347392137499,0.0,4574296000000
0.31745828322929137,0.0,9786611619000
0.4052924440378777,0.0,8941924241216
0.4622853454154698,0.0,10613190002176
0.406290051344171,0.0,2016613256104
0.3639792611824706,0.0,4466039655232
0.3451415205651323,0.0,5262576198984
0.41268113784779953,0.0,10149248357451
0.4476375455016842,0.0,2081462648832
0.4765727573105695,0.0,4934706890625
0.38360166273697144,0.0,3313280101312
0.41244599365511325,0.0,1968163432768
0.44978846614976736,0.0,12822762607416
0.4259033333418266,0.0,7855676688439
0.38772779187234796,0.0,6230519735201
0.41306846790064755,0.0,5419315837125
0.3695144559315202,0.0,6406873898517
0.3762204617407357,0.0,1437158574125
0.42826047387404226,0.0,21334600290375
0.40336686890627044,0.0,1013258165184
0.3917691209264835,0.0,12598915374109
0.4423998899599184,0.0,381393587008
0.453259773106166,0.0,1100383292224
0.4166279354999388,0.0,10920361770856
0.37133505175933607,0.0,633839779000
0.38103173439082905,0.0,52481654784000
0.3841902771943645,0.0,14778272664
0.39995841380348995,0.0,2617801647768
0.36148113963422107,0.0,8871028532101
0.3765569203842797,0.0,24746475450221
0.4011735380195406,0.0,388537587073
0.3874394731216128,0.0,4138385366375
0.39893116546291935,0.0,2245517832375
0.3266384135171096,0.0,16755598411469
0.2964964854990145,0.0,43543620834741
0.3410197623595271,0.0,19233752899257
0.48200967224488983,0.0,7495014493
0.4843049485603574,0.0,521660125
0.0,0.0,73202495482368
0.0,0.0,77832605569536
0.40248209089071735,0.0,1513744672168
0.3318457062769708,0.0,56716052092461
0.45015530680544497,0.0,884736000000
0.4142698493517255,0.0,837761737483
0.39217130743142503,0.0,4367515789736
0.4328650009293074,0.0,5703676853363
0.38986161616760495,0.0,11749721342904
0.43605719767408607,0.0,12798125565471
0.38617083315464396,0.0,21992008280913
0.41185030988952415,0.0,6271239740121
0.39023567143383353,0.0,1334633301000
0.4473390182060342,0.0,2810384252928
0.46812154516561116,0.0,4251528000000
0.4546223109981242,0.0,14269338381375
0.33142939531284465,0.0,24089993321841
0.4320150157053337,0.0,1044442592136
0.4120911676116862,0.0,4029546653497
0.3862567476665058,0.0,2642380890625
0.4425741033968761,0.0,7888918135643
0.43759151050186357,0.0,703544180984
0.352247113539324,0.0,3806646295544
0.4402675029638322,0.0,2649267567253
0.49521330443107753,0.0,10522174895497
0.3441360837612804,0.0,3919649222663
0.4087991944759493,0.0,1947505398272
0.37834237537945486,0.0,6083387931375
0.40389994003559065,0.0,3801528853543
0.4301687582437208,0.0,13140914523192
0.39589285063431023,0.0,1153000671256
0.3922804673218498,0.0,11638438221528
0.3961083343033397,0.0,949572229789
0.3950327710764718,0.0,2471326208000
0.3594347979924969,0.0,1802929676211
0.42887085735348024,0.0,7005147898104
0.4061318989807549,0.0,3341362375000
0.43359230719817055,0.0,5948434379159
0.42662558899665204,0.0,12680306970759
0.3904796180023563,0.0,18691909228819
0.32184275317825156,0.0,20899135903625
0.40811550854044504,0.0,16982520113664
0.4085876749791505,0.0,14288761253096
0.38369168949609417,0.0,5014259816896
0.3911029919776714,0.0,1928851259392
0.4393922699200896,0.0,1554446024704
0.4500480148473034,0.0,3564048921875
0.3601425867761289,0.0,3812500421848
0.3681796343157654,0.0,4722184089433
0.4164377747690325,0.0,7534146860864
0.3865413154690009,0.0,957127701375
0.4227310428161588,0.0,9306054867304
0.4683380497307329,0.0,15160921875000
0.48340243265970484,0.0,159043894632
0.36693818503269326,0.0,27089198045937
0.409094797884325,0.0,3190806295048
0.5060772900430365,0.0,422888310216
0.31966212216791334,0.0,21822893933625
0.420649192682103,0.0,18477215035453
0.3984240533946452,0.0,2587716619489
0.3533362588783215,0.0,2257886964159
0.42338390396662745,0.0,3354790473000
0.3118490517253555,0.0,29779469487936
0.40070032623036916,0.0,6381036982592
0.4136710841352707,0.0,1879537767821
0.34929835580693136,0.0,16517083522563
0.36173762884759386,0.0,38982357393643
0.4140564024338362,0.0,-27488921832
0.37350995432601913,0.0,3375000
0.4434712345016481,0.0,438110169875
0.3731565331618557,0.0,22991097212875
0.3321832953616027,0.0,25900180765003
0.4245357218305833,0.0,4096000000
0.39722115875633524,0.0,13494871130112
0.4281043502129956,0.0,-28261141336
0.3845638726074152,0.0,23037215320664
0.3896582547881119,0.0,818449893864
0.40388626359089014,0.0,5634050802184
0.39632623828125785,0.0,1703492778807
0.5006377940192759,0.0,4725562507541
0.39810786236403084,0.0,210963658177
0.5417704229257625,0.0,13853396812913
0.5061844410185123,0.0,649012026312
0.36380592773248366,0.0,5763259856089
0.4321945755094859,0.0,4929491417859
0.42571572581809686,0.0,17378004170808
0.3879565260717447,0.0,547745004568
0.46391441645924447,0.0,18734200194879
0.38903849450752914,0.0,426107828125
0.35144582363546784,0.0,30327544256625
0.43447980490577437,0.0,24363778699
0.37960971228187695,0.0,1375407924561
0.4277384006378057,0.0,799178752000
0.5014831326426554,0.0,2652140543688
0.42148370516752764,0.0,482259191688
0.4851164656046634,0.0,1908469715264
0.3827906151949408,0.0,252555814161
0.402137735549043,0.0,2520453225529
0.3790726227533178,0.0,1529221973761
0.45218154087720547,0.0,8696065166144
0.383587006124165,0.0,5374088444096
0.36524885405862756,0.0,1222640282557
0.3517472280370639,0.0,2917464019569
0.3568593434757709,0.0,854400197169
0.4071524484357835,0.0,429514403625
0.3559502550022956,0.0,1319056901063
0.3439913886090241,0.0,4225599329463
0.4046244436717725,0.0,6308039097333
0.3962319189387062,0.0,6800684054536
0.39756544090381013,0.0,2849397363233
0.5132379913186783,0.0,6840605468087
0.5347972654508532,0.0,9364577766552
0.37315126418456296,0.0,2969219313117
0.43257342015242883,0.0,223317102763
0.34141771873718646,0.0,11766785143625
0.4414240553481279,0.0,3558452039163
0.51484533058996,0.0,7575729344000
0.3891469147872617,0.0,1868138370496
0.41610655848131145,0.0,5324538255128
0.48644126331089677,0.0,16400616094143
0.4244295507186745,0.0,14055099960637
0.42693760875647335,0.0,159396411448
0.3110618908676342,0.0,43092190710379
0.43991556429211687,0.0,461173253176
0.3479851283121148,0.0,31563483893227
0.4240573757781327,0.0,-363994344
0.312579516321696,0.0,35142512768875
0.45888932440485125,0.0,8792838144000
0.3365385150762181,0.0,5060100165632
0.46996507965372475,0.0,2583195604361
0.35855407732016686,0.0,13130893490688
0.41149365825363937,0.0,14437662875
0.5213628528297144,0.0,959168691928
0.3770207886949108,0.0,1494839494504
0.3581955501072559,0.0,1462135375000
0.36464365099923446,0.0,2110944687552
0.5392611842394566,0.0,8515909078461
0.39679484249664854,0.0,6378973035336
0.41877367550847877,0.0,2700717586776
0.4481217314707406,0.0,4661647602625
0.4172112112204987,0.0,1295741990808
0.4308187954198346,0.0,5967167004072
0.44746514550628746,0.0,9948085410843
0.3666966666251434,0.0,825821690968
0.4356843311603226,0.0,22969273292776
0.3947111696735522,0.0,14941466847
0.41362970206996696,0.0,-72511713000
0.40403405487620936,0.0,108326685663
0.39220036354666954,0.0,108394872832
0.3817798227153746,0.0,8153369788383
0.44496860997319454,0.0,147281603041
0.44398016926654416,0.0,70393838689
0.42581459228337964,0.0,4877538662079
0.37703245199453195,0.0,11299742784000
0.21783952384765906,0.0,39079010675375
0.44238249129375395,0.0,156939702984
0.4321363866814822,0.0,1866773548297
0.3651800440554117,0.0,6409979006976
0.4058644086910532,0.0,2981631556457
0.3981698255462567,0.0,9337946127112
0.4677969353968169,0.0,2826546167619
0.3836157060686062,0.0,22444859174912
0.35738661813277245,0.0,1857691717757
0.368656471684714,0.0,21549935967552
0.4028987660735725,0.0,627661760328
0.41551696550617334,0.0,1282948141896
0.317185266966407,0.0,8027631752167
0.3949126342975906,0.0,13080864740328
0.34175340543018273,0.0,393349474783
0.4959815184905368,0.0,11386069357473
0.35981273177518064,0.0,1555654039003
0.42123281455799005,0.0,-148877000
0.2756119034138709,0.0,31015377733059
0.5146932382538911,0.0,46788316887304
0.37523983002163647,0.0,-136193423625
0.30024096140936074,0.0,16251953437000
0.49041233917602645,0.0,9603833545216
0.4652039444266291,0.0,3932341410304
0.34245242247056534,0.0,6128487000000
0.3921023642951373,0.0,4182619516928
0.47260639455056874,0.0,7232726455219
0.35012616353608716,0.0,3169397364769
0.33831715559117576,0.0,51765834536109
0.39899461505545636,0.0,745402503763
0.3438855043231031,0.0,18385111720457
0.505829612490779,0.0,743185023112
0.4853514863939122,0.0,6048464248
0.4255371737779824,0.0,34486806375
0.30038835987966306,0.0,21102371276104
0.4153990357287973,0.0,5365808822843
0.3547350582240914,0.0,7843827411909
0.4485779098606377,0.0,2899736776000
0.3951735120526387,0.0,21503505498112
0.399117000759449,0.0,2984118148773
0.4667802853871606,0.0,-6008715432
0.35445253903789076,0.0,9685390482496
0.44283129244795916,0.0,2103548251797
0.3082153479512416,0.0,16857954449721
0.39689944596400645,0.0,2709453996621
0.41168422789533066,0.0,1026633001472
0.3786173890698527,0.0,3537515917053
0.42908324460485164,0.0,-12072028184
0.3890463393603691,0.0,18164484421903
0.32941758359177054,0.0,5623608587687
0.4842425920515517,0.0,4367515789736
0.3805469771504747,0.0,2283281477632
0.45919003690161136,0.0,9209498763681
0.45784675120710405,0.0,5847565828096
0.322308880908393,0.0,2096660518399
0.48651473981984295,0.0,9704486637000
0.40715509352972856,0.0,2616092528139
0.44747959922400177,0.0,3606212720375
0.3982626548566752,0.0,446469276707
0.2968040571060953,0.0,23217421053952
0.470281398917828,0.0,5224546718208
0.39147532773524174,0.0,5463865565397
0.42152242147895724,0.0,6628779886625
0.41040813853731034,0.0,1107111813625
0.43052775358639095,0.0,16960726487557
0.39078602048970046,0.0,17618622407261
0.3920078094903224,0.0,838561807000
0.4306371351903023,0.0,-51645087424
0.27032987544899967,0.0,54237656249477
0.4136140363420522,0.0,376367048
0.2831741757556815,0.0,27330741375848
0.3825299760183796,0.0,11349667937817
0.3975596570906665,0.0,586586448811
0.39806464118574997,0.0,2597341284936
0.4005033263520913,0.0,8468457521887
0.3899182335803096,0.0,7785938168000
0.4245966278048177,0.0,1339731021824
0.3912196361205474,0.0,15343581632049
0.36796332131291765,0.0,35741336184000
0.43722665792742926,0.0,15832158831
0.39662728706048667,0.0,6914381389651
0.37976189907013846,0.0,3923379379648
0.37436749647285694,0.0,7666349014232
0.4277562960094367,0.0,1149375921875
0.3836631453164447,0.0,14706125000000
0.3268043069923067,0.0,48320024018967
0.4280912752695862,0.0,540745792523
0.2907068198727407,0.0,11692446002873
0.41238600117083096,0.0,592704000
0.41000737019430156,0.0,36889455716569
0.2856296077966755,0.0,5084898745536
0.5006299022489012,0.0,4855139638237
0.30096239873820124,0.0,5872919330088
0.3429725131692553,0.0,9831977213967
0.46702325863525546,0.0,2051287591816
0.28318606098193116,0.0,14677331811904
0.4734639256610494,0.0,897236011125
0.3326402333773196,0.0,7970037484375
0.47776414345164164,0.0,2835551724264
0.4708601873205335,0.0,6384133738151
0.3689341976505106,0.0,4838814559944
0.4717422977034114,0.0,5101772413375
0.44417629476460774,0.0,1203192139456
0.33197233218379896,0.0,29429216467624
0.3806363648891225,0.0,3849961626217
0.424932712081385,0.0,5199295788224
0.3979805132588308,0.0,8437335722712
0.3722250385123685,0.0,2019008473119
0.4284227972690394,0.0,14244643829521
0.40989606848995347,0.0,966774915072
0.4394566091513383,0.0,39651821000
0.34607677454888475,0.0,28988198184959
0.4218748763456366,0.0,-17273551625
0.39127563052999237,0.0,49487453962344
0.48526357176670565,0.0,11469782660608
0.44949426153761474,0.0,2729326234375
0.49495510494958517,0.0,9070486526375
0.3904675718925754,0.0,1692817512632
0.39052034611796815,0.0,11336037433344
0.39472607858217296,0.0,207790265467
0.40586669512779244,0.0,19845281961224
0.36947355477232463,0.0,6618199234375
0.3932887804583235,0.0,16657570665819
0.42770602067704216,0.0,616947061697
0.3561009632237908,0.0,353243309509
0.36539323591079714,0.0,4079127221352
0.38054797105716753,0.0,35705541701089
0.3560605448287635,0.0,207159430213
0.4739205175847967,0.0,22454408824128
0.38060607299637017,0.0,7097813228232
0.45237015980892525,0.0,3315280740031
0.36705061531406297,0.0,8899341673067
0.4638361059722122,0.0,1988492609375
0.3293039921089704,0.0,8458490234375
0.4564090704076704,0.0,1587690756296
0.417522121149795,0.0,12770241757624
0.4697503573486778,0.0,-148371952184
0.384768264689078,0.0,17301632172544
0.29058535150796894,0.0,20471882734016
0.4092684486984909,0.0,9986990305375
0.39373075965334964,0.0,12490397718408
0.37208548785458945,0.0,2978525259072
0.4325342666495966,0.0,152701438625
0.39265768643082294,0.0,13863782100167
0.36585553268418425,0.0,2497189355263
0.294936777086384,0.0,24861294286856
0.39304202030972724,0.0,6877427477913
0.47970126988497036,0.0,10347405816671
0.3792751782620576,0.0,20350889067608
0.35841803423863733,0.0,10960280017597
0.3729431999610065,0.0,3635924387633
0.3274733759501478,0.0,24723554187968
0.4094259090082549,0.0,605066407912
0.3471206844275972,0.0,2533811507137
0.4154902548009078,0.0,-311941643768
0.3023403563193,0.0,42075200401541
0.44298529759490834,0.0,1805152587776
0.4535370931664334,0.0,11633816737179
0.36787791338688464,0.0,12755496152125
0.418579141745826,0.0,43428615875
0.385987795291084,0.0,4269662081567
0.3853361448970283,0.0,3771647341496
0.3888303122546988,0.0,4174058678301
0.3720602152051357,0.0,4050092584000
0.35038320930713596,0.0,8327161125109
0.4310045623230797,0.0,4006799470387
0.394561174648766,0.0,8976865388687
0.3221767939284356,0.0,2090768727403
0.37710806225755117,0.0,543538277281
0.33055438871852394,0.0,2364331062248
0.36092108754804325,0.0,9008000497943
0.344723298126872,0.0,6720239390311
0.3793442308506388,0.0,6559155588959
0.4024156109716567,0.0,3075193308088
0.37050319900915274,0.0,12243335086592
0.3894966136395654,0.0,2250150948864
0.3532774083817547,0.0,14680928903256
0.38174685503063177,0.0,5122248325272
0.379738760211287,0.0,4558607050941
0.36349277956218734,0.0,8712567840033
0.3768012474981227,0.0,4924279621197
0.440452630881972,0.0,6164726317056
0.43120771384662915,0.0,4825095542792
0.3542133952983083,0.0,8859463213888
0.37745366840687405,0.0,1368370393208
0.37456580312822046,0.0,1139528871125
0.4223078180791371,0.0,197035768259
0.36076710879516766,0.0,3011561968121
0.3210559206285221,0.0,12404998176949
0.3934433976567381,0.0,4515852403889
0.3311813998533587,0.0,16367716819000
0.4203994517027009,0.0,1246461770728
0.33450441619918114,0.0,1713353576696
0.340648865768381,0.0,1446347376629
0.417773150927352,0.0,298479413987
0.3525331865830419,0.0,1661480299584
0.31984218739898973,0.0,3585089497625
0.47636699900749346,0.0,11067203999125
0.4632233421607779,0.0,8238736185373
0.3730363233140033,0.0,2229608006144
0.4400615105958494,0.0,14752994203576
0.37250800959768793,0.0,1571415222376
0.44875072051613024,0.0,17503093041344
0.3260117463839417,0.0,1976656375000
0.5083739442251236,0.0,15700120064000
0.38461395682489735,0.0,1924206411672
0.3853261360989913,0.0,1635108092541
0.43715397061047073,0.0,366293248875
0.372340837535416,0.0,3927111902433
0.3659903478793167,0.0,10378777414797
0.40209907126196404,0.0,5701761689625
0.3751577260838492,0.0,7674516703125
0.3523542352070062,0.0,13917522109464
0.42570348844324546,0.0,1770682685192
0.33460329331751704,0.0,2429883832384
0.35653317615724384,0.0,6723444931624
0.35041497828191115,0.0,9413979695875
0.3389628520753869,0.0,11471308506377
0.3849200691650991,0.0,10118341241189
0.3947213386599478,0.0,6045477024313
0.3964217204022822,0.0,4195872914689
0.37622849767360866,0.0,8562281911912
0.43693966614997914,0.0,1309338584000
0.4333986358781478,0.0,1708632808875
0.5311421588666483,0.0,2510465384071
0.4872731048701716,0.0,3968326010368
0.5009875259495461,0.0,5150827583000
0.3782662193423132,0.0,1323753192000
0.4241705669081306,0.0,6593906475008
0.4173248681105624,0.0,4627407762944
0.39576789070381846,0.0,9251742086657
0.3712930044972838,0.0,7485826612328
0.3795890310128379,0.0,3324627703125
0.34862224196652897,0.0,9341937649981
0.3424012178326566,0.0,5261668597457
0.5102613296796571,0.0,1522065560527
0.43937464015933403,0.0,5196595167161
0.432855389395907,0.0,2480110534656
0.34234733620328134,0.0,10228204880243
0.30694213307770307,0.0,19309227215552
0.3723840275241684,0.0,10497704731136
0.3983694483415195,0.0,11286152288991
0.38222866020196933,0.0,4747561509943
0.33240696446418777,0.0,2760496949952
0.42456007510589866,0.0,9224005370048
0.5509255393322596,0.0,4367515789736
0.3808265559413774,0.0,725845560803
0.42171826076233054,0.0,-23763671875
0.3482276984027071,0.0,9088765894909
0.3956382554954665,0.0,18042450604352
0.4298842055588949,0.0,208106162776
0.3514088990583295,0.0,10754348103017
0.4010638878217079,0.0,1064645023931
0.414665252388482,0.0,-47202439544
0.3575195831383446,0.0,31593455863397
0.3666543725999829,0.0,3712354899904
0.4000855754817059,0.0,1960164690875
0.4237926619482786,0.0,93576664
0.36537981093569577,0.0,5859258357952
0.37317133245881023,0.0,7055792632000
0.4223313876070338,0.0,2161199241089
0.28793987268836824,0.0,31494620312000
0.43569816535093137,0.0,217081801000
0.30229613628271507,0.0,14186548006912
0.38234980351513315,0.0,3070120825304
0.33766631713598716,0.0,12256088559616
0.4114190258411731,0.0,5428576984375
0.34438825394079836,0.0,19539010548504
0.3834851100982161,0.0,120700264888
0.256006024875589,0.0,34799238881792
0.38689518193839884,0.0,226311878584
0.3355548777438092,0.0,31243969511936
0.37467253112225085,0.0,1550825734375
0.3722441008232722,0.0,18357958072
0.18135049598284184,0.0,42698841809408
0.37506472988293643,0.0,54439939000
0.3621510534567648,0.0,796855809511
0.4660343672691434,0.0,22710868385759
0.4062181587394474,0.0,227316054727
0.3643402176062961,0.0,8031240577576
0.41337569078540004,0.0,3247709677129
0.3576784603015521,0.0,16595033998843
0.47605464568442657,0.0,811644055552
0.4943783487123868,0.0,13980103929
0.3867100451621543,0.0,1576286146072
0.3920742413668144,0.0,12482324466373
0.39138097759081525,0.0,2092240639000
0.3768579930302384,0.0,6099397716511
0.4834646836215683,0.0,-11239424
0.4845551463743497,0.0,799178752
0.46307396376609006,0.0,263251475929
0.3943373289812953,0.0,11855471313608
0.36739252623637625,0.0,3233912951872
0.3717220480816447,0.0,5421167223263
0.34137241201596585,0.0,7891296106429
0.33422388068192,0.0,6377941228625
0.4578750402614633,0.0,6907850516125
0.36997479133416217,0.0,681007465592
0.3619547311039147,0.0,3821292860104
0.3686267953016178,0.0,539551947221
0.3913463660573336,0.0,3359498792833
0.5076407871044736,0.0,1109039273551
0.3732347157450064,0.0,653068339776
0.3369556255426622,0.0,16489858634677
0.35512369710607106,0.0,1787862255353
0.38381439886188556,0.0,2878437640625
0.35295625695068034,0.0,21240124771384
0.4170518279641047,0.0,969123355136
0.3872862935144662,0.0,6505690173632
0.45217132587828673,0.0,2398032841625
0.37779555503291196,0.0,10658167234343
0.4068299866548792,0.0,13988810657375
0.3957862545535689,0.0,2457642262375
0.43398866604247593,0.0,7722472547096
0.3685295571372955,0.0,5662595252224
0.42931929600809754,0.0,6156660823552
0.34164087255513087,0.0,4011342040369
0.3356662354114987,0.0,3534034567168
0.3972189850237519,0.0,1193039625016
0.4114789232685084,0.0,4310056218824
0.40298538020197533,0.0,4901737616803
0.3984169524558341,0.0,8745635796227
0.3934572659245826,0.0,3759303514149
0.3930099253756601,0.0,10707643014921
0.402315565033416,0.0,11643060929625
0.35944563718694966,0.0,7137775799064
0.3238412588823938,0.0,2992832108531
0.42702773689534246,0.0,760548465152
0.31141781339378344,0.0,5592359375000
0.4891072316997181,0.0,7809531904000
0.3262903954733838,0.0,7807170388472
0.46883247394894223,0.0,5594249963008
0.3523611988082426,0.0,3730365517229
0.43728191365629904,0.0,10766045557441
0.35766710331070284,0.0,2785960079911
0.45150698114725035,0.0,13009378707359
0.37246918990498673,0.0,6507781363000
0.37075813285902326,0.0,8130301099712
0.39197224075287723,0.0,5842698535331
0.3357287644212373,0.0,2601878785064
0.42413885853410843,0.0,3923379379648
0.4154390738779254,0.0,2562354397504
0.3892046688560039,0.0,5844645128197
0.39363121955617897,0.0,7359118590851
0.5295685393839054,0.0,1384704540136
0.38031313153066554,0.0,12701526050368
0.492754628572552,0.0,3258247765625
0.44103323144715695,0.0,4336328886443
0.40840343072466556,0.0,7983211757256
0.40801048154761677,0.0,6190987813928
0.4277406639451418,0.0,2874796865459
0.47682531150952306,0.0,2399107951603
0.3703506925110345,0.0,7146676692728
0.3834888960636193,0.0,1494055213568
0.4303444058399731,0.0,-79507000
0.35751735580195493,0.0,12672152083144
0.3557549947454027,0.0,4156196506552
0.40775344962595744,0.0,74937949696
0.4285608001540378,0.0,1462135375
0.4403363918117951,0.0,586586448811
0.37621433166971896,0.0,8282869989337
0.42234227016078085,0.0,-1597509809
0.35389443448291014,0.0,14485742870633
0.42480843930448703,0.0,-81577100753
0.40717110544817803,0.0,4686807865375
0.386519115442208,0.0,9070486526375
0.383343343069176,0.0,10964721373696
0.41682509429568027,0.0,3633796733624
0.3008455535496566,0.0,24731193035375
0.32471572845546437,0.0,18933822347077
0.40975998398853347,0.0,1766733860969
0.3507028255202297,0.0,16583325826501
0.39820600886039537,0.0,5423945093000
0.42684715647462407,0.0,2248605869301
0.44192553421169145,0.0,17606437553375
0.45969197225209196,0.0,6963494196736
0.32734170928511036,0.0,38614472000000
0.3328301091187964,0.0,4243659659000
0.4014619422505155,0.0,5434138733941
0.38665341599488423,0.0,12265659474328
0.33268228580609166,0.0,26948732483141
0.40721296521407163,0.0,776911912057
0.42632046678470403,0.0,10713473741125
0.389024225801667,0.0,3963815979976
0.5147549055914338,0.0,897236011125
0.4826822310086329,0.0,-19012784309
0.45552814822192367,0.0,62287505344
0.4005669238847126,0.0,16092715744223
0.37133937591019384,0.0,1421171965907
0.341463411302796,0.0,53855984199744
0.37391965473202626,0.0,1186303110056
0.43070126788235696,0.0,211708736000
0.36026366053948533,0.0,3100639545368
0.38709622311436503,0.0,16096540513249
0.3832719443677578,0.0,19006373824703
0.408629738206001,0.0,1296098584327
0.29486822569637355,0.0,27040520253375
0.4101826426298413,0.0,12020004976643
0.42782424838118915,0.0,6052448743424
0.15015327784690605,0.0,2866919053816
0.3168527142546489,0.0,1369110052864
0.3251705830666237,0.0,4479884884125
0.3625732238297392,0.0,11313344184849
0.26359541703372824,0.0,923725850419
0.2005088622497702,0.0,9757815386409
0.30172550757613,0.0,6656342345731
0.3366188312455926,0.0,213525509833
0.22850348538954496,0.0,8543461878307
0.27787381258459726,0.0,6033537965125
0.2618465482603366,0.0,936302451687
0.43023106168735886,0.0,14733152790875
0.36603964909721404,0.0,177599098061
0.21565361504751623,0.0,1894655849624
0.2641816406915105,0.0,13499973160731
0.28041867596614406,0.0,8253429989329
0.2442097248477106,0.0,1183951334539
0.3508543760292765,0.0,8403809924691
0.35427753525427474,0.0,929428432479
0.11288576391157948,0.0,40448977723783
0.34873347222095097,0.0,1139856196536
0.2744765033010495,0.0,2271856436136
0.2996202195897367,0.0,3197963970837
0.3310271983074663,0.0,2648118957875
0.35604303294572737,0.0,1620164318625
0.03732809393566337,0.0,64563244281613
0.4169937111313398,0.0,10572674323392
0.2771606705752277,0.0,280111385007
0.34478813297885613,0.0,816089738625
0.30062474809508744,0.0,4369920956549
0.29449495138924203,0.0,5413764207879
0.3378128811492336,0.0,2489466663377
0.25587739951612554,0.0,195718146616
0.2939735511433264,0.0,2935878423759
0.28652715828322517,0.0,4512574703125
0.3802762053701362,0.0,5391595605375
0.35190114455944366,0.0,1433341421875
0.23857494606476723,0.0,5051263108312
0.39857944965326453,0.0,2634361530731
0.3620929472814753,0.0,11436248277
0.2615477568316663,0.0,2230120049625
0.3551571126029194,0.0,28247226446375
0.3486018330393413,0.0,1521668638008
0.30620038745248973,0.0,9197641041408
0.3648300436612307,0.0,3912940899512
0.362530829208478,0.0,3187556339813
0.3141804174407155,0.0,11535516294875
0.3254738462424956,0.0,12873779314453
0.37138290090131343,0.0,6873088635197
0.4172442910046464,0.0,19382733935928
0.2975325324786676,0.0,16213487291000
0.12125444122661398,0.0,50149516458133
0.33515127655097376,0.0,27743827956417
0.26850688329559663,0.0,1921886786737
0.36689327813527983,0.0,16427742693461
0.3418616688708446,0.0,17243499057875
0.38216827638767864,0.0,8896765265361
0.24106165054440348,0.0,5139204473593
0.34552852930172945,0.0,7087845946329
0.08681030593869192,0.0,36028553637952
0.2089760100995922,0.0,25445908947997
0.32995930724294775,0.0,334399895621
0.27588409673313635,0.0,4960839441375
0.2769329564517215,0.0,8697333862125
0.4137096311849825,0.0,11581525390625
0.3673586564011126,0.0,6509873000448
0.40871439705143314,0.0,22518939815919
0.297856495073548,0.0,32771072096001
0.3227131926515914,0.0,48200725190457
0.2614376605166409,0.0,466025146777
0.34375480478153664,0.0,5610337167609
0.31127902928235907,0.0,1650143475513
0.3474429012557241,0.0,1210333063393
0.31938972606199223,0.0,3074558942421
0.14258533642618917,0.0,29848697208000
0.29865867878767766,0.0,22483074023424
0.29715558378812423,0.0,16088891581125
0.31609416198138335,0.0,2064392236837
0.3208220209022373,0.0,1645121485125
0.2538496567006456,0.0,18052771191337
0.10738643068814412,0.0,55249747524503
0.28277671586912506,0.0,5413764207879
0.2663671890903696,0.0,-14402116737
0.2875379641888338,0.0,12616791552000
0.2939238184392276,0.0,8054121591125
0.2253982314675051,0.0,43177056571368
0.2553233566662806,0.0,1373553608896
0.33454484200604445,0.0,138670091776
0.15035787139718673,0.0,31390020203625
0.318573807762031,0.0,1305751357000
0.1408915666789621,0.0,15900351812136
0.26154364165558275,0.0,5330944172709
0.2475936750157565,0.0,565814486511
0.35093518665281315,0.0,314016023573
0.30769230295857997,0.0,75172820105664
0.06451612851354839,0.0,60282398961000
0.26507338123185226,0.0,2036792051776
0.0,0.0,79340706073000
0.3610491935268572,0.0,8568561392847
0.2071548652385317,0.0,2532139147000
0.4388869013624575,0.0,12387322664072
0.1461112008802341,0.0,8045686694872
0.3673688778529328,0.0,24586323782552
0.2683655475576719,0.0,2727568906048
0.3268999069811726,0.0,5420241477496
0.2670076532136309,0.0,840163473856
0.35401669175163986,0.0,18886975797591
0.3597813085116778,0.0,28554410612125
0.3274849421089869,0.0,1530018512667
0.300355144814862,0.0,6857917056999
0.2773179635881735,0.0,3807377733375
0.30048561892520004,0.0,4762831515625
0.2964940447357057,0.0,6703160376375
0.15999943269617528,0.0,7728334451011
0.22750460542208925,0.0,5873895925507
0.2591811128434084,0.0,3012187638888
0.431356566212078,0.0,15877599106104
0.2292550640170589,0.0,6158676537000
0.3898305043233191,0.0,4218546216312
0.33926989048779405,0.0,11846115014336
0.3381422336117271,0.0,22290056640207
0.3292652351026157,0.0,1455960607704
0.3278131993594561,0.0,11404299218229
0.058636378282562594,0.0,32544255194983
0.3427220422217969,0.0,849816322048
0.323221903628677,0.0,1396665211752
0.23837865798007074,0.0,17616591208
0.389928473250515,0.0,961504803000
0.35939973293998667,0.0,3464199493091
0.31578917482447855,0.0,4937316005952
0.3392577691830426,0.0,13006060129413
0.3909785711624038,0.0,39536814178763
0.2781176158233564,0.0,10655261650125
0.2674552048134724,0.0,18651791808000
0.35942717648136346,0.0,6809302514664
0.33272900594469085,0.0,16714380050432
0.428232470368507,0.0,37970323878131
0.35724945343310954,0.0,22609970489933
0.15550932171132803,0.0,4636577546875
0.30280673435645233,0.0,14412774445056
0.363248142570336,0.0,10617537096739
0.35357970722673254,0.0,19169217376947
0.3734784574629042,0.0,2175271031493
0.3592739336348321,0.0,9967525203761
0.383057032625956,0.0,13075868865879
0.0,0.0,72825163776000
0.22403429641439931,0.0,20862738156889
0.36044630333083916,0.0,588901918968
0.38591296643505046,0.0,13760162517347
0.137212999853807,0.0,12613540080952
0.3587099280128401,0.0,8058944177649
0.15303270891762755,0.0,25826717523879
0.31566037352344495,0.0,294610614264
0.3392812172549206,0.0,5023933627383
0.3229472538472135,0.0,9811339149312
0.3269324112846082,0.0,3623878656000
0.26843189623073754,0.0,8442310077928
0.0,0.0,81025348059648
0.2902323591743588,0.0,322123476375
0.3013704445109062,0.0,2533253971968
0.13611090765609968,0.0,13428661665609
0.24943147702215754,0.0,1079098444593
0.27817142292549735,0.0,20393406397161
0.39945466049920547,0.0,15312112058368
0.0,0.0,65548320768000
0.32208119755958675,0.0,12798125565471
0.2994454850200567,0.0,7462889768088
0.23290851992437722,0.0,7336441439991
0.30367688990231845,0.0,3809572609032
0.2738520407509518,0.0,1700499193856
0.3608931626897344,0.0,7660518500097
0.18656441082370237,0.0,13955744310976
0.28627175381499376,0.0,17972374909384
0.3276843075095239,0.0,3159051839217
0.2719142599699711,0.0,972064249416
0.2762252184266458,0.0,2848191609375
0.3552559249274634,0.0,12740761902016
0.06249999937500001,0.0,49876670241000
0.2602150275289249,0.0,1117740530152
0.2805619570206362,0.0,1177249106879
0.37365267252733686,0.0,1666535510016
0.36613401399702816,0.0,6952560208056
0.24244609078933932,0.0,1574661388104
0.38927954201060144,0.0,10914456212568
0.3644999037573294,0.0,7730680042917
0.28744031237797474,0.0,588901918968
0.2541817965747839,0.0,10417365504000
0.27845618631998637,0.0,3103191862056
0.09090909013125913,0.0,54487354289031
0.24998439929486754,0.0,26685330408387
0.20257124394127665,0.0,4901737616803
0.3079772251245265,0.0,353093418432
0.3643032061546383,0.0,19884890362688
0.3070561362925536,0.0,4419825634531
0.3998850482014631,0.0,9133260854327
0.2944141654574159,0.0,47241633375
0.2790268776160534,0.0,620432219889
0.3438246929842713,0.0,108326685663
0.2641094243419298,0.0,1628870403096
0.15873384698989934,0.0,6498374538781
0.2759368910111429,0.0,810078854248
0.1030223155587768,0.0,44501110198453
0.25874777822000855,0.0,14688124849000
0.29450125977001634,0.0,5925810548736
0.3545856558591884,0.0,9351255626432
0.3083266057764094,0.0,15238235801088
0.30465483828915796,0.0,23487027390072
0.2765094990606882,0.0,2317786296904
0.12746828786070608,0.0,7251817070016
0.2593180653276356,0.0,274118311936
0.3294243774456109,0.0,1848639390417
0.34672442621230964,0.0,5850487500859
0.3615364402036698,0.0,1169239880375
0.36691332450306885,0.0,37112643982016
0.38364464159473444,0.0,2542743198449
0.2300766797874412,0.0,3342703569408
0.3861105098245414,0.0,14009721553043
0.46832726688161885,0.0,32409888542387
0.4260466907984457,0.0,9125398274273
0.3866086743619257,0.0,2258919770561
0.23968907475455775,0.0,7174539672903
0.31559763454232503,0.0,11543176
0.3341109670011914,0.0,17327734201133
0.3300689486165827,0.0,3983384150208
0.3464176130446654,0.0,11411900732744
0.2385889993394054,0.0,8611343303473
0.41339054873199677,0.0,49011823036736
0.29649689624578246,0.0,10768971245787
0.17320729335992105,0.0,2432595957849
0.33160910029329227,0.0,30835079134712
0.37886660049418747,0.0,3713074209125
0.30365659051830424,0.0,437937140584
0.3439878789559489,0.0,4668348179097
0.2707672434047486,0.0,14430548973736
0.1285109222413033,0.0,10132382140119
0.2255152979929042,0.0,4330747000000
0.31497079481450346,0.0,5493700611125
0.32465458370109074,0.0,18108570376
0.32181091880869517,0.0,6922005943112
0.36681428093524415,0.0,-119823157
0.3458583301980003,0.0,1026938334969
0.2713039079663743,0.0,882526002688
0.3601775888115206,0.0,1575473627456
0.29391294644037474,0.0,21224022731703
0.32278334179816065,0.0,3833771939451
0.22763990848842192,0.0,1507819784563
0.2935682789377612,0.0,18063095713272
0.27793842584317063,0.0,39352571994744
0.38685491711418546,0.0,17765279426357
0.34968631677864925,0.0,1370590171712
0.38810476615925654,0.0,1352899016000
0.39171684043472266,0.0,4690169391419
0.3091790923443657,0.0,6041495589597
0.2959117401393018,0.0,82540153864
0.26212723797833337,0.0,8586160271333
0.2876300187832652,0.0,5462004470131
0.30709753538925694,0.0,286843094875
0.273052776589679,0.0,23163748578216
0.24282055145122025,0.0,40339490766336
0.30470625522705314,0.0,6238649591929
0.3528056480009774,0.0,7404612987771
0.21316100569476035,0.0,3290662419624
0.31040718935186623,0.0,3769467058547
0.2166427785845273,0.0,8263235558313
0.2845978061669746,0.0,8400090327552
0.3251343518369818,0.0,10007873875000
0.3200227019915805,0.0,9511957316672
0.21987632219332226,0.0,4160851280704
0.4103592556483873,0.0,7803629007875
0.4169218687870544,0.0,6288599327912
0.2858735500595636,0.0,2907063451648
0.32843410197790013,0.0,13114203093368
0.14286649302803597,0.0,8224059831625
0.2820662333049615,0.0,10115534618883
0.4450600300200722,0.0,9814089221000
0.3740787824674926,0.0,18713046747149
0.2517268505537821,0.0,10707643014921
0.3194772848358521,0.0,8104854798503
0.3415809280228427,0.0,6109418082041
0.4074821927819981,0.0,1922350562504
0.32218325962718325,0.0,922588140375
0.2004615502207433,0.0,8360482894336
0.15487939202464268,0.0,34821627411375
0.3829660463500897,0.0,4580085200543
0.4248936745241505,0.0,9287485208000
0.33974750081066796,0.0,28574033709248
0.08236448625714811,0.0,14174244992601
0.3026826705957223,0.0,411830784000
0.3416709888578775,0.0,419853238272
0.05265169122506048,0.0,41170840677000
0.3351524511517059,0.0,76657300992
0.1612293320005402,0.0,21860399704681
0.3783666319844526,0.0,516042593261
0.3827652305994862,0.0,4653280902375
0.26317779921977674,0.0,4411750929201
0.26210546075534175,0.0,3348743385681
0.24632020761308573,0.0,10556785703953
0.2175282205058266,0.0,34176249529408
0.24783443011811235,0.0,20359835168616
0.3350635049552824,0.0,20609136520713
0.3621967446275546,0.0,1312572700349
0.29800655290995154,0.0,21556906297191
0.2991991040256204,0.0,3024091854181
0.35314452008926994,0.0,4779836551125
0.07772891841985645,0.0,45514588593664
0.21930359822159648,0.0,2118853307584
0.24612415441596466,0.0,3531251132352
0.2812128939269611,0.0,7576886591721
0.2699005429476275,0.0,12084662435392
0.3249297757871651,0.0,4605781806072
0.31647329544816555,0.0,12803050446984
0.015280135703056317,0.0,66859150542003
0.34330467155082245,0.0,5426723911517
0.13650422516491306,0.0,13057561542592
0.29563762421386275,0.0,14237593480053
0.35459148984106803,0.0,8513407220059
0.3873591458401868,0.0,5291674584776
0.3938731113558025,0.0,4133747365649
0.27294221113994394,0.0,6611856250609
0.29544234253270446,0.0,5546172923101
0.32092227110071714,0.0,14724139851000
0.42771353147647023,0.0,3704448628817
0.05882352895040369,0.0,51578548775424
0.3036800516545898,0.0,11754373469553
0.2327234596849905,0.0,2839760855281
0.39713857664927216,0.0,3625294417928
0.27595152490533553,0.0,1213060829625
0.1842365407779996,0.0,2911954752000
0.38078125555890563,0.0,7754162070257
0.2366028223761851,0.0,4216979924416
0.32950261940164655,0.0,2369126143691
0.43556781899780583,0.0,11832089797403
0.47533232274154696,0.0,44542563835392
0.3298621658285734,0.0,1899713166625
0.4193945538538703,0.0,7878223178792
0.2174895252627264,0.0,11161331008192
0.13783752314088166,0.0,3080271375000
0.2702293664322012,0.0,12408213711951
0.35675800873729896,0.0,3061257408
0.33200816341085115,0.0,31957621754904
0.4249429996353419,0.0,4784094125000
0.38963176081135226,0.0,7582674598136
0.34146677811594917,0.0,24891972510392
0.3535215839686687,0.0,770590789632
0.3263548638414074,0.0,107510668875
0.2559712103216209,0.0,3214271207512
0.35877606352969427,0.0,2652140543688
0.3104875154762484,0.0,713797912953
0.2765970571428553,0.0,3744815880889
0.21968851796604547,0.0,745402503763
0.30260290847223503,0.0,2478461890437
0.3493574366465915,0.0,4032586100213
0.3320969902378867,0.0,16361915635603
0.308218332676621,0.0,4484778258771
0.41158697435186326,0.0,11367858934125
0.30159555055959403,0.0,4641584349241
0.304607086315604,0.0,11570779013032
0.30511428419024134,0.0,14132117233233
0.185539652708651,0.0,5958288760689
0.3429449459941172,0.0,15694477725653
0.33994630062438036,0.0,13139243997173
0.3400703673308965,0.0,4776432311321
0.20912116066113653,0.0,11274081000967
0.21888626174200312,0.0,1525243425831
0.22833960296908315,0.0,2058561081361
0.39055662195567564,0.0,5701761689625
0.3239783279702443,0.0,2596774468625
0.1851074279998708,0.0,4648265690769
0.3214977556719341,0.0,6406873898517
0.2700981977754435,0.0,14870602657071
0.21950194272587858,0.0,2597908183723
0.3559651186340222,0.0,1265670008513
0.38326143483886854,0.0,7566475603968
0.23126586500833488,0.0,3181063051243
0.17595011668386218,0.0,3781104949539
0.332469149890146,0.0,8769853681848
0.20067587266530731,0.0,17791845599016
0.25706114168132893,0.0,3094264877248
0.3275948652425749,0.0,2315685267000
0.04209427911969368,0.0,34860030084963
0.3026415361935439,0.0,9873340126677
0.29556103799511035,0.0,1917253130967
0.21504597887474677,0.0,11997979755957
0.36206125398795636,0.0,5132060489249
0.2513397990658038,0.0,1977601540608
0.10525937699838803,0.0,33826754627821
0.22546249741718824,0.0,852241031641
0.404513745267051,0.0,4910399458973
0.248447526792538,0.0,2657317134051
0.34463273875017414,0.0,18081689771223
0.24069068123384085,0.0,7919869039237
0.4132100104512712,0.0,9629610171875
0.22485439337309052,0.0,5381455253824
0.2886302309786839,0.0,11442340569304
0.27892204957161654,0.0,12173349104064
0.40103014888949423,0.0,14925093635061
0.16690041961875726,0.0,52041339570375
0.2644780523893773,0.0,1569793813848
0.3114622115483123,0.0,17175508997401
0.2602803866349983,0.0,8923842358488
0.3728248465940079,0.0,6107413131639
0.39321644701533137,0.0,15690716917875
0.4207008017385997,0.0,9404620091712
0.3934166291275322,0.0,3340021539392
0.2518254076585681,0.0,12842494990632
0.14511791596380913,0.0,10898226906211
0.22629694987267912,0.0,9960579516096
0.3851822750610084,0.0,4350704328125
0.2439747523281374,0.0,1256914713088
0.04710557161457253,0.0,25164060286464
0.3692651645798267,0.0,10627684933256
0.3937372698285787,0.0,1126162419264
0.0732092228196866,0.0,16733999400552
0.2963441821897739,0.0,12350419045875
0.32007699129527883,0.0,18305814688875
0.34419980807107237,0.0,2434224201408
0.3730117163537295,0.0,6149609290161
0.11006199995152943,0.0,34002777034773
0.30833561999735276,0.0,11922669001125
0.3371711242997088,0.0,6145582261013
0.37698891445959487,0.0,2770545141125
0.31751346688827575,0.0,457422927625
0.3932891060977014,0.0,6565464828125
0.3646850146540212,0.0,44685965371256
0.4606741511162733,0.0,70322258672576
0.0880766077748242,0.0,26975707289271
0.19629392716390218,0.0,20532558990887
0.018867924385902457,0.0,50982270912000
0.2027333202664108,0.0,8358011572184
0.21657759385994063,0.0,4959966873464
0.24309437359547117,0.0,16148234224576
0.19936897306562468,0.0,3157760233711
0.21260103651417353,0.0,2988473011264
0.19835111332828428,0.0,4005286042841
0.30336497189874007,0.0,1239525438488
0.22803508276189202,0.0,4384370502863
0.2183481103083066,0.0,7680354317000
0.2862117362564556,0.0,9727708548923
0.29659995884467766,0.0,8513407220059
0.14330806956097883,0.0,7978419434168
0.20786254048529837,0.0,8112119744357
0.26631416704555166,0.0,4575949559208
0.22689200628352033,0.0,17636910227000
0.2663300316854419,0.0,15553858245128
0.3441664949119755,0.0,352643999625
0.3764413479213664,0.0,2501609484375
0.23545565368839624,0.0,4209936408523
0.3702850891843642,0.0,3342703569408
0.3801215558037193,0.0,1218870934568
0.37570058641046145,0.0,1753613521379
0.39843573326028,0.0,13300260993557
0.4070421501952819,0.0,1257264147257
0.34211065063378004,0.0,4043997637568
0.3327611026337164,0.0,772609803776
0.4265429638750474,0.0,4682608217000
0.35961258168798416,0.0,10458918377909
0.36296747096992327,0.0,3451851047897
0.3650070266032797,0.0,4127568756921
0.3094029889021345,0.0,3657246624143
0.3994590540753512,0.0,3524298940232
0.20991688256872215,0.0,3806646295544
0.1473232626243194,0.0,12291206270552
0.23611619017566335,0.0,11583061130376
0.30588379974358676,0.0,6553900978344
0.34661469139145984,0.0,5596140977064
0.3248431675524157,0.0,2516010920801
0.2606634850955996,0.0,5357537709992
0.3023715421205435,0.0,7012839020221
0.3096878983213604,0.0,744909349625
0.39641218642918374,0.0,5644505935125
0.21213160646033935,0.0,3051148696064
0.23135697665357613,0.0,6181888872977
0.1464709226827958,0.0,10601603551232
0.40473091459993493,0.0,1802485313000
0.3390149216656639,0.0,3898804028419
0.28491978046000227,0.0,3623878656000
0.3289369504360314,0.0,3066953357889
0.3140928816685592,0.0,2139707362456
0.33807956172694964,0.0,1031525604864
0.3183507054674334,0.0,878942611539
0.09361269221367133,0.0,42071571352000
0.2706409098450094,0.0,7022735875
0.20600185273714608,0.0,3079001334592
0.24482882719794535,0.0,326086867387
0.2741098866098435,0.0,3414301575112
0.27200213125217365,0.0,84604519
0.34461857491482367,0.0,37447432482816
0.308589323094502,0.0,-13094193293
0.36484091001471686,0.0,60448593258936
0.3896637670637332,0.0,2293701060672
0.19587758157219623,0.0,5745919029031
0.4061032291793031,0.0,5704634596032
0.3239011123937618,0.0,27587409117696
0.31357740539411105,0.0,688465387
0.300356116787511,0.0,-118153930643
0.33512996247343474,0.0,8403809924691
0.29848600514249746,0.0,21276960011000
0.3737609944623261,0.0,27461605913
0.3895364758280558,0.0,455999597873
0.3893225677620335,0.0,2141700569
0.38422565926152136,0.0,3739031265761
0.21621008148453952,0.0,6950374784704
0.3691921001307717,0.0,1734488103375
0.36391724607395687,0.0,1261462410125
0.231480383369432,0.0,14072579252207
0.347794585269107,0.0,336572570816
0.14948783041674338,0.0,21387721203512
0.36795314226137743,0.0,37293180821
0.3471672574225975,0.0,769078839528
0.2113019177537413,0.0,798662152952
0.3491148672321053,0.0,246373963109
0.2618848467675793,0.0,827671530869
0.37252663849858625,0.0,259694072000
0.2498243097585218,0.0,3599867065976
0.3899261964489798,0.0,1868593459013
0.19840115442518041,0.0,696448876544
0.35011261890084217,0.0,200715401375
0.20383885615899155,0.0,2019967090721
0.29936121808682387,0.0,422212590008
0.2725481142297469,0.0,2898516861512
0.2139147566015545,0.0,1429150367744
0.27795594340829227,0.0,2368593037000
0.2066130797530658,0.0,1445963730112
0.20465750327236984,0.0,8345662266304
0.4034424202994228,0.0,4433575234752
0.2593350044154119,0.0,1934434936000
0.24824145151727925,0.0,6116438863872
0.20861542245003212,0.0,1961574655832
0.2940937035722609,0.0,3512501165601
0.1268143662838566,0.0,6654219449129
0.13808198126044535,0.0,6374846476088
0.3945479678909424,0.0,4570163844875
0.25511756207115605,0.0,7412593733992
0.20153428296592196,0.0,7308160575416
0.2371947174834262,0.0,16276989028607
0.33877015359229007,0.0,5653069749144
0.14675586517032072,0.0,9637759731041
0.26941634379682855,0.0,13882835271304
0.21721002077894466,0.0,7409172712375
0.33863886625718176,0.0,8024024008000
0.13882254873769545,0.0,6940546046875
0.39534614706519317,0.0,466205497064
0.34337276670326317,0.0,231136413353
0.27561453126870683,0.0,9444776400072
0.35897511346802646,0.0,3258907151976
0.21434033291170201,0.0,9930056821784
0.29180315101667464,0.0,2605853430081
0.36437086526712054,0.0,702358299369
0.27725527892054697,0.0,2024764730451
0.3657248520486767,0.0,10166133281247
0.13715961410826757,0.0,3396646112768
0.1540206785062858,0.0,6730928491841
0.4260038247724398,0.0,10804120859043
0.13411202680110587,0.0,12722768788625
0.37928885102006177,0.0,1082573968832
0.15013356407024558,0.0,11225881922471
0.3101865555559135,0.0,3960060232661
0.28831171084330487,0.0,6034532285816
0.42218497711323527,0.0,3617512288551
0.2507721913268196,0.0,7095597469696
0.31024368405729813,0.0,927429867008
0.31165994982846434,0.0,1709919429912
0.2722105079454725,0.0,10052522749368
0.3162554488225269,0.0,647439118451
0.10262456687198766,0.0,4268872573048
0.27126945396803237,0.0,6422409473472
0.41929320539156323,0.0,5936623471043
0.4266693799492826,0.0,9499841318339
0.30928285775784425,0.0,10862873370523
0.23194474691231534,0.0,11732674047067
0.2488606014798962,0.0,386146429768
0.2199935855064284,0.0,3339351256123
0.09359165079150611,0.0,5450846772799
0.09139004019492228,0.0,2156188347559
0.3835589174810263,0.0,28821491496000
0.08914248472059193,0.0,9049625849719
0.08865068282345093,0.0,4219329507679
0.23402332234481635,0.0,288411730543
0.3593122960041717,0.0,226869388299
0.37184904142985997,0.0,1252377959139
0.08696100323464058,0.0,12564835028992
0.2538754856802155,0.0,2569101377536
0.3128145403757204,0.0,1295029000000
0.31342666786312984,0.0,24180189771213
0.29210582604891855,0.0,133432831000
0.34755617387199955,0.0,27081081027
0.2822312724103681,0.0,9899596546048
0.3269563351289488,0.0,674987715648
0.36722826200088476,0.0,213418354176
0.23034042219954748,0.0,28846879908309
0.4137864891484234,0.0,108463088609
0.32366226746799776,0.0,4440865965453
0.36051717201130346,0.0,2538274733721
0.3375463528857955,0.0,483921516051
0.11520907923502872,0.0,21293088810813
0.2899024904066107,0.0,5993854642125
0.38265480345068115,0.0,3644443308869
0.10564296828397288,0.0,10665433505728
0.3343439674743686,0.0,3165515149987
0.1397069901778021,0.0,12522725537048
0.32884254196223517,0.0,2445642254817
0.15712621794049955,0.0,19838685678911
0.3078597052980318,0.0,891388122624
0.15180117985230016,0.0,15373239414625
0.3057608242572468,0.0,1655595487000
0.1872715440059832,0.0,1868593459013
0.23468359272496028,0.0,14487525658152
0.3111050240515583,0.0,6271239740121
0.21351137792427988,0.0,6082388251064
0.1443418676460847,0.0,1639692505088
0.3942509454359884,0.0,15443829762327
0.12939392178629772,0.0,3773828465009
0.30640077924505615,0.0,1860867000000
0.13913832854077807,0.0,3582981723608
0.32623280564210805,0.0,1742295239937
0.26370434622336447,0.0,1134626507000
0.38303046464722623,0.0,367215514281
0.25157289044069514,0.0,5076032830856
0.37736134828660095,0.0,2695484766213
0.1376442850677049,0.0,2858451365888
0.31195439341660597,0.0,1303244200467
0.2507901605540102,0.0,4297356245512
0.3790812070161443,0.0,2191427717669
0.19603295775196009,0.0,3765109013693
0.2753239535835404,0.0,1462908446208
0.13738144996797141,0.0,11632276514312
0.37274711488551776,0.0,2070721736936
0.313399949589602,0.0,1218186432000
0.14266849148198016,0.0,7492716818432
0.27540216539454154,0.0,2492222937112
0.27920151800876447,0.0,9448798306221
0.38826713531130985,0.0,761298595091
0.16028135301820626,0.0,2953134959923
0.18976676020801034,0.0,5088448000000
0.37275242685707144,0.0,1579132161125
0.3635074491166068,0.0,8270594829567
0.3780047836741295,0.0,1469490556409
0.25143713881454927,0.0,7958073457125
0.2723617439054844,0.0,2760496949952
0.27266042414115754,0.0,2554497863000
0.2901369776547388,0.0,5376850209359
0.287713081318236,0.0,3590714269297
0.3347128595792516,0.0,2143196285957
0.25355245758053024,0.0,8522165868776
0.27722820099930845,0.0,14304665796875
0.2812541623478715,0.0,10748502554509
0.31352357211973947,0.0,997901469657
0.30069100679012445,0.0,8810742686264
0.26501650394351245,0.0,7643044696392
0.19665977283477545,0.0,36107151836608
0.23643940087640627,0.0,48347888707
0.25780967803299,0.0,26495574315328
0.2249506591902618,0.0,10129572921853
0.3050119144650055,0.0,1835565822784
0.23560861614728182,0.0,521077119823
0.27528447157247704,0.0,-156590819
0.21165048336740505,0.0,56137891789000
0.3566593883184188,0.0,11759026824000
0.3487642807270119,0.0,30740776313976
0.2821774303678705,0.0,19704878101
0.2670745536629586,0.0,6277363000623
0.3361268604201932,0.0,223206695496
0.33702699404045994,0.0,-4716275733
0.30024140593219284,0.0,488373046875
0.24388429701084005,0.0,1215109341711
0.361837399870982,0.0,5183106088616
0.329817687874868,0.0,8123025301208
0.2803865305265445,0.0,25976414416896
0.40893324703937,0.0,-4402880119
0.39191220852824776,0.0,495476997497
0.3310549035268874,0.0,2899126775979
0.1221126566914033,0.0,2640661088248
0.33178180110814975,0.0,10031577091263
0.33663723427784753,0.0,3249025693731
0.10195438968473897,0.0,5206502018368
0.24417869836829412,0.0,5167846708569
0.27743792711436716,0.0,12726039002923
0.1380418099115996,0.0,5297142445568
0.2389676379872041,0.0,12385716632353
0.3405126681626536,0.0,6982108275897
0.3077236036993819,0.0,4498662168512
0.3266914570715313,0.0,8436092439293
0.362577864859664,0.0,3829364461125
0.28793529692904374,0.0,6126477879592
0.2260527301985644,0.0,6226457456773
0.13938081401260283,0.0,21233222900371
0.1617837739569058,0.0,14618064605851
0.36817332218341514,0.0,41299745633496
0.2780495207667881,0.0,10199959289703
0.30722764861144164,0.0,20744737380333
0.16384312774678045,0.0,30374248413601
0.32769039161221974,0.0,22569215976
0.08820915774139657,0.0,21783091082752
0.26709827498060035,0.0,6205159461376
0.2653794952219788,0.0,4460346980181
0.35178789735808563,0.0,17357884532288
0.3991157956920191,0.0,704969
0.3403915599387468,0.0,9416655008613
0.37288737141131717,0.0,683099533943
0.40241729103107776,0.0,4491308299499
0.3784850316777183,0.0,11966561852617
0.33585232062143067,0.0,8602523649000
0.13150862929271923,0.0,8554750585408
0.3881017839302173,0.0,37855211071033
0.31672134088705395,0.0,18584355446272
0.2079656715324303,0.0,1063394339743
0.23855354063153617,0.0,22463961181696
0.20184471802895027,0.0,2431510865623
0.21723221561514977,0.0,15580043186176
0.17974796810271781,0.0,9559173016567
0.36889560696017987,0.0,17535471192000
0.3089315969088941,0.0,-77472219447
0.3316272537905862,0.0,6741628921971
0.2555526375881607,0.0,3467634835456
0.38288663642542214,0.0,1209992380416
0.354209763840678,0.0,115216933896
0.37847011213623305,0.0,1489355288
0.29873117071592387,0.0,30353809449384
0.37227728479307154,0.0,10136596941288
0.2954912270836332,0.0,1690262102528
0.4165300378926517,0.0,6693566159736
0.30203229661960573,0.0,5547112952408
0.37735039420181604,0.0,2225514479616
0.4026489636461787,0.0,812688642368
0.373716307083558,0.0,-10133786944
0.16085083737621503,0.0,35682775841448
0.338571848751612,0.0,403255835072
0.3147116860131075,0.0,1056221909504
0.39571599343520003,0.0,8708757679224
0.3547704389949088,0.0,3231289442304
0.39568917589443053,0.0,3462825991689
0.09101324975729666,0.0,6749125966792
0.3283101937605677,0.0,3311946789416
0.35203993496293795,0.0,15034474613241
0.23504543329741406,0.0,816351753736
0.23764988555491723,0.0,1609428407959
0.366742000190708,0.0,-487443403
0.24070455354167522,0.0,2764040591304
0.36117884099085773,0.0,7991602939657
0.21240230205206148,0.0,512192024001
0.31484464702771725,0.0,1494447319737
0.15514584034606949,0.0,22199887257625
0.3222510946814204,0.0,8325928688832
0.33397965120049,0.0,2288487315752
0.28871160602804685,0.0,5433211512000
0.17180533232368608,0.0,13420188967744
0.17351616822589153,0.0,34776859950721
0.3075487350808839,0.0,27415210391577
0.08210214451022135,0.0,9400610732625
0.30309713494582496,0.0,1545205351481
0.39750844176736716,0.0,7074570758373
0.3163469236399189,0.0,4076064430424
0.3494045023501816,0.0,6521385017987
0.293246113844362,0.0,51982817627161
0.3554703645066295,0.0,3166808869125
0.2618364207542151,0.0,14216456390625
0.07398923981401241,0.0,4650772845888
0.17360374809214857,0.0,32626891038664
0.35940650210296543,0.0,833237621
0.2978057311208216,0.0,26508907881513
0.4184272044455464,0.0,2484510493184
0.24693271696944868,0.0,5100883396344
0.3653707397966697,0.0,541343375000
0.32114059694254543,0.0,22497415767000
0.3253947776206305,0.0,11242434828808
0.3685791529648183,0.0,1696655454983
0.35450607462772515,0.0,6677596150191
0.22850507199736037,0.0,4244446055871
0.202791724415929,0.0,8539701184000
0.32215593168105755,0.0,1083839643648
0.1488451605326886,0.0,17910694298944
0.3895808653741073,0.0,32066506233000
0.32893887788192183,0.0,12763686753000
0.3103289861179951,0.0,26583658526125
0.319086030067505,0.0,1973822685184
0.13525861006366058,0.0,24474882611304
0.08652117421626312,0.0,19454256867375
0.2773668376981959,0.0,8022821666859
0.28207739544000027,0.0,-37933056
0.296115240638296,0.0,12582678962979
0.25118639373320595,0.0,2161700757000
0.2287238552590883,0.0,15940221332463
0.33252646140621206,0.0,3932341410304
0.13707479646546783,0.0,17161533266184
0.26911500029132035,0.0,12268850886144
0.31545370446161797,0.0,22920825147416
0.37540728411225316,0.0,13011038208
0.24902366237309279,0.0,246845868417
0.2840535388821887,0.0,2346804456569
0.41930162957201433,0.0,5330944172709
0.2930609274538821,0.0,12564835028992
0.273691987628689,0.0,13811907527657
0.40686232856109605,0.0,309601747125
0.12586610729482303,0.0,6544449752625
0.36407444418335305,0.0,1230546741696
0.3699152678436736,0.0,8743089141801
0.23213080255427399,0.0,3436115229000
0.33865276722702425,0.0,52187836553
0.3942417618317793,0.0,19728962730261
0.14134119632215672,0.0,20890032501421
0.05870533241905776,0.0,22411456725384
0.25394826285345135,0.0,6137533477629
0.27898125579160754,0.0,27614808383176
0.3282497477771839,0.0,757552872896
0.2484175971825989,0.0,5154407446824
0.2829114195338326,0.0,5216421452607
0.2514840190509103,0.0,6031549651427
0.44245186428760347,0.0,1979019853875
0.34437674201157437,0.0,5108888268567
0.14330264553680808,0.0,22492634508352
0.2849724639925594,0.0,11567709840896
0.4028390412051229,0.0,539750799288
0.22941171745895902,0.0,9836108296776
0.1430393611842811,0.0,11111960105875
0.3176568247165532,0.0,76603177223
0.4150668495041667,0.0,15393651293376
0.3094506769489742,0.0,460457331048
0.33364137323421755,0.0,30336297636672
0.29196168675537093,0.0,81972739584
0.17002881613009,0.0,70148623544488
0.24291613868927173,0.0,37933056
0.26931176972445947,0.0,29540882258497
0.339414220550721,0.0,7785938168000
0.37627362670180425,0.0,1308620613672
0.07428168938450139,0.0,11363309364168
0.13479553003437353,0.0,18274576104000
0.4074804203060423,0.0,20371021481231
0.2480210412661185,0.0,1560492354799
0.4084002359279562,0.0,7021635764949
0.35084995511324785,0.0,52810348955832
0.2701336345988245,0.0,15883285246353
0.3297467942070601,0.0,44928178875
0.33221062163651444,0.0,29581036207983
0.27341050853092563,0.0,8904495980583
0.3247786910729018,0.0,9598412755008
0.34205143679812794,0.0,20099243152269
0.2813416861270541,0.0,12369663949383
0.34252585673326447,0.0,3931594053687
0.27307975373836585,0.0,14713329176064
0.3583629283225324,0.0,17822531769561
0.3738942376323854,0.0,7261937452125
0.29613979027105614,0.0,2558424119733
0.30464554986017006,0.0,4670862549696
0.27574211641596197,0.0,7646537329101
0.26434160185152183,0.0,6425519599071
0.2570409230385521,0.0,7961661407232
0.2613349486557175,0.0,5200196203125
0.2639543921762057,0.0,13964440923441
0.28279421316827313,0.0,8048096064000
0.3206748669568486,0.0,5383298007576
0.3209590740786168,0.0,8697333862125
0.2993528912466895,0.0,13060888875000
0.34090652913195735,0.0,4467667023000
0.27661805338190876,0.0,13510181079513
0.3460124054327545,0.0,3438165009357
0.3705568012468318,0.0,16452958446504
0.25073215113348685,0.0,2447276314176
0.37668785783523717,0.0,6516150601752
0.2474167874059889,0.0,8281641927168
0.25478164579190254,0.0,3362191238141
0.29820066732571227,0.0,1937697051563
0.31862215836481544,0.0,9859539625307
0.2606779596915239,0.0,6322388744771
0.24816022944849173,0.0,5250785517341
0.24347270119052247,0.0,6600237975512
0.3418176105496594,0.0,8458490234375
0.2832166852225349,0.0,6367629280375
0.343395838950885,0.0,2526013455659
0.278438280162959,0.0,16177000717171
0.3398389656312201,0.0,6514057619776
0.34606358523267905,0.0,5176819181899
0.2549860628503738,0.0,3856597794568
0.24774358327390053,0.0,11296721731672
0.2594479838433252,0.0,4244446055871
0.3437895305097958,0.0,3630252488409
0.3504765917882167,0.0,2739298687488
0.2539438427815186,0.0,7001853425091
0.36761657586574586,0.0,2124301926375
0.3750136784352544,0.0,1512163187352
0.30552797642523855,0.0,958876944381
0.2816690370028898,0.0,3728201174216
0.37430748178505613,0.0,3059360326413
0.27280109813426734,0.0,2146689000000
0.2841554347558457,0.0,7594259452416
0.3532836759621769,0.0,18613838818008
0.4002367800343317,0.0,10404492199191
0.4075175980093219,0.0,8557260536664
0.3191754961308097,0.0,6683981102253
0.31764293839011415,0.0,16763457202857
0.3633619162169741,0.0,8388938121759
0.2829553161717532,0.0,11299742784000
0.37077279671657404,0.0,9978645018889
0.3728208710449123,0.0,4015130136984
0.36780686150262537,0.0,6796377552888
0.37785046917973947,0.0,8183789751808
0.24758823452934967,0.0,2091749925069
0.3400241414426411,0.0,10056715376625
0.26223720370111003,0.0,1895115234375
0.2479013477281457,0.0,7466327303625
0.3527591137916287,0.0,3260885844789
0.2965038336924481,0.0,4588363957113
0.41306657470227764,0.0,61854824134592
0.24842334483854228,0.0,-4861163384
0.3812750381085287,0.0,2407720401827
0.392828150135206,0.0,32072562611648
0.26752084419855177,0.0,224977583368
0.3649563830691399,0.0,1049701400747
0.35909185762645657,0.0,9086153054363
0.36887837667684925,0.0,23227188584768
0.33465903212220083,0.0,29047689224
0.32161375720442026,0.0,2615522986952
0.13192482828465876,0.0,2982874679875
0.48815141848118343,0.0,24207794634752
0.11938891142701558,0.0,994609714168
0.4939211516665314,0.0,31927419871424
0.227582365935012,0.0,371074950856
0.43665911871841895,0.0,9463555063808
0.1278932504330473,0.0,5599924283512
0.4125393386029478,0.0,13734338547392
0.24435147222938206,0.0,3349414925128
0.37764016032865527,0.0,2459828290499
0.1501721513192606,0.0,16408363501531
0.41777976553923357,0.0,5746881494528
0.13018866053437944,0.0,9258354251992
0.38613986717749255,0.0,8880030734912
0.2511879210213478,0.0,6030555658408
0.3273165779309183,0.0,238328000
0.34835786062621726,0.0,263374721000
0.1717202978330702,0.0,34328125000000
0.3787050992125887,0.0,1267777311767
0.1398717877300494,0.0,22157260454503
0.4035343806450453,0.0,14637802579128
0.28692157973711213,0.0,1006012008000
0.3347484273273841,0.0,376992935424
0.23484682542499538,0.0,8900630063424
0.3458330656144536,0.0,4536373999464
0.3230481104629308,0.0,5762295562752
0.3406280827802877,0.0,-69426531000
0.36842104875346265,0.0,57476704370688
0.3625703879523083,0.0,4741632000
0.27340484534461246,0.0,35294007433608
0.3941854029943178,0.0,226200486357
0.22088796557069867,0.0,22879697827869
0.29007631439694676,0.0,14492874898341
0.277810817676755,0.0,12440399629211
0.2558610471824314,0.0,2172250521351
0.2932612060907219,0.0,1136912523453
0.2891631701047613,0.0,2447276314176
0.3125680059179365,0.0,7316071877997
0.24195048851714993,0.0,56574457457869
0.2547812721544281,0.0,3617512288551
0.24929960165453657,0.0,4680929060352
0.3328377846897239,0.0,6173808413625
0.3391900111585559,0.0,1556459729469
0.28577087462640755,0.0,6273280384307
0.40861073051413965,0.0,4919071499343
0.2759688324299964,0.0,189119224000
0.27943587946319465,0.0,712361218491
0.33209611378615167,0.0,11633816737179
0.22397419114143113,0.0,3224082107917
0.25554725330603395,0.0,11972841040133
0.17916374545775432,0.0,11289171456737
0.2405811150750361,0.0,2220915254823
0.2751831683314734,0.0,1380608885375
0.3013450720696449,0.0,5623608587687
0.24822448859627771,0.0,3999236143617
0.2945419693237353,0.0,8969092837433
0.3392324696622943,0.0,1360988443368
0.42577666362853994,0.0,797887671875
0.2955715627167042,0.0,23664622311
0.3204114722708179,0.0,823974609375
0.28272454753628007,0.0,7211429568000
0.2631311446103702,0.0,5934656507625
0.2215499126946632,0.0,5039790323625
0.274441783893155,0.0,1562107353227
0.4938348240843276,0.0,11049335260417
0.2249686242358369,0.0,1607369262344
0.2893188219077382,0.0,2700135828125
0.18697471758657405,0.0,46741588282648
0.22182453030141575,0.0,157289104792
0.1995461541277687,0.0,4454659144664
0.19998640239368098,0.0,3293982073439
0.22616958530336384,0.0,13592029739625
0.29989554776308164,0.0,259694072000
0.2919583411958584,0.0,18420660721000
0.1933317328258584,0.0,39686715531000
0.29340532800695796,0.0,936302451687
0.32164898293663274,0.0,3834506847808
0.28474746624551195,0.0,13447314152000
0.30754103910371666,0.0,1863137272625
0.39424943906896703,0.0,816613824923
0.4684391587594237,0.0,4316415577768
0.2840439642702671,0.0,15438249000
0.45767743599473437,0.0,10856988558207
0.20632443193674033,0.0,8248530115125
0.30887333946741635,0.0,7304771763827
0.25001624794578464,0.0,475465185125
0.37477813594872517,0.0,92468044648
0.42862369468738504,0.0,1947973286169
0.41991891318983704,0.0,1470654150848
0.29223508067051307,0.0,1070285238989
0.2842261290425776,0.0,2925434111608
0.27348218853458917,0.0,243087455521
0.39868418162255964,0.0,955380587049
0.40646478511758366,0.0,1532409788889
0.24392975341656808,0.0,2758726265625
0.2844669835605499,0.0,8835080561217
0.2763322468387421,0.0,49552182217
0.31185926444961576,0.0,1996568178688
0.2752046285573589,0.0,1628870403096
0.23814117531098072,0.0,1071541319337
0.29924657439212643,0.0,3171339661888
0.2943312828702759,0.0,3627418752125
0.2745797780366364,0.0,1079414093512
0.39188711066382553,0.0,1305034698752
0.34054098470927335,0.0,2072184225749
0.4788565332009954,0.0,8051711019507
0.4056619304668584,0.0,574892655875
0.2738259733110077,0.0,12624922674125
0.3664796891791673,0.0,9459528970949
0.21699173773097352,0.0,56800235584000
0.3957209539795836,0.0,332668503089
0.26332186480964714,0.0,2387299402125
0.3048889138091361,0.0,4962584884193
0.24851709795502774,0.0,6996364932376
0.31384585525686454,0.0,2762859040768
0.31255900015115023,0.0,4092161199875
0.24923082336402685,0.0,5932689978727
0.2898454464356329,0.0,2810981740897
0.13828280965096074,0.0,46384368857000
0.29008782909454445,0.0,3948057785125
0.3080788392801023,0.0,2574169377625
0.4360525915324317,0.0,6168761704000
0.231713880636091,0.0,495101399031
0.2792936203716207,0.0,13829184648027
0.3893905476548253,0.0,566225042417
0.46089127974677874,0.0,8873599968927
0.31424930451956423,0.0,1236758126904
0.2593390531228564,0.0,10175991463000
0.3761465563884962,0.0,497734578125
0.2663534764094937,0.0,1342284742791
0.25807780028657235,0.0,7782403211513
0.2925239023542628,0.0,2508803313472
0.3008504385620623,0.0,12611914554933
0.4489017696941005,0.0,2749884201000
0.2793353632788008,0.0,253155613976
0.3469915209802612,0.0,4573469369799
0.36520274592654495,0.0,2851809891741
0.24997186121807183,0.0,853320159125
0.25120908994252683,0.0,-8266914648
0.2334599673929091,0.0,8406290266037
0.29051869243277284,0.0,678919673069
0.27352028280261287,0.0,706157817625
0.36128147380002984,0.0,72720580024
0.45012614693857983,0.0,4283098624000
0.3545565815912322,0.0,286451826688
0.2554662483338823,0.0,12915020247128
0.2781273692496269,0.0,2218873190507
0.25080642450947704,0.0,10836408452689
0.41128041177900326,0.0,1218186432000
0.4013767198381641,0.0,1761040374976
0.37098187913101727,0.0,334255384000
0.26681947846830806,0.0,2359542455297
0.15882974530883237,0.0,30611424157768
0.3843412728387533,0.0,-8365427000
0.3841544616877506,0.0,-88002363392
0.4054869170656873,0.0,6912203974649
0.2834465299388934,0.0,1688559925312
0.24836215477702608,0.0,17333761472000
0.4306358958807878,0.0,1079729803979
0.41517208652543586,0.0,2273412146949
0.3226379422832667,0.0,4448976146623
0.33536546971894904,0.0,22318581823875
0.502449378209174,0.0,17361907216984
0.28232659156531636,0.0,9748229209928
0.29294280996011596,0.0,3756403003625
0.29459065177602256,0.0,838828609991
0.3180723001368522,0.0,771852260717
0.30436777163630796,0.0,1102302937000
0.18993270808408022,0.0,44286716872000
0.33557195547791074,0.0,11089567000
0.33662352807002804,0.0,5300789777856
0.31399628393928986,0.0,1203871014072
0.308119544273713,0.0,6801760964123
0.24588450796307937,0.0,6154645549976
0.2682019987644996,0.0,6048464248000
0.2596603126927781,0.0,14598344384000
0.23527108349938838,0.0,3954055972797
0.38459786495351345,0.0,3770920487125
0.32287445418518423,0.0,7150016434625
0.4449146868642394,0.0,4213848503808
0.4060315357981914,0.0,2518231420125
0.3329090057585697,0.0,148035889000
0.17706464708145567,0.0,43502789413000
0.3083179736168203,0.0,1464842316293
0.22708167918785313,0.0,25555070371375
0.4520817897272147,0.0,14816244470481
0.5056723984425552,0.0,22694031267328
0.3114826130882795,0.0,-9555119848
0.33121875233266007,0.0,8876171902625
0.3147488107421681,0.0,8473444100603
0.4009942108276671,0.0,1172572628625
0.3243105264821775,0.0,17255515898321
0.32884638456058757,0.0,15339877093423
0.26298393475625437,0.0,11810294803917
0.3897137490955806,0.0,8371609872625
0.37022279415880177,0.0,2794284064125
0.3132690915496366,0.0,4781539277423
0.30917412295053226,0.0,555412248000
0.37800561549758166,0.0,1588099077963
0.40357844252312725,0.0,928286043875
0.41231492776046036,0.0,1471818359375
0.25456571346536017,0.0,5175921467592
0.36150300662500745,0.0,4536373999464
0.329804392606079,0.0,967361669000
0.3815348151165671,0.0,3581577000000
0.36038008236715274,0.0,1708204078664
0.30641483202090686,0.0,3671507659483
0.2648836093075325,0.0,23738883624000
0.2777833196824782,0.0,9509263982856
0.29933001218555205,0.0,4344311327013
0.2421703595441042,0.0,25776946664000
0.2929943431197843,0.0,11500325293248
0.3205595160097474,0.0,20706256936000
0.0,0.0,78953589000000
0.3581440110096184,0.0,131949968571
0.2804991003318083,0.0,10703271358872
0.3988576281882707,0.0,225310664125
0.37271296319434255,0.0,493975742625
0.3423814896740833,0.0,1450187574759
0.3484960143244799,0.0,143301984337
0.43029658619519484,0.0,11715643248128
0.30474980101748944,0.0,52062250904000
0.38173211974707316,0.0,3873591527625
0.32104419416121266,0.0,6115435565903
0.2973867656872313,0.0,5299877787875
0.30799018576302906,0.0,2348924264757
0.31565767845512005,0.0,2061475284583
0.2786637787872353,0.0,3128792106376
0.2893339322565354,0.0,3830833245023
0.3286064981159696,0.0,3422470843000
0.33504596865560365,0.0,3670793728776
0.3647078204872117,0.0,3908472939008
0.41489438855686306,0.0,5804826314048
0.3334677192307883,0.0,6009707023741
0.3131689988698801,0.0,10341708690403
0.3266355547706487,0.0,3765109013693
0.28782927642258316,0.0,2665382989625
0.29952293562424015,0.0,1628455122125
0.34802502793021717,0.0,570341529757
0.38470088230886323,0.0,1069657567083
0.31782482724488853,0.0,11569244359113
0.10769230611200002,0.0,67270168763000
0.3179187639949014,0.0,487815118848
0.3223019907486395,0.0,1200140361883
0.3079948610807061,0.0,3530555502083
0.23167700577015535,0.0,1908931330125
0.3974673081650136,0.0,426107828125
0.4447868699008798,0.0,1183279970033
0.36324737095518117,0.0,2073159600751
0.30944488290799027,0.0,1570199061367
0.18571916574127922,0.0,6520337910568
0.30737624660291313,0.0,3005934829568
0.28969891849160156,0.0,10007873875000
0.2507953907723037,0.0,1887315786712
0.39159743583677625,0.0,3482777324312
0.4131478505069574,0.0,3902520950784
0.3815137199637356,0.0,2372326463753
0.26154490683995396,0.0,4443297984000
0.24613882073104237,0.0,24275641083875
0.27978837359498016,0.0,4261771375597
0.36470708415817477,0.0,12167000000
0.35221981368538763,0.0,7545682247544
0.30254864667146625,0.0,1286138671875
0.43991714803229365,0.0,543138763679
0.20211932069667599,0.0,8018013503375
0.26277531394782766,0.0,8433606238875
0.3165952629587471,0.0,3346058125493
0.33521005443546403,0.0,2416353439059
0.29295981866321014,0.0,2184349359375
0.3961639647133185,0.0,1721528096625
0.27151568069838555,0.0,6882853598648
0.27031715882193574,0.0,8739270087192
0.3761469887965101,0.0,1318335382125
0.24465289813567748,0.0,11883569768000
0.258096323214568,0.0,3524993748459
0.48810771842361617,0.0,3879514072097
0.35065663638112277,0.0,278573019291
0.36697167658468527,0.0,816089738625
0.42118363009129883,0.0,6033537965125
0.2982770547559329,0.0,8129088165043
0.28411644292201543,0.0,19367584976375
0.26884651815026495,0.0,13813634591784
0.2886036512176683,0.0,4935576493576
0.27496510230027116,0.0,2625216434875
0.2864594678030925,0.0,2415813270632
0.3858316308767987,0.0,956836367864
0.2881657363375495,0.0,-6751269
0.013730228601734432,0.0,51478848000000
0.21575182189314948,0.0,19216529286625
0.3621720015251642,0.0,703544180984
0.1293662563487388,0.0,41367887151625
0.37483084170100006,0.0,182960223733
0.20509849231214655,0.0,42629246044237
0.3214098137517616,0.0,12824406200143
0.32407676984127953,0.0,5076918958203
0.40541620592319294,0.0,764805723625
0.3090022556502136,0.0,13927939416000
0.2696659323353443,0.0,22430539778408
0.18450244619224357,0.0,15170112168875
0.2669236179990285,0.0,16001102955599
0.45735840870483085,0.0,6211239638968
0.3197267520566445,0.0,18170704189000
0.25751262773223754,0.0,11919537911107
0.319789243785152,0.0,3924872104824
0.30262872959509013,0.0,16614559863413
0.0,0.0,70184348561249
0.455767244800488,0.0,1689410871000
0.12711738907913162,0.0,12849076947448
0.29151291340804186,0.0,42406318222848
0.24623741128777865,0.0,5864134841937
0.3445919369531544,0.0,8605042935488
0.3134571836143905,0.0,5349275101169
0.3496552763932401,0.0,1103583939704
0.37564367118037745,0.0,666940371553
0.3662143145134772,0.0,360488070613
0.29147814613658257,0.0,3515274740125
0.25202673140511145,0.0,14809006736693
0.4373879785218355,0.0,5032738790353
0.39426232869315864,0.0,5372247792744
0.262435322661461,0.0,9364577766552
0.29142033640622256,0.0,1449803249432
0.25368835679509893,0.0,29871796933952
0.2786761917007888,0.0,2870553176128
0.3169910550824231,0.0,5261668597457
0.23370865767908558,0.0,5627404262403
0.2820145348929842,0.0,4000748046875
0.21999502175262864,0.0,34985033751816
0.22272140257708445,0.0,2024764730451
0.25118813087621256,0.0,48663104620229
0.2957208562549701,0.0,2486161818323
0.4247458176254606,0.0,27357970459968
0.20885965380599,0.0,1041973948072
0.2381610231453846,0.0,6607629847125
0.24654391271454956,0.0,28708834328000
0.20825952573702625,0.0,26583658526125
0.30265308538970026,0.0,36899430033088
0.12283131731533208,0.0,20063780426717
0.2345029288976791,0.0,21063449694113
0.38073659249730635,0.0,2021885236125
0.26833373767697216,0.0,8563537562579
0.42848966091219254,0.0,4076829984375
0.3017557062098898,0.0,5201997344783
0.2986809203875982,0.0,1976656375000
0.4548153887411667,0.0,8757101860928
0.3984430288733971,0.0,6816849637681
0.3990038316324833,0.0,5722852083103
0.32882989472124524,0.0,2219894066125
0.3022959448127565,0.0,2972319138152
0.2457487277752059,0.0,1974294778625
0.34902722784642837,0.0,2143196285957
0.38809557455792154,0.0,2345745030903
0.3168700553664105,0.0,5493700611125
0.29114124450382084,0.0,5713259105133
0.394614975360973,0.0,100674415808
0.27597535206537716,0.0,16198117843608
0.26556822251691214,0.0,7451438936768
0.35851205897772287,0.0,1481544000000
0.37509268600500484,0.0,6809302514664
0.2855127155691715,0.0,963844704152
0.28131815428136053,0.0,2540508311125
0.3056703148724813,0.0,11428635953125
0.270666322521149,0.0,4679250305176
0.2469161333361471,0.0,442102433032
0.24026968299700352,0.0,22188041000000
0.2790533401611241,0.0,1230891271813
0.31580512354809176,0.0,152016807753
0.30340194638099105,0.0,4069178757125
0.24610572294228172,0.0,8075838390047
0.310532976545454,0.0,23197894208000
0.218286491823693,0.0,13593738425896
0.3210279410618286,0.0,1089547389000
0.32364912560859016,0.0,49430863000
0.16459087209100878,0.0,14020184810897
0.32067893110895385,0.0,12628176100903
0.2382741834534073,0.0,3624586490881
0.16174111343053135,0.0,5005476227016
0.22953332769598087,0.0,5405443875000
0.33827617788454095,0.0,297141543217
0.2728891967831369,0.0,7948510860493
0.3432835788830475,0.0,55010740768768
0.07011070046835965,0.0,53106496881472
0.3154655737707087,0.0,965016076968
0.31344853284474866,0.0,5188498915328
0.30305019614523065,0.0,929142747512
0.286078631677795,0.0,10311833083096
0.3966353945476389,0.0,178453547000
0.3928711008200234,0.0,9892682454563
0.27509260182535644,0.0,9224005370048
0.2822158815979393,0.0,6978821031
0.26667188616405324,0.0,6835201577352
0.32667256120283933,0.0,1132995515625
0.3454468803868553,0.0,725361071625
0.1940010602239905,0.0,31330352828125
0.2957069142380045,0.0,1023278326533
0.2268837325536224,0.0,3698705669625
0.43731934065666117,0.0,3188856056959
0.3029740416637482,0.0,1816741186408
0.3360101407716868,0.0,3832302404449
0.3042504076731018,0.0,7480088001693
0.36383146194179733,0.0,6722376304617
0.3067414867523339,0.0,991623498048
0.30436466450991,0.0,6380004953323
0.30993135841651626,0.0,6259005167589
0.27218972150367177,0.0,9851265500453
0.36037642205642423,0.0,1859505722073
0.4193189580112213,0.0,2596774468625
0.3593444836497808,0.0,541542666951
0.24332109865806986,0.0,23418203381000
0.305845662255187,0.0,135955323288
0.2786811345818762,0.0,849816322048
0.20955063209086408,0.0,17767322038584
0.2885131157753841,0.0,21300003648000
0.41224870926252455,0.0,24442021376261
0.31442509135154795,0.0,9332625865464
0.30707145130783703,0.0,-2924207000
0.24824622898197898,0.0,6995267578125
0.24086510506661818,0.0,52506890392536
0.28182562625553403,0.0,5501176304077
0.2667374392415713,0.0,28155502711448
0.2974714542696891,0.0,9942535830527
0.2874325984906089,0.0,9395266693301
0.23857371974808525,0.0,11975981457439
0.30435965091021044,0.0,11822745805541
0.2953634732729075,0.0,29047689224000
0.26753471000134804,0.0,22744567602037
0.24225763764460848,0.0,7384117376817
0.21103699911021792,0.0,16960726487557
0.319286704978091,0.0,17317691854848
0.2835541030299544,0.0,12919975069625
0.2955699414671865,0.0,6713831364625
0.2529284897538317,0.0,3597753503267
0.22765152878569392,0.0,4742478770401
0.2734955978152459,0.0,3523604223313
0.204701501432658,0.0,12200357438261
0.2914767685425505,0.0,1715502251611
0.3088059370915937,0.0,14528570153201
0.2846151845571988,0.0,10812920196897
0.20678256874903028,0.0,9251742086657
0.0,0.0,82653950016000
0.2605104534583767,0.0,13605703239617
0.2622902624003297,0.0,6107413131639
0.25334957686859316,0.0,9384584691357
0.24057199405417595,0.0,6250857632461
0.293778745851273,0.0,910416701888
0.2854194916755047,0.0,1415113154083
0.30369761239922805,0.0,10136596941288
0.3032121133677443,0.0,2373927704000
0.16997550295439373,0.0,35812996901128
0.27259638293399874,0.0,9977254589952
0.2889072817942978,0.0,24596471539368
0.30216751741395065,0.0,7978419434168
0.20467782659848657,0.0,30318792560568
0.23033023278479384,0.0,658048964392
0.5220393650662298,0.0,28489997980088
0.3740291466101409,0.0,20386689201432
0.4824337291032993,0.0,35197258563648
0.2802252912190121,0.0,14628828571993
0.27780912658132106,0.0,35416810304000
0.2558368234520099,0.0,14195340231597
0.23315753059900593,0.0,28186055192737
0.4088070354514182,0.0,20150293992128
0.2706715624937687,0.0,17239494684537
0.40094127617032727,0.0,32193850379328
0.30431831984564,0.0,3228667352000
0.3448689651008454,0.0,5715176842439
0.3001279189660928,0.0,1099104768000
0.18966284474258777,0.0,7270941248117
0.2958935073007836,0.0,-283593393
0.3062413976165949,0.0,-20956092093
0.26685887479669734,0.0,13586904539928
0.3929801696282869,0.0,353393243000
0.34751316668157445,0.0,2326203125
0.0,0.0,77210820361368
0.014492753455156483,0.0,65256129576000
0.0,0.0,73770933384000
0.30428930467188575,0.0,6011690534487
0.3301568456160791,0.0,7974826450739
0.18726943249459838,0.0,1890983443896
0.30631233906909366,0.0,4784094125000
0.30003684114611306,0.0,7824893363477
0.30665302350012547,0.0,5086673166392
0.2724776566837171,0.0,6604461226728
0.32430731655468986,0.0,10954360075329
0.2677362327388601,0.0,10310411872125
0.30903833331230807,0.0,21339216004553
0.3825678286434056,0.0,16451017857737
0.32757834534234814,0.0,25259499098821
0.4179971901324983,0.0,4757737881259
0.3113853578094782,0.0,7174539672903
0.2804642055217077,0.0,20030572028312
0.46315917575954785,0.0,6300872423000
0.3235392440831487,0.0,11140367955704
0.29103015930780646,0.0,6363507615291
0.3316719898647754,0.0,17223483390625
0.30997365678142863,0.0,16595033998843
0.34744447532929257,0.0,15144388701021
0.2962306222635895,0.0,17814345343613
0.29958312686157473,0.0,13629653925103
0.2740558921335396,0.0,16655614020872
0.2877027231064798,0.0,2436939554993
0.3105011665382595,0.0,40739543079929
0.2775383030359445,0.0,205692449327
0.29480997466162573,0.0,55002062627
0.2946162405441554,0.0,4345110109432
0.3093215283938876,0.0,2874190368232
0.260862441521598,0.0,12626549317656
0.28969426947832116,0.0,1000
0.2565338369655868,0.0,5531146894125
0.2723924131507176,0.0,1796715233893
0.2802847872114121,0.0,4115230015625
0.2731275114813126,0.0,17763236970688
0.28199885084438425,0.0,6370721696872
0.26426169268189353,0.0,21111536258072
0.26402662257258586,0.0,30141206384561
0.1728443707102027,0.0,38272753000000
0.2970354865982439,0.0,22010852515625
0.3633901667289922,0.0,31172600066048
0.33894273286983784,0.0,20268261834625
0.30881739372313366,0.0,24838302168233
0.35984375616953584,0.0,34015373377201
0.28564041661294,0.0,29463545146456
0.3135770723575865,0.0,19567316380123
0.21072515472800826,0.0,47990444104000
0.3500936061471103,0.0,41742200624769
0.2933883830345051,0.0,23388748583192
0.18810067469287084,0.0,50653000000000
0.3494279232328854,0.0,2592242906553
0.43333734653310585,0.0,8358011572184
0.2417108102523017,0.0,2102071041000
0.3116926860560448,0.0,9497150272233
0.30713260688012817,0.0,328080696273
0.29390865690924406,0.0,1775956931000
0.3062340321129769,0.0,20212559424
0.3157236550762825,0.0,-751089429000
0.2658778578521667,0.0,274625000
0.2784229371002808,0.0,18149977152000
0.39668285763004896,0.0,33138024128
0.2815175404007879,0.0,847933619625
0.1690116449615439,0.0,23472268051968
0.2811971792348388,0.0,1718513413352
0.31970142344467795,0.0,27213862183039
0.289464633333427,0.0,2796069929472
0.32189414765587954,0.0,2046448129536
0.2560846609090973,0.0,9335285743616
0.3439993722873437,0.0,4060009928177
0.42537668305358933,0.0,3127508762624
0.28009330611836847,0.0,5590469212992
0.25768071394770437,0.0,16402552717312
0.30996178769379046,0.0,7603535826944
0.25513141164448944,0.0,573856191000
0.3624771998160374,0.0,7762392000000
0.30535218810516024,0.0,170953875000
0.36136320472734623,0.0,2112919994368
0.4819280847266475,0.0,11331496358181
0.2595490287432409,0.0,2097643558401
0.49749261581223675,0.0,5960260942091
0.31725747703526863,0.0,82995965928
0.4367749590273226,0.0,5368567751000
0.3146008368362429,0.0,2417974427448
0.44912018586238256,0.0,25396628694984
0.31135914200517334,0.0,3638052872
0.3125046265147499,0.0,219474464768
0.3072952389567199,0.0,5183106088616
0.3093396263629241,0.0,345505073913
0.30125159922349115,0.0,473457722184
0.2470913412248717,0.0,17490961517912
0.29743284334268283,0.0,25256916504000
0.3120303585688193,0.0,-90518849000
0.25810816342438125,0.0,34645976000000
0.4410997536740307,0.0,2145191658273
0.3071982137805736,0.0,5866086192875
0.2742377927756829,0.0,11852352000
0.33664072617097307,0.0,10385916155432
0.32771318829420815,0.0,7301384000000
0.3756365117880602,0.0,21726981259264
0.23100698202388023,0.0,8741816
0.22748585473947228,0.0,3566149264952
0.37879392009290014,0.0,4408523802773
0.22589277421390042,0.0,1606957644097
0.2957813168447945,0.0,16790982323543
0.30093481031959324,0.0,540347648625
0.31455686064591676,0.0,-323111295928
0.32817533161166157,0.0,42772182298048
0.30881613159707977,0.0,508169592
0.3176518411055448,0.0,20373259235328
0.33477451250578694,0.0,7665182674813
0.26515293041882937,0.0,591223474457
0.2942951939926663,0.0,11209345272
0.046153845585798825,0.0,61732908864648
0.3322579828108194,0.0,553387661000
0.27443936527174617,0.0,7880599000000
0.31596761375970883,0.0,898632125000
0.2818763124115454,0.0,6290643736000
0.45512158194000013,0.0,4856860200375
0.2775829922818015,0.0,8687187748693
0.29165289472934924,0.0,112259188224
0.256265661475343,0.0,44693521334272
0.33506898932070633,0.0,166375000
0.2533072487844274,0.0,20933297216000
0.28133511361871355,0.0,22841034731117
0.2873661877677981,0.0,105154048000
0.2825006200966367,0.0,14592969221453
0.3936124425785163,0.0,-338608873
0.23787868860002157,0.0,4559431889368
0.32761257159145163,0.0,13362669117000
0.24727566028300496,0.0,12272042851496
0.4367589065152985,0.0,6896974867875
0.2990628369664891,0.0,6287577289993
0.4287165299733294,0.0,1247852135096
0.26934039194869364,0.0,5794174074681
0.3073090334900071,0.0,11165826509551
0.4084231457672939,0.0,29964315016
0.37305198426105896,0.0,-12944768192
0.37155060656081806,0.0,343000
0.12472191123037452,0.0,52405996475448
0.38283199268155393,0.0,149890531328
0.3084577174330594,0.0,33324076232000
0.3870103434608423,0.0,6460837890625
0.26172219161225174,0.0,520688691125
0.35126960325311934,0.0,7785938168
0.14066921275563204,0.0,44776693151000
0.1435184828548074,0.0,55568042496000
0.37949494582797816,0.0,47950837137
0.3417255066292358,0.0,38817037058779
0.3589974286494855,0.0,3263525347537
0.2785269795265661,0.0,6978821031000
0.3674854717735646,0.0,724634742168
0.2873135312105588,0.0,23173501051000
0.34095288768495075,0.0,13995778642299
0.25754007269767404,0.0,13580072944712
0.28551269866541795,0.0,10951400903743
0.3152395720940378,0.0,15604384073669
0.27822131071360456,0.0,7454872955375
0.32986087860839847,0.0,10627684933256
0.2861752773563137,0.0,4518311720768
0.3385415212816529,0.0,10119744747000
0.35025258534679854,0.0,8361718738073
0.32193476174172464,0.0,14181274415125
0.3295549908467896,0.0,7535299870125
0.3363813977024147,0.0,29678704393681
0.28723880982975697,0.0,4809692672000
0.30746643892442066,0.0,9961968395413
0.30876648982818966,0.0,9179215933672
0.26861648363865465,0.0,18141690752576
0.22841049906691835,0.0,2765222478656
0.15042865201448066,0.0,38717382887000
0.23575383273111938,0.0,272349812168
0.26505322384224433,0.0,84142830968
0.28106428313645976,0.0,3451851047897
0.25915446207257814,0.0,6712763756544
0.25395952075447903,0.0,9866438267392
0.2389834911441941,0.0,18437405506632
0.25628599845768785,0.0,2682142720984
0.22011975007715953,0.0,23193014207832
0.28783404718646916,0.0,1640526954184
0.27241820748546547,0.0,103690516392
0.35102538180672194,0.0,45171266055544
0.2669797818660991,0.0,603136942849
0.3201854771098402,0.0,32348935252647
0.2928260238524767,0.0,14364856135629
0.37149377984509757,0.0,8078253774625
0.3459334951784936,0.0,44852393377
0.3483944479088207,0.0,1409825840597
0.2756129755254631,0.0,4824238966273
0.3343031226493548,0.0,2025725169077
0.2866753790610615,0.0,3692968648993
0.36720999648936303,0.0,11728027648000
0.2695469840814258,0.0,156590819000
0.4004399180797484,0.0,9191057818123
0.3187221196108637,0.0,4528979078625
0.3155993966962227,0.0,3446372282625
0.4264475707643418,0.0,34182568712664
0.30008086185137417,0.0,127871714872
0.36908976144285577,0.0,867158982656
0.28801440796574795,0.0,21848674538816
0.37127522920135053,0.0,5084898745536
0.30380841513966095,0.0,8360482894336
0.34802854074966616,0.0,6472292043456
0.36725517367154625,0.0,23647316984927
0.35288840605666083,0.0,896399037288
0.30653854374801603,0.0,21601086625000
0.2963546082029912,0.0,4365111505607
0.36777039663324185,0.0,-1643032
0.13738632938566467,0.0,53199800081000
0.37541773912428067,0.0,429002264088
0.3004598129401514,0.0,26865224875000
0.3103461889720907,0.0,29161230552000
0.3548202120613709,0.0,2291614613504
0.4208233289261142,0.0,113802087736
0.3093022963885125,0.0,174958262857
0.4148904565415156,0.0,14118093218809
0.2355160704879945,0.0,6211239638968
0.3698588326500564,0.0,1221954369371
0.40878243437861267,0.0,1324476686168
0.24457684894024423,0.0,5125814936488
0.4104831881367659,0.0,1203192139456
0.32641971456860736,0.0,1974766947336
0.41621987946057204,0.0,3932341410304
0.2886931710540081,0.0,1506242429847
0.3955085328020658,0.0,1508214295232
0.28649134754460015,0.0,1747077781184
0.3032445978878796,0.0,490422422456
0.3003150100507175,0.0,2077552576000
0.37575825940357943,0.0,5718054252968
0.33046920572564403,0.0,3753503985421
0.5051586331901822,0.0,7018336124136
0.41298212286061975,0.0,412827952536
0.5204855421825483,0.0,831114272808
0.4137359492922207,0.0,4944278142656
0.3990078193274965,0.0,11790080576000
0.44427847876263843,0.0,14286994809625
0.34100888629535614,0.0,752329532375
0.2924049545897585,0.0,11373926916169
0.43426063366621626,0.0,1210333063393
0.4051674276669663,0.0,4649937027371
0.4963843547339137,0.0,4319597601656
0.379164268468029,0.0,4069943448696
0.32108626475520025,0.0,10414503852472
0.2175439635784342,0.0,10575564875000
0.4914970596280336,0.0,8926423990784
0.44897424723038504,0.0,15743422925047
0.41321904010454735,0.0,9614681247744
0.30102624415161927,0.0,11095535550464
0.36127062491561585,0.0,1429531034625
0.3289596942121234,0.0,10205604242371
0.4165278287379589,0.0,23347063246941
0.2734153367793559,0.0,9711312770375
0.4335741374247642,0.0,7869911564971
0.5144960638559484,0.0,4398046511104
0.42433075766929085,0.0,3373650179992
0.3972861091494418,0.0,4435194707000
0.3742460185233729,0.0,5360293802501
0.39082098304788676,0.0,7802448785704
0.35416556163733326,0.0,23366673700469
0.38193257470833614,0.0,4376339051293
0.35382558717727175,0.0,6481673686125
0.4479922106452111,0.0,3949556762943
0.3562151383252716,0.0,2392125477624
0.5183548253478382,0.0,6581255624000
0.19199260686129319,0.0,2953752512192
0.3596414879491208,0.0,346096270261
0.335682384898263,0.0,1860867000000
0.1256845254155742,0.0,13216234828707
0.4996645399788973,0.0,2502715331033
0.22200751068129135,0.0,7597737208179
0.26098257973688527,0.0,7672182486067
0.4079333265922914,0.0,588059226152
0.45080266053386,0.0,941480149401
0.4052935032875152,0.0,1828827884989
0.20687677372301524,0.0,3249025693731
0.383469961601147,0.0,2248091000000
0.32501746486014005,0.0,9462212905951
0.33583233554305997,0.0,1723683599000
0.39241947554338447,0.0,570547876184
0.43342851403626287,0.0,1917716161024
0.558549155694127,0.0,4483146738169
0.26888724951338755,0.0,9122778417375
0.3967273303068584,0.0,4640749632000
0.3617934447793854,0.0,4474995070239
0.3308331975483816,0.0,31951579855168
0.4129023361927722,0.0,708301055944
0.45943120426996487,0.0,2118853307584
0.4122500688085277,0.0,57960603
0.4242969097399026,0.0,22969273292776
0.5339408595572541,0.0,18982881043776
0.40960968658544,0.0,12992791461229
0.4753045795881402,0.0,15323214048472
0.3358254947187241,0.0,26859843219392
0.3143496558471059,0.0,1527629725413
0.499219328395237,0.0,5212812929219
0.42706804547476845,0.0,2762268391791
0.4745934185213842,0.0,9202909882816
0.4954005197823597,0.0,1199462890625
0.4171755032900462,0.0,7437713408000
0.25013265131324497,0.0,3400036655653
0.38521088752288235,0.0,857104278499
0.3421932399332799,0.0,1460590049736
0.10612912959801687,0.0,44489809126504
0.34283194431540837,0.0,3105107018469
0.4065722199827702,0.0,867977657819
0.28108269890700005,0.0,6305990921875
0.2838562372947901,0.0,28855346024448
0.27129149690211013,0.0,10365935926464
0.47961123522403787,0.0,3647996782984
0.2963630052259091,0.0,24779608944264
0.45644812430857473,0.0,693624166208
0.18682188148710546,0.0,42750171340696
0.31791874834400596,0.0,7841458987363
0.41074413676514726,0.0,1219213281987
0.24445759056224564,0.0,6799607258625
0.42694512720653177,0.0,-468735288832
0.4620098370608917,0.0,746142643000
0.5280030866622388,0.0,19488997896031
0.3717320238327601,0.0,10421658964107
0.2806370985738476,0.0,1375407924561
0.29856793412033755,0.0,44769127816512
0.3729235209811434,0.0,10633486599000
0.4364318344858315,0.0,14128610359375
0.36913730513964454,0.0,3010310886519
0.5469064074018094,0.0,26050161121984
0.5052358725640377,0.0,11000295424000
0.5618478194762221,0.0,22605173296875
0.5197190310151207,0.0,9291462339167
0.4094350088682216,0.0,25829338816
0.5019755098666067,0.0,-92039290875
0.4224410598003398,0.0,9503878840568
0.2939126313347543,0.0,3091080822263
0.3718212454891968,0.0,7541066681000
0.4385282855690498,0.0,86292292059
0.43778785178427204,0.0,7345506701519
0.3082076437928213,0.0,43007436126656
0.34343274232291743,0.0,18938084961375
0.35875457164178687,0.0,18502387396849
0.44894692728638036,0.0,1635940985687
0.45510597998314356,0.0,-115786139624
0.4020325834217779,0.0,31797768594241
0.37028726301438264,0.0,7437713408
0.37995049042033124,0.0,27546344210601
0.34491884378430443,0.0,2109464015625
0.3816498553519299,0.0,109558436625
0.3334945284546578,0.0,10989911723337
0.4223361145393626,0.0,16850066149853
0.35470131779932973,0.0,-438976000
0.4912841573598639,0.0,2901567289447
0.41920744126711934,0.0,1267425932248
0.19645494683838027,0.0,56486080597409
0.3851440653293687,0.0,209267191953
0.409911846380395,0.0,6948189819368
0.4597477700310111,0.0,9576749992256
0.5188576603311678,0.0,6582309243021
0.26390715513613683,0.0,11481993216000
0.3965561293380622,0.0,283593393000
0.4438890811141775,0.0,17777537448299
0.45091868683607556,0.0,329223667625
0.3054999474700065,0.0,893612883968
0.42032100838915826,0.0,766563319808
0.36243908983696727,0.0,121655283875
0.43244388442397164,0.0,156503678869
0.35056979324955034,0.0,622398376872
0.47462877981751833,0.0,411664745519
0.26783256246742376,0.0,1054666965339
0.440175928340282,0.0,21286175470344
0.413757029460594,0.0,428149603153
0.44503921746454045,0.0,8265688163459
0.4288551013006778,0.0,2138711223104
0.33743386985182017,0.0,4121396307937
0.4720387419940249,0.0,3330645732504
0.403346188192082,0.0,1173573686592
0.29144284610230237,0.0,894448122875
0.4267642110025294,0.0,10824660077561
0.462272124422396,0.0,1288979135387
0.29608792200222533,0.0,2521008881000
0.26642468071277836,0.0,1369479982625
0.43779766223818894,0.0,1885025910977
0.4590125771915241,0.0,8806903954451
0.5404299679192581,0.0,2587716619489
0.36028974712896117,0.0,3313946891429
0.4069405181011249,0.0,-2197
0.31600097076039096,0.0,26420988962304
0.42353699585287075,0.0,1497193984
0.42052123201820696,0.0,14839783391224
0.2592280194979523,0.0,61583079349
0.44839550284524615,0.0,1645121485125
0.4245781423225655,0.0,7977221653141
0.3047954495285956,0.0,5799014384696
0.43021224003177577,0.0,2177790261128
0.377939165404379,0.0,3014065171125
0.3970652454697913,0.0,2961788527881
0.3374121403291124,0.0,4767078987000
0.3984177819541841,0.0,2217342464000
0.267761784724144,0.0,1598740029557
0.5419108042233773,0.0,2934648393013
0.4065443627141228,0.0,9416655008613
0.48128774360779614,0.0,3436115229000
0.35394288899897425,0.0,3782561367941
0.361135804316911,0.0,3721713168473
0.27545096654278467,0.0,13273333989733
0.3324937170431141,0.0,147197952000
0.5337348874897585,0.0,493788299264
0.4097510014556175,0.0,3179116785664
0.33554304929517415,0.0,792737256375
0.43274630505729633,0.0,4345908989759
0.4280209947441828,0.0,4728097378304
0.42837416952870816,0.0,2417434017461
0.4733272671700986,0.0,3774555693000
0.23068332516518514,0.0,6138539191000
0.34214088923805686,0.0,4143026834981
0.3573233783382608,0.0,4078361379833
0.44007025325866267,0.0,10139407457984
0.38024865368373906,0.0,556629367176
0.32148258394578294,0.0,1646794348129
0.41224801854197324,0.0,917763294232
0.27885710549329756,0.0,1438305039872
0.3571137497116166,0.0,1373924338613
0.4355880211822852,0.0,1697082250752
0.37177096245030367,0.0,5775805460888
0.4794995023926319,0.0,8538447864519
0.32465212414514927,0.0,3368254499000
0.45841346878462985,0.0,3054936851000
0.3222060593824545,0.0,1413979047424
0.43682647003764286,0.0,10983981114989
0.4110209544045853,0.0,4213848503808
0.4177565306476257,0.0,761798955637
0.3430843826783144,0.0,1168241288768
0.34812732988189726,0.0,1476092380456
0.4307250562518995,0.0,6315211203904
0.41838903742402406,0.0,1610252558361
0.30430835166425063,0.0,3354118215209
0.4667112789022747,0.0,2668267603000
0.2168139993115,0.0,4582567781000
0.25884597066681075,0.0,3015943483392
0.409842662887431,0.0,1127786847929
0.2722573609728678,0.0,4725562507541
0.47818235204960824,0.0,2879044735176
0.24080544846169408,0.0,4883580916696
0.35921059936502453,0.0,3133286574137
0.3650820593833866,0.0,409675763483
0.2854244373310028,0.0,1182944382976
0.30481819855497294,0.0,9980035577000
0.43843164527566475,0.0,851162814333
0.38190202390062705,0.0,610879484125
0.33741692166429266,0.0,965602119104
0.20930858789331216,0.0,12793201947072
0.4125461641381562,0.0,585956012032
0.3432247690153213,0.0,135400835375
0.39743133426224264,0.0,172715635009
0.4026067728482873,0.0,163667323000
0.4961089190544023,0.0,320856383736
0.2863003488653184,0.0,550763061373
0.395949928251003,0.0,71887512312
0.38195407327466624,0.0,459563470813
0.2399701869680359,0.0,3358153109375
0.4660730729586785,0.0,4725562507541
0.4636816217591074,0.0,2675777336387
0.44155264805946387,0.0,10733897951379
0.294097208269215,0.0,4582567781000
0.38232979463473415,0.0,4510936447667
0.37821216031023835,0.0,4442487212519
0.45434569835669547,0.0,1986595645411
0.28380573536939085,0.0,6990879308561
0.4215036017454647,0.0,923156878553
0.3035328953451793,0.0,2189403771625
0.5156135757143284,0.0,1372441819897
0.33419784551698883,0.0,1896034226633
0.41087845267959733,0.0,598011765625
0.42419970304580173,0.0,2474617895576
0.36309949403512676,0.0,1090500623757
0.27439402595183493,0.0,6058428767000
0.3867133425464932,0.0,6648914182464
0.40692712223913013,0.0,1636774161625
0.3407394064644062,0.0,2335696384832
0.47833156395191345,0.0,11117936687759
0.4283776443964034,0.0,1219898169125
0.33224244101721795,0.0,413826729408
0.4298147031839218,0.0,490422422456
0.3149820503218322,0.0,279597968819
0.33905234601616285,0.0,1343745467875
0.5083211842073198,0.0,769330693747
0.36675985115071785,0.0,4067649661347
0.3157660919133625,0.0,1162261676744
0.35047041641710913,0.0,1133647724483
0.4318934729927496,0.0,1106469823607
0.39866072218580734,0.0,271468421875
0.4191614024738476,0.0,9583516100521
0.3602504397312865,0.0,620650477000
0.46386715768130016,0.0,720286945344
0.3450147066768856,0.0,441928354113
0.3733669894954671,0.0,1777277126897
0.48908245814250106,0.0,1336088470744
0.2698948092164676,0.0,2601878785064
0.46936526840002435,0.0,1489746571461
0.43145445176513597,0.0,1372071356928
0.39991750459180025,0.0,2576987811000
0.41757325128195655,0.0,2829545897984
0.394508553225684,0.0,4143026834981
0.3457490973998149,0.0,5171434452757
0.5011884266757963,0.0,4246805829384
0.44024425812384155,0.0,3513194422408
0.3803336696804228,0.0,4575122729801
0.4348049494169686,0.0,4324373569088
0.43975826276295393,0.0,742692847616
0.45043778411415275,0.0,13734338547392
0.3633135762219637,0.0,197442376767
0.4174428294548815,0.0,244961856593
0.3003027202255635,0.0,118370771000
0.5257120446083896,0.0,427638549304
0.39838084821945347,0.0,2945114611704
0.4718276555678617,0.0,573234910443
0.26089205965759593,0.0,1348134000823
0.4183457171883393,0.0,391419980875
0.3031689774596194,0.0,701410554125
0.40718521164390326,0.0,593763030125
0.4439131212687566,0.0,2555058510711
0.394800098154428,0.0,1285074574848
0.3979181860595813,0.0,7225996599037
0.32658081699272984,0.0,2756366531261
0.4186336440221885,0.0,6803915124349
0.2765966716344905,0.0,3841861097528
0.42356455576828966,0.0,1697936057000
0.36332420199254795,0.0,2413113635997
0.4388927586363073,0.0,846859039181
0.4459109509588284,0.0,5234489051147
0.5310461758040127,0.0,2814568447159
0.3880867882905842,0.0,9154249811559
0.47191805606212134,0.0,3302623620288
0.34016466249869276,0.0,3640182186887
0.3959350354263073,0.0,3368254499000
0.2987534186213803,0.0,15402935389841
0.4109033545728735,0.0,629863565248
0.2924810193525046,0.0,377149515625
0.42226460991129305,0.0,608291319817
0.5211796854735198,0.0,955380587049
0.3405508502282835,0.0,239251750912
0.3664146802149819,0.0,19272543649731
0.371392190521083,0.0,293019561288
0.253069922111351,0.0,148456047375
0.3985499966313142,0.0,280111385007
0.4422893546105656,0.0,656688109888
0.22326027827055608,0.0,1494055213568
0.38645001217332925,0.0,456533000000
0.3168269774888602,0.0,774379331487
0.3457469670545863,0.0,753322597299
0.367590084963657,0.0,679151439000
0.3050231198213936,0.0,11533984760584
0.3734264171511179,0.0,1132995515625
0.4048935465212541,0.0,1280470269779
0.5297165593587484,0.0,1787420371456
0.475020331304666,0.0,2151185205429
0.264342712223021,0.0,3832302404449
0.41836404295502555,0.0,1692391432213
0.2889220071894199,0.0,2453274092303
0.3597404997603105,0.0,2406104000000
0.38001801806776414,0.0,2361137938496
0.40735802965685597,0.0,2200550911343
0.3069189634559949,0.0,16810661560113
0.4291453418466655,0.0,1202852797875
0.2842490067178448,0.0,273233108169
0.4301585819297779,0.0,463145864553
0.5162253981566985,0.0,756805205897
0.39760322464227776,0.0,4029546653497
0.27063676486571236,0.0,2012784850376
0.41203079091487976,0.0,703544180984
0.3548428166680972,0.0,1117417452633
0.40014137759736834,0.0,995207675904
0.5593581581357343,0.0,8010804860729
0.4625705377262788,0.0,2967979986811
0.3940117352340713,0.0,1381725080072
0.455028198523541,0.0,1510187880817
0.3567040181541296,0.0,3190156127361
0.3882817498507651,0.0,2810981740897
0.4090255666058041,0.0,2761087346389
0.43110892321504185,0.0,2582630848000
0.4943297560544452,0.0,628762020263
0.5266116483121327,0.0,17199485042797
0.47265108123389565,0.0,191900344832
0.3714161752062087,0.0,86409510461
0.47740087107634904,0.0,182187833309
0.40625032554202245,0.0,709016431213
0.5105616864359106,0.0,477844947432
0.34936000864823796,0.0,1176914661112
0.4642375806836173,0.0,318052527976
0.43333875300447455,0.0,573649047629
0.44583456547013145,0.0,923725850419
0.597395943970951,0.0,14961494806721
0.38475539774567696,0.0,275386202216
0.4176268432130483,0.0,334255384000
0.3481855904113827,0.0,1026938334969
0.2910754961443283,0.0,1613964717000
0.40162850918468257,0.0,829789013773
0.4330652012231889,0.0,169020650889
0.5825461633994724,0.0,11465205935149
0.4359937699029264,0.0,1656015369191
0.34053977613945746,0.0,635612343192
0.2938505159745289,0.0,453870144125
0.4134883485407709,0.0,712839902237
0.46870323061712615,0.0,1360988443368
0.22593488158751182,0.0,2640661088248
0.41375603646054016,0.0,1027243729000
0.4105786383806815,0.0,1516514923169
0.3993672478133277,0.0,1397415032000
0.5060502236604495,0.0,4637411763776
0.4972064602085787,0.0,5548993329664
0.4488656174800717,0.0,2672309557133
0.3289724461884293,0.0,1967221277000
0.501563497847928,0.0,2615522986952
0.3368390507583465,0.0,6504644746963
0.46945155441908726,0.0,3331314850375
0.3363429923760404,0.0,4496209987625
0.42986476195752876,0.0,4425483786632
0.41595462117701015,0.0,4357903947704
0.47287583583264403,0.0,4115230015625
0.37738772112320296,0.0,20447197088625
0.43285154848707463,0.0,2648118957875
0.3759534940516178,0.0,1191690287208
0.3898927538750666,0.0,1344110814656
0.43643687898846434,0.0,1308261726953
0.5282072628188009,0.0,1866773548297
0.27081480938192604,0.0,2551135698944
0.4256376074075545,0.0,891666015625
0.47142668118574566,0.0,29095908208093
0.4132786500361606,0.0,1132343556967
0.3883549519470583,0.0,443147866624
0.26482244133117694,0.0,247318375933
0.40645906504347323,0.0,426107828125
0.30466594739064556,0.0,1250287759917
0.5058120863264779,0.0,705206656701
0.45408722392506284,0.0,905353634024
0.22283590390971134,0.0,1913089213944
0.39745401673464287,0.0,654424190568
0.3287839770747882,0.0,1050321242125
0.366030208150409,0.0,1024497361441
0.3803500128617736,0.0,933147667648
0.24929808710918844,0.0,29687332481344
0.47182659956404205,0.0,408023180713
0.3541603702747247,0.0,223648543000
0.43749648686634024,0.0,391901761432
0.3815872866929084,0.0,1179592001496
0.5524745637173617,0.0,657141519384
0.49342319910540217,0.0,848471250563
0.44547625169785693,0.0,608722171875
0.3573150052636069,0.0,1013560841125
0.39751269248798815,0.0,987452845912
0.47960594283112923,0.0,962674279624
0.43823236870841314,0.0,216648648216
0.43783942130836573,0.0,875094437125
0.4393968951094146,0.0,3766561321879
0.3994716677386323,0.0,16818537558061
0.3964361244695434,0.0,2077552576000
0.26517825735892003,0.0,1486618221997
0.43609070034834085,0.0,2029569960781
0.316142915216439,0.0,4026508734429
0.5390034656529122,0.0,2765813548653
0.4787800758332964,0.0,3248367641000
0.24204114630207935,0.0,5405443875000
0.4172349137509345,0.0,2638369179432
0.26785379785180413,0.0,3643732891072
0.3595450660157311,0.0,3523604223313
0.4267074865161723,0.0,1461748941549
0.4046900916919026,0.0,3313280101312
0.0,0.0,77352338419712
0.46423396022141444,0.0,3316614946497
0.3576315805663094,0.0,1593413632000
0.46905727435371003,0.0,8291469824000
0.45909274729969235,0.0,1777717337544
0.33949457347347267,0.0,1248199887663
0.3684388092958391,0.0,3555655796447
0.5451842010161606,0.0,2401259135471
0.40773840931788796,0.0,8231395827871
0.2648466897792084,0.0,4830237131264
0.34231953550304817,0.0,3203828206488
0.38517976142363436,0.0,3147440061375
0.4631588539821961,0.0,3093627891411
0.43020657259038025,0.0,1226073698927
0.427675532729301,0.0,2900957032728
0.482827613496408,0.0,14151415412672
0.39194753664046,0.0,462248527168
0.44552482288007017,0.0,544537918296
0.3411372094096907,0.0,317075051259
0.449003924256642,0.0,524972036763
0.37442493698620144,0.0,1448650680875
0.5388227421599205,0.0,842034661307
0.43302577271504195,0.0,4285472700907
0.3110767001059541,0.0,2174767418816
0.43945043923692895,0.0,784797991424
0.3454231782389668,0.0,1257613646184
0.3982869617946967,0.0,1227448863243
0.43436567623693717,0.0,1097188839144
0.4510033121681578,0.0,1964867203125
0.49004014987374045,0.0,11586133017152
0.418310866010246,0.0,920031709176
0.30170434256074574,0.0,588269823939
0.443990944983722,0.0,892221974883
0.34446119360931343,0.0,2134232421875
0.538594272524933,0.0,1332089297027
0.4191928103978476,0.0,5642604040627
0.2800602057426612,0.0,3058728140096
0.3745127767211786,0.0,1845929438163
0.39806095266827096,0.0,1808267732487
0.5123607336807586,0.0,14623445928664
0.4384921454624918,0.0,1224699562099
0.4157867315970374,0.0,493039000000
0.3069659127074899,0.0,281397674377
0.4304088175608188,0.0,474734543401
0.34301215305104593,0.0,1348866350649
0.519749850211204,0.0,772862428233
0.4039487396425138,0.0,4078361379833
0.27952658234175304,0.0,2043548109000
0.41885619799403345,0.0,718841553912
0.3675560449068221,0.0,1138220196121
0.4088834219910042,0.0,1014469230592
0.474403722458912,0.0,3010310886519
0.4496563062782016,0.0,8887751754344
0.4220931863028468,0.0,1407187129816
0.4196738527540768,0.0,1577098944000
0.30479846484468626,0.0,1090500623757
0.480024793424031,0.0,1537199813421
0.35853745235312157,0.0,3234569051069
0.4608966271690511,0.0,7665182674813
0.3182594355957343,0.0,4435194707000
0.4478851702395971,0.0,2047415412392
0.3105008918832699,0.0,2904619856832
0.3995133002919761,0.0,2851809891741
0.38147524347915335,0.0,2801432090673
0.4445812767499479,0.0,2621222119872
0.43455864059216404,0.0,4384370502863
0.3617509221242485,0.0,2265640690104
0.39368370292578947,0.0,2497741586432
0.2615359862434449,0.0,1825241069861
0.49797423214349257,0.0,6629838571656
0.4305457326697276,0.0,2443464640709
0.5344367542207477,0.0,3271452401125
0.39387013803020593,0.0,10140812911125
0.4133585340460507,0.0,3128792106376
0.2638245258166234,0.0,4248379497536
0.34431273534554874,0.0,4180283583029
0.39960829804527526,0.0,3881736581696
0.2344223459366153,0.0,14218217015176
0.42378318556679856,0.0,2552816411963
0.3446841786008753,0.0,1135932426504
0.39134390205946845,0.0,1283656692032
0.41541676298911007,0.0,1248895586609
0.30373165430086607,0.0,2754008142913
0.5229021481666796,0.0,1791399948625
0.37410278982588185,0.0,6799607258625
0.4649427876967819,0.0,2155687684632
0.33177039416334475,0.0,2410955376929
0.36166356453845505,0.0,2365928703125
0.40722484012166815,0.0,845785366993
0.3879820044535818,0.0,2205121988096
0.4132586602966536,0.0,1973350667007
0.21952794771203923,0.0,16290480375000
0.3255540610208498,0.0,806954491000
0.40639640063425403,0.0,925149302784
0.2867634631667418,0.0,592069186773
0.39318160579382,0.0,897236011125
0.3159624679772427,0.0,2143196285957
0.49920364167376413,0.0,1338637562261
0.3533456534305031,0.0,5659736478661
0.44901427369997826,0.0,1640526954184
0.3971884847770856,0.0,1260411969608
0.28722754094923375,0.0,1893737302848
0.3309537365992633,0.0,1854067249125
0.3996637147617543,0.0,1816294556601
0.3791663775209859,0.0,1681762644288
0.4078915466707298,0.0,916347430097
0.19806122309680416,0.0,22378087432000
0.33840231981552565,0.0,272097792000
0.3934476428030289,0.0,330512679944
0.2800488792252055,0.0,172529619263
0.3981305099784685,0.0,316517393375
0.31229542536375343,0.0,1019019320047
0.4921687834897406,0.0,549554511871
0.4455643698256215,0.0,720286945344
0.393895407082411,0.0,506642794048
0.2811316252316248,0.0,868796848088
0.3312100309970731,0.0,845248871375
0.3810300621295873,0.0,822920371811
0.3913612427709928,0.0,166647398527
0.3771468049989509,0.0,744170026328
0.26032129996152537,0.0,49681808002728
0.21657382529507538,0.0,19836487243000
0.4108426484847451,0.0,1267777311767
0.3460137081446729,0.0,437245479000
0.37940213921136196,0.0,516621837824
0.25382255626637945,0.0,297676210733
0.4092969704944093,0.0,497734578125
0.29768896974366627,0.0,1394791834717
0.5064068544627093,0.0,804616497901
0.3658350414442598,0.0,4174058678301
0.4545199559130801,0.0,1022364685224
0.3959861278983917,0.0,749108099368
0.25501394063015603,0.0,1208630287808
0.32472926371919203,0.0,1179257112125
0.349708066741414,0.0,1151352114641
0.37834497262571504,0.0,1052492608448
0.37538644099592944,0.0,7591941538264
0.4609580104637927,0.0,3053042381843
0.4222890004551482,0.0,1432960078824
0.40616035508096565,0.0,1604900606912
0.2977630755394967,0.0,1112256675881
0.4740094712455793,0.0,1564531939529
0.3502580111039439,0.0,3279392280793
0.5510262791562441,0.0,2189403771625
0.44807318000347796,0.0,7744763561625
0.49774313057328406,0.0,2604149515512
0.31967752712133696,0.0,4490491697992
0.3029470747007349,0.0,2946347565056
0.3896497552508761,0.0,2893031480249
0.36528739771042157,0.0,2842167942125
0.4613612925999648,0.0,1091772468073
0.43410784809357106,0.0,2660195926016
0.21171347169664875,0.0,71763103607616
0.44012074261342565,0.0,18052771191337
0.41464567194397606,0.0,498300042752
0.41455449099673475,0.0,134926761689
0.3054055827118504,0.0,54095927768
0.3933891282240249,0.0,127263527000
0.32915300190190716,0.0,567252300952
0.492356734230196,0.0,262881971416
0.35909721388846316,0.0,2303105745816
0.44661023578642384,0.0,369991596339
0.2385502753442854,0.0,975896298559
0.30596756518335544,0.0,466746827093
0.3410383443722732,0.0,451217663000
0.390163218463523,0.0,51395862232
0.3832250888387036,0.0,385351562933
0.44421092665907275,0.0,997601919488
0.36962773932970633,0.0,308778703479
0.4313305598434603,0.0,372160418057
0.3249054422600854,0.0,199791235736
0.42809231041071405,0.0,357004386584
0.5207132786675116,0.0,607645423000
0.47134091241734355,0.0,789657671907
0.28386854909284,0.0,1720666399087
0.3278780524966339,0.0,947255494661
0.37550164667870956,0.0,922303858904
0.42746776223551175,0.0,898632125000
0.4140770237597964,0.0,815042238821
0.42672484853541853,0.0,13100860963224
0.43437502993877514,0.0,1186639332003
0.3837012162391081,0.0,397713997864
0.396507175571061,0.0,472365127872
0.2848298659178539,0.0,267214424121
0.4384427989089059,0.0,454579223769
0.3293521661393033,0.0,1308261726953
0.5224485976717962,0.0,744909349625
0.4067647327624327,0.0,3993192339625
0.4722699627967335,0.0,952183068472
0.2795025181187029,0.0,1989916124552
0.28829554521259604,0.0,1130063671296
0.3604441867845109,0.0,1101982841289
0.3682099128290294,0.0,1075315456125
0.42801871243279976,0.0,259327904633
0.40584418201088657,0.0,980922617856
0.3393603382855292,0.0,53310208315456
0.3046273634211256,0.0,18441593288000
0.4010789271696176,0.0,807214547231
0.35180640732323665,0.0,224533986552
0.366146137590158,0.0,276148809728
0.24697850435220542,0.0,137787867125
0.4080662871364253,0.0,263744686997
0.2916371432457653,0.0,901708671781
0.49481462167767976,0.0,472547110069
0.36222265620430416,0.0,3105107018469
0.4477873150359759,0.0,627661760328
0.23191715966470902,0.0,1443663275608
0.390031225812559,0.0,433798093000
0.31968570431284493,0.0,741954991877
0.33219027963846076,0.0,721492917209
0.3964322730920542,0.0,132729045301
0.3717352892358413,0.0,649461896000
0.22507124803773476,0.0,10094501492928
0.45884683516861896,0.0,2814568447159
0.4061582091370399,0.0,1290045386456
0.40720716846371363,0.0,1450571968000
0.2897663738227825,0.0,991921850317
0.4647230717615257,0.0,1412845546861
0.34248482503481464,0.0,3029113523709
0.5524027467831218,0.0,1998947500173
0.4393109419360799,0.0,7297997283773
0.49483323732581186,0.0,2389979753000
0.29731484432590766,0.0,4181062131000
0.4354513682273386,0.0,1896493834152
0.38120300301109694,0.0,2663076796381
0.36813798172254686,0.0,2614953528433
0.42868778800342955,0.0,2442920439232
0.4047426107522656,0.0,965309068387
0.21410721318557052,0.0,17269542600192
0.33336605196433655,0.0,294079625000
0.3926369894151445,0.0,355496768704
0.2790135426340119,0.0,188822850553
0.3936874356254757,0.0,340799721625
0.310000983029696,0.0,1071541319337
0.48880737054966433,0.0,584486749881
0.35449298487822545,0.0,3484845618281
0.4426268770348878,0.0,762049218104
0.22816380276290368,0.0,1674137535624
0.39130029580184406,0.0,539750799288
0.327582108662241,0.0,891666015625
0.38144716378860366,0.0,868523727421
0.38725759983946423,0.0,182573756217
0.3737667640278341,0.0,786841735168
0.2780247799598789,0.0,7233848504000
0.43552347502113936,0.0,4403686064471
0.3629966609396337,0.0,2278083540312
0.3941972053704124,0.0,2511019570688
0.26222173931336523,0.0,1836015606125
0.4316776336402337,0.0,2456549734157
0.31248015640868165,0.0,4691850757021
0.5353597262060932,0.0,3287344996909
0.3954408185881769,0.0,10174582761309
0.4756369364172582,0.0,3827161989288
0.41413396549085846,0.0,3144219625000
0.3454719463231644,0.0,4198995424637
0.3580158497925674,0.0,4133747365649
0.42239390126778176,0.0,1807377325741
0.4006250133612902,0.0,3899547224000
0.29080947300060567,0.0,12008989000000
0.4094323243704035,0.0,2112426052191
0.34192068466311776,0.0,884183155192
0.3810346381724215,0.0,1009630752768
0.25572431601263856,0.0,655102819125
0.40582276801895983,0.0,980034369237
0.29785388748587965,0.0,2290050608741
0.5041369954441569,0.0,1446347376629
0.3622304143945154,0.0,5938590869029
0.45254335754199143,0.0,1763666615368
0.2182793450097661,0.0,3256270140248
0.39464807397540846,0.0,1363938029000
0.3541731315742945,0.0,1947973286169
0.39672145338767506,0.0,640726867061
0.37666816099148703,0.0,1806932232000
0.4228532080850285,0.0,3925618609375
0.38132037191635115,0.0,7843827411909
0.3409582614280106,0.0,1972878724088
0.39362498414357955,0.0,2184854450176
0.26073340264143374,0.0,1572632011189
0.4123045120155194,0.0,2135227170133
0.30460924029760433,0.0,4192751953125
0.3707865421207314,0.0,9331296115877
0.46336018659722344,0.0,3392580437576
0.21029988923162754,0.0,5607496011096
0.4036266966491496,0.0,2764040591304
0.26197123533946104,0.0,3799337068864
0.3671194781978891,0.0,3675793187737
0.4047083203349476,0.0,1546809787125
0.3868002388285739,0.0,3459393826624
0.23890688856364284,0.0,13884568242875
0.45477915275346104,0.0,1564531939529
0.411609448385366,0.0,587638181376
0.4058022746342328,0.0,683797841000
0.29677868296166315,0.0,415662001847
0.46425865533260335,0.0,661003929431
0.34647811003862306,0.0,1710348447079
0.5435228765336287,0.0,1026327728503
0.43780445005292207,0.0,4815678776103
0.4910033262851188,0.0,1280824056000
0.309864378890281,0.0,2515456000000
0.4342094979087407,0.0,960920420032
0.3015932276227506,0.0,1496408879672
0.37035554721895486,0.0,1430292571163
0.45253253682281214,0.0,405059742199
0.4273770977468608,0.0,1315812137912
0.42321944020228125,0.0,1355102035496
0.3733449370584646,0.0,14847031148552
0.3560020705223353,0.0,480600678537
0.39281407225910575,0.0,564993970163
0.2706739124783724,0.0,331373888000
0.4189197435402926,0.0,544938117632
0.3132290498786346,0.0,1487790839296
0.5156899432948935,0.0,869343261184
0.38169561153647746,0.0,4365912835584
0.4627215225166742,0.0,1098146525013
0.2401005663018998,0.0,2226025896193
0.4056098622004919,0.0,810861203125
0.2727405096232353,0.0,1293247667375
0.36762383505334895,0.0,1233304783424
0.41019465249159204,0.0,322264470016
0.39090722480506374,0.0,1129738223375
0.27741935197502604,0.0,55371689170875
0.41756996637669114,0.0,221115865823
0.33004910170148055,0.0,25926451359173
0.3265806450446951,0.0,22282929144
0.4140027595718847,0.0,34264788992
0.29601762234916146,0.0,6869835701
0.3945157345816458,0.0,31226116949
0.3231791313722339,0.0,261775532773
0.5014480012311843,0.0,92652203125
0.3565787601499263,0.0,1452494953125
0.45129395160436936,0.0,148708523592
0.2212067485231997,0.0,519330710872
0.4007990570244861,0.0,79840284616
0.2965431527535192,0.0,202882861376
0.4105906436299594,0.0,185680777625
0.3911874658149239,0.0,6199083253
0.38341620479406435,0.0,157114339136
0.11504424697313807,0.0,36251545268736
0.35181856177595733,0.0,11355729445333
0.47476088289084906,0.0,2239350242787
0.434046789299644,0.0,955671625000
0.4198431814481886,0.0,1087642586304
0.3136598354968594,0.0,713797912953
0.48568294337465623,0.0,1056533081625
0.36576735870434696,0.0,2423924253737
0.5623170586385412,0.0,1545205351481
0.46561631210841586,0.0,6189976379881
0.5075687092656945,0.0,1876341275704
0.33653054549675504,0.0,3425196825224
0.45077684502581516,0.0,1459045813688
0.31965844183177955,0.0,2152685334528
0.40604984660536453,0.0,2109464015625
0.47373037343034186,0.0,698572434617
0.4479549260088959,0.0,1921423085568
0.41982870313692644,0.0,876467493000
0.3987880429230065,0.0,17555727799000
0.36676292817256056,0.0,254478514753
0.38649229540477004,0.0,310426252011
0.27236139635881107,0.0,159572865024
0.42265726281754923,0.0,297007976448
0.3149931787566118,0.0,976191488000
0.508989594960215,0.0,521271406592
0.3858797200083886,0.0,3273436168192
0.4603248532391809,0.0,686362371661
0.25807901572352887,0.0,1545205351481
0.40467650240006003,0.0,479864783789
0.274836503892936,0.0,830318948199
0.34334022746714865,0.0,807474659328
0.41241854373668974,0.0,153990656000
0.39071646540698707,0.0,709493615559
0.2862660306759288,0.0,49104290564659
0.37412399517677564,0.0,22244941490624
0.4123956975506184,0.0,411166897856
0.35356071638564734,0.0,74246873427
0.3861056024320869,0.0,99703702853
0.27147333428523296,0.0,35611289000
0.41094886823883076,0.0,93453048872
0.31041397770995466,0.0,472001303656
0.5002846674331237,0.0,206844491944
0.37264432584716034,0.0,2055164650344
0.4525835945140445,0.0,299015684703
0.24486761733455065,0.0,837761737483
0.39812723560113056,0.0,184706077375
0.2733008519966532,0.0,383448334625
0.33520824735418475,0.0,369837003752
0.401830365405899,0.0,33573227176
0.38259370862647274,0.0,312355786625
0.27674014733478586,0.0,41010087034125
0.35116801058954783,0.0,9576749992256
0.48132298398488016,0.0,2938955004224
0.42948398191188675,0.0,1364307026571
0.42482611299119,0.0,1530815328125
0.31096317720177447,0.0,1054356159752
0.48711847275356457,0.0,1491704016776
0.36538378882609757,0.0,3159697774024
0.5724905998854125,0.0,2098135193608
0.4706356632928144,0.0,7531841195208
0.5122730937777966,0.0,2501609484375
0.3274871303160507,0.0,4342714055875
0.45346023251506967,0.0,1992290159287
0.3170984119832823,0.0,2834950759577
0.407523742291741,0.0,2782991239496
0.47619242779413873,0.0,1034591361544
0.45166441465762425,0.0,2556180052217
0.2643678112300173,0.0,70819203762117
0.38902824298964683,0.0,707586162031
0.504540295836666,0.0,11822745805541
0.33270084521273047,0.0,183056925752
0.36279486309045755,0.0,228323196928
0.2420150286110989,0.0,108190397125
0.3911326457305163,0.0,217407044197
0.28225188449230576,0.0,794280046581
0.48191308882408745,0.0,403419604869
0.34198705727237527,0.0,2856639033269
0.4362043774588442,0.0,543738107528
0.20976820496797746,0.0,1295741990808
0.379552255155044,0.0,368601813000
0.24223665651693976,0.0,667627624000
0.30578352272685433,0.0,647888261077
0.33499822192849765,0.0,629202484009
0.35866716035558566,0.0,563559976000
0.08682273155432524,0.0,46500652736000
0.13592079470765792,0.0,19628375609375
0.527637177052867,0.0,104953669813
0.44000126260695965,0.0,3268147904
0.5195949945323645,0.0,7055792632
0.4226510020443976,0.0,186169411
0.49713900784589626,0.0,6018636259
0.4503766744316692,0.0,130092635763
0.5885085803948059,0.0,32614639875
0.5024595205521375,0.0,998500749875
0.5330395675117785,0.0,62476255232
0.3850958415211065,0.0,301841646912
0.49302071774860434,0.0,26357170176
0.428795509425782,0.0,93948163336
0.47221885372141387,0.0,88656874579
0.532913151138659,0.0,83740234375
0.49799923732898677,0.0,67220559496
0.6178503493943718,0.0,32054395763096
0.4908647916986374,0.0,11737321673176
0.3975238432260375,0.0,720769172696
0.34120997372844564,0.0,188428167837
0.37033241679961204,0.0,234542659463
0.2517732729397627,0.0,111980168000
0.39905480970168294,0.0,223427546432
0.29203164340344584,0.0,808515666496
0.48892522045093223,0.0,412495384384
0.35371863270896065,0.0,2889987038784
0.4424607669136656,0.0,554804354313
0.22332951820670324,0.0,1315451937493
0.3863758173956628,0.0,377149515625
0.2526296615180316,0.0,680311059875
0.31644760667990735,0.0,660321230912
0.3437584574725743,0.0,641395994624
0.36745975229334854,0.0,574892655875
0.17213813993238442,0.0,46714344303375
0.3847565503946598,0.0,9718142104000
0.44897910648392614,0.0,2691999977031
0.3962174279721699,0.0,1217502185752
0.39903017384268,0.0,1372071356928
0.27974892170509214,0.0,931143772125
0.4552085828087991,0.0,1335724579197
0.3320173605037361,0.0,2900346861581
0.5438296827654117,0.0,1901554419869
0.42565835151771736,0.0,7065729848269
0.48736819121068586,0.0,2280161767528
0.2837115587112139,0.0,4021196050808
0.42759445271477364,0.0,1802485313000
0.28378982626000443,0.0,2593941624000
0.369420258261259,0.0,2544979396077
0.35904622697341443,0.0,2498293899009
0.4438647166358278,0.0,912955299101
0.12499999811375005,0.0,68719476736000
0.471378501062739,0.0,19066261075875
0.40279739546031484,0.0,621961094656
0.32087973935655917,0.0,149129953127
0.39055138259141536,0.0,188822850553
0.26717313468845577,0.0,84604519000
0.3881959604182777,0.0,179215354072
0.2999367423829837,0.0,701647410456
0.49296121863036124,0.0,345062118744
0.34322402082601605,0.0,2636078597144
0.44308310905741016,0.0,472183192403
0.2006640644380964,0.0,1166578233183
0.3887539651637878,0.0,313738909875
0.2672198584142829,0.0,585326027125
0.3170935527690046,0.0,567252300952
0.37716162917478163,0.0,550158565384
0.3821467530678879,0.0,80957957976
0.021416803787522292,0.0,45061008826625
0.38935423080094445,0.0,9300746727000
0.4522106683551747,0.0,2876010115861
0.39204743120370344,0.0,1326648750272
0.4099234115606684,0.0,1490137923448
0.29226840263674103,0.0,1022669171875
0.45213323955639306,0.0,1451725555267
0.34021894017300924,0.0,3093627891411
0.5433141361234064,0.0,2047899168099
0.42604936497044915,0.0,7413734308499
0.48686755530596415,0.0,2445097730048
0.285143755222309,0.0,4260982840128
0.42928110074508363,0.0,1943764992000
0.2964756227645473,0.0,2773505125000
0.3746091393257546,0.0,2722301447347
0.3799515522222176,0.0,2673465150439
0.4425548231986804,0.0,1003303631331
0.3999764177158593,0.0,12747309056000
0.4491668003309204,0.0,1681338420971
0.3822292670286557,0.0,649012026312
0.4148879528059403,0.0,751585306688
0.2977137609396417,0.0,464584018625
0.44361744116915197,0.0,727300322657
0.3413978457065037,0.0,1834216913521
0.5377390817335035,0.0,1114835073409
0.4177392539682161,0.0,5060984437809
0.48207006751818626,0.0,1383214275288
0.27814907475150974,0.0,2675199164968
0.42627716593929776,0.0,1045678375000
0.3015690253018855,0.0,1609840448000
0.3720590989801885,0.0,1574255373137
0.3925914791797978,0.0,1540398702149
0.4355417586593476,0.0,453161802241
0.4392523315433663,0.0,59045640984000
0.378617296933651,0.0,10296206943875
0.451673207807597,0.0,2458188647936
0.3493129336620189,0.0,1080993261447
0.44267818407355064,0.0,1224012878873
0.3203031890392088,0.0,817400375000
0.4223593490836618,0.0,1190341967192
0.3515399249351146,0.0,2654440419736
0.5364240036760414,0.0,1716792318424
0.39461591702937493,0.0,6617141788824
0.4782943060892003,0.0,2071209156723
0.24770611080519733,0.0,3714513106303
0.42653735654861236,0.0,1624306193875
0.3226797180919259,0.0,2365928703125
0.3695506726331179,0.0,2319888597272
0.4413889212295495,0.0,2276006576264
0.42056870015202064,0.0,800729885656
0.0,0.0,66651804878625
0.45021425798251696,0.0,5784501536351
0.3581415707017438,0.0,3188206154232
0.40926760848635696,0.0,3478643191808
0.2685746149067774,0.0,2630929635125
0.4362202318258491,0.0,3410901553877
0.3200327534728272,0.0,6129491724901
0.5532253293522632,0.0,4434384921589
0.47367404198390445,0.0,2240891080056
0.22312334063171924,0.0,7930601644888
0.4229620788956695,0.0,4259406061000
0.2711809069017103,0.0,5620762952000
0.353520943934738,0.0,5538656511557
0.3751832349008615,0.0,5460143797529
0.42925267153092694,0.0,2594508028021
0.41110839643282876,0.0,5177717000000
0.5412601008500268,0.0,10000909453625
0.4376740965082909,0.0,10597260807125
0.4601396515167684,0.0,807214547231
0.4392687318712692,0.0,713558329856
0.4452167975302656,0.0,5766153381568
0.4311757760994279,0.0,44905434269184
0.4637121969009107,0.0,697156250363
0.47589143980540155,0.0,776151559000
0.4237085632373233,0.0,5546172923101
0.34763471128821183,0.0,51878423310336
0.4777438177499759,0.0,591857683136
0.43351006083174076,0.0,1327373299000
0.38792239497823294,0.0,2418514917967
0.36654884444540625,0.0,14771047302656
0.4724767604516616,0.0,5936623471043
0.38284351141352496,0.0,8649210103183
0.43775983592825246,0.0,9587577294784
0.43496375963103984,0.0,258353141409
0.2930224592179777,0.0,39456789557184
0.343681543750942,0.0,12300795456704
0.3678490908701716,0.0,65013301261
0.45997118155714306,0.0,28266708571128
0.4173660731031844,0.0,2539949793984
0.5005711352740841,0.0,3720272412375
0.46359110479904747,0.0,608937674176
0.4668283041170817,0.0,3863980253888
0.3291722544935195,0.0,523606616000
0.37695826844674907,0.0,7083419040125
0.4903400181484781,0.0,5849513501832
0.3955296931818463,0.0,18075490334784
0.4887939364813889,0.0,859271646843
0.4933943380620745,0.0,488373046875
0.5054070999148413,0.0,10311833083096
0.4038783000600166,0.0,571167214073
0.36425848646812575,0.0,490982336369
0.4412749178185948,0.0,2361137938496
0.4314215776126774,0.0,31818850652672
0.31828771271960815,0.0,36159614090432
0.514433058675916,0.0,281011375000
0.48410929229774174,0.0,564174247447
0.42880301838715273,0.0,1184287112000
0.5064524893840928,0.0,2849397363233
0.3354022580288848,0.0,2122815014208
0.3203100641395991,0.0,119896086491
0.3960904561626955,0.0,6332651805501
0.4939307709950973,0.0,11094043212127
0.30066113236838526,0.0,25905433463469
0.46634011440182505,0.0,6426556530688
0.39526241806974693,0.0,11138871600037
0.36617037372757794,0.0,3410901553877
0.41781491159195117,0.0,11430158147576
0.4914655843906292,0.0,3969078014537
0.41868360908127344,0.0,-149721291000
0.4957209906356308,0.0,-24871517559
0.4932566297542353,0.0,1313651921408
0.2871217501317873,0.0,30935486988288
0.335398127805436,0.0,1098465877432
0.4877410577289931,0.0,347428927000
0.35522884511825886,0.0,5322708936000
0.4952008917294327,0.0,5689323574208
0.5059371130234133,0.0,3346729305912
0.5237261440492214,0.0,3767287616000
0.44565721705476163,0.0,1812724153057
0.36383330567266303,0.0,5816461819904
0.4114301335744981,0.0,17661313666088
0.3375103299408752,0.0,5218226338625
0.4184841820762491,0.0,15961131939752
0.26278777318182917,0.0,1395915659776
0.6076280732980578,0.0,19439070659072
0.3803535049404668,0.0,595247790528
0.4785526948771789,0.0,2782991239496
0.44407711725392873,0.0,5116010737391
0.44782561106743385,0.0,2504928001941
0.3663234768667826,0.0,14865160865472
0.4295711258172769,0.0,2731670512739
0.42569678514120907,0.0,4456283746816
0.4963862766993037,0.0,6204146484375
0.3333659649847649,0.0,360944128000
0.3887398996149727,0.0,1061520150601
0.4489525418373123,0.0,7709586793875
0.44811596338706644,0.0,2065851744256
0.4769036470695742,0.0,12424299722281
0.2968307953409291,0.0,29297870223552
0.3686500241495256,0.0,29583905738752
0.3815614409092383,0.0,24010007244049
0.323543155146339,0.0,1538798703625
0.36893125775431906,0.0,3050517641527
0.41434126380411046,0.0,4382763427125
0.4179580544775127,0.0,3021583101993
0.3767982410209795,0.0,4461972964847
0.49315227472609213,0.0,853320159125
0.47640639883006825,0.0,12890265135623
0.539235914979711,0.0,7229361005056
0.45897016426672343,0.0,13535723386368
0.3622605446956557,0.0,1396290402233
0.48912208531313034,0.0,2446731546875
0.397575450111181,0.0,14455457856
0.5112130131348152,0.0,4260982840128
0.40823263593555836,0.0,9544317000128
0.37641725267922027,0.0,1571009765625
0.45280695286831807,0.0,846053699912
0.4727992075306737,0.0,40764411703296
0.5608315695185142,0.0,47847961022464
0.46595065635481064,0.0,214599039803
0.4765311497275353,0.0,9819590905944
0.4909387488426772,0.0,595247790528
0.5773007621411026,0.0,8135154044928
0.45232935689554077,0.0,827407099072
0.36920783512764377,0.0,398850786881
0.3491612067721305,0.0,4236586457741
0.32655339441713144,0.0,4541308416000
0.4197999226093999,0.0,13598865343909
0.3689054085901308,0.0,8147294855848
0.36972278995703384,0.0,11307297771125
0.278058400278699,0.0,2977904258603
0.4978218550050505,0.0,3175226636392
0.5505254036707159,0.0,12878723584000
0.37678293653367606,0.0,478762350767
0.49412973258472564,0.0,14783693231007
0.42202113913464495,0.0,158603979997
0.4839245517984802,0.0,7579201440707
0.434628971456255,0.0,63607206328632
0.44160683183469884,0.0,34972199132408
0.41442282838583144,0.0,36939345278464
0.42122156722039056,0.0,3764382999616
0.4535992046082306,0.0,10668340938744
0.5016831790410501,0.0,2793688944704
0.41114590740675155,0.0,1439834609088
0.45418124994965065,0.0,3351430082125
0.3544230443929418,0.0,8042073542875
0.3727720849823982,0.0,11556972012529
0.5042129543527724,0.0,15251146954399
0.3879677030569751,0.0,27412482871808
0.5224453236630654,0.0,1096869734297
0.4593736616094105,0.0,6282468761408
0.45901120876672746,0.0,3269469435688
0.3337254959510526,0.0,2199535975125
0.4567388910059231,0.0,4723873097139
0.4769752753855973,0.0,15168273813064
0.4173312640476516,0.0,772357234375
0.43314218348158706,0.0,4445730890307
0.5041247313765725,0.0,13761885265344
0.5254648313355058,0.0,9270264087343
0.5016770846234994,0.0,5514275079963
0.4467127097490429,0.0,4786649882477
0.5749137305360777,0.0,17894270004416
0.3408506044601346,0.0,15371384684544
0.5216024324196056,0.0,5267115772199
0.39845303301056667,0.0,2682721892375
0.45251998187357095,0.0,10988428871168
0.3963339139374759,0.0,3323959481024
0.5074287378493486,0.0,7561851561152
0.3865610621663206,0.0,12766963974848
0.5738146493629728,0.0,17861451544000
0.4443044519100212,0.0,1814062505536
0.30218889514240316,0.0,27281774564864
0.44913377031760016,0.0,29417779503000
0.5090235180480109,0.0,2546097986375
0.5237149030332472,0.0,9895447704709
0.40930922388803875,0.0,21020005771192
0.4195953780863381,0.0,793765560979
0.40403969053095123,0.0,3707322336333
0.4650678512551855,0.0,10911504232000
0.4110250694747829,0.0,2838557821679
0.3528925078681562,0.0,44024370291000
0.3986183257994759,0.0,40107047967000
0.5480342175069157,0.0,35152169663512
0.43371415985273387,0.0,785563980083
0.5263269120385367,0.0,15503441600375
0.3773038118191779,0.0,23630020097536
0.5347012051398254,0.0,8350600527872
0.41775089913144703,0.0,5769047875375
0.4035754437014945,0.0,1836915393223
0.49339430780101745,0.0,1636357538304
0.5475878312864416,0.0,21949648083999
0.35497905847398253,0.0,18594881645157
0.45551640972923946,0.0,1597509809000
0.41716672289542767,0.0,3436115229000
0.5680672253849895,0.0,10565450248807
0.5489504409796305,0.0,17392097164429
0.38058837985951993,0.0,11206340354152
0.33969626454823676,0.0,23051791736000
0.4667286298510162,0.0,27614808383176
0.44743451364580283,0.0,7887729329416
0.47394813865333063,0.0,15076545265664
0.46774326169007396,0.0,82142689923
0.4604981097761867,0.0,3121097307544
0.5018297932301876,0.0,4035627074961
0.3671053032965395,0.0,15617501199936
0.5027466241031907,0.0,23290744317112
0.4874697963254069,0.0,9694935425267
0.4309079693582468,0.0,9438075759637
0.44164213401380603,0.0,24202774006776
0.4973207114218944,0.0,7692038424000
0.40044155673176196,0.0,15596891871625
0.5432669057253382,0.0,20068210984375
0.34936120924470077,0.0,2521008881000
0.45682921919602576,0.0,1618096024000
0.4921566966955346,0.0,10135191877721
0.46880038346520125,0.0,18918908234136
0.4977248277359314,0.0,1218528651241
0.5036053289110093,0.0,12678675713432
0.4280468294853473,0.0,1075945339223
0.483737559879035,0.0,1584019010393
0.35595928127732623,0.0,16800820020928
0.526561474078498,0.0,36926037000000
0.4017830889582138,0.0,103492002375
0.22042744702204442,0.0,32792582144512
0.43132380602126563,0.0,275640248512
0.4880758007992605,0.0,955671625000
0.3682682255533026,0.0,8922551729021
0.41375624740158196,0.0,2105518942513
0.3573810678751535,0.0,6180878430208
0.4810606748826132,0.0,3785475326625
0.46484250477133937,0.0,13924466403112
0.384742580491264,0.0,8142437083032
0.5242365389207855,0.0,6244751623375
0.37434329481577816,0.0,9877482786816
0.4111146654031615,0.0,4174058678301
0.4717279598945814,0.0,3042321849000
0.36304180132180885,0.0,10128168507456
0.5058184772925793,0.0,11567709840896
0.37584071620632853,0.0,49459153085243
0.4427599757626516,0.0,7654690942912
0.3958534965303526,0.0,1682611304984
0.415864546232008,0.0,1616442656256
0.46418409900962804,0.0,6703160376375
0.46346727071928223,0.0,6863332912064
0.4321258513490554,0.0,13152612170125
0.4561694274384003,0.0,5192995794013
0.3592946116311755,0.0,3486914730944
0.47988703227468277,0.0,21316144089583
0.4830232576097067,0.0,19091965502583
0.4824890911557736,0.0,2812774712896
0.548150887716295,0.0,8325928688832
0.26297201973379186,0.0,7949705765912
0.5717362640877353,0.0,20121428561599
0.5604112337846854,0.0,10588578877079
0.5104951825730325,0.0,17390083413312
0.4019447070366837,0.0,2945114611704
0.47117345392602955,0.0,7523775069875
0.3932609191576889,0.0,33417362861000
0.49085321532074333,0.0,2376598038625
0.4495030705113422,0.0,701173751104
0.45522302655674357,0.0,8806903954451
0.5183939438558303,0.0,18364221923887
0.45647379837631574,0.0,13234690130264
0.29326065834807064,0.0,25505649233856
0.5133824913720144,0.0,16694776041112
0.36516335330388755,0.0,2034864488448
0.5562342461772125,0.0,10091699281000
0.450797882517332,0.0,3278068076375
0.47304672885656046,0.0,1999899757799
0.6010107778105449,0.0,8279186167000
0.3130641186434286,0.0,3599867065976
0.31677900979230533,0.0,20485356001928
0.4269543951283292,0.0,6869835701000
0.25808112240021536,0.0,4946890630319
0.3860922562372804,0.0,1296455243264
0.3305987575257084,0.0,11396701080064
0.39575397368341464,0.0,11566175458375
0.27405213368585957,0.0,13117540040704
0.4308452760101412,0.0,11281624546752
0.47875244145166235,0.0,3342032927351
0.23474114828381745,0.0,9423345507848
0.5105195707044595,0.0,6842767821625
0.2976887830769602,0.0,4483962449000
0.4183362270827837,0.0,9748229209928
0.348933746820111,0.0,6194022777125
0.33313095725375974,0.0,1125188511201
0.3241750945547419,0.0,4871501393408
0.35260824387218853,0.0,5734377823699
0.4863970896980616,0.0,6822243852696
0.5328823438175606,0.0,5252598320887
0.41405281810344596,0.0,2865103143427
0.38753030489006074,0.0,10600155838063
0.4500441997996548,0.0,7530688538801
0.4417018961322464,0.0,6901323756319
0.568600915731778,0.0,10345981339000
0.21966491990684414,0.0,5880735125000
0.5550632909534362,0.0,54932670346744
0.40485416730291,0.0,1437158574125
0.528902202970364,0.0,17869652393984
0.5393178744605212,0.0,24002517639736
0.4988124727277361,0.0,4691010024000
0.5059126220681853,0.0,765558649792
0.4420751710278639,0.0,13645065627136
0.4574560488659445,0.0,5380534034667
0.4855790436443876,0.0,5214616982821
0.47693697704231575,0.0,1628039911744
0.29149189138331266,0.0,3179765452625
0.49650324072090335,0.0,13394792258749
0.37859757209740863,0.0,1536800264
0.4267304295132153,0.0,6752340686701
0.45552826549397907,0.0,5148143773163
0.3633700006777146,0.0,11498796875411
0.43355027515431904,0.0,16292408318551
0.44294149124124266,0.0,2121824125000
0.44562521457928134,0.0,5495568899023
0.39013518989338913,0.0,12103630336000
0.474416235741791,0.0,305093055168
0.500143900750391,0.0,8918680587272
0.3578595289691167,0.0,67032266721848
0.4659474276151879,0.0,24406665263343
0.30778828128606645,0.0,25030336851008
0.457858348502104,0.0,2513791727173
0.4998617583273162,0.0,12334396882625
0.3804180500249077,0.0,36350215724376
0.3987594354617748,0.0,5918936438969
0.3603829163982598,0.0,247673152000
0.5300033570237696,0.0,40043809816128
0.478486729263709,0.0,3087262840481
0.5322762392014425,0.0,6572830719168
0.2676477552410706,0.0,3819093484591
0.4393770157584365,0.0,6609742823663
0.31519792255604917,0.0,2276006576264
0.4377271135328762,0.0,816613824923
0.43060848629212406,0.0,15205069156824
0.4797555150346561,0.0,2264088527091
0.5464314772854378,0.0,4383566915896
0.35895401879928834,0.0,2334112384625
0.4519541333001749,0.0,15410365354125
0.529321189523966,0.0,7491568157263
0.2693848852900177,0.0,4464412682696
0.5884940131972565,0.0,12943114331239
0.42497065339683693,0.0,2755776808000
0.5371624491426588,0.0,24649793075727
0.40621649826682843,0.0,1594232306568
0.3952630732295204,0.0,1368000663301
0.6214754755380396,0.0,18395562556792
0.4127464398191036,0.0,17590199822343
0.4974360061670755,0.0,11853911588401
0.3815242969005404,0.0,939464338184
0.5724488536519495,0.0,29765060532271
0.3459477805951663,0.0,1600791800392
0.4880088023821721,0.0,491355848971
0.4119953917890115,0.0,1248547704832
0.5198240932760351,0.0,5048613998875
0.5601756615385517,0.0,3925618609375
0.4713830140969101,0.0,14338280804184
0.5662143169049286,0.0,7179004459171
0.26805257420238016,0.0,9930056821784
0.34511886526573393,0.0,24851073816568
0.3804800818314826,0.0,141909917696
0.4817154038808268,0.0,1562107353227
0.27374515218983764,0.0,22406687653888
0.3696086326120957,0.0,5405443875000
0.4182891864036951,0.0,183734794125
0.2330748231504101,0.0,11632276514312
0.463997003959573,0.0,1412090216459
0.5766152904468793,0.0,4280725424053
0.33154833720169724,0.0,2266675859456
0.4062204134982886,0.0,221225582592
0.5344235275003614,0.0,1643032000000
0.3811357618783697,0.0,658275956099
0.4584800383650379,0.0,8388938121759
0.5268437655935804,0.0,5209206070375
0.3635756974932103,0.0,11077636321088
0.275049706770027,0.0,2883904564904
0.4127230942161049,0.0,17281571535864
0.44200156224340315,0.0,226981000000
0.32921889443174696,0.0,826878404456
0.5640580854364213,0.0,7648866341927
0.3403263787076998,0.0,14996130696000
0.4585749919977999,0.0,2094695359875
0.3573831697554854,0.0,19465109000000
0.5924843336832111,0.0,3877292411000
0.4216809485382682,0.0,5084898745536
0.4714069030926837,0.0,12740761902016
0.4639076551001722,0.0,8663122360872
0.38197223671317293,0.0,4687648096256
0.4187790355701954,0.0,4731478615872
0.40955163243505693,0.0,2931574819328
0.46718521581627853,0.0,7518017079000
0.3068984591756997,0.0,26615737485793
0.457858202465818,0.0,4436814573568
0.5389893480139544,0.0,5631201644671
0.534559145740652,0.0,8472197272456
0.48662749427680496,0.0,12837559998375
0.40019098712309487,0.0,20525811272000
0.371911006062251,0.0,12967937037784
0.5165526024520728,0.0,3751330700872
0.3718516276921048,0.0,4037908809024
0.4613171213897206,0.0,1097827234496
0.37939610163484605,0.0,20297267488952
0.5225478947846192,0.0,11603038103119
0.39132777647243233,0.0,3525688648000
0.476648816716726,0.0,5109778215424
0.5073498257804774,0.0,13020998175576
0.37323518753241774,0.0,1257264147257
0.4845629721785194,0.0,3671507659483
0.5182961719557772,0.0,23430483508375
0.21527757602792524,0.0,8343193865768
0.5630032367632063,0.0,2092731429671
0.37389711944317905,0.0,32060450616832
0.40360380980336685,0.0,4732324177069
0.4146198271684557,0.0,2447821162333
0.4352598265555177,0.0,20196981058337
0.6143233960644986,0.0,8859463213888
0.5442507000260031,0.0,4818245769000
0.4553558797495716,0.0,8106065321472
0.40565676642689596,0.0,36548093438856
0.5590855735753953,0.0,13286792944125
0.4871859882735347,0.0,17357884532288
0.537234237989431,0.0,18506585011851
0.5318999027705397,0.0,16169326314903
0.5186417857319361,0.0,1945167082587
0.5082328458080753,0.0,7583832553023
0.4984968161441894,0.0,18110639217581
0.5861468438640239,0.0,24609160161503
0.5629493334033971,0.0,16414175657944
0.36852467321600857,0.0,1927921692536
0.4906855111429207,0.0,1189331394875
0.2673483781105342,0.0,29312128019537
0.5148059792988511,0.0,1570199061367
0.4598678007164018,0.0,15617501199936
0.39111780341258023,0.0,10703271358872
0.29994788190147464,0.0,27620290412352
0.4455705746722572,0.0,13653632701701
0.5664502726201961,0.0,14756603645952
0.47247219150432973,0.0,14375495455875
0.37303243606223546,0.0,8477185319000
0.4061600455295995,0.0,13077534016000
0.4905850942054351,0.0,38443359375000
0.47039644974851236,0.0,18681346441304
0.42132335078397687,0.0,19981932691456
0.46473210001222837,0.0,4184956320875
0.25047966379207887,0.0,6987589311032
0.5072093962466186,0.0,8180135367949
0.2552830562814117,0.0,4814823314456
0.4880625057261351,0.0,4905201130271
0.33924413253598507,0.0,4022713483264
0.3131262235269418,0.0,17517253573611
0.39384923146334727,0.0,598437750483
0.4918634605274098,0.0,2268229204619
0.3684226707752943,0.0,9729075696192
0.3516020744396325,0.0,11182320341928
0.2557287356292561,0.0,15589402068141
0.5164881682691574,0.0,2820553068689
0.5406660616414088,0.0,4954733614592
0.23641426460789242,0.0,12819475843264
0.42388026583974653,0.0,11146354718472
0.3407826057105188,0.0,6522432237504
0.35521810109350027,0.0,10360232000000
0.392331043457003,0.0,21652318158848
0.25903526995687437,0.0,8512156474632
0.5520712327053257,0.0,12807976591773
0.3935413229983267,0.0,1598740029557
0.5020717032865708,0.0,2659620001375
0.4087445744824157,0.0,1571009765625
0.42344960176916835,0.0,597798849024
0.39140926926401964,0.0,8899341673067
0.5674479647163437,0.0,4294977781375
0.36762791407898193,0.0,1462521876551
0.3490821834078968,0.0,1960164690875
0.4383246767680671,0.0,11480466422879
0.5090629785361792,0.0,5581968754419
0.41605452906358315,0.0,2365396076224
0.5407110506348507,0.0,6720239390311
0.4281597762287865,0.0,19858478912000
0.47115819753374744,0.0,4742478770401
0.46025982143135913,0.0,1638024455872
0.5556707943065197,0.0,2757546230167
0.3830342916972026,0.0,43354526697000
0.3376964165905146,0.0,6577042272256
0.3914581147240516,0.0,28122197921000
0.39995039040295294,0.0,25648885417771
0.4622177180549383,0.0,4514213355183
0.40543101362852735,0.0,12477482185384
0.3652758331951042,0.0,27251879214357
0.5816674108648318,0.0,13070874263616
0.5517836222087191,0.0,22304316191949
0.39833264007952,0.0,28798936527808
0.5730477366248008,0.0,2764631492875
0.45755198168318484,0.0,37956769099543
0.40106044736883206,0.0,24774509559808
0.5090051334171007,0.0,22650774036184
0.3362944195728469,0.0,44780476137831
0.4701819746073959,0.0,3024091854181
0.4753847720088976,0.0,12504938342931
0.5150979335518862,0.0,26738945897327
0.3353566031352769,0.0,59410306808
0.3472862386724306,0.0,2097643558401
0.3966736006227897,0.0,40689836179875
0.4395172359575225,0.0,1106469823607
0.3812733668067896,0.0,320294299688
0.5059447819109255,0.0,30784956784821
0.45196954584250093,0.0,10407352016537
0.45105028713808876,0.0,5600870376479
0.5523769266162326,0.0,1539598564323
0.2833285652582697,0.0,22076892104877
0.6494948656754571,0.0,8985939039000
0.5265993446471742,0.0,3336001184888
0.30833622463415605,0.0,43588193334057
0.47037378832031257,0.0,3944312000000
0.48768208953117864,0.0,5663548390625
0.5339278320145974,0.0,2503268376552
0.5084030214862448,0.0,4283098624000
0.5525084412854532,0.0,1635940985687
0.4553730336920709,0.0,6145582261013
0.422546712153138,0.0,21017720905173
0.37982282368188813,0.0,17836864049152
0.3292812454889756,0.0,494350771643
0.4401005871132753,0.0,17515230173000
0.32270404500957395,0.0,24810219946296
0.2916385509732014,0.0,7781225130496
0.5527126478392045,0.0,48435533177408
0.4728826425949207,0.0,19560781840384
0.5542459065789238,0.0,1425727406375
0.4772028110028844,0.0,7731853016824
0.34141270205413393,0.0,13293525831769
0.4324661732793302,0.0,1653077684224
0.41826129357699915,0.0,20237055894251
0.5268617217486112,0.0,4294977781375
0.5891153752245917,0.0,8046891319319
0.34931146126728263,0.0,14749385349824
0.4303255912552652,0.0,2028608307179
0.4148001645803333,0.0,22154893900056
0.3320609725220135,0.0,16317485428544
0.276481657591515,0.0,5183106088616
0.5519598761071243,0.0,25944851340864
0.5215695706889231,0.0,12652594619608
0.25925559763827744,0.0,2775874629464
0.4082964422119931,0.0,16923126882024
0.3195174819637635,0.0,2035828118024
0.4435468704554649,0.0,2148686539264
0.4603930764042944,0.0,1898792985887
0.46746573610948855,0.0,21508145541000
0.38901203002974816,0.0,239020589816
0.5056483252878302,0.0,1997043891857
0.396412509080005,0.0,9409967676928
0.5615639960563679,0.0,5956317014383
0.5121995957239064,0.0,1922814412875
0.4137755165589984,0.0,5260761100288
0.32305284455356914,0.0,813211271704
0.42171396618988133,0.0,9200275210664
0.3963921611701321,0.0,1312213091392
0.45405896167069704,0.0,173647719539
0.2921265913131424,0.0,4575949559208
0.4006181279231449,0.0,2055164650344
0.5398506755140774,0.0,6968965487301
0.3415008263613257,0.0,4096000000000
0.31999273769248343,0.0,21129874182136
0.45392056464792574,0.0,3398680167875
0.49150866458676634,0.0,16359982212456
0.495812388726561,0.0,1520478284499
0.4703552651308015,0.0,6967871000000
0.4184658057382093,0.0,13130893490688
0.4405396313639255,0.0,7541066681000
0.4232343722001437,0.0,8965208244824
0.391476660902231,0.0,1015984418877
0.496409704479077,0.0,2975421119887
0.5243455718320507,0.0,5743994420429
0.4448067129015578,0.0,918046641959
0.4416861836821907,0.0,6833040818176
0.2568932920061177,0.0,22547659897251
0.4750260253661659,0.0,3426560358976
0.3490649701876999,0.0,14905098181000
0.4319517959012683,0.0,1368000663301
0.4052533833006961,0.0,4604121067456
0.46109389835368186,0.0,2717624958875
0.4130681343248482,0.0,19713633878744
0.406173052520288,0.0,6231535580808
0.49531546560965284,0.0,8344428005187
0.39400534626123307,0.0,3247051802112
0.22884786326267376,0.0,43213989498688
0.36063748045340704,0.0,502839185408
0.4449069321370448,0.0,12607038814824
0.5061763465342645,0.0,29212420529592
0.43997927307216633,0.0,30959144000000
0.3988400506524454,0.0,4639080497752
0.4326309106110561,0.0,3190806295048
0.44516955003945863,0.0,1764980714125
0.5630844274184736,0.0,17802070405631
0.40480691429240734,0.0,15107691357361
0.37812573670967703,0.0,17343810029125
0.39947002863613507,0.0,4512574703125
0.3670832748969518,0.0,40498488313821
0.41752920656489906,0.0,19957642578125
0.40578225146744473,0.0,1569388636061
0.4113080759877019,0.0,25184675299328
0.46933641586658886,0.0,3567549952000
0.6132692448508,0.0,10042744484375
0.3974326802123207,0.0,437591218688
0.6036643838232509,0.0,4358704395375
0.5356935772481106,0.0,6529765913371
0.28502289566001227,0.0,6689305003688
0.5851936031092566,0.0,9580809274919
0.5492891406410138,0.0,8789004614853
0.49549746296201214,0.0,1687709265416
0.5138661636342008,0.0,1735354408913
0.5458845549716919,0.0,1141166125000
0.5243808124928419,0.0,1491704016776
0.33048714317943945,0.0,15118694328583
0.4755071182474492,0.0,560291390784
0.5251043470175712,0.0,2615522986952
0.48448440974434104,0.0,528690140056
0.4538088790990805,0.0,3503497124672
0.41503717907745746,0.0,573649047629
0.408924603231558,0.0,780975516329
0.44750780026437303,0.0,479864783789
0.42500087492890165,0.0,1934900728181
0.39431460421129505,0.0,100350148023
0.3144774556483417,0.0,47194603380072
0.4103987106795583,0.0,90458382169
0.4325057866070094,0.0,57244679864
0.43805642897347263,0.0,93638512421
0.6492540301896695,0.0,59593201416000
0.4393413207937341,0.0,1625135415093
0.4726563447391606,0.0,6950374784704
0.4069104016708498,0.0,4989691625472
0.40394861223612144,0.0,5757475709467
0.5004327101306484,0.0,1249939619648
0.42564185229538043,0.0,6605517320947
0.48088099591993266,0.0,10679975954648
0.3904606211360215,0.0,1312572700349
0.4431038249276586,0.0,5889536179379
0.48037328945226354,0.0,4582567781000
0.49466355147247104,0.0,3404108284507
0.4293007804399916,0.0,5267115772199
0.5026701839023123,0.0,21829922995392
0.4651367390638501,0.0,4196653397000
0.440335469360656,0.0,5432284395539
0.47014737542779284,0.0,7239460488625
0.3600627339490043,0.0,22800002942016
0.5199322307865689,0.0,2803221000000
0.3327850473053613,0.0,33199964344000
0.4357169964953991,0.0,23068805323563
0.5178858660522501,0.0,1255517623872
0.47815810544333254,0.0,321841612477
0.48299598224066215,0.0,2276525698875
0.4481161183162633,0.0,5865110463304
0.5447993469962888,0.0,35203702980824
0.4355170780252709,0.0,17902480896000
0.46917040148511047,0.0,17576000000000
0.42745883342066615,0.0,26420988962304
0.48284763439386214,0.0,29303572787000
0.40287753508667196,0.0,3731808877831
0.3651564582547417,0.0,4060009928177
0.33225648146521847,0.0,30266317738944
0.5795023615161575,0.0,5187599851231
0.3482140903666893,0.0,23425570942397
0.5027271220147562,0.0,13858588808000
0.3523780271884916,0.0,14049858997000
0.3440665581649145,0.0,16182758112184
0.3890746344158644,0.0,13164316756928
0.4306835324266844,0.0,9595703125000
0.26895925747358135,0.0,16600890151000
0.2990819178743512,0.0,28138847031296
0.3631771752813077,0.0,9053534787688
0.3945899032842801,0.0,15083869902912
0.42695740150032824,0.0,7526079089173
0.5111484357857491,0.0,4140705667112
0.4366467866890818,0.0,22722899996224
0.4771766004601464,0.0,12178112381343
0.3260378490319127,0.0,14839783391224
0.41155193668448065,0.0,18274576104000
0.3550963364330904,0.0,4821669844984
0.3349303302424776,0.0,533411731000
0.31079860240420215,0.0,29297870223552
0.35048162199433386,0.0,13342407302232
0.48612949086546875,0.0,19363258152477
0.29293547512084206,0.0,33974446635072
0.37473968048137324,0.0,12734216990208
0.36771637311886607,0.0,13744664254664
0.5824112275946471,0.0,7602375867247
0.4228765450639309,0.0,28663853788864
0.4492278608130388,0.0,1055288759741
0.4612889832160327,0.0,14352450231608
0.3368529262158673,0.0,10581347558664
0.4954652179070496,0.0,8904495980583
0.26746446802793,0.0,19365421483864
0.49161550494909523,0.0,47053700693208
0.3431488472237596,0.0,4319597601656
0.4740499723859453,0.0,569928986171
0.4764114326767974,0.0,3107661785857
0.4570032762875652,0.0,10892329331463
0.4111349566874061,0.0,1256565343671
0.4774851402171826,0.0,10219725735101
0.38736780445086116,0.0,11855471313608
0.5418493080106793,0.0,2371792877056
0.5075383176436171,0.0,413660154851
0.4412939460608914,0.0,1047533876416
0.3996852200350719,0.0,13214557925288
0.4362860244578474,0.0,11143361069056
0.42102096084069285,0.0,805135661127
0.5381169988039941,0.0,6628779886625
0.40193542391803017,0.0,3863241584371
0.5128187131511345,0.0,1952656287499
0.4403453890641243,0.0,1090500623757
0.44221881519018735,0.0,1592186145733
0.5090918756097923,0.0,538955684072
0.34178215878036855,0.0,28562819410432
0.4811190543714535,0.0,3434066263503
0.42622292413743357,0.0,26397044859375
0.4154943662334239,0.0,13830913152064
0.38813712370909786,0.0,22538083825223
0.28346214205457615,0.0,32169568406464
0.39617585496661734,0.0,25536855163392
0.431863627639759,0.0,30272145282296
0.33892600052194066,0.0,19556426288888
0.41539676578273177,0.0,12068870997672
0.4860938447103125,0.0,5270749309827
0.41164182125011406,0.0,4038669578125
0.41367531331790897,0.0,6119449416171
0.5070487555778358,0.0,3210352427008
0.5052559421176042,0.0,34157296652536
0.4982781853104088,0.0,14271103369216
0.4109118898790743,0.0,30377169014408
0.3566272463326857,0.0,23442767928000
0.41162863426619234,0.0,13474475862336
0.6055999031002363,0.0,5129383202936
0.32008218531949023,0.0,1500730351849
0.44184113873383696,0.0,16125245599744
0.5369313876331663,0.0,879217912000
0.35697198579914197,0.0,6984300345875
0.5056388058847188,0.0,3303288979957
0.42564587658985614,0.0,10725141542877
0.46163733395410206,0.0,293019561288
0.5092730155133187,0.0,58954708288
0.536965685553305,0.0,581555597923
0.42354867560895487,0.0,7403473349000
0.48027441454252334,0.0,1874516337000
0.5324144699096746,0.0,7856862272
0.3762225459050958,0.0,9792103030984
0.49544737770100655,0.0,5124031424
0.3218808573831164,0.0,19619645096611
0.5293010887252516,0.0,22292432809984
0.43299859498507876,0.0,2931574819328
0.4354119948157725,0.0,8175264548625
0.47831870001571314,0.0,15499711374237
0.45524146598378873,0.0,339484082176
0.4004566826044743,0.0,44663302592000
0.3190900819270412,0.0,28911829133888
0.4482810872448107,0.0,9455504020136
0.410904882065137,0.0,10729519151616
0.5429118756345843,0.0,28361463463936
0.3749552859266676,0.0,2051287591816
0.41235756742510127,0.0,4410137169199
0.39480097742892495,0.0,4032586100213
0.4321247322156862,0.0,683099533943
0.3454893365733701,0.0,12992791461229
0.43863874392180224,0.0,33698267000
0.22009749070473542,0.0,56782505825856
0.4395900734964341,0.0,1341919727000
0.44975027781445037,0.0,697864103
0.4297331472271679,0.0,671761055512
0.34633972354682124,0.0,50316971812632
0.41798424095793957,0.0,32187778741
0.4168155366586681,0.0,17614560164859
0.4589588568917752,0.0,6256967620483
0.4122407815113443,0.0,21004015186071
0.36564811773397354,0.0,36488654917632
0.29056140706765715,0.0,23129636471488
0.25171153938257707,0.0,7132216495249
0.3401124239294006,0.0,6220367350471
0.5437803904554653,0.0,4792616856000
0.5876279897880279,0.0,9034001349283
0.25720262292480356,0.0,3726037668527
0.61296607723621,0.0,13389716764936
0.5408895119039308,0.0,2983496371136
0.5523103470057931,0.0,14894199100864
0.4859756584655728,0.0,3549369607064
0.4704498893005483,0.0,6200095678811
0.4156656877529031,0.0,11260511093944
0.5452838202501283,0.0,564584009625
0.1289559627109823,0.0,27140643500608
0.3161794304442432,0.0,210220330536
0.6443093301298437,0.0,10982498796352
0.12555718282090775,0.0,16771318451173
0.3954330687321611,0.0,3109578780736
0.32600373738575206,0.0,15140716295419
0.5184790179720806,0.0,40530337875
0.5810279183876472,0.0,27669661326936
0.454096868006452,0.0,411166897856
0.5959870313150272,0.0,6309063351352
0.40548132908608,0.0,14286994809625
0.5396178659620972,0.0,4996702900736
0.261480098651924,0.0,26613063254016
0.3556520090740152,0.0,39442883264000
0.3787843014850709,0.0,47359345032000
0.3228813617689525,0.0,41579962161984
0.4572525726291559,0.0,655555498703
0.3597079593127383,0.0,11161331008192
0.4575293470386483,0.0,21919088461256
0.44332626230405403,0.0,120627009621
0.4217662893892663,0.0,17699998464981
0.4101248826221455,0.0,4590849528000
0.262799775827278,0.0,47453655017664
0.2746377077056649,0.0,44655750035352
0.3614587593831679,0.0,6436931983208
0.3805080088210662,0.0,18357958072000
0.4254378965967262,0.0,8989829617257
0.44021366275244395,0.0,6386198798377
0.3707051858567748,0.0,29606868665856
0.49689259985854894,0.0,14724139851
0.450984113035886,0.0,4876675889912
0.4680990075514965,0.0,978555146752
0.2962949294223585,0.0,14589386512875
0.4696434655646059,0.0,413660154851
0.35761677991994917,0.0,10587132349912
0.5149484089399937,0.0,1418140402875
0.3512961935103447,0.0,17057950818488
0.4849731789309148,0.0,432424228328
0.4196721486712613,0.0,10748502554509
0.46582752357880486,0.0,1246809264947
0.30083288697209004,0.0,16136737183000
0.5255581892514836,0.0,5446202220584
0.3156335432873324,0.0,12472641156871
0.4283624730084579,0.0,2742236377973
0.40238453724041534,0.0,19222986935872
0.4345917192866386,0.0,8364190790899
0.4597027388319082,0.0,8597486551256
0.4724456937339126,0.0,10921838493203
0.43881635119882967,0.0,6432780463192
0.5190041745141745,0.0,215460449875
0.3676611241294834,0.0,8617646746008
0.46191317638779317,0.0,582392067551
0.2758576333207039,0.0,11943034452712
0.49649939739235066,0.0,338754636611
0.3158823168568009,0.0,27812618823592
0.4959374416826929,0.0,1153330571303
0.4459862641950954,0.0,2459828290499
0.20109639320567982,0.0,50636573775936
0.45103469306768074,0.0,54396858069
0.28952372471637805,0.0,31142894903128
0.5148494189829209,0.0,410669451737
0.35079566222670466,0.0,9520040369384
0.3454361283280339,0.0,10561117384000
0.4936538916878235,0.0,15171950673216
0.46134875280985554,0.0,47871688591
0.3635323012125135,0.0,5967167004072
0.4833670589894025,0.0,26892143936
0.4880788448461467,0.0,4705316150093
0.4319815465575573,0.0,5362131722527
0.4641175365451948,0.0,620868785291
0.3108993386974351,0.0,12227405690872
0.4843866714722804,0.0,49958012987
0.3975906556572808,0.0,5308089464384
0.3636440370217978,0.0,6018636259000
0.4941483424166989,0.0,1294672602699
0.3156118256289476,0.0,16398679623416
0.47844673694413914,0.0,1091772468073
0.39879115152417316,0.0,15260373670464
0.43802340858445016,0.0,8827390080963
0.3748029549208596,0.0,19465109000000
0.5224204195750404,0.0,28364253573473
0.4391409178407472,0.0,11100013368443
0.48890374857557894,0.0,14191822905931
0.3848740377551109,0.0,18751134426263
0.5772579061749799,0.0,9261000000000
0.43818963207657313,0.0,23647316984927
0.3646693615571427,0.0,10655261650125
0.3754752971077043,0.0,19134857534723
0.4347894595871106,0.0,24680297095875
0.43304618345163054,0.0,4829379946327
0.4603884701132423,0.0,3261545587000
0.40161341939296485,0.0,23093124967333
0.4873234012031177,0.0,9563227331176
0.2866631926118526,0.0,19873882747503
0.4640048064817064,0.0,11152343625688
0.41513012736732524,0.0,3066320125952
0.5006990922383758,0.0,8074630878328
0.4326672863341497,0.0,2967360453000
0.44663369506799455,0.0,2591110840375
0.42618122559788574,0.0,7155584983000
0.3537099683614286,0.0,31542514796736
0.33291195342955804,0.0,21293088810813
0.43766426687561316,0.0,14734955820096
0.42021000704489114,0.0,10503459000000
0.5254042339699894,0.0,7072359839875
0.4169737193200662,0.0,3119175581131
0.4619522015350841,0.0,5184004633443
0.5468691250374674,0.0,7090060090931
0.44413483151673505,0.0,10031577091263
0.49315035702214727,0.0,13317108849927
0.38144533995159957,0.0,30687815570112
0.5065126522119658,0.0,11449958976819
0.43028312327473023,0.0,4781539277423
0.4463395542030646,0.0,4260982840128
0.4222380185646832,0.0,10284852399723
0.4801856931815463,0.0,4825952220699
0.3771390147231564,0.0,24690470692159
0.3957854010266481,0.0,10507776081327
0.4252723052883617,0.0,8970387950952
0.3808214765087581,0.0,16079333824000
0.44484183513078296,0.0,10704728445319
0.33851946595050186,0.0,1829725322391
0.4772799904169191,0.0,10236688714097
0.4074725598570356,0.0,7903193128559
0.38250185835657047,0.0,9307382217875
0.34006936998215276,0.0,2310962592861
0.35318384350225557,0.0,25824096409112
0.47642135908466526,0.0,4796882014625
0.41612610320020227,0.0,2255822295875
0.49254806427113024,0.0,35621031578327
0.40446093859587895,0.0,8403809924691
0.34352365014729996,0.0,4907799835784
0.34767461812191064,0.0,8236288914875
0.39430020126991544,0.0,2283801705809
0.42579048882794074,0.0,6917648369464
0.5518069486366208,0.0,11621498760451
0.4165244689257805,0.0,1388061548875
0.4235915775321423,0.0,5319965742993
0.5222318417592312,0.0,4382763427125
0.48182429758587797,0.0,9073096362793
0.4123725622642371,0.0,2838557821679
0.4309088964702006,0.0,2744588042001
0.3476838238391534,0.0,32660597557125
0.38992361225929295,0.0,15159084261749
0.34495954822195174,0.0,9280859178375
0.40504259131790926,0.0,2481210036872
0.2518949950572746,0.0,13318794417664
0.2974387467118698,0.0,11740420772352
0.25689003180520203,0.0,18940216508416
0.5991641630260508,0.0,5614126868917
0.35094496138064246,0.0,3266826728472
0.3132513429820104,0.0,14646780255563
0.3443736019296626,0.0,5133845864251
0.5551931604497689,0.0,5737261674808
0.544329856004779,0.0,9397938459727
0.524069522495774,0.0,329366725416
0.4244180024823538,0.0,7327383639967
0.48700467369345796,0.0,2100102502616
0.541238359169355,0.0,1680066179072
0.5246526183982311,0.0,3619633581864
0.34480198055361677,0.0,18552800685817
0.4939525412432449,0.0,3524298940232
0.442315946159198,0.0,36231832629
0.5715894208634713,0.0,16575523438473
0.41736284283216957,0.0,25516048384000
0.4033191130290492,0.0,827671530869
0.5631911889144388,0.0,39127397169349
0.5208262584248952,0.0,19104826374837
0.5715504588899332,0.0,19397890792909
0.4547941165052956,0.0,887780766131
0.45638379462042344,0.0,3660095871531
0.4883662044279743,0.0,19430396375104
0.5120651329560161,0.0,26559616229056
0.4512578932199614,0.0,4478254550587
0.4402523716880148,0.0,1274818547107
0.5076986317097532,0.0,21132167169023
0.48638689194608564,0.0,13426966840832
0.4514001973668786,0.0,4491308299499
0.47180965015317883,0.0,7454872955375
0.4534152828619943,0.0,8161879766104
0.42648403682138913,0.0,2115390860253
0.48682202472543384,0.0,4476624612641
0.4435885750316522,0.0,2038238522839
0.47845587114748767,0.0,1747077781184
0.4696599646728874,0.0,7936568391123
0.434720579421553,0.0,6375877949007
0.4554869435078509,0.0,10474708672000
0.5382022409816158,0.0,4685967734904
0.37710875138196787,0.0,12413038056264
0.30132417909149367,0.0,26602368118208
0.32147831691611606,0.0,22756611110472
0.4899909469501757,0.0,8548477854623
0.2762798354839905,0.0,31758640909632
0.44601037340983923,0.0,6956932429000
0.5633906526291113,0.0,11604575744000
0.29088825926646616,0.0,14516070154984
0.18609560020000082,0.0,33411138342912
0.24410211563969522,0.0,18978611710024
0.36636771549892727,0.0,27051332496859
0.3847709345864745,0.0,11857031175627
0.31307397037922724,0.0,17861451544000
0.42879666929727683,0.0,12070449522019
0.518488631479026,0.0,11209345272000
0.4474451044732309,0.0,15978254214203
0.494149055628434,0.0,5554637011000
0.4995621388828889,0.0,8226504679203
0.42525233509264326,0.0,4413365082827
0.4515524114660908,0.0,2821751010091
0.47391636554449384,0.0,4110609334859
0.2881476761796561,0.0,31351227800768
0.37155020996852894,0.0,12189231526744
0.4128884371555597,0.0,3094901950517
0.4891653545979564,0.0,12048362703125
0.4927534192750319,0.0,20776462931771
0.48985946061768454,0.0,10020417979879
0.30297397331513126,0.0,17259522752107
0.44138277892901173,0.0,1460203888625
0.46246430908630315,0.0,12387322664072
0.3981728155808145,0.0,24479940798656
0.35453683295826244,0.0,14872416882688
0.35428870754575686,0.0,8985939039000
0.43945330552291695,0.0,33246470123875
0.31662256545157497,0.0,22088698771112
0.4369623408155136,0.0,15510903848019
0.36714152834570424,0.0,22607571808576
0.4635182716798214,0.0,6325466497784
0.4109512980386765,0.0,26514242560259
0.4588709503219221,0.0,10608844094317
0.2637071666824811,0.0,34353481240512
0.36779570396363315,0.0,12938153594176
0.3746453232455391,0.0,7615141914024
0.3977673971963133,0.0,36829647561511
0.4095119033776865,0.0,17687776116375
0.31687614396911673,0.0,19261763214616
0.5194965783453758,0.0,18208052610112
0.40982417778647967,0.0,4917336275125
0.4600471591321924,0.0,39840494684264
0.3059794282636033,0.0,34458207716421
0.3032122682648206,0.0,15058244047384
0.34065667510200864,0.0,1478037849471
0.3921841424318042,0.0,20769661878272
0.4384948704277264,0.0,3506958394057
0.3803379521419655,0.0,3965318943552
0.3303202510791368,0.0,16497634118993
0.3624147221808706,0.0,6069402371521
0.25884095543006613,0.0,41493607128000
0.3298494183746434,0.0,17121644384824
0.4323765359184124,0.0,6597071718875
0.27183131225849166,0.0,19698312969343
0.4169916493633015,0.0,4848261453125
0.4050909586563361,0.0,9689480404759
0.3545767061859238,0.0,10656714376216
0.30058493737330566,0.0,24953404649048
0.44841456686689635,0.0,13438833609375
0.3705797788809752,0.0,19928961468928
0.4893932442123157,0.0,13670777607031
0.35363897311644216,0.0,5386984777000
0.5352383652361982,0.0,6000786624448
0.4262541398114384,0.0,6683981102253
0.5168486099422194,0.0,5642604040627
0.46234190639570044,0.0,7860419738387
0.39122656179704496,0.0,17539521266168
0.23857631674988808,0.0,30634915689000
0.3523462984267592,0.0,17085797281216
0.49934408801350355,0.0,24644711517301
0.39341223076205656,0.0,10427385412423
0.45964863471391965,0.0,9707216706368
0.3678079110488231,0.0,2229096041047
0.5219976452163717,0.0,2726983297611
0.3745351194966718,0.0,16192356805899
0.4342659962128881,0.0,6047468397459
0.4252262986934659,0.0,9544317000128
0.4224010615827576,0.0,3886184147048
0.4070526357102016,0.0,15003429266944
0.4666717855626582,0.0,5436921032704
0.4922063562205308,0.0,718119583875
0.34071053988355904,0.0,5796109875347
0.2986351549930347,0.0,16954786009000
0.48935017992007634,0.0,3964567414283
0.33630372719357327,0.0,27540871970599
0.3725000465555552,0.0,12140040936087
0.4303906433671832,0.0,12356831794159
0.43346433679820423,0.0,10502020235699
0.47773656171398177,0.0,2999690679448
0.46317362585639676,0.0,2063419613891
0.5096608629598931,0.0,21168877523247
0.45342161716882917,0.0,23489487881119
0.38121733375745925,0.0,7675683989176
0.36683640887347974,0.0,20887757064000
0.47670852285617993,0.0,1057155609203
0.3819355761734695,0.0,14491091672000
0.48448796360455143,0.0,10130977466072
0.47270555322219654,0.0,16948846917703
0.4789776767823342,0.0,9621465208109
0.37163490190819976,0.0,12384110739456
0.4468277119325659,0.0,9831977213967
0.18307297788971455,0.0,41984536753216
0.48260832832289013,0.0,10481891329125
0.39118153760621865,0.0,5913048577787
0.4213121359791762,0.0,5311741819392
0.42912829310792155,0.0,6129491724901
0.29886233071404156,0.0,8726547937472
0.4232336083793404,0.0,596947688000
0.3440173832630607,0.0,25391445004288
0.33745572159550064,0.0,10046934392552
0.3916947698009249,0.0,16044957241048
0.3810605030365955,0.0,9827847288000
0.3413764012331813,0.0,18232979968000
0.48529741359155554,0.0,4946890630319
0.3793932299793009,0.0,24336055357739
0.43234517301275116,0.0,9941148758008
0.4293416927743918,0.0,13787743742739
0.5233031518391359,0.0,17219482116767
0.48594779684538125,0.0,6517197260839
0.44026543808139584,0.0,7775336508731
0.5231612545689822,0.0,8720191495287
0.4883837178606132,0.0,15766047296875
0.2899295914695465,0.0,21769054581448
0.5145507214992185,0.0,10678521115261
0.3232858973001475,0.0,4541308416000
0.5308686030713553,0.0,5933673188864
0.4549860098810028,0.0,623273556088
0.36634043692244783,0.0,14218217015176
0.42243330959800324,0.0,6765209774497
0.37129232473781415,0.0,26768465003944
0.48023327758565726,0.0,779958290125
0.4399894167540188,0.0,14888751553801
0.49757417736697623,0.0,5305351297121
0.5123928222324281,0.0,389176891901
0.3900203199998088,0.0,18620160737625
0.4422555994265504,0.0,7327383639967
0.5294160276473211,0.0,20620413955448
0.4707238343553198,0.0,11595351936104
0.5899568408310475,0.0,36297569231000
0.44425562111827,0.0,7127771131125
0.4902731103714188,0.0,22718086842248
0.4498076405256785,0.0,1978074236377
0.5657627077137477,0.0,42926470582744
0.4255032321172926,0.0,20050492666463
0.3828954627276301,0.0,5655926277513
0.462546205439101,0.0,28033513570152
0.4863871172951806,0.0,20312897374125
0.40648122423250427,0.0,9298093413952
0.4009929021637449,0.0,1228825055431
0.5615429807611859,0.0,53165859011208
0.5105518733135189,0.0,46913078735496
0.4496860227267,0.0,10073497543173
0.4216754455002536,0.0,19068402229696
0.4390541397520674,0.0,54742142573000
0.48844184691622783,0.0,7637226005557
0.48097759796142064,0.0,16873738434449
0.3945643026475148,0.0,7484678655481
0.37014511105829706,0.0,26208659505664
0.46049275784202814,0.0,215784071992
0.5211247617702499,0.0,24037482456000
0.3839790656564694,0.0,4370722875000
0.47571848457103805,0.0,7247322142208
0.4777477932411084,0.0,780975516329
0.502799996152663,0.0,15700120064000
0.35846039456679957,0.0,9005403160125
0.4993127208255303,0.0,3305951312273
0.4160463133250784,0.0,14030653277159
0.3417885067775185,0.0,18314150986279
0.4393859890654024,0.0,7597737208179
0.3880265053845253,0.0,32571784953856
0.44849495447966775,0.0,2792498959368
0.39870229725967316,0.0,9139816453312
0.4643098787722481,0.0,15832158831000
0.3436000119880596,0.0,12403390617792
0.4687867620705516,0.0,11961853903000
0.36632875793320097,0.0,23701733578125
0.4712812129016761,0.0,5171434452757
0.3650847490300344,0.0,12225813511653
0.5029466406196581,0.0,12136871902141
0.27694615112900656,0.0,13888034618653
0.5842779584591083,0.0,4097536192008
0.6025321286297849,0.0,10145030049792
0.38396807133502536,0.0,12453289564339
0.5903235632086472,0.0,23907784090112
0.5090123081866883,0.0,982404224621
0.6440189547998968,0.0,16159736725768
0.26198446969930744,0.0,18376753901869
0.3384100000415165,0.0,3141001386125
0.36958389166812716,0.0,16641921796291
0.501338814396633,0.0,32048341671744
0.32382512347776354,0.0,7891296106429
0.30123975849,0.0,3690818796664
0.5746469439332317,0.0,2058075648000
0.5977653038183464,0.0,12303992960056
0.43479302974190986,0.0,-8895477248
0.11718214892847942,0.0,33648213882304
0.5445884145417043,0.0,239020589816
0.28804393083714136,0.0,8014408641728
0.23693521286614336,0.0,11018111267008
0.5884930785459446,0.0,4281516393272
0.5762246997343942,0.0,1211696434781
0.5267232407375181,0.0,1528425711359
0.4908106113526433,0.0,18601199271936
0.4531628214376624,0.0,2883904564904
0.4034424144191526,0.0,15050927709000
0.2987310717981519,0.0,8622691714216
0.33329467657816436,0.0,6195034651896
0.35072699516414513,0.0,7882975298808
0.4267621538401336,0.0,36753320148992
0.45240762817409763,0.0,13174354785032
0.4412538320403506,0.0,4717119482011
0.4462539136637348,0.0,11969701171875
0.43762932633774615,0.0,25350000869376
0.44860748809532125,0.0,15841618395875
0.3954170577116709,0.0,3432018112704
0.2972972940832725,0.0,53753368824000
0.39970778841547855,0.0,4535551944377
0.369586543415025,0.0,373714754427
0.37549578905110836,0.0,4666672433431
0.2571428542040817,0.0,63865694058048
0.4247962991776544,0.0,28706021666659
0.36961301632133414,0.0,9621465208109
0.4140199952929895,0.0,31939498340352
0.39474988916884257,0.0,25641058742272
0.2592290583989849,0.0,24606622088056
0.41806823073194843,0.0,41709719232
0.45645367586335966,0.0,7521471520857
0.4147908417803629,0.0,20593355021000
0.4369994365507326,0.0,2184854450176
0.46361703660753634,0.0,843908625000
0.4161723997650116,0.0,30826230063875
0.4554727376402423,0.0,3152597332247
0.4602521035946413,0.0,13614253832152
0.4017811111540756,0.0,10852576344000
0.4625385748121786,0.0,18305814688875
0.41396858164452593,0.0,7602375867247
0.46597351434697193,0.0,12992791461229
0.4204029510943463,0.0,11404299218229
0.38952653012581967,0.0,1101342835783
0.361961055210014,0.0,3382430446331
0.40746072740930256,0.0,4260982840128
0.3961124538350043,0.0,9124088283136
0.5217432330114501,0.0,7772981892129
0.518599643676605,0.0,14693523351157
0.4948959139866496,0.0,2464204234843
0.49745662583051875,0.0,6019628941871
0.4447337351333392,0.0,1568578489659
0.45450113016704213,0.0,4333138650127
0.5097905502475808,0.0,2472971686667
0.4859493186790611,0.0,6035526715743
0.4250936378464841,0.0,4003772996439
0.397081927573975,0.0,8694796593547
0.4693077164431318,0.0,3047994293499
0.34966961935044794,0.0,9907897707352
0.4522748111430786,0.0,7059104001487
0.46148189748314467,0.0,5846592153375
0.34213515194376937,0.0,14256987540992
0.44577176763311444,0.0,11695537198099
0.44083880497182804,0.0,7001853425091
0.42300463164622637,0.0,13506777868375
0.39954429975205463,0.0,1449418992013
0.383926069029827,0.0,4096768048001
0.4743296164091178,0.0,4784945943051
0.49731218465157945,0.0,810339581267
0.4513849081013852,0.0,9986990305375
0.5066309534830725,0.0,3348743385681
0.4781410618125916,0.0,7581516761125
0.41718500864117014,0.0,1389555292679
0.40779637850053263,0.0,3976603282107
0.43337201300130246,0.0,1165581157824
0.44076238313821775,0.0,3517355878912
0.4087773307017551,0.0,4141479293379
0.3962343222259977,0.0,8925133112407
0.38952867687891923,0.0,42169628955943
0.4564104884732983,0.0,1409071586931
0.40070761659016046,0.0,12165413068999
0.4077099829566102,0.0,152102274472
0.4271383426944514,0.0,15384370928311
0.39391949388556685,0.0,21726981259264
0.36352560066066764,0.0,141665198597
0.3715975559156905,0.0,878392183033
0.41039806058532285,0.0,3658671062929
0.3695856530781468,0.0,1245766976000
0.3117719758672239,0.0,19326506165056
0.3570303907108548,0.0,594399053312
0.3329934697066028,0.0,4866330558536
0.4537689069036811,0.0,537566112091
0.3578354124673529,0.0,1019019320047
0.46496814578571155,0.0,70301816155648
0.35099214887948643,0.0,1180261970432
0.24603913466636682,0.0,13527205710283
0.36334181558345774,0.0,28261141336000
0.3699642329654482,0.0,531834757208
0.35357025116387,0.0,2220915254823
0.4184274990752321,0.0,15643757501000
0.38944024579345465,0.0,2911954752000
0.3941042150198183,0.0,42581671488
0.30608602455046646,0.0,2579244038344
0.4812350031775608,0.0,2541625591023
0.3888540991717409,0.0,1766295465472
0.4803407537144713,0.0,8242408000000
0.35105817738022216,0.0,19955435362624
0.3685883971617996,0.0,4241301051203
0.313570014089685,0.0,9851265500453
0.3544205207367267,0.0,13110866712000
0.4099473713693793,0.0,483551781049
0.40336148303998726,0.0,267089984
0.3857383888534811,0.0,72720580024
0.38688288495555573,0.0,708539460875
0.1957354514826047,0.0,14619858233408
0.32985822851573,0.0,34837625096
0.2815031687013903,0.0,3770920487125
0.4371458773054684,0.0,11260511093944
0.34459939196178296,0.0,1331000000000
0.4242352683053853,0.0,12248116601651
0.4317085915094064,0.0,5121356931053
0.4072176071940217,0.0,7813075070107
0.4752531582372997,0.0,5616970264576
0.18827677490261643,0.0,6414120712000
0.36043029264772847,0.0,403747277471
0.34485751928682734,0.0,1842771176
0.12435838838553044,0.0,58397524087573
0.36465590992906743,0.0,1182273399224
0.41569352110372015,0.0,21139047125
0.4102068526202513,0.0,498865935491
0.3478094936715682,0.0,10129572921853
0.36236787919592844,0.0,416832723000
0.37834210253768324,0.0,4802857486848
0.4723992785004567,0.0,5095551462912
0.33409158132208944,0.0,103624316873
0.36726336600432363,0.0,-2803221
0.35204047491327833,0.0,38923752869
0.38325845638254663,0.0,868250664000
0.40495817194648037,0.0,1278702315864
0.35156970800457443,0.0,12084662435392
0.45117428326215553,0.0,1151681700168
0.3108494978181808,0.0,2501056683224
0.3515148797707884,0.0,541542666951
0.3473690042498452,0.0,10069300252584
0.43802247574090375,0.0,7199118920629
0.4101298088591189,0.0,292358316853
0.3105959538784903,0.0,2154686591296
0.45517075870944507,0.0,5180411077127
0.4019362246835893,0.0,112538671552
0.3945694478181576,0.0,6087387747979
0.34257869505698324,0.0,18603305465473
0.4285802798861356,0.0,6849257616271
0.2991423533107428,0.0,4451411125
0.3095179155197785,0.0,254358061056
0.37140473712133365,0.0,14957852029119
0.4057039817877368,0.0,2001805180227
0.4241806799700353,0.0,1331000000000
0.41596916631381486,0.0,18618053272064
0.3277464801261756,0.0,5255318308456
0.3958431377494671,0.0,2181320449209
0.1718888133744553,0.0,14156681599871
0.41728483362931573,0.0,16921149496217
0.4436713284446858,0.0,3311946789416
0.3730219976267212,0.0,-2899736776
0.41470296465238105,0.0,8557260536664
0.3365378803824242,0.0,3336671019807
0.35632572346993757,0.0,2419055489024
0.3588796235795542,0.0,378403718337
0.35180576398783786,0.0,1589324463
0.4258220652303043,0.0,1411712652232
0.4755178122814605,0.0,18491896136384
0.40558861382436384,0.0,11237918787199
0.395347258448999,0.0,28063977753869
0.36292464000715974,0.0,-56623104
0.3869110635160287,0.0,1420034624000
0.3374520195490448,0.0,163039787847
0.37355195320078705,0.0,14384365568000
0.35179045914553725,0.0,304821217000
0.005076142074405422,0.0,58809410243072
0.34814885933051165,0.0,7549145158113
0.41494549463381525,0.0,3218847147125
0.3741045604800635,0.0,7740067156541
0.3463263013532127,0.0,3741922828125
0.4058719395208775,0.0,786841735168
0.38879373025640607,0.0,1584834464179
0.37845105090306325,0.0,5553696131829
0.39946193281671855,0.0,3338681062536
0.42165737648090956,0.0,19102682495168
0.27410099395319465,0.0,8900630063424
0.3871972722922395,0.0,6201108214848
0.39059254389140347,0.0,2519342159543
0.38456188703060123,0.0,5351110501771
0.39192559117292136,0.0,456177352392
0.36683458256660173,0.0,1798933035528
0.44612315418183646,0.0,1752741149193
0.4058963954057085,0.0,8706218189248
0.3825025206036558,0.0,903950565309
0.4663824788782412,0.0,4028787030528
0.46454365413573384,0.0,10351680034184
0.4292091553168744,0.0,7890107061312
0.42858998115065255,0.0,11137375378368
0.3185282584292807,0.0,6905674472507
0.39134872230619566,0.0,1522065560527
0.38563135016982636,0.0,11892945775976
0.3523328981674702,0.0,3877292411
0.3770924900183612,0.0,109009845433
0.3933068958251904,0.0,2956841564977
0.3774403509055805,0.0,13607413071624
0.3470542563121752,0.0,5330028727232
0.2918414829048144,0.0,4402074271869
0.3380981774453369,0.0,-820551625928
0.19430945585110782,0.0,31045001766589
0.509889429012959,0.0,50390606393856
0.331067195129777,0.0,81182737000
0.4732694375445314,0.0,25158908291608
0.40584147369207957,0.0,-102306236733
0.31976424810120513,0.0,9524083612373
0.4250895844616034,0.0,1031219362727
0.433012062522013,0.0,21263141809664
0.3342463699747903,0.0,293814369792
0.3494921827323718,0.0,1864954819629
0.3677963892854079,0.0,13564710229049
0.37357596359722756,0.0,171694201112
0.3434438049864559,0.0,2497741586432
0.38593201969958335,0.0,8119389030299
0.42816271115538396,0.0,1637190855656
0.4978231237622627,0.0,4437624654737
0.44470916722878934,0.0,192800032433
0.31998033455852243,0.0,8286554904256
0.37474436000722533,0.0,2444553286111
0.4768101297284862,0.0,27238297641472
0.33971000970959264,0.0,1379493291968
0.43504490873364077,0.0,751585306688
0.37941908053434137,0.0,426107828125
0.38977293692541676,0.0,20758330087587
0.3275195845072647,0.0,109146821139
0.4159550934741828,0.0,650137090247
0.4479539832571112,0.0,1879537767821
0.42880852708835165,0.0,214706590272
0.40581796484182237,0.0,757054373544
0.37647726366971757,0.0,3036027392000
0.3791090417553191,0.0,1682611304984
0.4396251248285093,0.0,28066748319
0.41939094337019756,0.0,283463918009
0.4797411759330077,0.0,3152597332247
0.4299479679935442,0.0,701647410456
0.44398762166646133,0.0,9952248951000
0.3708056423683507,0.0,1116771484375
0.4466083322761719,0.0,3555655796447
0.4424481542422818,0.0,384716455417
0.4466748724259437,0.0,523216931112
0.3562024393064461,0.0,40707584000
0.38717878620514484,0.0,3418384582144
0.3486937114906466,0.0,-214814176669
0.39718183891056946,0.0,95569357248
0.3350019372977418,0.0,31136956136
0.3781737292181185,0.0,807474659328
0.41534035962270566,0.0,11899199187
0.396207278297198,0.0,11695537198099
0.36023369972308605,0.0,7231604522472
0.41928203742385733,0.0,17616591208000
0.340084946871981,0.0,1126487180125
0.4362697077916512,0.0,1215792691217
0.40563915955041396,0.0,3627418752125
0.449774145927572,0.0,1394042953211
0.41663334280546277,0.0,9184477736888
0.4087349925591542,0.0,2404488321773
0.35481657750208556,0.0,1271646773704
0.3544629458849863,0.0,16329068153
0.3926982717099592,0.0,10303307776000
0.4218811523174772,0.0,114720411779
0.3870093454302718,0.0,11390625000000
0.4161076648858384,0.0,2431510865623
0.3553573105249413,0.0,2946347565056
0.3775243637804099,0.0,2517676172864
0.35390707579446523,0.0,7968840542424
0.3423936289444625,0.0,239251750912
0.32523058906209235,0.0,9939761814501
0.4374256940113882,0.0,2822949290637
0.4357360587832999,0.0,13404947093875
0.4607239506204885,0.0,6360417533952
0.3341512007480605,0.0,8693528144328
0.4905534192834351,0.0,1368370393208
0.308813601127498,0.0,6007723949339
0.4497669374682011,0.0,7633736209000
0.45943677145627343,0.0,10161910296000
0.4003969412996497,0.0,4288639501223
0.41594687943053704,0.0,3650841224792
0.44041101047891434,0.0,3225391734375
0.47142707663129907,0.0,300763000000
0.30974239706369217,0.0,681704346401
0.31895126626115156,0.0,26650518803
0.38767750807619306,0.0,6601293619479
0.30827982803618803,0.0,4336328886443
0.3553597569645454,0.0,1467552596544
0.4285474688419492,0.0,4097536192008
0.42782928656016883,0.0,7259687665147
0.3636633237950447,0.0,2896078059064
0.38519658896940995,0.0,4320393351903
0.3239002565107824,0.0,420694852157
0.32996326408080096,0.0,1721097211904
0.4232574680466484,0.0,18950876642781
0.33523512359309704,0.0,8860747752557
0.39394593435548664,0.0,3286018652363
0.3357746533788352,0.0,10658167234343
0.3434538303597513,0.0,11185320964544
0.42852028862247227,0.0,2588847696891
0.44246654054323953,0.0,10248007788361
0.2987522616967657,0.0,5559343000875
0.33840736537569477,0.0,11703267569664
0.2925615985188194,0.0,1618509542021
0.36105905263783633,0.0,2049834952927
0.36290992016895335,0.0,9333955741375
0.36911142015168097,0.0,3506958394057
0.42248513276871,0.0,4703631568875
0.2649291239616888,0.0,7608176845632
0.3287011740212666,0.0,3932341410304
0.29815111565727387,0.0,1754486182981
0.22765552701419114,0.0,11850792548399
0.36831073698270583,0.0,-72407429632
0.3569374570581018,0.0,86761802483
0.4235796279410169,0.0,8602523649000
0.36468558288646147,0.0,365679263951
0.4423480206150144,0.0,566225042417
0.4340208424100549,0.0,7065729848269
0.32473769491512533,0.0,26908304000696
0.45652204215091147,0.0,922588140375
0.4151960411737229,0.0,6660589493375
0.328320625404792,0.0,-7738893352
0.3906038232779451,0.0,11763681406407
0.3005971190170663,0.0,11392143817501
0.4445293579721857,0.0,3429288512
0.40313216868049295,0.0,-451923978024
0.40594711598142436,0.0,-10793861
0.2338466739995296,0.0,8517160191448
0.41782282579928076,0.0,65450827000
0.31082176221410857,0.0,6180878430208
0.4132194314542895,0.0,6836282127739
0.4239159692328527,0.0,16877685969451
0.4931477487121928,0.0,16561875149000
0.4010808547071643,0.0,22401919259
0.4568455451835769,0.0,7121106548919
0.45943632263191764,0.0,32111947661625
0.38261722715720176,0.0,277678245824
0.3473545238902287,0.0,-151334226289
0.44243474657288967,0.0,-3017196125
0.33286334959024116,0.0,-27325297728
0.35636647966764534,0.0,4401268523072
0.31860604033320233,0.0,357306420736
0.43287578902760454,0.0,5245349609375
0.37547918861451424,0.0,138188413
0.4006161662269687,0.0,1789630519221
0.35272680881269797,0.0,257745156544
0.36448539166635213,0.0,282817134144
0.3934140891178043,0.0,888335109397
0.35061523315604814,0.0,86409510461
0.3583399705766449,0.0,147365285768
0.4234295878680693,0.0,2046448129536
0.4087106132806311,0.0,4831951805416
0.32675498793111335,0.0,1378378299689
0.33807267930053536,0.0,2850000367752
0.4272013360303115,0.0,174115016704
0.44918571461675,0.0,7989204859271
0.4299649056512791,0.0,5518021402711
0.36895513922015083,0.0,523216931112
0.4349502363126759,0.0,4213848503808
0.4568608600252086,0.0,6649975010125
0.39803263045909393,0.0,2092731429671
0.32451782848362093,0.0,345062118744
0.3351881769640029,0.0,394477935704
0.3409683870882399,0.0,185778435816
0.37939637363292295,0.0,671070968875
0.4136409887123672,0.0,4674216448
0.3864488033023339,0.0,23334812286976
0.39838212433810355,0.0,425089379359
0.44999079223508776,0.0,1846380912832
0.37398819084322926,0.0,9302073572791
0.3277640644394657,0.0,338608873000
0.4029934145110713,0.0,178929422875
0.4282209745782096,0.0,4248379497536
0.3772671941559961,0.0,1131040390059
0.4025445723487568,0.0,347428927000
0.38037264283378247,0.0,32768000000
0.41471018389025255,0.0,1195741355544
0.3566280389346727,0.0,740480746823
0.35425724815638504,0.0,2117863651688
0.45989776971600893,0.0,254840104
0.3647828198154297,0.0,10611741234375
0.3851502352497917,0.0,5861208627000
0.3393922260304122,0.0,23393656000
0.38661940065805633,0.0,2745764378027
0.43900019521786454,0.0,2671731885376
0.37107337827736636,0.0,3591417779144
0.3324291849066444,0.0,4733169839
0.4241732702962715,0.0,7090060090931
0.3689843146619891,0.0,9431378289152
0.34371523337130566,0.0,683565019129
0.44367172496010976,0.0,2809189531000
0.4008752232646733,0.0,3578768654336
0.427975466000221,0.0,4748408986112
0.4072346460955378,0.0,497169541448
0.32406945664568026,0.0,8631525145697
0.3950600831446599,0.0,452807907839
0.4207090878032858,0.0,1428769768447
0.3652045460432791,0.0,6526622236672
0.44766337739282647,0.0,3626710548544
0.41626874916670176,0.0,5497437610449
0.3364216467706481,0.0,1808713045504
0.3944848587223958,0.0,788376869272
0.32090434998019396,0.0,358213545208
0.3822117942778821,0.0,6825481747209
0.3507214577824636,0.0,664652936583
0.40522454025551585,0.0,552175273664
0.33656513425863577,0.0,6770576716632
0.40690910142131265,0.0,1200479193152
0.3804344760272969,0.0,4695214693625
0.31869778263869314,0.0,3736141193413
0.4313304767796884,0.0,1249939619648
0.3272630013604205,0.0,5902264309248
0.4404867679878937,0.0,3874331515816
0.39575723157715154,0.0,3315947798528
0.32786090257407136,0.0,567457901639
0.4175340916091669,0.0,2309389796232
0.4055014891583888,0.0,405881475264
0.4310631915666824,0.0,1667800912779
0.42783193577974343,0.0,2270819689984
0.40593472877893294,0.0,917196773696
0.39189444345216307,0.0,7100029448000
0.43223957761309006,0.0,2869341461000
0.4307132993520057,0.0,103161709000
0.36044372374904127,0.0,20112552439875
0.403786119028945,0.0,2485611295336
0.4396736571614328,0.0,14025418392896
0.40574187897714514,0.0,4636577546875
0.47251838006197144,0.0,1064332261000
0.4186407981162714,0.0,2163205770237
0.4386695230228277,0.0,2782397724625
0.4678643333756085,0.0,1981858514481
0.22265973156609992,0.0,11198830409117
0.3325932729803721,0.0,8528425722991
0.4022191870331006,0.0,4697738700992
0.4102682457778762,0.0,7005147898104
0.41778890794000734,0.0,9988381638656
0.41083046157164105,0.0,5465727083375
0.37118458050757625,0.0,8390176768000
0.3563248802025722,0.0,4514213355183
0.43002561385385607,0.0,7492716818432
0.3715242692786578,0.0,408353341059
0.3510500449108018,0.0,2819355466383
0.4169334840140646,0.0,1331363033001
0.37245688003877103,0.0,9270264087343
0.40371688942677075,0.0,805914824616
0.3935328268219937,0.0,4050092584000
0.40956865057272535,0.0,13467682009088
0.4447740561306688,0.0,1391797917125
0.32036790987586716,0.0,2339395171875
0.3632187953381885,0.0,3587198098112
0.3795235813846155,0.0,14959673344
0.2999435340804299,0.0,3534034567168
0.22501741854996993,0.0,7758864174573
0.4546997712338071,0.0,1451725555267
0.22368377848621884,0.0,6147595555759
0.25989171435679875,0.0,2969839105624
0.32468897861763424,0.0,145531576000
0.3303007673869435,0.0,2180815903232
0.4104815578701671,0.0,2814568447159
0.36483487871006054,0.0,5023933627383
0.41369605654037955,0.0,3233256941403
0.3925093117496208,0.0,23491948544000
0.330062070272163,0.0,11234908764773
0.3797671947667305,0.0,8921261224
0.40182069839706847,0.0,10453180389625
0.4061655177662209,0.0,136829716577
0.45161540582089743,0.0,43022168064
0.4285659187457633,0.0,1383586741207
0.39969742417971127,0.0,24381431782973
0.3581950500514164,0.0,17014253248000
0.40633896295752614,0.0,3880254814344
0.34684615285252873,0.0,7625597484987
0.41232214685422924,0.0,4323577330171
0.4185424705800374,0.0,922019635837
0.40202201455381315,0.0,17746902960704
0.35669855913821846,0.0,6977725512029
0.32573396735093363,0.0,2676355591104
0.41493124274420823,0.0,755809082029
0.3575212626404597,0.0,8353070389000
0.40753435412775685,0.0,8731635314688
0.41974087867677023,0.0,5877803389823
0.3617840980329836,0.0,6657403963328
0.40546204062042823,0.0,3834506847808
0.3949958291074558,0.0,3647285903457
0.3516921720294064,0.0,3987154627793
0.45829653032721024,0.0,2597908183723
0.4634019199948165,0.0,6462919457883
0.3391253803654009,0.0,18237136738248
0.37872452877351986,0.0,604851819993
0.4552204610288571,0.0,10433113958051
0.4306008521179194,0.0,-368756061211
0.41316180819173576,0.0,36624136548329
0.40542103027802623,0.0,922872480256
0.4601753345323691,0.0,-1647212741
0.36300824846876645,0.0,-54785405592
0.3908398972310997,0.0,-23320116793
0.4088473145714091,0.0,12550248000919
0.34968918147409983,0.0,7375020369625
0.39713383152179127,0.0,-901428696
0.3929267916861663,0.0,12151136899
0.43124463881879427,0.0,20277183706109
0.3274752251291151,0.0,3677222437875
0.41945210455471665,0.0,126808653824
0.39830560126580933,0.0,272980543303
0.30077420188687665,0.0,3396646112768
0.3429829414856743,0.0,3863980253888
0.3559484585102983,0.0,373403541601
0.312627733580037,0.0,3941317078336
0.3784078571149445,0.0,25729854344648
0.46405340279511764,0.0,7359118590851
0.4174963135564961,0.0,4697738700992
0.3438872285548509,0.0,12200357438261
0.3080971719587336,0.0,21496546685125
0.4551522188608511,0.0,11706360671816
0.369889023663053,0.0,9696299500224
0.34766407755041157,0.0,17795935051712
0.37765072347063494,0.0,4061537108875
0.43311079150110177,0.0,1960164690875
0.3137441704011598,0.0,405717039827
0.38119586901367325,0.0,11883569768000
0.34071638051198905,0.0,5304438784000
0.3901850607974074,0.0,1731458304512
0.40496648610199787,0.0,36753320148992
0.3650272398902889,0.0,204961563136
0.31556377361779014,0.0,35255286639
0.38757108746063124,0.0,50653
0.3760271214904136,0.0,141257958912
0.43593932113335404,0.0,2353698499608
0.3827072689430461,0.0,1339001982648
0.45624641568992097,0.0,6985396552896
0.3479214937137445,0.0,1044133798625
0.3266798283049962,0.0,834034807997
0.0,0.0,68769820673000
0.38965509405698046,0.0,1700071825375
0.39135759154447974,0.0,92836605952
0.3339916429173007,0.0,1246809264947
0.40745428537518347,0.0,6705293668793
0.32743468691837707,0.0,2237810112000
0.33443388904181237,0.0,4195872914689
0.24998390930642167,0.0,50059815726375
0.3583088342497839,0.0,55045462464
0.3427386140241126,0.0,2048383000000
0.3870839448134703,0.0,1473371592939
0.36041346006118136,0.0,4695214693625
0.38797349259513975,0.0,140770302408
0.43226372663659196,0.0,750098328056
0.31439836448561864,0.0,1877254189056
0.4345713974362102,0.0,2893640625
0.37729357639923916,0.0,24566036643
0.42535943089093836,0.0,1721959053256
0.4029369953883944,0.0,28877930432
0.38713014181320904,0.0,287234719192
0.4402350813482532,0.0,9176585785856
0.36459455557436743,0.0,-2191933899
0.4471642619955396,0.0,9541617561000
0.3657465849424247,0.0,1855878893569
0.41850069601509043,0.0,9580809274919
0.2982023800827374,0.0,2392125477624
0.3890846891644594,0.0,1902475492471
0.436552537402097,0.0,1996092541071
0.44177732436112604,0.0,2017092147875
0.40565834784168264,0.0,3410221820608
0.42508875779459976,0.0,6470208464104
0.33622351454662386,0.0,2961169856
0.35347156864554136,0.0,126506008000
0.3783025721272101,0.0,116786755072
0.2199889846997538,0.0,11592278419968
0.34889419991218945,0.0,2629786332627
0.37832233525888875,0.0,1818528437816
0.3506263051015668,0.0,12763686753
0.41074988386335226,0.0,2055649625875
0.3918436472453129,0.0,4154645686976
0.32192303963742236,0.0,3918157822125
0.3309936246515557,0.0,6000786624448
0.45945429280373873,0.0,2154186160875
0.4798690787752831,0.0,5686455811049
0.36486098813871065,0.0,2081951752609
0.3154114356288307,0.0,231023443456
0.32901419564829676,0.0,4654953440873
0.39719825857707997,0.0,4430337473024
0.3888568204121014,0.0,1785653563968
0.35035386613019526,0.0,369527947776
0.43249753351838827,0.0,792223437277
0.39377483426823473,0.0,1843222135581
0.37074091564859235,0.0,1090500623757
0.3785699345400946,0.0,2505481373368
0.41614261905912103,0.0,2106997768000
0.430600861503898,0.0,5743994420429
0.45692340462244296,0.0,6508827125711
0.37975528774062517,0.0,3100639545368
0.41552627174023193,0.0,1697082250752
0.4573154810295102,0.0,5999796014211
0.4175127721354942,0.0,1403423257536
0.4288321542499586,0.0,4066120948681
0.44412303305132056,0.0,1170239040872
0.44488116686012663,0.0,1884110479551
0.40817207620712814,0.0,1091136422375
0.42426661355733386,0.0,2673465150439
0.41393865214196063,0.0,9499841318339
0.376124938309354,0.0,2865708361664
0.4400666971108774,0.0,1190678951799
0.4677066520297109,0.0,4193532048376
0.43666833143094524,0.0,14149660307203
0.37669060683369743,0.0,4786649882477
0.3374555050004341,0.0,4618250077077
0.4531770926865097,0.0,8056532643823
0.4520207668572449,0.0,2117863651688
0.4047079504355897,0.0,3824226674072
0.43529398017128457,0.0,239367387329
0.3767953562043998,0.0,16927082115776
0.4568845229320331,0.0,3557752841096
0.3615764028596846,0.0,16394807139264
0.4313516738203158,0.0,1239525438488
0.3122019908282429,0.0,3286018652363
0.4443866112113521,0.0,524972036763
0.4626984567380555,0.0,1041665641353
0.33348406860144764,0.0,9088765894909
0.45311531810551947,0.0,4253890397427
0.24752451743905113,0.0,3856597794568
0.3884191010369701,0.0,6857917056999
0.4618969612802534,0.0,876467493000
0.3853508112453939,0.0,3494508484375
0.49696911023428864,0.0,11721834357696
0.43081610673525855,0.0,3037914816587
0.42190077511647023,0.0,6127482384899
0.3431772680151089,0.0,3740476860667
0.4457785383792721,0.0,10223964721664
0.4259525263418915,0.0,8405050034368
0.24670300226963185,0.0,6798530576384
0.3788045127946696,0.0,75579660352
0.3717546422732975,0.0,6198070937409
0.4278145402095631,0.0,12826049933312
0.40819376326008805,0.0,5506787522179
0.4355127497296732,0.0,1823897224232
0.3866665186445325,0.0,11128400861976
0.4647858590901237,0.0,3665085614632
0.33341180726309605,0.0,14736758996413
0.33366210814734565,0.0,14308201741933
0.37385063056951123,0.0,5675948924472
0.40632537478860975,0.0,3623170913279
0.4065165781524183,0.0,5116010737391
0.3857699524974452,0.0,8321000159744
0.44748203772584255,0.0,660093769243
0.3389252243889393,0.0,4246019141057
0.29271151545283625,0.0,2242432623969
0.41835689155347244,0.0,2943265826691
0.2273878961361322,0.0,10286271260992
0.3468661339427822,0.0,5435993494287
0.4353937543059184,0.0,2401259135471
0.36138557463776305,0.0,1456346020375
0.3444118521160345,0.0,10694531616768
0.3648880257388782,0.0,1807822492568
0.3126839410052401,0.0,-72459558809
0.3648405206851884,0.0,7671015555048
0.33060417745563836,0.0,22860360830341
0.3415832971110028,0.0,11111960105875
0.36415365377206227,0.0,357608625192
0.4197454720023781,0.0,3434749161472
0.3648417110123762,0.0,447170629023
0.38338853070907664,0.0,733626753859
0.412760712930531,0.0,14200617309696
0.3727002323178774,0.0,261162188288
0.3713804158863734,0.0,6687175104000
0.4371800470415889,0.0,3547275858251
0.36287720606439405,0.0,5992864794944
0.39678038787461406,0.0,8158231908091
0.3313052664916918,0.0,6953653091503
0.3506084671283692,0.0,5627404262403
0.37749742910373335,0.0,7810712840321
0.3355981554562141,0.0,1702637110621
0.4224584638675257,0.0,14130363723776
0.3656645008219065,0.0,2354229369127
0.40198892661802277,0.0,1648887021144
0.3513558088562776,0.0,6729859072000
0.31631038864167493,0.0,8952267703744
0.37031215702756837,0.0,9760555447811
0.3593248399919902,0.0,3741922828125
0.30699615213423326,0.0,3599162453125
0.39324646094681875,0.0,2950048489688
0.3543148892019232,0.0,11001779343521
0.3842668450293596,0.0,11336037433344
0.3870531612764312,0.0,3320619713559
0.3333463989281468,0.0,14434105632192
0.29289365120806105,0.0,4756889295432
0.21920966980848516,0.0,3838182798393
0.3341984933548062,0.0,3374325044999
0.45502261029245894,0.0,14076076848625
0.32532222053934196,0.0,41637598696
0.32194026527151387,0.0,4166286241571
0.36657306551948377,0.0,19143443642751
0.2788061295546681,0.0,63904047992
0.4030285701744,0.0,2818756792376
0.34047454681781214,0.0,-264238513713
0.3251438279740825,0.0,10331743752
0.4070191376236916,0.0,7971234546176
0.38195923129832027,0.0,4054667810536
0.40302654835706453,0.0,170769126592
0.3080905145568203,0.0,1651819740661
0.44894591188621474,0.0,2873583956313
0.2437557621686636,0.0,4578430645125
0.2562851097682013,0.0,6522432237504
0.38745648315525894,0.0,-193100552000
0.28939241258785875,0.0,53072595512
0.438245666176483,0.0,5355700839936
0.4315447630683876,0.0,3664372516713
0.46666313840521845,0.0,38061903050072
0.39172575309224505,0.0,-81464295375
0.3265347845670624,0.0,7278825672
0.4420157712086433,0.0,13997521000000
0.3968821192864629,0.0,8630262857728
0.39140136417368987,0.0,-3176523
0.2537338421842366,0.0,180937340416
0.21972162599263478,0.0,1532011069952
0.40225285130251764,0.0,3031626441817
0.3384263628365899,0.0,333533450375
0.3808209422762801,0.0,29235190846616
0.33375479956097703,0.0,9407293631000
0.37109248626522867,0.0,-133119731016
0.3750402524032728,0.0,34728937410376
0.3204753808229153,0.0,12056247757000
0.46870219962015364,0.0,586586448811
0.4611176699379636,0.0,46152383003
0.31071924202739665,0.0,22093422616000
0.40826084385731065,0.0,253515949289
0.33347750206375015,0.0,629863565248
0.31926422718994135,0.0,4195872914689
0.39622806528594223,0.0,6981012412928
0.3746756153222488,0.0,3154532760296
0.4402760066111679,0.0,742200889464
0.2683051050468565,0.0,15113192175424
0.3481824840193171,0.0,12585925128581
0.38496119259230477,0.0,20326300803171
0.42596595771784096,0.0,9753706255896
0.32510090837435957,0.0,7793011291976
0.45849819417843196,0.0,9147687311944
0.2865985432339681,0.0,14677331811904
0.4694980933569181,0.0,591434826984
0.46735629280985536,0.0,957710545793
0.21508722977504732,0.0,30802640818923
0.42775278115238874,0.0,50570904392
0.37524956401415904,0.0,217949837832
0.4073114371710283,0.0,907601562568
0.4086055971391352,0.0,117504998792
0.31979082059556174,0.0,27097316686656
0.44387881672819207,0.0,3108300696584
0.4802107965460117,0.0,8877458055816
0.2958892993155715,0.0,2880259180352
0.3658090964944623,0.0,4078361379833
0.3519368263259572,0.0,398525769279
0.23434857680504137,0.0,34709780728000
0.4396352005823513,0.0,13782569458176
0.34228545511300335,0.0,766312069951
0.3899096703790255,0.0,2133237982617
0.42053135916923085,0.0,52171080143896
0.25577977965919485,0.0,47457587315125
0.35312958068329264,0.0,40219635672728
0.41428650972756736,0.0,1493663175991
0.39868780130248127,0.0,221115865823
0.5062756022880037,0.0,58082000546583
0.3267180436367433,0.0,898911521451
0.0,0.0,61592436583488
0.3917789259053541,0.0,2569101377536
0.0,0.0,82523093455153
0.47230221588425836,0.0,47958756786368
0.33579387168950364,0.0,-14868788579
0.1877088511520274,0.0,26195426819099
0.4090621914956971,0.0,3257588468224
0.4535203142487617,0.0,3171339661888
0.31073092202344,0.0,26978405759488
0.37879529092664554,0.0,22394767935203
0.2989398659838446,0.0,-75526045083
0.29566173336395923,0.0,17945629287741
0.41029826411749537,0.0,38854881603
0.3709403199865187,0.0,38041539411968
0.4193765785920258,0.0,16215409155231
0.4197604091745124,0.0,-153216258551
0.38584415492719515,0.0,47241633375
0.3114484362973822,0.0,28003071440863
0.4130086245617564,0.0,388218197375
0.44218958859021457,0.0,30926618716869
0.41874721347313176,0.0,6281447387851
0.4101688288074049,0.0,1881365963625
0.42346877696033364,0.0,11791634697081
0.448312665266845,0.0,642288889152
0.23903786461538923,0.0,3917412263744
0.3780821548682807,0.0,13581780628779
0.36775298352270824,0.0,1136259062875
0.4411646741638488,0.0,13908844989649
0.37579354682004484,0.0,656008386769
0.40961904669788063,0.0,17576
0.39632132448531865,0.0,14204136088232
0.10303118773878474,0.0,56800235584000
0.37245964576701157,0.0,32333708880712
0.41712370879606164,0.0,-4173281000
0.4108364582381581,0.0,1962044794359
0.4599982319821984,0.0,27437037063281
0.2940167488513006,0.0,702595369
0.367503451321547,0.0,14852468514941
0.40117561132570395,0.0,25386262019
0.42052319828860857,0.0,382815320581
0.45296754967206626,0.0,28097236571201
0.2993577438236991,0.0,8414975304000
0.3531367350910199,0.0,17618622407261
0.4081308702778459,0.0,603565357851
0.3936097736235356,0.0,632733601625
0.3683452809886838,0.0,4231875359375
0.3722803479138715,0.0,22454408824128
0.42975441351047483,0.0,3351430082125
0.4372981464023314,0.0,310426252011
0.43984001984895366,0.0,9337946127112
0.35782756484438744,0.0,10497704731136
0.4023502639797143,0.0,14174244992601
0.42192483871103814,0.0,744416413047
0.4229569494515071,0.0,18307898526016
0.320782893244415,0.0,7481235489112
0.4227171501414338,0.0,1003003001000
0.4194008572147294,0.0,183347236241
0.4000791545084206,0.0,17992966537664
0.36653751858340106,0.0,857104278499
0.3448882352329202,0.0,13573243639864
0.3313763832148911,0.0,339046289317
0.42144704092857144,0.0,19419557149439
0.49847301620159756,0.0,32215107126259
0.40444404862257416,0.0,46656000000
0.46874991039189284,0.0,17753027040503
0.3623537028818257,0.0,72043225281
0.4216006722472209,0.0,2059046591048
0.4031152703838778,0.0,1007518765625
0.444362983407691,0.0,222434863379
0.42474972119263776,0.0,10973607685048
0.3160768573234312,0.0,828200563471
0.44457092308463586,0.0,19154179889216
0.34171177937174063,0.0,28464819429437
0.4490680165457197,0.0,149805895231
0.3647393857321807,0.0,4973066139509
0.33864031924679755,0.0,3027229746696
0.44470895005692385,0.0,-35223040952
0.4081259774712313,0.0,369991596339
0.3079825603126274,0.0,17814345343613
0.4164065543350432,0.0,9214772132125
0.3797450259898046,0.0,1347035973184
0.47432927661208496,0.0,12598915374109
0.43134223354549855,0.0,393994045691
0.3436826963473808,0.0,1173573686592
0.4494231134217702,0.0,3894346837837
0.3869879043475412,0.0,2373393877219
0.40591984049235424,0.0,4728942536625
0.38131742192707957,0.0,2559546645839
0.4081099174459236,0.0,4447353321125
0.44035506996746354,0.0,14018440572928
0.3986491605018272,0.0,1423828125000
0.4568383041073285,0.0,-893056347
0.41938023580819345,0.0,4161627414125
0.4172402290962071,0.0,5455493964864
0.39701890842673293,0.0,5008988431000
0.432969306016996,0.0,3307283014699
0.39680214627536464,0.0,2560669500241
0.43607952664014893,0.0,3150017993179
0.3910522882310216,0.0,1195741355544
0.3677154107281822,0.0,2136222227439
0.4626956400355296,0.0,5100883396344
0.4020577716578341,0.0,9268940268216
0.3853209703754559,0.0,2361669926013
0.4350522646971882,0.0,1551629757033
0.3766487329730269,0.0,2969219313117
0.40332268001876725,0.0,8328393683000
0.4173467339071247,0.0,2236270687533
0.35617137552578504,0.0,9170012614491
0.3887301576445691,0.0,16966668353536
0.3433626418792989,0.0,158252632929
0.40494687061317347,0.0,15516502104888
0.4386971613672766,0.0,12900163380677
0.4338999639628575,0.0,82995965928
0.40291749976238933,0.0,70036423848
0.34659732116032826,0.0,456533
0.31094656352984196,0.0,12845785688
0.3918034572402286,0.0,10166133281247
0.3970251850814914,0.0,524972036763
0.40130243377264085,0.0,21731653393416
0.31966871770351984,0.0,56446341056
0.34525142272565884,0.0,8036054027000
0.3471136895762531,0.0,13167662199544
0.3953572776105771,0.0,232494925949
0.4094046994691751,0.0,2742236377973
0.35612144207373503,0.0,3487604617125
0.3458186794358665,0.0,1349232625000
0.3914598801347107,0.0,9206862834079
0.41989426789980505,0.0,4042474857000
0.41785403060740783,0.0,5449917651192
0.4753796171285136,0.0,2157690801448
0.35750642568744645,0.0,5014259816896
0.4309947944405487,0.0,3303288979957
0.43871880327338236,0.0,5575363247168
0.42494678458116547,0.0,6432780463192
0.3905747956977917,0.0,9261000000000
0.4227575316612088,0.0,1166578233183
0.3973240722508888,0.0,2965502368863
0.39284833990190954,0.0,2239350242787
0.4324036385714144,0.0,1188994664584
0.35283392900554983,0.0,2626358412573
0.39481529892935835,0.0,1191016000000
0.39605630116995755,0.0,3486914730944
0.2970085139473507,0.0,4041713610089
0.3785204954030047,0.0,899470488077
0.34647474332189976,0.0,1692817512632
0.42833520236695294,0.0,5491832746707
0.4231582754816548,0.0,1196417424896
0.35892117247818744,0.0,2412573950528
0.41208972876196004,0.0,3888409203125
0.4060899043297607,0.0,1122918242984
0.38459141549961795,0.0,1124864000000
0.31773918539638696,0.0,2456003591488
0.39045343740001254,0.0,3323959481024
0.38568045192440137,0.0,4445730890307
0.337385178452468,0.0,5766153381568
0.40843229362938854,0.0,2459281661992
0.4041759242643303,0.0,8210621828024
0.38401788314066965,0.0,5307176637307
0.3537399122399988,0.0,7815437776125
0.3424547958437017,0.0,2306246344128
0.3849201725064428,0.0,4824238966273
0.33037281731323936,0.0,2834950759577
0.39947507666897936,0.0,14830727012009
0.3539015924843905,0.0,3237194335257
0.3428262769972232,0.0,2874190368232
0.43519978560281813,0.0,9022294783432
0.4121067706799268,0.0,6846012206272
0.40255281239026114,0.0,2187381072141
0.43679110020801515,0.0,5184004633443
0.4232233315925662,0.0,1640944284875
0.36317417784982564,0.0,423564751000
0.4376381008106301,0.0,2809189531000
0.31579198200517283,0.0,5552755358912
0.40460025821868395,0.0,608291319817
0.3422165473383291,0.0,1431054378109
0.39791220713461756,0.0,5058331930296
0.4476103305877021,0.0,1133973922752
0.40457069837648774,0.0,10051125465941
0.45983404423879337,0.0,8004800960064
0.37081784828110265,0.0,7767097430464
0.41811454031701184,0.0,5697932648381
0.40570626361554873,0.0,12311989142571
0.39164329924926483,0.0,2831947209792
0.413946528374459,0.0,19981932691456
0.3034394806703097,0.0,1891901100032
0.41364169660254446,0.0,4659973460927
0.37954054665172865,0.0,5922863850357
0.4094484323388893,0.0,19203618327139
0.4361888697473932,0.0,2351575819592
0.3771585098912772,0.0,1355102035496
0.30991047849425357,0.0,2663653219928
0.3658959334654703,0.0,11370892655303
0.4498724005400745,0.0,11171822388875
0.3632997616980375,0.0,18527582610181
0.42527236486349923,0.0,4156972061039
0.4273936228060115,0.0,3459393826624
0.3931498881971359,0.0,7632573179769
0.37356159148082835,0.0,8383984755875
0.3948160531590295,0.0,6039505527931
0.43791430320247365,0.0,6889368709952
0.43731564822766,0.0,11024054153216
0.4093431076033998,0.0,2903398573096
0.39227136747127334,0.0,596522410632
0.37756425363588825,0.0,5684544504423
0.4411070064726364,0.0,4054667810536
0.3968966027124484,0.0,5458283547543
0.43363152168887686,0.0,5336439046875
0.4367310468323852,0.0,2989095480125
0.4079526973422848,0.0,2992832108531
0.4322468982659935,0.0,4609935399707
0.3939074773008033,0.0,9538918630912
0.37337586061757744,0.0,6640431622336
0.43276227617601865,0.0,13438833609375
0.38388497247331904,0.0,2440744441344
0.35627979406513244,0.0,3891377265489
0.38350408975010114,0.0,5066292234375
0.4646106577931179,0.0,8077046022144
0.4164967540796555,0.0,9874720884664
0.42858489995482923,0.0,12842494990632
0.3960036775508113,0.0,13576658006016
0.43186281513878755,0.0,3002811672483
0.3659142856288529,0.0,5108888268567
0.4063143998185656,0.0,8612603745992
0.39077579327172485,0.0,6996364932376
0.38023461048395013,0.0,7456017862656
0.37143088263481505,0.0,6960212797357
0.37745077839053726,0.0,6953653091503
0.32898491649727024,0.0,11692446002873
0.35218287300388945,0.0,4087557806669
0.3310573154767193,0.0,9553769046459
0.38144114292739617,0.0,16125245599744
0.4406481665103027,0.0,1717222484375
0.32550399096176186,0.0,6501509138944
0.5138145207486935,0.0,6408943859375
0.35493794632457704,0.0,5154407446824
0.4644523426015034,0.0,7958073457125
0.4418803322653433,0.0,11189822904863
0.3847413125991805,0.0,5889536179379
0.4369733115184091,0.0,3895089466904
0.3586342178818861,0.0,10629135151803
0.3234513579814783,0.0,4939926040791
0.43437214360820403,0.0,10121148382591
0.3394231417022018,0.0,8760926108375
0.403107095264839,0.0,2592809063272
0.4165504087713554,0.0,6334705749527
0.4191732350161507,0.0,4934706890625
0.4483565673686579,0.0,9353919043000
0.3434058441392379,0.0,4227167754809
0.3025920142320359,0.0,6264100970504
0.4346967195406314,0.0,11804072582609
0.4446159312322534,0.0,8886464607097
0.39533992378973803,0.0,4624909012781
0.3935741420575334,0.0,5028334923968
0.3092891910415506,0.0,7913910666752
0.45103084323009984,0.0,4321985145569
0.35541234646166214,0.0,2564040033703
0.41280106935966965,0.0,1542800778875
0.43450501619873927,0.0,5367648003229
0.3963572578812938,0.0,7680354317000
0.48134650578559357,0.0,4111379208000
0.4051841181298399,0.0,8259557560344
0.45591134953286355,0.0,8581129563817
0.37298638612795426,0.0,12377688555968
0.39308873572798314,0.0,4427910186461
0.30852779264901903,0.0,4491308299499
0.38290570449707123,0.0,11233403955136
0.4070814413925399,0.0,22576404387447
0.3988817014212024,0.0,10818789075613
0.3915177313104045,0.0,3363538000087
0.4012006539589672,0.0,4433575234752
0.41310738560083676,0.0,20072642194233
0.3407079444025168,0.0,1895574693376
0.4612642798440023,0.0,5590469212992
0.39906993711486693,0.0,879217912000
0.39220982417455424,0.0,8670717149184
0.38971056198707876,0.0,2464751592512
0.37390191235277354,0.0,9917588259125
0.4072466655789214,0.0,18485603284121
0.369505186732218,0.0,1787420371456
0.39180013890505283,0.0,11941467056793
0.3988415589309171,0.0,1729728576064
0.46127461137644454,0.0,3700140852563
0.3015251271012904,0.0,4478254550587
0.42161269731183326,0.0,7823710998208
0.3667604193082664,0.0,5131167956992
0.42449055393420654,0.0,2887553024000
0.3730328716551298,0.0,6531862258557
0.2962794097906207,0.0,141583688128
0.4296866166477306,0.0,15460580118528
0.37591477084775293,0.0,1661901176125
0.3646683840954283,0.0,3924125694917
0.42745139471735716,0.0,297676210733
0.4699483568731047,0.0,4293392626277
0.4034948113536528,0.0,8660591750656
0.4639034535018856,0.0,10053920162287
0.37987132390817374,0.0,3837447420416
0.49457641187805906,0.0,12211490117952
0.36338518670652803,0.0,8712567840033
0.37153109158886777,0.0,1385450073792
0.46192398440887,0.0,8130301099712
0.3401491603250559,0.0,3297968604125
0.35834373242313555,0.0,4296563326593
0.4779673820624614,0.0,6439008412864
0.44012232385010847,0.0,8332092086417
0.3658921815003644,0.0,924579746488
0.3991875421660668,0.0,3723875000000
0.44436448434460385,0.0,7018336124136
0.41251987234723503,0.0,12124201281317
0.436985049703968,0.0,2237810112000
0.436282564530269,0.0,14558957162632
0.3840638088020302,0.0,1308261726953
0.36789061638996234,0.0,8447286387896
0.32901403683046804,0.0,1978547007464
0.41072873443514185,0.0,9935601757992
0.36985724593108293,0.0,4526515892088
0.39099300990074715,0.0,8152154560376
0.43652058057757454,0.0,7992802159784
0.46486482555758823,0.0,5239917454409
0.3981076312080213,0.0,7782403211513
0.37652511207895,0.0,15451272870643
0.37499957036199455,0.0,58773123072
0.4247874107832553,0.0,3001563015625
0.4293910302313825,0.0,8054121591125
0.3898320638424783,0.0,5737261674808
0.37449984014762056,0.0,8608822787375
0.3645990025945361,0.0,18738432796481
0.4241914605952819,0.0,378246791168
0.40593102461316427,0.0,7063520772203
0.33977190015981956,0.0,6798530576384
0.43095000789941956,0.0,11233403955136
0.35623362463182123,0.0,2364863529267
0.40789154877114076,0.0,1130063671296
0.39267809154214234,0.0,3498655174741
0.3743887313833861,0.0,7263062519896
0.488338753068598,0.0,2165715677672
0.3165536569349641,0.0,9070486526375
0.3062629251381879,0.0,3138428376721
0.413120747614544,0.0,6833040818176
0.398635737658125,0.0,929142747512
0.4391848140986664,0.0,3030369809111
0.3137284372188519,0.0,4979187014976
0.3922603855809814,0.0,861442665875
0.4177536465876938,0.0,2247576209299
0.44922319490089524,0.0,1164584650761
0.3084894741792544,0.0,5809672553833
0.43955883687494035,0.0,7917485331491
0.37439905899470904,0.0,6583362974488
0.4308051766410522,0.0,3409542177651
0.4455631881659819,0.0,2529353515625
0.41928793097525546,0.0,6107413131639
0.3024237192059751,0.0,2711203536384
0.4332193036990298,0.0,5423945093000
0.37210878646609624,0.0,5148143773163
0.4253903926902119,0.0,7117775816256
0.34636302449039524,0.0,4015888042375
0.38681942937765657,0.0,3916666799947
0.4407641397647997,0.0,3016569760849
0.36190421435119735,0.0,15598764697256
0.41767864301720853,0.0,3020329246375
0.422096313133515,0.0,5633100976257
0.43623705794981577,0.0,5408216371377
0.37454269795408135,0.0,2457642262375
0.37287284384572816,0.0,13651919000000
0.38927099254731107,0.0,855481146157
0.38861708191315003,0.0,7714270862479
0.3786140400891382,0.0,2757546230167
0.397199195038958,0.0,12358435328000
0.37449568170922154,0.0,3754228600088
0.394917317012017,0.0,1998947500173
0.3210280403494366,0.0,1265670008513
0.411394597464421,0.0,3478643191808
0.32370672809068746,0.0,1865864036231
0.38684457432493413,0.0,4645759436856
0.3773186486649999,0.0,4640749632000
0.408531669499047,0.0,4427910186461
0.41766222938789666,0.0,4236586457741
0.34110920802124745,0.0,2986606123201
0.4401065926074811,0.0,6577042272256
0.3532556854176759,0.0,11433202941952
0.35632492079183864,0.0,247791486041
0.42132857897733117,0.0,2172250521351
0.1924942627576453,0.0,9510610586203
0.2270779098214966,0.0,12149551347669
0.44204648434121646,0.0,2180311435063
0.4168156977616261,0.0,5822285399
0.3962755190680513,0.0,-11104492391
0.36017332525574414,0.0,-83338924032
0.48221078999360334,0.0,23800886597125
0.43751819868791786,0.0,14225260967000
0.4461720794772396,0.0,24424339054744
0.36203897293999826,0.0,43938397384903
0.4439330906312155,0.0,21811182184
0.393875515151488,0.0,24935476513375
0.39562563000594775,0.0,9482358602296
0.4124262341813271,0.0,4190412247848
0.47402177741967594,0.0,611960049000
0.4078636139598885,0.0,21748011137497
0.42762876709455055,0.0,77854483
0.4171762913968669,0.0,-43317513728
0.4493685898458042,0.0,23634961204392
0.3864764481628963,0.0,-55045462464
0.28847114586829115,0.0,44890275464000
0.39139309139966505,0.0,100869311375
0.4471962685209123,0.0,8290240911919
0.4573937662211379,0.0,30144112027848
0.37824878484812796,0.0,-2509911279
0.41705564401011336,0.0,319873167719
0.2653089315807583,0.0,12046786105024
0.23704932928596636,0.0,4751799899328
0.307970651869638,0.0,2348394193088
0.33281705337728923,0.0,1008121889683
0.49085813188598315,0.0,22076892104877
0.34573951951044835,0.0,144125083907
0.33680558983646036,0.0,40445442797976
0.3893239746099712,0.0,-1092727000
0.4306968881040725,0.0,3032254888424
0.4349390793214109,0.0,7142225321512
0.35289054871249187,0.0,2766404702872
0.3535855555323402,0.0,16641921796291
0.4069767079114863,0.0,468192422125
0.41191041787918986,0.0,1139201608384
0.34909504796923907,0.0,19578210513408
0.36684637796368164,0.0,19141296875
0.41866633639643347,0.0,117865222327
0.41695191871666215,0.0,7452583492437
0.37856221546292385,0.0,5985938915893
0.3785377681358528,0.0,1509003523000
0.3780926536732691,0.0,12747309056
0.3204542295379603,0.0,222985990144
0.44751666263139744,0.0,13082530314547
0.3307451039044263,0.0,-3767287616
0.3683475553862267,0.0,-11104492391
0.34030243484539047,0.0,2253758886631
0.4230617902601596,0.0,6796377552888
0.32277969356450364,0.0,379346192919
0.420773587509514,0.0,34144665294888
0.36170711286135326,0.0,738763264000
0.36618074493643465,0.0,5036263734221
0.3481133017179571,0.0,16565773895488
0.4078130975938614,0.0,3549369607064
0.3605426494338683,0.0,3567549952
0.3875379711137737,0.0,1413979047424
0.35649161042034544,0.0,3804452544131
0.25408177040452806,0.0,7232726455219
0.43261058076964376,0.0,5735339000000
0.2668713432031709,0.0,20575328888808
0.42699295929644854,0.0,951892739253
0.38227822534434197,0.0,1881823197736
0.4397963930076161,0.0,15425232449957
0.3205005378432557,0.0,4153095253224
0.4587471448017762,0.0,9481014667125
0.4356457051478973,0.0,2249120817208
0.42881638900093483,0.0,30196445544000
0.45066971304433096,0.0,26137255911733
0.34441990731077354,0.0,1439069689000
0.4704449394636211,0.0,17472774745349
0.4401923845781305,0.0,5721892302456
0.44165720977528544,0.0,-5268024
0.4300485790940328,0.0,2141700569
0.335797910657802,0.0,46461869875000
0.4326673509812657,0.0,33454726205048
0.3854629045143852,0.0,14100576251679
0.41448448697856777,0.0,176181085016
0.36227890434680676,0.0,6913292625000
0.4513599928611692,0.0,3204480230407
0.4022023310848686,0.0,15479205825448
0.4133874743393372,0.0,698100160311
0.36770781752342563,0.0,-1108717875
0.4578301155790977,0.0,42246001231552
0.3714565189228365,0.0,2903398573096
0.40610965047064107,0.0,8166745268072
0.4106849000698382,0.0,2546097986375
0.410723817542688,0.0,-390297362112
0.35926773055781835,0.0,69431598753301
0.4129481548396703,0.0,510657175657
0.32856860366215396,0.0,17173512000000
0.4463363302422542,0.0,2665382989625
0.3785911885900197,0.0,14704324323499
0.37730256621392044,0.0,28683526989131
0.3239520890744261,0.0,521854556651
0.35918893394035706,0.0,1536001372872
0.40716170295866144,0.0,19955435362624
0.3903495517610158,0.0,9574044440904
0.3607755184039237,0.0,5293496786752
0.4055659152397892,0.0,20449440417736
0.3349652847193737,0.0,1449034802496
0.36619296107915367,0.0,308093949064
0.3999500641372103,0.0,32486187765312
0.394452753727559,0.0,4451411125000
0.3468418735309058,0.0,10958799832128
0.31630275947470105,0.0,4173281000000
0.40017005557151947,0.0,111284641
0.430113214437779,0.0,1054045415233
0.2423243226596046,0.0,23112592984125
0.33755455170246906,0.0,15535172689408
0.4173930305419384,0.0,138348848448
0.40312045390727064,0.0,29286467316224
0.3941822956897731,0.0,-343000000
0.3692966729020628,0.0,548950900672
0.42900459358398957,0.0,10555342073856
0.3874500984563403,0.0,292094097875
0.36839605542742004,0.0,444194947
0.417441839427097,0.0,88716536000
0.345620269877323,0.0,16903359954944
0.42168026597862757,0.0,7716613608081
0.30804738218470873,0.0,1112900902147
0.48685098271720506,0.0,16842180311137
0.3034872418933254,0.0,90579342771
0.38565089028135663,0.0,-46772737227
0.44437877720151187,0.0,38364817611583
0.3954036320307971,0.0,1600791800392
0.3401486565186469,0.0,6255949012776
0.38547049380144244,0.0,19981932691456
0.39746263081050504,0.0,485031851793
0.41249662529976727,0.0,6876342596096
0.3674202728317138,0.0,33014374912
0.39773497428177096,0.0,1837815474249
0.3423266074811341,0.0,11765233206784
0.4489121407847894,0.0,10568339483625
0.3268314224434495,0.0,2221425966592
0.4976130686627192,0.0,22086337101193
0.32651920314787347,0.0,333677753856
0.41106805539994756,0.0,29238037967943
0.41787102778747415,0.0,2675199164968
0.35507705605316353,0.0,377933067
0.3499522035371868,0.0,-156503678869
0.38780793995114304,0.0,197849544283
0.41847371945970324,0.0,3740476860667
0.31868163695375423,0.0,4114459661824
0.42131305530053287,0.0,10126764222875
0.30018978787894496,0.0,973831638528
0.43061317878804045,0.0,31530536626688
0.38477478237418805,0.0,898911521451
0.41567253651840447,0.0,766312069951
0.4021251392268044,0.0,185680777625
0.4002877024207552,0.0,26266936269176
0.38318922871845673,0.0,-2662500456
0.36789534601817564,0.0,-112818618368
0.3879255696090005,0.0,7072359839875
0.4162249751857017,0.0,2104040809144
0.4292957133130752,0.0,764805723625
0.30099999026843605,0.0,52145952256000
0.44077024700432416,0.0,25934336000
0.4117673010509574,0.0,549353259000
0.3959948954396487,0.0,106766262784
0.40886699185129466,0.0,48248421130125
0.4123618613429877,0.0,21024576000
0.39060360994451065,0.0,510082399000
0.37698537947791066,0.0,93824221184
0.4126039682553244,0.0,426107828125
0.38198752349184184,0.0,2075111268875
0.3644218192350291,0.0,806694490629
0.41825491191544617,0.0,545338513
0.3930603557888754,0.0,221115865823
0.378711426525357,0.0,17596287801
0.40010640879681403,0.0,39651821000
0.40876244720222615,0.0,23391202205799
0.37279451197823643,0.0,644972544000
0.35771683755647193,0.0,140121841384
0.4166476214585716,0.0,13344095003959
0.4392268546918478,0.0,569722789000
0.4165612228554837,0.0,2471326208000
0.40220482852212813,0.0,1022364685224
0.017441860220930236,0.0,72694449740375
0.4156241516644851,0.0,16075511781272
0.4121259826134846,0.0,1728432036001
0.397171779164778,0.0,626123553875
0.4063926895737788,0.0,65042408797696
0.3495443857186249,0.0,19091965502583
0.4790132009021566,0.0,147365285768
0.45872181154173475,0.0,1161598537728
0.44603071829949625,0.0,352793763496
0.436612310979403,0.0,11440817293437
0.41232945030887347,0.0,850893402176
0.38207561352527664,0.0,3180414207816
0.36458940098033826,0.0,1427628376000
0.0,0.0,79069591595961
0.4341800017043417,0.0,11079127187757
0.41350660651014665,0.0,221115865823
0.3648616402209966,0.0,480232637191
0.36625655311915173,0.0,6076392468992
0.46060636437149294,0.0,1027854698688
0.4178713998096847,0.0,1674983629376
0.47157592727064157,0.0,479497118283
0.43836415437083415,0.0,4679250305176
0.43437557934411214,0.0,887780766131
0.4770848448291516,0.0,15341729288192
0.35198439473181675,0.0,146863664576
0.22578404667119079,0.0,50394699308953
0.4160731274880786,0.0,18063095713272
0.4222158603553376,0.0,9287485208
0.37606434009452605,0.0,58682470456
0.2825112087353456,0.0,44916805612323
0.34879502533731876,0.0,3483466664679
0.0,0.0,80509645432000
0.4017019850851756,0.0,-52565804936
0.3722932883077467,0.0,3268147904
0.39954785011206084,0.0,183540946987
0.3738688206412897,0.0,1299668118497
0.08350305414954146,0.0,59904983025152
0.4476405860630392,0.0,24062478103
0.424015103423631,0.0,534794137613
0.4377172880582012,0.0,316517393375
0.41498877682314766,0.0,1747512991125
0.4006019942862732,0.0,635834145799
0.034482758145065406,0.0,65256129576000
0.4001952947781869,0.0,6424482779
0.3793300821848958,0.0,1245072439512
0.3777593599827214,0.0,356250045969
0.3638266476283257,0.0,48347888707
0.20832837673424687,0.0,44001931774464
0.42104265920623374,0.0,161255673307
0.39752926436618224,0.0,1215792691217
0.3827681762345862,0.0,377462806083
0.42466917022582945,0.0,1171238770421
0.41082722798911636,0.0,357155382375
0.47913477932551435,0.0,58212579185216
0.4387977340690746,0.0,1542800778875
0.3452886550760336,0.0,6036521254912
0.34722024891222436,0.0,3655110659264
0.400957746720658,0.0,4571816408173
0.3849080499500255,0.0,1303960203125
0.41311538776596485,0.0,13191096169152
0.4572746709292136,0.0,11686265246557
0.33569106433155893,0.0,11129896279783
0.3862067910920614,0.0,401457291633
0.38668195242059555,0.0,8995018801573
0.38197355626104235,0.0,4936446198683
0.379556963834476,0.0,3432700739125
0.3121987826877983,0.0,47879599523328
0.2027593694137571,0.0,8916100448256
0.3864616953066704,0.0,2901567289447
0.42679449010974047,0.0,13537427350537
0.36755384836266475,0.0,20615902488000
0.4045925396830705,0.0,27423394036416
0.3061248158833105,0.0,24703191618624
0.39111264648006044,0.0,1053424109375
0.12164905202248506,0.0,45053411500287
0.3741317429270852,0.0,15896558185984
0.3798433505812329,0.0,33473418316352
0.37778600042264093,0.0,1115480294811
0.4458394016116192,0.0,1188657997857
0.36184600513673404,0.0,3734696715875
0.40141938734888133,0.0,7067939384871
0.39877652671342956,0.0,24037482456000
0.3581031859160825,0.0,6739487929369
0.4259934687663722,0.0,2445642254817
0.2882571924836653,0.0,2973559672000
0.3839219441683153,0.0,20203656520256
0.3618338625333458,0.0,2245517832375
0.20592809115438532,0.0,12352022024896
0.42271336043003854,0.0,185290487101
0.3814188139174908,0.0,9010598335129
0.406215142652578,0.0,4009827469103
0.36176389327638114,0.0,5944495670875
0.36151589658048333,0.0,4745866860125
0.4020837923057159,0.0,5166950031872
0.36815489712451915,0.0,419012747587
0.34934781379894286,0.0,3957057343513
0.37989542452777847,0.0,14389689386267
0.37545741035522345,0.0,11711001346829
0.4855802747940037,0.0,2308341661696
0.2962109313107944,0.0,19884890362688
0.32064440969096125,0.0,31267783512064
0.35824432904863623,0.0,10556785703953
0.4155232089345044,0.0,40395975459328
0.37508075164327614,0.0,9510610586203
0.38522720154424317,0.0,8773681640625
0.34472043211150716,0.0,2512682619875
0.39688370389821065,0.0,10954360075329
0.3540192316431522,0.0,7486974686547
0.3039071074068753,0.0,11875760193375
0.33002399724579057,0.0,8766026836659
0.3543081361020279,0.0,567457901639
0.354817678501279,0.0,2589979103837
0.41702267619183414,0.0,8439822656000
0.3487287297363754,0.0,4271241390625
0.34998778579734086,0.0,23877920102336
0.34998778579734086,0.0,17845057371968
0.3754982433660926,0.0,2902177631744
0.42778557980453286,0.0,4931229500261
0.3022436731188594,0.0,10166133281247
0.34160474105342986,0.0,628101710144
0.30977820263913136,0.0,12388928834619
0.27645814447352585,0.0,16737925112000
0.36926330310689237,0.0,1932107096375
0.3732827254257471,0.0,32559547589568
0.42527670695817227,0.0,400641542848
0.34508595549464455,0.0,19484653007429
0.3613854155116576,0.0,2157189905961
0.40338753422231055,0.0,4404492108288
0.4114011990287783,0.0,24858738906625
0.4037621244656724,0.0,13874172576389
0.33594774966133123,0.0,6397564590144
0.40719604561712913,0.0,18838082547712
0.3802106805488805,0.0,7937762099392
0.398853845165159,0.0,8000
0.3042488579568149,0.0,1741426625791
0.37683906548850093,0.0,121434449408
0.13114576138362244,0.0,52532134089408
0.19086933543377363,0.0,9674489650112
0.32043726808502365,0.0,26071257215808
0.4468779234854475,0.0,24479940798656
0.4000034118082365,0.0,12964625511488
0.28834799206693845,0.0,4102147072512
0.3461425203162808,0.0,1623062891008
0.38065036386186335,0.0,5421167223263
0.33366012301640896,0.0,18383022028288
0.286742335668453,0.0,14377269186496
0.3800036218732873,0.0,-27000000
0.3746888315735735,0.0,1444046515127
0.4281913231509982,0.0,652391117217
0.3324844860457028,0.0,2859055647057
0.38270926681178596,0.0,25256916504000
0.11524084190473635,0.0,36846254448576
0.44067395413618776,0.0,586586448811
0.37163279570201735,0.0,8351835397569
0.4557953579148474,0.0,2383015010293
0.34715009224239696,0.0,10303307776000
0.36118502361999094,0.0,49471280711
0.35593219856363123,0.0,73770933384000
0.37126232099970263,0.0,19812315166379
0.34717162563901716,0.0,16263505133056
0.20315648030060623,0.0,11883569768000
0.3958274513153993,0.0,10522174895497
0.1407407394600823,0.0,61032678406848
0.43715253863728815,0.0,47563841479168
0.34427322240949526,0.0,1331363033001
0.3186295114135338,0.0,15133373265375
0.3865327371782749,0.0,2970458984375
0.38755052907543036,0.0,4017404139273
0.3352703305437411,0.0,3852172835776
0.19564578468141594,0.0,9522735737536
0.35185111168870953,0.0,1926527902307
0.37626364853778355,0.0,5743994420429
0.29335976226589366,0.0,6475418251119
0.31705706401041917,0.0,6336760137625
0.3024148913821429,0.0,12344008516631
0.5030397243119742,0.0,25464080888000
0.35553067049206444,0.0,2302582590125
0.4835084381191949,0.0,19770609664000
0.34446049397538203,0.0,4677571951424
0.44242297780446727,0.0,701173751104
0.39360977909093675,0.0,-262635827264
0.4597156346019183,0.0,63311285334016
0.535443830450185,0.0,16050683265625
0.3354029138725247,0.0,8020417344913
0.36863225562598384,0.0,27840166978112
0.4629952692561954,0.0,378089907391
0.37301029719660334,0.0,38792966966208
0.3678818599868756,0.0,730215675125
0.3922646536954434,0.0,10457483684032
0.5016922652130634,0.0,14306433696576
0.1671269599283876,0.0,49011823036736
0.3047689423134331,0.0,13144256000000
0.1969161011439509,0.0,27994772868544
0.3294177267459346,0.0,21327677967168
0.42111056716915113,0.0,148540174336
0.2661520671328994,0.0,19283328106496
0.4052615987643184,0.0,14939647010189
0.36546215773805324,0.0,27303530364928
0.41147694825572084,0.0,12396961769984
0.4916148597528055,0.0,4648265690769
0.3354521092424163,0.0,8381508804297
0.31393748294923557,0.0,2979146345869
0.38536662899568674,0.0,17806161424897
0.4020944631639553,0.0,6944913230039
0.4168923690782498,0.0,2905230627109
0.40050460060789866,0.0,3368928644271
0.38912086574587207,0.0,2442920439232
0.34551594738530916,0.0,5448059724736
0.3620949157856403,0.0,5073375067487
0.39637658747245513,0.0,17468734953123
0.4895782952862534,0.0,5345605559125
0.3752997246159774,0.0,12353625142613
0.4735646940205965,0.0,1748383627823
0.4245894811329081,0.0,20597863198528
0.3876246475482849,0.0,5685500104192
0.4153575466638076,0.0,22730121001783
0.32973566920670855,0.0,835630707059
0.4853031830502508,0.0,30045424873472
0.35351878050799146,0.0,7152243507163
0.4096766997788701,0.0,1596280219703
0.45110302319567475,0.0,168288035761
0.4167388651092494,0.0,9340607016000
0.45438643638150006,0.0,498865935491
0.3331279292433251,0.0,17795935051712
0.21446623216841124,0.0,15142552424000
0.3501638795738581,0.0,4183398354897
0.4016905291547629,0.0,16565773895488
0.37004944072254864,0.0,5580080934553
0.4666202057208241,0.0,3237194335257
0.3908067312871393,0.0,1551629757033
0.36530731979092534,0.0,1448650680875
0.44421935266261375,0.0,1810495028672
0.37833703045614187,0.0,5575363247168
0.416217601961593,0.0,7609337395309
0.36926330310689237,0.0,938601300671
0.5326615445026008,0.0,15492252717089
0.45472783367838876,0.0,15851081728000
0.40978828519625443,0.0,13741221777408
0.41807659135844333,0.0,39262398686272
0.4029914682022025,0.0,4286264254784
0.44724567671331905,0.0,30225545875
0.5016906885111333,0.0,12657482097625
0.33769890356008203,0.0,14193581496128
0.38403540087755755,0.0,727785674875
0.4343667473822901,0.0,12959659279169
0.3041499813935487,0.0,5762295562752
0.35564415445964864,0.0,3257588468224
0.38766953984011004,0.0,4188073413159
0.40520899827383366,0.0,6877427477913
0.5461911389139945,0.0,20366546464629
0.39470382235383017,0.0,6270219584000
0.380162110657003,0.0,5151722393511
0.17364291672260337,0.0,31157745124563
0.33258560091344425,0.0,8909652277891
0.4560297508746819,0.0,11372409718272
0.425205100018276,0.0,-10764582912
0.4476313493683549,0.0,53881658433
0.022809895954359036,0.0,52280060940288
0.29764843344320374,0.0,4275981654391
0.3352287521200264,0.0,3436798398571
0.337615973953001,0.0,12839204855296
0.4539384729565371,0.0,24815324229632
0.3500709667123051,0.0,5767118105237
0.34385973701254,0.0,5018655462561
0.40350571155747156,0.0,24784709028416
0.17161036423100873,0.0,40636623672000
0.2000968794464506,0.0,12532434748352
0.2274123708657979,0.0,6597071718875
0.30774636423889445,0.0,28765126144000
0.3955544213983225,0.0,1677947202387
0.11524084190473635,0.0,46423108584000
0.3733768995010257,0.0,3460080078125
0.39625469717067424,0.0,2742236377973
0.4265816884953393,0.0,19904714311301
0.3459939435260809,0.0,8660591750656
0.3951610683911008,0.0,75151448000
0.4095503997569135,0.0,5655926277513
0.3513203254925152,0.0,2921140722375
0.38708200615897476,0.0,35287552000000
0.44347227249483573,0.0,11672366509504
0.3915620713906285,0.0,31018339288000
0.40878463564361567,0.0,2333056782447
0.43287508394154517,0.0,12971249127936
0.4006426669281159,0.0,7796549459789
0.5071924203051867,0.0,36501857904448
0.37605620706476406,0.0,12174936725125
0.3862776148177542,0.0,2724641702063
0.45762567706576707,0.0,16418051191296
0.3918026858641027,0.0,2104533443375
0.32663419514665676,0.0,4059246481408
0.38356922546679173,0.0,7777691600797
0.41145329324202434,0.0,616729673728
0.34008064171430674,0.0,13851666436096
0.37565356508113174,0.0,14684526582272
0.46524348359366025,0.0,3770920487125
0.16275675334751263,0.0,28540399616000
0.3061375950805502,0.0,891388122624
0.3611600212399921,0.0,-430026950592
0.3846337697368057,0.0,-3061257408
0.37094185874618013,0.0,13278380032000
0.44145365981460666,0.0,252076657013
0.43555984248830104,0.0,36080939749184
0.34592752286352757,0.0,17245501477056
0.3435655774213575,0.0,641172900367
0.34293667914761583,0.0,15700120064000
0.4209903564311235,0.0,19937783496896
0.3451640597813999,0.0,2680405706971
0.1730806934033727,0.0,36766586899008
0.41465036650139475,0.0,4220112896000
0.3951843084178379,0.0,6577042272256
0.2545451058565214,0.0,7909146121024
0.34584338496594924,0.0,16855982144000
0.37473555650293827,0.0,11246952080125
0.3530912699509323,0.0,20933297216000
0.39186543066097396,0.0,16536548206333
0.17111947817300072,0.0,34264788992000
0.3609066836889401,0.0,8659326630375
0.47306365788265536,0.0,35442699784192
0.5086206844105232,0.0,62381832696000
0.3862670936786065,0.0,1053734731776
0.37680635193439604,0.0,153990656000
0.45449144152789156,0.0,8927714993625
0.388961266197306,0.0,4455471396375
0.36613052856979716,0.0,55883172423168
0.31398226997197015,0.0,6538153986099
0.34229038863613803,0.0,15039957645504
0.42615125531551096,0.0,3500038133487
0.36947361403904533,0.0,2073159600751
0.19702602057583504,0.0,55341186955712
0.42369739897186304,0.0,981218819953
0.38084455201677453,0.0,33485883591168
0.33608597137722945,0.0,8520914265625
0.3942865968454152,0.0,2363266368000
0.29308969024618353,0.0,6840605468087
0.37631154867135685,0.0,12493627993664
0.32421758007239665,0.0,5680723176107
0.4656019314054215,0.0,753571000000
0.4271475852719554,0.0,3381754501
0.417689949135944,0.0,8301305492992
0.33306864941012504,0.0,3884701248000
0.4118464980782387,0.0,25915940990857
0.3538711348274921,0.0,3099363912000
0.36470315890608956,0.0,5388828792768
0.42758854540587193,0.0,6618199234375
0.5015872551927442,0.0,37865358712000
0.4249231024263347,0.0,77036881375
0.23514376543396343,0.0,21959056756027
0.31612818922421615,0.0,6656342345731
0.4268311572497633,0.0,17317691854848
0.19205122763291668,0.0,37592008350499
0.4685501098684292,0.0,1398915477504
0.41765893904651513,0.0,47634765625
0.518830757103057,0.0,4366714263625
0.3520991790770031,0.0,3249683835328
0.3741172045121004,0.0,10807053441029
0.40004634931190125,0.0,18073424170907
0.3948092926110634,0.0,8988532633088
0.33608528728732173,0.0,478028334259
0.39517400879295134,0.0,5289852801024
0.35719589429198756,0.0,14686325642169
0.35967553619620724,0.0,5140991504979
0.4702179520790056,0.0,5218226338625
0.41231055891279506,0.0,7238337859584
0.04132231365674476,0.0,73370615980544
0.37311792757472806,0.0,2042582044672
0.40316162233226804,0.0,12616791552
0.32110279372402384,0.0,26420988962304
0.3415656826980158,0.0,1291823777971
0.4928958445169425,0.0,2544979396077
0.3656436635115113,0.0,7172307974125
0.36793065659262686,0.0,4197433976091
0.4155325644967113,0.0,1136912523453
0.10829669935569151,0.0,30829179566016
0.4264400797953356,0.0,8963913629917
0.3316325034357987,0.0,2884512427875
0.3926756541464214,0.0,5875849441125
0.39149638486179966,0.0,5985938915893
0.3268018532613325,0.0,7138888006375
0.40312672659067555,0.0,4456283746816
0.28953276017636415,0.0,7524927020736
0.42863108793214133,0.0,4638246080733
0.31390238294169354,0.0,3677222437875
0.2245715147625858,0.0,34760880875456
0.3350227181642011,0.0,22017921877952
0.2852145453934999,0.0,10190085632000
0.27162456782357197,0.0,13746385708875
0.4270070011407352,0.0,9352587271509
0.3567598805196711,0.0,28149950088000
0.3624034282044469,0.0,3654398855827
0.27041222615686505,0.0,14262279885251
0.38087999931938654,0.0,4735707429257
0.4262993405587778,0.0,30488290624000
0.3977725943458566,0.0,3844069204625
0.3697968488023356,0.0,2208681643167
0.32173878277481444,0.0,6151623464267
0.30007322988292523,0.0,10461788159311
0.3693994140586766,0.0,2717624958875
0.3924039746627654,0.0,2735189446625
0.40983282579892527,0.0,3598457932224
0.38457419744519217,0.0,2562354397504
0.4588705343944464,0.0,2958696030016
0.3671715569128051,0.0,7852120653376
0.3497237132752348,0.0,6240683160531
0.35503509789438487,0.0,4352303557783
0.3293749728630049,0.0,10183036921875
0.26049963260797004,0.0,7737719666139
0.4432838385393552,0.0,2263054145689
0.45130379242172236,0.0,6571778111891
0.4446378070593766,0.0,2133237982617
0.27415965924173225,0.0,17608467972096
0.39019610426901563,0.0,29687332481344
0.3937224556380071,0.0,5697932648381
0.4003587659428777,0.0,6330598305499
0.4317861989354365,0.0,14677331811904
0.32686652374680636,0.0,22235451328
0.3864918640935862,0.0,18653901818761
0.3942061644804034,0.0,7655856217829
0.3777173116134179,0.0,6217323787072
0.4285183675999897,0.0,3225391734375
0.47368849991243445,0.0,844712602677
0.3797144231635556,0.0,3161636106733
0.3801886701090148,0.0,3356807785317
0.3870122964936749,0.0,1997043891857
0.40562546050595166,0.0,936876811625
0.38834088136047573,0.0,9938375000000
0.37254792159054767,0.0,1195065540928
0.37041765201866306,0.0,8403809924691
0.38601558618836446,0.0,1635108092541
0.4122128698107574,0.0,242620354053
0.2872416070715537,0.0,17323716796875
0.41356644014948507,0.0,4664159566912
0.3760854113778157,0.0,6257986338752
0.4186427062449452,0.0,2125293586793
0.27264726387477517,0.0,11857031175627
0.3987591659956609,0.0,28230534608849
0.3111475712283321,0.0,6627721314304
0.34161343096607805,0.0,2320940224000
0.3593565180220404,0.0,1041049210375
0.3605582167296356,0.0,3117254643712
0.40679083599072596,0.0,6510918987217
0.48269921998417636,0.0,1964867203125
0.46034960697755933,0.0,965309068387
0.40530397794548945,0.0,10034368163009
0.3619517582715498,0.0,3447741430043
0.31528878665043,0.0,8498406359143
0.4808409510850988,0.0,29195350553088
0.2866622243266067,0.0,10613190002176
0.35055437488154306,0.0,6546549239243
0.38879834249419204,0.0,10038555741248
0.43424511663023135,0.0,6527670016769
0.37148473304317736,0.0,5355700839936
0.34472043211150716,0.0,1306109784491
0.38402549234496197,0.0,5177717000000
0.39106314817662824,0.0,5363050840064
0.42898243600020725,0.0,5713259105133
0.39904085629466346,0.0,3276744228477
0.42845224973975643,0.0,2367527063552
0.44563568534323156,0.0,2293179330203
0.46906309990509687,0.0,20796875000000
0.4699471089078439,0.0,1615203369837
0.06382978678393586,0.0,49819782886336
0.4509499851484272,0.0,1033057725029
0.3573463074221377,0.0,39415080480768
0.5077275053725188,0.0,10707643014921
0.38367624222236707,0.0,2110451053283
0.3430127177901279,0.0,4674216448
0.36189494092100566,0.0,1719374392000
0.406124652845294,0.0,-90156451904
0.48224587266120866,0.0,3995458052032
0.1585860320756778,0.0,26878682158875
0.439690115553812,0.0,20787801319936
0.17379184798203662,0.0,32385498046875
0.42285437961621286,0.0,16730074302976
0.35207669681360915,0.0,1525243425831
0.36447360856078337,0.0,6726651492133
0.3453532239788102,0.0,2427173723519
0.34631943228345896,0.0,4731478615872
0.5222824481763322,0.0,3759303514149
0.368126993042969,0.0,22463961181696
0.36184285312376246,0.0,28979706101696
0.4178049510770326,0.0,7397776909125
0.4294443410794501,0.0,1007217293824
0.28385401170175595,0.0,10776287785472
0.4262137222650919,0.0,9502532872741
0.33674620175163483,0.0,5956317014383
0.44748880078286546,0.0,4005286042841
0.16461345104264294,0.0,43510211408448
0.5474064153269285,0.0,8671983378625
0.36440716007184265,0.0,7252941092293
0.4129883381658497,0.0,12010562298701
0.46154785966442785,0.0,23639903000000
0.5503867590892352,0.0,42129661190336
0.40716404317460053,0.0,6657403963328
0.37488532185825585,0.0,1693669888000
0.43042972826267234,0.0,118877763213
0.4209372211586499,0.0,6280426125
0.3918723140533221,0.0,-76819825251
0.46495215911009735,0.0,6606573527744
0.21470872022420698,0.0,19812315166379
0.09999999914285715,0.0,61555013331904
0.3641508405682368,0.0,7048070130717
0.29057954904236544,0.0,5465727083375
0.4411495449430147,0.0,3046733141473
0.42120201557907033,0.0,806694490629
0.4398212818973422,0.0,25661933415936
0.40579913447457105,0.0,10614638901833
0.3162345261288403,0.0,8873599968927
0.4532563515922773,0.0,1875884930037
0.4711010023102804,0.0,1740558300389
0.17675406047928252,0.0,21914389499904
0.16805811947192362,0.0,26741628555264
0.3855925314874875,0.0,9235885736141
0.3569209343323776,0.0,4318801949125
0.49734449657475444,0.0,28708834328000
0.4648842040212787,0.0,24378909391936
0.43513298674349155,0.0,19849680294976
0.3375774477414502,0.0,1648468344797
0.3280789532586645,0.0,610663523904
0.3750291635486991,0.0,17937405207233
0.32276112686731134,0.0,3635215077376
0.22315718078917376,0.0,20112552439875
0.23049762238149787,0.0,11207842745939
0.40146618569716364,0.0,-70957944000
0.3770491753829616,0.0,75944917248192
0.3767878599277712,0.0,-1072484024256
0.3986411301893321,0.0,180362125
0.11113055289093808,0.0,53004836062144
0.21464989051628017,0.0,19169217376947
0.28358890362678996,0.0,7941343942351
0.4270140045583497,0.0,254719536219
0.430335014401671,0.0,1821658947597
0.4157461042921927,0.0,12186053937728
0.4365960638176414,0.0,21549935967552
0.3710938237232454,0.0,5827141349875
0.39224139098518473,0.0,41565561344000
0.31761663601507484,0.0,1468715167863
0.26941441638939817,0.0,6155653131783
0.15801155453745752,0.0,23838140152000
0.5213722132562413,0.0,10197137594125
0.4101948753125651,0.0,122393332125
0.32980275208940624,0.0,1073741824000
0.34952042968836333,0.0,-398688256
0.31048993070903064,0.0,9707216706368
0.3856919246923427,0.0,110246759875
0.3480919231748765,0.0,20384450464013
0.46659640090338433,0.0,3655822555125
0.42779826157569245,0.0,3194058458583
0.3807687998778009,0.0,-48228544
0.3689535897172756,0.0,34252131146176
0.42386101224118194,0.0,682401702464
0.5100814956421891,0.0,7163385806933
0.4558756914802183,0.0,17422322089024
0.41062883072101924,0.0,308915776
0.36280429913335627,0.0,21726981259264
0.3112529288067321,0.0,3010936384000
0.43832996773859007,0.0,5518958248448
0.35643008058963405,0.0,35989297348096
0.4655934475650625,0.0,3554258224581
0.313499436074805,0.0,31686489537984
0.3899452114844542,0.0,9783866683072
0.3055298707517877,0.0,23325014605248
0.3623876664871896,0.0,2584890367424
0.3373901086881989,0.0,2352637000000
0.4390972455504698,0.0,1073741824000
0.36755460025292624,0.0,15983964359
0.3609733124788523,0.0,3490365071809
0.3641410110693363,0.0,31963664416256
0.42901303939180874,0.0,4750952019731
0.31574621239370587,0.0,24419288529728
0.4397542593296447,0.0,22058010191125
0.3725376557361662,0.0,35184372088832
0.4105947151062518,0.0,2249635843727
0.43023401762117425,0.0,5006354124043
0.41043189338088876,0.0,2492774435879
0.3915119965181887,0.0,30149923874624
0.3721440459227671,0.0,4090626351657
0.392409394606142,0.0,1140838548849
0.42825617864168974,0.0,2853620181504
0.37716798790032163,0.0,4901737616803
0.48314579026611526,0.0,668315348407
0.3592273872205569,0.0,7061312156625
0.357048736701452,0.0,7185705111073
0.4017027689571963,0.0,4375536446016
0.3757253520056016,0.0,1860413166899
0.4763772163220067,0.0,5443416756071
0.1082403627264706,0.0,35871699592000
0.44381010190182585,0.0,1353266019981
0.14038505404854537,0.0,22626766010304
0.15040564553163152,0.0,26752360981312
0.47733467684574893,0.0,5966180097353
0.09975513854799857,0.0,38999605206528
0.44778323728763547,0.0,2822949290637
0.32581623549052835,0.0,9637759731041
0.3454834861815821,0.0,15888972744000
0.31928852703447275,0.0,9442095763456
0.3709460985735772,0.0,32866402336768
0.3680185303083597,0.0,104354062912
0.31699758433145175,0.0,23256507613184
0.38409294430478885,0.0,45422866432
0.359265839440955,0.0,303328992959
0.40996807764328963,0.0,16373519373457
0.39582585621520033,0.0,5377771008000
0.31875764046730914,0.0,16526813954048
0.3948308686697488,0.0,292754944000
0.3985656160045186,0.0,-22906304
0.4235524086341305,0.0,6299849055709
0.38648456883877386,0.0,-369527947776
0.16279069635973117,0.0,60642872335872
0.40545935740076783,0.0,-1689410871
0.24740068776973348,0.0,36936017909127
0.27802549770610374,0.0,23117461697303
0.517044699502446,0.0,18307898526016
0.4651906225862419,0.0,360792066159
0.17196654614739823,0.0,31491628517539
0.5014684082299805,0.0,5754585088000
0.47278474905734696,0.0,2694903759296
0.394922673238106,0.0,11120925782161
0.45120698911489643,0.0,2551695854625
0.4592911114948529,0.0,2769361737507
0.47007067358704946,0.0,3419065399625
0.11113055289093808,0.0,42508549000000
0.4494995542023477,0.0,2271338023625
0.1664497358622444,0.0,32242450975552
0.3478142508309033,0.0,12016856867625
0.35325728800406725,0.0,38123037564416
0.39470382235383017,0.0,3926365208576
0.40989155528747945,0.0,8731635314688
0.3770063339334635,0.0,7310420365312
0.3663629791533795,0.0,3107022962688
0.3797205219921964,0.0,14405668722368
0.37788307654926084,0.0,470910952000
0.232639941712827,0.0,18422753264531
0.26494637132672305,0.0,10070699219875
0.4472169658431353,0.0,5203798902289
0.31471586851932953,0.0,3230633786687
0.2003506979076905,0.0,15887076760619
0.3014784997333487,0.0,5076918958203
0.4481946756939497,0.0,140526895599
0.4786075975683858,0.0,4096000000000
0.2326763599809146,0.0,23597919687987
0.3655071896221452,0.0,6480630833984
0.38730995064431983,0.0,3502805144203
0.16425562780768507,0.0,33336504405504
0.46698568663045925,0.0,3990172722381
0.363604481366438,0.0,13072538989693
0.3907979738664883,0.0,15966838004741
0.35069590283810226,0.0,8596227584125
0.3500554450209332,0.0,17446527225856
0.33026182245068997,0.0,4105992114197
0.40921993594260475,0.0,3361517992000
0.34493334291949984,0.0,5028334923968
0.4237952643450943,0.0,7757688470336
0.3518867162887336,0.0,166738264064
0.19986716858603976,0.0,27325297728000
0.21280798456880576,0.0,14058594660375
0.23733719003034678,0.0,7210309838759
0.4820635682412763,0.0,7535299870125
0.288742660802801,0.0,1956408087843
0.1624795572323489,0.0,36567920613888
0.43629102780834084,0.0,118009517625
0.20431151174068973,0.0,20139188638743
0.45461524877941906,0.0,918613512361
0.2389051995773632,0.0,11225881922471
0.2953519787734923,0.0,3781104949539
0.43807049850081714,0.0,5519895200217
0.32672986824875927,0.0,3010310886519
0.5099149852799433,0.0,3194709156352
0.4659007350083753,0.0,11871076091328
0.22204995115220158,0.0,31650454867968
0.3514191538696127,0.0,9187109392384
0.4460604574108216,0.0,2283801705809
0.15141490422053347,0.0,42420912573376
0.4945872611203012,0.0,6825481747209
0.16426585814985772,0.0,24581250950976
0.40751601013301636,0.0,23000801168519
0.3783491443867043,0.0,1079729803979
0.40104504058052004,0.0,40792845377024
0.4093811004714473,0.0,2100594521943
0.47199290277430483,0.0,5868037976653
0.2070414504545834,0.0,27021605760512
0.37778097791270465,0.0,24500180517184
0.36207564820227794,0.0,6860083057001
0.4119295708985901,0.0,-1259712000
0.3779334229047515,0.0,988941019347
0.42573343314070017,0.0,307136994723
0.4420960576159348,0.0,1247504447125
0.03405753557332505,0.0,51811684352000
0.3154257502990239,0.0,9050928704000
0.34373374030314724,0.0,20134747640125
0.4086196447080572,0.0,17486918922816
0.3626234509068533,0.0,233289844416
0.6135798946201848,0.0,49495541909696
0.36796345552184667,0.0,83110180544
0.3279811242238826,0.0,21364614332992
0.2949010827207389,0.0,65528814274496
0.42232632708728457,0.0,83281698863
0.40756759691928074,0.0,1668644870381
0.37123092214297804,0.0,10555342073856
0.4054242494502394,0.0,10453180389625
0.16255725094204823,0.0,41292577198144
0.3451823058210878,0.0,2451091949587
0.3641303734460654,0.0,33823616904000
0.389054072766983,0.0,9383250010688
0.3759724968678274,0.0,15126032609891
0.23568164425771737,0.0,27727335044163
0.35484819407290424,0.0,19893699380736
0.38085204686520013,0.0,126203844096
0.3914742278810662,0.0,18305814688875
0.40667621279548705,0.0,9992556413819
0.4920072934478564,0.0,1538798703625
0.029632482805441673,0.0,44211654656000
0.40501347314438163,0.0,1252726552000
0.34848008574488465,0.0,47705760240832
0.3904724283267958,0.0,872352628875
0.42386495029812676,0.0,8165528711353
0.3919284720057713,0.0,19179963256832
0.3982797276692873,0.0,4875813219493
0.43523777125285806,0.0,7006246285375
0.3354392977649998,0.0,19008510492672
0.4068826636249353,0.0,19384898717647
0.421467623103177,0.0,595884873375
0.33159564776375244,0.0,24751570987207
0.39617791606440594,0.0,3752779464000
0.37582940427016237,0.0,25412184000
0.3775061435861731,0.0,6033537965125
0.3823772940240401,0.0,26570299904000
0.27146921296258225,0.0,47642650435008
0.19699211764262028,0.0,32731149822272
0.3357341645296261,0.0,5491832746707
0.3499361470842735,0.0,3315280740031
0.36432749392810776,0.0,5089335571601
0.4831763320995149,0.0,17103714572125
0.323083486763917,0.0,255685143923
0.3406263709553344,0.0,18483505984000
0.39702194308565103,0.0,182477224448
0.2468406077162834,0.0,26792633153467
0.4364447814023308,0.0,3215578176000
0.40592898161558066,0.0,4382763427125
0.3497237132752348,0.0,3904752237723
0.4267516382705128,0.0,1423448471249
0.1823803663053149,0.0,18316235456000
0.4912616933763466,0.0,8073423486981
0.46436964328398544,0.0,5970128377221
0.41598502400705023,0.0,23610262556672
0.39547046404026254,0.0,19823300038144
0.40104504058052004,0.0,32036235776000
0.38708200615897476,0.0,27368867155456
0.33717899241495,0.0,20451683910923
0.399958533576371,0.0,108190397125
0.38240088128523625,0.0,37032592770368
0.38009363513812666,0.0,-1815848000
0.43557237485875316,0.0,42304251483584
0.3672188952796176,0.0,-20391167168
0.38580935737089533,0.0,10672703078913
0.318291884434095,0.0,8558515696375
0.4242346349991027,0.0,1584019010393
0.3711369757034435,0.0,21839297425408
0.38175124909544417,0.0,71991296000
0.3722144368531803,0.0,-282300416
0.4073931666524644,0.0,29560954688
0.2912313893017414,0.0,24439494808000
0.36311782477648535,0.0,6497329896000
0.3412418228844364,0.0,2036310046875
0.4489622708017725,0.0,9193690730349
0.3251478988262536,0.0,1391050107747
0.3111935948034525,0.0,33051437322688
0.3774066473344157,0.0,1118386872000
0.33963833043178887,0.0,2921140722375
0.5785278193147217,0.0,32461759000000
0.32375245050205814,0.0,2088807252687
0.32447303936664473,0.0,505690100063
0.44137429159083724,0.0,1915401756059
0.45382584177807883,0.0,11819632235139
0.3761098026753649,0.0,10509215371264
0.4883040808390772,0.0,23798404407744
0.3560886406807151,0.0,4034106396559
0.5312185255422146,0.0,27752076864576
0.3378162167060873,0.0,2990340677143
0.556017580562125,0.0,43213989498688
0.337117908456411,0.0,882250012071
0.42419554018438227,0.0,1157294281499
0.3834651477990981,0.0,39945571541504
0.4291989744203043,0.0,9075706699779
0.40195803259878754,0.0,13522096820224
0.4569029782785243,0.0,19343795419584
0.3764727219513085,0.0,5676903560719
0.49142447525330146,0.0,22800002942016
0.3567533248460022,0.0,8205738913000
0.0,0.0,85766121000000
0.3735369580142228,0.0,3004685307000
0.058823528904213315,0.0,58311769286952
0.45432368216004376,0.0,11292191162875
0.41854963334382644,0.0,3153887529625
0.4967282526983583,0.0,3356807785317
0.405190574654956,0.0,729972432064
0.17253772942969428,0.0,634282610688
0.45280694124687265,0.0,967068262369
0.40009850357860044,0.0,2210717450683
0.4260007750933614,0.0,555817757048
0.411426175754629,0.0,4621578745393
0.3443597680869183,0.0,2532696518591
0.37177748053909737,0.0,1689836451031
0.34331555102156763,0.0,5843671777728
0.38916755500832445,0.0,2281201354944
0.38267017044314305,0.0,1426487591593
0.43272325245888826,0.0,7331911607483
0.4025552183029167,0.0,4944278142656
0.3456187971801177,0.0,7627922244125
0.3858379079011908,0.0,1889149021928
0.37660528890009554,0.0,18019759160313
0.36136083338411895,0.0,7157813211648
0.3305389821654912,0.0,5280750153944
0.4462468809636863,0.0,6270219584000
0.45007584064191164,0.0,312493915656
0.43474908892620395,0.0,438802742799
0.41909177178771734,0.0,7893674555031
0.3018026571419965,0.0,8985939039000
0.39657491679356494,0.0,265104193024
0.3382905438893596,0.0,220786933184
0.34172228663948534,0.0,11624577439077
0.44796994509220067,0.0,8936755499008
0.15216892439859228,0.0,820288712881
0.10496805141808037,0.0,36587754958392
0.40140999165859415,0.0,12377688555968
0.4027601686218534,0.0,3498655174741
0.30648471985444015,0.0,11885132093661
0.45019417675758594,0.0,1676253304439
0.32988685295837344,0.0,12524343390567
0.36564429737548115,0.0,4588363957113
0.38654007092841647,0.0,402601199104
0.3658622418980364,0.0,2567976059384
0.38506947036920436,0.0,2968599606848
0.39386833814693906,0.0,2078529634728
0.4268955684699326,0.0,3417023218328
0.3541099852200366,0.0,2593941624000
0.41653170817862606,0.0,7072359839875
0.3838584511806914,0.0,5789336458816
0.374587709027315,0.0,1229169264128
0.2897823693192764,0.0,3165515149987
0.4116612770404221,0.0,6908938709336
0.4533526891992782,0.0,2580937072813
0.2829637777522355,0.0,7112226903391
0.45254471101263777,0.0,373403541601
0.3907240307716821,0.0,372315657384
0.42026553992208293,0.0,10446010856
0.5562244277434006,0.0,2552256092296
0.39982232189570954,0.0,-5861208627
0.42381068239211267,0.0,114225318208
0.43671831699677094,0.0,36726796224
0.4669046976829769,0.0,621087144768
0.4108022291929186,0.0,4546246409496
0.3368485876959457,0.0,4911266203992
0.37394702638253,0.0,2714704875
0.3674390796564652,0.0,31936478437583
0.36470337108054607,0.0,3237194335257
0.37448290172157817,0.0,69578670897
0.46411482726237957,0.0,67309873745752
0.4002483940260942,0.0,71732023875
0.40296393051464036,0.0,7029338948416
0.41260911696325975,0.0,3915921430728
0.30722049917474914,0.0,32409888542387
0.4368835510151512,0.0,1026327728503
0.4243226566915444,0.0,5132060489249
0.4543162860339596,0.0,1228480911000
0.40350649545474315,0.0,1574661388104
0.20518270970289754,0.0,25549865142677
0.38257546081712557,0.0,903389743963
0.4217397216060859,0.0,2708288055019
0.3074481340053449,0.0,7377293920563
0.3782203670895471,0.0,10877594703893
0.35671839732144417,0.0,415996269625
0.26273333775715657,0.0,10677066408000
0.2667764876929845,0.0,2752829453375
0.4078026527555944,0.0,14396789853783
0.46494096087631204,0.0,32364166404032
0.36685237612855026,0.0,3254293315259
0.3731859553574767,0.0,25915940990857
0.4366889894119875,0.0,2636078597144
0.2638716718025651,0.0,-479313355976
0.5619021836996818,0.0,42231447028224
0.4604061257962783,0.0,4270451687424
0.40808006714475803,0.0,262144000000
0.42930050896549315,0.0,1008121889683
0.44206265324816924,0.0,37206182767104
0.47518624366730744,0.0,695270983779
0.46453808061329066,0.0,-2315685267
0.3741008651132834,0.0,3965318943552
0.29766727132616294,0.0,622835864000
0.2325963125414462,0.0,185193000
0.39808475297673895,0.0,-209584584000
0.3708858506515431,0.0,3355462820611
0.2750797771958913,0.0,27338908203125
0.38177719710564867,0.0,2588282117000
0.49692357170770024,0.0,4065356736000
0.5060368747299895,0.0,11746620607168
0.40230280853031586,0.0,5405443875000
0.31825609611809347,0.0,133903400896
0.3724340836520642,0.0,4959094407877
0.423427478356179,0.0,1144117132579
0.4378714617303018,0.0,12757133991896
0.31821573104196776,0.0,1615616394904
0.3892667753413651,0.0,262266899201
0.41744926907461427,0.0,624149555336
0.2890293335321301,0.0,9556470776861
0.3325310160337351,0.0,7064625252672
0.3725379852461634,0.0,2517676172864
0.30754671449958804,0.0,1451725555267
0.3852498080821399,0.0,6998559985152
0.39554717491842084,0.0,14144395861504
0.4547773567991339,0.0,4996702900736
0.34315893614301723,0.0,2662500456000
0.3940972854743398,0.0,619995859183
0.3759899174353397,0.0,397065375000
0.3653728145262018,0.0,1541599428608
0.2961557607159025,0.0,796855809511
0.4540026747599647,0.0,6337787498216
0.3756215805162994,0.0,440363699712
0.3994604908883958,0.0,1235376017000
0.4323812385894141,0.0,2260469570624
0.3396977795978415,0.0,3715952375169
0.45673779284720617,0.0,4182619516928
0.4486459970500654,0.0,3239164230336
0.368324867290524,0.0,2056134677696
0.39742317977338415,0.0,7557229402624
0.3478268749966978,0.0,4691010024000
0.47534664413735195,0.0,1018715558328
0.5235448672091786,0.0,1951250599936
0.40748563948070254,0.0,892221974883
0.46666899392964706,0.0,5524581549752
0.3572219165978889,0.0,600357185856
0.3954268342620833,0.0,11114948129013
0.36731828999200844,0.0,1136585761856
0.39301886301494027,0.0,2178798497344
0.4475014938976207,0.0,1513744672168
0.40595867438707983,0.0,2273930875000
0.513539981964089,0.0,4308467355648
0.3717450420218928,0.0,2407720401827
0.43840363195784743,0.0,3477265875000
0.4385278822531899,0.0,923725850419
0.3839838864339503,0.0,627661760328
0.2913537303086153,0.0,2062447296489
0.39788727292126824,0.0,1070599167000
0.42758532133407906,0.0,4007556327104
0.3907674426235236,0.0,3207741676992
0.3986451232628452,0.0,4007556327104
0.34140307300283823,0.0,8429877854208
0.37488446872490666,0.0,2379270375000
0.47170399261666973,0.0,4469294786048
0.4079209118228323,0.0,103359800557
0.3496158648525211,0.0,18114777373447
0.42582178025050843,0.0,335412643392
0.3592085631729331,0.0,192199929011
0.367391252184986,0.0,840965071519
0.3614239725893336,0.0,9001508089608
0.4106791264210757,0.0,1910778533929
0.44289684682778574,0.0,19207921337541
0.32980515623211043,0.0,16844151540104
0.3726892894022361,0.0,1179926954263
0.37512442367519405,0.0,525167290432
0.42213676239525105,0.0,4389998361624
0.3732183147980438,0.0,13281744770568
0.3677164727320074,0.0,1488572926632
0.40126685164441467,0.0,865250742889
0.38260025119057134,0.0,582601310208
0.37751515981771905,0.0,1736654408000
0.360445500660246,0.0,1148717693817
0.37645265470870815,0.0,406375048143
0.3810550055413648,0.0,747377296875
0.3697620863896669,0.0,14936007779883
0.4212696234753017,0.0,1814508769373
0.27537004677163757,0.0,811644055552
0.3920113007607952,0.0,12097305498816
0.4156429520776613,0.0,4651608764557
0.37516468449104756,0.0,1002401920512
0.34837615707853714,0.0,2869341461000
0.37735011253168976,0.0,1591777123776
0.37940545755314986,0.0,7978419434168
0.3780642486762222,0.0,2557862979776
0.3755743485296075,0.0,2813970451032
0.42442771446368327,0.0,992220262424
0.43395810170823584,0.0,3832302404449
0.37866585215501675,0.0,3549369607064
0.40036884938669887,0.0,2410416013312
0.3631425828744868,0.0,2058075648000
0.4063830842834641,0.0,9295440605576
0.40695838542931845,0.0,5798046107125
0.4406155229828512,0.0,449103134312
0.4242858724946868,0.0,1364676090688
0.371235380056122,0.0,2148187038327
0.3932992088894504,0.0,1126162419264
0.47547072639233046,0.0,14322351349125
0.43147644024858184,0.0,6549699311000
0.40347337496867686,0.0,9845751989737
0.43682030654436155,0.0,146196608832
0.4353493412991231,0.0,849278123000
0.3775336301924188,0.0,371539892269
0.4287101880674787,0.0,6688239997321
0.388170475790634,0.0,1754922622328
0.44742702116049116,0.0,2024284625000
0.41019643769186936,0.0,5672131449704
0.38263072657722064,0.0,1069971372352
0.41971432794631197,0.0,7459453287819
0.37040210186547956,0.0,2555619240448
0.4000876823350046,0.0,367369375528
0.4062760578667557,0.0,862257739832
0.347167256711612,0.0,1454034564289
0.38146195661832294,0.0,688465387000
0.44484070225328265,0.0,11714095811431
0.39647839872164625,0.0,1270238787000
0.4026725155180314,0.0,1424967491277
0.4316689323203854,0.0,6346010380744
0.4343778931606029,0.0,359273796029
0.382581610161521,0.0,3174578586873
0.3997004999767026,0.0,1885483737864
0.48051128810047583,0.0,2185359618833
0.36136562702504327,0.0,1032751179712
0.44071792047988434,0.0,5989895907281
0.40721437775517855,0.0,1666113851375
0.41800427487094194,0.0,5240822553000
0.3464583487848756,0.0,3153242386944
0.4302140507381373,0.0,1595051261504
0.27376466442187924,0.0,1022669171875
0.408821641968123,0.0,8034850484389
0.35738157696778156,0.0,1730160900125
0.3968980475823848,0.0,367523279747
0.28264691279415993,0.0,407858167296
0.3770386418676133,0.0,3701576406709
0.3750243284098683,0.0,10876121972416
0.3777677721336104,0.0,266344154504
0.4349252453560154,0.0,12008989000
0.45202180270325065,0.0,93886178625
0.3660769441727373,0.0,433798093000
0.3992198687410904,0.0,187542143424
0.41626125373311995,0.0,127719486656
0.4010136117434044,0.0,348319262656
0.42140106696408225,0.0,164116546875
0.36494421520343884,0.0,2229096041047
0.398938745515661,0.0,461889917000
0.35376532288721274,0.0,6827640912611
0.39949604860639626,0.0,1244031118875
0.39001925249578406,0.0,1067776023861
0.36092374098383617,0.0,2017571115456
0.41369515574912746,0.0,4060773470664
0.2822105476798391,0.0,1517307043771
0.4081976359107299,0.0,15849188760159
0.38628570369148413,0.0,7465181341184
0.35180392490013973,0.0,2942649737000
0.4027956825541763,0.0,2899736776000
0.3890377716157636,0.0,5548993329664
0.42964291121600484,0.0,1893278140811
0.43161670390834794,0.0,2487813875000
0.38599397579024297,0.0,2127774087928
0.48773249987722783,0.0,4083724283904
0.49724159785285754,0.0,19126273994407
0.4406290670932851,0.0,9485046853632
0.3260650462597983,0.0,5730534192375
0.3917428022493515,0.0,3305951312273
0.436513104052385,0.0,1243337227777
0.37677639653280026,0.0,6169770825821
0.4210656055478147,0.0,2201058496512
0.41194994691691855,0.0,1656015369191
0.4189282102072462,0.0,2855431237203
0.3757400065594796,0.0,2459828290499
0.3295765790866627,0.0,2600743915008
0.4269166540899427,0.0,10367362235125
0.35757511745077836,0.0,2216322370872
0.3945031552341011,0.0,7708416073064
0.41525214111831543,0.0,703544180984
0.34538212484957875,0.0,4477439532168
0.36799174000461665,0.0,1577098944000
0.27395362591012734,0.0,1682186938957
0.37919590136760656,0.0,7935374802536
0.3742798577301385,0.0,2537716544000
0.1340206163460517,0.0,64863050655339
0.39585963632260995,0.0,1333542617343
0.2833704318107064,0.0,10338860911625
0.3781383268192622,0.0,3017822575851
0.41358782996038296,0.0,758051591032
0.4142768888110057,0.0,500755338621
0.42137870182652915,0.0,1091772468073
0.3789184307933785,0.0,1775077163712
0.36950200745828077,0.0,887226653529
0.4751340369093578,0.0,2063419613891
0.4044916701861387,0.0,1564531939529
0.34574948013171836,0.0,46889669016
0.4100367649435035,0.0,-155720872
0.43850951918395825,0.0,24861294286856
0.34457004298636373,0.0,350402625000
0.4344531450200381,0.0,5061868813
0.3569706973198816,0.0,157464000
0.2645572512212474,0.0,104287581243
0.2616383596631388,0.0,14905098181
0.3516985632456879,0.0,1162261676744
0.36834485207388074,0.0,74512166912
0.3868643640533449,0.0,8696065166144
0.41438169449511314,0.0,528297936704
0.40721907318878464,0.0,1105186588219
0.3815912708824294,0.0,1528027683832
0.27915475670097345,0.0,1361356908787
0.3837058438601669,0.0,7007344787456
0.3554977937060853,0.0,8787727019456
0.446588671716151,0.0,514307457728
0.38648354615543823,0.0,3796416000000
0.46821946979221873,0.0,1082257704163
0.40409949882401364,0.0,751089429000
0.43258630379362456,0.0,1245072439512
0.3021816902378193,0.0,1334996994331
0.40126145706653465,0.0,6928545734144
0.4127625027481636,0.0,2076575823512
0.43394720896271,0.0,12868836310504
0.35692683379324724,0.0,423903241728
0.41461633058054287,0.0,38204652032
0.34915535733972836,0.0,1315091802816
0.423144040597753,0.0,177788739367
0.3711160846051414,0.0,87883708536
0.3456053448870924,0.0,646765793792
0.3824993347321508,0.0,228547409544
0.27856912905540915,0.0,258109832863
0.37398249293090896,0.0,2998442888000
0.3753677919304473,0.0,534201385544
0.3444873751870929,0.0,4156196506552
0.41218994486814636,0.0,3286681780032
0.45271499826598,0.0,1233304783424
0.4374644648585225,0.0,2186370189739
0.42556802607552996,0.0,4099072768064
0.500133849572936,0.0,4567685746688
0.35798248398795596,0.0,2584325364067
0.4521669059009475,0.0,10326052376576
0.25388600723648963,0.0,68407892630792
0.40496619113363863,0.0,7100029448000
0.3714885328362474,0.0,1612314165176
0.41737227336630306,0.0,435864341368
0.3547515947352644,0.0,3491055413000
0.4045094676212485,0.0,951892739253
0.3869338696422453,0.0,649461896000
0.37602812985660045,0.0,2127774087928
0.33791206482417196,0.0,2110451053283
0.3594097360763388,0.0,1101662807552
0.30869539994553713,0.0,1184622952941
0.40042191511377817,0.0,6470208464104
0.3816409825008448,0.0,1873604311552
0.37028329288882134,0.0,802801184184
0.4021968548844753,0.0,10150654719808
0.4313077717696457,0.0,136590875000
0.36659577036622004,0.0,2066825131272
0.3877268020985161,0.0,241571564352
0.35570861311258667,0.0,1134626507000
0.4050087726039473,0.0,492290459136
0.4284104111705448,0.0,1337544697832
0.28556002126973196,0.0,541144131949
0.3989411785562398,0.0,10327475024433
0.35064934700624056,0.0,60670660424184
0.37124635097144476,0.0,1037048335848
0.3598071711862401,0.0,2496637205496
0.3872487984098395,0.0,351298031616
0.4114146519974615,0.0,9030098036224
0.37002194821650275,0.0,1426867785512
0.32655986009461746,0.0,1413601146567
0.37778720602491384,0.0,663967727424
0.4353402991550466,0.0,1662322123736
0.39935409679766154,0.0,7281079410968
0.3787855936529616,0.0,1546408574144
0.42924216301323126,0.0,408518488000
0.37044041125611477,0.0,3380402880512
0.4320062076132955,0.0,905634421875
0.39292195566966925,0.0,1050631254296
0.44247575521937915,0.0,2346274703872
0.31268456742639755,0.0,1131040390059
0.3961487101600609,0.0,1800708590296
0.25714285518367347,0.0,54785405592000
0.32113772234320664,0.0,13736059139349
0.36888551032788613,0.0,683332250112
0.4279337597419954,0.0,101455506944
0.36643511616719654,0.0,1839166147008
0.4449996953359116,0.0,331230249559
0.38464231468623744,0.0,189316978488
0.3548615006639981,0.0,983293904384
0.389168737444342,0.0,531047437192
0.40804855387174166,0.0,406869021000
0.4205381372172395,0.0,1168241288768
0.3923036225014996,0.0,9651352545171
0.3841758738997315,0.0,3881736581696
0.39160146630207326,0.0,833237621000
0.16395406245798874,0.0,14317044153768
0.38194601127979955,0.0,608722171875
0.4261457070858289,0.0,81238996691
0.3710803418225944,0.0,1693243664559
0.4239057547725878,0.0,285670358056
0.3980002540412867,0.0,158252632929
0.3856998564246549,0.0,887780766131
0.40370426601091475,0.0,468192422125
0.3695611641507227,0.0,4881854049344
0.3858282002690714,0.0,354443965533
0.44530270760412166,0.0,1060895910599
0.3262706854979532,0.0,393832837000
0.4510896246498875,0.0,5407292100608
0.4367636657958745,0.0,9205545057912
0.4085235127622972,0.0,3640182186887
0.39522803419867186,0.0,747871539533
0.38295299734316435,0.0,28728528101883
0.3488071179715767,0.0,9663597000
0.4141422820732235,0.0,-8169178744
0.44161729219824314,0.0,13997521
0.3601774293458189,0.0,-820025856
0.3637955873289827,0.0,2863288000
0.4055670592545588,0.0,392223168
0.3838693429287499,0.0,57244679864
0.34018269668966233,0.0,3120456644397
0.3533693639898415,0.0,738273042872
0.36219005480246624,0.0,3906984375000
0.0,0.0,83338924032000
0.39841171740966574,0.0,3053673784512
0.4417131668341536,0.0,1113223108544
0.3841479541810755,0.0,5785468305408
0.426147830307933,0.0,2009438972659
0.40837039163326866,0.0,3828630209984
0.4265832679648093,0.0,2626929525592
0.3678900636963753,0.0,3802990511529
0.48191469279302435,0.0,4276772039168
0.33898782830935587,0.0,2386227823147
0.4352113211486957,0.0,9822342519296
0.41215932365542135,0.0,3449795831000
0.09631896725724227,0.0,64959960000599
0.3798621614250346,0.0,7112226903391
0.3975896133948961,0.0,1340825076683
0.4303675027840639,0.0,326086867387
0.3771383204621699,0.0,3030369809111
0.40525328229683333,0.0,763050816072
0.41394399419800926,0.0,504548444681
0.41541367124976286,0.0,1799376814747
0.42117218130067446,0.0,1098146525013
0.3926604818526999,0.0,1783887921152
0.4739479265980223,0.0,2073159600751
0.3545996641939707,0.0,965016076968
0.4771033592582703,0.0,12994449551000
0.434542095196993,0.0,5769047875375
0.4124861392435263,0.0,1026633001472
0.44236983251267165,0.0,210008272384
0.393395685644521,0.0,2477912504768
0.4169395560858357,0.0,551166304599
0.4335891655465213,0.0,1413979047424
0.43795495217229674,0.0,824765878152
0.49301454763317165,0.0,1648049739328
0.5032535698986044,0.0,11498796875411
0.41773516740864863,0.0,1221611509000
0.35066186029097124,0.0,263868085944
0.3584619819666407,0.0,13556180395584
0.4035262023030139,0.0,11697083000
0.3393116359445837,0.0,958002056712
0.40659480531956427,0.0,92652203125
0.34415480293970135,0.0,430368875000
0.36839631704936737,0.0,185583153664
0.3012888288244589,0.0,424411315875
0.28069570008746714,0.0,146279880109
0.36884719573703456,0.0,2364331062248
0.380117767595075,0.0,4792616856000
0.35751617633509863,0.0,2405026800792
0.4146516168642318,0.0,792480319064
0.3446281152903259,0.0,4777283219688
0.4117647950935685,0.0,1524448545229
0.372921775098746,0.0,1102943314368
0.37935974006488526,0.0,2042582044672
0.42174326334498236,0.0,3458021595848
0.2745168958948088,0.0,1839616518277
0.39528176005432814,0.0,17335770872841
0.3797203988018007,0.0,8372846812616
0.37361848366317435,0.0,2744000000000
0.36696138176097426,0.0,9656793247375
0.37393694526046967,0.0,720045912347
0.4224973150645452,0.0,111910485259
0.36160148855817476,0.0,1909854783143
0.4180745119572647,0.0,353993401224
0.3902227990041732,0.0,205065869273
0.3747208514177432,0.0,1029995000299
0.30891876311161326,0.0,477844947432
0.3879130946026178,0.0,875094437125
0.0,0.0,77308776000000
0.4395032412336646,0.0,7942538129408
0.4274458980649043,0.0,800212618304
0.36380207024048045,0.0,4802857486848
0.4128904680795873,0.0,1536400783819
0.3981041532450206,0.0,1112578757928
0.38425620832252133,0.0,3089171438144
0.40514792993672477,0.0,2057105010232
0.3396977795978415,0.0,3066953357889
0.3659924411666997,0.0,1740992427000
0.45088173186701386,0.0,17396125133031
0.4117490845711882,0.0,8410011693056
0.24713490629228763,0.0,19343795419584
0.454066349999459,0.0,279213318656
0.4921499064530384,0.0,13686220288
0.4571248839910308,0.0,994011992000
0.5062862319155947,0.0,100350148023
0.47997295965558445,0.0,41781923000
0.46402984687344984,0.0,451570728448
0.4839547186704744,0.0,197747699976
0.48078788345061557,0.0,135638288072
0.41370957858498125,0.0,156677991471
0.5452573396585741,0.0,6879597583859
0.48807099371611595,0.0,2429883832384
0.4359968925939787,0.0,22691626644231
0.4787022319527356,0.0,363688552072
0.5910652859683991,0.0,20905965190592
0.33216863484450415,0.0,198359290368
0.38922381442324633,0.0,4809692672
0.3189936079058749,0.0,798145776576
0.3925611002263943,0.0,61302802807
0.34181162025915063,0.0,21161991096
0.3209151208054173,0.0,338317471232
0.3476325388440662,0.0,134375075848
0.40072990130673325,0.0,3455278223032
0.27375145034627496,0.0,333244968237
0.34888533992840526,0.0,87174018504
0.25365518839547363,0.0,102963870703
0.3441155693822459,0.0,6143569405875
0.3464820354531987,0.0,2067798824000
0.30837104105113533,0.0,4851699733089
0.34489844950985593,0.0,266344154504
0.3694851235845661,0.0,1020539034432
0.43043822622687294,0.0,207895529024
0.4754079671949604,0.0,12668891107328
0.36545135214524077,0.0,2466941833728
0.4431264561385769,0.0,547142719339
0.38682057254506796,0.0,343294084008
0.35506622409533883,0.0,1406433817664
0.3919097644521301,0.0,819500310712
0.40332767637761446,0.0,651714363000
0.28467507380089324,0.0,710448626467
0.3982330945165107,0.0,11468256950151
0.3928967963586229,0.0,1214767763000
0.047537402015131194,0.0,43603057590373
0.33485657087863085,0.0,218711265625
0.3284866399801845,0.0,14680928903256
0.38787460255085016,0.0,6655280841
0.3176909656731594,0.0,849009108709
0.38294555879904046,0.0,70752467456
0.3444399259498415,0.0,25908060079
0.3508824193578659,0.0,150144630875
0.2872795171834432,0.0,361857396376
0.3371020177970156,0.0,99060039883
0.35612475053521864,0.0,6339842552512
0.3530655815460307,0.0,2163205770237
0.34400582420692527,0.0,291038813883
0.30850522354732657,0.0,4819101635971
0.3575253325322007,0.0,2526569928000
0.41502597502308874,0.0,850893402176
0.3450945457077528,0.0,4968697158144
0.4130683700026952,0.0,1614377530891
0.37295996508790824,0.0,1175577511464
0.349032502589435,0.0,3212964593216
0.3793265306688357,0.0,2151685171000
0.29256048676357976,0.0,3190156127361
0.3671260744403199,0.0,1825689165048
0.3942388411544076,0.0,17785712594727
0.3793370027069899,0.0,8650474237952
0.37402502756965667,0.0,2876616869048
0.3492315512731496,0.0,9501187032
0.27759063655492117,0.0,22889370414457
0.4147156875047861,0.0,-8316073576
0.35003770873271917,0.0,172065164328
0.4426110669188503,0.0,12008989
0.3606172122771909,0.0,-851971392
0.32428445016264335,0.0,34455031064
0.364194965182468,0.0,2791309312
0.26409349776681984,0.0,33355152459
0.4066745487620754,0.0,373248000
0.3840193480269072,0.0,56711623688
0.3401357279893005,0.0,3112775523801
0.3535941987557898,0.0,735336269576
0.37340804955018037,0.0,20123648000
0.30709361479527375,0.0,6208199053939
0.0,0.0,70465467262464
0.35762872342357166,0.0,1785653563968
0.4143823665333673,0.0,509699454272
0.344308743240314,0.0,3778921022976
0.4105891566638121,0.0,1074685818907
0.37302263740579594,0.0,745155899496
0.35023858179520645,0.0,2335696384832
0.3795285382266433,0.0,1490137923448
0.2948619289204171,0.0,2317260920337
0.36403607766801194,0.0,1236758126904
0.4223815098971578,0.0,2660195926016
0.39652042946618954,0.0,14914184808375
0.38023996974922325,0.0,6902411264000
0.3733513362365916,0.0,2064878662904
0.16768477818582558,0.0,3784018160287
0.41592405842644203,0.0,3326632906752
0.4557453965731555,0.0,1254121570304
0.4038332301746325,0.0,6201108214848
0.4406802449982012,0.0,2216832378319
0.4399762335967157,0.0,1669066955928
0.43017283628840236,0.0,4145348870144
0.4466977791233268,0.0,2874190368232
0.39249077570794805,0.0,4118312392389
0.3991714348582568,0.0,2476813977000
0.505044483841637,0.0,4617418159808
0.5228205066388829,0.0,20595609027531
0.4567309902317869,0.0,10411642725056
0.4312499878229432,0.0,3745539377000
0.3447091707871286,0.0,886395917016
0.5934535722181917,0.0,41181572497437
0.4041808234158368,0.0,162950271128
0.33453585114280276,0.0,2222447625000
0.41048302938591347,0.0,459563470813
0.357124460396288,0.0,279726264000
0.33151896332037484,0.0,1239525438488
0.36277710607679897,0.0,704018907136
0.2770900748708095,0.0,1227448863243
0.36743386996931243,0.0,552983334912
0.3967441391478488,0.0,1454419637000
0.26152449314200454,0.0,605710476181
0.3601033938334729,0.0,4503569204744
0.40268794480980213,0.0,11752822624256
0.36145662762763986,0.0,1063706918912
0.42640558718369376,0.0,154076860881
0.4695685995255277,0.0,1802485313
0.42738150984995754,0.0,682634260125
0.4840458136801478,0.0,41854210048
0.4486079447609038,0.0,12087822375
0.4301123985170826,0.0,274244925473
0.4527087814824006,0.0,100609506451
0.39371798892536597,0.0,269836603128
0.45540075234258226,0.0,62240377347
0.49227527207629357,0.0,355647339125
0.37791272862403646,0.0,74937949696
0.4545647969363606,0.0,1846832461109
0.44942260022467223,0.0,212028591347
0.4012079587880127,0.0,15475479488000
0.0,0.0,78490713194496
0.3718412119949872,0.0,2539949793984
0.42180188166383814,0.0,857375000000
0.35562583089937355,0.0,4989691625472
0.40860470844568925,0.0,1624306193875
0.3890432485016625,0.0,1183615620552
0.3735379988694266,0.0,3228667352000
0.3960793658716086,0.0,2163707596504
0.32663289412476654,0.0,3205784543625
0.3609414448118514,0.0,1836465462936
0.44571789245772486,0.0,3629543916032
0.3001838672243929,0.0,1952656287499
0.4340897336411959,0.0,17834816110383
0.3845707238064792,0.0,2891204558936
0.4268242497522644,0.0,27697115017216
0.1329479759488122,0.0,52650044992000
0.36371913287932645,0.0,573441954112
0.4264370258311122,0.0,72199162944
0.3631887655167276,0.0,1623062891008
0.4485561367725066,0.0,264485658059
0.3784987696234779,0.0,144042632488
0.34443616799101534,0.0,842302200384
0.3826597960048254,0.0,438629531192
0.2843272192624321,0.0,832972004929
0.41192566392670976,0.0,329939371000
0.4099645611789081,0.0,1009630752768
0.2807438588233201,0.0,367523279747
0.37422956305268795,0.0,8987235773671
0.388196921894154,0.0,707347971000
0.4331352354653109,0.0,18466733293568
0.35268470537719193,0.0,1785653563968
0.4033464092729705,0.0,509699454272
0.3346802662514114,0.0,3778921022976
0.3922841486425679,0.0,1074685818907
0.3655181219747986,0.0,745155899496
0.35161202578931705,0.0,2335696384832
0.37241961515195254,0.0,1490137923448
0.3089229018248958,0.0,2317260920337
0.3448324705824634,0.0,1236758126904
0.4158704515744486,0.0,2660195926016
0.281120654767077,0.0,1326286574803
0.39342693736818096,0.0,14914184808375
0.36232349886838433,0.0,2064878662904
0.39300465646242,0.0,14256987540992
0.0,0.0,82244772790272
0.3766670805890595,0.0,2934033506496
0.42521194431929143,0.0,1052492608448
0.3605771117740037,0.0,5601816576000
0.4110861924944582,0.0,1919105698483
0.39457628854694315,0.0,1423828125000
0.3801448885989037,0.0,3689386025408
0.40162381249625007,0.0,2518786749016
0.3347381673139834,0.0,3664372516713
0.3638553645552743,0.0,2155687684632
0.4524964320473883,0.0,4126796864000
0.30755362389557434,0.0,2284842399211
0.4444469848864223,0.0,19246677360399
0.3893623418936394,0.0,3319952028632
0.524264257001528,0.0,53361217441792
0.3157152462857049,0.0,27238297641472
0.4138913536760106,0.0,608937674176
0.4608097343935541,0.0,81295282368
0.41519485813727486,0.0,1693669888000
0.47825304540859875,0.0,285800504003
0.434355836464229,0.0,158340421000
0.41282189857916407,0.0,888057908928
0.43830190513702655,0.0,468373331096
0.37304027761277897,0.0,878392183033
0.4486307063105465,0.0,354594238552
0.474248547641046,0.0,1061208000000
0.360051586625073,0.0,393994045691
0.47096408779305654,0.0,9206862834079
0.4373299173316945,0.0,748118742552
0.356613992920576,0.0,10662526601000
0.028571428384326535,0.0,61256172888000
0.3590395347735571,0.0,1076260372992
0.42275016893615414,0.0,227427812864
0.35803555343572935,0.0,2566851069888
0.4447858760531686,0.0,584067412279
0.37316549758976114,0.0,370455632568
0.33851547668360504,0.0,1475314671104
0.3773774867955267,0.0,867704708872
0.2771316289436228,0.0,1461748941549
0.407518155228364,0.0,693154125000
0.40401529525936164,0.0,1715932202048
0.27387792835284425,0.0,754316535727
0.36553139576583965,0.0,11745070443891
0.3691921982552364,0.0,5049496932416
0.4545454487350511,0.0,59392037956096
0.3727793866977609,0.0,11260511093944
0.39142582075537136,0.0,953926283584
0.4346672616218864,0.0,185193000000
0.3788283479202249,0.0,2346274703872
0.4258964838978493,0.0,503408508875
0.4100097083910543,0.0,311390022952
0.39875945606816254,0.0,1323753192000
0.4163106808040477,0.0,762049218104
0.36222325397708244,0.0,1311134658625
0.3851779754515656,0.0,602494700536
0.46460310233163266,0.0,1548013842432
0.33486183102478206,0.0,658275956099
0.46323646702754284,0.0,11129896279783
0.42323030543341145,0.0,4701105451008
0.3575946543238152,0.0,11946169656000
0.15162674051770378,0.0,57378463793000
0.39464532276059106,0.0,830053952792
0.4283368615861793,0.0,145034127064
0.37440230712237105,0.0,2117863651688
0.4042791763990294,0.0,423395573229
0.41070822245354954,0.0,253876626368
0.4114114223876906,0.0,1168906953304
0.417889131414629,0.0,655781916672
0.38789355368974704,0.0,1157294281499
0.3609589907018111,0.0,512000000000
0.4698828839780648,0.0,1375778987848
0.35042602962345965,0.0,562128410277
0.47157088248686835,0.0,10476144940841
0.4307359663974914,0.0,4335531180616
0.40646540972996725,0.0,8152154560376
0.0,0.0,70465467262464
0.35956746001718815,0.0,1785653563968
0.4187381968927801,0.0,509699454272
0.34995575134711415,0.0,3778921022976
0.4220642921575059,0.0,1074685818907
0.37542675465437164,0.0,745155899496
0.3484487478294363,0.0,2335696384832
0.3813600033445926,0.0,1490137923448
0.2893590892390485,0.0,2317260920337
0.3781494659465303,0.0,1236758126904
0.42086141939121385,0.0,2660195926016
0.27464904413645297,0.0,1326286574803
0.39185340953783204,0.0,14914184808375
0.37952422000446745,0.0,6902411264000
0.41277038531374166,0.0,12665630691000
0.2696523267636068,0.0,55393483328000
0.36839058840860567,0.0,716436867392
0.41130526250467203,0.0,110868710464
0.35103935080861115,0.0,1902936140288
0.3987251864975326,0.0,351746306379
0.38195541963545115,0.0,203504988968
0.37435226495970014,0.0,1025412272704
0.3885707907386322,0.0,559068937272
0.34245647696313775,0.0,1014772147649
0.35551427864573126,0.0,430368875000
0.43271595110649064,0.0,1215450984448
0.3116210251174681,0.0,475099770627
0.4203070940096092,0.0,9842996005991
0.39593036734571435,0.0,3986400342016
0.3923027036831487,0.0,4435194707000
0.44073085402061185,0.0,34138350784000
0.3866724536217702,0.0,6442123894543
0.4733854465559518,0.0,20192531567391
0.337873437150453,0.0,20442710922607
0.39246430472701754,0.0,8291469824000
0.35768020562723,0.0,3903264618625
0.3899708705300336,0.0,1177918188481
0.3301995721363464,0.0,991921850317
0.2772535254375825,0.0,981515081672
0.3474406204847356,0.0,690104032253
0.36365477317449546,0.0,536773144383
0.2682982642304552,0.0,455111517888
0.38792547564894786,0.0,411664745519
0.15256405950205962,0.0,25009806158784
0.4313371070089966,0.0,445418623853
0.4753409994395848,0.0,20525811272000
0.34888345905692786,0.0,8850474919125
0.43345437942267284,0.0,14868788579000
0.1726822760175277,0.0,16593082254216
0.4938769526150394,0.0,11480466422879
0.2592592573388203,0.0,53702110052352
0.42778982768502194,0.0,1104545342753
0.33720202859125165,0.0,460815199424
0.3827103641221572,0.0,151419437000
0.36088206158019326,0.0,24288219136
0.3975370463995877,0.0,10764582912
0.29134712533267976,0.0,449983383247
0.3253662014842014,0.0,21937891023784
0.39617891809821626,0.0,1394417360448
0.4391242472089011,0.0,19871681712056
0.44131766428682334,0.0,14870602657071
0.3555135647463049,0.0,7469765894592
0.3481937150040811,0.0,3510421942392
0.30307048169256784,0.0,26956823035904
0.48370974976428915,0.0,10208427499557
0.3960825149145962,0.0,942633335125
0.3917679566838126,0.0,2673465150439
0.27836664467360517,0.0,37072603971584
0.43382750283230026,0.0,13355912901176
0.3604008971720362,0.0,1658956532472
0.4453810760831175,0.0,2858451365888
0.30817281453770373,0.0,2498293899009
0.4185241847641345,0.0,2232681443000
0.4132737554127251,0.0,1625550131512
0.4405818238589218,0.0,1356572043000
0.4092556895617679,0.0,831114272808
0.45131356003257395,0.0,576761436224
0.3819266412252386,0.0,7994001499875
0.37206422780484205,0.0,14516070154984
0.5155805918950486,0.0,20460659524551
0.36338590660406683,0.0,23139379367936
0.48424395788905006,0.0,12566456507249
0.3808490678854776,0.0,42985344527000
0.4657518618362229,0.0,4670024325875
0.3634131677403819,0.0,490422422456
0.2932937668529388,0.0,1123242379875
0.3939720577965131,0.0,969123355136
0.444552085359359,0.0,406045955125
0.38752614560219334,0.0,465304210749
0.32907588891679473,0.0,367215514281
0.48860563730568785,0.0,19663323560271
0.35888015872333556,0.0,8679583344151
0.4959217535982199,0.0,10926269459000
0.27006078773567005,0.0,18172777760171
0.5190477585254013,0.0,9597057876251
0.4560965969139159,0.0,1813616314875
0.4127242354819763,0.0,1400792544269
0.37416284281974954,0.0,715236537807
0.4308344984375475,0.0,346244174648
0.3918515324731296,0.0,16692816483693
0.42077631913546365,0.0,3240477937592
0.2894360345613523,0.0,2848191609375
0.35934426464384145,0.0,2234731969224
0.3811273490580904,0.0,1890066084544
0.2744815193450179,0.0,1697509118089
0.4184240921443533,0.0,712121957000
0.39272840814323046,0.0,13317108849927
0.43678575518522905,0.0,14954209842853
0.3564289464542747,0.0,4440055489856
0.2539765249967289,0.0,39411606051791
0.3800436590461926,0.0,2929731705629
0.37301133040817636,0.0,224201671875
0.3761640148969117,0.0,963844704152
0.4319495884767574,0.0,542939080312
0.3130008851119543,0.0,427808855375
0.30406869478135856,0.0,147951952569
0.41371870730008076,0.0,12007415838699
0.49115010618354304,0.0,13682787576632
0.3641030617509785,0.0,4155421048533
0.3630272522157033,0.0,4030306371944
0.5007179401971461,0.0,16305908182712
0.41982963502951115,0.0,9881626605579
0.375100123093538,0.0,3032254888424
0.36380207024048045,0.0,5670223354368
0.5429861948337816,0.0,23076099423000
0.3989490120589424,0.0,7747112476403
0.36609519374546745,0.0,2098135193608
0.3511330832376264,0.0,3189506048000
0.43770123326781624,0.0,3010936384000
0.4376573837516902,0.0,37682978455576
0.5053178553647352,0.0,5680723176107
0.4426631923622493,0.0,1280116548712
0.44113807371831615,0.0,2085377624576
0.5022950838635523,0.0,826349935104
0.46006667681419283,0.0,1688559925312
0.43119745802033194,0.0,1673714595617
0.46574384429731325,0.0,1471430221624
0.4457582619881612,0.0,1249939619648
0.4560762121934507,0.0,823710965624
0.4845275834775332,0.0,700937001387
0.47055692552986816,0.0,457601051816
0.431234697893637,0.0,5294408044589
0.4332516823958084,0.0,1503878460993
0.3018097509047012,0.0,4085257405256
0.4334588094005408,0.0,398688256000
0.3887570560283846,0.0,1042590744000
0.2170938279991451,0.0,3068220083291
0.3404454931473273,0.0,13564710229049
0.37843590417352996,0.0,770338660463
0.5174468593393258,0.0,5503046286375
0.36236423074059765,0.0,5531146894125
0.5432709829705845,0.0,715716508625
0.17172582453091223,0.0,46206443687104
0.38352606238179954,0.0,10450312182647
0.5077850421218265,0.0,1926527902307
0.1880403693613444,0.0,8710027609375
0.4262441646588539,0.0,9723607875584
0.36341283289696,0.0,3708759747239
0.4245690369831118,0.0,5803857389611
0.4298289766646239,0.0,739744357184
0.30191914441885725,0.0,535783031848
0.3706986610789703,0.0,4160075243787
0.5576526789442954,0.0,2262537073152
0.5399055670079386,0.0,602066792384
0.5506844543304398,0.0,5771943337672
0.4873045172130903,0.0,2839760855281
0.3502596621104418,0.0,3074558942421
0.5267060975538513,0.0,1717652722176
0.23487241194597394,0.0,11629196476416
0.42470378108677254,0.0,6492108361375
0.38984892397802173,0.0,1410203068344
0.4133815858874366,0.0,6220367350471
0.3296960286364698,0.0,974421243944
0.3210392984717046,0.0,2881473967000
0.47101384657644235,0.0,4382763427125
0.44715300283208054,0.0,9200275210664
0.47921593700158077,0.0,446995222136
0.2926827075910561,0.0,12192409668096
0.2633242376242607,0.0,4111379208000
0.23712691951032971,0.0,13794644803087
0.2249750226793989,0.0,1649724586496
0.3179871159559173,0.0,-794022776
0.3641480852579823,0.0,4349904860224
0.27648314123655277,0.0,11999552092984
0.39447386225288866,0.0,7868724669
0.30686845357396997,0.0,26983803239784
0.37987998274216267,0.0,10267836240375
0.37041826618278356,0.0,10902651484024
0.29882305815613663,0.0,11475886855616
0.4079858359536232,0.0,239251750912
0.3289570000695597,0.0,5253504879104
0.5052145946798784,0.0,7161156421875
0.37550789415223246,0.0,3368928644271
0.3007622613335164,0.0,3534730654337
0.2995337211333942,0.0,3945060967401
0.2699538611872127,0.0,5874872629184
0.5187515665849964,0.0,130555324017
0.33239455971572973,0.0,10287690252749
0.3204633769951303,0.0,4458721390579
0.3672557726427728,0.0,1898333006968
0.2156982052903217,0.0,121802655493
0.2988714309029524,0.0,905915267776
0.4235920382500612,0.0,4431146765625
0.3438656281756583,0.0,460278466361
0.34921926161624156,0.0,544137914944
0.23007818861791302,0.0,11004747582907
0.40983906752773647,0.0,1728864144008
0.43889272481048214,0.0,2864498010408
0.18041526888217643,0.0,6154645549976
0.42732165468883787,0.0,5865110463304
0.43721580095883256,0.0,11292191162875
0.47465153484734873,0.0,7123327614521
0.35411864570073043,0.0,311803677541
0.41596909467717413,0.0,910416701888
0.570845168715054,0.0,451747330217
0.39867085316936385,0.0,9235885736141
0.3569455992148262,0.0,119022883559
0.4521977091424618,0.0,17081817361064
0.4299920484622662,0.0,3305285595136
0.601947873093564,0.0,2135227170133
0.3888614603153596,0.0,3927111902433
0.3760451268812631,0.0,7418297776527
0.35164176337464775,0.0,17046025888256
0.3990646099538362,0.0,2606421566728
0.32957056396956075,0.0,2267193562353
0.2996073444420799,0.0,701410554125
0.38518020879095943,0.0,7947316074816
0.42732165468883787,0.0,3821292860104
0.5882543918092906,0.0,4424675183713
0.3130210060277844,0.0,367215514281
0.40569640793678524,0.0,427127902291
0.48440718154414697,0.0,1437922816903
0.3491682862858787,0.0,1236412502837
0.5544916339026499,0.0,3280716841779
0.3726786435368984,0.0,6806069739351
0.41968266640391555,0.0,3843333074944
0.253256010486934,0.0,11697083000
0.3602869523275763,0.0,850354748424
0.35150452693194517,0.0,3074558942421
0.35579812884458445,0.0,5336439046875
0.4438277120565131,0.0,5035382344000
0.46232201183068466,0.0,4160075243787
0.34236935384835415,0.0,715716508625
0.4640110409803017,0.0,5559343000875
0.2601192761042932,0.0,6773798243961
0.25403282304660246,0.0,33367588357384
0.41580912941623094,0.0,158955846713
0.47908252373438365,0.0,550964658392
0.4147429254032834,0.0,18297480921551
0.3997380025769107,0.0,16610653465875
0.31019578760549593,0.0,2179302732125
0.36694384730553176,0.0,1769804660736
0.43365176124102905,0.0,3239821039573
0.38866117883536966,0.0,17871702998625
0.4476508284091196,0.0,2891813447223
0.2667999721103203,0.0,177030983375
0.549548381789696,0.0,120627009621
0.38836757067575906,0.0,10898226906211
0.2317156957506448,0.0,889999523659
0.37223531370608187,0.0,4761133233767
0.34018375700934617,0.0,13488070422464
0.3229534754809538,0.0,264609288000
0.3580901956452768,0.0,812427411691
0.5629190000446461,0.0,390938595328
0.44064048539543893,0.0,1776836988928
0.3253160417603472,0.0,614341775501
0.43758044827341586,0.0,1103263596037
0.3517315969958477,0.0,10250838860067
0.2098543850090726,0.0,1571820748883
0.39403049580574934,0.0,8197198470747
0.5539561038837545,0.0,1314011793177
0.3671356658773719,0.0,-32921840125
0.4327303177113889,0.0,-2588282117
0.3719989482316078,0.0,-25412184
0.34868490213801434,0.0,3308615074701
0.581211252806267,0.0,2660771933793
0.36936395719470994,0.0,18096160635064
0.3894232355401307,0.0,813734125056
0.4190918857748672,0.0,3508343539875
0.459578948386687,0.0,1557265698071
0.5809052621449412,0.0,1208289924451
0.38457309324542466,0.0,1599560527375
0.47587942878132244,0.0,1150034401333
0.3778922063659638,0.0,12130535488833
0.4153599354489777,0.0,1543201367616
0.39950366611983784,0.0,5281659948375
0.4812013056391868,0.0,23555986112296
0.3180975956884932,0.0,216540450125
0.23084753744729378,0.0,433970030411
0.5385894998347238,0.0,16810661560113
0.3392213931794241,0.0,708777919296
0.48139680751933905,0.0,8621430287625
0.41965411730463476,0.0,2171244306349
0.36196520033659113,0.0,2760496949952
0.46584753406391116,0.0,6494196639393
0.3431675630108426,0.0,2895468572277
0.40855634496001547,0.0,3632378758848
0.538055883420857,0.0,10603051396209
0.32655107978546716,0.0,1502303856677
0.31781526082637906,0.0,252076657013
0.36293736448395025,0.0,7363659621375
0.2910216959006417,0.0,245667233447
0.3609910275954824,0.0,3137142399119
0.26368423276876973,0.0,2509357255469
0.27710915634504274,0.0,1126812003416
0.3672193023141674,0.0,8814582533393
0.38835327193025493,0.0,1981858514481
0.5460716693011517,0.0,1457502666472
0.27865093823667414,0.0,2264605835968
0.39415583263916915,0.0,4993196442688
0.3990087720370528,0.0,2543861133451
0.3621863805390234,0.0,341972028657
0.5281592409864264,0.0,1775077163712
0.3169200611579068,0.0,5544293183099
0.36642544600043664,0.0,5572533911489
0.34285897321885084,0.0,2399107951603
0.3629560565549898,0.0,5331859723000
0.3626512960749225,0.0,6375877949007
0.25764546048857734,0.0,13258203533632
0.49847407540294814,0.0,10827596374867
0.40038800340246233,0.0,4235801032000
0.3306348455515486,0.0,7974826450739
0.31116673378036974,0.0,6320337464169
0.3503016972649371,0.0,4550364137411
0.3141037665960878,0.0,1793170543949
0.44043449052895556,0.0,6047468397459
0.28927334324192994,0.0,1703920720384
0.26181824140463017,0.0,1055599748568
0.3556597227102853,0.0,4262560008344
0.270610434624697,0.0,4096000000000
0.3716078707593583,0.0,2955605685551
0.34941765757703686,0.0,3841861097528
0.3061956180350683,0.0,2628072000000
0.378184147834731,0.0,10979534559176
0.3311290959861109,0.0,4656626380099
0.30708545468039444,0.0,4604951386853
0.35312381831375594,0.0,2016134440137
0.32063964100653974,0.0,1809158431625
0.22024139047813976,0.0,2779431416000
0.26793812460230554,0.0,1437540661656
0.36054506795275587,0.0,1835565822784
0.33283927349715486,0.0,3289998756617
0.3086396711900878,0.0,6293711178847
0.24725072571769055,0.0,7607016413963
0.47908921395894466,0.0,5740146492625
0.3709388872333038,0.0,2833749084951
0.3752882196871605,0.0,4513393979576
0.3681407506902725,0.0,9340607016000
0.2480313961825207,0.0,1925599082121
0.2507704756157559,0.0,2324623420223
0.23506476968476356,0.0,606784938696
0.5529185173131934,0.0,2010872465848
0.23286112622210675,0.0,223096324625
0.25301950757728164,0.0,2710620272807
0.3082925747942633,0.0,3228012051139
0.31568982012259983,0.0,1008121889683
0.20639416035185662,0.0,733138807913
0.4053187591134939,0.0,15016207463711
0.3243021489713725,0.0,14697123087375
0.3774680770178555,0.0,8221615468487
0.4227635995569512,0.0,6795301211621
0.23750232276614078,0.0,1220925980672
0.45584145895972494,0.0,3652264000000
0.40727748649487466,0.0,1053113548024
0.2831610102698612,0.0,7442286709824
0.4331254203813424,0.0,7834356574381
0.41705262857220554,0.0,4012099469000
0.4399515169323741,0.0,4015888042375
0.4224168017470301,0.0,8725276402003
0.4440683242924163,0.0,1430673440832
0.5319293275707736,0.0,1716362224317
0.528591780085648,0.0,3682943143307
0.4282400390809794,0.0,1748383627823
0.43429368140394736,0.0,3128150390625
0.34030431453707954,0.0,9355250940911
0.46953235256186127,0.0,3226701715433
0.4510096095853887,0.0,4360305584753
0.3005685408244706,0.0,10374495741000
0.35695680935091467,0.0,1484274836143
0.38201066704527853,0.0,7190174527901
0.40845469813053875,0.0,7474352324608
0.4230605614499474,0.0,2712370314536
0.3770278195222431,0.0,4853419482491
0.39605150954026835,0.0,5089335571601
0.40136494616121793,0.0,5470382728000
0.38157640081968575,0.0,5907164622533
0.36602893661703795,0.0,2756366531261
0.43889336523951283,0.0,8837645046875
0.3542967185616547,0.0,1553641029368
0.32113922862327055,0.0,306045761419
0.4119168162172034,0.0,9444776400072
0.3042665117419811,0.0,3533338571391
0.43506703068079555,0.0,6355269621667
0.38509517128265475,0.0,475282454464
0.35013409271218,0.0,5774839768621
0.2686364287337653,0.0,42523166795264
0.5567754390025511,0.0,21221723104856
0.42736115045878353,0.0,1986595645411
0.3192765369211869,0.0,1563319333016
0.3856268086259012,0.0,4629907412963
0.37849008184883287,0.0,3000938817024
0.3101419655331392,0.0,2996571849713
0.358370711288124,0.0,5661642220767
0.423143223471424,0.0,1786095156637
0.3843744216551967,0.0,3598457932224
0.357241614956092,0.0,3438165009357
0.3923566366337248,0.0,1186639332003
0.40757501182488376,0.0,6500464160247
0.3316394203727758,0.0,155113830117
0.3155539623736906,0.0,4871501393408
0.3638540214193235,0.0,1680490188369
0.3610811073995132,0.0,3228012051139
0.5613394734604993,0.0,1342649824768
0.39666748240476074,0.0,10240932389696
0.24019008343878798,0.0,11140367955704
0.3819788896787769,0.0,10051125465941
0.273385742407416,0.0,1021451587911
0.3187602000089557,0.0,611095495256
0.3296847915225217,0.0,8690991616000
0.42621514102366187,0.0,3024719259128
0.4978247018943965,0.0,4302115807744
0.2374285572835716,0.0,21743336659031
0.29232306372094236,0.0,4817390003369
0.33916168115486905,0.0,10649452066001
0.3210529235074222,0.0,2732843155141
0.298988588552166,0.0,542939080312
0.2918675806909269,0.0,2327256659008
0.461755781438726,0.0,13710265344504
0.3195587165641608,0.0,2345215437656
0.40489976184482374,0.0,8428635303551
0.3204817336323428,0.0,3236537881088
0.34506664733838804,0.0,3456649728000
0.3666750786044967,0.0,1388434884416
0.402920066055801,0.0,3042321849000
0.4066948484734039,0.0,3244421190464
0.25770737924572984,0.0,4314825152000
0.38788789245737904,0.0,2653865326125
0.550765507621077,0.0,7372747285847
0.3705248736301756,0.0,8403809924691
0.49233832029965513,0.0,2501609484375
0.5722425257598323,0.0,12579433355593
0.5475231542170846,0.0,11265033185713
0.43445150231547996,0.0,1607780950875
0.5084985540349589,0.0,7553764020061
0.4276298487123239,0.0,1689410871000
0.5719685739930147,0.0,524972036763
0.6007133350567075,0.0,6459797274624
0.559741476935984,0.0,5266207648792
0.2860275756580897,0.0,4942536995304
0.38381407731422623,0.0,1211696434781
0.4240206234611153,0.0,1192702195125
0.4202306759964981,0.0,3415662216000
0.6142242110938025,0.0,4802857486848
0.561091228542447,0.0,105287775048
0.4378405856562436,0.0,3260226191552
0.254499338345381,0.0,4431956156776
0.5593944943837568,0.0,3200569413553
0.5365297574499353,0.0,162771336000
0.4512820786939267,0.0,12477482185384
0.4273603504956373,0.0,12095724633875
0.3668460012996566,0.0,13169335133375
0.3412395941032427,0.0,9587577294784
0.32682081728176415,0.0,1567363792896
0.5520351710641239,0.0,5041554235523
0.5945616745382313,0.0,1248547704832
0.561654301717542,0.0,129323920193
0.49821020938991967,0.0,2266158235375
0.38397193591349454,0.0,1729296324027
0.3805212958892221,0.0,6275321471125
0.5081882293039502,0.0,10584239690816
0.3353186285826133,0.0,1050941327463
0.341807621934524,0.0,834034807997
0.2168333790087417,0.0,6021614635057
0.36261199129987765,0.0,3481398916416
0.21269048150729294,0.0,1798489329281
0.37057416730143533,0.0,10786536507375
0.2184129756796253,0.0,32260688801704
0.3535264917474936,0.0,6780244363983
0.261239624572011,0.0,171786891879
0.24992377611061378,0.0,7357983625000
0.2631203571958214,0.0,16546286280168
0.31553892226767977,0.0,11724930730232
0.3201152573625519,0.0,11693991532392
0.34011379911930356,0.0,8244856482408
0.37109108338237934,0.0,5489031744000
0.39116780780769234,0.0,1381725080072
0.4528240951608951,0.0,9413979695875
0.40321336910053795,0.0,1831521077875
0.4172470946356833,0.0,8334558296875
0.540199654380128,0.0,2570227024392
0.4651376799517589,0.0,1575473627456
0.23030323303176262,0.0,15625000000000
0.39528232546662745,0.0,2289008334339
0.3738888826267807,0.0,8300075609223
0.29736610575666317,0.0,2314110328083
0.3532585951460657,0.0,951892739253
0.33467741591093125,0.0,3878032870431
0.403649715810008,0.0,13095859998411
0.2920507096377252,0.0,4618250077077
0.3017327333718101,0.0,2652140543688
0.2661706836229744,0.0,3671507659483
0.24859692670913833,0.0,826085784887
0.4820039900048989,0.0,6244751623375
0.24014935666485168,0.0,3034140749333
0.33459795368624734,0.0,1679218374456
0.29357730133105725,0.0,4379550453881
0.3675352564924216,0.0,605925267128
0.47666921991108635,0.0,9931442862375
0.510925465707065,0.0,6098396283000
0.2994827907214981,0.0,1897873102341
0.25287665575525,0.0,4976563168017
0.4617327357400819,0.0,1717652722176
0.43813518694049824,0.0,3565449058933
0.24546571936986705,0.0,28177720507000
0.4091312240569094,0.0,22363796452024
0.23851427002991168,0.0,16873738434449
0.43219747694791577,0.0,1429150367744
0.3337128734446752,0.0,21656979583624
0.4252735599486768,0.0,11941467056793
0.21767637361946,0.0,1558878469875
0.31821731235666467,0.0,7114446122337
0.47595367996911475,0.0,14762018913291
0.46864177029176035,0.0,6838443570141
0.4601631316163976,0.0,10610292598424
0.37816769217969265,0.0,3886925738067
0.374811176429875,0.0,4232660299776
0.49907006959181466,0.0,2671154296875
0.35628241258978854,0.0,6149609290161
0.4148011887529438,0.0,6143569405875
0.3813753440437083,0.0,8745635796227
0.41122574386215166,0.0,6341898051000
0.3863806915558,0.0,13256523081963
0.2898282761109735,0.0,1267777311767
0.3809525369356247,0.0,4550364137411
0.41355818614596923,0.0,6000786624448
0.5744394222465636,0.0,4477439532168
0.4436330980514121,0.0,5114229499989
0.2567347300337612,0.0,833237621000
0.277015488098873,0.0,388218197375
0.41101894850849036,0.0,1756232374625
0.31821531955664073,0.0,10830533203125
0.30086854767545507,0.0,6838443570141
0.35475834587877786,0.0,11231899279875
0.3501105372441744,0.0,13142585190799
0.45731622981877557,0.0,5211911058472
0.29943823662998403,0.0,1291112225369
0.32452057005192264,0.0,5476905070883
0.24140749470322878,0.0,2787742397224
0.36142168905462935,0.0,8603783230771
0.38189949404331447,0.0,4149220856509
0.42609107099051574,0.0,9053534787688
0.40368736791676774,0.0,6376909533184
0.27521061563412,0.0,20306197869768
0.36797658356553964,0.0,3819093484591
0.3731453344684419,0.0,9720874733688
0.4915131320785896,0.0,8876171902625
0.34014824470450916,0.0,9988381638656
0.31006931700499313,0.0,792994249216
0.24094590633484764,0.0,903109420296
0.37649646869519204,0.0,2120338369423
0.378716075382813,0.0,786841735168
0.37010457163954974,0.0,1365783682375
0.3062563713968873,0.0,4582567781000
0.3674700048233537,0.0,7743589282304
0.32598440763533076,0.0,7655856217829
0.3269528606309914,0.0,2625216434875
0.4861807465415062,0.0,7396637971904
0.37840252874047553,0.0,4436814573568
0.4503706785641681,0.0,2720547136000
0.34690118375195894,0.0,5164260624125
0.34023564770877235,0.0,5905204171875
0.27185912617364577,0.0,3062522564648
0.32992564943952696,0.0,5491832746707
0.39683149834789455,0.0,1459431770607
0.388992654934928,0.0,3168750108672
0.5844281502460009,0.0,4433575234752
0.3642440170061413,0.0,7037047763747
0.568217528890057,0.0,1707775420177
0.561391138620049,0.0,4710372306947
0.35078687447477475,0.0,847127599128
0.40569316344693235,0.0,5480634450591
0.30771221960218104,0.0,3021583101993
0.4569990765484582,0.0,10484765311103
0.3718364819703814,0.0,5776771260807
0.4260649416168501,0.0,9328636995651
0.2907054156473855,0.0,31018339288000
0.3501606635214065,0.0,3500038133487
0.4393570138891654,0.0,10345981339000
0.5267832159077201,0.0,9464897348577
0.4489747837393971,0.0,5270749309827
0.3176481436748553,0.0,6692500701125
0.38015380349456246,0.0,4385174188032
0.32835325027714163,0.0,11902326714368
0.41485829254731826,0.0,2262537073152
0.5517851582452583,0.0,6151623464267
0.3361593707211253,0.0,3093627891411
0.24925077487004935,0.0,4109069876913
0.2514280381067546,0.0,25128011089000
0.35934197492007924,0.0,3757853072323
0.18479175603912493,0.0,35871699592000
0.3752510407784061,0.0,2301536516427
0.46248224861200127,0.0,17097740750728
0.355940710661363,0.0,8087920129017
0.4229454971843926,0.0,4875813219493
0.39592693584241456,0.0,2463656958216
0.4157019583595084,0.0,6860083057001
0.3740161406904135,0.0,2073647403008
0.40486980785838494,0.0,5673085657875
0.4325181289422696,0.0,6326492637375
0.23956123124083845,0.0,2534926822875
0.37220267821014125,0.0,5683589011736
0.46528754562044866,0.0,4628240879625
0.5158038527907586,0.0,9677214091000
0.34739658214557595,0.0,12422690496000
0.5309423831513945,0.0,10163317827781
0.5913161059745755,0.0,6144575778496
0.5097912605507106,0.0,3428606338039
0.4145017977220762,0.0,5248067094152
0.4592900652923623,0.0,5664501635976
0.42512476213192174,0.0,1852256784041
0.3733868005629132,0.0,8490912541201
0.2002177683016765,0.0,36094044206592
0.2776150418764777,0.0,10021812416
0.4070363220518456,0.0,26198073000000
0.3160010918766524,0.0,20819570751
0.5640957795136419,0.0,31446774334144
0.40765311344376437,0.0,315404039943
0.434630957887178,0.0,13799822109256
0.3090021858740354,0.0,794280046581
0.3200791568734081,0.0,4095232047999
0.2729220712669805,0.0,3872111833927
0.37041826618278356,0.0,14839783391224
0.42660437608741386,0.0,7093382172344
0.32690225225225567,0.0,11584597005883
0.40655390821030596,0.0,1367631000000
0.4973133086322118,0.0,1373182945875
0.4016120182330447,0.0,13278380032000
0.5145085104865775,0.0,10991394708904
0.3691360460282458,0.0,12730945375000
0.4039580565622895,0.0,4287055906125
0.36615676544716574,0.0,10552455208504
0.5069656564195882,0.0,12243335086592
0.4273193234791673,0.0,3597753503267
0.29797424531733907,0.0,1361725440704
0.33631114296073583,0.0,3234569051069
0.3217195249743369,0.0,857104278499
0.45363375223178865,0.0,4129112831507
0.24169218699619624,0.0,1739256353576
0.23371844328788405,0.0,791709840251
0.5394623253387439,0.0,7338707055737
0.4730349845883167,0.0,3150662696000
0.5859620003348116,0.0,14954209842853
0.36236084007046127,0.0,685429074513
0.5025084221517094,0.0,13571536671477
0.5376636273089116,0.0,2904009172163
0.6095579001207179,0.0,10387344296259
0.37551025974003405,0.0,3466947585375
0.33996441695925045,0.0,1162593340875
0.3602328921887548,0.0,4778985339584
0.5005717479301106,0.0,17233489287000
0.4591389133780515,0.0,13122546523003
0.4726100100126476,0.0,15949723888448
0.31693569420411377,0.0,268336125000
0.47350356701778795,0.0,15384370928311
0.22337808464407286,0.0,575307591013
0.24876355841134143,0.0,238558714408
0.41993057571994785,0.0,1918642444776
0.40699643928486434,0.0,14211175389048
0.44088497448918923,0.0,786841735168
0.38017397143944515,0.0,191900344832
0.3813263896030404,0.0,984184121123
0.5094214260726164,0.0,10121148382591
0.430563552056047,0.0,4414979630125
0.30362626174554436,0.0,10918885181625
0.45337180080929257,0.0,13403254265064
0.35480888523545584,0.0,7395499151587
0.33973408172203035,0.0,3557053734625
0.3513389462244927,0.0,3154532760296
0.43806391604463885,0.0,3500038133487
0.4260817322432911,0.0,2363266368000
0.385597414902884,0.0,8510905851713
0.46677953497559693,0.0,3132002001591
0.3676098418090438,0.0,8493409990827
0.44400422310534005,0.0,2276525698875
0.4299805970235304,0.0,9521387989875
0.3554995257372691,0.0,6400666690263
0.33818331327860873,0.0,1997995544875
0.4910800053475813,0.0,4122938842875
0.44014445177008654,0.0,5616022359375
0.4640738945005627,0.0,9107069805387
0.3914306885939574,0.0,11436248277000
0.4065628214460514,0.0,2679826869000
0.44574644565384147,0.0,3007184698504
0.6101468650134798,0.0,5532085224856
0.4351882893400141,0.0,3044211881157
0.36752029954872323,0.0,5652117786797
0.3640293187612127,0.0,885289075208
0.4290752693593703,0.0,6739487929369
0.362915405926196,0.0,8739270087192
0.20353191015621674,0.0,34895257329752
0.4187172079202699,0.0,1319056901063
0.22494691577976347,0.0,8483423129875
0.4510162544566756,0.0,4134520125000
0.4689409458860761,0.0,4665834711000
0.42127836856677636,0.0,4143026834981
0.46382704006792114,0.0,1037970703125
0.5233284154779445,0.0,11222874049869
0.5318169353006778,0.0,4479884884125
0.4394441551476037,0.0,4011342040369
0.3861086791864645,0.0,14343593246073
0.4921417275048472,0.0,1556459729469
0.3319279950043929,0.0,7850935546875
0.3722620829002227,0.0,6143569405875
0.43783620672698825,0.0,81464295375
0.17373522174935946,0.0,39428980238656
0.27335732072060887,0.0,-149383192616
0.19402984842949436,0.0,69183568732608
0.27438747211572206,0.0,40782181200461
0.2287111960974734,0.0,1099424306161
0.29355589244738034,0.0,-1509003523
0.2179481042780461,0.0,1478816515457
0.28913530532519216,0.0,-99961946721
0.19013756620571065,0.0,1135279341568
0.4908853552171609,0.0,10324629859375
0.26644422550334407,0.0,1355102035496
0.34451610423677925,0.0,2552256092296
0.39419962064154473,0.0,15724585823877
0.2867377011157282,0.0,21457141767872
0.38973120223617735,0.0,1191690287208
0.24342191561579232,0.0,43125385834432
0.18302694613853002,0.0,50194406979072
0.39244704996980045,0.0,2985361963199
0.3007503312185733,0.0,3012187638888
0.33841402346321775,0.0,-339338109375
0.31401752512713316,0.0,4809692672
0.3410983628157329,0.0,24320942403317
0.367581299669152,0.0,153990656
0.3457865094954845,0.0,326798019072
0.22141444632913168,0.0,10559673359019
0.31386685599307235,0.0,2724056512696
0.3107472361888815,0.0,6289621476579
0.5637540466107973,0.0,24399093392064
0.5938456838947401,0.0,31446774334144
0.5038442429501787,0.0,7004049625637
0.5178340731216174,0.0,13226299228449
0.46189505021230776,0.0,146363183000
0.3405868164731807,0.0,10010660548608
0.4038020005260924,0.0,5842698535331
0.3786193766999325,0.0,4643254083987
0.09639093028825445,0.0,58014536560128
0.28980826187755904,0.0,-1275876975736
0.3731130724853515,0.0,2655015596423
0.2603737389963241,0.0,319592618253
0.4037394600912761,0.0,22480684325567
0.24332128693042906,0.0,-45499293
0.2134790876991625,0.0,21675631972968
0.3409870003404696,0.0,1836015606125
0.38084437489218104,0.0,10666887156197
0.345073141152531,0.0,4053905033625
0.24440611213782495,0.0,816613824923
0.3642457071344163,0.0,-47516597848
0.3517685893183353,0.0,-485587656
0.3444912770770316,0.0,79119341757
0.36190317323395177,0.0,5680723176107
0.3275932270507584,0.0,-135796744000
0.33813811567917496,0.0,-885842380864
0.31165798680426815,0.0,766814624577
0.3063911642548748,0.0,34416926461952
0.3511468315657068,0.0,374493542912
0.2987288348519378,0.0,5933673188864
0.31998616850210404,0.0,1544403549879
0.32663958851179703,0.0,3491745845211
0.36069403346303314,0.0,-43354526697
0.28973916155335067,0.0,3718832028157
0.3529935051444565,0.0,2292657678856
0.30914695172527745,0.0,-5231776256
0.22951498626643638,0.0,53488882589752
0.35573461768921955,0.0,-33386248000
0.21435915464333608,0.0,55080198766592
0.3907854135430321,0.0,-265351876776
0.5307062906729845,0.0,16470430613307
0.25126831115227755,0.0,15572558778048
0.31705428490521964,0.0,-88716536
0.3754135324914407,0.0,886949683712
0.35751124907400683,0.0,8286554904256
0.3417577913865068,0.0,-6486889625
0.3194355002929816,0.0,12946422193641
0.34597592588104387,0.0,-16757562879
0.36822293244253457,0.0,6697829125
0.3236630341061912,0.0,78073482824
0.3253251340494121,0.0,-162771336000
0.2658387122296031,0.0,13364358526891
0.2642504970887244,0.0,14722337704229
0.31984315707453087,0.0,205170210792
0.33645164569024927,0.0,12390535144
0.3344485147536727,0.0,2521008881000
0.38788789245737904,0.0,4287055906125
0.18041526888217643,0.0,4039430442776
0.37228831183128336,0.0,3036656446641
0.2604700827624352,0.0,189119224
0.24696912390859543,0.0,624368683323
0.4428397933393078,0.0,1236412502837
0.41985708043774955,0.0,3439531982375
0.4232213174738479,0.0,690338336472
0.44688425958358885,0.0,7472058875000
0.4214421131015454,0.0,-94320644608
0.41280669474268783,0.0,15308412587
0.2770542153413503,0.0,21771393579467
0.2512683360578508,0.0,3436115229
0.2429933897429358,0.0,-563355317979
0.36566709622368676,0.0,22313825937577
0.2079758818288011,0.0,29848697208000
0.058823528858131496,0.0,60559558983000
0.30095288208166887,0.0,889444488113
0.3420532878042153,0.0,398850786881
0.3242430354375011,0.0,20683643625
0.19640652890058397,0.0,21399280883947
0.19001298635541541,0.0,8061356192651
0.40198973316684444,0.0,22533296806125
0.382020876951704,0.0,14643188744625
0.3310094999070573,0.0,21480315293592
0.3133478793596624,0.0,-345505073913
0.2934600463292588,0.0,6088387976000
0.2847692786903103,0.0,15262219460125
0.27908479454366736,0.0,179024699456
0.2769724302604563,0.0,40721785971264
0.26109987346600905,0.0,691510653107
0.21080674624124762,0.0,15219803939768
0.29344860857683713,0.0,16842180311137
0.2628686462989969,0.0,5755548520961
0.2521100478068663,0.0,2441832278696
0.2685529866158849,0.0,1121298493869
0.35856776228574516,0.0,223538026509
0.40671320229695485,0.0,23467349647
0.2549513307892436,0.0,22211737731000
0.4171559500313664,0.0,3434066263503
0.19587351746575787,0.0,11563107100397
0.3951572325707177,0.0,1201835155968
0.39326961164357604,0.0,6064412728256
0.4524427934238684,0.0,3395290527000
0.3847817621094154,0.0,-31915344448
0.42332419565798357,0.0,-603351125
0.4131219275185924,0.0,-17759152529
0.3085958604638158,0.0,5160676199041
0.27130787275551543,0.0,19845281961224
0.37731187872071337,0.0,6935089643000
0.43110528860889896,0.0,936302451687
0.4421140914118158,0.0,11481993216000
0.4872884309929018,0.0,1795828623875
0.4953251896861906,0.0,212883113611
0.45294597605828635,0.0,11670822885987
0.4862373426869702,0.0,8602523649
0.5675434855992246,0.0,18831711395125
0.39191756491115204,0.0,229670674624
0.3691007558721121,0.0,-48387713984
0.33616780075322794,0.0,7000755497000
0.38776503379650235,0.0,321419125
0.38435441655434577,0.0,4701105451008
0.4239224065411049,0.0,8169178744000
0.4391869941551545,0.0,11718738530344
0.24339348121605092,0.0,35780411985408
0.2911836198476836,0.0,23168624472512
0.46129098015322917,0.0,516621837824
0.3913177534567944,0.0,6376909533184
0.3779726800537259,0.0,11125410428224
0.5141638242923005,0.0,24250498008625
0.49004888262415874,0.0,5796109875347
0.3781579375606733,0.0,494725990429
0.42685380140256757,0.0,2043548109000
0.43282735034944436,0.0,2934648393013
0.30496453387294414,0.0,71184427256384
0.3941135297133118,0.0,3705885296875
0.2826265620239673,0.0,33723312162112
0.4268275134437188,0.0,973242271000
0.36240672103039917,0.0,21633679148544
0.46165257683298494,0.0,174676879000
0.477391269466888,0.0,11745070443891
0.3978682529247059,0.0,759299343867
0.4537280181261001,0.0,-482259191688
0.4293504463991003,0.0,827407099072
0.4566454459353492,0.0,8217949832
0.4537462495628357,0.0,7905573966961
0.5229891026666245,0.0,876467493
0.37089909065981647,0.0,28484401464000
0.3254583500312457,0.0,-284371070976
0.3183412483242342,0.0,2223469596608
0.28854614799547884,0.0,35416810304
0.40006472174219837,0.0,927429867008
0.048538692492087525,0.0,43265730971016
0.058823528858131496,0.0,50120963703000
0.24985370816973923,0.0,3268808625321
0.382020876951704,0.0,10742659124625
0.3463733356464076,0.0,11463680630592
0.37841759406021386,0.0,182766921875
0.3792681505865968,0.0,4229521120448
0.3547545463399915,0.0,4880990768347
0.3498649295588882,0.0,2935878423759
0.41295666334180015,0.0,42264198687537
0.2463816602722876,0.0,19220834225403
0.3938314592013619,0.0,571787000
0.39785833794389086,0.0,4913000000000
0.42086350704555675,0.0,-970299000
0.4100288088402095,0.0,-20887757064
0.47192281228516686,0.0,47907294649759
0.3976017915913766,0.0,-5696975656
0.32810088487110267,0.0,11243940444827
0.44426545030634396,0.0,10851105871619
0.31357736829299165,0.0,28027976997376
0.46588569959671217,0.0,2117368939321
0.39208134251172894,0.0,7847380942848
0.1839464730078039,0.0,39165443136000
0.3793060680504634,0.0,7565319416591
0.44944240385974055,0.0,9040509370368
0.4337428395553089,0.0,3623878656
0.4511689639027923,0.0,140040924057
0.4389645816753821,0.0,-1073741824
0.4508562190816734,0.0,466025146777
0.320586731492668,0.0,18462541707000
0.624396884074282,0.0,9015795507797
0.5613490936550083,0.0,4249166477373
0.47947069776331447,0.0,847933619625
0.4912744213605166,0.0,2323570681125
0.39955881015525363,0.0,8878744333243
0.4894062021844526,0.0,-216000000
0.4208555138483906,0.0,672221376000
0.511202133238102,0.0,2438026261579
0.4533227094689179,0.0,-1601613000
0.4743421390014379,0.0,52397594488
0.4833666487742124,0.0,9036604182789
0.5544021292363618,0.0,23630020097536
0.5947619764641526,0.0,11323930594816
0.5143807600930782,0.0,25845070293496
0.5463946288842443,0.0,25620195392
0.520179997695849,0.0,551771538408
0.5017684005410186,0.0,4795175647647
0.5040687646312059,0.0,7965250435611
0.4749356427103933,0.0,12450066246233
0.569631074370134,0.0,813995635753
0.5267939557257068,0.0,-5159780352
0.5539529589769192,0.0,7896053481497
0.27696580612323574,0.0,1235721447891
0.508830243075034,0.0,17384043092625
0.3759743349969927,0.0,-2875403448
0.05468749946708985,0.0,55071513321336
0.327146874188222,0.0,3226046680576
0.3686189756965008,0.0,1273408219719
0.37623383794567145,0.0,259083984375
0.2979465027192063,0.0,19034163000
0.2978409449250786,0.0,435864341368
0.4133793468144058,0.0,8615125
0.38149370149600154,0.0,213739928739
0.3561708780779807,0.0,-1793613375
0.156059430292233,0.0,56640800563264
0.3505976701979767,0.0,2889378406907
0.4162215458210379,0.0,9420668928
0.24095427533164965,0.0,7583832553023
0.48710592663353697,0.0,7634899356371
0.3544485235829809,0.0,12613540080952
0.48606209714608695,0.0,20063780426717
0.4658872382200228,0.0,31665465991853
0.36252695759069675,0.0,398200928293
0.39138940910938524,0.0,1367631000000
0.37819716558587096,0.0,12138456350168
0.39110091499075367,0.0,1716362224317
0.3951082041101073,0.0,1830174151168
0.5124388921268903,0.0,21954352084001
0.44526098577793727,0.0,12788279591625
0.5358052187923236,0.0,3482777324312
0.47400434484603693,0.0,34943332716557
0.4923207553427468,0.0,1171572140088
0.17579305718581756,0.0,38034753147000
0.46323539991598006,0.0,2392125477624
0.4229966259896904,0.0,7044762213
0.37106802705224984,0.0,5916973384503
0.4213031805788411,0.0,6736277290456
0.5276773715796355,0.0,10357380821592
0.3480720138317807,0.0,17816391715032
0.3952425316922512,0.0,940615877592
0.37184897515893023,0.0,4001504141376
0.31498650674925993,0.0,25215618924224
0.5028550073570507,0.0,3548671599277
0.5275324786181981,0.0,12232183057921
0.11325301074650022,0.0,66804804222976
0.48932099434631965,0.0,324384314311
0.3458844440510604,0.0,9925899473771
0.2432313982478779,0.0,1844124275447
0.4390546990010669,0.0,1966750311889
0.3899034848589922,0.0,2519897651712
0.5729261332981901,0.0,1556459729469
0.4634175886959642,0.0,5309915432536
0.47796130995471103,0.0,4402074271869
0.2496074266863959,0.0,1599560527375
0.4331862923256445,0.0,1711206696681
0.3889728702831487,0.0,2217342464000
0.5566189968120132,0.0,1338637562261
0.3520192230439561,0.0,1756232374625
0.3689008050490618,0.0,3000314704967
0.455935858801568,0.0,4807983268152
0.47223679872838353,0.0,3960060232661
0.2657506668963566,0.0,844444553408
0.375167281038254,0.0,1258662531573
0.5438377935079648,0.0,676373726952
0.3863475724738825,0.0,4620746428416
0.37878260140611325,0.0,1806932232000
0.43078539474991795,0.0,3134571497875
0.4478186046982851,0.0,2503268376552
0.21800710573082813,0.0,189811967723
0.39972520923337307,0.0,217407044197
0.34689704856337555,0.0,356702522688
0.31955679667614595,0.0,228884003613
0.36120414011875646,0.0,2172250521351
0.33660418830157496,0.0,608722171875
0.4258126821325302,0.0,962381821617
0.22442014411796932,0.0,1344476227653
0.41732038824077033,0.0,1444046515127
0.5420696760834696,0.0,1112900902147
0.33120744297436094,0.0,1484274836143
0.3880122173764811,0.0,6069402371521
0.3488189875320753,0.0,2608126472125
0.4309297600234345,0.0,4267293848000
0.4518522917466374,0.0,3486224935747
0.32565113066808293,0.0,11449958976819
0.3944754040335487,0.0,142482024567
0.2039573347715978,0.0,44459682288776
0.33686714496956494,0.0,250285215608
0.515670242067297,0.0,78567733187
0.319156411711383,0.0,151163900783
0.3438320552433029,0.0,1798489329281
0.3367664627083247,0.0,453870144125
0.4140813418296322,0.0,749355574787
0.22741837187937666,0.0,5658783768000
0.41631783542745004,0.0,1524051208512
0.35656011776053737,0.0,1994190746003
0.5527948118871983,0.0,1180261970432
0.3673928201721485,0.0,6276342180536
0.3495354498026722,0.0,2726397773000
0.4457987436654978,0.0,3629543916032
0.30452474037075516,0.0,40247815483
0.18299935031040615,0.0,13943575120509
0.39567080532253135,0.0,145448588979
0.33580310124225415,0.0,254599006472
0.5181051163465642,0.0,80565593759
0.33759382967999446,0.0,1814508769373
0.38591830789813414,0.0,1053734731776
0.4108199408332053,0.0,758301032159
0.2913926993503443,0.0,144951329277
0.4050074389792232,0.0,355647339125
0.5315388192631108,0.0,232041498625
0.364148311684202,0.0,2757546230167
0.3357703061271671,0.0,870163310323
0.4342828588898505,0.0,1311134658625
0.22763101367124344,0.0,6843849169256
0.30084152552255283,0.0,616295051000
0.41365829527682185,0.0,1106148921688
0.0,0.0,66651804878625
0.35081515826509585,0.0,1489746571461
0.5514317387643889,0.0,831114272808
0.3303800165413137,0.0,1139856196536
0.35647655039715803,0.0,5159780352000
0.4156758565623969,0.0,3552861018979
0.3108633810046951,0.0,771095213000
0.4224517353859097,0.0,1331726132008
0.37228831183128336,0.0,1763228727441
0.5481679159092454,0.0,1018715558328
0.34372032784640916,0.0,1369849979016
0.3901613620374298,0.0,5773874184000
0.3614065766251509,0.0,2440744441344
0.4546028842454849,0.0,3282704351928
0.22448222763609482,0.0,4260194401931
0.2996073444420799,0.0,1437158574125
0.4181244688326247,0.0,2256854472613
0.554203654341637,0.0,1805597389233
0.37193046784166295,0.0,8066181666375
0.3508252186577489,0.0,3781104949539
0.4489030905911257,0.0,4893085966833
0.3127758732541865,0.0,151163900783
0.2754799608897915,0.0,52154327321928
0.38307585328896504,0.0,559068937272
0.5397954664469401,0.0,240525801459
0.34530876430848034,0.0,383131740447
0.40920632832591985,0.0,2801432090673
0.36087374380621434,0.0,890554790061
0.4435363244744717,0.0,1761040374976
0.46195501683834034,0.0,1337908919859
0.3066302780965039,0.0,618688004761
0.2165670901609066,0.0,1026327728503
0.531917077152197,0.0,834034807997
0.32936465390167013,0.0,1143460913993
0.33032285754882557,0.0,5169640373171
0.34881725864642577,0.0,2104533443375
0.4137790353486642,0.0,2871159161597
0.30499871382929516,0.0,581555597923
0.3970231708238918,0.0,662370737813
0.4378585700937906,0.0,3760754329151
0.4125547210091421,0.0,1358411046875
0.4783607410155079,0.0,2476813977000
0.48786477603116596,0.0,1940496067817
0.33189397387743125,0.0,8096384512
0.25975881352689567,0.0,45652403224
0.5371233765175384,0.0,24389000000
0.3579796540770166,0.0,61349456384
0.3553655250020134,0.0,1252029430952
0.4266763813281072,0.0,456533000000
0.34756344274971596,0.0,1721528096625
0.2912783941382647,0.0,2488364723151
0.3993414736514124,0.0,2697809628961
0.45902821301860636,0.0,8940631868875
0.4171074712814282,0.0,4314030085639
0.5103769318868913,0.0,6574936270904
0.5150347273004063,0.0,5523644067733
0.3299203951614872,0.0,814257202472
0.24520597075538245,0.0,1296455243264
0.4271379341606071,0.0,1393668613000
0.5673034023097548,0.0,1070599167000
0.3630124518651988,0.0,1432960078824
0.35675379445115607,0.0,5937607115712
0.3835007368788529,0.0,2533253971968
0.4234188555957194,0.0,4163179970503
0.4432908928025921,0.0,3395290527000
0.3432624941370423,0.0,29935382625
0.2626610032394835,0.0,101913003711
0.4212720254787116,0.0,120334284953
0.07142857097255455,0.0,43391560744000
0.5538809688060424,0.0,63856107973
0.3686445719474593,0.0,128100283921
0.3402535727905349,0.0,1674560546875
0.38775459703285914,0.0,405059742199
0.40431083227410275,0.0,956836367864
0.4257768387986845,0.0,680775277573
0.30889163524230445,0.0,124400959488
0.24422131969168784,0.0,282042293112
0.4193142750337629,0.0,317773044224
0.5351828061187534,0.0,203712647104
0.3397565609633032,0.0,332524490752
0.35562959554143175,0.0,800729885656
0.43457279887192846,0.0,1618509542021
0.45419929262563585,0.0,1219555693504
0.32836264132660803,0.0,5541474369536
0.3260298578698062,0.0,1384331873625
0.2579352548209916,0.0,2053710181431
0.448087516358212,0.0,2185359618833
0.5814958321224412,0.0,1744033334653
0.3693579793005444,0.0,2238323410441
0.42641904941633424,0.0,7898432885875
0.3877179965460675,0.0,3680082049519
0.4778349112583401,0.0,5729573552984
0.48938345909322445,0.0,4773029688253
0.38891553137946244,0.0,5489031744000
0.29890618201093816,0.0,1405304353601
0.20818356568949478,0.0,2080973621663
0.4164399988763019,0.0,2213773506937
0.0,0.0,80823289928256
0.5528864669568584,0.0,1768488168357
0.36772057183386136,0.0,7965250435611
0.3496068195189073,0.0,3720272412375
0.42385602567269376,0.0,5783534875000
0.4460200819374157,0.0,4820813673957
0.21025853881674542,0.0,1141493763851
0.4181244688326247,0.0,1230891271813
0.0,0.0,68518346688000
0.554203654341637,0.0,934580780433
0.3309312010866132,0.0,1267074617661
0.37193046784166295,0.0,5503046286375
0.3508252186577489,0.0,2289008334339
0.4489030905911257,0.0,3097451118033
0.5561358385062914,0.0,14237593480053
0.3586205862691758,0.0,17273551625
0.2905689616339065,0.0,71525054951
0.4417880988089265,0.0,86175179713
0.3849454772720231,0.0,166012263936
0.3937359396922006,0.0,92406712761
0.3810763450187851,0.0,1464068563875
0.4121001510577553,0.0,325518689439
0.44073408060562175,0.0,813211271704
0.45522807039085683,0.0,567046749933
0.3400189772807728,0.0,208527857000
0.6120123012293139,0.0,9118849572288
0.28800165793001475,0.0,421200359936
0.44507589541776255,0.0,467649974728
0.4627036719616697,0.0,54720519607125
0.40695412009866067,0.0,691041567321
0.38007586671261756,0.0,486700537896
0.4316891663347067,0.0,3176523000000
0.3954733419991787,0.0,1068716519424
0.4693454777892755,0.0,2038238522839
0.4815537301849454,0.0,1569793813848
0.31785272018476585,0.0,1126487180125
0.24448095348348103,0.0,1715502251611
0.439819501268902,0.0,1832419396053
0.0,0.0,76440958784000
0.39095639896413537,0.0,2361137938496
0.3578445914397176,0.0,1879537767821
0.4128343248622023,0.0,7050275984375
0.3765243682888372,0.0,3175874774099
0.46465219205442215,0.0,5047731168264
0.4789415908458961,0.0,4170948544673
0.5895660099325837,0.0,9564579024083
0.3630349144123876,0.0,175146019875
0.45562466351857606,0.0,409675763483
0.41527121149940205,0.0,615426418216
0.43137429114512127,0.0,2964264077125
0.42158379108126715,0.0,967068262369
0.4756130748732081,0.0,1880908803584
0.497340761871214,0.0,1330637032999
0.14389546442594553,0.0,69944713134408
0.47805882936841265,0.0,1761915498552
0.4336593324094928,0.0,1368740189727
0.5236154797712786,0.0,5770978075953
0.44691401970379446,0.0,2439113291181
0.5535345186258402,0.0,4031826095296
0.2988305144394974,0.0,708539460875
0.206645426939587,0.0,1151352114641
0.4146654785046259,0.0,1241257102723
0.0,0.0,68669157375000
0.35354757117951957,0.0,1653916667976
0.5516560745612852,0.0,943210280943
0.3490184559178765,0.0,2304675688329
0.4424777691954986,0.0,3116614506543
0.2851129790646685,0.0,20039424015528
0.3249267758807264,0.0,348913664
0.41273501922993383,0.0,16309766656
0.35730493051875345,0.0,47241633375
0.5345649530890949,0.0,4065356736
0.36918663960453035,0.0,124850059992
0.4088954316435651,0.0,413993348677
0.4290396949248331,0.0,261652787136
0.29022462642501917,0.0,192199929011
0.3989397991860065,0.0,10786536507375
0.2010161555274381,0.0,394962221753
0.40020010906352577,0.0,439496045227
0.3410855600242349,0.0,654424190568
0.5280625981537279,0.0,295807676247
0.3332913273918569,0.0,1019627024625
0.3998300547258467,0.0,1962515008000
0.4255836297530964,0.0,1506242429847
0.30624732846449415,0.0,1121946206471
0.22400869233788287,0.0,1709490484493
0.42723513218076153,0.0,1826137333567
0.3732678204410498,0.0,2353698499608
0.5620545310191039,0.0,1436394602187
0.39066149401344047,0.0,7034844670281
0.36047625865463506,0.0,3166808869125
0.29227459697087094,0.0,1161267062831
0.46290159104716316,0.0,1251680967433
0.0553505525284242,0.0,68820189192000
0.4291985861242223,0.0,1666535510016
0.5840829822013474,0.0,951892739253
0.4046491586936865,0.0,2320414370919
0.5029881563120117,0.0,3865457875384
0.5110471644128228,0.0,3135856772853
0.3837381883414903,0.0,15737770216
0.33131613563678125,0.0,67518581248
0.4616465934785878,0.0,81633542472
0.49961733613405823,0.0,41210199802421
0.5831521502456973,0.0,39234680792
0.4239162220409119,0.0,87646718888
0.4403189728517826,0.0,314432000000
0.47094566412839517,0.0,792737256375
0.29806797728154727,0.0,581973732549
0.21216320324140006,0.0,974716135875
0.40448104637395094,0.0,1055288759741
0.1839708545226592,0.0,65860951343104
0.345571186269343,0.0,1427628376000
0.5328226510455154,0.0,789145184521
0.32397644945189474,0.0,1087959899125
0.34274939884621847,0.0,2020926011707
0.40402907867151666,0.0,3441583121192
0.4283215538649486,0.0,2768178670921
0.3371142303979169,0.0,774885406625
0.25467083793924294,0.0,1242643594751
0.4315585228825171,0.0,1337180541913
0.5719973982826191,0.0,1023278326533
0.3712637477519004,0.0,1375407924561
0.39169200916741853,0.0,2448911101239
0.42763298320200377,0.0,4045520800504
0.4464279645303477,0.0,3292653944133
0.2992512486220637,0.0,626123553875
0.20929185037701928,0.0,1036741001561
0.4173734682116552,0.0,1120651030603
0.35832829790417586,0.0,1507425342696
0.5536058662476894,0.0,843105157623
0.33028083231875915,0.0,1154650800771
0.35023597133712747,0.0,2121328796049
0.4258106835223489,0.0,3584386814464
0.3453601551411778,0.0,17933294109375
0.32265956323315875,0.0,66380929649
0.4353756166329146,0.0,203401212841
0.3972300139464684,0.0,337153536000
0.3586885708924363,0.0,214384046625
0.4261971475733992,0.0,2106504749259
0.4596807132719706,0.0,1259012289592
0.475441662229277,0.0,924295056021
0.3096185202146379,0.0,522243564877
0.4157180857559845,0.0,965895229125
0.2950191543446515,0.0,64423329961472
0.3608958579261903,0.0,1317974721344
0.339922167306909,0.0,996703628669
0.4213135031619058,0.0,3243106417608
0.4421106007364049,0.0,2596774468625
0.23598013408674437,0.0,509316701256
0.4230744612787167,0.0,561924099008
0.0,0.0,56866755046375
0.3550245054328082,0.0,583438782016
0.35428734538014434,0.0,3504881359000
0.41975297724053623,0.0,2283801705809
0.4483907180618337,0.0,7661684366344
0.26139641655482687,0.0,1020234970763
0.41176470103806234,0.0,66607429510656
0.39282451579677297,0.0,1486227486528
0.5622223140988151,0.0,828729821457
0.3638078863819936,0.0,1136912523453
0.4149794704602451,0.0,5151722393511
0.4592642062032941,0.0,3546578125000
0.4738117146012731,0.0,2859055647057
0.29945390621827733,0.0,1018411856981
0.4178156222382367,0.0,1682186938957
0.0,0.0,74597194100736
0.3590494530995419,0.0,2182834554048
0.3306566834047138,0.0,1726704323973
0.37119334427948186,0.0,6677596150191
0.4267057576450994,0.0,4750104241000
0.44839342326539916,0.0,3909217362777
0.43950202459464227,0.0,11074654989000
0.3099115745004473,0.0,1121298493869
0.23072172356825935,0.0,1708632808875
0.43139205324267715,0.0,1825241069861
0.0,0.0,76354536001024
0.37921063761184853,0.0,2352637000000
0.5658209539459235,0.0,1435630901041
0.3465112726799866,0.0,1872236828125
0.3982644363931357,0.0,7032642036679
0.3655823465739158,0.0,3165515149987
0.4679510541843264,0.0,4158523459441
0.29777987591672045,0.0,-4402880119
0.26286502738071615,0.0,23962599387000
0.5569748272687088,0.0,-12374478297
0.3917502199816457,0.0,-2043548109
0.3577975494359771,0.0,172343737125
0.4090595451488372,0.0,1291467969
0.4338370872229481,0.0,15382515303
0.3132663573283817,0.0,265228015625
0.2540357855961943,0.0,510273943271
0.4286777392651966,0.0,562946150593
0.19768576428792564,0.0,56888939736000
0.5424310024056863,0.0,391741124013
0.34652882907956356,0.0,584486749881
0.36170510843108683,0.0,1231580524959
0.4691815509924176,0.0,1779038405613
0.40607286664248865,0.0,481337325253
0.016393442515452838,0.0,55045462464000
0.5380826398518302,0.0,328080696273
0.3414419460192061,0.0,500755338621
0.33070644652191444,0.0,3225391734375
0.3608402803306768,0.0,1092408760899
0.39103123502331255,0.0,2074623237064
0.30790649246579066,0.0,25829338816
0.24071858195424478,0.0,92468044648
0.41531965901887863,0.0,109764631872
0.2897973892531663,0.0,42841933504271
0.3689540552391074,0.0,201952049363
0.532314707250336,0.0,56977736192
0.3376513253543942,0.0,117073700288
0.38935720454025924,0.0,1612314165176
0.35386497354222535,0.0,381078125000
0.4268392208987913,0.0,914085077625
0.40034375657089116,0.0,646092936125
0.3341355000716447,0.0,1064645023931
0.0,0.0,67319802432000
0.6176625891400113,0.0,867431817153
0.442990797758664,0.0,1184622952941
0.4628824875933632,0.0,2166217892019
0.47356289634587634,0.0,3647996782984
0.3391673297961856,0.0,929428432479
0.28745269197303464,0.0,1452494953125
0.0999999982857143,0.0,73003186194184
0.42483510482224124,0.0,2033901163000
0.4588259487509851,0.0,6361447449889
0.40036968076698587,0.0,2775282126877
0.49789316308222087,0.0,4498662168512
0.30048003559280834,0.0,1373924338613
0.21236446365678036,0.0,2040168215987
0.0,0.0,80353127927808
0.5554577467857693,0.0,1731890916729
0.3324049538759504,0.0,2223980699877
0.3754227691286493,0.0,7865164697103
0.352182662793454,0.0,3660095871531
0.43028367125378103,0.0,5702719217896
0.3704057491811257,0.0,5140991504979
0.5383812311113516,0.0,507787605352
0.27610447870745203,0.0,14093573523875
0.4839959460502132,0.0,197951423552
0.16579188941260448,0.0,34021672714827
0.37051186123993635,0.0,296207416296
0.4130213302643376,0.0,6893714400768
0.4415007373211334,0.0,2508803313472
0.43782289321741685,0.0,3955556468375
0.3348884320093572,0.0,2751651100197
0.3352563077210994,0.0,18019759160313
0.28344169997123647,0.0,13933150018047
0.4393601558189513,0.0,7506509912000
0.41234218023769137,0.0,6471250197875
0.569251688963505,0.0,2018050158853
0.5091379259587344,0.0,724150792000
0.40732431258796986,0.0,4051617276888
0.5394862841287531,0.0,409179521024
0.3598727083014678,0.0,5623608587687
0.38097585911104054,0.0,11316368199851
0.44131091564155,0.0,9472953722679
0.35920127528028784,0.0,4750104241000
0.4387891849975576,0.0,52229743272
0.3640022182162383,0.0,5042436345792
0.5906027392451727,0.0,5266207648792
0.4731868903672391,0.0,3036027392
0.3211987773614317,0.0,6554951675875
0.4398938051918397,0.0,5700804268544
0.4238085749742388,0.0,2865708361664
0.4657719018462852,0.0,5280750153944
0.3415565129092776,0.0,7666349014232
0.3855136284683867,0.0,4739092293573
0.3467421216557454,0.0,2925434111608
0.25161344301347915,0.0,24414238701000
0.6823910440677139,0.0,9530824894408
0.36820529777041,0.0,11094043212127
0.3462026882048756,0.0,16610653465875
0.5602786986211165,0.0,1036433728000
0.48449338571402045,0.0,86058173375
0.37861151295873957,0.0,2834950759577
0.31889578896792464,0.0,3000938817024
0.3527944064462194,0.0,3593528860013
0.378759750269342,0.0,25724625408
0.1933391780161044,0.0,10830533203125
0.3269683949773846,0.0,1672868929311
0.410554785957825,0.0,9767407845376
0.36193393585158545,0.0,413327139849
0.27390779593746223,0.0,27560027981816
0.3611702839888544,0.0,9613324838447
0.3951275885491993,0.0,3254952168000
0.6052719246993902,0.0,5131167956992
0.5646665607272382,0.0,6398598512125
0.4921975409728911,0.0,2462015614527
0.6157224596893189,0.0,6943821262552
0.3519709944271765,0.0,2092731429671
0.5755492555516953,0.0,7371610919128
0.493406527353296,0.0,307820331008
0.42757655274424033,0.0,15845403276613
0.4722858658029568,0.0,251359058231
0.6105756364631036,0.0,9340607016000
0.5761740861280527,0.0,567869252041
0.4899947937111658,0.0,6956932429000
0.17385100012072144,0.0,1800264592125
0.6014898453404192,0.0,2802028309192
0.43278188142110374,0.0,2338337977417
0.5694141607637616,0.0,66528588608
0.45120579325766863,0.0,420189749
0.4778591132058412,0.0,12680306970759
0.5375537975080348,0.0,6069402371521
0.38299110185421464,0.0,1178252824328
0.5239808238350264,0.0,6250857632461
0.48205793258018037,0.0,2732843155141
0.4127207575273322,0.0,961212581909
0.3139541175178708,0.0,15563206639063
0.4611048995401403,0.0,621305555437
0.44841012210078157,0.0,16915218263
0.4961299106423486,0.0,18948744296000
0.3158181520396357,0.0,231588661221
0.3605331188270225,0.0,409510304776
0.4233653856666229,0.0,20339710127073
0.28439751317151923,0.0,648337611375
0.38031862238571346,0.0,428490531819
0.5586075345838328,0.0,62334657125
0.4812888715485089,0.0,1420034624
0.2767606821068954,0.0,21726981259264
0.31595017461079083,0.0,13732618099123
0.3711488878714818,0.0,10851105871619
0.3926742496743139,0.0,1555251298056
0.40572649417541057,0.0,1390676303528
0.2057508750455479,0.0,4585879283544
0.1411960365901185,0.0,10879067568312
0.31906614501076475,0.0,3180414207816
0.45738675677877183,0.0,22809653056
0.21275940203453536,0.0,22952308684059
0.33631831154166203,0.0,263374721000
0.39434517679239617,0.0,22800002942016
0.37040089619257904,0.0,2305199161
0.35180223293896495,0.0,9412642229544
0.3690112587541571,0.0,627881709547
0.3143276801330396,0.0,1999899757799
0.52561088702487,0.0,767820392893
0.21607584585490233,0.0,9237206406168
0.4449006538897178,0.0,7633736209
0.3133373423976815,0.0,270463449563
0.16089602201317577,0.0,657141519384
0.35477485610980025,0.0,22354272513000
0.3941316975920853,0.0,5045083293951
0.35187418666184084,0.0,1965337867576
0.3489577969600416,0.0,1633027096576
0.3361803806233369,0.0,3965318943552
0.4003882316849016,0.0,5006354124043
0.43441190113083306,0.0,3362864574168
0.36177248610939605,0.0,3230633786687
0.5546203717527698,0.0,2313060765625
0.39702317499071593,0.0,2562354397504
0.24927272372084455,0.0,5008110226029
0.31633323078669684,0.0,2719378013912
0.31826618279660174,0.0,14412774445056
0.372427845194183,0.0,75686967000
0.36177248610939605,0.0,2573042579927
0.3748850197123119,0.0,668315348407
0.5414523601928112,0.0,325944760968
0.34061710985983074,0.0,519524563319
0.4121826500441385,0.0,477111869144
0.382991318475569,0.0,15610004799488
0.3715503151465712,0.0,476196576129
0.30977524411865515,0.0,440711081000
0.3546727846387673,0.0,18609625000
0.5485965191820317,0.0,351447414193
0.42954545789912474,0.0,708062704497
0.3935809914947572,0.0,14863347230003
0.37115086963326055,0.0,661687098344
0.40438834973129684,0.0,52903305064
0.22813325489254865,0.0,4056193651392
0.31014503178085306,0.0,2095677785573
0.3339925140576487,0.0,2792498959368
0.4019104917215178,0.0,5865110463304
0.3859647724717031,0.0,3558452039163
0.3213767431314442,0.0,5353864389784
0.3715442894256918,0.0,4393216442152
0.38902109347365443,0.0,1094956404443
0.3273515703473433,0.0,2036792051776
0.3768009860949275,0.0,1544804416000
0.38400409081558384,0.0,11933632134208
0.5739720634914537,0.0,2400721219000
0.3817109900289781,0.0,3406824508823
0.4413925249713548,0.0,9093993078617
0.32078828316272645,0.0,2481759909819
0.33330424230169065,0.0,2091749925069
0.4884715097904789,0.0,671070968875
0.4272442648778046,0.0,2434224201408
0.33767022536587454,0.0,2963645060544
0.42990825171600794,0.0,8057738350592
0.4806803874384063,0.0,135559106353
0.3547616032352888,0.0,14264044291008
0.36916271567812103,0.0,894448122875
0.3646716997856149,0.0,10785072006584
0.36999905967881264,0.0,319032011537
0.33158645437926676,0.0,8311148937216
0.3638102110240967,0.0,3203828206488
0.3448318500008497,0.0,2051771957243
0.3475100907741068,0.0,69781869613
0.3432947326047861,0.0,26383748833000
0.38009175162767644,0.0,-599077107
0.3236389140532644,0.0,32553430057
0.6056701035807884,0.0,1132343556967
0.6321079271656705,0.0,4283098624000
0.25552288089609365,0.0,17097740750728
0.342859614270191,0.0,4725562507541
0.5581675853970713,0.0,1703920720384
0.6082945065253891,0.0,1563723465543
0.5645744064674273,0.0,396579370923
0.4626759546713449,0.0,9949473128512
0.5420074904326873,0.0,5149932876109
0.5533358261249028,0.0,4561907001625
0.43883233306986724,0.0,9984208026437
0.5349672239749694,0.0,1162925068096
0.5378487447268244,0.0,3740476860667
0.5847746473989562,0.0,499999005953
0.3348720188830015,0.0,7970037484375
0.5992527355324647,0.0,4109839557832
0.41897709359913166,0.0,4827665880701
0.5930514913926102,0.0,4054667810536
0.5141674437282716,0.0,494725990429
0.41907153646520573,0.0,3091080822263
0.5590348269658982,0.0,4059246481408
0.5263620892162715,0.0,316656746496
0.6115839808976702,0.0,6173808413625
0.4787380796604999,0.0,1320500728611
0.4988792734799513,0.0,335267840123
0.4941662977545651,0.0,2774689708608
0.5804438837274231,0.0,3096813694976
0.5457594633037146,0.0,560087524907
0.629067149315557,0.0,5720932629125
0.5198891073330296,0.0,114225318208
0.3668272052388048,0.0,4239729131625
0.575909150158607,0.0,6751269000000
0.3558956779592458,0.0,1226417393664
0.5822245481498265,0.0,7720128615744
0.34760248301103513,0.0,1332452528064
0.6018729447186211,0.0,3645153819000
0.5126090535756835,0.0,77308776000
0.4736196892930311,0.0,131173946441
0.4293828575707849,0.0,15615626874875
0.483289349625851,0.0,-19248832
0.4036587620646046,0.0,9113612867072
0.45764934403334145,0.0,3428606338039
0.5077880127380356,0.0,665567281891
0.38556253744036467,0.0,2460921790501
0.3172071581064175,0.0,5122248325272
0.4568677620615951,0.0,5603709294728
0.524509733083149,0.0,885012508801
0.456521140210706,0.0,-56623104
0.4330603535712137,0.0,20039424015528
0.5049155906905815,0.0,534991819032
0.4472219645852421,0.0,13109198733539
0.4900955495809144,0.0,351298031616
0.48313886304818,0.0,6405839085248
0.5037968894862065,0.0,5833944216008
0.5305343584478169,0.0,943787462129
0.4040809066016829,0.0,1362094039125
0.5284724770805058,0.0,304957115891
0.5146134372001271,0.0,1769365757375
0.4625692915122137,0.0,1642196701592
0.5009211507427599,0.0,3951056120129
0.5172107539457877,0.0,4923411345728
0.416707410103952,0.0,779195950408
0.45314506636705026,0.0,8849191373504
0.5553899311737607,0.0,4516672077
0.5810510243428229,0.0,2292136106625
0.5659159065883054,0.0,16251953437
0.3426845468462619,0.0,6876342596096
0.5528077600322744,0.0,1029077364736
0.5542096063734606,0.0,2250150948864
0.5462880910778919,0.0,523996494328
0.3667000616092291,0.0,4082957867087
0.3423025277434377,0.0,3346729305912
0.36507606873699555,0.0,4654117121536
0.5168842818753653,0.0,47516597848
0.2761703663239793,0.0,7151129913096
0.3424716150316351,0.0,3540999552488
0.31815369226401485,0.0,11159832775923
0.4071305367002856,0.0,4345110109432
0.556617774131203,0.0,751089429000
0.2913630577257053,0.0,11891382765625
0.34904743378206227,0.0,9254386574875
0.37008774819799056,0.0,2693161239497
0.3432366321690851,0.0,6656342345731
0.42807060769235444,0.0,2823548558104
0.42319148626718717,0.0,1380236954104
0.40757350714358287,0.0,1870414552161
0.412771482088814,0.0,565404129109
0.38800580139435126,0.0,1292891596984
0.453093863195352,0.0,1076575468249
0.3482913056191425,0.0,9878863930993
0.5505825335356479,0.0,12488782789601
0.5612692246168787,0.0,825293672000
0.5622070035759164,0.0,1466777889928
0.4608211531495306,0.0,14706125000000
0.4567420365042962,0.0,12964625511488
0.4181645188253168,0.0,4381960036544
0.4531798547956296,0.0,9740017486016
0.34519598698917286,0.0,382657176000
0.3029567898625098,0.0,778941947601
0.39187317288862294,0.0,626343143616
0.48333372655438206,0.0,7451438936768
