height_pressure_share,long_wide_item_share,spare_x_volcv
0.0,0.25,-7632.494490041693
0.0,0.14285714285714285,-3327.345871040638
0.0,0.2222222222222222,-9898.473945136348
0.0,0.2,-10036.50835072504
0.0,0.2727272727272727,-6297.245380947362
0.0,0.3,-6098.447226257338
0.0,0.2,-5590.194912916923
0.0,0.2727272727272727,-6959.058093044332
0.0,0.1111111111111111,-11143.062838739754
0.0,0.25,-11297.436030732968
0.0,0.125,-8763.501660902282
0.0,0.2,-5909.616913875312
0.0,0.07142857142857142,-4459.621163236145
0.0,0.09090909090909091,-8124.026995000284
0.0,0.3333333333333333,-7829.19969120238
0.0,0.1111111111111111,-11312.51723620849
0.0,0.08333333333333333,-5285.657029723677
0.0,0.2,-5624.867231686059
0.0,0.07142857142857142,-3072.425727828916
0.0,0.16666666666666666,-9055.902696744746
0.0,0.2857142857142857,-10034.328738427728
0.0,0.0,-13164.43031558423
0.0,0.2222222222222222,-13280.683190101243
0.0,0.2222222222222222,-8719.615860293268
0.0,0.07692307692307693,-4977.213372968458
0.0,0.0,-12318.728794065762
0.0,0.0,0.0
0.0,0.3333333333333333,-6308.206096394775
0.0,0.0,-10784.727178102943
0.0,0.16666666666666666,-3744.2964608851466
0.0,0.07692307692307693,-6187.888331632837
0.0,0.18181818181818182,-5877.727896599694
0.0,0.5,-9972.206860337452
0.0,0.2222222222222222,-6563.068111874916
0.0,0.15384615384615385,-5275.896013716457
0.0,0.1,-10956.911203053935
0.0,0.1111111111111111,-10641.45327551499
0.0,0.09090909090909091,-9704.91226594825
0.0,0.25,-4679.6469503761455
0.0,0.18181818181818182,-4737.494374368416
0.0,0.1111111111111111,-9436.538157896563
0.0,0.25,-2254.1804447599034
0.0,0.0,-7514.216474220729
0.0,0.08333333333333333,-6751.827395967446
0.0,0.18181818181818182,-4937.9388131095475
0.0,0.09090909090909091,-8234.408062703435
0.0,0.09090909090909091,-9795.404835148887
0.0,0.3076923076923077,-1625.639609821702
0.0,0.16666666666666666,-12098.930296974055
0.0,0.16666666666666666,-6832.994651929981
0.0,0.25,-7758.045093912498
0.0,0.0,-8727.213198802394
0.0,0.125,-12800.001513159244
0.0,0.09090909090909091,-5854.19595775939
0.0,0.08333333333333333,-3187.187655979903
0.0,0.2,-5923.945863996185
0.0,0.3,-5590.619897820642
0.0,0.0,-7901.946593817881
0.0,0.18181818181818182,-5545.146422553271
0.0,0.0,-9858.637352029687
0.0,0.3333333333333333,-8950.550770662012
0.0,0.09090909090909091,-8584.791596653302
0.0,0.08333333333333333,-8327.034176409612
0.0,0.2,-9700.04472243961
0.0,0.08333333333333333,-7642.135004182621
0.0,0.13333333333333333,-734.09147763539
0.0,0.07142857142857142,-5322.7390413251505
0.0,0.16666666666666666,-3253.1474011470405
0.0,0.1111111111111111,-11700.804230830785
0.0,0.2,-6067.75549543494
0.0,0.1111111111111111,-7057.13179026371
0.0,0.15384615384615385,-1657.7937638483447
0.0,0.10526315789473684,1920.9967270974569
0.0,0.2222222222222222,-9675.138867273925
0.0,0.2,-6402.283418603084
0.0,0.2222222222222222,-9570.701258896304
0.0,0.16666666666666666,-4477.481722584609
0.0,0.18181818181818182,-5407.362739065835
0.0,0.1,-7794.676580124896
0.0,0.0,-5638.738142324968
0.0,0.25,-6340.880634975627
0.0,0.07142857142857142,-4950.008302876734
0.0,0.16666666666666666,-3943.526244983185
0.0,0.07692307692307693,-7530.864146369642
0.0,0.15384615384615385,-3194.8997187610757
0.0,0.125,-17410.284518319488
0.0,0.09090909090909091,-7834.348861082829
0.0,0.18181818181818182,-3759.150152173894
0.0,0.2,-5515.564038266625
0.0,0.3333333333333333,-8962.173832455259
0.0,0.1111111111111111,-13134.636129653816
0.0,0.2,-8765.58543213036
0.0,0.0,-10800.411668197308
0.0,0.2857142857142857,-6830.807507170602
0.0,1.0,0.0
0.0,0.1111111111111111,-6553.110174959656
0.0,0.14285714285714285,-2781.0853399638386
0.0,0.2,-4761.725480567062
0.0,0.36363636363636365,-2356.5325210296087
0.0,0.1,-12518.003590018
0.0,0.09090909090909091,-7556.923665073186
0.0,0.08333333333333333,-4987.416062000659
0.0,0.2222222222222222,-7088.025627097245
0.0,0.09090909090909091,-6629.284993835893
0.0,0.16666666666666666,-4710.304017324862
0.0,0.08333333333333333,-6703.43375212385
0.0,0.25,-4778.991915097734
0.0,0.25,-4745.693301115464
0.0,0.6666666666666666,-1310.2589540263843
0.0,1.0,0.0
0.0,0.1111111111111111,-13016.56774765545
0.0,0.16666666666666666,-3775.961995028502
0.0,0.26666666666666666,25.49376499843546
0.0,0.0,-11863.083967698913
0.0,0.15384615384615385,-3076.5669810294376
0.0,0.2,-14923.599385807049
0.0,0.09090909090909091,-7681.766330256765
0.0,1.0,0.0
0.0,0.3,-5579.593256190331
0.0,0.09090909090909091,-6915.786799217862
0.0,0.2,-4780.055058216608
0.0,0.25,-9492.93544215405
0.0,0.09090909090909091,-10784.440117846993
0.0,0.0,-7423.986704886583
0.0,0.5,-1980.0284078646466
0.0,0.2857142857142857,-8275.996196042277
0.0,0.0,-15676.493199337265
0.0,0.125,-8550.837404030153
0.0,0.16666666666666666,-6926.0986407020755
0.0,0.3333333333333333,-9052.05675883518
0.0,0.0,-23286.868046891974
0.0,0.07142857142857142,-4145.795172995105
0.0,0.0,-20034.171505751197
0.0,0.15384615384615385,-4539.87876155725
0.0,0.0,-19232.54482247827
0.0,0.2,-6135.60821789438
0.0,0.1,-7873.506750061124
0.0,0.2727272727272727,-3676.6866366179493
0.0,0.2,-9804.295331493016
0.0,0.25,-9456.397499694247
0.0,0.08333333333333333,-6901.307451904765
0.0,0.0,-7587.440076851456
0.0,0.2,-8488.305013477762
0.0,0.2727272727272727,-3701.380588594279
0.0,0.0,-9928.860173495194
0.0,0.0,-8148.909738598377
0.0,0.2727272727272727,-5491.067463571744
0.0,0.1,-9562.144326365567
0.0,0.1,-6664.620611447375
0.0,0.2,-7371.756130418949
0.0,0.09090909090909091,-11719.514014667475
0.0,0.0,-13082.01056094386
0.0,0.16666666666666666,-5736.752528222417
0.0,0.0,-13645.499247316235
0.0,0.0,-7780.924537538664
0.0,0.0,-8598.92710020196
0.0,0.1111111111111111,-9676.451024988628
0.0,0.15384615384615385,-4303.80661184398
0.0,0.2857142857142857,-8237.827419828496
0.0,0.16666666666666666,-3238.2112945864146
0.0,0.3333333333333333,-2307.54754177218
0.0,0.21428571428571427,-3037.5678589853196
0.0,0.3,-4963.328340981916
0.0,0.0,-21276.929674605348
0.0,0.09090909090909091,-6520.782091035223
0.0,0.09090909090909091,-4654.723608076463
0.0,0.16666666666666666,-4348.876315774883
0.0,0.09090909090909091,-6921.608611365087
0.0,0.0,-24125.06916052263
0.0,0.18181818181818182,-6629.585853795127
0.0,0.16666666666666666,-5680.99433496054
0.0,0.2222222222222222,-5776.568536734726
0.0,0.2,-4985.658650356296
0.0,0.2222222222222222,-7954.929037939602
0.0,0.0,-7110.8387444664495
0.0,0.08333333333333333,-7671.1474117779635
0.0,0.2222222222222222,-5564.033321549435
0.0,0.0,-7100.241055778413
0.0,0.1875,237.7879026840814
0.0,0.0,-11523.672163387484
0.0,0.25,-11641.553186122199
0.0,0.17647058823529413,813.407745371366
0.0,0.125,-8527.464442001607
0.0,0.5,-3346.980367871076
0.0,0.2222222222222222,-7353.122306440259
0.0,0.18181818181818182,-5816.381780994781
0.0,0.0,-15928.219705159183
0.0,0.14285714285714285,-4395.1724303032115
0.0,0.09090909090909091,-9630.877341881422
0.0,0.1111111111111111,-6582.517179878893
0.0,0.0,-3494.162299232376
0.0,0.2,-4837.635520672758
0.0,0.0,-27624.335769307425
0.0,0.4,-3687.5246014887707
0.0,0.0,-9899.629334448335
0.0,0.0,-11762.451758801619
0.0,0.25,-5391.219207996186
0.0,0.2,-7305.770651312011
0.0,0.3333333333333333,-22060.003175222355
0.0,0.125,-10578.962444298413
0.0,0.06666666666666667,-2772.283007469244
0.0,0.21428571428571427,-2619.052013476856
0.0,0.2222222222222222,-9786.085633409202
0.0,0.1,-7650.336321259772
0.0,0.0,-12374.876097057655
0.0,0.15384615384615385,-3577.160736501126
0.0,0.0,-9602.665611615656
0.0,0.42857142857142855,-7696.1787228620005
0.0,0.375,-8742.14522411686
0.0,0.18181818181818182,-4370.9587008685985
0.0,0.0,-5376.114475133275
0.0,0.4,-3980.3145452374024
0.0,0.1111111111111111,-10682.354874375951
0.0,0.15384615384615385,-4567.101995429574
0.0,0.25,-7887.513583233232
0.0,0.1,-6646.914142245644
0.0,0.16666666666666666,-13745.265239893452
0.0,0.14285714285714285,-11719.283994087262
0.0,0.11764705882352941,-207.31687796817135
0.0,0.18181818181818182,-7780.497178424971
0.0,0.16666666666666666,-15318.51764137021
0.0,0.14285714285714285,-3291.837035097081
0.0,0.125,-13121.212041048944
0.0,0.16666666666666666,-5663.090011204627
0.0,0.14285714285714285,-13641.648824887203
0.0,0.16666666666666666,-5058.856571210986
0.0,0.4,-2809.7994391010093
0.0,0.36363636363636365,-2882.5864244821314
0.0,0.1,-10985.878580109285
0.0,0.09090909090909091,-5761.873601744876
0.0,0.18181818181818182,-4913.6691395200105
0.0,0.2,-7787.037855863912
0.0,0.25,-2205.3481910289297
0.0,0.0,-9535.572276531682
0.0,0.09090909090909091,-5810.632161045133
0.0,0.09090909090909091,-7072.129264348562
0.0,0.25,-4844.674679678382
0.0,0.18181818181818182,-8689.384786582472
0.0,0.18181818181818182,-3297.5008756295983
0.0,0.0,-5242.6253513593265
0.0,0.23529411764705882,2720.9602162431834
0.0,0.1,-7870.619848647497
0.0,0.21428571428571427,-1267.168544720012
0.0,0.16666666666666666,-4149.319839914799
0.0,0.2222222222222222,-7439.610244456661
0.0,0.25,-17245.567317841054
0.0,0.3333333333333333,-24143.28299417925
0.0,0.2,-17010.05878295766
0.0,0.23076923076923078,-1930.6723793178783
0.0,0.25,-6893.551802863363
0.0,0.15384615384615385,-2490.023651193674
0.0,0.3076923076923077,-914.1225186360854
0.0,0.2727272727272727,-2785.3178871093255
0.0,0.18181818181818182,-5354.890593255961
0.0,0.09090909090909091,-5702.607967231129
0.0,0.2222222222222222,-6445.723669930891
0.0,0.18181818181818182,-6470.5887355972845
0.0,0.18181818181818182,-3381.5530813217415
0.0,0.2,-7925.446215290469
0.0,0.08333333333333333,-6103.580916876626
0.0,0.1111111111111111,-12107.781607808342
0.0,0.2222222222222222,-6945.546496584562
0.0,0.18181818181818182,-6328.696358701554
0.0,0.3333333333333333,-7912.626570048333
0.0,0.2,-6043.841997639728
0.0,0.25,-2961.1324876745643
0.0,0.125,-11390.341560165565
0.0,0.14285714285714285,-9775.068046004832
0.0,0.07692307692307693,-4091.80422697713
0.0,0.1,-6358.948995848113
0.0,0.1,-10202.24966775894
0.0,0.25,-22950.80174917621
0.0,0.06666666666666667,-2497.347331116452
0.0,0.16666666666666666,2552.882762328306
0.0,0.18181818181818182,-4724.490483514871
0.0,0.0,-10400.05786777043
0.0,0.3076923076923077,-1410.4175217200725
0.0,0.2,-11819.966400419293
0.0,0.14285714285714285,-3937.3936316037316
0.0,0.15384615384615385,-985.2060521132455
0.0,0.125,1472.2641247659594
0.0,0.16666666666666666,-5819.543375223306
0.0,0.1111111111111111,-8207.51523465019
0.0,0.2,-4823.441766457867
0.0,0.1,-9167.732008320181
0.0,0.16666666666666666,-14817.738325461602
0.0,0.1111111111111111,-13206.538044109919
0.0,0.08333333333333333,-5030.464376461098
0.0,0.0,-11517.115562905345
0.0,0.3076923076923077,-1077.4170200785502
0.0,0.2,-5097.592070444885
0.0,0.0,-5118.03521792263
0.0,0.2,-6035.898549489396
0.0,0.13333333333333333,622.1025109794203
0.0,0.0,-11194.680027283253
0.0,0.25,-5644.355997577109
0.0,0.3333333333333333,-6389.830769200122
0.0,0.4444444444444444,-5766.780687780017
0.0,0.0,-9016.285425528084
0.0,0.21428571428571427,-3647.957826880273
0.0,0.15384615384615385,-4515.1371577095315
0.0,0.07142857142857142,-2472.43040093658
0.0,0.14285714285714285,-14525.96529774642
0.0,0.15384615384615385,-3791.810993262939
0.0,0.0,-21228.8335613649
0.0,0.0,-18162.53331085644
0.0,0.09090909090909091,-6474.834826953453
0.0,0.0,-39033.95586388909
0.0,0.06666666666666667,-2532.950631433696
0.0,0.0,-18726.37725219679
0.0,0.26666666666666666,-180.30220000690983
0.0,0.2,889.4410297769355
0.0,0.07142857142857142,-3588.592952829644
0.0,0.2222222222222222,-8274.144712931447
0.0,0.08333333333333333,-5622.181584625916
0.0,0.09090909090909091,-9099.496556195605
0.0,0.18181818181818182,-7015.353687205092
0.0,0.08333333333333333,-7682.664327083884
0.0,0.18181818181818182,-4730.4664200905045
0.0,0.2,-7488.107928392553
0.0,0.18181818181818182,-6093.136394813738
0.0,0.0,-4019.1456342013653
0.0,0.2222222222222222,-9017.440804570218
0.0,0.3333333333333333,-6244.834295400768
0.0,0.07692307692307693,-5317.545282606449
0.0,0.08333333333333333,-8245.473105934016
0.0,0.18181818181818182,-6183.951559715921
0.0,0.07692307692307693,-4892.516961540471
0.0,0.2,-6818.386805824159
0.0,0.08333333333333333,-5247.888798058059
0.0,0.2222222222222222,-8659.105721397267
0.0,0.09090909090909091,-5055.538803534834
0.0,0.08333333333333333,-4385.951082118618
0.0,0.375,-7220.735021924989
0.0,0.2,-9702.298740955237
0.0,0.08333333333333333,-6700.19213178813
0.0,0.2222222222222222,-8226.235896977974
0.0,0.21428571428571427,-1566.0860584116265
0.0,0.2727272727272727,-4187.3961014334955
0.0,0.08333333333333333,-6174.559497141838
0.0,0.1,-8119.750180288392
0.0,0.18181818181818182,-6577.22454358095
0.0,0.18181818181818182,-5685.784540715051
0.0,0.11764705882352941,1189.3663192496915
0.0,0.14285714285714285,-2541.0068685840356
0.0,0.14285714285714285,-12317.23359623165
0.0,0.0,-10338.059590275197
0.0,0.2222222222222222,-6042.970602471242
0.0,0.0,-17088.331958733874
0.0,0.07142857142857142,-2377.919911545921
0.0,0.07142857142857142,-4752.456699154424
0.0,0.2,-803.2566135080866
0.0,0.06666666666666667,-1750.9476661729595
0.0,0.1,-8667.063547052792
0.0,0.4444444444444444,-4206.275099192452
0.0,0.07692307692307693,-4526.011002184065
0.0,0.0,-4368.543801754317
0.0,0.08333333333333333,-4861.978723744201
0.0,0.1,-7952.2586251999155
0.0,0.08333333333333333,-6958.6216960932825
0.0,0.08333333333333333,-7605.973946637283
0.0,0.25,-3227.1871739804465
0.0,0.3333333333333333,-10021.143571231869
0.0,0.2,-6878.92271651303
0.0,0.0,-5298.96644799639
0.0,0.08333333333333333,-4451.837848942514
0.0,0.07692307692307693,-3743.4066362028516
0.0,0.07692307692307693,-4997.573202972098
0.0,0.09090909090909091,-6341.988979352667
0.0,0.08333333333333333,-5646.442075412829
0.0,0.14285714285714285,-3156.6329496557782
0.0,0.2,-9820.992340751736
0.0,0.1111111111111111,-8938.648825841186
0.0,0.2727272727272727,-4808.97010282829
0.0,0.16666666666666666,-14742.090634473332
0.0,0.2,-15879.059563181583
0.0,0.17647058823529413,1637.851018049025
0.0,0.5,-9723.90647818288
0.0,0.16666666666666666,3055.6231030034373
0.0,0.15384615384615385,-3443.4934561895757
0.0,0.125,-10747.133302569495
0.0,0.1,-8231.64806876063
0.0,0.15,4761.021591782914
0.0,0.0,-13712.707280169518
0.0,0.23076923076923078,-3268.630618821884
0.0,0.3333333333333333,-10076.87205172502
0.0,0.16666666666666666,2784.8882266249652
0.0,0.23076923076923078,-1537.8577388810284
0.0,0.15384615384615385,-4285.290297861131
0.0,0.15384615384615385,-4184.039322547442
0.0,0.06666666666666667,-2621.1641657259865
0.0,0.0,-5568.871148905281
0.0,0.2222222222222222,-6667.479383857116
0.0,0.09090909090909091,-4835.456350287974
0.0,0.2222222222222222,-7313.951884316297
0.0,0.0,-6538.164752370407
0.0,0.23076923076923078,-2681.470176007665
0.0,0.23076923076923078,-2984.522624616533
0.0,0.09090909090909091,-4815.035604512387
0.0,0.2,-10186.467688029576
0.0,0.1,-7925.292866668733
0.0,0.18181818181818182,-6708.995771767714
0.0,0.2222222222222222,-7202.791759414577
0.0,0.0,-5100.879524320588
0.0,0.09090909090909091,-7628.807275157692
0.0,0.3333333333333333,-3224.222383803423
0.0,0.3333333333333333,-12164.465666678281
0.0,0.1111111111111111,-9459.91087285589
0.0,0.3333333333333333,-12149.899373310851
0.0,0.125,3.7465300882904464
0.0,0.2,-15940.459172684166
0.0,0.18181818181818182,-4286.142555227247
0.0,0.1,-5019.042669645315
0.0,0.08333333333333333,-3127.359854512028
0.0,0.0,-12579.750763438842
0.0,0.16666666666666666,-3163.057270137038
0.0,0.09090909090909091,-4648.694135522589
0.0,0.2,-5242.792564263576
0.0,0.08333333333333333,-6173.064065483306
0.0,0.2222222222222222,-8276.419791746079
0.0,0.25,-5311.517571870477
0.0,0.07692307692307693,-4128.405548054383
0.0,0.2222222222222222,-6837.569081586191
0.0,0.0,-11259.913529459842
0.0,0.3333333333333333,-2641.1006263924596
0.0,0.08333333333333333,-5307.657388086368
0.0,0.25,-9961.202791657779
0.0,0.14285714285714285,-2072.582400510147
0.0,0.14285714285714285,-12859.99230793325
0.0,0.07692307692307693,-5142.766403648191
0.0,0.1,-9830.969241819857
0.0,0.125,-2252.496668136899
0.0,0.3,-5397.518468479008
0.0,0.42857142857142855,-9842.59806504568
0.0,0.0,-3073.837226689886
0.0,0.3,-5416.027514471681
0.0,0.0,-13012.4936394542
0.0,0.18181818181818182,-6816.644057464254
0.0,0.08333333333333333,-6163.395851605873
0.0,0.2,-8593.164783600996
0.0,0.2,-6714.275794361259
0.0,0.09090909090909091,-7827.332085691054
0.0,0.375,-7684.581280704858
0.0,0.25,-3835.977460536029
0.0,0.0,-14536.11045860106
0.0,0.0,-9126.975764502955
0.0,0.25,-3038.7060777443226
0.0,0.1,-7541.067111801714
0.0,0.18181818181818182,-5208.540055511908
0.0,0.06666666666666667,-1372.67127249108
0.0,0.3333333333333333,-16500.417136266613
0.0,0.21428571428571427,-2039.3772891630645
0.0,0.0,-16829.203826100926
0.0,0.17647058823529413,2057.862966769083
0.0,0.07142857142857142,-3193.7568984482177
0.0,0.1875,822.9046273025509
0.0,0.13333333333333333,-1715.991844220069
0.0,0.125,-15859.658815388793
0.0,0.16666666666666666,-5096.685681813853
0.0,0.0,-20265.017649697515
0.0,0.16666666666666666,-4888.428532211696
0.0,0.125,949.5862153630853
0.0,0.1,-6501.997886253109
0.0,0.18181818181818182,-7471.405917997978
0.0,0.25,1156.6634944872728
0.0,0.16666666666666666,-5353.6657026242165
0.0,0.2222222222222222,-8861.07376240855
0.0,0.5,-4206.166734108422
0.0,0.07142857142857142,-3823.98601823733
0.0,0.3333333333333333,-13600.421691830954
0.0,0.09090909090909091,-7731.144079965913
0.0,0.2857142857142857,-7403.8487128667275
0.0,0.14285714285714285,-8353.974366697585
0.0,0.2857142857142857,-10669.19392445139
0.0,0.15384615384615385,-5623.5190831338305
0.0,0.1111111111111111,-10653.92465394207
0.0,0.4,-12890.262535473608
0.0,0.125,-1920.111974825064
0.0,0.16666666666666666,-18469.558859359244
0.0,0.2857142857142857,-10047.590409755472
0.0,0.16666666666666666,-10376.581946381273
0.0,0.11764705882352941,178.77147027351896
0.0,0.14285714285714285,-3133.0155479949376
0.0,0.14285714285714285,-11965.52365494123
0.0,0.11764705882352941,-439.0166990602131
0.0,0.1875,522.2141331602735
0.0,0.0,-16866.794054115988
0.0,0.2222222222222222,-10041.37003155898
0.0,0.07692307692307693,-5195.06626646798
0.0,0.2,-6134.942784488706
0.0,0.0,-6619.990544763403
0.0,0.11764705882352941,1479.6061053724127
0.0,0.0,-24552.709601837338
0.0,0.14285714285714285,-323.22622921083484
0.0,1.0,-1371.0443616171256
0.0,0.23076923076923078,-2097.699684792948
0.0,0.14285714285714285,-8606.73722118125
0.0,0.0,-6424.631282606505
0.0,0.125,1082.6192254861423
0.0,0.0,-12628.83106692958
0.0,0.09090909090909091,-7111.899538441632
0.0,0.2222222222222222,-6146.163124080277
0.0,0.16666666666666666,2681.6698322751126
0.0,0.0,-12171.899698000305
0.0,0.08333333333333333,-4207.621771960113
0.0,0.25,-9343.203576002525
0.0,0.0,-7917.2162791070095
0.0,0.125,-10739.84645569749
0.0,0.1111111111111111,-14468.54201758194
0.0,0.06666666666666667,-2744.698382769242
0.0,0.21428571428571427,-1623.1643268904363
0.0,0.0,-6121.775902781814
0.0,0.0,-15667.040767796505
0.0,0.15384615384615385,-4010.586446512201
0.0,0.2,-5396.308805346751
0.0,0.0,-10400.828216431084
0.0,0.058823529411764705,-267.66163534902057
0.0,0.18181818181818182,-5957.042143245103
0.0,0.0,-7939.138784304075
0.0,0.0,-8491.39827230458
0.0,0.21428571428571427,-3493.491532052378
0.0,0.09090909090909091,-10832.144303969313
0.0,0.16666666666666666,-10577.046122342783
0.0,0.2727272727272727,-4227.573584034394
0.0,0.3333333333333333,-21239.639814898455
0.0,0.125,192.62899110926196
0.0,0.125,1060.3516184727976
0.0,0.2,-17064.98438814777
0.0,0.0,-16004.787825696465
0.0,0.0625,-183.97253099045955
0.0,0.2857142857142857,-12804.775843882544
0.0,0.17647058823529413,2543.493828135138
0.0,0.15384615384615385,-2333.6912658329707
0.0,0.125,-10820.178010532885
0.0,0.2,-1584.0432137225093
0.0,0.1,-4806.365974002305
0.0,0.18181818181818182,-9240.173228985775
0.0,0.2727272727272727,-4831.509192051489
0.0,0.1111111111111111,-8954.407477360166
0.0,0.0,-6772.968248737108
0.0,0.375,-7704.590787102271
0.0,0.08333333333333333,-5302.786723233943
0.0,0.2,-15896.665532435372
0.0,0.2,-1041.3368752609922
0.0,0.23076923076923078,-2910.5757469960463
0.0,0.2222222222222222,-8519.813388650557
0.0,0.08333333333333333,-5672.174029435777
0.0,0.06666666666666667,-3321.5337882750423
0.0,0.6666666666666666,-9104.134418273501
0.0,0.4,-8169.951737493428
0.0,0.0625,-2415.3431408819615
0.0,0.25,-8999.501563243852
0.0,0.14285714285714285,-1009.3241211784039
0.0,0.14285714285714285,-3733.8774115863253
0.0,0.1111111111111111,3487.5158790210526
0.0,0.09090909090909091,-7575.266886095881
0.0,0.1111111111111111,-243.0518784717581
0.0,0.15789473684210525,2917.2988746940673
0.0,0.07142857142857142,-2478.5956138271717
0.0,0.09090909090909091,-5033.408309259738
0.0,0.16666666666666666,-7340.504897171509
0.0,0.15789473684210525,4515.23049161699
0.0,0.0,-25345.426467584148
0.0,0.21428571428571427,33.32361906748076
0.0,0.2727272727272727,-3740.933689275508
0.0,0.0,-3840.456707452735
0.0,0.0,-9067.184983258066
0.0,0.2857142857142857,-9753.71768520608
0.0,0.15384615384615385,-2907.5754541334127
0.0,0.0,-18329.82338174079
0.0,0.2,-6288.176473786295
0.0,0.13333333333333333,-1171.2322217490948
0.0,0.4,-14860.372543871035
0.0,0.16666666666666666,-4496.511439544004
0.0,0.0,-10015.074532365446
0.0,0.36363636363636365,-3962.818558096077
0.0,0.18181818181818182,-6156.517127188277
0.0,0.06666666666666667,-1862.3162667451757
0.0,0.0,-10551.912744334124
0.0,0.058823529411764705,1751.8912752830818
0.0,0.5,-17111.991379536164
0.0,0.06666666666666667,-356.3122364733488
0.0,0.08333333333333333,-2793.1528247797687
0.0,0.2222222222222222,-10991.031933502036
0.0,0.1111111111111111,-7053.09385267258
0.0,0.16666666666666666,-6084.4201557025635
0.0,0.0,-8632.979745195513
0.0,0.125,-10041.393527987733
0.0,0.2,-16509.775274117113
0.0,0.125,-10087.850388334231
0.0,0.13333333333333333,-3456.6439993703766
0.0,0.1875,-1265.0396194383186
0.0,0.0,-12057.174485591026
0.0,0.25,-9945.141973561338
0.0,0.2222222222222222,-7704.546669373993
0.0,0.18181818181818182,-5726.814142830141
0.0,0.2857142857142857,-1477.5693243003989
0.0,0.23076923076923078,-2348.376364046833
0.0,0.14285714285714285,-12381.806478316474
0.0,0.3,-5762.930520942691
0.0,0.1,-7525.186814402328
0.0,0.14285714285714285,-12263.587845494263
0.0,0.23076923076923078,-2877.4103886610446
0.0,0.25,-19790.773882538466
0.0,0.25,-14722.641579285799
0.0,0.07142857142857142,-1701.896052335563
0.0,0.2857142857142857,-11245.058713486662
0.0,0.08333333333333333,-3952.526476405179
0.0,0.2222222222222222,-8746.779059616156
0.0,0.1111111111111111,-5939.893115687673
0.0,0.16666666666666666,-6657.268579881371
0.0,0.16666666666666666,-9993.522868201895
0.0,0.13333333333333333,-2938.2334756178284
0.0,0.0,-11875.313827503991
0.0,0.1875,-651.6813452246361
0.0,0.13333333333333333,232.5328511169463
0.0,0.16666666666666666,-13817.16223594624
0.0,0.15384615384615385,-1880.659490267649
0.0,0.125,-10527.827732363687
0.0,0.2,-3931.661847643701
0.0,0.2857142857142857,-7510.1814776101255
0.0,0.07142857142857142,-4281.078503511399
0.0,0.13333333333333333,-2674.944442800446
0.0,0.13333333333333333,-3570.181665895475
0.0,0.2,-5570.5632166983605
0.0,0.0,-11700.067671996747
0.0,0.07142857142857142,-5624.970738160306
0.0,0.0,-9460.243916211359
0.0,0.06666666666666667,-4578.021613996513
0.0,0.08333333333333333,-8147.653651428756
0.0,0.18181818181818182,-9843.282795094674
0.0,0.125,-13475.284548398316
0.0,0.07142857142857142,-4572.690374778017
0.0,0.07142857142857142,-5655.033081887764
0.0,0.08333333333333333,-5448.296192464612
0.0,0.125,-8708.775724264158
0.0,0.2222222222222222,-10261.36182668286
0.0,0.125,-9884.893751826527
0.0,0.09090909090909091,-9869.91012626755
0.0,0.09090909090909091,-9297.20361346686
0.0,0.125,-13435.161873187004
0.0,0.25,-6184.895783221591
0.0,0.25,-13701.397895350712
0.0,0.09090909090909091,-6905.368149554486
0.0,0.3333333333333333,-10723.192381460816
0.0,0.09090909090909091,-11443.04609706
0.0,0.1,-11197.123496824066
0.0,0.09090909090909091,-8942.735642744583
0.0,0.07692307692307693,-5423.952771553707
0.0,0.07692307692307693,-5467.536608464711
0.0,0.0,-14491.725032151877
0.0,0.09090909090909091,-6396.683966617828
0.0,0.15384615384615385,-6685.822427115332
0.0,0.1,-9849.968623703893
0.0,0.125,-8647.076154699855
0.0,0.2222222222222222,-7936.5462003410785
0.0,0.09090909090909091,-6903.740699824568
0.0,0.07692307692307693,-6345.669950175695
0.0,0.09090909090909091,-9900.045855922936
0.0,0.08333333333333333,-7101.021967783955
0.0,0.1111111111111111,2306.840833335739
0.0,0.14285714285714285,-13328.6067150449
0.0,0.07142857142857142,-4410.623009831359
0.0,0.2222222222222222,-13620.94802826839
0.0,0.14285714285714285,-4820.642893387855
0.0,0.08333333333333333,-6049.654702702232
0.0,0.09090909090909091,-9209.714847118341
0.0,0.1,-10916.470949893508
0.0,0.09090909090909091,-6912.075138326816
0.0,0.125,-11177.39623052321
0.0,0.0,-12189.601672663686
0.0,0.07692307692307693,-5820.90978322963
0.0,0.125,-8582.473061906983
0.0,0.0,-15561.706528286115
0.0,0.0,-8031.430889474365
0.0,0.25,-6945.810682197158
0.0,0.2222222222222222,-7127.272496139519
0.0,0.1111111111111111,-9930.885696268517
0.0,0.0,-6829.644907761408
0.0,0.0,-9823.99204825379
0.0,0.0,-9950.191551666836
0.0,0.07142857142857142,-3742.519813157971
0.0,0.14285714285714285,-2659.3165802239996
0.0,0.1,-8376.959725304154
0.0,0.16666666666666666,-9198.345089291048
0.0,0.08333333333333333,-8856.908363904155
0.0,0.09090909090909091,-9157.340799826148
0.0,0.16666666666666666,-7687.65676788048
0.0,0.07142857142857142,-4759.613032197995
0.0,0.1111111111111111,-13429.810305068599
0.0,0.17647058823529413,1326.757545572838
0.0,0.125,-12829.622571269192
0.0,0.06666666666666667,-5407.385532215768
0.0,0.15384615384615385,-5478.130011255775
0.0,0.1111111111111111,-9339.213199891441
0.0,0.1111111111111111,-10201.585080096713
0.0,0.0,-20714.136909817942
0.0,0.0,-10502.293547094852
0.0,0.125,-316.7596176331888
0.0,0.07142857142857142,-5784.272541216241
0.0,0.2,-7454.6715499923475
0.0,0.2222222222222222,-10521.457849620681
0.0,0.14285714285714285,-4854.1111813994585
0.0,0.07142857142857142,-5466.465889942769
0.0,0.2,-7584.987910843712
0.0,0.16666666666666666,-12202.92851815844
0.0,0.0,-9888.696042213127
0.0,0.0,-7253.354295446897
0.0,0.07142857142857142,-6875.571313941611
0.0,0.1111111111111111,-10718.569106857245
0.0,0.0,-6898.182608367877
0.0,0.1111111111111111,-12771.61713135919
0.0,0.15384615384615385,-7193.2248797597495
0.0,0.09090909090909091,-9267.13293265289
0.0,0.1111111111111111,-10429.555224303405
0.0,0.1111111111111111,-8082.32285873732
0.0,0.1111111111111111,-10005.107231093769
0.0,0.0,-5067.929254327991
0.0,0.18181818181818182,-6985.710254418532
0.0,0.2,-945.9875786651518
0.0,0.1111111111111111,-12436.601859978658
0.0,0.1,-9907.684015351628
0.0,0.07142857142857142,-6171.495691256388
0.0,0.07142857142857142,-4395.490644604599
0.0,0.14285714285714285,-4764.889156501597
0.0,0.0,-8146.723955639733
0.0,0.1,-12662.44724648364
0.0,0.2,-7127.178731565892
0.0,0.09090909090909091,-10923.772225422996
0.0,0.25,-8971.6830447934
0.0,0.3333333333333333,-11765.901768692775
0.0,0.0,-5345.347186404128
0.0,0.0,-9838.337297851096
0.0,0.16666666666666666,-7990.862433407401
0.0,0.07142857142857142,-4749.220339446613
0.0,0.14285714285714285,-3800.1221270441592
0.0,0.0,-15565.577286723168
0.0,0.14285714285714285,-10235.559310805604
0.0,0.1111111111111111,-12266.022361090732
0.0,0.16666666666666666,-8229.132670225776
0.0,0.09090909090909091,-8462.813196724934
0.0,0.09090909090909091,-7776.092585363151
0.0,0.1,-8467.526438500205
0.0,0.1,-9194.001251750962
0.0,0.18181818181818182,-7642.254379134079
0.0,0.2,-8627.194904984171
0.0,0.08333333333333333,-8196.86394583542
0.0,0.0,-6637.819623972878
0.0,0.16666666666666666,-7933.258859938513
0.0,0.125,-13374.032039687978
0.0,0.08333333333333333,-6998.676669344617
0.0,0.2,-3300.999780634143
0.0,0.1875,-1931.2812901126401
0.0,0.0,-12228.258483462641
0.0,0.125,-16032.54779494815
0.0,0.13333333333333333,-4587.986380904423
0.0,0.1111111111111111,-9312.994498487256
0.0,0.0,-8232.53268399664
0.0,0.07692307692307693,-6075.658724364439
0.0,0.0,-8263.988443037424
0.0,0.07692307692307693,-7056.573836750548
0.0,0.2,-11788.715315396135
0.0,0.125,-10893.837552933592
0.0,0.1111111111111111,-12902.154600873362
0.0,0.08333333333333333,-9207.656095509134
0.0,0.09090909090909091,-7848.328022238256
0.0,0.08333333333333333,-5419.780419117243
0.0,0.15384615384615385,-4898.891452405528
0.0,0.14285714285714285,-3737.4488867143154
0.0,0.0,0.0
0.0,0.23076923076923078,-5503.842021811748
0.0,0.14285714285714285,-6225.130451899769
0.0,0.2,-9173.419174169272
0.0,0.25,-8284.22933594588
0.0,0.125,-7.56382783857181
0.0,0.1111111111111111,-366.356982554627
0.0,0.15384615384615385,-6064.1207240811345
0.0,0.07692307692307693,-7693.696929667449
0.0,0.15384615384615385,-7058.1547604184025
0.0,0.07692307692307693,-7427.269724338482
0.0,0.16666666666666666,-7134.211843946901
0.0,0.18181818181818182,-8418.297639974375
0.0,0.08333333333333333,-8146.187090603269
0.0,0.0,-7926.770148537306
0.0,0.2222222222222222,-9599.812667028807
0.0,0.2222222222222222,-8520.134212628067
0.0,0.09090909090909091,-6584.840048774926
0.0,0.18181818181818182,-10464.819923790807
0.0,0.2727272727272727,-7558.625214255876
0.0,0.16666666666666666,-9290.541303649768
0.0,0.15384615384615385,-6592.536726937363
0.0,0.1111111111111111,-10480.417828306421
0.0,0.08333333333333333,-8394.20772173673
0.0,0.1111111111111111,-11074.282858484154
0.0,0.09090909090909091,-7505.030600222733
0.0,0.0,-9114.07213312508
0.0,0.25,-6238.794559306546
0.0,0.1,-10367.348280114156
0.0,0.08333333333333333,-4338.1617943124165
0.0,0.1,-10058.158175650338
0.0,0.1,-10598.046175885778
0.0,0.14285714285714285,-14567.093053908258
0.0,0.3333333333333333,-24608.745761964103
0.0,0.125,-4823.430584704785
0.0,0.125,-10591.833217477068
0.0,0.0625,-4305.924399957887
0.0,0.25,-12140.398682451438
0.0,0.2,-8468.07141345866
0.0,0.1,-9548.023178239473
0.0,0.2,-7948.628284685474
0.0,0.2,-10192.473625923674
0.0,0.16666666666666666,-6070.081288959273
0.0,0.07142857142857142,-6660.202955008185
0.0,0.16666666666666666,-8149.839706657342
0.0,0.1,-12221.83936059395
0.0,0.14285714285714285,-6144.748317087965
0.0,0.07692307692307693,-7153.263866326534
0.0,0.09090909090909091,-8670.708276803674
0.0,0.2857142857142857,-12506.3411007846
0.0,0.14285714285714285,-6492.090848070593
0.0,0.1,-12594.251751513862
0.0,0.07692307692307693,-8408.395732051285
0.0,0.1,-11181.270075296336
0.0,0.16666666666666666,-4478.707702268714
0.0,0.15384615384615385,-6972.89976094441
0.0,0.25,-8140.913303505464
0.0,0.2,-10290.565983777311
0.0,0.16666666666666666,-9694.64118806844
0.0,0.07692307692307693,-6895.279962717521
0.0,0.07142857142857142,-7573.900279209818
0.0,0.1,-10478.173906083559
0.0,0.16666666666666666,-8138.584423198113
0.0,0.09090909090909091,-7955.809117353153
0.0,0.2,-15917.315327876586
0.0,0.10526315789473684,-1500.566980040551
0.0,0.21428571428571427,-4861.6629145615925
0.0,0.1111111111111111,-8534.202626006163
0.0,0.13333333333333333,-6263.882908397726
0.0,0.23076923076923078,-6490.262256878556
0.0,0.13333333333333333,-5439.938409273717
0.0,0.0,-16930.807285417206
0.0,0.16666666666666666,-13965.956963095525
0.0,0.13333333333333333,-5109.01026004372
0.0,0.07142857142857142,-4563.014397326639
0.0,0.14285714285714285,-6786.926548996253
0.0,0.13333333333333333,-2068.625161535091
0.0,0.2,-4551.688325489615
0.0,0.15384615384615385,-6536.011390542368
0.0,0.13333333333333333,-4248.363246213565
0.0,0.16666666666666666,-5826.972869590793
0.0,0.06666666666666667,-4630.484784709589
0.0,0.08333333333333333,-6719.378442011646
0.0,0.18181818181818182,-9482.103272715585
0.0,0.08333333333333333,-7409.041938876753
0.0,0.09090909090909091,-13152.144306347433
0.0,0.1,-6567.382582212647
0.0,0.0,-7259.266466105285
0.0,0.07692307692307693,-7509.8083291266175
0.0,0.08333333333333333,-8305.654468569883
0.0,0.2222222222222222,-10648.182667668814
0.0,0.0,-6677.884378978994
0.0,0.09090909090909091,-10145.82178940162
0.0,0.15384615384615385,-7725.213789726929
0.0,0.09090909090909091,-8703.133273715974
0.0,0.2,-7307.365302065693
0.0,0.1,-8252.138518744392
0.0,0.0,-7567.349421171499
0.0,0.18181818181818182,-9009.492908845987
0.0,0.0,-9861.765260772803
0.0,0.1,-7609.408238884028
0.0,0.16666666666666666,-9573.775936337795
0.0,0.16666666666666666,-6594.338944154891
0.0,0.2,-10609.778852747197
0.0,0.16666666666666666,-16491.1092678688
0.0,0.15384615384615385,-7532.347066665839
0.0,0.2,-9867.509852354875
0.0,0.25,-10791.706117120162
0.0,0.07692307692307693,-7223.557631267079
0.0,0.1111111111111111,-10333.832291621979
0.0,0.08333333333333333,-6304.753706893122
0.0,0.08333333333333333,-8218.468306620252
0.0,0.06666666666666667,-3859.6113519602245
0.0,0.14285714285714285,-11729.071754087663
0.0,0.14285714285714285,-4885.099055799106
0.0,0.07692307692307693,-5557.100940956077
0.0,0.0,-8227.377799363458
0.0,0.2222222222222222,-12827.723573212366
0.0,0.08333333333333333,-8717.379260520047
0.0,0.2222222222222222,-10553.72484724395
0.0,0.0,-7915.167505661173
0.0,0.2,-8431.010067362184
0.0,0.0,-5716.553851096264
0.0,0.16666666666666666,-8845.658062136092
0.0,0.2,-10469.111021963372
0.0,0.09090909090909091,-7590.606967427973
0.0,0.2,-13372.157640998972
0.0,0.08333333333333333,-6965.595402703421
0.0,0.16666666666666666,-7041.751590264151
0.0,0.16666666666666666,-8916.945911829815
0.0,0.2222222222222222,-13761.822587786353
0.0,0.08333333333333333,-6992.918225332098
0.0,0.09090909090909091,-8543.06625101186
0.0,0.1875,-1166.659720670751
0.0,0.0,-13169.433838288372
0.0,0.23076923076923078,-5184.442907610384
0.0,0.07692307692307693,-6495.181773489519
0.0,0.14285714285714285,-12813.627202808153
0.0,0.07142857142857142,-4308.9001613844775
0.0,0.15384615384615385,-5037.89395717301
0.0,0.15384615384615385,-6694.89521496051
0.0,0.07692307692307693,-6926.564641092558
0.0,0.09090909090909091,-9808.291459302607
0.0,0.16666666666666666,-6127.929276769427
0.0,0.16666666666666666,-5430.442278244739
0.0,0.0,-5474.235865323974
0.0,0.09090909090909091,-9342.548730333743
0.0,0.18181818181818182,-9381.389043919055
0.0,0.18181818181818182,-11056.62793077243
0.0,0.09090909090909091,-9816.370911392374
0.0,0.18181818181818182,-10432.158597726577
0.0,0.16666666666666666,-7751.832873846307
0.0,0.14285714285714285,-14186.665952403197
0.0,0.23076923076923078,-4064.9437572074703
0.0,0.0,-14142.499953463433
0.0,0.0,-13841.700228050451
0.0,0.1,-7369.81946428678
0.0,0.0,-13905.326205571188
0.0,0.0,-3134.2096967500006
0.0,0.0,-12857.725048850258
0.0,0.18181818181818182,-7779.872286291078
0.0,0.0,-11253.629733242507
0.0,0.0,-15616.138991932216
0.0,0.09090909090909091,-11171.782295362214
0.0,0.14285714285714285,-4782.105505410306
0.0,0.14285714285714285,-5725.710236544238
0.0,0.15384615384615385,-3273.0852096820104
0.0,0.06666666666666667,-4247.241054094796
0.0,0.08333333333333333,-7441.38431904771
0.0,0.13333333333333333,-3276.5732895895762
0.0,0.09090909090909091,-6811.177869983378
0.0,0.08333333333333333,-6931.97292358798
0.0,0.25,-11088.021206891772
0.0,0.08333333333333333,-7340.396975810332
0.0,0.0,-6647.551452380818
0.0,0.125,-8164.619915802927
0.0,0.09090909090909091,-8851.14337290866
0.0,0.07692307692307693,-4476.537636071778
0.0,0.18181818181818182,-8328.810122260677
0.0,0.09090909090909091,-10777.67037176003
0.0,0.08333333333333333,-7645.315620268063
0.0,0.09090909090909091,-8096.89901776151
0.0,0.125,-10260.215912399332
0.0,0.07692307692307693,-7568.086500893148
0.0,0.2857142857142857,-14998.952204991807
0.0,0.2,-11028.687014500127
0.0,0.09090909090909091,-9487.183108758554
0.0,0.14285714285714285,-2630.1766558338636
0.0,0.25,-11600.499641515858
0.0,0.125,-3978.3116289272034
0.0,0.0,-18447.12122835813
0.0,0.18181818181818182,-8710.878437042118
0.0,0.10526315789473684,-271.69065739893955
0.0,0.08333333333333333,-8050.821298820496
0.0,0.0,-14900.2340860781
0.0,0.0,-9995.885695872725
0.0,0.14285714285714285,-11928.286301650925
0.0,0.16666666666666666,-10475.286373754174
0.0,0.0625,-4077.1857155852385
0.0,0.07692307692307693,-6753.997868666765
0.0,0.14285714285714285,-4589.423416050754
0.0,0.0,-18574.337751239244
0.0,0.14285714285714285,-4507.079378581889
0.0,0.18181818181818182,-8340.081680761572
0.0,0.1,-8050.35381775214
0.0,0.0,-8833.318637655077
0.0,0.08333333333333333,-6534.2251394871755
0.0,0.1111111111111111,-10939.850309941827
0.0,0.1111111111111111,-10103.819304327564
0.0,0.09090909090909091,-11712.309624877416
0.0,0.07142857142857142,-5640.576400111404
0.0,0.07142857142857142,-5982.075167849598
0.0,0.1111111111111111,-11505.569756800067
0.0,0.0,-12155.383471668118
0.0,0.18181818181818182,-10116.163178379828
0.0,0.0,-10911.2392373904
0.0,0.0,-14600.362797455944
0.0,0.11764705882352941,-2494.995405861727
0.0,0.11764705882352941,-3390.4276684426254
0.0,0.16666666666666666,-10749.52224933767
0.0,0.07692307692307693,-5949.378323628061
0.0,0.17647058823529413,-1292.0299537489861
0.0,0.16666666666666666,-14984.144553906806
0.0,0.2,-8887.064171349599
0.0,0.15384615384615385,-6336.559571766504
0.0,0.3333333333333333,-24660.738569238485
0.0,0.0,0.0
0.0,0.1,-10322.354919230183
0.0,0.1111111111111111,-8056.877933456354
0.0,0.1111111111111111,-14050.421924097258
0.0,0.15789473684210525,3221.5548658685043
0.0,0.14285714285714285,-13080.839614384167
0.0,0.0,-3875.9025508855034
0.0,0.0,-5513.318901867879
0.0,0.3333333333333333,-8658.125931159746
0.0,0.0,-5710.601661342477
0.0,0.06666666666666667,-5886.895912271114
0.0,0.125,-12337.665373999504
0.0,0.1,-11106.416471480612
0.0,0.11764705882352941,1875.6521452327045
0.0,0.14285714285714285,-2344.1816763893153
0.0,0.1,-8545.122889848528
0.0,0.16666666666666666,-8235.142356486513
0.0,0.13333333333333333,-3895.2970546372517
0.0,0.2,-4988.359252775909
0.0,0.18181818181818182,-10387.244496654926
0.0,0.16666666666666666,-8844.907914898913
0.0,0.125,-11733.043994793992
0.0,0.08333333333333333,-6174.342427420445
0.0,0.0,-16313.545853229467
0.0,0.0,-6126.4976178272955
0.0,0.15384615384615385,-6064.034175852777
0.0,0.06666666666666667,-2853.076662689348
0.0,0.06666666666666667,-2442.3615980117993
0.0,0.2,-9178.601020247179
0.0,0.15384615384615385,-5605.891297543417
0.0,0.25,-11873.882633480245
0.0,0.0,-8963.179193660202
0.0,0.0,-12781.173904740674
0.0,0.18181818181818182,-9804.386962344983
0.0,0.21052631578947367,5098.770624275545
0.0,0.0,-16565.992685406913
0.0,0.14285714285714285,-4057.9904299503505
0.0,0.0,-16009.937003011913
0.0,0.0,-13388.930220759672
0.0,0.0,-7594.380761663948
0.0,0.25,-2104.1871635876173
0.0,0.09090909090909091,-8726.248048532876
0.0,0.08333333333333333,-8743.116605692485
0.0,0.1,-10439.428953146682
0.0,0.08333333333333333,-9225.368880582628
0.0,0.08333333333333333,-7997.630598048278
0.0,0.2,-9823.599600102949
0.0,0.2222222222222222,-12239.465658747418
0.0,0.3,-9879.207298322244
0.0,0.2,-9437.850590141348
0.0,0.25,-11132.579217507793
0.0,0.2,-8278.317287893033
0.0,0.2222222222222222,-10323.265289262054
0.0,0.16666666666666666,-10752.636233369016
0.0,0.3,-8991.0271980567
0.0,0.0,-8578.378039293948
0.0,0.25,-9019.998693250634
0.0,0.1,-10014.076463152593
0.0,0.0,-5893.017610854985
0.0,0.18181818181818182,-8937.409169395309
0.0,0.2222222222222222,-13626.048995607072
0.0,0.3,-10673.2327418931
0.0,0.3,-11596.733107313246
0.0,0.16666666666666666,-8218.895390413023
0.0,0.0,-8842.950567401867
0.0,0.1111111111111111,-12512.589217506793
0.0,0.08333333333333333,-5533.508863518184
0.0,0.08333333333333333,-7851.589851041784
0.0,0.1,-12721.703800329837
0.0,0.25,-12007.332149428028
0.0,0.0,-4053.8970030441656
0.0,0.07142857142857142,-4365.68498503401
0.0,0.0,-7783.771775700254
0.0,0.2,-8906.090170038091
0.0,0.08333333333333333,-8436.862371896104
0.0,0.0,-7393.987463899077
0.0,0.08333333333333333,-6711.11717433365
0.0,0.0,-7073.609334406528
0.0,0.0,-5328.747994440933
0.0,0.0,-6731.4076890520455
0.0,0.07142857142857142,-5725.943770950009
0.0,0.07142857142857142,-6385.778605416643
0.0,0.5,-17962.937247368467
0.0,0.5,-13561.890804979514
0.0,0.3076923076923077,-5081.461407597684
0.0,0.15384615384615385,-4119.815208540764
0.0,0.2222222222222222,-6964.053099167657
0.0,0.0,-613.6198245074899
0.0,0.125,-2130.1111372365335
0.0,0.2222222222222222,-8083.6624499634545
0.0,0.16666666666666666,-7294.408374897796
0.0,0.0,-5459.720290631667
0.0,0.2,-10085.303263474696
0.0,0.125,-1328.0912782959174
0.0,0.0,-1700.8948530809191
0.0,0.2857142857142857,-19773.56321428072
0.0,0.0,-3620.5329546404837
0.0,0.25,-15271.964387537326
0.0,0.14285714285714285,-5905.704309131483
0.0,0.05263157894736842,4795.053269776073
0.0,0.25,-24420.28777912462
0.0,0.1111111111111111,-12834.76530988101
0.0,0.07692307692307693,-5107.694491352696
0.0,0.2857142857142857,-13794.886971573056
0.0,0.0,-4199.931041076803
0.0,0.0,-18498.821399183482
0.0,0.2857142857142857,-11225.32646655113
0.0,0.25,-11981.297380221515
0.0,0.0,-3732.815371662568
0.0,0.15384615384615385,-6889.172366019186
0.0,0.0,-3858.7824997624994
0.0,0.16666666666666666,-8414.429045885809
0.0,0.0,-4692.615540106746
0.0,0.23076923076923078,-7331.484087486283
0.0,0.0,-6530.919397913585
0.0,0.0,0.0
0.0,0.15384615384615385,-7393.038579271185
0.0,0.0,-8893.79008333665
0.0,0.0,-10005.234281074041
0.0,0.15384615384615385,-6619.422162683105
0.0,0.0,-9924.618419231272
0.0,0.0,-8323.362244372971
0.0,0.18181818181818182,-8395.080725146097
0.0,0.08333333333333333,-6629.164627391298
0.0,0.1,-10455.468314679887
0.0,0.3,-10596.540532806333
0.0,0.2,-10442.611914768786
0.0,0.0,-5316.187190385025
0.0,0.0,-6920.575799340919
0.0,0.09090909090909091,-10939.555025716068
0.0,0.2,-13747.787101886257
0.0,0.16666666666666666,-8463.774805807183
0.0,0.2727272727272727,-11673.944199550606
0.0,0.08333333333333333,-6603.809602965612
0.0,0.0,-6927.630710806042
0.0,0.18181818181818182,-8641.80003075822
0.0,0.1,-8108.019919774559
0.0,0.0,-8584.431617427634
0.0,0.09090909090909091,-10365.146621979999
0.0,0.0,-7502.7222458406995
0.0,0.0,-4411.789162893097
0.0,0.2222222222222222,-12037.544867902016
0.0,0.0,-5045.1613231559995
0.0,0.42857142857142855,-15566.744096023363
0.0,0.07692307692307693,-4889.822736612218
0.0,0.2857142857142857,-6815.0469434667775
0.0,0.2727272727272727,-10209.944006317264
0.0,0.0625,-3857.400806076568
0.0,0.3333333333333333,-17609.249271647568
0.0,0.0,-1119.7054878260133
0.0,0.15384615384615385,-5461.347177075321
0.0,0.2,-8545.318352263077
0.0,0.2857142857142857,-11777.645421772677
0.0,0.0,-3488.792390158116
0.0,0.15384615384615385,-7166.937269243421
0.0,0.0,-5462.390740133718
0.0,0.0,-11392.801665371338
0.0,0.0,-13591.35180264926
0.0,0.0,-17709.57375212973
0.0,0.125,-1125.50645908589
0.0,0.11764705882352941,-477.6746326585479
0.0,1.0,0.0
0.0,1.0,0.0
0.0,0.0,-5056.55829980257
0.0,0.0,-16967.65278709165
0.0,0.23076923076923078,-6028.150915451571
0.0,0.06666666666666667,-4111.254057279644
0.0,0.08333333333333333,-7494.572510291298
0.0,0.08333333333333333,-7848.173741755355
0.0,0.3333333333333333,-14648.40329678923
0.0,0.2857142857142857,-15107.392960305002
0.0,0.16666666666666666,-17276.195714663747
0.0,0.1,-7113.041402929245
0.0,0.13333333333333333,-5358.982277461401
0.0,0.08333333333333333,-5083.140652716029
0.0,0.08333333333333333,-6648.293173945847
0.0,0.2857142857142857,-16487.986292846457
0.0,0.16666666666666666,-18787.501435187813
0.0,0.13333333333333333,-4922.579239102528
0.0,0.15384615384615385,-8537.677502739067
0.0,0.15384615384615385,-6818.061018186507
0.0,0.125,-14445.38010001485
0.0,0.3076923076923077,-5584.745900770141
0.0,0.0,-6597.248355208402
0.0,0.23076923076923078,-6580.45613717873
0.0,0.1111111111111111,-16404.00147371888
0.0,0.2727272727272727,-6947.87667002809
0.0,0.23076923076923078,-5503.286207030727
0.0,0.2727272727272727,-9026.314996507419
0.0,0.21428571428571427,-6843.748583999975
0.0,0.3333333333333333,-16244.913200508043
0.0,0.13333333333333333,-5158.123499179438
0.0,0.16666666666666666,-14536.127768933797
0.0,0.14285714285714285,-5908.629630722653
0.0,0.25,-8065.826960625577
0.0,0.25,-6747.233195264786
0.0,0.125,-11583.761787295238
0.0,0.23076923076923078,-9132.216554197092
0.0,0.1111111111111111,-11221.350349546507
0.0,0.14285714285714285,-15015.940802534145
0.0,0.0,-18881.181098851
0.0,0.0,-16797.141554604892
0.0,0.0,-16621.66138562495
0.0,0.0,-14703.002570589751
0.0,0.2727272727272727,-8305.545216497378
0.0,0.13333333333333333,-6128.6836089146045
0.0,0.13333333333333333,-5714.807809906814
0.0,0.23076923076923078,-7444.631762397007
0.0,0.0,-6918.012167372099
0.0,0.15384615384615385,-9027.015601353918
0.0,0.2727272727272727,-10489.125931568595
0.0,0.0,-3915.016433853099
0.0,0.25,-9985.838479288193
0.0,0.16666666666666666,-19169.005973372638
0.0,0.07142857142857142,-2969.969384404166
0.0,0.0,-22367.74972581421
0.0,0.0,-6668.290694096914
0.0,0.07142857142857142,-4502.648221825381
0.0,0.0,-17188.830307039683
0.0,0.3333333333333333,-19438.837673834765
0.0,0.4,-9000.18426008349
0.0,0.0,-8024.737123178312
0.0,0.36363636363636365,-9569.903667725848
0.0,0.0,-14652.103180892065
0.0,0.09090909090909091,-8510.701793272576
0.0,0.14285714285714285,-5613.290950240526
0.0,0.125,-12688.406776133197
0.0,0.2,-19181.866957873106
0.0,0.1,1303.3396705409461
0.0,0.05263157894736842,-66.1904181629584
0.0,0.1875,-3137.140209828387
0.0,0.42857142857142855,-13031.240288954761
0.0,0.5,-11898.623043607404
0.0,0.15789473684210525,-661.9035934041781
0.0,0.0,-12273.51575199756
0.0,0.13636363636363635,1309.6253401593658
0.0,0.0,-12934.399995066791
0.0,0.1875,-4332.626511312519
0.0,0.23076923076923078,-8256.129809368045
0.0,0.0,-5359.399579718249
0.0,0.1111111111111111,-11393.532944227403
0.0,0.0,-3147.3125514664252
0.0,0.14285714285714285,-16313.872300881898
0.0,0.07692307692307693,-4981.5776365961665
0.0,0.16666666666666666,-9357.62499347974
0.0,0.2222222222222222,-11579.752748274268
0.0,0.2,-18016.651467727825
0.0,0.1875,-3887.8724987303854
0.0,0.16666666666666666,-18870.30897886038
0.0,0.2,-4386.119386534992
0.0,0.0,-21925.715951490452
0.0,0.25,-1793.9196999938056
0.0,0.21428571428571427,-5350.094480684885
0.0,0.1875,-4414.097011987547
0.0,0.09090909090909091,-9716.019234248115
0.0,0.1875,-3677.5951755761803
0.0,0.09090909090909091,-8226.57518570367
0.0,0.1875,-3018.241467816691
0.0,0.21428571428571427,-7000.971304738997
0.0,0.21428571428571427,-5475.4968893321475
0.0,0.1111111111111111,-14160.834841275228
0.0,0.2727272727272727,-8410.272288261796
0.0,0.14285714285714285,-6540.8828512350365
0.0,0.15384615384615385,-7202.860489344956
0.0,0.13333333333333333,-4716.829735408562
0.0,0.3076923076923077,-4437.17327443459
0.0,0.23076923076923078,-4866.66824283713
0.0,0.2727272727272727,-7052.317406531093
0.0,0.14285714285714285,-11015.330616884068
0.0,0.25,-8466.783158236034
0.0,0.23076923076923078,-6858.095542996345
0.0,0.125,-12921.59074576343
0.0,0.1111111111111111,-14633.586564697784
0.0,0.0,-7592.881974015469
0.0,0.2,-3925.1073375215083
0.0,0.0,-13289.776518826508
0.0,0.21428571428571427,-6616.430418861781
0.0,0.1111111111111111,-12756.379472057512
0.0,0.23076923076923078,-5920.814006366272
0.0,0.125,-11101.838302783084
0.0,0.14285714285714285,-19258.415866746214
0.0,0.42857142857142855,-16984.530565722336
0.0,0.11764705882352941,-2358.63077384538
0.0,0.25,-17990.525715566313
0.0,0.0625,-3468.9986684353803
0.0,0.3333333333333333,-15896.660943000179
0.0,0.05263157894736842,316.38389581333763
0.0,0.4,-14811.512895460723
0.0,0.1,-9938.644166818041
0.0,0.16666666666666666,-7921.722546467015
0.0,0.07692307692307693,-6202.903384379666
0.0,0.3333333333333333,-9792.199879934122
0.0,0.15789473684210525,-1079.466388469083
0.0,0.08333333333333333,-6388.250143109693
0.0,0.0,-6169.814191549813
0.0,0.13333333333333333,-5597.119753498611
0.0,0.23076923076923078,-5763.856350523696
0.0,0.125,-15066.802271127053
0.0,0.25,-8548.344402416094
0.0,0.23076923076923078,-6333.498677151159
0.0,0.21428571428571427,-7082.474528566695
0.0,0.25,-7539.118974468263
0.0,0.3,-12378.66251955732
0.0,0.09090909090909091,-9434.18025308905
0.0,0.14285714285714285,-4221.725572226297
0.0,0.125,-13603.175803341393
0.0,0.11764705882352941,-1071.0374782734834
0.0,0.09523809523809523,1863.990690230793
0.0,0.0625,-2128.4430105881206
0.0,0.1111111111111111,-2021.2509676254176
0.0,0.16666666666666666,-8666.113201036525
0.0,0.0625,-2329.887642782591
0.0,0.058823529411764705,-1903.5331560975826
0.0,0.23076923076923078,-7129.918453112149
0.0,0.3,-10030.547583097446
0.0,0.0,-10012.801790882937
0.0,0.15789473684210525,-2259.6843632554715
0.0,0.1875,-5340.669374948958
0.0,0.0,-7238.756226063095
0.0,0.0,-8100.18000795265
0.0,0.14285714285714285,-11980.332594314203
0.0,0.1,-7949.989214725836
0.0,0.0,-10915.162602127959
0.0,0.16666666666666666,-6547.820839689555
0.0,0.16666666666666666,-11606.045211267823
0.0,0.1111111111111111,-3625.2885946641104
0.0,0.058823529411764705,-4765.536100638768
0.0,0.25,-6718.552876509228
0.0,0.0,-9585.713665316993
0.0,0.21428571428571427,-3128.6250203914615
0.0,0.1111111111111111,-17408.304003455618
0.0,0.25,-6221.858464538284
0.0,0.1,240.07164766067
0.0,0.2,-14102.901715752705
0.0,0.2,-18765.950678565223
0.0,0.1,2174.075481624279
0.0,0.2857142857142857,-11373.040144878963
0.0,0.125,-16885.04244636215
0.0,0.3,-11299.255650880388
0.0,0.09090909090909091,-9016.871955595097
0.0,0.0,-9570.737445618912
0.0,0.125,-11020.429283813068
0.0,0.15384615384615385,-7306.963960042818
0.0,0.0,-18254.796169773956
0.0,0.06666666666666667,-4418.7920861474
0.0,0.0,-17379.362416269432
0.0,0.07692307692307693,-5224.773083228866
0.0,0.06666666666666667,-1103.1412134066259
0.0,0.10526315789473684,-1368.8818127085158
0.0,0.16666666666666666,-12987.803432551676
0.0,0.08333333333333333,-8933.416867311684
0.0,0.0,-9456.13196642558
0.0,0.21428571428571427,-6389.40765911777
0.0,0.0,-11646.54805919305
0.0,0.16666666666666666,-6214.571801606375
0.0,0.0625,1053.915666902123
0.0,0.2222222222222222,-9633.898327974543
0.0,0.06666666666666667,-5842.141098522406
0.0,0.14285714285714285,-14917.749149058553
0.0,0.0,-5465.143689132524
0.0,0.08333333333333333,-6628.468286830582
0.0,0.125,-8601.761577410962
0.0,0.14285714285714285,975.983010203598
0.0,0.0,-12199.63357890416
0.0,0.18181818181818182,-8904.758977677964
0.0,0.07692307692307693,-6857.191236957019
0.0,0.07692307692307693,-6433.370516505032
0.0,0.18181818181818182,-8821.238349397283
0.0,0.1111111111111111,-13263.131619407635
0.0,0.08333333333333333,-5892.285212669597
0.0,0.16666666666666666,-8134.878298083664
0.0,0.2,-8803.761210678658
0.0,0.13333333333333333,-5875.25401434883
0.0,0.08333333333333333,-4612.072413911134
0.0,0.0,-12288.489604499626
0.0,0.09090909090909091,-6539.24925485304
0.0,0.0,-9918.345794351993
0.0,0.0,-10816.234069761707
0.0,0.0,-5517.4251831506035
0.0,0.2222222222222222,-13711.547148066213
0.0,0.0,-9068.39707373906
0.0,0.09090909090909091,-5712.257025739806
0.0,0.15,1656.2593635616813
0.0,0.0,-18743.660182820215
0.0,0.2,-453.37693563626993
0.0,0.14285714285714285,-11250.383791748274
0.0,0.16666666666666666,-11991.813740875246
0.0,0.1875,-4798.536804324844
0.0,0.21428571428571427,-6342.211541997885
0.0,0.0,-9539.585033378127
0.0,0.2,-9939.463355941169
0.0,0.16666666666666666,-7460.112780376509
0.0,0.0,-10992.810045312379
0.0,0.0,-11279.810353276578
0.0,0.07142857142857142,-1489.729576646359
0.0,0.0,-11386.315728272788
0.0,0.2222222222222222,-9216.750137180505
0.0,0.2,-11176.781820375603
0.0,0.1875,-4729.286013062123
0.0,0.0,-10100.140045375227
0.0,0.0,-23379.673852426862
0.0,0.23076923076923078,-5535.7550834064905
0.0,0.1111111111111111,-10272.700771497513
0.0,0.15789473684210525,-391.4398123290912
0.0,0.0,-15700.131696128272
0.0,0.1,-7174.679790516665
0.0,0.14285714285714285,-7563.508254926672
0.0,0.09090909090909091,-7259.87573537701
0.0,0.2,-11274.444103696655
0.0,0.07142857142857142,-5330.2779877885505
0.0,0.125,-11964.234839621464
0.0,0.125,-4273.720136385139
0.0,0.09090909090909091,-9107.33081420641
0.0,0.15384615384615385,-6719.991212858747
0.0,0.18181818181818182,-8108.60221282313
0.0,0.15384615384615385,-8101.3691883833235
0.0,0.09090909090909091,-7589.149667341821
0.0,0.07142857142857142,-4581.912893132842
0.0,0.2,-16491.100800707416
0.0,0.16666666666666666,-9673.11518868343
0.0,0.1,-11082.817061646503
0.0,0.2857142857142857,-12982.790373796746
0.0,0.06666666666666667,-6004.646978513098
0.0,0.1111111111111111,-13277.293762608178
0.0,0.13333333333333333,-4112.506768306883
0.0,0.17647058823529413,-1523.2818594269422
0.0,0.0,-15192.586916448348
0.0,0.15,1154.6920594326468
0.0,0.0,-21189.330932061224
0.0,0.1111111111111111,-7720.250915162519
0.0,0.08333333333333333,-5845.97999541528
0.0,0.1,-9564.037076700057
0.0,0.2,-7071.908271280613
0.0,0.0,-13321.088809283798
0.0,0.15384615384615385,-3617.4263807593998
0.0,0.1111111111111111,-13498.67163991149
0.0,0.15384615384615385,-8406.113640297257
0.0,0.25,-12703.106059109507
0.0,0.14285714285714285,-5287.091065719199
0.0,0.0625,-3266.496359963089
0.0,0.07692307692307693,-7710.407674839074
0.0,0.0,-20449.825387108758
0.0,0.058823529411764705,-2833.806276590689
0.0,0.2857142857142857,-12333.11248637068
0.0,0.08333333333333333,-9659.426861149368
0.0,0.16666666666666666,-6325.178885130061
0.0,0.0,-9929.581576630837
0.0,0.2,-7571.855840548411
0.0,0.09090909090909091,-9015.818616493634
0.0,0.15384615384615385,-5064.2366358312
0.0,0.2222222222222222,-7993.612423358368
0.0,0.05555555555555555,3233.938969229487
0.0,0.0,-12170.415022894696
0.0,0.0,-11467.80329813182
0.0,0.0,-9253.449891032793
0.0,0.2222222222222222,-9810.087934308709
0.0,0.0,-6658.913405640829
0.0,0.2,-3166.8844604565493
0.0,0.0,-11753.892213596211
0.0,0.15384615384615385,-5662.535941917997
0.0,0.0,-11634.547419994042
0.0,0.2,-8831.79553234252
0.0,0.2222222222222222,-16809.4794164642
0.0,0.0,-13987.389864007338
0.0,0.0,-8612.393057191875
0.0,0.18181818181818182,-6778.066342308415
0.0,0.0,-11706.631596377443
0.0,0.14285714285714285,-3619.3498430511368
0.0,0.18181818181818182,-6685.3297280981715
0.0,0.2222222222222222,4120.7242390384445
0.0,0.0,-14591.553785846767
0.0,0.08333333333333333,-8781.920013003148
0.0,0.1,-9388.910512185275
0.0,0.0,-8458.496939297042
0.0,0.21428571428571427,-1950.2166528056405
0.0,0.16666666666666666,-6835.240319216676
0.0,0.18181818181818182,-8655.305243616047
0.0,0.25,-7386.598638049684
0.0,0.0,-6841.680591640261
0.0,0.0,-9509.812347155917
0.0,0.16666666666666666,-6551.726523961326
0.0,0.0,-9551.279657380797
0.0,0.2,-5745.815074560323
0.0,0.2727272727272727,-3967.20529595963
0.0,0.2727272727272727,-5379.5364358037095
0.0,0.0,-8125.208216668979
0.0,0.2222222222222222,-7667.551506894121
0.0,0.0,-7271.746924695483
0.0,0.18181818181818182,-5664.518050048871
0.0,0.0,-10163.531007479347
0.0,0.18181818181818182,-4720.3484601707105
0.0,0.0,-10057.513796310395
0.0,0.18181818181818182,-7776.764524347589
0.0,0.2,-9311.738160300636
0.0,0.2222222222222222,-8870.770861456998
0.0,0.0,-7230.180794104598
0.0,0.18181818181818182,-8422.924132268749
0.0,0.18181818181818182,-7444.575405279905
0.0,0.0,-9051.347420473443
0.0,0.07692307692307693,-4987.940253386856
0.0,0.08333333333333333,-5578.0283774840755
0.0,0.15384615384615385,-3282.1387885783993
0.0,0.09090909090909091,-6185.41029196882
0.0,0.09090909090909091,-8289.65379973795
0.0,0.09090909090909091,-8126.57920326714
0.0,0.1111111111111111,-10032.538600831505
0.0,0.07692307692307693,-4735.783509849004
0.0,0.07692307692307693,-5469.781141759698
0.0,0.08333333333333333,-6216.45331177348
0.0,0.15384615384615385,-3877.9698052734643
0.0,0.15384615384615385,-5743.031535703109
0.0,0.09090909090909091,-6747.404505458375
0.0,0.09090909090909091,-8557.129748827705
0.0,0.09090909090909091,-7187.0760824015515
0.0,0.07692307692307693,-6078.885491824547
0.0,0.1111111111111111,-9946.834194276025
0.0,0.07692307692307693,-5210.199618044788
0.0,0.1111111111111111,-10356.426814130773
0.0,0.07692307692307693,-5916.892354092496
0.0,0.1111111111111111,-9474.593596466622
0.0,0.15384615384615385,-5617.885622335804
0.0,0.16666666666666666,-6494.650962907328
0.0,0.23076923076923078,-4176.77288284711
0.0,0.18181818181818182,-6894.7803557307925
0.0,0.0,-8980.301020172968
0.0,0.18181818181818182,-8871.603740848877
0.0,0.0,-7435.691178710256
0.0,0.0,-10238.543242401434
0.0,0.15384615384615385,-5358.014335193147
0.0,0.18181818181818182,-5012.671242433425
0.0,0.0,-7150.297206391086
0.0,0.0,-8582.81446428886
0.0,0.0,-8854.464097718816
0.0,0.0,-8215.56767332463
0.0,0.0,-11099.334685910651
0.0,0.0,-9000.625451589856
0.0,0.0,-12451.387262417
0.0,0.25,-6520.155738000778
0.0,0.2727272727272727,-7082.35949032526
0.0,0.07692307692307693,-9112.0447935504
0.0,0.09090909090909091,-10379.897360214694
0.0,0.09090909090909091,-11911.827994186351
0.0,0.15384615384615385,-5225.903923609926
0.0,0.07692307692307693,-8153.314213843069
0.0,0.07692307692307693,-6856.336379378501
0.0,0.09090909090909091,-9639.504575747342
0.0,0.2,-7993.541298681929
0.0,0.0,-5856.658092962363
0.0,0.09090909090909091,-7202.343503923741
0.0,0.09090909090909091,-8730.600877818972
0.0,0.07692307692307693,-7085.840046952944
0.0,0.16666666666666666,-7300.836243431993
0.0,0.15384615384615385,-6204.456180481792
0.0,0.0,-10577.562789718224
0.0,0.1111111111111111,-10007.775590118694
0.0,0.0,-13951.279609624338
0.0,0.09090909090909091,-10199.273494841213
0.0,0.16666666666666666,-7311.189402383301
0.0,0.18181818181818182,-5513.809376503448
0.0,0.0,-12712.20513405918
0.0,0.09090909090909091,-10766.812889713714
0.0,0.14285714285714285,-4802.055655176997
0.0,0.17647058823529413,1742.8477511160345
0.0,0.2222222222222222,-7453.512231425909
0.0,0.125,-15332.824856387484
0.0,0.14285714285714285,-3701.653556418577
0.0,0.25,-11700.190929258712
0.0,0.2727272727272727,-6130.089957720532
0.0,0.17647058823529413,2275.320167122623
0.0,0.2,-11427.835053396482
0.0,0.16666666666666666,-7841.49513864704
0.0,0.2,-7623.291431496104
0.0,0.25,-265.3826490723339
0.0,0.0,-8537.631917380842
0.0,0.0,-8629.789353060756
0.0,0.14285714285714285,-5555.882273845866
0.0,0.0,-16326.915462568952
0.0,0.11764705882352941,-2483.5265466049655
0.0,0.2857142857142857,-7036.807431907128
0.0,0.0,-6847.392534017969
0.0,0.25,-8622.009847952628
0.0,0.18181818181818182,-6866.252841962646
0.0,0.0,-15037.029598457337
0.0,0.0,-2364.720121925314
0.0,0.5,-5945.759590957755
0.0,0.0,-2828.9011617844344
0.0,0.4,-11584.345555377124
0.0,0.0,-5543.0425916118365
0.0,0.05263157894736842,-1224.3989592412302
0.0,0.3333333333333333,-2653.5273129418783
0.0,0.05555555555555555,-1706.0312419778531
0.0,0.06666666666666667,-4288.930722181738
0.0,0.14285714285714285,-11547.274825555352
0.0,0.125,-2717.491568684576
0.0,0.0,-7200.342894167303
0.0,0.2,-10461.732490926714
0.0,0.0,-9861.026769466911
0.0,0.15384615384615385,-6546.8499385716095
0.0,0.125,-1597.183429857646
0.0,0.0,-6592.102444741836
0.0,0.2857142857142857,-15471.390323010955
0.0,0.0,-7063.662934954608
0.0,0.0,-10591.456273524711
0.0,0.05555555555555555,148.9409174982822
0.0,0.058823529411764705,-600.087590230094
0.0,0.07142857142857142,-4210.003332745854
0.0,0.2222222222222222,-9906.482192857578
0.0,0.0,-6717.071309606413
0.0,0.0,-7077.923291817506
0.0,0.08333333333333333,-7319.577522758844
0.0,0.1,-8693.906340439817
0.0,0.08333333333333333,-7296.208247915539
0.0,0.14285714285714285,-3839.403579152504
0.0,0.0,-5977.458839711503
0.0,0.15384615384615385,-4252.172128146692
0.0,0.0,-8635.776219002688
0.0,0.07142857142857142,-6573.662773093918
0.0,0.21428571428571427,-4011.162411814539
0.0,0.0,-9656.277249717079
0.0,0.16666666666666666,-5064.511874812311
0.0,0.16666666666666666,-6745.234234327355
0.0,0.0,-11765.594082663114
0.0,0.14285714285714285,-4398.813001366898
0.0,0.16666666666666666,-7742.187349236091
0.0,0.25,-8598.945211262058
0.0,0.2,-9145.736828998684
0.0,0.2,-11010.589188623804
0.0,0.0,-5564.649111843831
0.0,0.16666666666666666,-7930.804758407816
0.0,0.0,-7813.812369867093
0.0,0.16666666666666666,-7474.814444227066
0.0,0.18181818181818182,-6460.096156650178
0.0,0.2,-7753.273144820639
0.0,0.2727272727272727,-5775.447149770095
0.0,0.0,-6857.352720325018
0.0,0.18181818181818182,-7084.916824765253
0.0,0.0,-9649.404914429975
0.0,0.18181818181818182,-6145.551693962096
0.0,0.0,-10321.26147131125
0.0,0.2222222222222222,-11473.605955437912
0.0,0.0,-8319.891783998766
0.0,0.07692307692307693,-6803.648863257808
0.0,0.15384615384615385,-5706.517709400431
0.0,0.09090909090909091,-8316.943453741587
0.0,0.09090909090909091,-8226.234057537438
0.0,0.09090909090909091,-10353.32562870495
0.0,0.09090909090909091,-6496.050386339971
0.0,0.07692307692307693,-7354.072705389332
0.0,0.1111111111111111,-8868.823051683454
0.0,0.07692307692307693,-6530.368477780231
0.0,0.1111111111111111,-9875.481476666126
0.0,0.0,-7790.724617267455
0.0,0.0,-8543.636511622472
0.0,0.18181818181818182,-10721.282488896755
0.0,0.08333333333333333,-8133.902622766682
0.0,0.0,-9215.165579359298
0.0,0.0,-7229.997519442915
0.0,0.0,-10154.281114332236
0.0,0.0,-11617.153958521647
0.0,0.07692307692307693,-7050.202081402652
0.0,0.1111111111111111,-15892.127250034742
0.0,0.09090909090909091,-9470.702834996571
0.0,0.07692307692307693,-7468.740876953362
0.0,0.09090909090909091,-9414.708559935103
0.0,0.0,-8231.402650042402
0.0,0.07692307692307693,-5975.326818360221
0.0,0.09090909090909091,-8076.290459997124
0.0,0.0,-8978.841138264319
0.0,0.14285714285714285,-6391.995946633516
0.0,0.17647058823529413,275.45157923170405
0.0,0.2222222222222222,-8677.835835331736
0.0,0.18181818181818182,-8562.350962950088
0.0,0.21428571428571427,-2571.5124508069894
0.0,0.125,-769.6783000015234
0.0,0.14285714285714285,-5569.230523442549
0.0,0.09090909090909091,-11096.228010986595
0.0,0.17647058823529413,777.5286277757673
0.0,0.14285714285714285,-13424.122671336854
0.0,0.2222222222222222,2776.259126088913
0.0,0.0,-7275.828109047124
0.0,0.18181818181818182,-9218.63306910772
0.0,0.0,-9283.543780360273
0.0,0.14285714285714285,-6379.8522381228595
0.0,0.0,-11910.334822898214
0.0,0.2857142857142857,-9090.931021909364
0.0,0.0,-5695.108694785366
0.0,0.25,-10223.058640377347
0.0,0.0,-8515.19313214898
0.0,0.14285714285714285,-4932.480016549154
0.0,0.25,-9866.504077481455
0.0,0.18181818181818182,-7002.205239609832
0.0,0.25,-13496.818213446018
0.0,0.08333333333333333,-7927.829034530175
0.0,0.0,-6894.566879320015
0.0,0.0,-9283.032177597264
0.0,0.0,-12952.960413727897
0.0,0.0,-5072.816867016074
0.0,0.25,-15708.52953212947
0.0,0.0,-8598.362245868446
0.0,0.14285714285714285,-6165.777878836652
0.0,0.05555555555555555,1689.7496498854496
0.0,0.07142857142857142,-2432.4524399038937
0.0,0.2222222222222222,-10939.111448490185
0.0,0.14285714285714285,-5079.092936105828
0.0,0.0,-34274.816574679004
0.0,0.15384615384615385,-5928.589988572616
0.0,0.21428571428571427,-3549.8208224740924
0.0,0.16666666666666666,-6469.058089153236
0.0,0.0,-10888.532953649785
0.0,0.0,-11944.979973405269
0.0,0.14285714285714285,-4841.871415134949
0.0,0.0,-17550.221577867764
0.0,0.14285714285714285,-10306.44669302461
0.0,0.0,-12017.753714865983
0.0,0.1111111111111111,-5214.433672793282
0.0,0.2,-3972.755775027188
0.0,0.1,-6752.065466418046
0.0,0.0,-14410.831509120284
0.0,0.09090909090909091,-3183.3622499863145
0.0,0.16666666666666666,-6240.2751499298365
0.0,0.125,-6419.3509116321675
0.0,0.08333333333333333,-2766.402659988722
0.0,0.125,-7026.665645220519
0.0,0.0,-6948.9563510784365
0.0,0.1,-3209.049294999205
0.0,0.0,-17883.84962538769
0.0,0.0,-3172.9821438461454
0.0,0.1,-4019.634061273552
0.0,0.0,-10663.198913889495
0.0,0.125,-6900.59411403936
0.0,0.1,-3491.1609356115932
0.0,0.0,-11086.119093566633
0.0,0.0,-5550.409763301849
0.0,0.0,-10360.384214247595
0.0,0.08333333333333333,-5716.383657954001
0.0,0.09090909090909091,-5688.423494908204
0.0,0.1,-6617.693618324978
0.0,0.1,-5584.497821664064
0.0,0.0,-6500.74149125197
0.0,0.0,-16881.518556755098
0.0,0.0,-14222.544464113533
0.0,0.08333333333333333,-2684.9001615588463
0.0,0.0,-5078.284352176077
0.0,0.1111111111111111,-6634.30491841012
0.0,0.1111111111111111,-7757.1888384388885
0.0,0.09090909090909091,-6601.406298888343
0.0,0.08333333333333333,-2613.2419178727787
0.0,0.1,-5933.5404760410665
0.0,0.0,-7329.028608552809
0.0,0.0,-10674.877336936454
0.0,0.0,-6223.4647191993245
0.0,0.1111111111111111,-7052.553156951185
0.0,0.0,-8546.486534158435
0.0,0.07142857142857142,-1124.7302410073905
0.0,0.1111111111111111,-4243.047153409739
0.0,0.0,-16203.430561692874
0.0,0.08333333333333333,-6556.246298149399
0.0,0.125,-10294.916364316612
0.0,0.0,-8875.971311390962
0.0,0.1111111111111111,-5777.6222527045575
0.0,0.14285714285714285,-10537.076687714783
0.0,0.125,-11544.593833790377
0.0,0.125,-8706.970989650756
0.0,0.0,-19135.22307646099
0.0,0.0,-11913.101123864677
0.0,0.0,-11718.260267233047
0.0,0.0,-11667.607760112069
0.0,0.1,-4443.409833937658
0.0,0.16666666666666666,-11622.298323807165
0.0,0.16666666666666666,-13224.19916564124
0.0,0.0,-13111.53215928981
0.0,0.125,-5105.72385308086
0.0,0.0,-11426.280027412124
0.0,0.25,-11688.386937293877
0.0,0.0,-10782.179913335824
0.0,0.09090909090909091,-2673.7359470558013
0.0,0.0,-8625.588792429971
0.0,0.0,-11306.128775232319
0.0,0.125,-12669.54087035779
0.0,0.0,-11158.381923487896
0.0,0.0,-21328.68087385846
0.0,0.0,-12843.174228254447
0.0,0.0,-17961.072222890474
0.0,0.09090909090909091,-2712.2647461041715
0.0,0.0,-10864.944650900114
0.0,0.1111111111111111,-5386.710007176828
0.0,0.09090909090909091,-5142.668167532673
0.0,0.0,-7210.49889216632
0.0,0.0,-8285.415804651322
0.0,0.0,-13767.976241015513
0.0,0.0,-14932.215379489291
0.0,0.09090909090909091,-5600.203854818538
0.0,0.09090909090909091,-4841.127964387924
0.0,0.16666666666666666,-9942.686480476445
0.0,0.0,-12633.336341378215
0.0,0.125,-5579.935945262989
0.0,0.07142857142857142,878.0362878767927
0.0,0.0,-11158.795850625787
0.0,0.125,-9147.371636452044
0.0,0.0,-15423.272069084485
0.0,0.09090909090909091,-3945.008204774606
0.0,0.07142857142857142,-2677.2097386015175
0.0,0.25,-11164.547973973557
0.0,0.08333333333333333,-6075.037487554036
0.0,0.16666666666666666,-10596.944112958272
0.0,0.0,-9436.49773683189
0.0,0.09090909090909091,-3195.9190171479863
0.0,0.08333333333333333,-3417.9779974484877
0.0,0.0,-27408.557433875518
0.0,0.0,-11204.901985058968
0.0,0.09090909090909091,-5485.952209281929
0.0,0.0,0.0
0.0,0.0,-13648.165284803637
0.0,0.1,-4827.3107973702
0.0,0.0,-16242.155275194209
0.0,0.125,-6302.452462141379
0.0,0.0,-14708.342467089718
0.0,0.1111111111111111,-5065.8585196621925
0.0,0.0,-10389.611109554806
0.0,0.08333333333333333,-3870.508678741306
0.0,0.2,-8436.553629191409
0.0,0.0,-21544.583256223574
0.0,0.08333333333333333,-5572.174414999988
0.0,0.1111111111111111,-7939.8199668405605
0.0,0.125,-4835.459107344847
0.0,0.125,-6092.695216910327
0.0,0.14285714285714285,-6128.353549063712
0.0,0.14285714285714285,-5412.074420156152
0.0,0.125,-6044.399507792895
0.0,0.1111111111111111,-5317.19047270792
0.0,0.0,-17569.901254896155
0.0,0.0,-5138.460443750477
0.0,0.0,-9353.878782521595
0.0,0.0,-10547.360344748153
0.0,0.0,-14539.873950874233
0.0,0.18181818181818182,-4655.69949291739
0.0,0.125,-10227.269215699145
0.0,0.0,-11667.454752999502
0.0,0.07692307692307693,-5330.45920578657
0.0,0.0,-5253.564336350679
0.0,0.16666666666666666,-877.069241243607
0.0,0.08333333333333333,-5550.3083532707615
0.0,0.1111111111111111,-6505.907945653741
0.0,0.09090909090909091,-8209.92000839735
0.0,0.0,-13951.635434518234
0.0,0.0,-15642.822592478902
0.0,0.0,-11885.159985886514
0.0,0.0,-8880.688271030183
0.0,0.0,-9526.690647940097
0.0,0.0,-11554.468716753345
0.0,0.25,-19944.10241371868
0.0,0.0,-12430.579876098578
0.0,0.125,-5088.139670429528
0.0,0.125,-11611.196317590095
0.0,0.0,-14096.909245325978
0.0,0.16666666666666666,-15229.441174345435
0.0,0.09090909090909091,-7250.414885764148
0.0,0.0,-13090.526004944179
0.0,0.0,-16342.070387351743
0.0,0.0,0.0
0.0,0.2,-11639.384441307313
0.0,0.0,-4545.673781047331
0.0,0.14285714285714285,-11806.06240873306
0.0,0.14285714285714285,-7942.120373334091
0.0,0.0,-12684.420112405789
0.0,0.25,-10874.754944974376
0.0,0.16666666666666666,-2678.9370170702823
0.0,0.125,-6533.707903668318
0.0,0.0,-9849.84424395145
0.0,0.09090909090909091,-8748.97038899674
0.0,0.0,-11156.852903321562
0.0,0.0,0.0
0.0,0.08333333333333333,-2740.400623372518
0.0,0.0,-6086.863432039412
0.0,0.16666666666666666,-8484.636903355577
0.0,0.09090909090909091,-3759.991394843866
0.0,0.0,-13391.624725406666
0.0,0.0,-16945.62774369694
0.0,0.0,0.0
0.0,0.16666666666666666,-6857.98490437639
0.0,0.2857142857142857,-5607.952028630608
0.0,0.14285714285714285,-5848.961894352908
0.0,0.0,-6528.345180174398
0.0,0.09090909090909091,-4853.201180699904
0.0,0.1,-10211.41292731854
0.0,0.0,-7573.53311021152
0.0,0.0,-12463.340003220615
0.0,0.0,-8774.483914642917
0.0,0.08333333333333333,-4060.7429942246235
0.0,0.125,-4313.43495872211
0.0,0.0,-15615.657128513953
0.0,0.0,-6292.457771333009
0.0,0.2,-3454.024526504527
0.0,0.09090909090909091,-4014.4236436466203
0.0,0.0,-6566.873315560546
0.0,0.0,-12045.181473095381
0.0,0.09090909090909091,-4578.229685092431
0.0,0.0,-14477.818166859028
0.0,0.1111111111111111,-11947.70289822517
0.0,0.18181818181818182,-3170.9070654861825
0.0,0.0,-6663.047397727868
0.0,0.09090909090909091,-5885.974297342491
0.0,0.5,-11185.411858542135
0.0,0.0,-10934.476221606046
0.0,0.125,-4890.985916492418
0.0,0.16666666666666666,-3045.1847467134567
0.0,0.0,-15165.135508487005
0.0,0.125,-5173.486313292217
0.0,0.0,-13611.7872041314
0.0,0.07692307692307693,-1381.538233889718
0.0,0.08333333333333333,-3307.49907101371
0.0,0.07692307692307693,-2411.633638162679
0.0,0.2222222222222222,-3560.938449230074
0.0,0.125,-5067.443469922963
0.0,0.2,-2751.131056241834
0.0,0.0,-16481.43996567371
0.0,0.0,-9308.118066936877
0.0,0.1,-7777.300535138559
0.0,0.0,-10222.361299193428
0.0,0.0,-10068.522082016778
0.0,0.0,-15683.716596561799
0.0,0.08333333333333333,-5554.38813473642
0.0,0.125,-7452.967227475933
0.0,0.18181818181818182,-2079.180239984579
0.0,0.0,-7145.525594283092
0.0,0.0,-11154.475723413234
0.0,0.0,-6154.114038110147
0.0,0.0,-18032.857871169257
0.0,0.09090909090909091,-8268.78107562162
0.0,0.2222222222222222,-5482.337893320733
0.0,0.14285714285714285,-12859.021033146997
0.0,0.2,-18793.80709775205
0.0,0.1111111111111111,-11764.666556705035
0.0,0.09090909090909091,-7004.9585688830675
0.0,0.14285714285714285,-4796.247131345794
0.0,0.06666666666666667,-112.74087671030705
0.0,0.0,-14018.517007818335
0.0,0.1,-8610.246759241862
0.0,0.0,-12871.431286902935
0.0,0.14285714285714285,-6463.180349250969
0.0,0.0,-24933.844705759053
0.0,0.0,-9983.463450139581
0.0,0.125,-3565.1602879423376
0.0,0.0,-16968.30473761072
0.0,0.0,-9305.44255144046
0.0,0.18181818181818182,-2551.4849768291438
0.0,0.125,-5620.063737844632
0.0,0.0,-7913.63082365918
0.0,0.16666666666666666,-6623.074296244284
0.0,0.0,-5325.415779494059
0.0,0.125,-7572.213311402149
0.0,0.06666666666666667,-1329.9883855562612
0.0,0.1,-9402.445135503442
0.0,0.06666666666666667,268.62875821385865
0.0,0.1,-4916.689433025946
0.0,0.2,-2893.7259932301736
0.0,0.07692307692307693,-6765.387937377213
0.0,0.2,-10950.77564015414
0.0,0.09090909090909091,-7312.407165368405
0.0,0.1,-3338.4658421757504
0.0,0.0,-13880.98336007183
0.0,0.0,-20953.44587016476
0.0,0.14285714285714285,-12691.071027917724
0.0,0.07692307692307693,-5656.379823974005
0.0,0.07692307692307693,-6651.236914923674
0.0,0.0,-11221.745734098984
0.0,0.1111111111111111,-7134.460324140014
0.0,0.16666666666666666,-1401.4465019826143
0.0,0.125,-7912.108678538622
0.0,0.125,-7015.74069554966
0.0,0.08333333333333333,-2878.693460555926
0.0,0.0,-8503.428499091382
0.0,0.0,-11054.988816717312
0.0,0.125,-9271.410530797852
0.0,0.0,-11516.474821792137
0.0,0.1111111111111111,-4547.405959473836
0.0,0.1111111111111111,-5852.017617425536
0.0,0.14285714285714285,-7026.154844311575
0.0,0.2857142857142857,-6800.083542610057
0.0,0.0,-10153.762859547907
0.0,0.1,-9559.279421693067
0.0,0.1111111111111111,-5580.000137267887
0.0,0.0,-13716.628801856983
0.0,0.0,-12226.545984078199
0.0,0.2222222222222222,-4391.222332825898
0.0,0.0,-11772.334478819124
0.0,0.14285714285714285,-6722.661320197814
0.0,0.14285714285714285,-7701.267623089617
0.0,0.0,-14728.788914972025
0.0,0.0,-11240.923121386524
0.0,0.14285714285714285,-9010.36918450147
0.0,0.0,-9626.72416917538
0.0,0.0,-10326.72974693495
0.0,0.0,-7416.406377599583
0.0,0.1,-4151.420082933418
0.0,0.2857142857142857,-6481.8142185543975
0.0,0.3333333333333333,-9986.76446390922
0.0,0.0,-9585.028874529058
0.0,0.0,-12750.835467402057
0.0,0.0,-15104.070583606754
0.0,0.16666666666666666,-6218.6305142642905
0.0,0.07692307692307693,-3883.919829203103
0.0,0.07692307692307693,-3883.915565874023
0.0,0.0,-11724.343173433695
0.0,0.07142857142857142,-2102.8548902468015
0.0,0.2,-8871.026784719295
0.0,0.0,-4557.874033247709
0.0,0.0,-10341.870410835774
0.0,0.125,-5732.800545322504
0.0,0.125,-5168.685858957972
0.0,0.14285714285714285,-6484.070326378347
0.0,0.25,-14233.21032369919
0.0,0.0,-10905.695916360435
0.0,0.2,-10493.521130219478
0.0,0.0,-6667.197874629446
0.0,0.2,-12613.45041275976
0.0,0.1,-6122.784106633783
0.0,0.1111111111111111,-8368.77063650019
0.0,0.0,-9456.06912704928
0.0,0.1,-4197.643051965957
0.0,0.1111111111111111,-6078.13375985265
0.0,0.14285714285714285,-7274.508735446944
0.0,0.14285714285714285,-10365.733058086558
0.0,0.0,-9405.589944301813
0.0,0.0,-9660.005417924294
0.0,0.0,-2952.454263050464
0.0,0.0,-8133.945490596655
0.0,0.14285714285714285,-8157.820599427888
0.0,0.14285714285714285,-10591.540331616494
0.0,0.0,-12658.954518541825
0.0,0.09090909090909091,-11162.087685456248
0.0,0.09090909090909091,-9905.740513286011
0.0,0.125,-6861.6515682190975
0.0,0.1111111111111111,-7993.275822428797
0.0,0.0,-13397.857070181975
0.0,0.09090909090909091,-9845.09525280411
0.0,0.0,-17547.090477404574
0.0,0.16666666666666666,-7930.107247374384
0.0,0.1111111111111111,-4526.258167492029
0.0,0.0,-9891.896992589755
0.0,0.1111111111111111,-3051.6815955625957
0.0,0.25,-3960.6200942207024
0.0,0.0,-11949.293172284202
0.0,0.0,-4603.623442127429
0.0,0.0,-7210.265995986103
0.0,0.0,-16157.361704252571
0.0,0.0,-30334.224423157517
0.0,0.1,-5739.66299411174
0.0,0.0,-12904.524608970023
0.0,0.0,-8301.582126550074
0.0,0.25,-4181.660174064904
0.0,0.16666666666666666,-9421.879387394003
0.0,0.0625,-776.6427010013258
0.0,0.0,-17825.107593293727
0.0,0.09090909090909091,-11156.093852468874
0.0,0.1111111111111111,-12226.235953729216
0.0,0.16666666666666666,-14986.242082123668
0.0,0.0,-5158.200716340255
0.0,0.0,-2599.556519545416
0.0,0.1111111111111111,-5815.653562404373
0.0,0.0,-8239.680128756969
0.0,0.1,-3029.708694906033
0.0,0.1111111111111111,-5317.796440529321
0.0,0.1,-2450.380621849204
0.0,0.1,-5264.525563941419
0.0,0.1111111111111111,-7309.08612659898
0.0,0.16666666666666666,-10470.296724119853
0.0,0.1111111111111111,-6858.0219410868485
0.0,0.0,-15653.145986778394
0.0,0.125,-5395.432187578001
0.0,0.0,-8556.481904648126
0.0,0.16666666666666666,-8423.248533071406
0.0,0.14285714285714285,-5112.7712351217515
0.0,0.0,-10622.928053996133
0.0,0.0,-12087.368769635406
0.0,0.0,-9767.295607549502
0.0,0.0,-9312.566008074491
0.0,0.1111111111111111,-3176.79797433964
0.0,0.1111111111111111,-4140.432714493298
0.0,0.125,-9400.866381931475
0.0,0.0,-7827.0461318723665
0.0,0.14285714285714285,-4484.065406777399
0.0,0.125,-8792.389688617039
0.0,0.16666666666666666,-10079.27078546923
0.0,0.1111111111111111,-3749.3395507264595
0.0,0.0,-5708.350532324017
0.0,0.0,-12954.031023451296
0.0,0.1111111111111111,-4520.8193139195155
0.0,0.125,-4784.99998052644
0.0,0.0,-8859.70370868102
0.0,0.0,-6433.4102110975045
0.0,0.0,-5428.302040313206
0.0,0.09090909090909091,-7473.396268954718
0.0,0.0,-12441.894107801118
0.0,0.125,-9051.822354917185
0.0,0.09090909090909091,-4511.899796077888
0.0,0.0,-9612.840450276955
0.0,0.1,-9207.380443895525
0.0,0.2222222222222222,-4246.928018987786
0.0,0.0,-15050.01786621428
0.0,0.1,-2952.226075074379
0.0,0.0,-10706.245267951415
0.0,0.1111111111111111,-4964.24852038697
0.0,0.0,-10830.674734891008
0.0,0.0,-7041.441759043889
0.0,0.0,-14301.655023606
0.0,0.1111111111111111,-5579.212319789316
0.0,0.14285714285714285,-9042.815465662197
0.0,0.14285714285714285,-9319.546961755017
0.0,0.14285714285714285,-13138.89010138876
0.0,0.5,-15973.795140271428
0.0,0.2222222222222222,-3081.2025039076234
0.0,0.16666666666666666,-12137.625653298437
0.0,0.2857142857142857,-8029.734490786428
0.0,0.125,-10269.746427161928
0.0,0.14285714285714285,-14526.034547386174
0.0,0.0,-14246.751363796442
0.0,0.0,-9202.786517454506
0.0,0.14285714285714285,-10681.03566079794
0.0,0.14285714285714285,-6646.80537252126
0.0,0.0,-7970.24292101242
0.0,0.0,-10471.275094932955
0.0,0.2,-3985.501499044288
0.0,0.0,-9045.004777256201
0.0,0.0,-10999.339343920128
0.0,0.0,-6103.937039127281
0.0,0.16666666666666666,-8298.19197484462
0.0,0.0,-13157.239984850237
0.0,0.0,-16526.930608598017
0.0,0.1,-7045.667933756089
0.0,0.0,-11580.198637743437
0.0,0.0,-11994.066267106184
0.0,0.0,-12821.196638321924
0.0,0.1111111111111111,-8711.318969294558
0.0,0.0,-8714.306204857465
0.0,0.09090909090909091,-3400.3691934831845
0.0,0.0,-11983.198427006502
0.0,0.0,-16665.665910801563
0.0,0.0,-31286.20916078174
0.0,0.25,-7003.033397602132
0.0,0.0,-10392.63241706428
0.0,0.0,-9534.113578042181
0.0,0.125,-6962.224507431129
0.0,0.1111111111111111,-5450.129060735144
0.0,0.0,-10812.232081330543
0.0,0.1,-4648.258101274986
0.0,0.1111111111111111,-4347.261092602926
0.0,0.1,-5492.1270654002865
0.0,0.09090909090909091,-5199.293303893117
0.0,0.0,-6013.30472973188
0.0,0.0,-6686.306096887597
0.0,0.0,-9525.796121273706
0.0,0.0,-8451.017591991726
0.0,0.125,-7313.472641214613
0.0,0.25,-7042.748755081796
0.0,0.0,-5765.278644124261
0.0,0.14285714285714285,-9106.774362672111
0.0,0.125,-10890.327667990296
0.0,0.0,-3779.265098130602
0.0,0.0,-8409.44944328718
0.0,0.1111111111111111,-4582.705782701414
0.0,0.0,-9581.136008744617
0.0,0.0,-6538.990724880035
0.0,0.0,-7694.518802471797
0.0,0.14285714285714285,-11522.849818488889
0.0,0.08333333333333333,-6539.976842305702
0.0,0.09090909090909091,-8093.382183232346
0.0,0.08333333333333333,-4939.895431997935
0.0,0.0,-11008.732176511106
0.0,0.0,-11030.925229664233
0.0,0.0,-8808.930245665102
0.0,0.0,-9796.764606906281
0.0,0.0,-7507.260671864765
0.0,0.0,-9427.286396947577
0.0,0.1111111111111111,-5375.610632564603
0.0,0.14285714285714285,-7996.423563739036
0.0,0.0,-8174.519349039638
0.0,0.0,-8906.127651169763
0.0,0.0,-9464.218761874514
0.0,0.0,-7407.308817673265
0.0,0.1,-7720.521799913712
0.0,0.1111111111111111,-8196.36524745305
0.0,0.0,-4938.422109577571
0.0,0.0,-11936.68596332352
0.0,0.1,-4649.488258496106
0.0,0.0,-5791.473172871396
0.0,0.125,-6418.86370126983
0.0,0.08333333333333333,-7684.809299094079
0.0,0.0,-9427.449268052102
0.0,0.1,-5884.536903042351
0.0,0.0,-8325.091724597954
0.0,0.0,-7422.427605082679
0.0,0.08333333333333333,-5708.188086994051
0.0,0.0,-5230.462853273382
0.0,0.0,-13178.96854927275
0.0,0.15384615384615385,-674.7833489493958
0.0,0.1111111111111111,-4947.014009030399
0.0,0.18181818181818182,-2317.0103451285
0.0,0.2222222222222222,-5136.528409544403
0.0,0.07142857142857142,-193.20511555501122
0.0,0.0,-14198.759889768648
0.0,0.0625,1164.088326398404
0.0,0.0,-20516.71202971828
0.0,0.0,-8014.598643857402
0.0,0.1111111111111111,-6047.70981360186
0.0,0.0,-11236.897780147108
0.0,0.0,-11714.866805413449
0.0,0.06666666666666667,-452.9740239208496
0.0,0.058823529411764705,2387.504873762548
0.0,0.1,-9147.65815260954
0.0,0.0,-13694.000626171528
0.0,0.07142857142857142,-1720.1826396747674
0.0,0.07692307692307693,-4579.506701731054
0.0,0.06666666666666667,-742.7673336408327
0.0,0.09090909090909091,-8341.797799097358
0.0,0.125,-5710.5673309342355
0.0,0.0,-7292.046939028299
0.0,0.0,-6339.320723572645
0.0,0.0,-8295.06038721324
0.0,0.07142857142857142,-3944.1219321893977
0.0,0.16666666666666666,-8924.986413618075
0.0,0.0,-1851.2067168538072
0.0,0.0,-5369.958345538159
0.0,0.09090909090909091,-3160.613653674217
0.0,0.0,-3689.663589725669
0.0,0.18181818181818182,-3100.7685028315977
0.0,0.07142857142857142,-3715.5410795262105
0.0,0.1,-5329.801433807741
0.0,0.0,-7596.017656311544
0.0,0.09090909090909091,-2694.196714693451
0.0,0.0,-3315.9081005855883
0.0,0.09090909090909091,-4127.12999589011
0.0,0.08333333333333333,-3451.4619430522025
0.0,0.09090909090909091,-5921.087354949379
0.0,0.09090909090909091,-3412.6750448760154
0.0,0.09090909090909091,-5155.1754616863
0.0,0.1,-3643.906813228531
0.0,0.125,-7813.009943531549
0.0,0.0,-10615.853291871914
0.0,0.1,-6076.0586428021215
0.0,0.1111111111111111,-7833.9724201203135
0.0,0.1,-4494.093331298754
0.0,0.125,-3911.2112752895105
0.0,0.1111111111111111,-7388.634269793298
0.0,0.125,-7126.209358172836
0.0,0.0,-10701.935081954834
0.0,0.1111111111111111,-8963.523797784508
0.0,0.125,-7730.869350066534
0.0,0.0,-11037.058505300618
0.0,0.25,-6178.221131888334
0.0,0.0,-7820.602536909467
0.0,0.125,-9677.68667485341
0.0,0.0,-7129.227412721652
0.0,0.125,-7987.741546137508
0.0,0.125,-6238.896243200183
0.0,0.0,-4446.133403881805
0.0,0.0,-3132.971867179667
0.0,0.0,-6700.80802001345
0.0,0.0,-7324.532632441986
0.0,0.125,-9098.926009333834
0.0,0.125,-3485.494575075517
0.0,0.1,-3829.9630161554164
0.0,0.1111111111111111,-3542.2398905171076
0.0,0.14285714285714285,-7771.734988884143
0.0,0.1111111111111111,-5329.875297602073
0.0,0.0,-6891.33890316422
0.0,0.125,-11349.778351839717
0.0,0.125,-7261.052885684195
0.0,0.0,-6028.693192924132
0.0,0.0,-8979.279646590257
0.0,0.0,-8212.462563537923
0.0,0.1111111111111111,-9500.396381889383
0.0,0.1111111111111111,-7982.083336698163
0.0,0.1111111111111111,-8920.931230330345
0.0,0.08333333333333333,-5102.307500788864
0.0,0.0,-6585.221653872375
0.0,0.0,-10439.023976212959
0.0,0.0,-4492.469208062365
0.0,0.1111111111111111,-5294.873738687175
0.0,0.0,-6055.66789066689
0.0,0.0,-12353.433448186523
0.0,0.125,-10016.8845611368
0.0,0.14285714285714285,-8348.991330340838
0.0,0.14285714285714285,-7688.895454694823
0.0,0.18181818181818182,-2528.468981326601
0.0,0.1111111111111111,-5270.337285655602
0.0,0.1111111111111111,-6340.81584837738
0.0,0.1,-4656.280378853404
0.0,0.0,-14777.928173180358
0.0,0.125,-8073.490957285295
0.0,0.1111111111111111,-6183.9703387061645
0.0,0.08333333333333333,-3227.813783848375
0.0,0.07142857142857142,-3389.891202370988
0.0,0.07692307692307693,-6155.684514267279
0.0,0.0,-9963.46895636273
0.0,0.0,-7364.423675979685
0.0,0.0,-6472.83604659315
0.0,0.16666666666666666,-12445.282506147325
0.0,0.0,-2814.048718481451
0.0,0.06666666666666667,-1651.5588806923888
0.0,0.0,-12557.094268704415
0.0,0.09090909090909091,-4350.934876285777
0.0,0.07692307692307693,-3330.4329010588153
0.0,0.0,-12774.624178492053
0.0,0.07142857142857142,-2669.894455080451
0.0,0.0,-8836.7958697661
0.0,0.0,-8186.538087666077
0.0,0.0,-4340.83164844589
0.0,0.0,-9781.921164459502
0.0,0.0,-9365.895737062978
0.0,0.1,-6614.336210384511
0.0,0.14285714285714285,-7639.796986623464
0.0,0.1111111111111111,-5318.722623858192
0.0,0.14285714285714285,-9220.598711584174
0.0,0.1111111111111111,-4294.437326979967
0.0,0.0,-11178.630033178404
0.0,0.2,-3006.09152856025
0.0,0.16666666666666666,-8679.696487141122
0.0,0.1,-4264.386975576094
0.0,0.2,-4468.650191525373
0.0,0.0,-8376.26973060755
0.0,0.14285714285714285,-4925.292950548892
0.0,0.1111111111111111,-7173.323925012982
0.0,0.1,-3953.823469493675
0.0,0.16666666666666666,-9735.340471945548
0.0,0.1,-5728.057059288084
0.0,0.1,-4476.794516400447
0.0,0.1111111111111111,-5514.533287810115
0.0,0.1111111111111111,-3862.3443145125943
0.0,0.09090909090909091,-5143.81427019458
0.0,0.09090909090909091,-3292.1131686975887
0.0,0.1,-7917.815446139792
0.0,0.1,-6337.555995841834
0.0,0.1,-4841.374655602047
0.0,0.1,-3581.639368671484
0.0,0.1,-6984.816702111311
0.0,0.1,-5472.38431784452
0.0,0.2222222222222222,-5980.644258625923
0.0,0.2222222222222222,-2910.679914687142
0.0,0.0,-8969.103480142396
0.0,0.08333333333333333,-7845.594506615838
0.0,0.08333333333333333,-5868.595499819464
0.0,0.125,-6153.498154968066
0.0,0.1111111111111111,-4352.410814207188
0.0,0.125,-9358.223592877672
0.0,0.0,-5441.932174858951
0.0,0.2222222222222222,-4928.430485427151
0.0,0.25,-5883.426245378768
0.0,0.0,-7134.017170455549
0.0,0.14285714285714285,-7409.0728337983865
0.0,0.08333333333333333,-6725.1204379946885
0.0,0.0,-7341.735584956522
0.0,0.1111111111111111,-4581.848861582698
0.0,0.1,-7127.058340697483
0.0,0.0,-9629.713817386879
0.0,0.1111111111111111,-7657.481861352005
0.0,0.0,-6112.77294887745
0.0,0.1111111111111111,-10087.037676809869
0.0,0.0,-12385.497771917662
0.0,0.125,-10666.270218421687
0.0,0.0,-5710.417991950738
0.0,0.0,-9136.328596315041
0.0,0.0,-6408.521750831652
0.0,0.0,-14908.70265746506
0.0,0.16666666666666666,-1177.4852021554627
0.0,0.0,-11505.332765108278
0.0,0.0,-8127.631624387817
0.0,0.1,-4851.370133605548
0.0,0.08333333333333333,-3900.9554411115655
0.0,0.0625,272.22327547135984
0.0,0.0,-21385.15367924204
0.0,0.0,-11524.321465836618
0.0,0.0,-16250.608129808183
0.0,0.06666666666666667,-1418.1923532466924
0.0,0.1111111111111111,-7255.613274050854
0.0,0.0,-3512.946618212364
0.0,0.0625,897.6149911393068
0.0,0.07692307692307693,-3683.691937572563
0.0,0.09090909090909091,-4266.454989455616
0.0,0.0,-8625.723106232213
0.0,0.0,-8322.751979293396
0.0,0.0,-8403.548551190683
0.0,0.0625,897.9487512639042
0.0,0.07692307692307693,-3847.3242943181626
0.0,0.0,-8118.773787513554
0.0,0.1111111111111111,-4303.597078065941
0.0,0.0,-10618.829103399072
0.0,0.0,-8458.434442261565
0.0,0.125,-5837.998575076256
0.0,0.125,-5363.765690595393
0.0,0.0,-11059.405621973496
0.0,0.1111111111111111,-6334.890016909959
0.0,0.14285714285714285,-9139.233866045264
0.0,0.125,-6905.165257952199
0.0,0.09090909090909091,-7855.0891319998345
0.0,0.0,-9750.891397836393
0.0,0.1111111111111111,-6765.520486530068
0.0,0.25,-6648.329616670732
0.0,0.0,-6424.194623254414
0.0,0.2,-8436.085446241193
0.0,0.16666666666666666,-6765.439384019335
0.0,0.0,-21273.533776742468
0.0,0.125,-9191.774497126637
0.0,0.16666666666666666,-13301.001613856763
0.0,0.25,-11248.809134649959
0.0,0.0,-1566.1945867412471
0.0,0.0,-12225.343493221913
0.0,0.0,-10494.309530780092
0.0,0.1111111111111111,-7051.367916561458
0.0,0.0,-11955.876021159871
0.0,0.06666666666666667,-47.591235322364824
0.0,0.0,-12174.829902161837
0.0,0.0,-5138.033691593897
0.0,0.1111111111111111,-7472.95805372306
0.0,0.14285714285714285,-9371.988583482836
0.0,0.125,-8213.548597425453
0.0,0.125,-7501.999352763405
0.0,0.25,-17373.613957244124
0.0,0.3333333333333333,-11045.329477117575
0.0,0.0,-3224.863761193545
0.0,0.4,-10350.881282170329
0.0,0.0,-4459.077424846165
0.0,0.3333333333333333,-8250.499156222777
0.0,0.0,-6786.567643812089
0.0,0.0,-14252.47223797206
0.0,0.05555555555555555,2222.524712439558
0.0,0.1,-9396.82250744731
0.0,0.0,-8085.259596883541
0.0,0.08333333333333333,-6203.777659177375
0.0,0.07142857142857142,-2630.3928345365603
0.0,0.0625,-635.7423540175171
0.0,0.2,-14612.900056683979
0.0,0.125,-13103.050264690393
0.0,0.0,-4434.726296136768
0.0,0.1,-12342.088495159529
0.0,0.0,-6944.960504658148
0.0,0.08333333333333333,-7714.770949624865
0.0,0.07142857142857142,-5592.403610135408
0.0,0.0,1154.9796728186886
0.0,0.25,-14571.351208635295
0.0,0.0,-3460.157156961897
0.0,0.0,-4060.770978765625
0.0,0.1111111111111111,-13541.834492275748
0.0,0.09090909090909091,-8722.506956538582
0.0,0.09090909090909091,-9656.975892332812
0.0,0.0,-6745.927966336787
0.0,0.0,-7357.774954253608
0.0,0.125,-13886.198168058072
0.0,0.0,-4607.423687282447
0.0,0.0,-4337.541287124355
0.0,0.0,434.864494785372
0.0,0.09090909090909091,-5393.194127836597
0.0,0.0,-13238.223079266556
0.0,0.1,-2074.3845687133335
0.0,0.0,-6450.079557742897
0.0,0.2,-10880.748048111353
0.0,0.1,-10401.098087828204
0.0,0.0,-6656.294879519245
0.0,0.1111111111111111,-9347.663782558711
0.0,0.0,-7988.016478475859
0.0,0.25,-9934.170149280371
0.0,0.0,-15387.545427178475
0.0,0.14285714285714285,-6279.410537635621
0.0,0.0,-4927.695448080345
0.0,0.1111111111111111,-11960.773807652093
0.0,0.0,-6797.124295269406
0.0,0.0,-9728.76012835335
0.0,0.0,-19338.759496895604
0.0,0.1,-8077.826809324642
0.0,0.0,-12000.30932545707
0.0,0.1111111111111111,-5464.13225628974
0.0,0.0,-13458.336061415865
0.0,0.0,-513.462846080241
0.0,0.2,-12412.996950417712
0.0,0.0,-8433.194137263226
0.0,0.1111111111111111,-6388.590300123275
0.0,0.0,-4034.545698833188
0.0,0.0,-14471.155360054325
0.0,0.0,-12832.44900108327
0.0,0.0,-6548.147901485305
0.0,0.1111111111111111,-8917.120587397738
0.0,0.125,-4623.52376912204
0.0,0.2857142857142857,-7455.807035092623
0.0,0.08333333333333333,-5476.276824469357
0.0,0.0,-9520.285055056038
0.0,0.0,-20889.07451305087
0.0,0.14285714285714285,-13894.8937381236
0.0,0.16666666666666666,-14270.190144301543
0.0,0.2,-4347.288312069001
0.0,0.0,-8284.930655040456
0.0,0.2,-8095.677344186731
0.0,0.0,-11132.254607138775
0.0,0.06666666666666667,169.60858754977613
0.0,0.0,-14040.563321601465
0.0,0.1,-6372.543347425795
0.0,0.16666666666666666,-9471.599508652589
0.0,0.2222222222222222,-5800.94733833431
0.0,0.0,-6997.557750501091
0.0,0.125,-10440.0272279285
0.0,0.0,-13386.019556998292
0.0,0.06666666666666667,-1246.9348207487983
0.0,0.09090909090909091,-1936.7195233918583
0.0,0.0,-5391.364112568627
0.0,0.1,-10927.780449884143
0.0,0.2857142857142857,-8797.52296335391
0.0,0.0,-11105.415584803071
0.0,0.07692307692307693,-3688.928228144903
0.0,0.14285714285714285,-4794.621558392355
0.0,0.07692307692307693,-6478.874832399529
0.0,0.0,-13114.270079844344
0.0,0.0,-4073.0137298662053
0.0,0.0,-1853.2019800082805
0.0,0.14285714285714285,-14278.38488485481
0.0,0.0,-11334.526192059673
0.0,0.0,-9422.813724376616
0.0,0.1111111111111111,-7969.805846435383
0.0,0.0,-14046.510218486534
0.0,0.0,-4168.152377857417
0.0,0.1,-7044.193341977247
0.0,0.125,-8470.405369135577
0.0,0.0,-7573.941781197731
0.0,0.09090909090909091,-7394.824118137092
0.0,0.0,-10677.45249497611
0.0,0.16666666666666666,-8708.699978974992
0.0,0.0,-9455.603700857268
0.0,0.07692307692307693,-4625.926824052923
0.0,0.0,-4965.436695638934
0.0,0.14285714285714285,-7883.2414873963135
0.0,0.08333333333333333,-1545.3437353688819
0.0,0.0,-17919.425900476122
0.0,0.07692307692307693,-4019.7580074894745
0.0,0.0,-18438.032054045743
0.0,0.07142857142857142,-2250.9544793909777
0.0,0.0,-4686.993512719611
0.0,0.16666666666666666,-90.0128272278739
0.0,0.2,-11157.38839417687
0.0,0.0,-10200.536081642207
0.0,0.09090909090909091,-5633.414606373765
0.0,0.14285714285714285,-7884.139330590073
0.0,0.0,-6822.449488249831
0.0,0.0,-19358.37311188286
0.0,0.09090909090909091,-4993.722832483978
0.0,0.1111111111111111,-9031.259565935656
0.0,0.0,-16531.074818899073
0.0,0.16666666666666666,-9982.981553024785
0.0,0.0,-1804.7444005690515
0.0,0.25,-13843.73846492249
0.0,0.125,-8223.97415383066
0.0,0.25,-9109.431256905762
0.0,0.14285714285714285,-11892.610269155102
0.0,0.125,-8701.442786000538
0.0,0.0,-9843.867699175926
0.0,0.125,-9576.010532727116
0.0,0.125,-13193.701311372004
0.0,0.1111111111111111,-11276.454317217404
0.0,0.1,-5745.408663977439
0.0,0.2222222222222222,-7530.703454091859
0.0,0.125,-9045.026012990618
0.0,0.1111111111111111,-8017.925594413133
0.0,0.1111111111111111,-9151.627173184166
0.0,0.0,-8856.709976802444
0.0,0.0,-10807.933909229565
0.0,0.0,-8849.768604019115
0.0,0.0,-7623.031363112288
0.0,0.125,-9712.700547285285
0.0,0.0,-11446.242335318782
0.0,0.1,-9902.532825632305
0.0,0.0,-11177.270192180336
0.0,0.1,-8597.166529218632
0.0,0.0,-14714.86953572036
0.0,0.1,-6563.312043957637
0.0,0.0,-11382.526428581617
0.0,0.1111111111111111,-8967.56599862417
0.0,0.1111111111111111,-5755.4492456191365
0.0,0.1,-4818.975919884799
0.0,0.125,-9868.286283542453
0.0,0.125,-7690.970703894804
0.0,0.1111111111111111,-6915.094092360617
0.0,0.1111111111111111,-8035.986535763362
0.0,0.1111111111111111,-10724.111065131905
0.0,0.0,-10132.062368240653
0.0,0.1,-7378.9767287725745
0.0,0.0,-11902.254873245898
0.0,0.0,-11904.602872352863
0.0,0.0,-10529.047541579477
0.0,0.0,-8246.9669444122
0.0,0.0,-10136.848970151561
0.0,0.1111111111111111,-6849.178131316923
0.0,0.0,-9129.929398175183
0.0,0.0,-7847.27051334467
0.0,0.0,-8651.151184674847
0.0,0.0,-7433.783576967338
0.0,0.0,-6304.679754374043
0.0,0.0,-4677.15247798252
0.0,0.2222222222222222,-6401.82279987098
0.0,0.1,-8472.221525861913
0.0,0.1,-6479.169299410212
0.0,0.1111111111111111,-9410.184239530638
0.0,0.0,-13726.345102017325
0.0,0.0,-14991.001330186802
0.0,0.0,-13358.638053334384
0.0,0.0,-10573.797437847292
0.0,0.0,-12451.915013154574
0.0,0.0,-12959.096619790487
0.0,0.0,-9958.50536366543
0.0,0.0,-14467.321622015827
0.0,0.1,-9803.338077810326
0.0,0.0,-11423.806010031145
0.0,0.0,-12866.920933215099
0.0,0.0,-6511.604063771601
0.0,0.1111111111111111,-11977.59471631517
0.0,0.0,-5924.951843836587
0.0,0.0,-9600.46290197836
0.0,0.1,-8527.100699745406
0.0,0.0,-7333.524542716263
0.0,0.0,-21782.639328112364
0.0,0.15384615384615385,503.19882656278287
0.0,0.1,-6092.6629322710005
0.0,0.0,-19464.581519452902
0.0,0.18181818181818182,-1725.4515039507098
0.0,0.09090909090909091,-4373.250011586616
0.0,0.125,-10215.099646435703
0.0,0.0,-15279.570307450618
0.0,0.15384615384615385,-1227.3669205598328
0.0,0.2,-6029.889162408302
0.0,0.1111111111111111,-4662.466055300966
0.0,0.0,-24135.958142114276
0.0,0.09090909090909091,-3443.8431405905912
0.0,0.0,-25996.273666077763
0.0,0.07692307692307693,-3049.0677613666307
0.0,0.0,-15281.68575647747
0.0,0.1111111111111111,-5677.342035302504
0.0,0.0,-16079.79017232701
0.0,0.09090909090909091,-6164.196988637222
0.0,0.0,-8503.152224264071
0.0,0.16666666666666666,-8335.859349259232
0.0,0.0,-11998.473363559811
0.0,0.125,-7215.75680610039
0.0,0.0,-12761.881464625265
0.0,0.1,-7963.718235282117
0.0,0.0625,-332.71805906700024
0.0,0.07142857142857142,-3683.350173288156
0.0,0.0,-12605.081428568237
0.0,0.08333333333333333,-6470.025159082617
0.0,0.0,-10504.89386863857
0.0,0.0,-16592.26877217802
0.0,0.09090909090909091,-3696.3285499108897
0.0,0.07692307692307693,-3205.975856665106
0.0,0.125,-8362.909960951572
0.0,0.0,-7665.744181556876
0.0,0.1,-8720.11415168464
0.0,0.0625,1998.548292964547
0.0,0.0,-25141.71392142859
0.0,0.07142857142857142,-859.8509951820025
0.0,0.0,-14075.249776300281
0.0,0.08333333333333333,-3143.031329427791
0.0,0.0,-11335.465475428116
0.0,0.14285714285714285,-11766.140832910256
0.0,0.14285714285714285,-10135.253840660032
0.0,0.1,-5159.131193359427
0.0,0.09090909090909091,-4147.712438949565
0.0,0.2,-5707.607401822028
0.0,0.1111111111111111,-8902.535871097973
0.0,0.0,-14548.578045162962
0.0,0.1,-6197.7564390234265
0.0,0.1,-7162.480480754634
0.0,0.1,-9470.048885015407
0.0,0.09090909090909091,-6284.969597993065
0.0,0.0,-9038.131253217534
0.0,0.3333333333333333,-12144.69077753005
0.0,0.36363636363636365,-3253.289702298254
0.0,0.0,-4084.064456710492
0.0,0.1111111111111111,-10183.650834102562
0.0,0.2,-6318.120692650571
0.0,0.42857142857142855,-9018.262308714722
0.0,0.2857142857142857,-8308.797699560993
0.0,0.4,-4752.233528901839
0.0,0.2727272727272727,-4367.551822218809
0.0,0.0,-8158.147942683504
0.0,0.2,-6044.432505774319
0.0,0.375,-8322.367354805378
0.0,0.4,-7021.753443474952
0.0,0.08333333333333333,-6507.903985225025
0.0,0.11764705882352941,-1332.6130401886583
0.0,0.07692307692307693,-4382.183466121029
0.0,0.2222222222222222,-7519.232971669203
0.0,0.25,-6516.994352411359
0.0,0.25,-5468.838981166087
0.0,0.07692307692307693,-5307.207499542299
0.0,0.42857142857142855,-16444.95942788183
0.0,0.4,-4015.554258699273
0.0,0.08333333333333333,-6394.690977837465
0.0,0.25,-5066.493515729757
0.0,0.25,-2008.335886902127
0.0,0.375,-5072.134373943822
0.0,0.3,-6355.342035540688
0.0,0.42857142857142855,-10016.596252664613
0.0,0.23076923076923078,-2640.401654313819
0.0,0.0,-12260.874318480144
0.0,0.0,-8865.504337529494
0.0,0.0,-4340.720158385544
0.0,0.09090909090909091,-7555.5244572243555
0.0,0.2857142857142857,-9402.094252858362
0.0,0.3333333333333333,-7192.818550517575
0.0,0.25,-6412.517698591105
0.0,0.1,-12308.023563971889
0.0,0.1875,-1115.5850039165707
0.0,0.42857142857142855,-16006.550157716756
0.0,0.2857142857142857,-6761.840112690601
0.0,0.0,-9882.419204664962
0.0,0.25,-3243.7560539467327
0.0,0.3076923076923077,-2817.534292853446
0.0,0.36363636363636365,-8524.912870733728
0.0,0.36363636363636365,-7681.410040979376
0.0,0.07692307692307693,-4865.427037011459
0.0,0.36363636363636365,-5860.229154269617
0.0,0.13333333333333333,-2885.9620783943205
0.0,0.4166666666666667,-6538.324295762343
0.0,0.36363636363636365,-7567.917407260088
0.0,0.3,-5761.433335531651
0.0,0.0,-10127.97412811257
0.0,0.2857142857142857,-1505.1866391450264
0.0,0.08333333333333333,-5749.595527024088
0.0,0.25,-5029.213972773682
0.0,0.36363636363636365,-4163.344386185956
0.0,0.09090909090909091,-6814.928102350093
0.0,0.09090909090909091,-6775.7623687297455
0.0,0.08333333333333333,-4669.710327713254
0.0,0.2727272727272727,-7229.007143887887
0.0,0.4444444444444444,-7672.13799873766
0.0,0.375,-14287.320701272074
0.0,0.08333333333333333,-5631.686461581283
0.0,0.25,-9029.021965488306
0.0,0.5714285714285714,-15311.440094641934
0.0,0.0,-6324.203749251594
0.0,0.3076923076923077,-4631.455907723905
0.0,0.3,-5033.653028675675
0.0,0.2727272727272727,-7642.944477856583
0.0,0.5,-6931.770802464217
0.0,0.09090909090909091,-6103.168335591246
0.0,0.09090909090909091,-7372.589279047302
0.0,0.2222222222222222,-7205.781422419186
0.0,0.0,-6378.644837374688
0.0,0.25,-12991.376345454848
0.0,0.1,-7500.516855761514
0.0,0.09090909090909091,-6442.572297577433
0.0,0.3333333333333333,-13729.060076083704
0.0,0.3333333333333333,-3285.7326471975884
0.0,0.0,-10914.922865541634
0.0,0.25,-5451.12458053181
0.0,0.375,-15532.199518934143
0.0,0.5,-6625.973432844761
0.0,0.1,-9341.018688295215
0.0,0.3333333333333333,-5110.639086737522
0.0,0.0,-5097.86799786183
0.0,0.375,-7264.73089435912
0.0,0.09090909090909091,-5883.074002952276
0.0,0.3333333333333333,-9928.684752831472
0.0,0.2727272727272727,-10118.156886006222
0.0,0.4,-3193.1274444395635
0.0,0.5,-10928.230110122247
0.0,0.5555555555555556,-9187.897951659425
0.0,0.18181818181818182,-3722.5801184429106
0.0,0.13333333333333333,849.0008584548815
0.0,0.25,-7746.534437912195
0.0,0.07142857142857142,-4302.035151000459
0.0,0.25,-3396.1015511871
0.0,0.38461538461538464,-2546.7699234010774
0.0,0.3,-11905.259902686932
0.0,0.3333333333333333,-4095.7787132116755
0.0,0.42857142857142855,-8867.25439674754
0.0,0.08333333333333333,-5755.178245780747
0.0,0.42857142857142855,-7761.856477103819
0.0,0.25,-7574.113502449224
0.0,0.3,-7585.904066595077
0.0,0.25,-4408.385799716614
0.0,0.3333333333333333,-5520.653302970275
0.0,0.3333333333333333,-6901.332900577015
0.0,0.1875,1317.2493656091729
0.0,0.23529411764705882,2829.9450445218245
0.0,0.5,-13683.045080293141
0.0,0.16666666666666666,-5297.070684651078
0.0,0.3333333333333333,-10017.449113169912
0.0,0.3333333333333333,-6940.32668341816
0.0,0.36363636363636365,-9331.510005382335
0.0,0.3,-6791.134390441762
0.0,0.16666666666666666,-12218.882553983818
0.0,0.3333333333333333,-20939.26342160045
0.0,0.375,-8174.207549147105
0.0,0.4,-6781.356606817871
0.0,0.14285714285714285,-4674.173703675634
0.0,0.23076923076923078,-4033.79708327915
0.0,0.2857142857142857,-4177.537553957038
0.0,0.0,-7741.803320804192
0.0,0.15384615384615385,-1356.670833319189
0.0,0.3333333333333333,-6826.424945756933
0.0,0.15384615384615385,-4619.025172648109
0.0,0.2727272727272727,-7839.297095250657
0.0,0.3333333333333333,-8120.626223850653
0.0,0.2222222222222222,-8086.302421607851
0.0,0.2857142857142857,-10860.983980583971
0.0,0.2222222222222222,-6148.200857634444
0.0,0.2222222222222222,-10606.076128759105
0.0,0.18181818181818182,-8094.713053130398
0.0,0.1,-12017.579270819913
0.0,0.1,-9732.64835386162
0.0,0.16666666666666666,-3340.8020638676408
0.0,0.3333333333333333,-12814.055093602923
0.0,0.2727272727272727,-4396.028881056832
0.0,0.2,-11327.01533253346
0.0,0.3333333333333333,-18407.859377110693
0.0,0.2,-24160.636061754307
0.0,0.14285714285714285,1237.9182426776542
0.0,0.2,-8414.363390223034
0.0,0.3,-8122.644841481959
0.0,0.09090909090909091,-7173.307641145224
0.0,0.25,-7567.761243443648
0.0,0.375,-10723.216564389555
0.0,0.0,-11433.183924360661
0.0,0.14285714285714285,-14234.001543277704
0.0,0.1111111111111111,-9243.008163087019
0.0,0.25,-6732.40497447911
0.0,0.21428571428571427,-3455.147066304845
0.0,0.2,-7523.175362101111
0.0,0.09090909090909091,-6408.608329430074
0.0,0.09090909090909091,-8081.1960151954545
0.0,0.25,-6314.151227697782
0.0,0.25,-10665.62062705522
0.0,0.2,-5971.740543455537
0.0,0.1111111111111111,-10532.19203646303
0.0,0.2,-8036.159372197965
0.0,0.36363636363636365,-6494.126303188135
0.0,0.16666666666666666,-11424.283598134369
0.0,0.2222222222222222,-9462.340053884594
0.0,0.3,-6447.938118150796
0.0,0.16666666666666666,-13385.051820279745
0.0,0.25,-10051.928231577715
0.0,0.25,-18380.476848919167
0.0,0.0,0.0
0.0,0.15384615384615385,-3408.8087884333836
0.0,0.2,-8372.930606247193
0.0,0.07692307692307693,-4023.785098911004
0.0,0.16666666666666666,-5253.55948376913
0.0,0.3076923076923077,-4637.005758309943
0.0,0.08333333333333333,-3240.8557809777035
0.0,0.14285714285714285,-18213.217975166983
0.0,0.0,-24345.638851157782
0.0,0.1111111111111111,-11340.732233421433
0.0,0.2727272727272727,-7053.373387365604
0.0,0.3,-7385.711117807525
0.0,0.16666666666666666,-5517.946674908341
0.0,0.23076923076923078,-5579.968689283936
0.0,0.16666666666666666,-6011.613964283421
0.0,0.3333333333333333,-5982.240559767058
0.0,0.25,-6326.789728679945
0.0,0.2727272727272727,-5657.757757404274
0.0,0.375,-9654.489797839462
0.0,0.2222222222222222,-13564.125897000402
0.0,0.18181818181818182,-7090.336432556698
0.0,0.3333333333333333,-8724.29580300614
0.0,0.36363636363636365,-6805.162160275849
0.0,0.18181818181818182,-5330.454405116568
0.0,0.16666666666666666,-4497.422849653565
0.0,0.09090909090909091,-5345.683285057517
0.0,0.18181818181818182,-6850.355997990659
0.0,0.3333333333333333,-8853.0804397227
0.0,0.0,-18994.446063846768
0.0,0.2857142857142857,-3197.7319553448274
0.0,0.21428571428571427,-4547.791699087517
0.0,0.25,-5593.980730807326
0.0,0.3,-4313.969079261503
0.0,0.08333333333333333,-4841.542900220922
0.0,0.25,-7255.392196538477
0.0,0.2,-8755.572467696229
0.0,0.23076923076923078,-4852.563129242226
0.0,0.375,-6366.416231108716
0.0,0.36363636363636365,-6145.646786140928
0.0,0.25,-8872.387158847476
0.0,0.09090909090909091,-5651.789549193531
0.0,0.2,-11401.144050361605
0.0,0.2222222222222222,-11112.665601549143
0.0,0.2222222222222222,-8429.838089849383
0.0,0.4,-7003.985776877897
0.0,0.5,-13408.08025037478
0.0,0.0,-7496.531835208262
0.0,0.21428571428571427,-1509.309567377826
0.0,0.2857142857142857,-13332.00616795096
0.0,0.23076923076923078,-4357.998816485787
0.0,0.3076923076923077,-5435.775118921449
0.0,0.375,-7316.117883639759
0.0,0.1111111111111111,-9739.955025181222
0.0,0.25,-6527.973728182429
0.0,0.3333333333333333,-5597.758497445088
0.0,0.25,-5281.406934194779
0.0,0.1,-7865.581918860781
0.0,0.1111111111111111,-8860.107079619873
0.0,0.18181818181818182,-8049.834206850815
0.0,0.18181818181818182,-7636.039561305694
0.0,0.2857142857142857,-8116.7271711704925
0.0,0.09090909090909091,-7761.554983715894
0.0,0.3,-10892.3915304354
0.0,0.16666666666666666,-4248.208665838717
0.0,0.18181818181818182,-6009.908839195041
0.0,0.125,-12743.618720564546
0.0,0.4,-8193.755451811898
0.0,0.42857142857142855,-11925.165253702313
0.0,0.42857142857142855,-8962.114337592911
0.0,0.4444444444444444,-6353.141610683145
0.0,0.08333333333333333,-6127.962232498557
0.0,0.15384615384615385,-5727.536532782777
0.0,0.18181818181818182,-6595.551872635906
0.0,0.1111111111111111,85.12083521324597
0.0,0.3333333333333333,-11399.252567595056
0.0,0.3333333333333333,-9793.148773581797
0.0,0.18181818181818182,-5713.984666129708
0.0,0.3333333333333333,-13643.007948788552
0.0,0.16666666666666666,-3588.037689440509
0.0,0.0,-16550.654088618332
0.0,0.3333333333333333,-10523.848153077373
0.0,0.2727272727272727,-7990.534420904618
0.0,0.08333333333333333,-6327.893011154175
0.0,0.14285714285714285,-9467.236912779374
0.0,0.4,-10075.687434217349
0.0,0.3333333333333333,-8466.366875451855
0.0,0.5,-9380.093959918486
0.0,0.1111111111111111,-14199.04418830061
0.0,0.16666666666666666,-10929.610219434124
0.0,0.14285714285714285,-9025.757716294838
0.0,0.18181818181818182,-6087.044756269045
0.0,0.3333333333333333,-10057.81119105904
0.0,1.0,0.0
0.0,0.25,-8426.475850322968
0.0,0.3333333333333333,-6886.335883449909
0.0,0.5,-32487.15979885401
0.0,0.1,-8586.352556218355
0.0,0.3333333333333333,-12244.923106800403
0.0,0.42857142857142855,-10351.33003483825
0.0,0.2,-6342.200684604082
0.0,0.18181818181818182,-5754.156345472425
0.0,0.18181818181818182,-4310.51784064714
0.0,0.2727272727272727,-6086.729162507116
0.0,0.3333333333333333,-8378.239284315037
0.0,0.3333333333333333,-12450.982761658108
0.0,0.25,-11954.449255736847
0.0,0.2,-7936.753523970821
0.0,0.14285714285714285,-4705.194723150345
0.0,0.0,-12129.56156662387
0.0,0.4,-5969.749893385849
0.0,0.14285714285714285,-10297.9304750406
0.0,0.375,-6103.359333035123
0.0,0.2222222222222222,-6108.181685316885
0.0,0.4,-16661.289367927468
0.0,0.3,-5202.953899011795
0.0,0.6666666666666666,-13600.903581090224
0.0,0.3076923076923077,-5042.092293514557
0.0,0.5,-25833.28761394215
0.0,0.2,-3569.2574091473602
0.0,0.25,-7584.31517474304
0.0,0.25,-10609.216198597376
0.0,0.4,-12218.734780693763
0.0,0.5,-14762.581654236357
0.0,0.2,-8986.55401675198
0.0,0.4,-10212.947952941882
0.0,0.1,-8663.964752502117
0.0,0.5,-7889.316416092361
0.0,0.1111111111111111,-11159.986658718688
0.0,0.2727272727272727,-6526.956114458129
0.0,0.25,-5297.708297942319
0.0,0.125,-16191.8488062697
0.0,0.25,-13820.061674412367
0.0,0.25,-12260.100343869735
0.0,0.15384615384615385,-5803.553149488741
0.0,0.15384615384615385,-6240.831141913953
0.0,0.2,-5158.001214559454
0.0,0.1111111111111111,-7927.095252261179
0.0,0.2,-9350.567228582955
0.0,0.18181818181818182,-6781.451894535166
0.0,0.36363636363636365,-6706.293800376657
0.0,0.3076923076923077,-2940.2661571196763
0.0,0.125,-9836.10788409805
0.0,0.09090909090909091,-7740.943526843973
0.0,0.3,-7353.652910634258
0.0,0.2857142857142857,-12116.488651689859
0.0,0.13333333333333333,-4199.822077194739
0.0,0.2,-5138.361923441113
0.0,0.3333333333333333,-9702.12084296718
0.0,0.18181818181818182,-7039.69171749232
0.0,0.15384615384615385,-3417.768368526939
0.0,0.14285714285714285,-13374.752302233692
0.0,0.25,-4775.087337686288
0.0,0.36363636363636365,-2921.665813665412
0.0,0.25,-6206.02907593351
0.0,0.375,-8981.842697383194
0.0,0.2,-10981.357676615977
0.0,0.5,-7828.3804280076265
0.0,0.23076923076923078,-4312.990017272012
0.0,0.16666666666666666,-2140.4542132058004
0.0,0.16666666666666666,-7443.695732069717
0.0,0.2857142857142857,-9736.257547130639
0.0,0.0,-7068.34302064825
0.0,0.125,-6065.175644401998
0.0,0.25,-6610.830694263602
0.0,0.09090909090909091,-3948.589028402647
0.0,0.25,-8935.914754182926
0.0,0.5,-18463.149071403837
0.0,0.0,-13396.585587633288
0.0,0.3333333333333333,-4254.875247841076
0.0,0.2,-6764.489513263619
0.0,0.23076923076923078,-4153.107901946366
0.0,0.42857142857142855,-7763.01149608602
0.0,0.23076923076923078,-3733.6926691827425
0.0,0.42857142857142855,-15905.347173510154
0.0,0.1,-8008.559364524209
0.0,0.11764705882352941,-869.9888341867783
0.0,0.18181818181818182,-6891.727982640911
0.0,0.2222222222222222,-5748.672124085144
0.0,0.2,-5330.693223535331
0.0,0.25,-10639.848657578335
0.0,0.3333333333333333,-5376.193542889264
0.0,0.3333333333333333,-5655.070515226048
0.0,0.4,-10360.70096135843
0.0,0.3333333333333333,-4948.136041676513
0.0,0.36363636363636365,-6442.820526404574
0.0,0.3,-7191.0411903925215
0.0,0.3,-6895.666132448877
0.0,0.3076923076923077,-4104.493839286262
0.0,0.3333333333333333,-7688.43952867572
0.0,0.2,-6513.679642676671
0.0,0.375,-9490.643576313296
0.0,0.2,-8222.733609824196
0.0,0.1,-9355.400448433413
0.0,0.16666666666666666,-5699.271208412956
0.0,0.16666666666666666,-10359.031169391068
0.0,0.35714285714285715,-2180.2895542517726
0.0,0.4166666666666667,-3958.529810499013
0.0,0.5,-9508.112966002163
0.0,0.0,-11607.72805841157
0.0,0.5,-22270.22261798995
0.0,0.3333333333333333,-13110.464601492899
0.0,0.23076923076923078,774.9382622931936
0.0,0.2222222222222222,-8204.08573379793
0.0,0.3333333333333333,-24202.85205105658
0.0,0.0,-7793.446556426298
0.0,0.16666666666666666,-14778.602837900033
0.0,0.0,-11301.404813890014
0.0,0.3,-6170.916554357019
0.0,0.125,-11458.330032292848
0.0,0.2222222222222222,-6390.190018083965
0.0,0.0,-15366.239694511753
0.0,0.0,-13208.90482512719
0.0,0.1111111111111111,-8780.129813630461
0.0,0.14285714285714285,-11540.041090575327
0.0,0.14285714285714285,-13054.629086179219
0.0,0.14285714285714285,-10402.217326674141
0.0,0.1111111111111111,-9540.845863415949
0.0,0.4,-6770.720902472895
0.0,0.0,-7134.107867478481
0.0,0.3,-6732.940825578786
0.0,0.0,-9688.065162844248
0.0,0.15384615384615385,-5178.2025191477005
0.0,0.2222222222222222,-7773.994204891759
0.0,0.0,-10218.624828511303
0.0,0.25,-8903.48963650585
0.0,0.0,0.0
0.0,0.0,-10297.414188020564
0.0,0.1,-9920.395716286868
0.0,0.1111111111111111,-10760.993096895569
0.0,0.0,-9020.416272470411
0.0,0.38461538461538464,-4021.1166577932554
0.0,0.2727272727272727,-4171.669339532377
0.0,0.25,-8216.18724204138
0.0,0.25,-6177.715967635385
0.0,0.2,-6240.13044386608
0.0,0.25,-9909.484351163148
0.0,0.2,-11769.616738817209
0.0,0.1111111111111111,-9825.46152492986
0.0,0.25,-11852.417268623183
0.0,0.18181818181818182,-3472.919970429643
0.0,0.25,-27459.804121024084
0.0,0.4,-22958.21836488959
0.0,0.3333333333333333,-30144.418312101563
0.0,0.4,-16041.579516278045
0.0,0.0,-17818.980618245634
0.0,0.0,-11324.056356530287
0.0,0.0,-14618.868668278294
0.0,0.2,-22742.862477839088
0.0,0.0,-14167.14509477551
0.0,0.3333333333333333,-25551.15348163125
0.0,0.2727272727272727,-6557.007958957966
0.0,0.4,-7807.351498849333
0.0,0.23076923076923078,-4404.299474439678
0.0,0.25,-6694.755545011941
0.0,0.25,273.74553889488897
0.0,0.23529411764705882,1142.6727510945457
0.0,0.1111111111111111,-9733.243933545009
0.0,0.25,-4557.8723719311865
0.0,0.15384615384615385,-797.7996586201642
0.0,1.0,0.0
0.0,0.5,-16575.96136170005
0.0,0.0,0.0
0.0,0.3,-8137.852876386916
0.0,0.4444444444444444,-8877.191097702264
0.0,0.2,-4665.8359464665655
0.0,0.3,-7428.258632884558
0.0,0.2222222222222222,-8754.387840549613
0.0,0.2,-7915.305002880365
0.0,0.4444444444444444,-7901.763159115237
0.0,0.5,-9706.94213934206
0.0,0.375,-9123.222383124192
0.0,0.42857142857142855,-13104.525260587221
0.0,0.42857142857142855,-9942.723731229342
0.0,0.3333333333333333,-9021.521848214225
0.0,0.4444444444444444,-12000.651470598192
0.0,0.3,-9226.31141372962
0.0,0.25,-12395.415804702016
0.0,0.3333333333333333,-14064.689091625343
0.0,0.25,-9106.239435060852
0.0,0.2,-8652.57573800485
0.0,0.25,-12424.608005563072
0.0,0.375,-12006.190054625944
0.0,0.25,-10779.365941270004
0.0,0.42857142857142855,-10509.71197143649
0.0,0.375,-9841.150323039621
0.0,0.25,-10489.455344509579
0.0,0.3,-5128.405646697026
0.0,0.5,-12152.827120659356
0.0,0.3076923076923077,-2484.857306834923
0.0,0.2857142857142857,-1602.7261367103256
0.0,0.3,-7257.573849709042
0.0,0.2727272727272727,-6260.323105890196
0.0,0.25,-10674.928182597334
0.0,0.25,-4.575785518537698
0.0,0.2,-8081.15913563825
0.0,0.2727272727272727,-5091.184457883643
0.0,0.09090909090909091,-7523.872879299268
0.0,0.125,-11870.110629788132
0.0,0.18181818181818182,-8934.336278287037
0.0,0.2857142857142857,-11917.24647537201
0.0,0.6666666666666666,-23012.379001115987
0.0,0.2,-8340.176968117215
0.0,0.16666666666666666,-11282.535063197136
0.0,0.2,-13184.761806164868
0.0,0.2857142857142857,-12628.192741479872
0.0,0.5,-13013.012389942814
0.0,0.4,-11092.103386247838
0.0,0.16666666666666666,-14044.564187689299
0.0,0.42857142857142855,-12119.956472703563
0.0,0.0,-4983.80124446126
0.0,0.25,-11243.156018482265
0.0,0.2857142857142857,-12741.981712076413
0.0,0.0,-8788.021920342257
0.0,0.25,-5838.406190738812
0.0,0.25,-15635.623587574073
0.0,0.3,-5041.954509941746
0.0,0.3,-8673.36245301824
0.0,0.23076923076923078,-2667.6413520180718
0.0,0.3333333333333333,-5183.853291478898
0.0,0.4,-1129.187269733784
0.0,0.1875,5052.926532747242
0.0,0.2,-284.2667709052368
0.0,0.0,-11497.920904474735
0.0,0.2857142857142857,-2083.5858608348394
0.0,0.07142857142857142,-4140.082770415028
0.0,0.14285714285714285,-6958.095467647867
0.0,0.14285714285714285,-5234.547754389198
0.0,0.3333333333333333,-10759.514144785793
0.0,0.2727272727272727,-5984.286774162713
0.0,0.36363636363636365,-4974.2459403408475
0.0,0.2222222222222222,-8971.541444713519
0.0,0.125,-10263.854467272848
0.0,0.2222222222222222,-9533.880267806078
0.0,0.18181818181818182,-7754.540314166444
0.0,0.25,-9725.427682046859
0.0,0.3333333333333333,-7670.535893382883
0.0,0.25,-3410.6932601482513
0.0,0.14285714285714285,-13683.392887603912
0.0,0.26666666666666666,-2265.4176736467452
0.0,0.2222222222222222,-8029.513518239383
0.0,0.2857142857142857,-16618.844543000876
0.0,0.16666666666666666,-6293.070813334745
0.0,0.2222222222222222,-13026.534961803876
0.0,0.2727272727272727,-2321.045315498716
0.0,0.3333333333333333,-12738.292893380087
0.0,0.08333333333333333,-6150.66794154216
0.0,0.5,-22962.346009725396
0.0,0.11764705882352941,-716.0392709000722
0.0,0.06666666666666667,-2604.618416852229
0.0,0.3333333333333333,-6443.427324701077
0.0,0.3,-3637.319471456768
0.0,0.25,-2834.13064815563
0.0,0.375,-11230.246595427865
0.0,0.0,-13904.959794918213
0.0,0.21428571428571427,2367.159921788138
0.0,0.2,-16802.363799947725
0.0,0.2,-8398.572233177818
0.0,0.18181818181818182,-8725.205440020522
0.0,0.3333333333333333,-924.4319057574085
0.0,0.2222222222222222,-9822.042198417523
0.0,0.3,-8293.350905669962
0.0,0.5,-19807.445352430714
0.0,0.13333333333333333,-87.830290047505
0.0,0.2,-6417.3442049045525
0.0,0.25,-10869.654948649157
0.0,0.18181818181818182,-4747.14250997995
0.0,0.2857142857142857,-9717.097536073024
0.0,0.3076923076923077,-3444.05934722367
0.0,0.1875,3971.015887067865
0.0,0.3333333333333333,-12771.968943301734
0.0,0.23076923076923078,-456.28671454342503
0.0,0.16666666666666666,-12741.941655920025
0.0,0.42857142857142855,-13055.673267481141
0.0,0.08333333333333333,-3714.406950430542
0.0,0.25,-1216.5074486839244
0.0,0.5,-6550.220546817677
0.0,0.2727272727272727,-5119.472198069368
0.0,0.125,-8326.504106733873
0.0,0.3,-5719.462257906204
0.0,0.1111111111111111,-8463.948817430819
0.0,0.1111111111111111,-12405.305067189078
0.0,0.3333333333333333,-9391.203108779033
0.0,0.42857142857142855,-2008.725017907457
0.0,0.0,-14730.088211207156
0.0,0.21428571428571427,-340.88443947962236
0.0,0.2,-8730.442851629597
0.0,0.0,-12425.316886521337
0.0,0.2,-2195.0520729446007
0.0,0.5,-10148.413152136007
0.0,0.1875,463.7759038263927
0.0,0.3333333333333333,-5887.694148845668
0.0,0.375,-11262.941081053272
0.0,0.2857142857142857,-10384.315377573355
0.0,0.125,-14120.288965251071
0.0,0.3,-8245.99372621866
0.0,0.2727272727272727,-7142.442293030067
0.0,0.3,-8194.950769398187
0.0,0.42857142857142855,-7668.770598024751
0.0,0.21428571428571427,-2012.783613315571
0.0,0.25,1507.1572005386306
0.0,0.2,-45.142364113580875
0.0,0.3333333333333333,-7244.616811532488
0.0,0.3076923076923077,-3476.5525419934274
0.0,0.0,-15377.169603012779
0.0,0.25,-13450.820788118732
0.0,0.16666666666666666,-3432.2208523792724
0.0,0.2857142857142857,-1284.591494449822
0.0,0.0,-11118.159671930283
0.0,0.3333333333333333,-11839.15723711701
0.0,0.21428571428571427,-2456.095030627307
0.0,0.25,-11744.049978852321
0.0,0.3333333333333333,-10070.085488621648
0.0,0.3333333333333333,-8469.701175678041
0.0,0.36363636363636365,-5693.74801167263
0.0,0.0,-14052.74989523614
0.0,0.125,-10303.996277336119
0.0,0.3333333333333333,-9828.929955803605
0.0,0.4444444444444444,-9348.413616501859
0.0,0.2857142857142857,-9258.493309630207
0.0,0.3333333333333333,-8382.564624521483
0.0,0.375,-8385.048448844505
0.0,0.4,-7111.473187231961
0.0,0.3333333333333333,-9954.363546302211
0.0,0.3333333333333333,-9253.599090243253
0.0,0.25,-10263.855507236825
0.0,0.2,-9561.376628085172
0.0,0.3333333333333333,-11758.07873304475
0.0,0.3,-7591.541579956234
0.0,0.3333333333333333,-10297.264741861032
0.0,0.2,-10120.799536085608
0.0,0.25,-11610.990054552309
0.0,0.4444444444444444,-4479.558806424415
0.0,0.2,-10811.784673505534
0.0,0.4166666666666667,-2499.6209219513694
0.0,0.38461538461538464,-1717.0801964462162
0.0,0.2727272727272727,-6436.619190389479
0.0,0.2,-8408.464312014841
0.0,0.5714285714285714,-7230.683953705735
0.0,0.14285714285714285,-10655.739964406548
0.0,0.5,-5673.614250201477
0.0,0.16666666666666666,-11854.910852715086
0.0,0.45454545454545453,-4856.084370189732
0.0,0.2857142857142857,-1945.6745933193693
0.0,0.6666666666666666,-15310.617758155042
0.0,0.23076923076923078,-3645.7094439181833
0.0,0.75,-11073.940502921607
0.0,0.5714285714285714,-10729.2371474259
0.0,0.2857142857142857,-13748.348644128058
0.0,0.15384615384615385,-2247.040991256919
0.0,0.2,-7143.002349322515
0.0,0.2222222222222222,-7095.926946966805
0.0,0.2222222222222222,-7623.8942904117885
0.0,0.2,-7041.997811420132
0.0,0.3333333333333333,-15529.322103526132
0.0,0.15384615384615385,-2380.235763401631
0.0,0.2857142857142857,-15270.69855105972
0.0,0.18181818181818182,-7581.571896246348
0.0,0.16666666666666666,-7140.615862725385
0.0,0.6666666666666666,-28473.20724813488
0.0,0.13333333333333333,-2375.865169823339
0.0,0.2727272727272727,-6283.514227666255
0.0,0.14285714285714285,-12391.738054548434
0.0,0.375,-11487.887539366715
0.0,0.1,-9705.828660447429
0.0,0.42857142857142855,-11604.6808958012
0.0,0.75,-21159.486318019426
0.0,0.36363636363636365,-6365.3081565268185
0.0,0.0,-12499.11261677454
0.0,0.0,-7816.282116414461
0.0,0.26666666666666666,76.60953366013963
0.0,0.0,-13468.632918417226
0.0,0.3333333333333333,-4949.73182311406
0.0,0.0,-14239.768219521731
0.0,0.0,-14230.89585079163
0.0,0.07692307692307693,-5639.859265789034
0.0,0.18181818181818182,-2810.1954180919993
0.0,0.13333333333333333,-2251.1603040469104
0.0,0.1111111111111111,-13938.055432228013
0.0,0.2222222222222222,-6504.789581589762
0.0,0.0,-4432.502621162986
0.0,0.14285714285714285,-5882.544684806891
0.0,0.2222222222222222,-5128.104501171124
0.0,0.09090909090909091,-5545.605360242334
0.0,0.2222222222222222,-6658.97682403292
0.0,0.08333333333333333,-8886.219073091008
0.0,0.15384615384615385,-4114.447398609674
0.0,0.23076923076923078,-6120.118459749829
0.0,0.07692307692307693,-4215.303611364323
0.0,0.07692307692307693,-3967.689989369217
0.0,0.08333333333333333,-5179.79452503181
0.0,0.25,-10892.780854374549
0.0,0.08333333333333333,-6256.81037785186
0.0,0.125,-14274.09075556038
0.0,0.18181818181818182,-4353.323367346861
0.0,0.21428571428571427,-5396.166454699408
0.0,0.09090909090909091,-8798.716410578927
0.0,0.0,-12365.894803573088
0.0,0.14285714285714285,-17448.80978185341
0.0,0.2222222222222222,-5380.793672152801
0.0,0.0,-6270.446076597908
0.0,0.07142857142857142,-5353.175050986152
0.0,0.15384615384615385,-6153.259598101324
0.0,0.15384615384615385,-7558.230249756565
0.0,0.3333333333333333,-7169.99321720239
0.0,0.25,-8032.724467354024
0.0,0.125,-7381.091414106484
0.0,0.08333333333333333,-12475.941786372017
0.0,0.1,-16908.393832683578
0.0,0.0,-11466.605588438204
0.0,0.0,-7484.064859612135
0.0,0.3,-6161.36379128383
0.0,0.1111111111111111,-9004.048401233937
0.0,0.2,-21690.514998868588
0.0,0.0,-9381.953256988723
0.0,0.08333333333333333,-12287.90243406422
0.0,0.1111111111111111,-11787.998938271287
0.0,0.1,-7636.999066191722
0.0,0.0,-10373.253837872453
0.0,0.0,-10482.4673912322
0.0,0.125,-10996.24991886458
0.0,0.0,-13711.016491488834
0.0,0.1111111111111111,-7702.731381380603
0.0,0.1,-7461.092258816005
0.0,0.08333333333333333,-7491.0815756436505
0.0,0.09090909090909091,-6387.125079555354
0.0,0.18181818181818182,-10599.849275698798
0.0,0.16666666666666666,-5839.343519489298
0.0,0.2727272727272727,-3425.108406293616
0.0,0.1,-5441.198361377734
0.0,0.2857142857142857,-6269.082991371414
0.0,0.2,-9424.269149095917
0.0,0.1111111111111111,-6045.512537305934
0.0,0.1111111111111111,-7475.010139044755
0.0,0.08333333333333333,-5321.531257405977
0.0,0.21428571428571427,-4407.10298816937
0.0,0.2727272727272727,-6844.970200901798
0.0,0.2222222222222222,-4908.169016181825
0.0,0.1,-7895.521106128615
0.0,0.0,-6371.764411938538
0.0,0.1,-5424.173514130887
0.0,0.2,-4329.927697679281
0.0,0.07692307692307693,-7339.116649209099
0.0,0.09090909090909091,-10305.276799795833
0.0,0.2857142857142857,-6656.836464150555
0.0,0.2222222222222222,-9268.958257337275
0.0,0.09090909090909091,-6193.937863052977
0.0,0.0,-16885.782891925595
0.0,0.16666666666666666,-4913.282528215097
0.0,0.1,-7515.238392846075
0.0,0.13333333333333333,-207.49169479873083
0.0,0.6,-17381.027399874736
0.0,0.125,-18065.04893497137
0.0,0.16666666666666666,-15204.080303548399
0.0,0.16666666666666666,-17270.629269651825
0.0,0.16666666666666666,-13516.830923706828
0.0,0.15384615384615385,-4066.123013557695
0.0,0.4,-10009.714600734187
0.0,0.4444444444444444,-7725.489366625485
0.0,0.125,-14403.89381474074
0.0,0.14285714285714285,-5786.21120106835
0.0,0.2222222222222222,-12613.452589600654
0.0,0.07692307692307693,-5267.626108049755
0.0,0.14285714285714285,-4813.5719028159765
0.0,0.16666666666666666,-5383.475480220014
0.0,0.25,-7474.913556616994
0.0,0.2222222222222222,-7843.239451573744
0.0,0.13333333333333333,-4652.593033255193
0.0,0.0,-6932.6649381565485
0.0,0.3333333333333333,-11874.201894010386
0.0,0.25,-10745.009180167464
0.0,0.1,-9529.946962449887
0.0,0.75,-12635.290896581524
0.0,0.07692307692307693,-5831.3665087151585
0.0,0.0,-13849.194994710293
0.0,0.0,-11383.9746385087
0.0,0.2727272727272727,-6239.306222702656
0.0,0.3333333333333333,-6416.623001618542
0.0,0.2,4221.927339698731
0.0,0.07692307692307693,-5683.960129796333
0.0,0.6666666666666666,-17775.545717909245
0.0,0.1111111111111111,-6092.752930533497
0.0,0.1111111111111111,-4785.751428085635
0.0,0.0,-10843.796454861855
0.0,0.2222222222222222,-9884.05105031534
0.0,0.14285714285714285,-12929.826095141894
0.0,0.09090909090909091,-7293.601644999204
0.0,0.16666666666666666,-19442.078731618858
0.0,0.1111111111111111,-13921.668863152641
0.0,0.2857142857142857,-16244.431356959294
0.0,0.2,-11634.960043643967
0.0,0.06666666666666667,-1670.8987397695191
0.0,0.2,2871.639483792536
0.0,0.0,-11381.370138900513
0.0,0.0,-6489.1313859110005
0.0,0.3333333333333333,-7444.357275749252
0.0,0.15384615384615385,-2436.906618441037
0.0,0.2222222222222222,-6974.649627201335
0.0,0.0,-10491.8728401189
0.0,0.0,-10270.02116883564
0.0,0.14285714285714285,-15535.367786588953
0.0,0.16666666666666666,-6158.863272620919
0.0,0.16666666666666666,2513.944551312611
0.0,0.4,-13294.05992251272
0.0,0.15384615384615385,-1085.7718453697887
0.0,0.25,-12348.00400648556
0.0,0.09090909090909091,-5465.145965240116
0.0,0.0,-2741.203424596214
0.0,0.1111111111111111,-10327.439394653704
0.0,0.125,-14941.989237682788
0.0,0.0625,347.24673511940534
0.0,0.2,-9670.882522893124
0.0,0.125,-6269.429357391144
0.0,0.0,-18648.738387184036
0.0,0.07692307692307693,-2700.7191023801142
0.0,0.0,-8661.590471023555
0.0,0.0,-10606.798785521818
0.0,0.25,-13074.957084853808
0.0,0.2857142857142857,-9002.340936247836
0.0,0.08333333333333333,-3857.9027631981567
0.0,0.16666666666666666,-15446.521050377034
0.0,0.25,-4048.476782872555
0.0,0.0,-4161.723389512029
0.0,0.08333333333333333,-4846.353044218302
0.0,0.18181818181818182,-2791.5340782089033
0.0,0.21428571428571427,-3296.477439930253
0.0,0.16666666666666666,-4313.973202612637
0.0,0.21428571428571427,-4567.4492234085355
0.0,0.3,-4271.461278085654
0.0,0.0,-13244.157137761871
0.0,0.18181818181818182,-4014.3903622813204
0.0,0.125,-12223.965542973196
0.0,0.15384615384615385,-6966.426122846079
0.0,0.09090909090909091,-6139.61709702263
0.0,0.15384615384615385,-7513.918649202548
0.0,0.09090909090909091,-6174.211496494877
0.0,0.14285714285714285,-3586.303006123812
0.0,0.14285714285714285,-13137.08569716277
0.0,0.2727272727272727,-6352.014486025271
0.0,0.0,-4766.752943596453
0.0,0.15384615384615385,-4016.254809657706
0.0,0.3,-6933.704060507082
0.0,0.125,-12837.149191282137
0.0,0.09090909090909091,-8715.009730571524
0.0,0.08333333333333333,-6302.733077416921
0.0,0.3333333333333333,7.697719127516404
0.0,0.0,-14610.291453504733
0.0,0.13333333333333333,-718.1485007352982
0.0,0.16666666666666666,-16998.83641141567
0.0,0.13333333333333333,-1472.7195823778243
0.0,0.2727272727272727,-7424.892467588434
0.0,0.125,-13979.006448480934
0.0,0.14285714285714285,-8775.993103000616
0.0,0.07142857142857142,-7486.61094149345
0.0,0.0,-8727.032891100369
0.0,0.07692307692307693,-6812.781188771431
0.0,0.125,-9692.915735904868
0.0,0.15384615384615385,-7099.349481911893
0.0,0.15384615384615385,-4345.752489829094
0.0,0.09090909090909091,-9330.780638584329
0.0,0.14285714285714285,-13380.872709232046
0.0,0.15384615384615385,-7640.56332997772
0.0,0.0,-8533.697801214834
0.0,0.08333333333333333,-6706.346343815308
0.0,0.1,-7735.7311136926555
0.0,0.21428571428571427,-2572.1660298328634
0.0,0.16666666666666666,-5186.791091104208
0.0,0.25,-8819.047612792741
0.0,0.07692307692307693,-4638.883845721811
0.0,0.1,-9829.33830353266
0.0,0.18181818181818182,-9384.541956150508
0.0,0.3,-8070.508825043332
0.0,0.15384615384615385,-8108.503933452743
0.0,0.2222222222222222,-6388.923712700263
0.0,0.0,-9168.976339824056
0.0,0.08333333333333333,-7180.275087695083
0.0,0.2222222222222222,-13312.009016840771
0.0,0.08333333333333333,-4744.415876673805
0.0,0.07692307692307693,-4464.91437145101
0.0,0.06666666666666667,-5056.79112917246
0.0,0.0,-3844.638406430656
0.0,0.07142857142857142,-4618.271435095787
0.0,0.09090909090909091,-7624.81800988227
0.0,0.2,-9498.870337006087
0.0,0.125,-14583.687028863096
0.0,0.0,-5914.5934111035485
0.0,0.09090909090909091,-8193.62887202976
0.0,0.07692307692307693,-4149.604540841795
0.0,0.2222222222222222,-14055.701917281587
0.0,0.1111111111111111,-9778.069668261307
0.0,0.06666666666666667,-4689.132842681081
0.0,0.07142857142857142,-4308.679641711771
0.0,0.2,-6241.109206226784
0.0,0.09090909090909091,-11003.024602465037
0.0,0.4,-6416.058340020045
0.0,0.18181818181818182,-5597.053636029105
0.0,0.23076923076923078,-6934.170764339727
0.0,0.3333333333333333,-4783.067045941349
0.0,0.08333333333333333,-5023.830743509253
0.0,0.3,-5936.245962053912
0.0,0.09090909090909091,-6705.133127912102
0.0,0.23076923076923078,-7078.390042504815
0.0,0.3333333333333333,-4942.468687085543
0.0,0.16666666666666666,-6173.311735035219
0.0,0.13333333333333333,-3855.399216322897
0.0,0.07692307692307693,-4048.4132024062646
0.0,0.2222222222222222,-8445.80577007472
0.0,0.13333333333333333,-4624.1194496954095
0.0,0.06666666666666667,-4431.510763115811
0.0,0.07142857142857142,-4179.469045438306
0.0,0.2222222222222222,-9293.537597035407
0.0,0.08333333333333333,-4310.666256000597
0.0,0.08333333333333333,-2659.921359238408
0.0,0.13333333333333333,-2803.951359195643
0.0,0.25,-2826.127298499074
0.0,0.07692307692307693,-3970.1731962842746
0.0,0.0,-2885.211205120323
0.0,0.16666666666666666,-2244.643665034246
0.0,0.08333333333333333,-3498.262551477994
0.0,0.18181818181818182,-5037.856312243133
0.0,0.1,-10525.151460588491
0.0,0.3,-8678.854365387171
0.0,0.14285714285714285,-15361.83239686224
0.0,0.0,-6527.039686637172
0.0,0.0,-9875.23871588703
0.0,0.08333333333333333,-7769.265202967203
0.0,0.2,-8149.9628809540545
0.0,0.1,-7179.943313056564
0.0,0.36363636363636365,-5497.0213755141085
0.0,0.16666666666666666,-5120.781558092772
0.0,0.16666666666666666,-6995.80782526164
0.0,0.1,-6595.957389773283
0.0,0.2727272727272727,-4955.366929148904
0.0,0.09090909090909091,-7752.107183955791
0.0,0.09090909090909091,-5964.304012595757
0.0,0.2,-7033.200395260201
0.0,0.125,-11844.905045221412
0.0,0.07142857142857142,-6318.1691856483085
0.0,0.0,-7261.568398939484
0.0,0.14285714285714285,-14992.068101486142
0.0,0.2727272727272727,-5629.350413020932
0.0,0.2727272727272727,-3897.6497736574847
0.0,0.2857142857142857,-4110.500737856235
0.0,0.2857142857142857,-2443.188644636973
0.0,0.25,-4201.421701506731
0.0,0.25,-5453.4850326978585
0.0,0.375,-8682.015400286156
0.0,0.15384615384615385,-3867.241068697419
0.0,0.2,-5068.531622763347
0.0,0.23076923076923078,-4443.005108015914
0.0,0.36363636363636365,-3520.0831491811787
0.0,0.25,-12288.513990483552
0.0,0.2,-4788.475435263425
0.0,0.23076923076923078,-5443.619869291422
0.0,0.23076923076923078,-3630.522470349216
0.0,0.18181818181818182,-5909.095298410489
0.0,0.23076923076923078,-6670.065226019241
0.0,0.3333333333333333,-5400.123884262856
0.0,0.16666666666666666,-6134.970542817943
0.0,0.2,-5838.476605897285
0.0,0.1,-8708.416290292369
0.0,0.15384615384615385,-8319.142230437015
0.0,0.375,-8189.757445359007
0.0,0.09090909090909091,-7685.927095424266
0.0,0.15384615384615385,-8907.714261746642
0.0,0.07692307692307693,-8991.699071490852
0.0,0.08333333333333333,-8007.661024804842
0.0,0.1,-9206.294953431612
0.0,0.09090909090909091,-5318.068443707797
0.0,0.42857142857142855,-13937.974764823675
0.0,0.09090909090909091,-3299.426665424577
0.0,0.14285714285714285,-3773.39471418767
0.0,0.14285714285714285,-2366.7573169219295
0.0,0.08333333333333333,-4881.400228936357
0.0,0.125,-8401.866414972299
0.0,0.14285714285714285,-4995.042306322508
0.0,0.2,-4548.997195381208
0.0,0.07142857142857142,-4504.527364438768
0.0,0.0,-4407.78850558282
0.0,0.09090909090909091,-4459.492236666069
0.0,0.09090909090909091,-7839.725342863977
0.0,0.14285714285714285,-5783.681712473164
0.0,0.42857142857142855,-10966.165547955337
0.0,0.08333333333333333,-5376.227283955957
0.0,0.125,-11983.033845975833
0.0,0.2,-5166.451134271071
0.0,0.07142857142857142,-6369.0732560508895
0.0,0.0,-7357.457567074841
0.0,0.18181818181818182,-5723.638752547034
0.0,0.375,-10177.63178607279
0.0,0.09090909090909091,-9110.504419014103
0.0,0.14285714285714285,-13033.162265617528
0.0,0.15384615384615385,-7481.8421174830355
0.0,0.0,-8299.574195381309
0.0,0.1,-7512.810786570083
0.0,0.0,-7363.420604372003
0.0,0.21428571428571427,-4804.795684675178
0.0,0.21428571428571427,-3031.245109013331
0.0,0.36363636363636365,-4777.065512311684
0.0,0.16666666666666666,-6252.297199754268
0.0,0.08333333333333333,-3294.576612527988
0.0,0.14285714285714285,-12427.152738263008
0.0,0.13333333333333333,-3318.7856578817873
0.0,0.13333333333333333,-1851.4676803629525
0.0,0.25,-3460.6674119986847
0.0,0.13333333333333333,-4082.3992196098725
0.0,0.18181818181818182,-3341.3883649022546
0.0,0.06666666666666667,-3875.277890674358
0.0,0.0,-4552.723813566798
0.0,0.07142857142857142,-3656.168811234174
0.0,0.08333333333333333,-4040.027922655749
0.0,0.125,-9036.462876112404
0.0,0.09090909090909091,-6073.674152686421
0.0,0.14285714285714285,-5808.524166222294
0.0,0.08333333333333333,-7783.657240028158
0.0,0.14285714285714285,-6411.653007486723
0.0,0.2,-5234.325890751177
0.0,0.07142857142857142,-6399.475344990934
0.0,0.0,-4732.908073380432
0.0,0.0,-7379.7472642234725
0.0,0.07692307692307693,-5703.007951602719
0.0,0.09090909090909091,-6603.381866872589
0.0,0.14285714285714285,-10861.100643056896
0.0,0.08333333333333333,-5861.798067901825
0.0,0.13333333333333333,-2363.742079472674
0.0,0.25,-4326.305862962336
0.0,0.07692307692307693,-5594.808618520792
0.0,0.1111111111111111,-9602.363947213986
0.0,0.18181818181818182,-4101.054631585817
0.0,0.06666666666666667,-4610.383812089297
0.0,0.0,-5490.11357292172
0.0,0.08333333333333333,-4868.425312540437
0.0,0.125,-12927.027734232726
0.0,0.09090909090909091,-8753.286204549253
0.0,0.09090909090909091,-6845.393097735256
0.0,0.2727272727272727,-7034.12073984607
0.0,0.08333333333333333,-6218.674465175107
0.0,0.0,-8277.70948156976
0.0,0.07692307692307693,-6436.27773003236
0.0,0.09090909090909091,-7432.106909435856
0.0,0.16666666666666666,-5098.38077342543
0.0,0.0,-17831.219427995897
0.0,0.2,-3389.2079019252224
0.0,0.2,-2050.6387823033356
0.0,0.3333333333333333,-3325.6956295126656
0.0,0.15384615384615385,-4272.471168747309
0.0,0.2,-4503.392925474889
0.0,0.2727272727272727,-4433.092641327129
0.0,0.13333333333333333,-4071.5263387293826
0.0,0.09090909090909091,-4662.286934778302
0.0,0.08333333333333333,-5498.185495335341
0.0,0.14285714285714285,-18148.949212257394
0.0,0.08333333333333333,-3688.5632075180524
0.0,0.13333333333333333,-3760.5117026123944
0.0,0.07692307692307693,-4197.787281886958
0.0,0.18181818181818182,-4222.773785260996
0.0,0.07142857142857142,-4276.679617790095
0.0,0.16666666666666666,-3251.8690675519592
0.0,0.1111111111111111,-14546.084151317868
0.0,0.1,-6921.495420229683
0.0,0.1,-4813.742181277237
0.0,0.15384615384615385,-3633.122994561396
0.0,0.3,-5013.890313995475
0.0,0.15384615384615385,-6670.644882959428
0.0,0.2222222222222222,-5371.425501091251
0.0,0.07692307692307693,-6235.3138342513885
0.0,0.08333333333333333,-6126.943766680229
0.0,0.1,-5847.0607909269365
0.0,0.1,-10358.062681431795
0.0,0.1111111111111111,-11259.250272501748
0.0,0.15384615384615385,-7976.491848220772
0.0,0.15384615384615385,-5074.898794552565
0.0,0.3,-8533.963992843523
0.0,0.2222222222222222,-7000.297939607902
0.0,0.07692307692307693,-8631.415256756665
0.0,0.0,-6379.453784738397
0.0,0.0,-9706.314105589998
0.0,0.08333333333333333,-7623.650745699144
0.0,0.1,-8793.966667763783
0.0,0.25,-15455.846305686595
0.0,0.09090909090909091,-7969.246597566496
0.0,0.09090909090909091,-6191.421350407405
0.0,0.14285714285714285,-5875.480985153787
0.0,0.2727272727272727,-6367.859585504321
0.0,0.08333333333333333,-7901.473932451198
0.0,0.0,-4698.554797170498
0.0,0.18181818181818182,-5856.249333880094
0.0,0.25,-24077.003960516795
0.0,0.09090909090909091,-5628.259847588112
0.0,0.14285714285714285,-4105.456963083409
0.0,0.14285714285714285,-2493.316726620215
0.0,0.2727272727272727,-4005.491448102446
0.0,0.08333333333333333,-4370.062682415958
0.0,0.08333333333333333,-5398.683413996197
0.0,0.14285714285714285,-5048.969177899149
0.0,0.2,-3998.1950978624877
0.0,0.07142857142857142,-4748.56278374338
0.0,0.0,-5057.999048688255
0.0,0.07692307692307693,-4567.742850059631
0.0,0.09090909090909091,-4658.410845074736
0.0,0.0,-13326.558903755158
0.0,0.23076923076923078,-5065.357692043736
0.0,0.23076923076923078,-3461.470397743443
0.0,0.4,-4454.149791449112
0.0,0.18181818181818182,-6163.08934025439
0.0,0.18181818181818182,-6130.522531035983
0.0,0.23076923076923078,-6582.41507135179
0.0,0.15384615384615385,-5940.632145567334
0.0,0.08333333333333333,-6000.678037374298
0.0,0.1111111111111111,-5771.007209292717
0.0,0.16666666666666666,-6230.859577083633
0.0,0.3,-3678.8011894236115
0.0,0.2,-5643.830789898697
0.0,0.1,-8895.681856464558
0.0,0.2,-16272.672642693691
0.0,0.15384615384615385,-6867.055643280552
0.0,0.15384615384615385,-4171.450114384314
0.0,0.3,-7225.513026045031
0.0,0.09090909090909091,-6043.265035853621
0.0,0.09090909090909091,-9023.21107773087
0.0,0.15384615384615385,-7421.624675857512
0.0,0.2222222222222222,-5402.652620144169
0.0,0.07692307692307693,-7487.36558779628
0.0,0.0,-5302.497488277115
0.0,0.08333333333333333,-6491.170166212575
0.0,0.2,-6750.669224688809
0.0,0.1,-7431.697233565064
0.0,0.0,0.0
0.0,0.2,-8287.819092266815
0.0,0.2,-6468.806756422446
0.0,0.09090909090909091,-11259.511889611153
0.0,0.23076923076923078,-6431.763324945729
0.0,0.23076923076923078,-3885.803970320261
0.0,0.18181818181818182,-5686.769646545598
0.0,0.18181818181818182,-8410.483194126786
0.0,0.2857142857142857,-11943.691285828092
0.0,0.3333333333333333,-4908.38833281213
0.0,0.08333333333333333,-5059.6331503390775
0.0,0.1111111111111111,-7569.272349168999
0.0,0.16666666666666666,-6148.984666217767
0.0,0.3,-6169.64169529713
0.0,0.2,-6887.365379844234
0.0,0.1111111111111111,-13318.492846227835
0.0,0.16666666666666666,-4518.978348219005
0.0,0.2,-4417.311386858877
0.0,0.2,-2689.648687424704
0.0,0.3333333333333333,-4701.0166494453615
0.0,0.15384615384615385,-4643.133098894528
0.0,0.15384615384615385,-6018.046840853609
0.0,0.2222222222222222,-10281.993493166248
0.0,0.2727272727272727,-4717.451088692068
0.0,0.13333333333333333,-5016.737993845797
0.0,0.07142857142857142,-4114.0484746558595
0.0,0.09090909090909091,-5946.452382241083
0.0,0.16666666666666666,-5310.814529236795
0.0,0.09090909090909091,-7523.186471310178
0.0,0.2,-10513.8253048456
0.0,0.14285714285714285,-5624.432120598579
0.0,0.14285714285714285,-3644.3455195234424
0.0,0.2727272727272727,-5729.536796774132
0.0,0.08333333333333333,-5831.0034745188495
0.0,0.08333333333333333,-7286.68888186895
0.0,0.125,-11451.744593477915
0.0,0.2,-5721.213453827985
0.0,0.0,-6962.556924814748
0.0,0.07692307692307693,-6000.338347595736
0.0,0.2222222222222222,-12935.396995773415
0.0,0.08333333333333333,-6230.4533347858705
0.0,0.13333333333333333,-4345.873186120273
0.0,0.13333333333333333,-2670.8927191884136
0.0,0.25,-4569.457552051436
0.0,0.07692307692307693,-4684.030645217202
0.0,0.07692307692307693,-5889.316371614765
0.0,0.1111111111111111,-10145.492261488775
0.0,0.18181818181818182,-4776.068047281462
0.0,0.06666666666666667,-4963.018759857817
0.0,0.0,-5836.169125869307
0.0,0.08333333333333333,-5236.979593613666
0.0,0.09090909090909091,-8691.602453056848
0.0,0.2,-11098.907899229016
0.0,0.09090909090909091,-6827.872249012998
0.0,0.14285714285714285,-6431.831425829241
0.0,0.14285714285714285,-4011.2555680663627
0.0,0.2727272727272727,-7012.69409215692
0.0,0.08333333333333333,-6049.828546162103
0.0,0.125,-13252.353304286049
0.0,0.2,-6015.951400702221
0.0,0.07142857142857142,-7033.42907604873
0.0,0.0,-5248.459573846009
0.0,0.0,-8228.901907810703
0.0,0.07692307692307693,-6286.688082722525
0.0,0.09090909090909091,-7360.033800457793
0.0,0.1,-9896.945206594257
0.0,0.1,-7940.817827522035
0.0,0.15384615384615385,-7618.989261939313
0.0,0.15384615384615385,-4767.986978555101
0.0,0.18181818181818182,-9865.459296144612
0.0,0.3,-8130.2465976250405
0.0,0.09090909090909091,-9987.542271444394
0.0,0.14285714285714285,-14422.870353298411
0.0,0.07692307692307693,-8258.192745747381
0.0,0.0,-5991.78708511618
0.0,0.0,-9237.941156133842
0.0,0.1,-8359.733521826587
0.0,0.14285714285714285,-7489.007977814003
0.0,0.2,-7503.303678387917
0.0,0.2,-5630.426267581646
0.0,0.23076923076923078,-5895.968639441937
0.0,0.4,-5809.402712293483
0.0,0.18181818181818182,-5539.375356635502
0.0,0.18181818181818182,-7540.906712698137
0.0,0.2857142857142857,-10684.71456633525
0.0,0.23076923076923078,-6727.129654194297
0.0,0.1111111111111111,-6727.284344444088
0.0,0.16666666666666666,-5947.823065398046
0.0,0.3,-5291.615817785603
0.0,0.2,-6236.757607883549
0.0,0.09090909090909091,-6769.30089350774
0.0,0.3333333333333333,-8499.089435293849
0.0,0.09090909090909091,-5077.7025869821055
0.0,0.14285714285714285,-4975.484114556253
0.0,0.14285714285714285,-2917.526924386357
0.0,0.2727272727272727,-5245.080906438784
0.0,0.08333333333333333,-4611.109905728193
0.0,0.08333333333333333,-6703.483226632723
0.0,0.125,-10378.577780837199
0.0,0.14285714285714285,-5610.864555459963
0.0,0.07142857142857142,-5550.112676065754
0.0,0.0,-4046.108155220579
0.0,0.0,-6257.245691588064
0.0,0.07692307692307693,-4925.083227436631
0.0,0.09090909090909091,-5602.445048337144
0.0,0.08333333333333333,-5363.231840270091
0.0,0.4,-6155.40763148337
0.0,0.08333333333333333,-3605.949947651133
0.0,0.13333333333333333,-3654.3998851931065
0.0,0.13333333333333333,-2147.634528446925
0.0,0.25,-3782.567718832134
0.0,0.07692307692307693,-4004.4196615977194
0.0,0.07692307692307693,-5028.463731311634
0.0,0.13333333333333333,-4501.610355736452
0.0,0.06666666666666667,-4250.00627856826
0.0,0.0,-3590.90938577278
0.0,0.0,-4965.209335509637
0.0,0.07142857142857142,-4105.919276084108
0.0,0.16666666666666666,-3183.4177270980417
0.0,0.08333333333333333,-4447.5674129588715
0.0,0.0,-18184.582262553402
0.0,0.16666666666666666,-9718.59755503544
0.0,0.18181818181818182,-5615.135084699165
0.0,0.18181818181818182,-3924.886267561972
0.0,0.21428571428571427,-4099.095675640324
0.0,0.21428571428571427,-2398.2576717431352
0.0,0.36363636363636365,-4090.8521213845374
0.0,0.16666666666666666,-4082.0225482896085
0.0,0.16666666666666666,-5471.2824687047
0.0,0.25,-8654.578334660575
0.0,0.21428571428571427,-4910.906228825536
0.0,0.14285714285714285,-4699.175106010003
0.0,0.07692307692307693,-3729.4072836545083
0.0,0.1,-5060.530819843978
0.0,0.15384615384615385,-4351.633639589701
0.0,0.18181818181818182,-4603.092579472936
0.0,0.1111111111111111,-9157.466013374133
0.0,0.08333333333333333,-9912.053022878124
0.0,0.08333333333333333,-7823.606143883271
0.0,0.13333333333333333,-7176.044086248479
0.0,0.13333333333333333,-4789.426813525353
0.0,0.25,-8033.775147978731
0.0,0.07692307692307693,-7306.239309609441
0.0,0.07692307692307693,-9568.45834014163
0.0,0.1111111111111111,-15514.687683479351
0.0,0.13333333333333333,-7847.457761444694
0.0,0.18181818181818182,-7899.1812861733915
0.0,0.0,-6374.559198426162
0.0,0.0,-9612.690822076604
0.0,0.07142857142857142,-7311.569272604474
0.0,0.16666666666666666,-7391.672304322753
0.0,0.08333333333333333,-8584.958805324672
0.0,0.0,-12439.17671268879
0.0,0.1111111111111111,-17527.02287848279
0.0,0.08333333333333333,-3991.222091256799
0.0,0.13333333333333333,-2542.526203504418
0.0,0.13333333333333333,-1334.988176245929
0.0,0.25,-2537.4287681781557
0.0,0.07692307692307693,-2961.5982325464543
0.0,0.07692307692307693,-3646.6993263991885
0.0,0.1111111111111111,-6922.419398432408
0.0,0.13333333333333333,-3399.578167721167
0.0,0.18181818181818182,-2756.716777872719
0.0,0.0,-2671.4470962944924
0.0,0.0,-3597.8100274042695
0.0,0.16666666666666666,-1961.3965502055123
0.0,0.08333333333333333,-3212.020250418511
0.0,0.08333333333333333,-5768.250914925916
0.0,0.08333333333333333,-3913.3917143341973
0.0,0.13333333333333333,-3977.1818851283315
0.0,0.13333333333333333,-2425.8840308976623
0.0,0.25,-4099.0710469285605
0.0,0.07692307692307693,-5391.76762529875
0.0,0.13333333333333333,-4891.164398707068
0.0,0.18181818181818182,-4521.481640297135
0.0,0.0,-4024.2729835557734
0.0,0.0,-5359.1905355775425
0.0,0.07142857142857142,-4514.897157381905
0.0,0.08333333333333333,-4832.215507629764
0.0,0.0,-13441.390599979974
0.0,0.16666666666666666,-6233.481419119566
0.0,0.16666666666666666,-4352.965930805403
0.0,0.2,-4350.4575678911415
0.0,0.2,-2697.6465667366783
0.0,0.3333333333333333,-4541.309574287862
0.0,0.15384615384615385,-4766.336269770848
0.0,0.15384615384615385,-5868.849190590619
0.0,0.2222222222222222,-10154.606267492542
0.0,0.2,-5238.284133184627
0.0,0.2727272727272727,-4881.598838547501
0.0,0.07142857142857142,-4291.487099692862
0.0,0.09090909090909091,-5830.810468718113
0.0,0.14285714285714285,-4834.700589225506
0.0,0.25,-3910.668899071062
0.0,0.16666666666666666,-5249.916079081454
0.0,0.3333333333333333,-25470.752001342677
0.0,0.0,-9714.032490306068
0.0,0.08333333333333333,-4937.45204099001
0.0,0.08333333333333333,-3257.5322188859172
0.0,0.13333333333333333,-3315.938885329892
0.0,0.13333333333333333,-1875.0103133980485
0.0,0.25,-3426.87609384515
0.0,0.07692307692307693,-3596.3637365483223
0.0,0.07692307692307693,-4627.665469167812
0.0,0.1111111111111111,-8270.841661690076
0.0,0.13333333333333333,-4124.605816334103
0.0,0.18181818181818182,-3474.4217695742077
0.0,0.06666666666666667,-3887.346488873167
0.0,0.0,-4545.247863067923
0.0,0.07142857142857142,-3723.798575055896
0.0,0.16666666666666666,-2849.8219696028523
0.0,0.08333333333333333,-4051.5593938472675
0.0,0.0,-7629.058735727767
0.0,0.09090909090909091,-8348.6210504625
0.0,0.09090909090909091,-6514.095988134818
0.0,0.14285714285714285,-6173.866516187375
0.0,0.14285714285714285,-3816.0940028610444
0.0,0.2727272727272727,-6695.944638431559
0.0,0.08333333333333333,-5795.049399448014
0.0,0.08333333333333333,-8258.416239231181
0.0,0.125,-12738.958852875254
0.0,0.14285714285714285,-6762.20234862157
0.0,0.2,-5694.386670740332
0.0,0.07142857142857142,-6771.426081577536
0.0,0.0,-7876.041581422298
0.0,0.07692307692307693,-6046.066206540099
0.0,0.09090909090909091,-7046.029120797963
0.0,0.08333333333333333,-5394.472118335494
0.0,0.0,-9193.53904063722
0.0,0.08333333333333333,-3672.0793552111495
0.0,0.13333333333333333,-3680.3687462659304
0.0,0.13333333333333333,-2141.0639894467217
0.0,0.25,-3845.613967598288
0.0,0.07692307692307693,-3936.9616580786287
0.0,0.07692307692307693,-5087.123459407569
0.0,0.1111111111111111,-8931.348913676558
0.0,0.13333333333333333,-4480.665465149759
0.0,0.18181818181818182,-3878.367663886322
0.0,0.06666666666666667,-4261.132453248538
0.0,0.0,-5004.542648778354
0.0,0.07142857142857142,-4059.251258574246
0.0,0.16666666666666666,-3262.11413039211
0.0,0.08333333333333333,-4463.959723213783
0.0,0.0,-6660.120965444604
0.0,0.1,-9931.149435799038
0.0,0.1,-7970.546629318123
0.0,0.15384615384615385,-7645.297272421523
0.0,0.15384615384615385,-4790.212927149889
0.0,0.3,-8160.411614459618
0.0,0.09090909090909091,-6878.551205844227
0.0,0.09090909090909091,-10019.906157793095
0.0,0.14285714285714285,-14474.318578305316
0.0,0.15384615384615385,-8189.3877781595875
0.0,0.07692307692307693,-8285.545379942081
0.0,0.0,-9272.802185501183
0.0,0.08333333333333333,-7263.3256930777325
0.0,0.2,-7656.7534561677585
0.0,0.1,-8391.837270965234
0.0,0.0,-8962.629908369792
0.0,0.09090909090909091,-7078.167293097432
0.0,0.09090909090909091,-5347.465199824729
0.0,0.14285714285714285,-5215.033866190263
0.0,0.14285714285714285,-3108.2833874307694
0.0,0.2727272727272727,-5518.657641378418
0.0,0.08333333333333333,-4875.7827098634025
0.0,0.08333333333333333,-7000.9754744539305
0.0,0.125,-10837.198027013603
0.0,0.14285714285714285,-5856.783938287828
0.0,0.2,-4522.2927861959015
0.0,0.07142857142857142,-5799.16665295122
0.0,0.07692307692307693,-5171.687350715936
0.0,0.18181818181818182,-5008.111664065433
0.0,0.09090909090909091,-5888.687683800494
0.0,0.1,-9135.67390527115
0.0,0.0,-10690.310533633408
0.0,0.1,-7266.175175420882
0.0,0.15384615384615385,-7043.730771132897
0.0,0.15384615384615385,-4302.993763122156
0.0,0.3,-7446.992508510087
0.0,0.09090909090909091,-6217.298370321432
0.0,0.14285714285714285,-13265.97651571831
0.0,0.15384615384615385,-7587.159499610936
0.0,0.2222222222222222,-5638.3762355544295
0.0,0.07692307692307693,-7666.126831171381
0.0,0.0,-5442.071463824572
0.0,0.08333333333333333,-6653.318063866036
0.0,0.2,-6967.843939680844
0.0,0.1,-7651.523594209585
0.0,0.0,-10406.674968941748
0.0,0.08333333333333333,-6866.615041728505
0.0,0.08333333333333333,-5027.825438055295
0.0,0.13333333333333333,-4835.488957534318
0.0,0.13333333333333333,-2990.248091475552
0.0,0.25,-5213.046562231854
0.0,0.07692307692307693,-5006.278545793902
0.0,0.07692307692307693,-6565.276557414946
0.0,0.1111111111111111,-11064.277553681524
0.0,0.13333333333333333,-5586.983500122466
0.0,0.18181818181818182,-5148.345064467853
0.0,0.06666666666666667,-5437.068541846534
0.0,0.0,-4409.402166304761
0.0,0.07142857142857142,-5106.504414554618
0.0,0.16666666666666666,-4614.564017267105
0.0,0.08333333333333333,-5796.21427735599
0.0,0.09090909090909091,-5764.360254744788
0.0,0.0,-15749.46875579057
0.0,0.09090909090909091,-4075.827917993582
0.0,0.14285714285714285,-4216.3339062725445
0.0,0.14285714285714285,-2467.374964512854
0.0,0.2727272727272727,-4241.789355141092
0.0,0.08333333333333333,-4146.4803520584155
0.0,0.08333333333333333,-5633.810899646673
0.0,0.125,-8873.50352701569
0.0,0.14285714285714285,-5003.9782788983075
0.0,0.2,-3622.778770548176
0.0,0.07142857142857142,-4812.707958663457
0.0,0.0,-3768.7163411062484
0.0,0.07692307692307693,-4425.314477586332
0.0,0.18181818181818182,-3717.6002219923625
0.0,0.09090909090909091,-4730.839691137938
0.0,0.0,-6552.711400803657
0.0,0.09090909090909091,-3449.6615711917016
0.0,0.0,-12093.571959431483
0.0,0.09090909090909091,-1520.3641142417919
0.0,0.14285714285714285,-1989.3457757127985
0.0,0.14285714285714285,-958.9051577935145
0.0,0.2727272727272727,-1707.6689307670383
0.0,0.08333333333333333,-3252.0594928800165
0.0,0.08333333333333333,-2858.5584825619194
0.0,0.125,-6068.913045599501
0.0,0.14285714285714285,-3291.0940393871765
0.0,0.2,-3300.79573337378
0.0,0.07142857142857142,-2704.986105156061
0.0,0.0,-3079.616108389006
0.0,0.07692307692307693,-3179.026502009236
0.0,0.18181818181818182,-1009.1879291944431
0.0,0.09090909090909091,-2795.4273528337203
0.0,0.0,-6699.679933706388
0.0,0.125,-8674.218866809999
0.0,0.08333333333333333,-8179.533864059417
0.0,0.08333333333333333,-6277.424556557666
0.0,0.13333333333333333,-5831.843559264085
0.0,0.13333333333333333,-3704.599298826147
0.0,0.25,-6469.554151158833
0.0,0.07692307692307693,-5869.0913890939
0.0,0.07692307692307693,-7893.496806934519
0.0,0.1111111111111111,-12988.588760846127
0.0,0.13333333333333333,-6485.241032862079
0.0,0.18181818181818182,-6192.683765984801
0.0,0.06666666666666667,-6432.336237844772
0.0,0.0,-5089.87262096491
0.0,0.0,-7853.91197946021
0.0,0.16666666666666666,-5871.966117583801
0.0,0.08333333333333333,-6980.764686226975
0.0,0.08333333333333333,-5020.559154800725
0.0,0.125,-13592.405626624495
0.0,0.08333333333333333,-3376.1913657088026
0.0,0.13333333333333333,-3384.477533606089
0.0,0.13333333333333333,-1893.7108517973656
0.0,0.25,-3542.4483057460884
0.0,0.07692307692307693,-3549.4723595181777
0.0,0.07692307692307693,-4743.338253945569
0.0,0.1111111111111111,-8379.184664999557
0.0,0.13333333333333333,-4137.923688272194
0.0,0.18181818181818182,-3390.0182710091517
0.0,0.06666666666666667,-3939.86375787024
0.0,0.0,-3129.0762391314734
0.0,0.0,-4637.179502896184
0.0,0.16666666666666666,-2982.6919348179854
0.0,0.08333333333333333,-4112.173691580917
0.0,0.0,-9855.382473888421
0.0,0.125,-11546.713948681801
0.0,0.08333333333333333,-3826.3786810519878
0.0,0.08333333333333333,-2154.5092087195208
0.0,0.13333333333333333,-2378.3276031238715
0.0,0.13333333333333333,-1242.6663418685368
0.0,0.25,-2322.2798948996738
0.0,0.07692307692307693,-2984.818740706489
0.0,0.07692307692307693,-3422.358794890389
0.0,0.1111111111111111,-6738.959586146618
0.0,0.13333333333333333,-3315.645363783151
0.0,0.18181818181818182,-2869.503768373193
0.0,0.06666666666666667,-2963.0777090175566
0.0,0.0,-2723.2383790151366
0.0,0.0,-3428.583715186096
0.0,0.16666666666666666,-1718.2028046257299
0.0,0.08333333333333333,-3084.7263862904892
0.0,0.0,-11687.871771317234
0.0,0.0,-9137.907694014018
0.0,0.18181818181818182,-8650.025415666452
0.0,0.18181818181818182,-6765.973904772412
0.0,0.21428571428571427,-6414.062303180909
0.0,0.21428571428571427,-4027.729327560525
0.0,0.36363636363636365,-6952.502691103355
0.0,0.16666666666666666,-6094.747591056866
0.0,0.16666666666666666,-8538.972983310432
0.0,0.25,-13178.285236266498
0.0,0.21428571428571427,-7027.893060096642
0.0,0.3,-6061.719584461596
0.0,0.14285714285714285,-7026.374584140617
0.0,0.07692307692307693,-5324.212898826565
0.0,0.1,-8177.177064663321
0.0,0.2727272727272727,-6409.030620202441
0.0,0.18181818181818182,-7331.562811039409
0.0,0.5,-21341.935471135126
0.0,0.08333333333333333,-4804.382786330534
0.0,0.3333333333333333,-15143.139364159373
0.0,0.08333333333333333,-3072.5004958812538
0.0,0.13333333333333333,-3199.679008069051
0.0,0.13333333333333333,-1828.2942854762334
0.0,0.25,-3246.3919275827275
0.0,0.07692307692307693,-3645.6397785034364
0.0,0.07692307692307693,-4445.40961277277
0.0,0.1111111111111111,-8104.5873383568
0.0,0.13333333333333333,-4086.94808466251
0.0,0.18181818181818182,-3579.2328245991284
0.0,0.06666666666666667,-3794.0643068098716
0.0,0.0,-3294.6144188489
0.0,0.0,-4401.022959379828
0.0,0.07142857142857142,-3735.165680006041
0.0,0.08333333333333333,-3951.4795083948848
0.0,0.0,-16366.172768170778
0.0,0.16666666666666666,-7863.565566667008
0.0,0.16666666666666666,-3193.2017554991558
0.0,0.16666666666666666,-957.0269072482632
0.0,0.2,-1352.3428622626777
0.0,0.2,-347.91505947200903
0.0,0.3333333333333333,-1177.3221399279328
0.0,0.15384615384615385,-3166.5978237761524
0.0,0.15384615384615385,-2317.6646026476196
0.0,0.2222222222222222,-6707.818979009529
0.0,0.2,-2848.134732964086
0.0,0.2727272727272727,-3723.7653459481726
0.0,0.13333333333333333,-2146.590473165703
0.0,0.07142857142857142,-2893.9932980694834
0.0,0.09090909090909091,-2798.591045050046
0.0,0.14285714285714285,-2903.7008406863247
0.0,0.16666666666666666,-2567.238957124701
0.0,0.3333333333333333,-26564.03398126872
0.0,0.16666666666666666,-15942.146794098024
0.0,0.16666666666666666,-4522.171252006756
0.0,0.16666666666666666,-2937.72499591117
0.0,0.2,-2989.872371618261
0.0,0.2,-1602.6708815764048
0.0,0.3333333333333333,-3098.1857409581708
0.0,0.15384615384615385,-3150.0675615471005
0.0,0.15384615384615385,-4250.670851944772
0.0,0.2222222222222222,-7649.848909902149
0.0,0.2,-3738.0552370546893
0.0,0.2727272727272727,-2893.3909503570917
0.0,0.13333333333333333,-3529.8102832111917
0.0,0.07142857142857142,-2775.366228347758
0.0,0.09090909090909091,-4138.70920881613
0.0,0.14285714285714285,-3318.231704606905
0.0,0.16666666666666666,-3659.7618141268085
0.0,0.3333333333333333,-2291.614041349372
0.0,0.14285714285714285,-9912.689824277202
0.0,0.09090909090909091,-8369.313408278591
0.0,0.09090909090909091,-6463.716095638079
0.0,0.14285714285714285,-6225.000393368436
0.0,0.14285714285714285,-3939.054976363643
0.0,0.2727272727272727,-6651.778925762618
0.0,0.08333333333333333,-6026.282546452794
0.0,0.08333333333333333,-8232.67195858898
0.0,0.125,-12739.409962057014
0.0,0.14285714285714285,-6915.482283099107
0.0,0.2,-5960.904202277544
0.0,0.07142857142857142,-6854.7812651243385
0.0,0.0,-5334.6982801162985
0.0,0.0,-7872.624806987864
0.0,0.07692307692307693,-6244.764471095405
0.0,0.18181818181818182,-6093.103032553235
0.0,0.0,-29822.65556103425
0.0,0.0,-14980.90960835745
0.0,0.18181818181818182,-4462.002029551278
0.0,0.18181818181818182,-2694.5053301664666
0.0,0.21428571428571427,-3104.333052993669
0.0,0.21428571428571427,-1800.4670833924738
0.0,0.36363636363636365,-2866.703601361781
0.0,0.16666666666666666,-3677.8199200664394
0.0,0.16666666666666666,-4138.357667433463
0.0,0.25,-7080.329143461742
0.0,0.21428571428571427,-4156.5692912691575
0.0,0.3,-3323.7247926781315
0.0,0.14285714285714285,-3752.618222769495
0.0,0.07692307692307693,-3481.7286526966104
0.0,0.1,-3900.1137901662014
0.0,0.15384615384615385,-3807.2003053568988
0.0,0.2727272727272727,-2269.089113490734
0.0,0.5,-2699.2357492044107
0.0,0.14285714285714285,-10015.109913662782
0.0,0.09090909090909091,-8410.036843750078
0.0,0.09090909090909091,-6583.871532730263
0.0,0.14285714285714285,-6212.542913092343
0.0,0.14285714285714285,-3827.7938536337047
0.0,0.2727272727272727,-6765.076002607422
0.0,0.08333333333333333,-5796.686936781148
0.0,0.08333333333333333,-8327.761712858177
0.0,0.125,-12837.454680546898
0.0,0.14285714285714285,-6777.972578730124
0.0,0.2,-5702.12486592656
0.0,0.07142857142857142,-6804.454018528036
0.0,0.0,-5015.757432494463
0.0,0.0,-7944.220014054585
0.0,0.07692307692307693,-6051.569479224498
0.0,0.18181818181818182,-6241.693506585535
0.0,0.14285714285714285,-11855.235289169312
0.0,0.09090909090909091,-6867.356520853932
0.0,0.09090909090909091,-4957.6773166534385
0.0,0.14285714285714285,-5101.645329731494
0.0,0.14285714285714285,-3232.1598910500675
0.0,0.2727272727272727,-5144.560546116237
0.0,0.08333333333333333,-5287.128499275643
0.0,0.08333333333333333,-6646.893802685381
0.0,0.125,-10496.569410250513
0.0,0.14285714285714285,-6016.993953092484
0.0,0.2,-5072.830497634662
0.0,0.07142857142857142,-5767.18868186455
0.0,0.0,-4860.217472411049
0.0,0.0,-6304.014290518495
0.0,0.07692307692307693,-5476.939828443946
0.0,0.18181818181818182,-4549.534756359818
0.0,0.0,-28897.101791861733
0.0,0.125,-11904.6319156942
0.0,0.1,-7427.051193908036
0.0,0.1,-5538.023662343777
0.0,0.15384615384615385,-5844.287704349404
0.0,0.15384615384615385,-3661.2960997437317
0.0,0.3,-5718.373491159593
0.0,0.09090909090909091,-5556.57371814471
0.0,0.09090909090909091,-7446.6084546272305
0.0,0.14285714285714285,-10562.346152160238
0.0,0.15384615384615385,-6709.9562941660715
0.0,0.2222222222222222,-4758.211818963923
0.0,0.07692307692307693,-6523.719129995925
0.0,0.0,-5171.012946874228
0.0,0.0,-6644.308100035695
0.0,0.08333333333333333,-5951.544621456485
0.0,0.2,-5191.039647640708
0.0,0.0,0.0
0.0,0.1111111111111111,-10592.708776967771
0.0,0.1111111111111111,-8548.612345722333
0.0,0.16666666666666666,-8490.279198652537
0.0,0.16666666666666666,-5228.0545108088945
0.0,0.3333333333333333,-8741.188429740403
0.0,0.1,-7233.378266408439
0.0,0.1,-10934.47786361223
0.0,0.14285714285714285,-6440.7207124
0.0,0.25,-6165.9874029114635
0.0,0.08333333333333333,-9172.030124465135
0.0,0.0,-6405.465238001303
0.0,0.0,-9625.15428224226
0.0,0.09090909090909091,-7849.563186800434
0.0,0.2222222222222222,-8276.121423737763
0.0,0.1111111111111111,-8849.590159358837
0.0,0.25,-14397.123533409425
0.0,0.125,-12349.499074368929
0.0,0.3,-4807.871992006019
0.0,0.0,-5021.870109290644
0.0,0.42857142857142855,-9273.249372788763
0.0,0.0,-16221.25806708144
0.0,0.16666666666666666,-5245.614728239507
0.0,0.2,-5664.571818726882
0.0,0.2222222222222222,-9501.328638952591
0.0,0.3333333333333333,-24170.977958979915
0.0,0.2727272727272727,-4688.450777189322
0.0,0.3,-6921.552955189183
0.0,0.09090909090909091,-5653.95104439946
0.0,0.14285714285714285,-10329.37024869575
0.0,0.1,-12199.316286708894
0.0,0.25,-8581.785267587968
0.0,0.3333333333333333,-11771.114609890326
0.0,0.07692307692307693,-3031.93828381273
0.0,0.25,-16528.91012687777
0.0,0.1111111111111111,-9959.081264328204
0.0,0.07692307692307693,-1695.420232418377
0.0,0.2,-11437.792503525607
0.0,0.3333333333333333,-7508.357751063462
0.0,0.1111111111111111,-11292.886774987428
0.0,0.3,-4180.065106574181
0.0,0.5,-8303.733903204102
0.0,0.2,-3663.7171976049794
0.0,0.125,-11865.321489538897
0.0,0.0,-8963.03609361368
0.0,0.3333333333333333,-10774.943993485036
0.0,0.08333333333333333,-5483.20986076018
0.0,0.07692307692307693,-4825.81200380494
0.0,0.1111111111111111,-10087.07772872262
0.0,0.1,-4082.207212844018
0.0,0.09090909090909091,-3097.7067582964637
0.0,0.4444444444444444,-7048.539415472343
0.0,0.2,-15095.016056162818
0.0,0.0,-11565.840612793632
0.0,0.15384615384615385,-3831.3070467179164
0.0,0.16666666666666666,-4749.294342188916
0.0,0.18181818181818182,-6131.448428565847
0.0,0.09090909090909091,-9480.11424059704
0.0,0.375,-5762.702117501609
0.0,0.08333333333333333,-1791.6831684844437
0.0,0.25,-10730.425880030964
0.0,0.25,-15656.999471921565
0.0,0.4,-13285.502413493034
0.0,0.2857142857142857,-10165.522089989292
0.0,0.125,-13047.86718556927
0.0,0.2222222222222222,-8017.807881851963
0.0,0.0,-9997.675953772357
0.0,0.25,-9726.170761200994
0.0,0.2,2628.3569625054674
0.0,0.125,1764.1545950297896
0.0,0.09090909090909091,-6567.251649800644
0.0,0.2,-13291.304128136208
0.0,0.09090909090909091,-4359.023364602981
0.0,0.15384615384615385,-3927.978263273981
0.0,0.42857142857142855,-8561.550857512802
0.0,0.1111111111111111,-10990.124063050424
0.0,0.0,-9301.978397157332
0.0,0.1,-9955.845565706717
0.0,0.09090909090909091,-7195.017206909246
0.0,0.0,-8430.14418755545
0.0,0.125,-13158.12326662972
0.0,0.125,-6892.916262157775
0.0,0.0,-11958.810498607103
0.0,0.1,-3807.4166453178773
0.0,0.0,-20404.34644946563
0.0,0.3333333333333333,-4461.2313951453825
0.0,0.2,-8956.75659399185
0.0,0.375,-10270.51951590255
0.0,0.1,-8139.079424591273
0.0,0.14285714285714285,-10741.111567181924
0.0,0.3333333333333333,-7777.605411776931
0.0,0.25,-9326.725359255744
0.0,0.2222222222222222,-12294.286047048956
0.0,0.3,-2999.777068145031
0.0,0.09090909090909091,-4281.745038158492
0.0,0.1111111111111111,-13335.247318858888
0.0,0.18181818181818182,-7576.911909514692
0.0,0.2857142857142857,-15027.941394414383
0.0,0.16666666666666666,-9774.831158714105
0.0,0.2,-12289.27233711568
0.0,0.4,-11504.40482722925
0.0,0.1,-4017.732718220478
0.0,0.1111111111111111,-5569.407610440218
0.0,0.2857142857142857,-9245.82947097973
0.0,0.3333333333333333,-7619.446210662807
0.0,0.2222222222222222,-5458.178445586524
0.0,0.18181818181818182,-5655.170142791491
0.0,0.2857142857142857,-11197.240862601799
0.0,0.0,-12246.986468591766
0.0,0.0,-14064.171803572423
0.0,0.2,-4591.352791913057
0.0,0.18181818181818182,-8427.33238927171
0.0,0.15384615384615385,-1225.5466936121566
0.0,0.2222222222222222,-9745.841456204676
0.0,0.2222222222222222,-7788.526363936519
0.0,0.09090909090909091,-5301.219147256807
0.0,0.18181818181818182,-5630.755195273917
0.0,0.0,-31058.067878566155
0.0,0.0,-22585.055892517685
0.0,0.08333333333333333,-3892.7069935366644
0.0,0.14285714285714285,-12394.40389400795
0.0,0.2727272727272727,-4489.608366605551
0.0,0.0,-14021.149703666035
0.0,0.4,-4848.580020606145
0.0,0.16666666666666666,-3295.076629126401
0.0,0.1111111111111111,-7466.887570992632
0.0,0.1,-5847.789665654293
0.0,0.14285714285714285,-13410.29260683547
0.0,0.125,-5688.303341615365
0.0,0.25,-9741.34529287149
0.0,0.1111111111111111,-5162.5816553487275
0.0,0.3333333333333333,-8868.530760350282
0.0,0.0,-17859.184726804106
0.0,0.07692307692307693,-3755.1357780749418
0.0,0.14285714285714285,-17933.81506839214
0.0,0.36363636363636365,-3211.4431909171053
0.0,0.1111111111111111,-13059.223170564288
0.0,0.5,-6687.052339056788
0.0,0.0,-12601.046592480296
0.0,0.25,-14350.364993900088
0.0,0.375,-8135.765505783442
0.0,0.16666666666666666,-11888.080436762273
0.0,0.2222222222222222,-8446.619342124395
0.0,0.4444444444444444,-5579.22265545549
0.0,0.3333333333333333,-8073.743256956513
0.0,0.16666666666666666,-9190.99999329715
0.0,0.125,-13429.944665454506
0.0,0.1111111111111111,-14219.215282044195
0.0,0.16666666666666666,-14913.929738231747
0.0,0.09090909090909091,-6695.707904001883
0.0,0.0,-10491.757304875231
0.0,0.2,-10268.468891134316
0.0,0.5,-5838.55069147296
0.0,0.1,-9221.961679555316
0.0,0.0,-15873.053969623168
0.0,0.08333333333333333,-4569.125162560036
0.0,0.2,-8824.035774999622
0.0,0.1111111111111111,-13606.44181807834
0.0,0.2,-12500.16723285678
0.0,0.09090909090909091,-9704.188880908498
0.0,0.1,-9686.921945579928
0.0,0.0,-17475.49659000937
0.0,0.0,-6840.625105202135
0.0,0.1,-11484.837785154936
0.0,0.09090909090909091,-7298.663742051591
0.0,0.125,-9802.053470985866
0.0,0.14285714285714285,-7663.196561697482
0.0,0.0,-11878.324179123392
0.0,0.16666666666666666,-12317.6983263662
0.0,0.0,-18608.785971693993
0.0,0.25,-7007.875685854543
0.0,0.0,-7173.713025671059
0.0,0.25,-21662.399053294892
0.0,0.08333333333333333,-8086.442909730775
0.0,0.09090909090909091,-12193.526856044135
0.0,0.14285714285714285,-12698.920575618893
0.0,0.3,-4717.855788572534
0.0,0.1,-8345.9269167708
0.0,0.125,-9469.123180257824
0.0,0.375,-7123.403955932727
0.0,0.3333333333333333,-13454.122670592322
0.0,0.5,-3885.263356313129
0.0,0.2,-15187.9731584566
0.0,0.08333333333333333,-4663.208798457592
0.0,0.2222222222222222,-14383.611593548136
0.0,0.2,-11667.193190462713
0.0,0.14285714285714285,-13753.481071811757
0.0,0.14285714285714285,-9755.034645332598
0.0,0.2222222222222222,-6314.620289789973
0.0,0.18181818181818182,-6815.781774239825
0.0,0.16666666666666666,-14731.051032006417
0.0,0.25,-12082.079718307392
0.0,0.18181818181818182,-7261.954034390075
0.0,0.375,-7613.912319562138
0.0,0.125,-16723.66868762353
0.0,0.25,-14514.960576070698
0.0,0.0,-10677.734353622804
0.0,0.0,-12127.38840616294
0.0,0.0,-9444.228311128814
0.0,0.0,-11854.572095246542
0.0,0.125,-9980.871843340681
0.0,0.16666666666666666,-2747.761545731258
0.0,0.09090909090909091,-8327.654262313505
0.0,0.09090909090909091,-9552.714052474515
0.0,0.125,-10572.778801381657
0.0,0.16666666666666666,-11035.656917729208
0.0,0.25,-10634.84440120585
0.0,0.2857142857142857,-11821.862974038408
0.0,0.16666666666666666,-12153.747583124175
0.0,0.1,-9191.853123438343
0.0,0.14285714285714285,-15608.737960027236
0.0,0.125,-16767.973641940476
0.0,0.0,-5908.946443462183
0.0,0.3,-6619.585268843695
0.0,0.125,-13207.416033441514
0.0,0.14285714285714285,-10887.197074435424
0.0,0.07692307692307693,-6036.862684488368
0.0,0.125,-8717.244433268026
0.0,0.08333333333333333,-6076.417316800857
0.0,0.16666666666666666,-6779.078779374009
0.0,0.0,-13131.968642037764
0.0,0.0,-24641.41975799803
0.0,0.07692307692307693,-2453.826474102594
0.0,0.0,-4299.5788996483
0.0,0.3,-3625.6891348286254
0.0,0.2727272727272727,-5694.949733328986
0.0,0.14285714285714285,-12099.183088285941
0.0,0.1111111111111111,-7676.740844819308
0.0,0.0,-8305.831658994879
0.0,0.18181818181818182,-9171.558263279552
0.0,0.125,-9501.050099719872
0.0,0.0,-9708.468094313479
0.0,0.2857142857142857,-13229.77762079033
0.0,0.25,-8681.790783593884
0.0,0.3333333333333333,-9352.728497996926
0.0,0.1111111111111111,-8413.009254906918
0.0,0.2857142857142857,-8417.936907947293
0.0,0.3333333333333333,-12971.65826265171
0.0,0.3333333333333333,-6508.24940255926
0.0,0.2857142857142857,-12011.82524471844
0.0,0.25,-5600.561508834148
0.0,0.2222222222222222,-6022.229222990863
0.0,0.2222222222222222,-12006.810790743153
0.0,0.42857142857142855,-10774.161694469782
0.0,0.16666666666666666,-11570.727382971932
0.0,0.2222222222222222,-10154.395676029264
0.0,0.25,-8192.878883029778
0.0,0.4,-12937.033625603519
0.0,0.16666666666666666,-20838.069763672807
0.0,0.3333333333333333,-8051.90378174105
0.0,0.125,-13956.011116390233
0.0,0.0,-8734.942729794542
0.0,0.16666666666666666,-22081.786934714637
0.0,0.125,-15978.783751352837
0.0,0.0,-11409.059283451226
0.0,0.0,-6454.086374071072
0.0,0.125,-13009.75955337907
0.0,0.0,-14701.595597412905
0.0,0.1,-8100.673755351828
0.0,0.3333333333333333,-4886.83184176271
0.0,0.1111111111111111,-10394.722948583176
0.0,0.14285714285714285,-16547.532902948355
0.0,0.0,-13733.250924983817
0.0,0.2,-13456.433470405582
0.0,0.0,-9891.96639663524
0.0,0.3333333333333333,-6469.82357339618
0.0,0.0,-16615.308863684495
0.0,0.09090909090909091,-9270.3891644163
0.0,0.4444444444444444,-6811.961609791583
0.0,0.1111111111111111,-15412.39602263826
0.0,0.1111111111111111,-6213.007064765081
0.0,0.0,-9978.240710129565
0.0,0.1111111111111111,-8982.29863403215
0.0,0.125,-6190.343442972089
0.0,0.2222222222222222,-5055.914579997302
0.0,0.125,-5791.768137059471
0.0,0.14285714285714285,-9247.525665232351
0.0,0.0,-7994.911496048319
0.0,0.25,-10033.35942726102
0.0,0.3333333333333333,-8905.351139560935
0.0,0.0,-7640.769815469211
0.0,0.1111111111111111,-13190.414986051102
0.0,0.125,-5415.8502941704455
0.0,0.0,-10317.065411669257
0.0,0.125,-10540.508039865894
0.0,0.1,-4971.808264154157
0.0,0.0,-6925.721944257652
0.0,0.125,-9957.48839777438
0.0,0.25,-12754.485331752425
0.0,0.1,-12035.71505915174
0.0,0.1,-8139.369899810958
0.0,0.0,-9555.515816890998
0.0,0.125,-9746.944989232697
0.0,0.125,-12141.179483200687
0.0,0.0,-16619.66874201568
0.0,0.0,-4571.345071849804
0.0,0.3333333333333333,-7757.85962809905
0.0,0.1,-5994.289198004428
0.0,0.14285714285714285,-12655.584161104209
0.0,0.16666666666666666,-12179.170741654701
0.0,0.2857142857142857,-10638.421608289895
0.0,0.3,-5696.172304247701
0.0,0.2857142857142857,-13482.581765534704
0.0,0.2,-7461.085010521921
0.0,0.375,-9458.654118433653
0.0,0.4444444444444444,-6053.229631238454
0.0,0.125,-4699.447479031376
0.0,0.25,-11830.483145636683
0.0,0.25,-618.9857199667834
0.0,0.2857142857142857,-9592.562947591625
0.0,0.1,-11029.557895416092
0.0,0.3333333333333333,-11509.310519232477
0.0,0.3333333333333333,-11669.298159003636
0.0,0.4444444444444444,-6597.040531874139
0.0,0.125,-9769.704421424562
0.0,0.0,-11546.42408048785
0.0,0.15384615384615385,-4222.572625711636
0.0,0.0,-13534.431174962583
0.0,0.0,-17136.930211742274
0.0,0.16666666666666666,-15147.152100748955
0.0,0.0,-10354.539160628068
0.0,0.1,-7757.3093941818615
0.0,0.14285714285714285,-15204.723454640924
0.0,0.2,-18343.30038695736
0.0,0.125,-10182.81751185662
0.0,0.0,-2693.7829661672313
0.0,0.2,-11127.043522416408
0.0,0.18181818181818182,-8863.635550577827
0.0,0.1111111111111111,-13205.833860034576
0.0,0.0,-5532.668737414934
0.0,0.42857142857142855,-10361.228317127436
0.0,0.1,-4559.5192703257035
0.0,0.16666666666666666,-5280.989510699019
0.0,0.2857142857142857,-7653.216774220698
0.0,0.09090909090909091,-8112.379877657742
0.0,0.2222222222222222,-11535.201250632557
0.0,0.1111111111111111,-5219.592416518554
0.0,0.3333333333333333,-10861.235804528715
0.0,0.1111111111111111,-14275.063324092764
0.0,0.0,-6194.263441877609
0.0,0.14285714285714285,-17554.943433485805
0.0,0.3333333333333333,-7890.325793996075
0.0,0.2,-24067.550350598907
0.0,0.0,-5075.024875917034
0.0,0.4444444444444444,-5360.880273764072
0.0,0.0,-22560.692632019458
0.0,0.3333333333333333,-9554.854347992748
0.0,0.14285714285714285,-15832.077536388239
0.0,0.0,-4863.219494389076
0.0,0.16666666666666666,-20790.12200418812
0.0,0.0,-4619.06753989789
0.0,0.07692307692307693,-4634.00773228515
0.0,0.3,-5692.056968935554
0.0,0.1,-12156.777070673701
0.0,0.2,-11059.350659647544
0.0,0.2857142857142857,-9920.410118168456
0.0,0.1111111111111111,-13885.583802994968
0.0,0.0,-8359.577063948775
0.0,0.0,-14889.948997803785
0.0,0.2727272727272727,-2332.007605424309
0.0,0.09090909090909091,-7105.1505999318415
0.0,0.0,-8606.109363539303
0.0,0.1111111111111111,-8127.672818819728
0.0,0.08333333333333333,-3199.056299787295
0.0,0.0,-6105.646415368781
0.0,0.08333333333333333,-6967.012718290237
0.0,0.09090909090909091,-11971.517707385077
0.0,0.0,-5744.849191228827
0.0,0.2727272727272727,-2956.5710427396702
0.0,0.18181818181818182,-9066.694166263323
0.0,0.09090909090909091,-4577.8050418959
0.0,0.25,-12360.219869232413
0.0,0.1111111111111111,-12032.882822763331
0.0,0.125,-9845.673134963465
0.0,0.0,-5154.920483741685
0.0,0.16666666666666666,-9706.913102212397
0.0,0.2727272727272727,-3021.2461699500755
0.0,0.0,-3531.2140529574813
0.0,0.2222222222222222,-14481.030413089533
0.0,0.25,-10058.557085303666
0.0,0.18181818181818182,-7753.063877428706
0.0,0.14285714285714285,-11572.118227936839
0.0,0.1111111111111111,-12365.598175365441
0.0,0.25,-9441.100596085773
0.0,0.3333333333333333,-14383.363417864513
0.0,0.2222222222222222,-9456.857049502192
0.0,0.2222222222222222,-6446.112474582468
0.0,0.2222222222222222,-6660.996929493858
0.0,0.5,-7207.388130339109
0.0,0.125,-12573.984631571779
0.0,0.0,-9687.982466853091
0.0,0.1,-10182.877989142029
0.0,0.2222222222222222,-11731.494810086007
0.0,0.2857142857142857,-13453.214383793369
0.0,0.2857142857142857,-16351.011014889857
0.0,0.14285714285714285,-7809.735549370248
0.0,0.14285714285714285,-10152.489655961832
0.0,0.2222222222222222,-9760.175258727302
0.0,0.375,-8662.358729028354
0.0,0.3,-5365.761033343634
0.0,0.0,-14154.251147240035
0.0,0.125,-16276.2857279522
0.0,0.5,-7702.3085506392235
0.0,0.25,-10958.143279892205
0.0,0.3333333333333333,-16743.926258450836
0.0,0.2,-4924.73192688102
0.0,0.2,-9184.28649159285
0.0,0.14285714285714285,-17480.610731240904
0.0,0.0,-6019.875530602672
0.0,0.2222222222222222,-8938.516296707036
0.0,0.2,-15069.1851570735
0.0,0.42857142857142855,-8379.218319353035
0.0,0.5,-6371.732914429046
0.0,0.3333333333333333,-12414.968257868706
0.0,0.0,-16409.463115809976
0.0,0.0,-11842.670431196362
0.0,0.25,-13223.783211471982
0.0,0.2,-20030.64555003485
0.0,0.125,-18734.24934076783
0.0,0.16666666666666666,-19120.119067769774
0.0,0.16666666666666666,-20205.430729934134
0.0,0.14285714285714285,-20295.660268292082
0.0,0.08333333333333333,-8030.687555468114
0.0,0.125,-13211.848543520333
0.0,0.16666666666666666,-19808.08070583784
0.0,0.14285714285714285,-18413.182547974666
0.0,0.2857142857142857,-17103.765647193075
0.0,0.0,-6282.235721606482
0.0,0.09090909090909091,-7355.518531890022
0.0,0.2,-12741.114983058742
0.0,0.3,-6515.062315828004
0.0,0.16666666666666666,-16382.58321704628
0.0,0.0,-10650.564086616352
0.0,0.16666666666666666,-14441.373734047067
0.0,0.2857142857142857,-16340.478728520982
0.0,0.125,-12296.752092188437
0.0,0.14285714285714285,-18220.77155232891
0.0,0.0,-9147.289883663218
0.0,0.0,-9039.556199309642
0.0,0.5,-14562.781879049495
0.0,0.16666666666666666,-11008.979256433762
0.0,0.3333333333333333,-12048.969550015112
0.0,0.375,-8722.446478151916
0.0,0.0,-7433.76107329118
0.0,0.125,-13276.907985035905
0.0,0.0,-6185.702542526603
0.0,0.1,-10717.58634539807
0.0,0.2222222222222222,-5082.378518895409
0.0,0.0,-11824.038505793562
0.0,0.3,-3914.0155131307106
0.0,0.1,-7787.018265012584
0.0,0.125,-7565.497241850151
0.0,0.0,-6018.325592539149
0.0,0.0,-6951.799357380982
0.0,0.1111111111111111,-8910.438870638583
0.0,0.0,-12123.788139373235
0.0,0.0,-7173.483750866682
0.0,0.14285714285714285,-10527.811821101986
0.0,0.0,-6142.506839297948
0.0,0.0,-9330.149259378031
0.0,0.14285714285714285,-13102.383482709913
0.0,0.14285714285714285,-6244.475529223026
0.0,0.125,-18528.09076083977
0.0,0.1111111111111111,-7116.297597869323
0.0,0.2222222222222222,-9683.852486918197
0.0,0.2,-5852.884787570147
0.0,0.3,-4096.74883320452
0.0,0.125,-9362.931880852399
0.0,0.1,-13528.796987303467
0.0,0.1,-6127.943383215415
0.0,0.1111111111111111,-6096.683773642005
0.0,0.14285714285714285,-14026.114431133772
0.0,0.1,-11644.107552436088
0.0,0.375,-6291.879531152646
0.0,0.125,-12688.880477518102
0.0,0.16666666666666666,-12555.83651940059
0.0,0.1,-10521.811303801736
0.0,0.2222222222222222,-6134.557184688066
0.0,0.1,-9035.352180798338
0.0,0.25,-8581.158170407103
0.0,0.0,-6436.57630693761
0.0,0.2,-10577.327163311787
0.0,0.0,-9771.90015749073
0.0,0.5,-9232.77773104196
0.0,0.0,-8429.90457039289
0.0,0.2,-11089.253334247669
0.0,0.0,-18486.827557240544
0.0,0.14285714285714285,-16868.971025207702
0.0,0.2,-11727.161206921612
0.0,0.1111111111111111,-10119.60389542921
0.0,0.25,-21843.980120529955
0.0,0.4,-16159.11928247848
0.0,0.3333333333333333,-18626.85247599388
0.0,0.3333333333333333,-23939.298852451167
0.0,0.25,-8618.422818564964
0.0,0.125,-11291.496304945353
0.0,0.2,-15718.024561889135
0.0,0.16666666666666666,-1300.6461535196147
0.0,0.1111111111111111,-4631.262025552248
0.0,0.3333333333333333,-17258.29777346608
0.0,0.2,-5527.671296440472
0.0,0.2,-3814.53298250762
0.0,0.2,-19524.90354073699
0.0,0.125,-11186.082760465908
0.0,0.3333333333333333,-7498.06006037997
0.0,0.08333333333333333,-7479.545975658089
0.0,0.3333333333333333,-13800.123318951006
0.0,0.0,-15410.973199530645
0.0,0.0,-9142.415764336129
0.0,0.25,-20525.514841729466
0.0,0.0,-8663.163494902841
0.0,0.1,-10835.021359404811
0.0,0.0,-8670.914150226787
0.0,0.2,-11488.389094135122
0.0,0.18181818181818182,-7456.921932527317
0.0,0.1111111111111111,-11380.508707671372
0.0,0.2,-18362.66660566936
0.0,0.0,-15171.2576836812
0.0,0.1,-3597.1969934842123
0.0,0.0,-11998.919486080043
0.0,0.0,-3860.8293801065133
0.0,0.0,-5368.6525601215535
0.0,0.0,-13791.821454100469
0.0,0.0,-11485.189396192052
0.0,0.2,-8153.886146457007
0.0,0.2857142857142857,-10875.369176689215
0.0,0.125,-9366.569903044277
0.0,0.09090909090909091,-6901.891169313306
0.0,0.16666666666666666,-9067.496924895642
0.0,0.2,-10956.077433843308
0.0,0.1111111111111111,-15031.644142778612
0.0,0.125,-9892.930156531094
0.0,0.09090909090909091,-7617.707904718425
0.0,0.16666666666666666,-9966.119590730983
0.0,0.125,-11311.867045167251
0.0,0.0,-7262.906438500786
0.0,0.16666666666666666,-14835.767204688746
0.0,0.125,-10381.470249092368
0.0,0.0,-5412.516261505494
0.0,0.14285714285714285,-9323.555615614378
0.0,0.1,-5004.985234201789
0.0,0.3333333333333333,-6632.136641349382
0.0,0.09090909090909091,-7359.927087829868
0.0,0.16666666666666666,-9532.436846888957
0.0,0.3,-2884.5185948670305
0.0,0.1,-8259.793244857508
0.0,0.14285714285714285,-8368.124815356281
0.0,0.1,-13487.832694959334
0.0,0.09090909090909091,-8125.057997168131
0.0,0.1,-7153.217570204883
0.0,0.0,-3425.1105020801965
0.0,0.125,-7619.084351068265
0.0,0.3333333333333333,-5286.191835630395
0.0,0.07692307692307693,-3148.289961494947
0.0,0.1111111111111111,-6339.119493574216
0.0,0.3333333333333333,-6457.809070742715
0.0,0.1111111111111111,-13638.740447130001
0.0,0.0,-5778.057675624567
0.0,0.0,-15191.52898478086
0.0,0.1,-9305.025388432952
0.0,0.2857142857142857,-13152.369166242912
0.0,0.2,-6627.741245789708
0.0,0.2222222222222222,-7868.5163618731485
0.0,0.2857142857142857,-9142.959853328884
0.0,0.14285714285714285,-12315.917129863838
0.0,0.16666666666666666,-11382.980596662357
0.0,0.2222222222222222,-5812.885443307497
0.0,0.0,-8623.452315788494
0.0,0.375,-11481.005406612201
0.0,0.3333333333333333,-5608.519889530114
0.0,0.1111111111111111,-8497.204131842873
0.0,0.0,-12689.878550200046
0.0,0.375,-8225.480193123747
0.0,0.14285714285714285,-12234.21716138676
0.0,0.3333333333333333,-6927.32703395896
0.0,0.2857142857142857,-8283.55052165707
0.0,0.18181818181818182,-8285.07308843601
0.0,0.16666666666666666,-8345.893671218337
0.0,0.2857142857142857,-9912.204324585035
0.0,0.1111111111111111,-9803.346345449652
0.0,0.375,-7230.153288609522
0.0,0.0,-10311.78649030571
0.0,0.3,-3719.1228953551868
0.0,0.0,-11035.401435607535
0.0,0.0,-12488.67330087994
0.0,0.2,-13652.43300639564
0.0,0.375,-8498.965470091702
0.0,0.25,-7790.5761695779875
0.0,0.2222222222222222,-7209.1063017750475
0.0,0.3333333333333333,-13634.792709990626
0.0,0.16666666666666666,-14013.34565618178
0.0,0.2,-12148.64335349666
0.0,0.25,-8430.776454149309
0.0,0.6666666666666666,-17189.25066532789
0.0,0.2,-11519.440416229292
0.0,0.1,-6040.97543274266
0.0,0.16666666666666666,-12784.380253601057
0.0,0.375,-7816.841370874986
0.0,0.125,-15974.531957384646
0.0,0.3,-3345.578236661365
0.0,0.1,-11175.1746547866
0.0,0.1111111111111111,-13047.239300086485
0.0,0.0,-7114.514869529203
0.0,0.25,-15363.884724878162
0.0,0.125,-14432.367530610112
0.0,0.09090909090909091,-6897.097560691382
0.0,0.1,-7293.863031122926
0.0,0.0,-6304.693154367558
0.0,0.09090909090909091,-6927.642233101885
0.0,0.16666666666666666,-11248.253039513187
0.0,0.0,-4706.6602115713085
0.0,0.0,-8832.66704811927
0.0,0.0,-4607.631359500971
0.0,0.2,-9375.651778688485
0.0,0.18181818181818182,-4067.71241445235
0.0,0.09090909090909091,-4799.906522279545
0.0,0.18181818181818182,-4027.6261126406584
0.0,0.1,-6915.352334459442
0.0,0.09090909090909091,-2204.475034402113
0.0,0.0,-15773.200338711402
0.0,0.08333333333333333,-2184.815243790751
0.0,0.16666666666666666,-2286.679681298607
0.0,0.08333333333333333,-2238.7063055918234
0.0,0.3333333333333333,-20066.728990335345
0.0,0.2,-6168.108160348261
0.0,0.2222222222222222,-8852.45090027918
0.0,0.125,-9162.155303722833
0.0,0.125,-10121.10362961894
0.0,0.3,-6074.945888840747
0.0,0.125,-11418.25369156589
0.0,0.0,-11770.940542975379
0.0,0.1111111111111111,-5433.220644094346
0.0,0.25,-10307.440273445776
0.0,0.2222222222222222,-8304.503487717386
0.0,0.09090909090909091,-6916.457825995949
0.0,0.1,-8006.626265759189
0.0,0.0,-21615.128916330163
0.0,0.0,-9676.873141992997
0.0,0.1111111111111111,-8169.5167659340095
0.0,0.1111111111111111,-8749.383570603271
0.0,0.3333333333333333,-10551.19660063273
0.0,0.2222222222222222,-8076.678977790087
0.0,0.2,-15128.88946637353
0.0,0.4,-14754.210128086605
0.0,0.3,-5807.059173189651
0.0,0.08333333333333333,-3590.1743550496058
0.0,0.1,-7424.381646838559
0.0,0.0,-8092.660778642174
0.0,0.2,-9737.541906572866
0.0,0.14285714285714285,-10622.5148870085
0.0,0.2857142857142857,-9961.080004002444
0.0,0.16666666666666666,-13809.925634441848
0.0,0.16666666666666666,-17656.760125805515
0.0,0.1111111111111111,-8744.65923273633
0.0,0.1111111111111111,-9113.311226397826
0.0,0.0,-10434.183241034212
0.0,0.2222222222222222,-11877.230715152478
0.0,0.16666666666666666,-11808.537874570819
0.0,0.0,-15906.058727342854
0.0,0.14285714285714285,-13434.522558271714
0.0,0.16666666666666666,-12463.22223373722
0.0,0.0,-9455.73869894528
0.0,0.0,-14112.571280959193
0.0,0.0,-13932.360095010352
0.0,0.0,-9439.86899767797
0.0,0.0,-10686.860195299534
0.0,0.2857142857142857,-11223.011741940916
0.0,0.25,-11639.40148820202
0.0,0.0,-10519.465210490958
0.0,0.0,-17564.020707533164
0.0,0.125,-17046.413579222648
0.0,0.0,-11257.529378470635
0.0,0.0,-12278.53786781624
0.0,0.25,-6698.320018293526
0.0,0.3333333333333333,-3492.698370481503
0.0,0.16666666666666666,-15281.751650797265
0.0,0.0,-11040.287892763856
0.0,0.14285714285714285,-20751.097198592
0.0,0.0,-16723.71562036196
0.0,0.0,-8862.01167601816
0.0,0.16666666666666666,-9942.328002378224
0.0,0.1111111111111111,-14506.882830501116
0.0,0.0,-19983.710975073693
0.0,0.09090909090909091,-5628.506377378432
0.0,0.0,-13287.88565828335
0.0,0.0,-9654.392068538657
0.0,0.1111111111111111,-14795.87907968301
0.0,0.0,-11833.034089787525
0.0,0.25,-10573.165648791088
0.0,0.25,-8639.488047145245
0.0,0.08333333333333333,-4674.3590410289435
0.0,0.1,-8944.673992727481
0.0,0.125,-15428.050840265249
0.0,0.1,-5578.12111899216
0.0,0.125,-14732.979963942893
0.0,0.0,-10317.992150713817
0.0,0.2,-10061.753507513618
0.0,0.08333333333333333,-5077.543324070611
0.0,0.2,-6438.595220178297
0.0,0.0,-11749.440888765143
0.0,0.0,-9817.508258422975
0.0,0.08333333333333333,-5082.472875933175
0.0,0.1,-13410.884486628278
0.0,0.125,-8162.868820554292
0.0,0.08333333333333333,-7671.094644317989
0.0,0.09090909090909091,-6143.025731571649
0.0,0.2,-5967.748801972056
0.0,0.0,-4689.18184437079
0.0,0.25,-12454.721922566792
0.0,0.1,-9451.957577694202
0.0,0.4,-22133.985327107097
0.0,0.42857142857142855,-9751.654984290983
0.0,0.2,-10094.526988584154
0.0,0.4,-14136.383897441108
0.0,0.3333333333333333,-13035.7934517867
0.0,0.0,-13914.873179751428
0.0,0.16666666666666666,-13357.985805725946
0.0,0.125,-10502.32778147899
0.0,0.2,-11195.851368680787
0.0,0.375,-8509.831699275028
0.0,0.25,-9736.519318682731
0.0,0.0,-8954.42688605256
0.0,0.2,-18475.985906975435
0.0,0.16666666666666666,-14881.438948962328
0.0,0.2,-13031.923375981236
0.0,0.0,-13297.74159845613
0.0,0.14285714285714285,-9256.600763732356
0.0,0.125,-13175.66652875172
0.0,0.3,-3575.766516659125
0.0,0.25,-14874.507393152795
0.0,0.2,-6384.877392845624
0.0,0.25,-6524.60752912651
0.0,0.125,-9662.323632671612
0.0,0.2,-12642.980180591754
0.0,0.23076923076923078,-3028.7612836433036
0.0,0.25,-2445.340735828814
0.0,0.18181818181818182,-5591.156322504306
0.0,0.25,-9049.860936669806
0.0,0.18181818181818182,-6114.564112018042
0.0,0.23076923076923078,-1263.5664157718531
0.0,0.2857142857142857,-9502.015707263137
0.0,0.25,-1017.4300901119333
0.0,0.16666666666666666,-11203.573630570141
0.0,0.5,-16971.68176538848
0.0,0.18181818181818182,-5738.723458750972
0.0,0.2857142857142857,-11536.863236586227
0.0,0.4,-13952.833816318285
0.0,0.36363636363636365,-3639.8144879573447
0.0,0.0,-11862.039870209886
0.0,0.0,-9608.620095199867
0.0,0.16666666666666666,-12136.959146979421
0.0,0.25,-9398.98224896082
0.0,0.25,-23195.98388775586
0.0,0.2,-5474.915326019939
0.0,0.125,-9697.423165945118
0.0,0.2222222222222222,-7269.982904633644
0.0,0.18181818181818182,-4954.315801699016
0.0,0.16666666666666666,-11223.980016077981
0.0,0.25,-1748.05705149697
0.0,0.0,-10210.703588609778
0.0,0.16666666666666666,-4765.240861537875
0.0,0.2,-487.45673276612973
0.0,0.3,-5170.245389805802
0.0,0.0,-12777.47142600575
0.0,0.36363636363636365,-1767.9737341782645
0.0,0.4,-14854.52705432806
0.0,0.375,-9920.908206062786
0.0,0.2,-12577.595479502264
0.0,0.0,-13869.76678492259
0.0,0.2,-8840.185566629101
0.0,0.25,-6395.762238486845
0.0,0.2222222222222222,-7917.580730074735
0.0,0.0,-10821.683788483682
0.0,0.125,-14704.875591148699
0.0,0.1111111111111111,-6411.523748702309
0.0,0.0,-18793.50254412002
0.0,0.0,-9818.53203504039
0.0,0.0,-17995.857107740474
0.0,0.0,-9489.771483094739
0.0,0.1,-9028.233703413227
0.0,0.0,-13336.515571135968
0.0,0.07692307692307693,-5327.281954677924
0.0,0.0,-4889.244541532318
0.0,0.18181818181818182,-2675.112991497904
0.0,0.0,-17721.75658519063
0.0,0.2,-4067.8810370036767
0.0,0.2222222222222222,-8169.210696996828
0.0,0.16666666666666666,-9901.94795413078
0.0,0.07142857142857142,-2344.1936188094555
0.0,0.0,-25038.84085272525
0.0,0.16666666666666666,-4282.495432410155
0.0,0.0,-12890.057031046774
0.0,0.2857142857142857,-9454.872926786808
0.0,0.1111111111111111,-10630.112007541353
0.0,0.16666666666666666,-13468.931531005283
0.0,0.0,-13130.448034791098
0.0,0.3333333333333333,-17547.821207694404
0.0,0.25,-18192.139302309533
0.0,0.15384615384615385,-5187.345301702653
0.0,0.25,-9497.290273640483
0.0,0.14285714285714285,-8144.412940991709
0.0,0.07142857142857142,-3054.0941891652824
0.0,0.16666666666666666,-18315.3135374197
0.0,0.0,-8427.628424717695
0.0,0.0,-19200.713333318527
0.0,0.0,-13140.2857941632
0.0,0.1111111111111111,-9332.463144445526
0.0,0.16666666666666666,-12118.455111744213
0.0,0.14285714285714285,-12328.863304273968
0.0,0.25,-10924.411980976087
0.0,0.0,-12158.12543246991
0.0,0.16666666666666666,-1475.8044964272826
0.0,0.125,-10338.527191793259
0.0,0.09090909090909091,-5577.97522658077
0.0,0.0,-12108.706812528935
0.0,0.16666666666666666,-4079.7117480343372
0.0,0.125,-10244.622933318024
0.0,0.09090909090909091,-6707.564430165318
0.0,0.0,-14018.18522327131
0.0,0.18181818181818182,-4290.114734437125
0.0,0.14285714285714285,-11927.310748249802
0.0,0.09090909090909091,-6251.89826526993
0.0,0.0,-13124.87119613773
0.0,0.0,-11245.017893436963
0.0,0.14285714285714285,-11660.064694107654
0.0,0.1111111111111111,-7334.925828810696
0.0,0.0,-16906.54047388257
0.0,0.14285714285714285,-11602.690116392096
0.0,0.0,-11308.570368518835
0.0,0.125,-10723.632108405303
0.0,0.0,-11848.196152841283
0.0,0.07692307692307693,-3435.5814267088213
0.0,0.0,-10331.173467749186
0.0,0.08333333333333333,-4808.725308534236
0.0,0.0,-11633.316158041273
0.0,0.16666666666666666,-3981.876923400816
0.0,0.0,-18259.40334875792
0.0,0.09090909090909091,-6011.59761083847
0.0,0.09090909090909091,-8548.884468629813
0.0,0.0,-12396.840861939501
0.0,0.08333333333333333,-2037.6121502248473
0.0,0.0,-16129.730372048454
0.0,0.07692307692307693,-4528.140892941311
0.0,0.1,-9244.38571845997
0.0,0.0,-12067.920836880163
0.0,0.125,-10433.612220655463
0.0,0.07692307692307693,-1963.7110910402878
0.0,0.0,-8660.726021773302
0.0,0.15384615384615385,-1923.0990301953757
0.0,0.2,-10505.733487949792
0.0,0.1111111111111111,-11559.957106352373
0.0,0.09090909090909091,-4739.501657087696
0.0,0.0,-11669.163226247902
0.0,0.07692307692307693,-2013.1844975921638
0.0,0.1,-7380.980669945578
0.0,0.0,-8875.867893648177
0.0,0.18181818181818182,-6377.225223125328
0.0,0.14285714285714285,-13357.295393952487
0.0,0.09090909090909091,-5856.576659725325
0.0,0.0,-12474.318606591549
0.0,0.2857142857142857,-11136.076995923182
0.0,0.3333333333333333,-7398.180265555104
0.0,0.16666666666666666,-11109.001620229867
0.0,0.14285714285714285,-12525.826773925517
0.0,0.125,-6185.393256891569
0.0,0.14285714285714285,-5834.515001219365
0.0,0.2857142857142857,-12999.98397057473
0.0,0.16666666666666666,-4640.650003513767
0.0,0.14285714285714285,-7791.248967998329
0.0,0.16666666666666666,-7766.233990577113
0.0,0.3333333333333333,-5293.639011518577
0.0,0.2857142857142857,-8656.404963759329
0.0,0.25,-9016.131048777364
0.0,0.16666666666666666,-11956.807793509111
0.0,0.2857142857142857,-11862.07152129657
0.0,0.0,-14415.125788355841
0.0,0.2857142857142857,-13903.073785906941
0.0,0.25,-7166.8346839003
0.0,0.25,-12297.64431010787
0.0,0.2222222222222222,-7416.02009199963
0.0,0.3333333333333333,-8892.90247091563
0.0,0.2857142857142857,-10034.538635719735
0.0,0.5,-14565.599068821182
0.0,0.16666666666666666,-9749.852670465338
0.0,0.3333333333333333,-10377.419271821307
0.0,0.3333333333333333,-11479.5446519164
0.0,0.125,-11953.894563486796
0.0,0.2222222222222222,-7671.553959264179
0.0,0.14285714285714285,-10588.095080319761
0.0,0.125,-11313.617923624899
0.0,0.14285714285714285,-12711.414596101991
0.0,0.16666666666666666,-13649.933869783303
0.0,0.16666666666666666,-9311.91637263607
0.0,0.14285714285714285,-14439.063086047807
0.0,0.125,-8859.939983776938
0.0,0.25,-10717.814249792402
0.0,0.16666666666666666,-11381.089093401391
0.0,0.125,-9034.5573654467
0.0,0.6,-12560.345702461334
0.0,0.2857142857142857,-8850.158170410252
0.0,0.3333333333333333,-10983.48622698283
0.0,0.2857142857142857,-8171.059068859006
0.0,0.42857142857142855,-9069.313191311918
0.0,0.2222222222222222,-5099.118722256923
0.0,0.2857142857142857,-13396.407507427588
0.0,0.2857142857142857,-9939.080654398062
0.0,0.2857142857142857,-11851.314183348046
0.0,0.25,-5796.2075460786555
0.0,0.0,-15715.634370365971
0.0,0.2222222222222222,-9764.440401157897
0.0,0.2222222222222222,-6275.648000273917
0.0,0.5,-18640.273389777303
0.0,0.42857142857142855,-10556.632891540461
0.0,0.42857142857142855,-7958.696063084055
0.0,0.2857142857142857,-10341.628579442217
0.0,0.2222222222222222,-5991.443164223073
0.0,0.42857142857142855,-9670.692468978952
0.0,0.2857142857142857,-15033.184909557625
0.0,0.1,-5644.42038251801
0.0,0.125,-9547.986562736347
0.0,0.2222222222222222,-9158.139037738682
0.0,0.2857142857142857,-11399.8207421468
0.0,0.25,-6817.724276956246
0.0,0.2222222222222222,-7097.027737508985
0.0,0.5,-15368.719214625646
0.0,0.16666666666666666,-10584.44786441291
0.0,0.125,-3767.5651675338577
0.0,0.2222222222222222,-6285.704481998993
0.0,0.14285714285714285,-7959.234581798944
0.0,0.0,-6893.92758428347
0.0,0.0,-9312.169833298589
0.0,0.1,-13035.164272718699
0.0,0.0,-5619.736887744373
0.0,0.3333333333333333,-8599.699166300104
0.0,0.125,-5996.561031732728
0.0,0.25,-12180.841791392531
0.0,0.125,-15135.72438306424
0.0,0.09090909090909091,-4426.176234126269
0.0,0.42857142857142855,-10113.158232048734
0.0,0.0,-7812.804415914277
0.0,0.0,-7634.24737945282
0.0,0.1,-9594.326871420575
0.0,0.3333333333333333,-10320.21249470451
0.0,0.0,-9438.225580533903
0.0,0.18181818181818182,-1795.0830355541889
0.0,0.16666666666666666,-18157.823361108556
0.0,0.0,-20417.66183151007
0.0,0.1,-4590.690282278743
0.0,0.5,-24545.71685410957
0.0,0.16666666666666666,-15615.629220988923
0.0,0.3333333333333333,-15911.108416368015
0.0,0.2222222222222222,-5455.433446745836
0.0,0.2222222222222222,-8573.700745566597
0.0,0.14285714285714285,-13717.555918378654
0.0,0.0,-14388.566073165133
0.0,0.1111111111111111,-9936.041424654604
0.0,0.1,-5682.875815305907
0.0,0.3333333333333333,-15771.781692421224
0.0,0.125,-10858.007467896568
0.0,0.2,-7038.3900223955025
0.0,0.1111111111111111,-8913.062954993504
0.0,0.0,-12109.174928368788
0.0,0.1,-6003.599085505761
0.0,0.09090909090909091,-8181.060346987379
0.0,0.09090909090909091,-5623.255159849351
0.0,0.18181818181818182,-7343.911646747904
0.0,0.2222222222222222,-9353.210336052356
0.0,0.14285714285714285,-10202.76540104605
0.0,0.14285714285714285,-13109.805581297242
0.0,0.2222222222222222,-9505.469217465536
0.0,0.0,-12430.955027869712
0.0,0.0,-10530.078046158098
0.0,0.14285714285714285,-13578.226493634213
0.0,0.125,-9504.28810106639
0.0,0.2,-13813.15128829436
0.0,0.25,-10858.813102063543
0.0,0.14285714285714285,-14670.171962567943
0.0,0.0,-11795.069073789937
0.0,0.0,-10556.941025024167
0.0,0.0,-13086.42674803
0.0,0.4,-15218.36820313077
0.0,0.14285714285714285,-10443.25103989767
0.0,0.14285714285714285,-9816.044770373348
0.0,0.2857142857142857,-10666.790530890077
0.0,0.14285714285714285,-14307.065588488478
0.0,0.2857142857142857,-8189.203904726669
0.0,0.375,-9849.5509504592
0.0,0.2857142857142857,-11498.661368823736
0.0,0.375,-8272.495430711087
0.0,0.2222222222222222,-7797.716292772273
0.0,0.2,-7669.053777032419
0.0,0.0,-11565.589255282628
0.0,0.14285714285714285,-11341.004567657226
0.0,0.2222222222222222,-8162.9418063027515
0.0,0.125,-15418.10908099168
0.0,0.16666666666666666,-14143.070307308533
0.0,0.42857142857142855,-10018.794326120811
0.0,0.16666666666666666,-13770.480222254522
0.0,0.1,-5799.01044578259
0.0,0.0,-13607.45574905636
0.0,0.16666666666666666,-12379.558514915992
0.0,0.0,-14520.119214728735
0.0,0.0,-10426.52001459147
0.0,0.5,-15885.035796367489
0.0,0.16666666666666666,-16003.697994513452
0.0,0.16666666666666666,-10886.289813421281
0.0,0.16666666666666666,-10169.152962262086
0.0,0.14285714285714285,-10463.08264858204
0.0,0.16666666666666666,-7719.681998785785
0.0,0.2857142857142857,-13405.969084513315
0.0,0.2,-16539.25021905626
0.0,0.0,-12646.668986344548
0.0,0.0,-8753.555758502665
0.0,0.5,-20436.71023553574
0.0,0.16666666666666666,-13423.674762209559
0.0,0.0,-13075.820440056154
0.0,0.16666666666666666,-19467.373792992887
0.0,0.14285714285714285,-8315.973978695927
0.0,0.0,-10892.873688545324
0.0,0.2,-16214.139619262945
0.0,0.16666666666666666,-11327.58350310338
0.0,0.1111111111111111,-5761.740658243375
0.0,0.0,-11997.956346878933
0.0,0.1111111111111111,-9441.17713065522
0.0,0.0,-7301.5747585538165
0.0,0.4,-10721.369870368062
0.0,0.14285714285714285,-7252.0197044898505
0.0,0.0,-10079.260023638164
0.0,0.16666666666666666,-11045.507628229387
0.0,0.25,-10559.553606249761
0.0,0.2,-11835.800928289595
0.0,0.1111111111111111,-10327.649877724794
0.0,0.14285714285714285,-13734.13676261551
0.0,0.0,-9960.202507494867
0.0,0.2,-14700.335712937278
0.0,0.14285714285714285,-12107.619761101249
0.0,0.14285714285714285,-11350.575587091293
0.0,0.2857142857142857,-12338.354689139014
0.0,0.125,-9566.184231863283
0.0,0.2222222222222222,-11303.38691552949
0.0,0.125,-11239.715912424304
0.0,0.2222222222222222,-10927.280873433721
0.0,0.125,-13212.839176523512
0.0,0.125,-12265.868534513591
0.0,0.0,-10645.476002614134
0.0,0.0,-14360.964907613856
0.0,0.3333333333333333,-16861.776062698234
0.0,0.125,-6243.316997936682
0.0,0.125,-14274.153224780377
0.0,0.2222222222222222,-6143.081618164547
0.0,0.1,-8902.834813827727
0.0,0.3333333333333333,-11258.9752379017
0.0,0.25,-7699.436749116489
0.0,0.25,-12421.329187071056
0.0,0.0,-6980.1594981500375
0.0,0.5,-16784.469138123914
0.0,0.375,-10598.920949436408
0.0,0.18181818181818182,-6038.892421934927
0.0,0.2857142857142857,-8235.611894447153
0.0,0.0,-13769.52348118225
0.0,0.09090909090909091,-10355.797950423457
0.0,0.5,-13518.970436239471
0.0,0.16666666666666666,-9346.157800160216
0.0,0.3333333333333333,-9614.638954515567
0.0,0.125,-6681.233147129084
0.0,0.2222222222222222,-7560.172673723956
0.0,0.09090909090909091,-5762.538842894992
0.0,0.3333333333333333,-13927.345928438483
0.0,0.6,-14640.813390116862
0.0,0.0,-9005.329404358848
0.0,0.0,-12555.032423598062
0.0,0.08333333333333333,-6031.62398687633
0.0,0.16666666666666666,-10101.503304309987
0.0,0.42857142857142855,-12519.694602833863
0.0,0.16666666666666666,-12440.57401319427
0.0,0.42857142857142855,-12047.254948582808
0.0,0.3333333333333333,-9359.644817323233
0.0,0.2857142857142857,-9800.374141981052
0.0,0.2,-10016.093299645907
0.0,0.125,-11470.719719163946
0.0,0.125,-7525.598808855281
0.0,0.25,-10411.169993872722
0.0,0.42857142857142855,-9714.247624372081
0.0,0.125,-6167.376148747911
0.0,0.2,-4213.5433192227765
0.0,0.16666666666666666,-12747.38812333158
0.0,0.14285714285714285,-9003.691755932454
0.0,0.125,-10811.729989458274
0.0,0.125,-8103.53772184489
0.0,0.16666666666666666,-10479.499717067949
0.0,0.42857142857142855,-8847.91335248043
0.0,0.16666666666666666,-5004.426601464105
0.0,0.2857142857142857,-12290.625088046554
0.0,0.16666666666666666,-14176.078756687537
0.0,0.3333333333333333,-12721.29590589807
0.0,0.2857142857142857,-10409.546288722568
0.0,0.1111111111111111,-9194.629002673202
0.0,0.25,-9689.666989620358
0.0,0.3333333333333333,-11163.5497640636
0.0,0.0,-15711.75042958052
0.0,0.25,-11666.51919941349
0.0,0.2222222222222222,-3663.0829452176863
0.0,0.14285714285714285,-12374.23720648535
0.0,0.15384615384615385,-3325.080832389971
0.0,0.14285714285714285,-4678.258356017101
0.0,0.2222222222222222,-6761.196405961685
0.0,0.0,-6870.012761544964
0.0,0.2,-5626.639934875191
0.0,0.14285714285714285,-10092.193821310952
0.0,0.1,-7922.284307323146
0.0,0.18181818181818182,-4550.873999065843
0.0,0.16666666666666666,-10449.808515378008
0.0,0.1,-5087.382935448184
0.0,0.14285714285714285,-7266.556558232164
0.0,0.1111111111111111,-6080.040574190908
0.0,0.0,-10648.025537986134
0.0,0.42857142857142855,-10047.102508326914
0.0,0.0,-8717.409247843992
0.0,0.3,-6773.627010980903
0.0,0.0,-11618.035762603
0.0,0.14285714285714285,-6395.325817576164
0.0,0.1111111111111111,-6900.124736671312
0.0,0.16666666666666666,-7148.904740744037
0.0,0.2,-18449.581398942086
0.0,0.125,-8758.865038065716
0.0,0.2,-5903.688350504779
0.0,0.0,-7561.233533401732
0.0,0.0,-9956.009070158138
0.0,0.2857142857142857,-12828.420116656946
0.0,0.0,-12906.292139645318
0.0,0.0,-11432.758570074091
0.0,0.25,-11875.86941682125
0.0,0.125,-7540.778336394426
0.0,0.3333333333333333,-12132.288813428147
0.0,0.3333333333333333,-13465.359898038942
0.0,0.14285714285714285,-3218.257123190142
0.0,0.14285714285714285,-8585.733464752135
0.0,0.2857142857142857,-9714.504844821515
0.0,0.1,-7048.736918542099
0.0,0.15384615384615385,-5186.827662481175
0.0,0.0,-10493.509438908568
0.0,0.3333333333333333,-9679.945454973424
0.0,0.09090909090909091,-9242.91902450556
0.0,0.6,-13544.845091470637
0.0,0.5,-13588.820373807697
0.0,0.2222222222222222,-5947.924556074572
0.0,0.3333333333333333,-20869.38318771324
0.0,0.3,-5403.425912661572
0.0,0.5,-11113.700458763788
0.0,0.14285714285714285,-8316.28970090058
0.0,0.4,-11542.279479174864
0.0,0.25,-7414.501608096723
0.0,0.25,-16892.927424388854
0.0,0.3333333333333333,-7064.0021002362855
0.0,0.3333333333333333,-12327.097533186243
0.0,0.2857142857142857,-10546.440081324768
0.0,0.3333333333333333,-7087.176276118701
0.0,0.0,-10999.883063475389
0.0,0.0,-14841.321252500751
0.0,0.2857142857142857,-10186.406982291888
0.0,0.0,-20733.58856555747
0.0,0.09090909090909091,-6313.785442831647
0.0,0.0,-19905.658096646777
0.0,0.16666666666666666,-9184.052319229973
0.0,0.1,-7185.809009325807
0.0,0.14285714285714285,-11934.599813481474
0.0,0.0,-25305.37488357908
0.0,0.14285714285714285,-10339.743886908092
0.0,0.25,-7325.707805320276
0.0,0.0,-8665.031434636054
0.0,0.0,-17274.80825015412
0.0,0.13333333333333333,1105.7928167597688
0.0,0.0,-5736.281131868173
0.0,0.25,-3773.7090746067397
0.0,0.42857142857142855,-6532.958227891151
0.0,0.3333333333333333,-6475.032279655672
0.0,0.1,-11014.55104423425
0.0,0.18181818181818182,-6905.316681212549
0.0,0.2,-6808.804359898127
0.0,0.0,-16294.011536333413
0.0,0.2,-6972.892192684181
0.0,0.0,-12724.054968472601
0.0,0.125,-9859.581623761133
0.0,0.0,-9226.965549512981
0.0,0.0,-9674.843731315448
0.0,0.0,-15485.790719009383
0.0,0.125,-11358.719679930782
0.0,0.3333333333333333,-7756.49163591336
0.0,0.25,-10755.621766227177
0.0,0.2,-13366.282720411846
0.0,0.14285714285714285,-12251.176665498615
0.0,0.0,-7878.790987502238
0.0,0.0,-14379.295731826302
0.0,0.1111111111111111,-9809.755630587064
0.0,0.09090909090909091,-3840.503205058647
0.0,0.125,-9752.425930929356
0.0,0.0,-3102.943190780775
0.0,0.4,-16658.844570990706
0.0,0.2857142857142857,-10297.726765827141
0.0,0.0,-15454.523478309047
0.0,0.16666666666666666,-13330.607076288728
0.0,0.0,-14337.333577042129
0.0,0.25,-1784.7585071337735
0.0,0.2222222222222222,-9751.20648902454
0.0,0.0,-11944.840121767573
0.0,0.3333333333333333,-7191.035829621635
0.0,0.25,-5767.070461521562
0.0,0.2,-5626.677669823416
0.0,0.375,-7747.88430887268
0.0,0.3333333333333333,-13890.323901746513
0.0,0.2857142857142857,-9330.650050374275
0.0,0.2,-15773.777395996663
0.0,0.375,-8008.393941244248
0.0,0.3333333333333333,-13316.20183857401
0.0,0.2857142857142857,-9708.202784043966
0.0,0.2,-4565.5216106749285
0.0,0.2222222222222222,-5405.405350984925
0.0,0.375,-7966.513745428052
0.0,0.42857142857142855,-8778.302755295555
0.0,0.25,-12365.747036642188
0.0,0.2857142857142857,-13808.938669390292
0.0,0.2,-7630.218623031364
0.0,0.2222222222222222,-9130.606527642158
0.0,0.2222222222222222,-6743.9170680408615
0.0,0.25,-9093.276710823875
0.0,0.2,-7226.548007290561
0.0,0.2222222222222222,-8334.593445821714
0.0,0.2222222222222222,-8457.050251179333
0.0,0.25,-9318.1885746983
0.0,0.3333333333333333,-7597.722836668248
0.0,0.125,-11258.14581545311
0.0,0.375,-8804.839002446754
0.0,0.25,-9391.239922943478
0.0,0.125,-9629.069532320093
0.0,0.2857142857142857,-9946.946250818797
0.0,0.25,-11032.879906889722
0.0,0.2857142857142857,-11999.982126939063
0.0,0.2222222222222222,-5348.915702241797
0.0,0.25,-6684.064331382747
0.0,0.2222222222222222,-9631.430876952247
0.0,0.08333333333333333,-5633.505891604919
0.0,0.25,-10695.57371256377
0.0,0.2,-8714.075131152806
0.0,0.2222222222222222,-9992.907794512392
0.0,0.2,-5463.971811399229
0.0,0.2222222222222222,-6662.53084350397
0.0,0.3,-6478.019755496093
0.0,0.3333333333333333,-9021.855569707819
0.0,0.25,-7900.107389958001
0.0,0.2857142857142857,-8771.974683506442
0.0,0.6666666666666666,-19346.808651943647
0.0,0.2,-5574.741595791249
0.0,0.2,-9977.780058541864
0.0,0.0625,-3208.780647348475
0.0,0.0,-13245.558212887074
0.0,0.2857142857142857,-7963.341858666257
0.0,0.5,-2876.356016782898
0.0,0.2727272727272727,-5511.716268266577
0.0,0.2222222222222222,-9328.189954401856
0.0,0.2,-5621.560024553654
0.0,0.14285714285714285,-13427.572351044817
0.0,0.07692307692307693,-3763.578964393674
0.0,0.14285714285714285,-9947.233407717506
0.0,0.2,-4784.315683922991
0.0,0.3076923076923077,-3662.8616052072744
0.0,0.0,-13652.134902713091
0.0,0.15384615384615385,-4196.272566318162
0.0,0.4,-9516.102205644038
0.0,0.0,-16188.133261977051
0.0,0.36363636363636365,-4286.771001908005
0.0,0.08333333333333333,-6259.482589514883
0.0,0.125,-9160.14822446906
0.0,0.09090909090909091,-6047.206689591768
0.0,0.08333333333333333,-2022.079148476842
0.0,0.2,-6578.888064689127
0.0,0.1111111111111111,-8824.898726529938
0.0,0.2,-7259.834243859563
0.0,0.2222222222222222,-13470.360569030143
0.0,0.14285714285714285,-16360.115552983336
0.0,0.25,-7481.32951299862
0.0,0.2857142857142857,-10937.236407263521
0.0,0.3333333333333333,-12383.376577158175
0.0,0.09090909090909091,-4964.32825888555
0.0,0.07692307692307693,-373.73776820772036
0.0,0.25,-2148.779853139683
0.0,0.2727272727272727,-4345.968992951437
0.0,0.14285714285714285,-10085.4388907835
0.0,0.3,-1622.2323227986349
0.0,0.2222222222222222,-8072.033667227732
0.0,0.2857142857142857,-14300.830081953274
0.0,0.2,-6243.181418884569
0.0,0.0,-11767.814202513666
0.0,0.0,-8993.68586509376
0.0,0.0,-9070.278934862714
0.0,0.1111111111111111,-11242.186182351914
0.0,0.1111111111111111,-8320.50111727937
0.0,0.3333333333333333,-4285.279861083928
0.0,0.36363636363636365,-593.4616259616816
0.0,0.3333333333333333,-16252.816216808353
0.0,0.15384615384615385,-4398.9621759206175
0.0,0.3,-1540.638586429548
0.0,0.125,-3921.1208799161336
0.0,0.5,-11220.288424525981
0.0,0.23076923076923078,-3589.497963333603
0.0,0.25,-9588.318873367347
0.0,0.2222222222222222,-11472.299325216223
0.0,0.4166666666666667,-2336.0367969996632
0.0,0.16666666666666666,85.9423093560078
0.0,0.36363636363636365,-1868.7684189848778
0.0,0.15384615384615385,-3941.428472826579
0.0,0.13333333333333333,-5462.472718753459
0.0,0.125,-9661.576252810677
0.0,0.1875,-4462.6612196242095
0.0,0.3333333333333333,-7285.4100131922405
0.0,0.1,-4754.363725412832
0.0,0.125,-11768.847633448573
0.0,0.3333333333333333,-9977.28197954872
0.0,0.2,-3840.7881151357083
0.0,0.25,-7014.2755790436
0.0,0.25,-8412.367698642898
0.0,0.23076923076923078,-3134.566164670097
0.0,0.25,-7493.112163664484
0.0,0.4,-18318.036947858305
0.0,0.16666666666666666,-9255.839213302574
0.0,0.3,-763.7093984923044
0.0,0.5555555555555556,-2558.8851577455407
0.0,0.2222222222222222,-7644.377416870811
0.0,0.4,-5583.2927841512255
0.0,0.13333333333333333,-5201.300133591943
0.0,0.3333333333333333,-15184.71092955008
0.0,0.3333333333333333,-9043.069411677516
0.0,0.3333333333333333,-6684.935652449281
0.0,0.75,-2567.453861127837
0.0,0.2857142857142857,-12927.824203966145
0.0,0.14285714285714285,-6788.514016664572
0.0,0.15384615384615385,833.55085038239
0.0,0.18181818181818182,-9929.009928186408
0.0,0.16666666666666666,-6347.146912546377
0.0,0.16666666666666666,-6143.565397552864
0.0,0.09090909090909091,-4399.673241757254
0.0,0.23076923076923078,-663.3423406818981
0.0,0.21428571428571427,-6137.212189904624
0.0,0.16666666666666666,-18995.17150035062
0.0,0.3333333333333333,-13330.035184711025
0.0,0.2,-17901.244764254854
0.0,0.07692307692307693,221.17557665751164
0.0,0.2,-6673.160286682516
0.0,0.18181818181818182,-2464.1226806573472
0.0,0.25,-11102.368703565438
0.0,0.2727272727272727,-3301.618646669912
0.0,0.0,-9141.759680105135
0.0,0.25,-10395.308149320168
0.0,0.2222222222222222,-8792.45111080234
0.0,0.2857142857142857,-12520.877512407193
0.0,0.18181818181818182,-7318.52671969096
0.0,0.18181818181818182,-5126.973117089836
0.0,0.14285714285714285,-5892.5590069190885
0.0,0.2222222222222222,-9593.209380628441
0.0,0.25,-8357.234112452606
0.0,0.0,-14175.580848547062
0.0,0.1111111111111111,-8993.282377896798
0.0,0.375,-11051.460835076883
0.0,0.2,-8378.467830966614
0.0,0.2727272727272727,-9421.408837279756
0.0,0.3076923076923077,-4126.743148946151
0.0,0.1111111111111111,-7679.26311069901
0.0,0.23076923076923078,-7716.692466167442
0.0,0.125,-13887.250329736647
0.0,0.1,-5979.426779753664
0.0,0.125,-10312.388292171514
0.0,0.2857142857142857,-13063.259788661784
0.0,0.2857142857142857,-12408.472805488826
0.0,0.42857142857142855,-15474.750699428922
0.0,0.2857142857142857,-9718.330446740682
0.0,0.1111111111111111,-6918.6752688833
0.0,0.0,-11523.490317266633
0.0,0.36363636363636365,-735.5934141482171
0.0,0.18181818181818182,-2579.019202639621
0.0,0.2,-7382.419553159838
0.0,0.375,-7732.059107224846
0.0,0.25,-8248.557433599406
0.0,0.1,-7074.49995851915
0.0,0.21428571428571427,5097.199145284129
0.0,0.25,-17551.39991115492
0.0,0.25,-6197.2072013956395
0.0,0.18181818181818182,-2396.14277546459
0.0,0.14285714285714285,-11597.957805865804
0.0,0.13333333333333333,2620.75152275769
0.0,0.2222222222222222,-10103.681485304485
0.0,0.14285714285714285,-6069.7932299872355
0.0,0.125,-14322.480452174972
0.0,0.3333333333333333,-3523.620950313137
0.0,0.375,-5465.281742303381
0.0,0.125,-9817.239585047806
0.0,0.15384615384615385,-2815.3687384381337
0.0,0.4,-8569.225195376863
0.0,0.2857142857142857,-10276.440723922326
0.0,0.14285714285714285,-5726.477878230474
0.0,0.2,-9985.311057283561
0.0,0.14285714285714285,-3513.253448198483
0.0,0.2222222222222222,-8621.577058213365
0.0,0.2,-7856.4849589342675
0.0,0.16666666666666666,-13029.927838890944
0.0,0.1111111111111111,-6464.604461741777
0.0,0.125,-4259.043583421098
0.0,0.18181818181818182,-3583.4952420341233
0.0,0.0,-13660.5149665029
0.0,0.25,-2533.857263921883
0.0,0.125,-4153.495549862484
0.0,0.3333333333333333,-7600.69483332385
0.0,0.1875,-3340.392957101798
0.0,0.2727272727272727,-5100.952387433233
0.0,0.16666666666666666,-5972.718408048745
0.0,0.2,-6153.051805022056
0.0,0.07692307692307693,-1935.888381793907
0.0,0.25,-3773.6942249960384
0.0,0.2,-9878.88347208791
0.0,0.18181818181818182,-4635.135709489882
0.0,0.18181818181818182,-8448.142299935866
0.0,0.2,-5229.453962008644
0.0,0.14285714285714285,-7133.691421604384
0.0,0.2,-4687.7660451437405
0.0,0.125,-3834.162498672826
0.0,0.08333333333333333,-2059.2550567140956
0.0,0.2222222222222222,-9485.72536712656
0.0,0.23076923076923078,3048.428095335399
0.0,0.16666666666666666,-2742.931448739748
0.0,0.25,-1604.824186318833
0.0,0.1,-5609.862793394302
0.0,0.21428571428571427,-1496.1459512048975
0.0,0.0,-12332.134561328588
0.0,0.2,-8037.845481636159
0.0,0.0,-13257.118769680776
0.0,0.42857142857142855,-5099.915750551639
0.0,0.1,-6954.907605195892
0.0,0.15384615384615385,-6845.404350099014
0.0,0.13333333333333333,-5385.5091023267305
0.0,0.2857142857142857,-13845.07651498555
0.0,0.2222222222222222,-6144.788050556897
0.0,0.1111111111111111,-5980.27828968015
0.0,0.18181818181818182,-1436.557021517983
0.0,0.2857142857142857,-12025.90186778899
0.0,0.08333333333333333,-3053.2089509119123
0.0,0.2222222222222222,-10196.379992280765
0.0,0.14285714285714285,-5863.671175857289
0.0,0.2222222222222222,-8449.130461153627
0.0,0.2222222222222222,-7855.925944868525
0.0,0.25,-11023.853291414984
0.0,0.2,-3546.1002463584496
0.0,0.2857142857142857,-11540.613250026214
0.0,0.07692307692307693,-8863.962067362458
0.0,0.0,-11416.902381365335
0.0,0.16666666666666666,-8860.503158336054
0.0,0.2857142857142857,-11049.982919311775
0.0,0.1,-7308.3848192887
0.0,0.1,-8575.790571549265
0.0,0.16666666666666666,-7513.551865707503
0.0,0.125,-15524.485587657457
0.0,0.25,-7957.565168532681
0.0,0.15384615384615385,-5851.012212776482
0.0,0.23076923076923078,-7217.862777091435
0.0,0.07692307692307693,-4818.0566903765475
0.0,0.3,-4967.647906395661
0.0,0.25,-1657.5054987519284
0.0,0.0,-9207.360802591493
0.0,0.3,-5918.101828012419
0.0,0.3333333333333333,-6031.03240658197
0.0,0.25,-8342.592659511833
0.0,0.09090909090909091,-12166.852288756258
0.0,0.4444444444444444,-7833.682855277469
0.0,0.25,-8812.517003267509
0.0,0.2222222222222222,-4366.119637385256
0.0,0.3333333333333333,-6709.404909023661
0.0,0.14285714285714285,-15451.450519780117
0.0,0.125,-11049.944182294317
0.0,0.3,-9046.242737527145
0.0,0.3333333333333333,-10368.424696233289
0.0,0.3333333333333333,-11197.88262771883
0.0,0.2222222222222222,-7802.964509270729
0.0,0.125,-11416.891468572321
0.0,0.2857142857142857,-6927.646975715637
0.0,0.3333333333333333,-14902.969571291485
0.0,0.2,-5780.088678586891
0.0,0.2222222222222222,-7089.786466597538
0.0,0.2,-9811.763116579508
0.0,0.3,-7869.802937425918
0.0,0.23076923076923078,-6499.304573554743
0.0,0.1111111111111111,-9391.58265965589
0.0,0.1,-6572.459691843273
0.0,0.42857142857142855,-5349.800491359856
0.0,0.5,-7064.802799929865
0.0,0.3333333333333333,2149.4285194248764
0.0,0.3,-2295.5696522678886
0.0,0.0,-9719.192620806789
0.0,0.2727272727272727,-4133.3322586183385
0.0,0.2222222222222222,-4967.610360928602
0.0,0.16666666666666666,-10344.236033989548
0.0,0.2,-18476.400457693526
0.0,0.1,-5834.192614327556
0.0,0.0,-8999.321037940199
0.0,0.2727272727272727,922.7925096362634
0.0,0.1111111111111111,-10415.89170607955
0.0,0.125,-10952.099765778803
0.0,0.1875,-949.5108249221898
0.0,0.21052631578947367,4489.103042004329
0.0,0.23076923076923078,129.5806422243529
0.0,0.25,-7882.551944544607
0.0,0.26666666666666666,-2642.783015044915
0.0,0.5,-11187.307220945379
0.0,0.2727272727272727,-8716.129562455662
0.0,0.1111111111111111,-7947.670575466113
0.0,0.1,-9856.40359382531
0.0,0.05555555555555555,-1375.1257156209622
0.0,0.125,-11632.242153803849
0.0,0.4,-19795.996287622173
0.0,0.25,-3740.2281150029035
0.0,0.3333333333333333,2650.845068207679
0.0,0.1875,952.7413864456363
0.0,0.2727272727272727,1327.1609837914625
0.0,0.18181818181818182,-6694.424674068828
0.0,0.18181818181818182,-3353.8414548680553
0.0,0.14285714285714285,-10399.258988582338
0.0,0.07692307692307693,-303.1435723022474
0.0,0.2,-7405.747824095835
0.0,0.18181818181818182,-2959.8254128465173
0.0,0.3,-3065.5710271948756
0.0,0.25,-4826.893977521999
0.0,0.2727272727272727,-2075.7948158018353
0.0,0.18181818181818182,-2990.3886674158293
0.0,0.21428571428571427,-6015.109833983591
0.0,0.375,-9963.08329958849
0.0,0.3333333333333333,-4608.862467877445
0.0,0.2727272727272727,-5606.537574324261
0.0,0.08333333333333333,-3507.207972553705
0.0,0.18181818181818182,-9486.624215489783
0.0,0.2222222222222222,-12128.620294109058
0.0,0.2727272727272727,-4530.766257148061
0.0,0.2222222222222222,-10774.065833084218
0.0,0.16666666666666666,-9121.35809194923
0.0,0.4,-7445.083120659571
0.0,0.36363636363636365,-3043.998957642004
0.0,0.4,-3645.4197474651023
0.0,0.3,-2826.8590294642618
0.0,0.25,-4848.138176490889
0.0,0.07692307692307693,-988.371066842894
0.0,0.5,-19225.44507166177
0.0,0.18181818181818182,-3490.4955876152285
0.0,0.2,-7372.67548162218
0.0,0.3333333333333333,-8371.36642756636
0.0,0.2727272727272727,-3710.348293425685
0.0,0.4,-2873.271664385517
0.0,0.3333333333333333,-10184.074043747274
0.0,0.3,-4844.062663790795
0.0,0.125,-3542.9747556054813
0.0,0.08333333333333333,-1806.5360532485022
0.0,0.13333333333333333,-4663.4434379764525
0.0,0.2,-3806.536234217514
0.0,0.3333333333333333,-6745.648020245194
0.0,0.2,-420.889551511731
0.0,0.125,-11963.559199795667
0.0,0.1111111111111111,-11680.072428536614
0.0,0.3333333333333333,-1120.5544668600598
0.0,0.3333333333333333,-7596.85730018635
0.0,0.14285714285714285,-5827.781812910296
0.0,0.09090909090909091,-6576.143377388563
0.0,0.18181818181818182,-980.0150918844114
0.0,0.2857142857142857,-8698.592248362114
0.0,0.1111111111111111,-8997.582855146275
0.0,0.18181818181818182,-4954.672521403839
0.0,0.1111111111111111,-9398.014358860075
0.0,0.125,-9410.20584673821
0.0,0.0,-9004.445017701808
0.0,0.2222222222222222,-4689.854662016261
0.0,0.2857142857142857,-13360.060921499524
0.0,0.1,-4388.11211076286
0.0,0.1111111111111111,-6304.4886951529725
0.0,0.0,-9355.314148065401
0.0,0.3333333333333333,-9184.738476820181
0.0,0.1111111111111111,-11371.457228684389
0.0,0.5,-6603.290939961829
0.0,0.18181818181818182,-5232.3510695023915
0.0,0.2,-3864.076985493587
0.0,0.2727272727272727,-8499.36709932688
0.0,0.36363636363636365,-4599.624855954765
0.0,0.18181818181818182,-4476.891401412338
0.0,0.2222222222222222,-7609.085267678274
0.0,0.2727272727272727,-6153.150237368904
0.0,0.1,-9334.025552799289
0.0,0.2222222222222222,-8193.099505419179
0.0,0.21428571428571427,-5803.424924846248
0.0,0.42857142857142855,-8745.585098710344
0.0,0.2222222222222222,-10201.358960131716
0.0,0.2222222222222222,-7566.665098413397
0.0,0.4444444444444444,-3443.8748402976
0.0,0.1111111111111111,-8446.018535231255
0.0,0.09090909090909091,-4568.873733197689
0.0,0.23076923076923078,-7117.423086831097
0.0,0.2,-7863.967885661345
0.0,0.21428571428571427,-5516.674651628693
0.0,0.1,-8273.046658674422
0.0,0.21428571428571427,-6227.905493321442
0.0,0.2857142857142857,-2525.5997030008543
0.0,0.0,-15047.315862352518
0.0,0.25,-8815.407040360913
0.0,0.125,-14507.573220902199
0.0,0.09090909090909091,-7800.325061414042
0.0,0.21428571428571427,-6150.422818945191
0.0,0.14285714285714285,-6705.357526037703
0.0,0.21428571428571427,-6448.89647461235
0.0,0.2,-5520.767411792392
0.0,0.125,-9184.518464500417
0.0,0.5714285714285714,-12364.597556488327
0.0,0.1111111111111111,-10520.771613808773
0.0,0.25,-12646.020084871156
0.0,0.18181818181818182,-9413.34559083722
0.0,0.25,-11199.511986670488
0.0,0.2857142857142857,-12353.800934905868
0.0,0.25,-9802.033096753576
0.0,0.2857142857142857,-9364.078980351394
0.0,0.3,-4337.997718511645
0.0,0.375,-7918.282931823443
0.0,0.23076923076923078,-7228.50393556827
0.0,0.14285714285714285,-13109.106367706096
0.0,0.1,-5516.854538787133
0.0,0.2222222222222222,-8239.022275253177
0.0,0.3333333333333333,-17030.048162191502
0.0,0.13333333333333333,-5168.200167352039
0.0,0.5714285714285714,-6023.74885011648
0.0,0.09090909090909091,-6248.058881806452
0.0,0.08333333333333333,-1396.797404992256
0.0,0.42857142857142855,-6634.0870462407975
0.0,0.5,-7140.076009596471
0.0,0.14285714285714285,-5391.25020202864
0.0,0.5,-6589.201056941023
0.0,0.42857142857142855,-6700.6155477192615
0.0,0.09090909090909091,-3066.018055346697
0.0,0.2222222222222222,-5883.936001007981
0.0,0.15384615384615385,-7159.693580834017
0.0,0.16666666666666666,-8357.577181524823
0.0,0.3333333333333333,-7009.1027423923615
0.0,0.0,-15250.431941351488
0.0,0.0,-11388.78118261859
0.0,0.3,-980.0243213289768
0.0,0.14285714285714285,-12508.396065020783
0.0,0.2857142857142857,-2836.6303605251587
0.0,0.26666666666666666,-1960.2496148452533
0.0,0.3333333333333333,-6063.480672007367
0.0,0.0,-16339.476829576059
0.0,0.14285714285714285,-12597.545674408628
0.0,0.23076923076923078,-7181.01302105195
0.0,0.1,-8771.389255393542
0.0,0.375,-7188.854840629925
0.0,0.3,-5530.299785886096
0.0,0.25,-7520.80791880138
0.0,0.2,-7527.985121146031
0.0,0.2222222222222222,-6984.076327840459
0.0,0.13333333333333333,-4702.944356037612
0.0,0.3333333333333333,-8900.367758147362
0.0,0.2,-9309.950383451955
0.0,0.18181818181818182,-8837.066898124753
0.0,0.3333333333333333,-9518.673613313425
0.0,0.18181818181818182,-7057.05958120858
0.0,0.4444444444444444,-8635.465534632902
0.0,0.2222222222222222,-7899.428696326481
0.0,0.21428571428571427,-5921.1022997033815
0.0,0.07692307692307693,-8648.027338871056
0.0,0.0,-13762.687044422815
0.0,0.2222222222222222,-4648.2686571664635
0.0,0.0,-10874.65621804025
0.0,0.16666666666666666,4562.502857170184
0.0,0.0,-17244.722154029936
0.0,0.25,-5301.40335974099
0.0,0.15384615384615385,747.1770522771914
0.0,0.25,1892.9607067694453
0.0,0.14285714285714285,1569.4531088625106
0.0,0.25,-13984.831682851598
0.0,0.375,-10119.289430021992
0.0,0.23529411764705882,538.4390259160836
0.0,0.26666666666666666,-1251.6682524767316
0.0,0.14285714285714285,-18012.05736759285
0.0,0.4444444444444444,-7410.257284619339
0.0,0.25,-2978.980371164592
0.0,0.2727272727272727,-3664.5021599924257
0.0,0.25,-6878.62299619403
0.0,0.2222222222222222,-7932.530816971745
0.0,0.36363636363636365,-3712.3402998676665
0.0,0.3333333333333333,-7780.6693784232375
0.0,0.4,-17400.018071848495
0.0,0.1,-13772.406042321629
0.0,0.2727272727272727,-9468.946204219965
0.0,0.375,-12680.533247741187
0.0,0.5,-14058.388125338592
0.0,0.2857142857142857,-13175.203959683682
0.0,0.2222222222222222,-9599.497771564425
0.0,0.2857142857142857,-9573.845576213298
0.0,0.08333333333333333,-7048.957014213856
0.0,0.06666666666666667,-5566.444463105272
0.0,0.4444444444444444,-3672.8760214349963
0.0,0.0,-10960.559113601581
0.0,0.2222222222222222,-8093.54895743804
0.0,0.18181818181818182,-7275.878465676962
0.0,0.5,-19707.274560910977
0.0,0.15384615384615385,-3277.0585743337715
0.0,0.25,-1425.94497274772
0.0,0.23076923076923078,-19.64408633583288
0.0,0.25,-2779.736900064122
0.0,0.2,-8305.388464406744
0.0,0.3,-6015.148608587496
0.0,0.25,-12625.25932224843
0.0,0.15384615384615385,-4289.456391041073
0.0,0.15384615384615385,-4057.6559598220424
0.0,1.0,0.0
0.0,0.15384615384615385,-5338.481210229692
0.0,0.08333333333333333,-2836.2797503102715
0.0,0.3,-5757.6351038709945
0.0,0.25,-12200.022202959986
0.0,0.2222222222222222,-6084.642965314291
0.0,0.18181818181818182,-6429.388282050069
0.0,0.6666666666666666,-8912.494515690436
0.0,0.18181818181818182,-2154.8092154748197
0.0,0.2727272727272727,-5785.246000995302
0.0,0.3,-6400.538970062299
0.0,0.18181818181818182,-7130.302273050924
0.0,0.25,-2723.2724618429925
0.0,0.125,-4087.0482125316444
0.0,0.16666666666666666,-5424.293219756637
0.0,0.25,-787.1282983189113
0.0,0.3076923076923077,-1293.7920305182531
0.0,0.2,-5319.81437279956
0.0,0.15384615384615385,-1881.9452208085108
0.0,0.3333333333333333,-3596.6948135005905
0.0,0.2857142857142857,-13543.92029437599
0.0,0.2727272727272727,675.494259945522
0.0,0.0,-11021.324319198555
0.0,0.125,-6617.409290171815
0.0,0.1,-9397.097259359172
0.0,0.2,-6828.381559001253
0.0,0.14285714285714285,-6088.251960438065
0.0,0.1111111111111111,-8052.21151522826
0.0,0.2222222222222222,-7686.729106553649
0.0,0.2222222222222222,-8832.860605333217
0.0,0.16666666666666666,-8816.846201052049
0.0,0.08333333333333333,-801.6418441478044
0.0,0.09090909090909091,-2746.123447276532
0.0,0.16666666666666666,-2952.708986847402
0.0,0.125,-9618.354903683856
0.0,0.2,-7075.736495915369
0.0,0.2222222222222222,-7332.193445188216
0.0,0.08333333333333333,-1339.4584146581196
0.0,0.14285714285714285,-5817.747613254206
0.0,0.0,-8907.032196754872
0.0,0.375,-8439.805514026557
0.0,0.2222222222222222,-10195.877222650148
0.0,0.23076923076923078,-7412.593682947612
0.0,0.25,-11924.830501543476
0.0,0.2,-6290.94521930078
0.0,0.4,-2620.6544564423707
0.0,0.3333333333333333,-8435.192042085755
0.0,0.25,-7972.489516870406
0.0,0.3,-6850.38918444811
0.0,0.18181818181818182,-3877.022508103838
0.0,0.21428571428571427,-5150.865948656711
0.0,0.23076923076923078,-6768.830363133509
0.0,0.3333333333333333,-4583.757222224302
0.0,0.2727272727272727,-7134.857515445963
0.0,0.14285714285714285,-6162.113946274811
0.0,0.375,-10376.051500771904
0.0,0.25,-11926.422679462405
0.0,0.15384615384615385,-7548.046177536408
0.0,0.14285714285714285,-5748.121287116737
0.0,0.16666666666666666,-8428.04704719323
0.0,0.14285714285714285,-5547.134479224907
0.0,0.25,-7564.181117775158
0.0,0.23076923076923078,-6788.1246399330985
0.0,0.14285714285714285,-5579.7563198564485
0.0,0.14285714285714285,-5176.634928632244
0.0,0.15384615384615385,-6078.661659056868
0.0,0.18181818181818182,-8926.38704252873
0.0,0.15384615384615385,-6787.893813544917
0.0,0.18181818181818182,-6474.0671859296135
0.0,0.2222222222222222,-10492.093103565303
0.0,0.0,-13573.279077859655
0.0,0.375,-9743.693341149976
0.0,0.2222222222222222,-9227.898879923901
0.0,0.16666666666666666,-7933.285833881878
0.0,0.14285714285714285,-5567.881914867273
0.0,0.15384615384615385,-7247.508651727177
0.0,0.2857142857142857,-3320.0555030810824
0.0,0.0,-14770.129945567895
0.0,0.21428571428571427,-5398.4339024436085
0.0,0.0,-12043.52078535531
0.0,0.13333333333333333,-5295.407546374721
0.0,0.125,-9008.019291666318
0.0,0.2,-4601.543319298001
0.0,0.13333333333333333,-4952.1676525430485
0.0,0.1111111111111111,-8630.399638314615
0.0,0.0,-8612.275339436379
0.0,0.5,-6595.9450094120075
0.0,0.0,-10833.99436675644
0.0,0.15384615384615385,-5833.999938076858
0.0,0.0,-8574.576307573398
0.0,0.125,-16110.826442898866
0.0,0.25,-7911.516681809108
0.0,0.3333333333333333,-11081.367382836383
0.0,0.42857142857142855,-5751.216880928192
0.0,0.25,-14477.342663426569
0.0,0.125,-12509.171126888765
0.0,0.25,-8395.846615294908
0.0,0.3333333333333333,-2122.890673143367
0.0,0.42857142857142855,-9892.194588607665
0.0,0.0,-12287.942688056195
0.0,0.375,-10517.747851786928
0.0,0.25,-6767.927858179412
0.0,0.125,-12188.534089186573
0.0,0.08333333333333333,-11280.792718620813
0.0,0.14285714285714285,-14054.707253539356
0.0,0.14285714285714285,-11786.139544230127
0.0,0.42857142857142855,-10939.362298819195
0.0,0.15384615384615385,-6475.852445915498
0.0,0.0,-8592.116562526664
0.0,0.2,-6434.251325242328
0.0,0.1,-5078.97397655353
0.0,0.25,-7733.021794739267
0.0,0.375,-5928.931742537482
0.0,0.15384615384615385,-6517.98057144122
0.0,0.3333333333333333,-9820.907988664052
0.0,0.375,-8763.900103039157
0.0,0.2222222222222222,-5945.114088752497
0.0,0.2222222222222222,-4815.1722110521205
0.0,0.2222222222222222,-8806.407748062746
0.0,0.2,-6092.212619518135
0.0,0.25,2012.7584195252957
0.0,0.125,-10812.549237724963
0.0,0.0,-14582.094919074589
0.0,0.25,-9631.563565405446
0.0,0.4444444444444444,-3234.719410078468
0.0,0.375,-7077.9840627029225
0.0,0.2727272727272727,-3355.246083106507
0.0,0.36363636363636365,-4301.4767011436925
0.0,0.125,-11751.779016068986
0.0,0.18181818181818182,-3746.7911847444193
0.0,0.375,-9904.402549151908
0.0,0.23076923076923078,-6831.190513715357
0.0,0.1,-8690.476322535513
0.0,0.08333333333333333,-9935.242029353196
0.0,0.42857142857142855,-8770.131756805145
0.0,0.0,-8928.791857236472
0.0,0.2,-7362.789057925381
0.0,0.3333333333333333,-6044.155210406351
0.0,0.2222222222222222,-7215.51529778423
0.0,0.15384615384615385,-6503.517631052523
0.0,0.14285714285714285,-5574.220124191605
0.0,0.2857142857142857,-11425.835701324404
0.0,0.0,-10409.11138859065
0.0,0.0,-9225.19494890153
0.0,0.375,-7462.424958969582
0.0,0.2222222222222222,-7041.565726876418
0.0,0.15384615384615385,-6426.3453161237185
0.0,0.2222222222222222,-9821.314307469509
0.0,0.3333333333333333,-13341.100721320723
0.0,0.25,-5706.579395218316
0.0,0.0,-10708.019812137829
0.0,0.1,-7177.849769643748
0.0,0.1,-6828.709075541258
0.0,0.2222222222222222,-8259.537098877337
0.0,0.25,-12848.197869882657
0.0,0.4444444444444444,-1582.5417930224637
0.0,0.3333333333333333,-7557.865183637822
0.0,0.0,-13765.534181257624
0.0,0.3,-2042.1972112778597
0.0,0.2,-7681.174047900625
0.0,0.3076923076923077,3430.754666777193
0.0,0.2727272727272727,-1176.0299631096523
0.0,0.125,-11540.392826000669
0.0,0.2222222222222222,-8480.639675130633
0.0,0.25,-3499.466052587387
0.0,0.3333333333333333,-6939.610688884709
0.0,0.0,-7021.383977408243
0.0,0.42857142857142855,-8837.81457265573
0.0,0.5,-9216.844160762133
0.0,0.17647058823529413,3657.8536765622625
0.0,0.25,-2199.35535398806
0.0,0.0,-9242.965515223425
0.0,0.0,-7835.098660576028
0.0,0.0,-16284.999387951859
0.0,0.1875,2685.1647446595643
0.0,0.23076923076923078,-1156.5313926798717
0.0,0.0,-11877.054374700238
0.0,0.1111111111111111,-11607.538777844997
0.0,0.16666666666666666,88.53078585438766
0.0,0.375,-2105.134539367016
0.0,0.5,-2606.43064526137
0.0,0.25,-8089.836864181823
0.0,0.07142857142857142,-3061.6167052162245
0.0,0.16666666666666666,-13344.983236258933
0.0,0.1111111111111111,-10194.741117953605
0.0,0.13333333333333333,2845.112771593434
0.0,0.2,-14581.909133226276
0.0,0.125,-11046.179317660062
0.0,0.23076923076923078,-5289.838620753353
0.0,0.2,-2291.187335650224
0.0,0.3333333333333333,-11656.874187415315
0.0,0.21428571428571427,-3603.190402489134
0.0,0.3333333333333333,-4456.2127285104925
0.0,0.5714285714285714,-7592.799203144512
0.0,0.125,-11786.43758108828
0.0,0.5,-7847.569444642817
0.0,0.18181818181818182,-5704.842233524338
0.0,0.6,-11158.569425880745
0.0,0.5,-12514.297807215282
0.0,0.4,-16704.659752972562
0.0,0.25,-12607.029537785567
0.0,0.25,-10581.5509083809
0.0,0.1111111111111111,-14653.533293869374
0.0,0.42857142857142855,-12827.093665723316
0.0,0.06666666666666667,-5760.065552622812
0.0,0.07142857142857142,-6734.707172986293
0.0,0.75,-13737.441738780168
0.0,0.13333333333333333,-2219.003257631631
0.0,0.1875,-2953.4238586473634
0.0,0.06666666666666667,-4525.005692134138
0.0,0.058823529411764705,-2442.8627167370687
0.0,0.5,-7922.513212108486
0.0,0.07142857142857142,-6714.97594396168
0.0,0.08333333333333333,-10060.265526803332
0.0,0.2727272727272727,-5168.457957354816
0.0,0.2,-7883.556416339469
0.0,0.16666666666666666,-3935.8354373472584
0.0,0.2,-12505.531645979429
0.0,0.125,-8989.725855741586
0.0,0.3,-3750.085271945481
0.0,0.2,-7975.670990288663
0.0,0.0,-20518.36049361857
0.0,0.0,-21293.528161163285
0.0,0.3333333333333333,-22045.73549858067
0.0,0.2,-5709.781293024039
0.0,0.08333333333333333,-3885.2889379176586
0.0,0.0,-26568.6120085141
0.0,0.3333333333333333,-4089.702103002271
0.0,1.0,0.0
0.0,0.2222222222222222,-6809.059369006701
0.0,0.0,0.0
0.0,0.0,-18905.56985518343
0.0,0.4166666666666667,1097.1494163161838
0.0,0.6666666666666666,-3659.473255321674
0.0,0.2222222222222222,-8620.980472915398
0.0,0.3,-9398.232477029227
0.0,0.3333333333333333,-13563.556295752427
0.0,0.3333333333333333,-10481.217109914209
0.0,0.25,2080.0068194823643
0.0,0.5,-14139.102971555181
0.0,0.125,-1997.9475764832046
0.0,0.0,-13943.152785008575
0.0,0.3333333333333333,-19223.370747213827
0.0,0.17647058823529413,3397.539788964293
0.0,0.23076923076923078,-1899.2432208381024
0.0,0.0,-12077.846265697402
0.0,0.3076923076923077,-4712.901947460224
0.0,0.0,-15457.197058591244
0.0,0.3333333333333333,-10879.261572173558
0.0,0.14285714285714285,-5208.576395639193
0.0,0.0,-12276.25550497436
0.0,0.3076923076923077,-5580.295243472394
0.0,0.25,-7423.252273906508
0.0,0.1,-12489.83428921045
0.0,0.06666666666666667,-5562.900658833931
0.0,0.2857142857142857,-13059.35397847968
0.0,0.3333333333333333,-4487.362121668659
0.0,0.23529411764705882,-13.13455045669913
0.0,0.14285714285714285,-12478.583957645373
0.0,0.3333333333333333,-13352.184110640355
0.0,0.25,-18132.44003121707
0.0,0.15384615384615385,1009.6677165559717
0.0,0.3333333333333333,-6750.79578724916
0.0,0.4,-19890.513361448095
0.0,0.21428571428571427,-407.25001413259463
0.0,0.125,-9519.733796906812
0.0,0.16666666666666666,-1695.1788939643593
0.0,0.3076923076923077,-4352.514605520048
0.0,0.0,-18712.833001853585
0.0,0.3333333333333333,-8152.035385218248
0.0,0.16666666666666666,-18914.284976335744
0.0,0.2222222222222222,-4567.316243250552
0.0,0.375,-4714.144073720753
0.0,0.36363636363636365,-6369.061695788348
0.0,0.2,-21379.016483803807
0.0,0.2,-10134.295683792006
0.0,0.09090909090909091,-4134.073727857107
0.0,0.0,-9398.011905964924
0.0,0.125,-10236.033573179764
0.0,0.14285714285714285,-17588.54260612364
0.0,0.21428571428571427,-5639.562040634837
0.0,0.14285714285714285,-17551.236496687663
0.0,0.42857142857142855,-10583.349346157884
0.0,0.13333333333333333,-5080.20330460559
0.0,0.3076923076923077,-2955.3047783533207
0.0,0.0,-14420.996203286355
0.0,0.1111111111111111,-5170.1623610673505
0.0,0.0,-11706.161753729442
0.0,0.2727272727272727,-3602.5075948281487
0.0,0.2,-17291.662436930215
0.0,0.25,-25997.582914307957
0.0,0.17647058823529413,-1953.3573802881872
0.0,0.16666666666666666,-17986.822406100862
0.0,0.18181818181818182,-2416.721566696908
0.0,0.21428571428571427,-4921.99327729948
0.0,0.18181818181818182,-6184.383958975398
0.0,0.08333333333333333,-4020.268271254251
0.0,0.2,-7851.143816902609
0.0,0.3,-4325.848233591142
0.0,0.4,-19077.160917537105
0.0,0.25,-19509.15172147813
0.0,0.16666666666666666,-3184.479874896614
0.0,0.25,-11116.791271781838
0.0,0.3333333333333333,-7671.8261233448175
0.0,0.1875,2070.24526133339
0.0,0.14285714285714285,-4384.8758246358575
0.0,0.5,-13168.897727270734
0.0,0.0,-11492.171768668904
0.0,0.3333333333333333,-5925.663912800653
0.0,0.125,-16265.64536406732
0.0,0.15384615384615385,-4711.643049307881
0.0,0.36363636363636365,-6317.212550855122
0.0,0.18181818181818182,-10482.219263801664
0.0,0.2222222222222222,-6372.557391461599
0.0,0.2222222222222222,-11306.738397174504
0.0,0.2222222222222222,-8143.032431402688
0.0,0.2222222222222222,-9009.794331960684
0.0,0.0,-12068.878796096178
0.0,0.09090909090909091,-6286.807968013842
0.0,0.25,585.5290184254793
0.0,0.16666666666666666,-7750.290559346355
0.0,0.16666666666666666,-7588.153961859122
0.0,0.14285714285714285,-9780.575436355024
0.0,0.15384615384615385,-7387.432161815968
0.0,0.2857142857142857,-6621.416672704537
0.0,0.09090909090909091,-9717.918042653147
0.0,0.18181818181818182,-6603.938256375872
0.0,0.2,-8124.877476189663
0.0,0.2222222222222222,-11696.24678479208
0.0,0.0,-10611.791869666433
0.0,0.125,-7488.270787251752
0.0,0.2,-5576.339475046836
0.0,0.2222222222222222,-7241.674601157204
0.0,0.2,-7146.364297211409
0.0,0.125,-6753.853610471603
0.0,0.0,-9885.629752545823
0.0,0.14285714285714285,-11030.131875254003
0.0,0.3333333333333333,-2598.4550478738724
0.0,0.0,-12889.347093370803
0.0,0.0,-11512.197343915774
0.0,0.23076923076923078,-2876.1952609725495
0.0,0.18181818181818182,-2664.736913106256
0.0,0.2727272727272727,-43.40035824836764
0.0,0.3,-1302.404696150915
0.0,0.0,-9956.954291154174
0.0,0.2,-4923.07200599585
0.0,0.0,-12317.342146737124
0.0,0.3333333333333333,-1676.7790877941388
0.0,0.0,-9501.230212645882
0.0,0.0,-9098.307576646632
0.0,0.2727272727272727,-3560.722602488282
0.0,0.3333333333333333,-7413.177709178697
0.0,0.2857142857142857,-7722.219057864189
0.0,0.3333333333333333,-6046.807876367554
0.0,0.0,-10959.05312689508
0.0,0.125,-10332.415010594976
0.0,0.16666666666666666,-7110.935211047708
0.0,0.1111111111111111,-8314.843083816484
0.0,0.14285714285714285,-9989.58248357745
0.0,0.15384615384615385,-7076.09411923188
0.0,0.14285714285714285,-11010.133538479293
0.0,0.1,-10138.916573228467
0.0,0.0,-10122.98893950443
0.0,0.1111111111111111,-5886.642387699169
0.0,0.2222222222222222,-7034.256812315751
0.0,0.125,-6905.249808638384
0.0,0.25,-5587.965908291445
0.0,0.2,-6869.144923627033
0.0,0.25,-5692.984241137872
0.0,0.2,-8508.955060686232
0.0,0.375,-7719.71607712938
0.0,0.3,-5977.646900554473
0.0,0.3333333333333333,-7364.448073866004
0.0,0.2222222222222222,-11088.614543390804
0.0,0.3333333333333333,-5049.366116411701
0.0,0.375,-6515.977342382181
0.0,0.3,-8693.765516708996
0.0,0.1111111111111111,-5780.728222153752
0.0,0.1111111111111111,-5887.410946476797
0.0,0.5555555555555556,-6678.743568087703
0.0,0.16666666666666666,-7514.519015540139
0.0,0.16666666666666666,-7693.492242150633
0.0,0.18181818181818182,-8743.790561681464
0.0,0.09090909090909091,-8856.333658762498
0.0,0.42857142857142855,-11715.362763835778
0.0,0.1,-9912.499051865225
0.0,0.0,-10218.347081648275
0.0,0.2222222222222222,-6460.753989830216
0.0,0.5,-9057.402800816355
0.0,0.09090909090909091,-6271.182805900704
0.0,0.1111111111111111,-14002.562900971185
0.0,0.2222222222222222,-8504.084409306757
0.0,0.3333333333333333,-8436.667270400872
0.0,0.42857142857142855,-13555.776405694523
0.0,0.1111111111111111,-10194.751880386219
0.0,0.25,-7301.443715021851
0.0,0.2222222222222222,-10152.500457674689
0.0,0.23076923076923078,-6850.927007593174
0.0,0.2727272727272727,-4582.871591852768
0.0,0.3333333333333333,-9270.14893247506
0.0,0.25,-9451.284119934582
0.0,0.3,-4041.7894181010506
0.0,0.3333333333333333,-5527.125304576763
0.0,0.3,-8283.799365530042
0.0,0.09090909090909091,-7472.428090810824
0.0,0.2222222222222222,-7997.437875273446
0.0,0.1,-13893.263324367848
0.0,0.0,-11453.244030159836
0.0,0.09090909090909091,-11586.840910602172
0.0,0.1111111111111111,-15197.124115734412
0.0,0.2727272727272727,-8771.65268706198
0.0,0.0,-15447.458495008877
0.0,0.4,-7289.672259362234
0.0,0.4444444444444444,-10569.050993586101
0.0,0.3,-9202.915991749998
0.0,0.0,-14754.598553256863
0.0,0.18181818181818182,-8123.081543600412
0.0,0.4,-4803.703413710196
0.0,0.4444444444444444,-6280.300360602166
0.0,0.0,-11553.831862208575
0.0,0.09090909090909091,-10967.896503396956
0.0,0.0,-12035.384950999282
0.0,0.16666666666666666,-7401.52065977992
0.0,0.2727272727272727,-8996.068065889847
0.0,0.3,-9472.653243064626
0.0,0.25,-11988.878338348237
0.0,0.3,-10068.23424738917
0.0,0.1,-13744.769877862567
0.0,0.2,-11100.560192846735
0.0,0.2727272727272727,-9296.363674109807
0.0,0.3333333333333333,-4442.77511965636
0.0,0.18181818181818182,-9263.050649686884
0.0,0.2222222222222222,-8420.740344601374
0.0,0.18181818181818182,-7792.844843855166
0.0,0.25,-7729.3773716830465
0.0,0.125,-8724.38861961996
0.0,0.125,-8880.198399926627
0.0,0.2727272727272727,-9756.46306806225
0.0,0.3,-9159.001043945833
0.0,0.25,-10812.449515154445
0.0,0.2,-9848.5710671327
0.0,0.2,-8907.769917164042
0.0,0.2222222222222222,-10573.988472966083
0.0,0.16666666666666666,-7678.760094862365
0.0,0.25,-14713.228411835289
0.0,0.1111111111111111,-13386.782345698119
0.0,0.2,-9292.825265917529
0.0,0.0,-13605.523469549125
0.0,0.2222222222222222,-7430.552896695276
0.0,0.25,-9300.022849413655
0.0,0.2727272727272727,-7956.671973025973
0.0,0.18181818181818182,-7363.455018540251
0.0,0.2,-9905.881329689324
0.0,0.18181818181818182,-8727.362406282555
0.0,0.18181818181818182,-8223.580157369732
0.0,0.3333333333333333,-10365.213546801486
0.0,0.2727272727272727,-8951.996879345208
0.0,0.3333333333333333,-11628.286415077755
0.0,0.2222222222222222,-11618.467966549659
0.0,0.18181818181818182,-7984.43366590275
0.0,0.18181818181818182,-8783.645765525333
0.0,0.2222222222222222,-13661.04315641358
0.0,0.3,-11422.52306449244
0.0,0.1,-12134.72295740554
0.0,0.0,-12365.746921653224
0.0,0.18181818181818182,-8360.473372512046
0.0,0.2222222222222222,-8802.442917214312
0.0,0.3,-9285.33380848143
0.0,0.18181818181818182,-8443.747325860337
0.0,0.2,-8330.301387568128
0.0,0.2,-8456.758224201654
0.0,0.15384615384615385,-7138.237924826168
0.0,0.2727272727272727,-9280.997336494898
0.0,0.2727272727272727,-9787.488573189023
0.0,0.18181818181818182,-10726.859520485774
0.0,0.2222222222222222,-10398.575758926198
0.0,0.25,-12035.795842439711
0.0,0.2857142857142857,-16395.342374750424
0.0,0.18181818181818182,-10222.386549914256
0.0,0.16666666666666666,-8906.139364540932
0.0,0.25,-8091.919344550462
0.0,0.2857142857142857,-9883.451238437066
0.0,0.23076923076923078,-7394.75389782417
0.0,0.2857142857142857,-6778.48980280748
0.0,0.18181818181818182,-7709.035157029074
0.0,0.1,-12534.474175815834
0.0,0.3,-10522.431907919059
0.0,0.09090909090909091,-11323.463185349172
0.0,0.1111111111111111,-14179.578320829523
0.0,0.1111111111111111,-14612.044948679892
0.0,0.14285714285714285,-12526.064895085214
0.0,0.1,-11231.553806838547
0.0,0.42857142857142855,-7154.91547404323
0.0,0.375,-9998.268779027054
0.0,0.0,-13237.021236588032
0.0,0.2857142857142857,-12771.38999459797
0.0,0.2,-10151.48669071908
0.0,0.2222222222222222,-10761.2391001789
0.0,0.0,-15037.599580131424
0.0,0.2,-7777.289937159047
0.0,0.25,-9026.746395573356
0.0,0.18181818181818182,-5761.463264104036
0.0,0.2857142857142857,-11029.654204297805
0.0,0.3,-8458.921043643246
0.0,0.1111111111111111,-9605.079040870993
0.0,0.25,-8346.417808593964
0.0,0.2,-7090.454841157308
0.0,0.2222222222222222,-10827.68913141533
0.0,0.2727272727272727,-7624.6409372853395
0.0,0.125,-9695.54407910129
0.0,0.375,-9792.179343603248
0.0,0.25,-11276.91706904907
0.0,0.2222222222222222,-11958.358430834825
0.0,0.2,-9688.139725486853
0.0,0.25,-12455.814704315428
0.0,0.4,-2667.2756163154168
0.0,0.0,-13009.591238344403
0.0,0.2,-7188.873920722934
0.0,0.3333333333333333,-10024.166210042296
0.0,0.3333333333333333,-3932.5838114148723
0.0,0.375,-10870.39853871672
0.0,0.0,-11532.16101908316
0.0,0.25,-16357.496756254926
0.0,0.16666666666666666,-7694.595332016761
0.0,0.2857142857142857,-16943.73915025449
0.0,0.0,-10502.437524534373
0.0,0.2,-5330.824661423428
0.0,0.375,-13901.815493012153
0.0,0.09090909090909091,-6488.391534145124
0.0,0.18181818181818182,-7510.9889916865295
0.0,0.3333333333333333,-12985.981262416084
0.0,0.125,-12839.814627453017
0.0,0.25,-5391.228467881938
0.0,0.2,-9316.788888281786
0.0,0.1,-14507.229759009148
0.0,0.1111111111111111,-13965.067696962093
0.0,0.25,-8787.154644101392
0.0,0.125,-14633.774405775592
0.0,0.3,-5771.395131996756
0.0,0.1111111111111111,-12091.255742802681
0.0,0.375,-6479.08252972541
0.0,0.2222222222222222,-12034.564511474806
0.0,0.1,-9297.794599799177
0.0,0.1111111111111111,-10530.41091326406
0.0,0.2,-11001.519234136515
0.0,0.14285714285714285,-10188.451499072591
0.0,0.42857142857142855,-11033.424716010546
0.0,0.2222222222222222,-10965.174964170297
0.0,0.3333333333333333,-1618.8908942923467
0.0,0.2222222222222222,-6773.803692440921
0.0,0.125,-11743.324472102053
0.0,0.1111111111111111,-9993.860936925314
0.0,0.2222222222222222,-8986.449931113824
0.0,0.0,-13590.570961385498
0.0,0.3076923076923077,-4019.187529811674
0.0,0.125,-12250.857973901371
0.0,0.0,-9662.755980753187
0.0,0.1111111111111111,-10767.717213931424
0.0,0.125,-7632.849816160542
0.0,0.2,-4900.673865245087
0.0,0.375,-6309.721732323166
0.0,0.18181818181818182,-9254.240144605896
0.0,0.2,-6877.149129908935
0.0,0.2,-10478.956549252718
0.0,0.2222222222222222,-9291.961971436218
0.0,0.25,-13094.479280990512
0.0,0.3333333333333333,-4949.212406515979
0.0,0.3333333333333333,-6801.3299930400635
0.0,0.1,-7764.495253949532
0.0,0.2,-4334.5300694680045
0.0,0.2222222222222222,-5516.321802613198
0.0,0.1111111111111111,-5776.679967145101
0.0,0.42857142857142855,-7682.974785420725
0.0,0.0,-11049.910262258969
0.0,0.25,-10476.23939609987
0.0,0.16666666666666666,-7270.938049726635
0.0,0.09090909090909091,-8791.14422983439
0.0,0.25,-9808.97879768947
0.0,0.2222222222222222,-6958.369285815521
0.0,0.1,-9692.090972138312
0.0,0.375,-8515.004183821638
0.0,0.2,-6975.145199370461
0.0,0.25,-6950.921949288255
0.0,0.3333333333333333,-8177.354472647251
0.0,0.25,-8269.268091974693
0.0,0.125,-10350.211877165095
0.0,0.25,-8434.328757970248
0.0,0.25,-8427.597137906536
0.0,0.2,-11801.216451775234
0.0,0.2,-7663.507617827064
0.0,0.125,-11706.706259204779
0.0,0.1111111111111111,-5073.640871122633
0.0,0.4,-5174.820632947814
0.0,0.16666666666666666,-7127.572328971906
0.0,0.2222222222222222,-9578.331378967643
0.0,0.16666666666666666,-7462.907184436766
0.0,0.09090909090909091,-8122.24238684831
0.0,0.2,-6475.295596519468
0.0,0.2222222222222222,-9745.46294923373
0.0,0.2222222222222222,-5798.47393517783
0.0,0.18181818181818182,-7575.432046913959
0.0,0.18181818181818182,-7204.421432363765
0.0,0.16666666666666666,-7586.0028821772175
0.0,0.1,-10239.905489182433
0.0,0.2222222222222222,-8466.630010975936
0.0,0.25,-11937.479489687024
0.0,0.0,-10153.03613143032
0.0,0.2,-3200.8932031147997
0.0,0.2222222222222222,-7961.984112619434
0.0,0.1111111111111111,-9576.597145840076
0.0,0.125,-10326.548964038762
0.0,0.3,-6383.606760167217
0.0,0.18181818181818182,-982.5952275719468
0.0,0.25,1160.60261629144
0.0,0.23076923076923078,2318.2632703711015
0.0,0.2,-17399.383582090028
0.0,0.0,-13685.863736251482
0.0,0.0,-15012.955359423147
0.0,0.0,-16921.227755012238
0.0,0.07142857142857142,-1913.8962985024086
0.0,0.3333333333333333,-9316.324027750019
0.0,0.2,-9462.117865201448
0.0,0.1,-10459.527347683728
0.0,0.2,-5166.417026412376
0.0,0.2,-19496.296724796488
0.0,0.15384615384615385,-257.0952232743165
0.0,0.14285714285714285,2264.9096222932735
0.0,0.0,-13855.651388943836
0.0,0.25,1868.046372579936
0.0,0.0,-15053.855717956172
0.0,0.09090909090909091,-2632.7434349238483
0.0,0.2857142857142857,-9524.218888197756
0.0,0.16666666666666666,-12791.686930559614
0.0,0.15384615384615385,711.0952813725007
0.0,0.18181818181818182,-3906.5461370796115
0.0,0.125,-10447.032693674984
0.0,0.1,-6808.056470689468
0.0,0.4,-6162.296346356169
0.0,0.3333333333333333,-5017.708983493236
0.0,0.16666666666666666,-19745.32834629221
0.0,0.2857142857142857,-2760.1895489354
0.0,0.3333333333333333,-24039.889287932034
0.0,0.23529411764705882,559.685376698705
0.0,0.09090909090909091,-9225.095102109079
0.0,0.1111111111111111,-12074.879023510592
0.0,0.36363636363636365,-7577.658205021932
0.0,0.16666666666666666,-15318.62265505801
0.0,0.2857142857142857,-4317.652013101087
0.0,0.16666666666666666,-6255.624471001172
0.0,0.5,-16356.670394664548
0.0,0.21428571428571427,-1458.3289869047771
0.0,0.15384615384615385,-3176.2209621854754
0.0,0.375,-11366.085349136072
0.0,0.2857142857142857,-11057.065820103526
0.0,0.2727272727272727,-6447.295457510626
0.0,0.23076923076923078,-1388.2688634295948
0.0,0.2727272727272727,-3449.462397563793
0.0,0.2857142857142857,-15129.944939746103
0.0,0.3076923076923077,739.3272556365607
0.0,0.23076923076923078,1076.920363308022
0.0,0.5,-5602.744150907053
0.0,0.125,-10423.935381864876
0.0,0.4,-3326.6914006089532
0.0,0.25,-21452.77350871789
0.0,0.18181818181818182,-4653.595133520312
0.0,0.42857142857142855,-7923.959065943018
0.0,0.5,-13139.705144209382
0.0,0.2,-7981.460269663492
0.0,0.21428571428571427,-737.9543679571494
0.0,0.2727272727272727,-5521.122860680916
0.0,0.3,-9412.369181578066
0.0,0.375,-11391.773840309423
0.0,0.08333333333333333,-11244.056380210317
0.0,0.6,-16919.012439988048
0.0,0.06666666666666667,-5868.419244361086
0.0,0.25,-7629.774878610628
0.0,0.125,-16797.930585259914
0.0,0.3,-9969.161931647453
0.0,0.1,-13625.450974817772
0.0,0.07692307692307693,-7890.93107235393
0.0,0.2,-20616.57546666855
0.0,0.16666666666666666,-20060.267663427083
0.0,0.25,-7125.601713716449
0.0,0.125,-16471.01208375068
0.0,0.09090909090909091,-10515.730442672466
0.0,0.16666666666666666,110.39864142742061
0.0,0.17647058823529413,-806.2825722239863
0.0,0.3333333333333333,-25971.83603062153
0.0,0.2,-21354.0942485973
0.0,0.125,-14155.613667394353
0.0,0.14285714285714285,-3364.8770911370716
0.0,0.2,-8757.394362799554
0.0,0.2,-8714.16402518838
0.0,0.25,-10269.775257806697
0.0,0.16666666666666666,-5166.861466813262
0.0,0.26666666666666666,528.6769727060633
0.0,0.0,-17486.425222061713
0.0,0.16666666666666666,-7139.645052619149
0.0,0.2,-9624.07341316594
0.0,0.2,-7644.496294535967
0.0,0.2222222222222222,3898.6263677951583
0.0,0.0,-3861.031533753619
0.0,0.13333333333333333,-4126.835349814319
0.0,0.4,-11988.697098916024
0.0,0.15384615384615385,-6927.0230103487775
0.0,0.375,-6176.166004691204
0.0,0.5,-7565.28203611008
0.0,0.06666666666666667,-4062.1041177882157
0.0,0.23076923076923078,-4555.5885799489415
0.0,0.125,-14822.015222133856
0.0,0.3,-6184.476117328619
0.0,0.09090909090909091,-9584.471530211817
0.0,0.375,-7613.477436651368
0.0,0.07692307692307693,-5642.012215177083
0.0,0.2,-2973.880580494986
0.0,0.16666666666666666,-14875.506930152666
0.0,0.25,-6428.507289350738
0.0,0.1111111111111111,-11510.674566548189
0.0,0.09090909090909091,-7439.516759106641
0.0,0.16666666666666666,-222.24361102641865
0.0,0.2,-4355.878412560562
0.0,0.16666666666666666,-13715.91894444257
0.0,0.16666666666666666,-13014.636248344137
0.0,0.25,-3107.1824928580877
0.0,0.25,-15610.041566464277
0.0,0.21428571428571427,417.0663836709533
0.0,0.3,-3896.990647953575
0.0,0.125,-15345.706934524753
0.0,0.2727272727272727,-3803.886201954473
0.0,0.23076923076923078,-436.2302037877992
0.0,0.25,-2303.941590272864
0.0,0.16666666666666666,-17922.61773786087
0.0,0.1111111111111111,-11379.711398964888
0.0,0.3333333333333333,-5482.314362010315
0.0,0.14285714285714285,-15029.391496784932
0.0,0.2727272727272727,-2425.083534557928
0.0,0.2,1867.5033782284172
0.0,0.3333333333333333,-27521.748496474236
0.0,0.08333333333333333,-6442.622461192523
0.0,0.5,-8785.510971345917
0.0,0.3333333333333333,-12650.393509694943
0.0,0.15384615384615385,-4866.69312943376
0.0,0.2222222222222222,-12501.76967161694
0.0,0.14285714285714285,-1788.1687567298864
0.0,0.16666666666666666,-6146.814776936839
0.0,0.2857142857142857,-14819.621099230691
0.0,0.2222222222222222,-11016.385768241846
0.0,0.2,-7718.101914523153
0.0,0.2857142857142857,-16451.37904716008
0.0,0.16666666666666666,-3769.71505136459
0.0,0.5,-22236.349635968032
0.0,0.16666666666666666,-6860.899483339803
0.0,0.23076923076923078,-333.9549748828996
0.0,0.2,2368.6628912231427
0.0,0.25,-2662.446678263527
0.0,0.3333333333333333,-7124.831872181446
0.0,0.1,-7775.570135416035
0.0,0.42857142857142855,-11050.561244062143
0.0,0.08333333333333333,-4378.201879903419
0.0,0.2,-14182.129629001669
0.0,0.2727272727272727,-4583.770104351027
0.0,0.16666666666666666,-5867.666194956018
0.0,0.16666666666666666,-2810.4944675149645
0.0,0.0,-13333.872661046416
0.0,0.25,842.7872773053391
0.0,0.25,2298.345036198267
0.0,0.16666666666666666,-10599.278543520786
0.0,0.14285714285714285,-5903.002911064847
0.0,0.16666666666666666,-5767.975316309728
0.0,0.0,-16773.240368315623
0.0,0.18181818181818182,-1672.4795394680546
0.0,0.2727272727272727,-5307.019107193331
0.0,0.2727272727272727,-2344.7751343385685
0.0,0.5,-25606.742931098768
0.0,0.08333333333333333,-1572.997445360119
0.0,0.16666666666666666,-5044.716180458926
0.0,0.16666666666666666,-2199.9838298648147
0.0,0.2,-4074.200611272688
0.0,0.3,-7954.826708994701
0.0,0.3,-4154.155046348077
0.0,0.16666666666666666,-461.13655823917105
0.0,0.25,-3839.1507723646814
0.0,0.25,-1278.7473256106985
0.0,0.25,-1877.744383249156
0.0,0.0,-16595.908350143414
0.0,0.3333333333333333,-5224.913830507901
0.0,0.3333333333333333,-2355.919970826364
0.0,0.2222222222222222,-11682.14298383248
0.0,0.09090909090909091,-5214.885896003261
0.0,0.18181818181818182,-9374.652600040632
0.0,0.18181818181818182,-5348.565242643389
0.0,0.0,-2078.8332965969544
0.0,0.2222222222222222,-10339.81616939328
0.0,0.18181818181818182,-8176.546292074809
0.0,0.18181818181818182,-4462.195342349704
0.0,0.0,-38327.18588556206
0.0,0.25,-12141.616673331719
0.0,0.08333333333333333,-3299.148618626361
0.0,0.16666666666666666,-7167.632424440437
0.0,0.16666666666666666,-3769.786159985004
0.0,0.2,-11439.229069734345
0.0,0.1,-5579.516232620577
0.0,0.2,-9800.199605620814
0.0,0.2,-5501.584572241542
0.0,0.0,0.0
0.0,0.125,-16080.950923849523
0.0,0.2,-3266.511496360062
0.0,0.3,-3591.8007704316788
0.0,0.25,-11764.257533357671
0.0,0.1,-6210.486159317574
0.0,0.2,-6140.031979361123
0.0,0.09090909090909091,-4800.256121300347
0.0,0.15384615384615385,-7799.195267102135
0.0,0.18181818181818182,-4949.539368860382
0.0,0.3333333333333333,-18114.139062154918
0.0,0.16666666666666666,-2585.317964717118
0.0,0.0,-21299.689993676322
0.0,0.14285714285714285,-15982.691838166356
0.0,0.18181818181818182,-1226.352018451795
0.0,0.2727272727272727,-2030.5764872852747
0.0,0.5,-27296.52363629423
0.0,0.25,-6757.433120573953
0.0,0.0,0.0
0.0,0.25,1803.9807458443904
0.0,0.3333333333333333,-828.6416523166155
0.0,0.09090909090909091,-3296.406649460844
0.0,0.18181818181818182,-7110.807125348928
0.0,0.0,-29890.878546044187
0.0,0.08333333333333333,-1626.50926309796
0.0,0.16666666666666666,-5056.649631727129
0.0,0.18181818181818182,-3969.235050380183
0.0,0.2727272727272727,-7794.508585627771
0.0,0.2727272727272727,-4165.914597792704
0.0,0.5,-16575.96136170005
0.0,0.08333333333333333,-1032.3965427998367
0.0,0.14285714285714285,-5521.514752148875
0.0,0.16666666666666666,-4389.115550423561
0.0,0.16666666666666666,-1721.116494726429
0.0,0.0,-19532.594491663887
0.0,0.09090909090909091,-2957.7813408119655
0.0,0.18181818181818182,-6507.389203228038
0.0,0.18181818181818182,-3223.4257776676986
0.0,0.25,-6864.2823821741085
0.0,0.25,-3553.214963264796
0.0,0.3333333333333333,-7115.219592045942
0.0,0.1111111111111111,-6683.9780544868245
0.0,0.2,-7382.020986067153
0.0,0.0,-8576.869821009468
0.0,0.2,-6711.638416963451
0.0,0.16666666666666666,-3980.2852087795404
0.0,0.14285714285714285,-12617.016848894984
0.0,0.25,-9548.566642013371
0.0,0.0,-13018.046774509825
0.0,0.16666666666666666,-3137.6259952399973
0.0,0.1111111111111111,-8567.8911647205
0.0,0.0,-9101.732608619957
0.0,0.18181818181818182,-6439.368556776032
0.0,0.0,-21113.55060879106
0.0,0.2857142857142857,-4611.557499624943
0.0,0.0,-8152.379471104636
0.0,0.2857142857142857,-8222.971015793933
0.0,0.3333333333333333,-14474.589678720453
0.0,0.16666666666666666,-13029.3168809669
0.0,0.0,-17271.60705276982
0.0,0.07692307692307693,-5623.50078343029
0.0,0.0,-15360.795054820315
0.0,0.14285714285714285,-13268.490651453703
0.0,0.25,-19487.914176560233
0.0,0.0,-5702.509097993189
0.0,0.2727272727272727,-4405.047333672384
0.0,0.0,-8511.677383932752
0.0,0.0,-11037.54001448558
0.0,0.2,-14382.084400402216
0.0,0.2222222222222222,-7184.847577141445
0.0,0.2,-5944.57532118039
0.0,0.2222222222222222,-5538.579302032829
0.0,0.16666666666666666,-14542.260843718737
0.0,0.0,-7016.27588716415
0.0,0.2857142857142857,-7307.963018024719
0.0,0.0,-3031.021714064848
0.0,0.25,-7653.9457393473185
0.0,0.0,-9027.94005897975
0.0,0.0,-10493.480250412984
0.0,0.2222222222222222,-5849.593386755892
0.0,0.0,-10243.97985358316
0.0,0.07142857142857142,-3893.0202731992654
0.0,0.2,-5646.602790548668
0.0,0.14285714285714285,-12519.552967890077
0.0,0.125,-9226.16426201379
0.0,0.08333333333333333,-8479.741222901008
0.0,0.0,-15816.224414757748
0.0,0.0,-22427.55214360712
0.0,0.125,-7674.205508273542
0.0,0.25,-24657.036170621435
0.0,0.0,-13177.629856457475
0.0,0.125,-7743.372164027121
0.0,0.0,-7372.104216437621
0.0,0.25,-8460.803710450808
0.0,0.0,-12188.528197704538
0.0,0.0,-10922.793837281986
0.0,0.0,-10015.766181810952
0.0,0.0,-4493.565616866818
0.0,0.2,-4516.372758337022
0.0,0.0,-12903.855832308573
0.0,0.2,-6157.520097768223
0.0,0.16666666666666666,-17953.20849308723
0.0,0.16666666666666666,-13574.180062075084
0.0,0.0,-8335.859178839295
0.0,0.2,-6263.253443732638
0.0,0.0,-10102.265508325094
0.0,0.0,-3877.218573103747
0.0,0.0,-11953.266613102152
0.0,0.0,-15538.107242785829
0.0,0.0,-7060.35502159507
0.0,0.25,-18128.746271023432
0.0,0.0,-4093.9685549034148
0.0,0.0,-10992.008229903407
0.0,0.18181818181818182,-5092.724127490562
0.0,0.1,-8828.65415994713
0.0,0.16666666666666666,-11571.142457855616
0.0,0.14285714285714285,-8089.183928333725
0.0,0.25,-7785.106993298748
0.0,0.16666666666666666,-15058.774751231887
0.0,0.125,-11665.241476182728
0.0,0.125,-9.358676983337073
0.0,0.09090909090909091,-6075.405339555835
0.0,0.07142857142857142,-2307.743876449197
0.0,0.0,-19307.75889512369
0.0,0.25,-7421.577919274914
0.0,0.5,-12680.317647860862
0.0,0.2,-16937.017698631134
0.0,0.16666666666666666,-12606.725239706468
0.0,0.2,-5384.047402605169
0.0,0.18181818181818182,-3897.6325262120367
0.0,0.0,-10125.35033179549
0.0,0.0,-17337.872139979183
0.0,0.14285714285714285,-13002.874968414488
0.0,0.058823529411764705,146.99705758330865
0.0,0.0,-6172.936684262829
0.0,0.25,-3690.7904777287526
0.0,0.18181818181818182,-5384.994283374287
0.0,0.4,-15348.248317692602
0.0,0.0,-14681.277309922025
0.0,0.07692307692307693,-4755.265552731595
0.0,0.2222222222222222,-7843.002795200593
0.0,0.0,-7959.516619553112
0.0,0.1111111111111111,-9444.059458120653
0.0,0.06666666666666667,-1878.283096730495
0.0,0.0,-15118.414386289178
0.0,0.0,-12137.613397326293
0.0,0.3333333333333333,-11658.171986139554
0.0,0.2857142857142857,-6605.222609127074
0.0,0.25,-7910.338944611042
0.0,0.0,-23545.84668634948
0.0,0.3333333333333333,-28142.32562702712
0.0,0.16666666666666666,-4399.331054093488
0.0,0.0,-12314.891798499228
0.0,0.0,-8285.08513720186
0.0,0.09090909090909091,-6406.470255568394
0.0,0.3333333333333333,-6151.108351267572
0.0,0.25,-7191.43049308789
0.0,0.0,-6451.147649560727
0.0,0.2222222222222222,-6207.292873041601
0.0,0.0,-8943.06834877829
0.0,0.1,-7130.688314290416
0.0,0.0,-11354.385478979566
0.0,0.16666666666666666,-18101.099094437486
0.0,0.08333333333333333,-4830.876869648163
0.0,0.16666666666666666,-14483.118232695795
0.0,0.1,-6365.373863683601
0.0,0.0,-4880.293407753951
0.0,0.05263157894736842,3140.948052344515
0.0,0.0,-31381.22299713831
0.0,0.14285714285714285,-14447.653905270423
0.0,0.1111111111111111,-7185.593661924387
0.0,0.2,-18218.91335491577
0.0,0.07142857142857142,-4293.319971027417
0.0,0.3333333333333333,-18107.09885617864
0.0,0.15384615384615385,-3326.345280046563
0.0,0.14285714285714285,-12613.006270249783
0.0,0.125,-14545.319693393887
0.0,0.3333333333333333,-14882.3361366838
0.0,0.2857142857142857,-8639.965416151392
0.0,0.4,-11565.992454707424
0.0,0.4,-13326.21291435673
0.0,0.06666666666666667,-2662.978176979855
0.0,0.16666666666666666,-11327.457117735546
0.0,0.14285714285714285,-9841.151632171166
0.0,0.4,-18180.871945747105
0.0,0.0,-14337.919041082563
0.0,0.3333333333333333,-7209.9307449044545
0.0,0.1111111111111111,-7645.957162973119
0.0,0.09090909090909091,-5367.916508309012
0.0,0.14285714285714285,-9369.642764387205
0.0,0.0,-10862.684273635035
0.0,0.1,-6786.973040396481
0.0,0.09090909090909091,-8189.801786387711
0.0,0.08333333333333333,-7516.452636977385
0.0,0.375,-6457.430821957461
0.0,0.0,-9944.362328063764
0.0,0.16666666666666666,-12556.174369683999
0.0,0.2222222222222222,-8231.214234854844
0.0,0.125,-10011.336791926844
0.0,0.08333333333333333,-7152.792743452836
0.0,0.16666666666666666,-16688.893911120875
0.0,0.2222222222222222,-5885.710645289202
0.0,0.16666666666666666,-16171.669180842924
0.0,0.0,-4864.863096924222
0.0,0.2,-21313.410500488648
0.0,0.0,-11743.190567637004
0.0,0.08333333333333333,-6325.018295379458
0.0,0.14285714285714285,-2663.598456922539
0.0,0.0,-12470.609908786484
0.0,0.07692307692307693,-4427.969540374973
0.0,0.3333333333333333,-13778.336537421057
0.0,0.3333333333333333,-5887.259773348865
0.0,0.2,-6007.139100119611
0.0,0.14285714285714285,-15306.834649831431
0.0,0.2222222222222222,-6092.549403177945
0.0,0.2,-6458.962369057129
0.0,0.09090909090909091,-5157.932639458067
0.0,0.08333333333333333,-5921.6036622636275
0.0,0.0,-6718.576107839058
0.0,0.0,-8590.077262024563
0.0,0.2222222222222222,-8492.243367276016
0.0,0.0,-5219.975780669111
0.0,0.14285714285714285,-13779.883646324586
0.0,0.14285714285714285,-13433.598560576515
0.0,0.14285714285714285,-15461.540688759236
0.0,0.25,-15303.414923740147
0.0,0.0,-9600.397735340657
0.0,0.06666666666666667,-1755.2585429798455
0.0,0.125,-13163.642092208302
0.0,0.14285714285714285,-12729.58857510637
0.0,0.07692307692307693,-4573.874584865809
0.0,0.125,-10877.970022926458
0.0,0.2222222222222222,-5767.875866130367
0.0,0.2,-5190.31786340376
0.0,0.0,-8692.982357118299
0.0,0.2222222222222222,-7738.209541909424
0.0,0.14285714285714285,-16807.766013754244
0.0,0.0,-11383.405721402942
0.0,0.0,-9744.178996373743
0.0,0.0,-13028.516174905193
0.0,0.0,-10193.940030588177
0.0,0.125,-13217.958526243132
0.0,0.11764705882352941,1083.4348454890319
0.0,0.13333333333333333,-1949.6561417694243
0.0,0.0,-20062.013983240275
0.0,0.0,-8682.849602283257
0.0,0.0,-8608.898908383551
0.0,0.2857142857142857,-11156.70947014468
0.0,0.16666666666666666,-19257.5164315339
0.0,0.1111111111111111,-6050.439928256211
0.0,0.1,-6911.621187781784
0.0,0.2,-15392.903065932576
0.0,0.0,-14178.517391119016
0.0,0.2857142857142857,-7596.648005430639
0.0,0.25,-4751.53034889046
0.0,0.0,-13147.140772026745
0.0,0.0,-6400.688082746907
0.0,0.0,-18596.89158336073
0.0,0.09090909090909091,-5500.363130866497
0.0,0.18181818181818182,-5375.10473053103
0.0,0.16666666666666666,-10031.128568453012
0.0,0.1111111111111111,-7545.700220021996
0.0,0.06666666666666667,-2143.287021022475
0.0,0.1,-7176.4717945974835
0.0,0.09090909090909091,-7735.157982079177
0.0,0.2,-23415.949415710507
0.0,0.0,-13270.086640328132
0.0,0.0,-15850.476027487415
0.0,0.09090909090909091,-7799.295122331947
0.0,0.125,-12852.454706149092
0.0,0.25,-6467.161652558989
0.0,0.2,-25219.561611023124
0.0,0.125,-9778.489837298128
0.0,0.0,-7827.0551196165925
0.0,0.14285714285714285,-14102.84130410765
0.0,0.0,-6876.551665351473
0.0,0.1,-5344.601579851025
0.0,0.1111111111111111,-8822.913692549646
0.0,0.0,-4543.94169901744
0.0,0.2857142857142857,-12694.642839325315
0.0,0.3333333333333333,-10604.758658676104
0.0,0.2,-7422.842784186011
0.0,0.2,-11229.542181511928
0.0,0.07692307692307693,-3879.3164098775533
0.0,0.05263157894736842,3460.824341426972
0.0,0.058823529411764705,686.0065962255724
0.0,0.125,-10381.113120450247
0.0,0.07142857142857142,-3193.473824109102
0.0,0.0,-16964.096794433204
0.0,0.16666666666666666,-12796.974667747942
0.0,0.07692307692307693,-4239.832132311465
0.0,0.3333333333333333,-10889.664383995905
0.0,0.16666666666666666,-15874.146313137606
0.0,0.0,-7688.429658435364
0.0,0.25,-15318.000523979272
0.0,0.09090909090909091,-9684.493669720809
0.0,0.0,-11794.109222617586
0.0,0.25,-7027.05884096977
0.0,0.3333333333333333,-12745.657287575856
0.0,0.125,-8346.557443038226
0.0,0.4,-12992.351223283527
0.0,0.14285714285714285,-10334.46218390789
0.0,0.25,-10938.704545678129
0.0,0.1,-10268.552633056299
0.0,0.2,-17479.99748548253
0.0,0.5,-32139.337968290827
0.0,0.08333333333333333,-4691.667147996232
0.0,0.07142857142857142,-2573.478807947996
0.0,0.125,-10407.682926198071
0.0,0.1,-9796.478755665508
0.0,0.0,-25979.347219888
0.0,0.0,-8871.217380582768
0.0,0.0,-12585.582198390992
0.0,0.1,-8943.208301077877
0.0,0.0,-7358.548142419376
0.0,0.5,-3534.3774190439485
0.0,0.16666666666666666,-4653.139096156068
0.0,0.0,-17834.01748073939
0.0,0.1111111111111111,-7840.793821131908
0.0,0.09090909090909091,-6766.881958957216
0.0,0.1,-7898.839685559824
0.0,0.14285714285714285,-12928.13779751211
0.0,0.09090909090909091,-8077.070897550581
0.0,0.07692307692307693,-5480.8153176990145
0.0,0.0625,-773.921502942018
0.0,0.0,-12715.898046233599
0.0,0.09090909090909091,-6484.804288602598
0.0,0.16666666666666666,-12815.92892506903
0.0,0.08333333333333333,-6530.052736757753
0.0,0.1111111111111111,-8635.133926011169
0.0,0.1,-11087.610461502427
0.0,0.2,-26944.68064510121
0.0,0.07142857142857142,-2284.544424715006
0.0,0.0,-14617.39420087022
0.0,0.0,-9026.095556762677
0.0,0.16666666666666666,-16721.26405236961
0.0,0.0,-14341.8042615523
0.0,0.07692307692307693,-7024.170272000613
0.0,0.06666666666666667,-1732.4554532223065
0.0,0.2,-8477.212573813937
0.0,0.09090909090909091,-5751.432169400839
0.0,0.125,-7790.17956437064
0.0,0.16666666666666666,-13338.25650785227
0.0,0.25,-11128.061255249871
0.0,0.07692307692307693,-4032.977148563656
0.0,0.2222222222222222,-8436.37043442829
0.0,0.125,-9297.827040489323
0.0,0.0,-8705.690918706661
0.0,0.2,-8371.809895211061
0.0,0.25,-9157.60419425254
0.0,0.0,-2114.40079862946
0.0,0.08333333333333333,-5771.21216905974
0.0,0.06666666666666667,-1164.8479245312549
0.0,0.16666666666666666,-11550.13432216225
0.0,0.08333333333333333,-5898.443049533044
0.0,0.18181818181818182,-6581.367893945058
0.0,0.1,-8316.076393718355
0.0,0.1,-8211.954513208986
0.0,0.08333333333333333,-5081.175480362602
0.0,0.0,-13877.60105012575
0.0,0.2222222222222222,-8758.776466933976
0.0,0.0,-7163.1625673744265
0.0,0.2,-8073.344877178038
0.0,0.2,-8235.278157876535
0.0,0.0,-10418.353850704229
0.0,0.3333333333333333,-7269.758402882078
0.0,0.25,-6719.706919908425
0.0,0.09090909090909091,-7400.036316600734
0.0,0.1,-7746.482069244711
0.0,0.0,-17827.766199660622
0.0,0.4,-14298.618058045911
0.0,0.25,-8266.279952646892
0.0,0.0,-10781.426665446113
0.0,0.2222222222222222,-9223.856063526782
0.0,0.2,-18650.112349511528
0.0,0.0,-8369.390466635874
0.0,0.0,-11271.867600015323
0.0,0.1,-6693.041137726716
0.0,0.2,-18985.482191861796
0.0,0.2,-6439.277211231881
0.0,0.0,-6560.504179205012
0.0,0.0,-9854.47238566387
0.0,0.0,-9969.08608308404
0.0,0.0,-7026.036496493901
0.0,0.08333333333333333,-5658.825616648696
0.0,0.0,-8599.248536357822
0.0,0.18181818181818182,-5533.039784797136
0.0,0.09090909090909091,-8819.033544415714
0.0,0.0,-12049.309559464238
0.0,0.0,-9827.828365760788
0.0,0.0,-8264.568651702039
0.0,0.1111111111111111,-10059.2760780666
0.0,0.0,-8858.943933230588
0.0,0.09090909090909091,-6815.986317308847
0.0,0.1,-10270.793451131658
0.0,0.18181818181818182,-5705.511301710382
0.0,0.14285714285714285,-12702.702042490913
0.0,0.5,-14315.004746916908
0.0,0.1,-8123.176634647483
0.0,0.1111111111111111,-10416.337526838886
0.0,0.14285714285714285,-15479.320886549447
0.0,0.0625,-1126.6945767393374
0.0,0.14285714285714285,-10376.81494437285
0.0,0.1,-7575.609866570738
0.0,0.1111111111111111,-10487.127692125367
0.0,0.1,-8421.574153234844
0.0,0.25,-4360.676138826109
0.0,0.18181818181818182,-5986.61120434734
0.0,0.18181818181818182,-6306.218250552406
0.0,0.18181818181818182,-4893.048185549851
0.0,0.15384615384615385,-3962.309082893899
0.0,0.0,-13019.545925530301
0.0,0.16666666666666666,-4071.4584623891415
0.0,0.0,-10977.948395145651
0.0,0.16666666666666666,-5149.194179900985
0.0,0.15384615384615385,-2910.482640895989
0.0,0.0,-12041.311579020612
0.0,0.2,-6554.965418358835
0.0,0.0,-10387.775787823452
0.0,0.16666666666666666,-5472.078079199447
0.0,0.0,-9848.06231105015
0.0,0.0,-14506.848137769355
0.0,0.2222222222222222,-7927.680462788608
0.0,0.2,-5951.285383728433
0.0,0.08333333333333333,-4811.149899823239
0.0,0.09090909090909091,-7706.034096500495
0.0,0.1,-9126.073523707037
0.0,0.2727272727272727,-6078.491672511133
0.0,0.08333333333333333,-5473.753188234712
0.0,0.1111111111111111,-9881.051378150802
0.0,0.0,-8021.684416086416
0.0,0.0,-11765.879436662226
0.0,0.2,-20228.795169144898
0.0,0.25,-8807.46344663566
0.0,0.0,-10241.015524974131
0.0,0.14285714285714285,-12023.098093337043
0.0,0.2222222222222222,-7478.875050983144
0.0,0.0,-9888.218646430518
0.0,0.0,-5488.8712566678805
0.0,0.1,-9824.947423946129
0.0,0.1,-7468.593129193099
0.0,0.2,-8157.669399112451
0.0,0.18181818181818182,-6855.953821056147
0.0,0.0,-7003.043812904202
0.0,0.09090909090909091,-7412.705262879443
0.0,0.14285714285714285,-16287.566469734371
0.0,0.16666666666666666,-5658.442132718206
0.0,0.5,-1243.1806013400212
0.0,0.15384615384615385,-4968.180672007471
0.0,0.25,-19668.926313363016
0.0,0.25,-11073.321163813916
0.0,0.09090909090909091,-6491.628859101994
0.0,0.058823529411764705,-711.863539525218
0.0,0.07692307692307693,-5089.396185956409
0.0,0.05555555555555555,2204.230812010926
0.0,0.1,-9521.857357249524
0.0,0.0,-13315.987829677422
0.0,0.2,-16795.795051903548
0.0,0.0,-14619.758161657372
0.0,0.16666666666666666,-15947.706171350383
0.0,0.0,-5993.911187061056
0.0,0.1,-7749.943225050798
0.0,0.09090909090909091,-6360.20175454654
0.0,0.2,-6467.820963461365
0.0,0.3,-7547.877755541858
0.0,0.16666666666666666,-16499.76188988326
0.0,0.2,-19711.520860333265
0.0,0.1111111111111111,-8553.880378950294
0.0,0.0,-5255.400756611305
0.0,0.25,-9033.934685861988
0.0,0.2222222222222222,-9420.31638152444
0.0,0.1111111111111111,-9782.522482761979
0.0,0.18181818181818182,-6582.231403739551
0.0,0.3333333333333333,-15395.648961649036
0.0,0.1111111111111111,-11310.073626280762
0.0,0.2222222222222222,-7743.264803982826
0.0,0.2857142857142857,-8036.987461425636
0.0,0.16666666666666666,-18120.30083763189
0.0,0.25,-27563.918314371982
0.0,0.1111111111111111,-10352.881423173214
0.0,0.18181818181818182,-5755.713108775876
0.0,0.14285714285714285,-2400.9146888344894
0.0,0.13333333333333333,-864.3179414141704
0.0,0.11764705882352941,1929.0230074222993
0.0,0.1111111111111111,-11162.79689720397
0.0,0.0,-13482.5481809712
0.0,0.0,-25226.030829455558
0.0,0.1,-8147.428867839266
0.0,0.2222222222222222,-6108.880343848549
0.0,0.0,-8324.063708237769
0.0,0.16666666666666666,-4548.033920665681
0.0,0.16666666666666666,-19819.35531766249
0.0,0.1111111111111111,-10559.271779634466
0.0,0.0,-12250.804716159208
0.0,0.18181818181818182,-6031.980769711834
0.0,0.16666666666666666,-5939.685727570723
0.0,0.4,-7470.259091099801
0.0,0.5,-3397.8339803510557
0.0,0.25,-7792.319179900961
0.0,0.2,-6107.198650243636
0.0,0.2,-19881.47124766079
0.0,0.16666666666666666,-18987.814124344095
0.0,0.14285714285714285,-17122.984397308974
0.0,0.18181818181818182,-4076.519934750413
0.0,0.07142857142857142,-3693.145238495047
0.0,0.0,-12652.266576941858
0.0,0.0,-7278.4352952203035
0.0,0.0,-12144.13655656765
0.0,0.0,-10762.577424119341
0.0,0.11764705882352941,1856.4275489240272
0.0,0.0,-8400.53734615483
0.0,0.10526315789473684,4472.859150064226
0.0,0.13333333333333333,-244.97294426514028
0.0,0.0,-20256.08377995764
0.0,0.0,-12792.296360003014
0.0,0.0,-8947.23049545603
0.0,0.07142857142857142,-3557.3985787075962
0.0,0.2727272727272727,-5651.321312680869
0.0,0.0,-13663.440458386322
0.0,0.0,-16508.82589800433
0.0,0.1,-9889.131929289062
0.0,0.0,-22981.53781653882
0.0,0.07692307692307693,-5145.109149631902
0.0,0.0,-8300.995227861942
0.0,0.2,-10356.632462872483
0.0,0.125,-10929.047316948092
0.0,0.23076923076923078,-2076.8280085669326
0.0,0.16666666666666666,-3713.7598253894907
0.0,0.0625,341.0494020240793
0.0,0.0,-8649.559967305191
0.0,0.14285714285714285,-2347.408857981125
0.0,0.0,-11986.441797037596
0.0,0.2,-7967.433922315759
0.0,0.09090909090909091,-7642.353993873844
0.0,0.0625,173.92219122391037
0.0,0.2,-15668.33689886291
0.0,0.07692307692307693,-4569.594647591245
0.0,0.2,-10659.981332159665
0.0,0.14285714285714285,-15237.835488421359
0.0,0.13333333333333333,-289.0763444606488
0.0,0.0,-17932.534962424514
0.0,0.09090909090909091,-5271.9097391569285
0.0,0.1,-10412.185486379547
0.0,0.0,-22946.83589173795
0.0,0.2,-6931.375467244276
0.0,0.2,-16393.010558641105
0.0,0.0,-12814.326394510832
0.0,0.16666666666666666,-13028.263307568357
0.0,0.08333333333333333,-5082.5846959138125
0.0,0.08333333333333333,-5419.843156957794
0.0,0.08333333333333333,-5871.907288040164
0.0,0.06666666666666667,-1238.2099049773612
0.0,0.09090909090909091,-6297.683681426436
0.0,0.5,-18022.372498070643
0.0,0.09090909090909091,-9072.578368462926
0.0,0.0,-16864.914104978765
0.0,0.14285714285714285,-12839.801151468717
0.0,0.5,-14357.436618787591
0.0,0.08333333333333333,-6901.658758520875
0.0,0.09090909090909091,-9441.844635640911
0.0,0.09090909090909091,-8138.928645782559
0.0,0.0,-15001.862384098868
0.0,0.2,-6673.530784359583
0.0,0.18181818181818182,-4652.277073116165
0.0,0.0,-8350.62375309417
0.0,0.1,-9869.044373497782
0.0,0.07692307692307693,-5106.4546986637415
0.0,0.2222222222222222,-7626.557897858726
0.0,0.2222222222222222,-7811.123223614164
0.0,0.0,-9751.674730374009
0.0,0.08333333333333333,-6262.42601930342
0.0,0.09090909090909091,-10152.956147560053
0.0,0.0,-13152.83024518356
0.0,0.2727272727272727,-4781.012256295495
0.0,0.0,-11058.3737216669
0.0,0.0,-10288.067362410631
0.0,0.3333333333333333,-8819.20430047906
0.0,0.0,-12432.22202189
0.0,0.3,-6436.6017770011385
0.0,0.0,-8846.044964038254
0.0,0.5,-11612.294296169346
0.0,0.42857142857142855,-8804.435396515524
0.0,0.5,-19370.07936725291
0.0,0.13333333333333333,-1913.4573779982218
0.0,0.0,-15529.550290485347
0.0,0.125,-1547.616076656944
0.0,0.0,-3417.138321628507
0.0,0.2857142857142857,-10769.06586547008
0.0,0.0,-9382.442873359325
0.0,0.0,-12553.789898073846
0.0,0.13333333333333333,-2999.2051664063106
0.0,0.0,143.55408924780608
0.0,0.0,-9350.361348585493
0.0,0.05263157894736842,3374.103310509155
0.0,0.5,-26145.98034115378
0.0,0.058823529411764705,585.292052349957
0.0,0.25,-14727.711838315248
0.0,0.16666666666666666,-14110.561767443076
0.0,0.16666666666666666,-18166.21140798899
0.0,0.07142857142857142,-4198.244231790757
0.0,0.0,-13511.319893016554
0.0,0.1,-11558.587072715152
0.0,0.09090909090909091,-8383.977935738816
0.0,0.25,-8692.063833373048
0.0,0.3,-5978.7377272897365
0.0,0.09090909090909091,-8763.559055092577
0.0,0.3,-6887.678753205642
0.0,0.0,-12131.673951856268
0.0,0.2727272727272727,-6073.8748686394865
0.0,0.0,-9344.756108455067
0.0,0.0,-9111.920096654852
0.0,0.6666666666666666,-17845.589963301132
0.0,0.0,-9092.343516836565
0.0,0.0,-11816.371781907672
0.0,0.2222222222222222,-7596.198891283682
0.0,0.18181818181818182,-6276.632483121227
0.0,0.0,-13747.631260550557
0.0,0.14285714285714285,-3299.7783013923936
0.0,0.3333333333333333,-8926.254039449384
0.0,0.25,-8873.437441817465
0.0,0.0,-9511.34998135415
0.0,0.18181818181818182,-6104.9408396817935
0.0,0.0,-12191.406947594
0.0,0.0,-8237.839766956544
0.0,0.06666666666666667,-3038.725298528739
0.0,0.09090909090909091,-10159.371312298355
0.0,0.0,-13957.8581833437
0.0,0.1111111111111111,-6941.1274184733675
0.0,0.0,-8248.916191427857
0.0,0.25,-9183.994505760638
0.0,0.2,-7786.949996772428
0.0,0.125,-9593.124672735637
0.0,0.14285714285714285,-9650.849908151225
0.0,0.1111111111111111,-7741.124664321123
0.0,0.3333333333333333,-13516.914151993455
0.0,0.1,-5615.738697379766
0.0,0.09090909090909091,-8196.7067999762
0.0,0.1,-6892.88520265691
0.0,0.1111111111111111,-10641.074848439446
0.0,0.06666666666666667,-2355.639561889961
0.0,0.2,-12177.504762767943
0.0,0.14285714285714285,-8855.704661533124
0.0,0.1111111111111111,-8154.986952663628
0.0,0.1111111111111111,-10813.291880409255
0.0,0.08333333333333333,-5245.7301151467145
0.0,0.25,-15606.001591127759
0.0,0.06666666666666667,-2505.0533150150445
0.0,0.16666666666666666,-10984.422580260569
0.0,0.07692307692307693,-4851.790496025391
0.0,0.125,-10178.449677395787
0.0,0.09090909090909091,-6902.606108802825
0.0,0.1111111111111111,-8281.944357636045
0.0,0.08333333333333333,-6880.785933419172
0.0,0.09090909090909091,-9325.077347374088
0.0,0.125,-15745.718070137242
0.0,0.25,-9639.722388388427
0.0,0.25,-10219.503220379966
0.0,0.18181818181818182,-6007.940410496744
0.0,0.3333333333333333,-13058.327683006288
0.0,0.2222222222222222,-8856.205685662757
0.0,0.2,-11461.994416259437
0.0,0.16666666666666666,-16519.270892356177
0.0,0.0,-5595.7641839013495
0.0,0.25,-25273.897351921096
0.0,0.08333333333333333,-6600.779498546559
0.0,0.2222222222222222,-8432.772848157487
0.0,0.2,-11706.411858059319
0.0,0.4,-14328.98683377301
0.0,0.1111111111111111,-7698.448842472473
0.0,0.058823529411764705,524.4282115068319
0.0,0.0,-5331.05573926393
0.0,0.07142857142857142,-3877.9820196420615
0.0,0.2727272727272727,-4509.834553081611
0.0,0.0,-19114.42659804061
0.0,0.42857142857142855,-8219.611131672187
0.0,0.0,-11686.762041342921
0.0,0.2857142857142857,-11198.406857441763
0.0,0.0,-3098.0878590817447
0.0,0.3333333333333333,-32187.375030830735
0.0,0.0625,-1977.4645454311046
0.0,0.2,-13091.450922791846
0.0,0.0,-10167.176947228303
0.0,0.07142857142857142,-2362.226728863295
0.0,0.07692307692307693,-5541.209678619509
0.0,0.1111111111111111,-11056.147115113934
0.0,0.1111111111111111,-10357.625598163764
0.0,0.25,-13132.815631452306
0.0,0.0,-7246.474752072367
0.0,0.25,-20044.392566347124
0.0,0.0,-12317.238413407886
0.0,0.14285714285714285,-13439.55929202567
0.0,0.0,-15010.924375012091
0.0,0.3333333333333333,-9394.551363193123
0.0,0.0,-2653.4795272079496
0.0,0.16666666666666666,-13659.56457402196
0.0,0.125,-11653.692871434387
0.0,0.2727272727272727,-5288.954430366711
0.0,0.0,-16516.962700986143
0.0,0.16666666666666666,-5616.391170040937
0.0,0.0,-13257.11325464622
0.0,0.08333333333333333,-5398.698204894235
0.0,0.2222222222222222,-9068.694111709467
0.0,0.16666666666666666,-13491.676820566488
0.0,0.0,-8940.286382087428
0.0,0.1111111111111111,-9196.341551349808
0.0,0.0,-18063.324698051823
0.0,0.14285714285714285,-12360.535487930136
0.0,0.07692307692307693,-5008.91173529897
0.0,0.0,-12480.933568337296
0.0,0.1,-9509.660734758067
0.0,0.06666666666666667,-1395.8459972711996
0.0,0.2222222222222222,-6639.208917994435
0.0,0.2,-16851.349285547443
0.0,0.0,-21748.320820090114
0.0,0.5,-9584.68320162087
0.0,0.0,-10748.989528923536
0.0,0.2,-7408.014774960926
0.0,0.0,-7549.993204029131
0.0,0.2857142857142857,-11825.719880604405
0.0,0.0,-3128.9019463665145
0.0,0.2857142857142857,-13735.346331722907
0.0,0.0,-2634.2577208352873
0.0,0.0,-16595.874312312706
0.0,0.1,-8155.436904717437
0.0,0.18181818181818182,-7724.044374309526
0.0,0.0,-7611.044738885412
0.0,0.16666666666666666,-5158.255193075937
0.0,0.3333333333333333,-9247.5045752026
0.0,0.1111111111111111,-10422.861892047733
0.0,0.1,-9346.195642201676
0.0,0.2,-14060.566743268986
0.0,0.16666666666666666,-14293.990437209277
0.0,0.25,-17676.604260850585
0.0,0.2,-17888.31745927739
0.0,0.14285714285714285,-15025.687888697314
0.0,0.07142857142857142,-2133.601223114172
0.0,0.2,-22028.183769341045
0.0,0.0625,522.7891473414317
0.0,0.25,-23329.900226812413
0.0,0.058823529411764705,1210.1593270638443
0.0,0.0,-8808.46062711628
0.0,0.2222222222222222,-9542.626589968484
0.0,0.0,-5750.548946528656
0.0,0.3333333333333333,-13820.917884553599
0.0,0.0,-1987.7337256507694
0.0,0.0,322.46560516778413
0.0,0.13333333333333333,-1583.7514642209617
0.0,0.0,-10757.182086312578
0.0,0.0,-9189.509035838055
0.0,0.0,-5788.546371175418
0.0,0.2222222222222222,-10237.30767010214
0.0,0.0,-5321.5323817524795
0.0,0.0,-13436.085239058848
0.0,0.15384615384615385,-4603.275131874339
0.0,0.0,-7151.583194567987
0.0,0.2,-24190.409906497698
0.0,0.0,-6578.945127273037
0.0,0.0,-4180.835882014302
0.0,0.08333333333333333,-7818.875758863763
0.0,0.1111111111111111,-14391.843248316825
0.0,0.0,-11683.670995273085
0.0,0.14285714285714285,-21104.458936799834
0.0,0.0,-7742.078498189184
0.0,0.16666666666666666,-22490.690177300366
0.0,0.0,-7284.437314698593
0.0,0.25,-29137.584245120077
0.0,0.0,-4972.271062470716
0.0,0.07692307692307693,-6532.900400239207
0.0,0.0,-14727.04452642638
0.0,0.1,-12795.8092209126
0.0,0.0,-12670.620841142712
0.0,0.125,-18710.52393292599
0.0,0.0,-8596.143461958778
0.0,0.14285714285714285,-19991.403255984624
0.0,0.1,-11739.742489713091
0.0,0.0,0.0
0.0,0.07692307692307693,-7982.156707123028
0.0,0.5,-17080.987325486698
0.0,0.0,-14292.473471258729
0.0,0.0,-8215.048973954259
0.0,0.18181818181818182,-9198.509919490798
0.0,0.058823529411764705,-3536.0970786365283
0.0,0.18181818181818182,-3353.2489224560763
0.0,0.0,-6412.482939015082
0.0,0.0,-6693.998265241877
0.0,0.11764705882352941,-3784.568261714372
0.0,0.0,-9552.917680074586
0.0,0.2,-6174.703632090493
0.0,0.3,-4856.644943023855
0.0,0.09090909090909091,-9097.043212905417
0.0,0.2,-6432.874522095756
0.0,0.18181818181818182,-6914.765884473417
0.0,0.1,-6827.429390003787
0.0,0.2222222222222222,-11747.92431829275
0.0,0.125,-12251.424273388557
0.0,0.3,-7902.564510923654
0.0,0.42857142857142855,-19062.989115365508
0.0,0.09090909090909091,-10406.11537366653
0.0,0.07692307692307693,-7904.880438544872
0.0,0.25,-10886.853425240639
0.0,0.25,-4603.135516169047
0.0,0.2727272727272727,-4212.075532826548
0.0,0.1111111111111111,-12917.517377122125
0.0,0.14285714285714285,-10546.333759287852
0.0,0.36363636363636365,-3319.323751151079
0.0,0.2727272727272727,-2885.1428857214173
0.0,0.1111111111111111,-9502.415032395746
0.0,0.1,-14912.688974842622
0.0,0.3,-3394.2929811919576
0.0,0.25,-9473.318529158398
0.0,0.125,-8611.34149377517
0.0,0.0,-9038.729940494748
0.0,0.0,-8640.003540787922
0.0,0.15384615384615385,-5871.06688327928
0.0,0.0,-9548.094349126133
0.0,0.16666666666666666,-6831.477637585202
0.0,0.125,-3113.6589939216474
0.0,0.2727272727272727,-6924.472975025594
0.0,0.2222222222222222,-7355.85057999428
0.0,0.2,-6134.428148149408
0.0,0.16666666666666666,-4542.843033831804
0.0,0.15384615384615385,-7423.445276699868
0.0,0.18181818181818182,-7516.637452342195
0.0,0.1,-11249.325757835322
0.0,0.23076923076923078,-4565.531801065456
0.0,0.2222222222222222,-6804.355274394679
0.0,0.2,-8074.045812359486
0.0,0.16666666666666666,-8002.297188247617
0.0,0.09090909090909091,-6381.4441717907475
0.0,0.07692307692307693,-4080.495646286122
0.0,0.058823529411764705,-3356.572983027781
0.0,0.058823529411764705,-1139.9201756243453
0.0,0.21428571428571427,-9298.432513766691
0.0,0.16666666666666666,1011.080723980362
0.0,0.13333333333333333,-2785.438067823414
0.0,0.1,-1395.3477395273064
0.0,0.11764705882352941,-3718.4194456785685
0.0,0.18181818181818182,-9380.522348333385
0.0,0.1111111111111111,-8028.8192007816
0.0,0.21428571428571427,-716.5347373796801
0.0,0.16666666666666666,-12844.205072988654
0.0,0.08333333333333333,-9237.548911830974
0.0,0.125,-2332.1556796254517
0.0,0.0,-15785.69981048296
0.0,0.14285714285714285,-2300.5208570052882
0.0,0.0,-10710.459272901317
0.0,0.0,-9780.658767523593
0.0,0.0,-13124.692742724625
0.0,0.06666666666666667,-6965.838883402751
0.0,0.0,-8932.329232754162
0.0,0.08333333333333333,-6337.249496772927
0.0,0.0,-5966.967373939455
0.0,0.25,-4836.098292090048
0.0,0.23076923076923078,-4859.283971635815
0.0,0.0,-8019.473007539776
0.0,0.0,-9226.771544215697
0.0,0.09090909090909091,-13296.458676809409
0.0,0.18181818181818182,-3153.597293644773
0.0,0.3333333333333333,-7506.430879382675
0.0,0.2222222222222222,-5862.907312617313
0.0,0.25,-9040.812128051886
0.0,0.2,-13948.151468721151
0.0,0.07692307692307693,-8493.444237151763
0.0,0.0,-13439.465981922842
0.0,0.4444444444444444,-7484.19431556159
0.0,0.26666666666666666,2992.5793906918943
0.0,0.25,-34986.10265826196
0.0,0.3,-11394.09654823434
0.0,0.21428571428571427,-3478.2033038915474
0.0,0.07692307692307693,-5932.275402563517
0.0,0.25,-21754.439042391852
0.0,0.23076923076923078,-5215.559949213458
0.0,0.17647058823529413,833.4395567896217
0.0,0.0,-8372.532312269295
0.0,0.15384615384615385,-3582.950701123831
0.0,0.23076923076923078,-237.79901031066248
0.0,0.15,2762.9121975748217
0.0,0.09090909090909091,-6638.969550206017
0.0,0.0,-8979.116666522405
0.0,0.3333333333333333,-7037.911353374013
0.0,0.4,-8551.6340400448
0.0,0.25,-13526.457510189886
0.0,0.2222222222222222,-7984.517075921056
0.0,0.36363636363636365,-2342.8462150658042
0.0,0.0,-8648.802406960538
0.0,0.125,-5009.242100749062
0.0,0.0,-14021.879334870777
0.0,0.07142857142857142,-5735.578607278194
0.0,0.0,-3385.818373309151
0.0,0.0,-4782.791345573398
0.0,0.0,-10925.082352135867
0.0,0.0,-10739.355702793368
0.0,0.2,-6102.797768815131
0.0,0.2,-4948.341932518407
0.0,0.0,-10717.316862789103
0.0,0.0,-10104.995752110908
0.0,0.15384615384615385,-8638.687462063277
0.0,0.07692307692307693,-6810.360965825101
0.0,0.0,-4556.2893830959165
0.0,0.16666666666666666,-3350.66037319236
0.0,0.18181818181818182,-5170.111550666156
0.0,0.18181818181818182,-4102.534367925218
0.0,0.07692307692307693,-8983.000542342312
0.0,0.13333333333333333,-3855.5808030854396
0.0,0.4,-5162.54123904884
0.0,0.14285714285714285,-6077.609483215564
0.0,0.2222222222222222,-9187.289876612997
0.0,0.3333333333333333,-9373.497734812105
0.0,0.15384615384615385,-6898.6635831388485
0.0,0.0,-6754.5318523268015
0.0,0.09090909090909091,-8215.424422562251
0.0,0.16666666666666666,-7131.509336084131
0.0,0.15384615384615385,-7296.906070562612
0.0,0.2727272727272727,-7795.198042828452
0.0,0.16666666666666666,-5286.773568155368
0.0,0.16666666666666666,-8736.423482548682
0.0,0.0625,-4429.828833743815
0.0,0.375,-13719.59997019722
0.0,0.14285714285714285,-3595.155229990359
0.0,0.14285714285714285,-5912.2098044151335
0.0,0.18181818181818182,-5963.45580539863
0.0,0.07142857142857142,-7411.018158455119
0.0,0.3333333333333333,-9619.28329790058
0.0,0.2,-6842.706651173001
0.0,0.16666666666666666,-5556.281999887624
0.0,0.0625,-5603.642466830245
0.0,0.2727272727272727,-3875.0270620315887
0.0,0.3333333333333333,-6507.419564389626
0.0,0.14285714285714285,-5535.220477242103
0.0,0.07142857142857142,-6997.154754379725
0.0,0.0,-8155.957014726966
0.0,0.2,-8437.13607912155
0.0,0.1,-10374.050681160676
0.0,0.07142857142857142,-7647.968609356944
0.0,0.3333333333333333,-9942.574889371794
0.0,0.1111111111111111,-1983.1513978388118
0.0,0.125,-16878.35273407616
0.0,0.0,-3576.10568712352
0.0,0.15384615384615385,-2678.516160219667
0.0,0.14285714285714285,-2882.5320823854727
0.0,0.1,-11182.913384775004
0.0,0.0,-7059.707986321044
0.0,0.5,-17476.770578135314
0.0,0.125,-14947.623902266558
0.0,0.18181818181818182,-6082.502282621812
0.0,0.0625,-4255.798094864317
0.0,0.08333333333333333,-6554.656212303922
0.0,0.0,-12923.230527943982
0.0,0.07142857142857142,-6023.371514944833
0.0,0.058823529411764705,-5408.531647422883
0.0,0.25,-4194.687634737676
0.0,0.23076923076923078,-4403.351194657929
0.0,0.0,-5813.14252692636
0.0,0.18181818181818182,-3477.0362291834463
0.0,0.07142857142857142,-5252.628580050362
0.0,0.1,-9823.946095623582
0.0,0.3333333333333333,-6222.689928027473
0.0,0.2,-4184.2621738601165
0.0,0.5,-12589.867637629426
0.0,0.0,-10077.875331824112
0.0,0.18181818181818182,-4646.3611358938315
0.0,0.2,-6511.6631677225905
0.0,0.07142857142857142,-6152.975902357422
0.0,0.1,-7537.646472933972
0.0,0.16666666666666666,-4351.153148235291
0.0,0.0,-7412.8082008538695
0.0,0.125,-4609.051878562388
0.0,0.0,-9195.959629152967
0.0,0.2,-7563.0658631894585
0.0,0.18181818181818182,-9359.763329893995
0.0,0.07142857142857142,-6959.069010957374
0.0,0.1,-8508.200259666759
0.0,0.0,-10512.419289835712
0.0,0.11764705882352941,-3622.3994286621437
0.0,0.16666666666666666,-7705.556090144471
0.0,0.2,-7595.543785550383
0.0,0.06666666666666667,-5730.6680200278815
0.0,0.42857142857142855,-15537.851397421842
0.0,0.09090909090909091,-7977.803889485011
0.0,0.0,-11792.322545958108
0.0,0.15384615384615385,-2687.082861241572
0.0,0.16666666666666666,-4821.579110442461
0.0,0.16666666666666666,-3610.041077384221
0.0,0.0,-11287.633417246816
0.0,0.16666666666666666,-6372.018674810387
0.0,0.2727272727272727,-7671.782025626853
0.0,0.08333333333333333,-7483.247045516799
0.0,0.0,-5732.519991453071
0.0,0.0,-9923.574586629496
0.0,0.07692307692307693,-7867.913886435034
0.0,0.16666666666666666,-3667.4379922221024
0.0,0.16666666666666666,-6549.3949485163685
0.0,0.2,-6542.587994804874
0.0,0.06666666666666667,-5124.844538814756
0.0,0.42857142857142855,-14292.740278486106
0.0,0.15384615384615385,-4514.132885848901
0.0,0.0,-6089.032942417534
0.0,0.0,-10779.092545055833
0.0,0.1111111111111111,-3367.63386891719
0.0,0.07142857142857142,-8011.963408323247
0.0,0.18181818181818182,-7857.668425405153
0.0,0.2727272727272727,-8083.808151258961
0.0,0.16666666666666666,-5519.383125099857
0.0,0.08333333333333333,-7955.838719582046
0.0,0.14285714285714285,-4577.512996605711
0.0,0.2222222222222222,-8829.886791062283
0.0,0.08333333333333333,-7951.151322181028
0.0,0.13333333333333333,-5464.364042268175
0.0,0.2,-4393.508847729833
0.0,0.25,-11025.365507294788
0.0,0.07692307692307693,-6000.35179331807
0.0,0.06666666666666667,-3692.888756899006
0.0,0.18181818181818182,-3079.8434057218083
0.0,0.09090909090909091,-5952.684635846425
0.0,0.25,-9141.04328727661
0.0,0.0,-3746.924069495936
0.0,0.11764705882352941,-1296.5032432841538
0.0,0.0,-2962.6807585723145
0.0,0.18181818181818182,-3746.5947102006207
0.0,0.16666666666666666,-3729.970449673604
0.0,0.06666666666666667,-3043.7159506882776
0.0,0.15384615384615385,-3224.4844453029855
0.0,0.2222222222222222,-2452.219244861158
0.0,0.21428571428571427,-6625.538625173145
0.0,0.1111111111111111,-4164.271604859519
0.0,0.0,-7964.245109230356
0.0,0.3333333333333333,-5273.867601189179
0.0,0.2857142857142857,-3517.883830205068
0.0,0.0,-6340.073127112302
0.0,0.2222222222222222,-8124.955312541384
0.0,0.2,-5050.565408179698
0.0,0.5,-13948.404002232894
0.0,0.1,-7421.3009536144245
0.0,0.2222222222222222,-6406.0689223457175
0.0,0.0,-7563.664759113016
0.0,0.08333333333333333,-9530.655697400482
0.0,0.0,-7023.402357329054
0.0,0.18181818181818182,-9542.68172023996
0.0,0.07142857142857142,-7099.877695624116
0.0,0.3333333333333333,-9184.962674885797
0.0,0.5,-17365.33026740521
0.0,0.1,-8724.547538503317
0.0,0.25,-7039.236079134163
0.0,0.0,-8360.405267083717
0.0,0.125,-5295.3275022593225
0.0,0.08333333333333333,-10492.121967121715
0.0,0.0,-7713.62320085632
0.0,0.18181818181818182,-6373.8053656771735
0.0,0.18181818181818182,-10448.03054725136
0.0,0.07142857142857142,-7835.9829272604775
0.0,0.2,-7311.5789267026985
0.0,0.1,-9952.278707465917
0.0,0.0,-6550.152340145459
0.0,0.25,-9948.523031063267
0.0,0.125,-3994.590946892437
0.0,0.08333333333333333,-8399.851396924307
0.0,0.07142857142857142,-6131.59205106907
0.0,0.2,-5327.626064465387
0.0,0.1,-7522.304885899796
0.0,0.16666666666666666,-4338.009307104738
0.0,0.0,-9299.14851890099
0.0,0.0,-5407.895354123836
0.0,0.2857142857142857,-10797.804781573835
0.0,0.07692307692307693,-7160.337866154018
0.0,0.0,-4875.881564578384
0.0,0.16666666666666666,-3720.0377522665326
0.0,0.16666666666666666,-6753.691770621099
0.0,0.2,-6573.380919994352
0.0,0.06666666666666667,-4942.658997855797
0.0,0.3,-6750.57859517184
0.0,0.15384615384615385,-3675.199423136807
0.0,0.06666666666666667,-2005.2882903886414
0.0,0.16666666666666666,292.35111615294795
0.0,0.16666666666666666,-11450.13489285237
0.0,0.14285714285714285,-4039.2260798578727
0.0,0.05555555555555555,-1070.0767768475114
0.0,0.23076923076923078,-255.75459919047782
0.0,0.2727272727272727,-2419.823341826691
0.0,0.25,-1125.5022320057496
0.0,0.16666666666666666,-5176.430254391029
0.0,0.21428571428571427,-1836.160088558236
0.0,0.25,-10655.630135630692
0.0,0.125,-3717.591221584108
0.0,0.0,-5787.996343855746
0.0,0.18181818181818182,-7477.627124252084
0.0,0.2,-4815.109702640927
0.0,0.1,-7434.136649510232
0.0,0.125,-10698.707064574195
0.0,0.1875,-3698.0385822450985
0.0,0.16666666666666666,-8049.105967561632
0.0,0.0625,-5763.169343727069
0.0,0.2727272727272727,-4110.5413857035555
0.0,0.14285714285714285,-5711.792283774738
0.0,0.3,-4777.922842492851
0.0,0.2,-7446.5609567893125
0.0,0.25,-4204.144498501126
0.0,0.125,-16790.776324817303
0.0,0.07142857142857142,-4433.816633906107
0.0,0.17647058823529413,-1910.8328877198783
0.0,0.15384615384615385,-6694.049111432284
0.0,0.058823529411764705,-3677.845482395489
0.0,0.25,-2251.9607106587855
0.0,0.2727272727272727,-4437.194651424896
0.0,0.13333333333333333,-3735.852626267988
0.0,0.2727272727272727,-3123.4410483717093
0.0,0.18181818181818182,-7651.708687892444
0.0,0.23076923076923078,-3770.283812832879
0.0,0.2222222222222222,-10335.639336093946
0.0,0.0,-8319.727560726098
0.0,0.125,-5265.587547252024
0.0,0.0,-7678.29324637368
0.0,0.2,-8625.308508640654
0.0,0.3333333333333333,-10145.241069451537
0.0,0.2,-7270.815869955423
0.0,0.1,-9887.302902589705
0.0,0.0,-17229.86994094958
0.0,0.25,-13482.396424618424
0.0,0.0,-5993.187354130118
0.0,0.11764705882352941,-3434.140081263502
0.0,0.07692307692307693,-7830.7655469149595
0.0,0.0,-5398.475136358695
0.0,0.16666666666666666,-4280.68274873254
0.0,0.18181818181818182,-6287.50702198536
0.0,0.2,-7351.9282893362115
0.0,0.06666666666666667,-5499.188536218592
0.0,0.18181818181818182,-5137.406537522719
0.0,0.09090909090909091,-7368.671101640752
0.0,0.15384615384615385,-4204.390143213049
0.0,0.07692307692307693,-5672.647729809684
0.0,0.1111111111111111,-14678.365409608969
0.0,0.1875,-3045.275121210398
0.0,0.16666666666666666,-8090.989329406478
0.0,0.2727272727272727,-3139.3134667221725
0.0,0.3,-5351.581983466459
0.0,0.14285714285714285,-4995.011271210115
0.0,0.4444444444444444,-5920.237807115295
0.0,0.3,-3935.6995284377113
0.0,0.6666666666666666,-12686.688511672184
0.0,0.0,-23431.173602562292
0.0,0.0,-5211.3509530825095
0.0,0.07692307692307693,-7113.3183070411915
0.0,0.16666666666666666,-3346.0088779577054
0.0,0.25,-15577.313265569315
0.0,0.18181818181818182,-5293.791404060608
0.0,0.2,-6070.270264036858
0.0,0.06666666666666667,-4686.793806344493
0.0,0.3,-6279.699942190237
0.0,0.25,-13273.203682019022
0.0,0.0,-6235.129761810928
0.0,0.11764705882352941,-3592.9850120309948
0.0,0.07692307692307693,-8236.385462338878
0.0,0.0,-5593.401206011136
0.0,0.06666666666666667,-5683.914383611095
0.0,0.3,-7686.742015222017
0.0,0.18181818181818182,-5262.256455146668
0.0,0.15384615384615385,-4642.300737669044
0.0,0.5,-25064.86121317163
0.0,0.16666666666666666,-14020.273281437774
0.0,0.07142857142857142,-4776.393819746477
0.0,0.17647058823529413,-2376.9977378983244
0.0,0.15384615384615385,-6825.704571963019
0.0,0.058823529411764705,-4150.220556690897
0.0,0.25,-2755.3122667341313
0.0,0.2727272727272727,-4774.962432234323
0.0,0.25,-5298.002828632723
0.0,0.13333333333333333,-4181.101576700122
0.0,0.4,-5555.086619858911
0.0,0.5714285714285714,-12123.448047921027
0.0,0.18181818181818182,-7246.336206876838
0.0,0.23076923076923078,-3757.221091792147
0.0,0.2,-8359.543473915775
0.0,0.06666666666666667,-5190.396881627839
0.0,0.16666666666666666,-2467.859079312854
0.0,0.14285714285714285,-7524.146476819771
0.0,0.05555555555555555,-4311.008768822761
0.0,0.23076923076923078,-3073.2515971728726
0.0,0.25,-5535.639087570549
0.0,0.23076923076923078,-5660.647144340888
0.0,0.2222222222222222,-8123.002906525629
0.0,0.125,-4446.892129168868
0.0,0.36363636363636365,-6399.978762436676
0.0,0.25,-4125.171675770348
0.0,0.375,-9545.820805160069
0.0,0.5,-14754.118471903692
0.0,0.16666666666666666,-8589.975673318419
0.0,0.21428571428571427,-4448.848751897771
0.0,0.4,-23620.45026985196
0.0,0.0,-1100.7329816286697
0.0,0.1111111111111111,1029.8076706881745
0.0,0.0,-142.1498325099743
0.0,0.15384615384615385,399.29352605307736
0.0,0.15384615384615385,-827.8249105191928
0.0,0.0625,-396.00002345932944
0.0,0.2727272727272727,-1742.6914484488088
0.0,0.375,-6690.829582768107
0.0,0.08333333333333333,-3987.199354732029
0.0,0.08333333333333333,-8526.06677538431
0.0,0.0,0.0
0.0,0.0,-7850.098942896409
0.0,0.125,-4923.980544302336
0.0,0.08333333333333333,-9872.326087376225
0.0,0.0,-7271.200869879332
0.0,0.2,-8081.804109742256
0.0,0.18181818181818182,-9878.32217000426
0.0,0.2222222222222222,-9365.76178678054
0.0,0.3333333333333333,-9556.774365698424
0.0,0.2,-6791.961430871846
0.0,0.1,-9152.61804246442
0.0,0.16666666666666666,-5505.369916222245
0.0,0.0,-24148.711953137135
0.0,0.1,-10029.843174420334
0.0,0.0,-6060.468635090288
0.0,0.1111111111111111,-3336.6989876843904
0.0,0.07142857142857142,-8040.175950452595
0.0,0.0,-5249.586347809856
0.0,0.15384615384615385,-4383.845372016466
0.0,0.16666666666666666,-6675.244775707225
0.0,0.15384615384615385,-7488.551932175553
0.0,0.18181818181818182,-7727.126589022379
0.0,0.2727272727272727,-7964.267225742817
0.0,0.16666666666666666,-5423.378669444093
0.0,0.375,-16345.91241310742
0.0,0.08333333333333333,-8134.08761808913
0.0,0.0,-5127.16927129719
0.0,0.1111111111111111,-2665.8586323051486
0.0,0.07142857142857142,-6911.742697904775
0.0,0.0,-4424.051795954545
0.0,0.16666666666666666,-5614.595431460569
0.0,0.15384615384615385,-6412.830989649109
0.0,0.2727272727272727,-6798.563969513692
0.0,0.375,-14100.189622634356
0.0,0.14285714285714285,-3714.21742773585
0.0,0.06666666666666667,-3484.0983649734267
0.0,0.0,-11845.58504546635
0.0,0.16666666666666666,-1162.867638839095
0.0,0.14285714285714285,-5489.942470018779
0.0,0.05555555555555555,-2702.4904240835626
0.0,0.25,-3701.3292212635733
0.0,0.23076923076923078,-3722.7051070406897
0.0,0.2727272727272727,-4108.272257827588
0.0,0.25,-2518.9361192069828
0.0,0.16666666666666666,-6253.048659367676
0.0,0.08333333333333333,-9766.703887409136
0.0,0.0,-6785.553207746893
0.0,0.125,-4162.2457806140155
0.0,0.08333333333333333,-8644.74565694039
0.0,0.0,-6347.428675199915
0.0,0.18181818181818182,-4882.753440410738
0.0,0.18181818181818182,-8529.306532386874
0.0,0.3333333333333333,-8094.693716461324
0.0,0.2,-5617.710963775598
0.0,0.5,-15236.78692873479
0.0,0.1,-7726.930309666005
0.0,0.16666666666666666,-4501.7272416860005
0.0,0.09090909090909091,-12234.350292612191
0.0,0.0,-4542.268763612116
0.0,0.11764705882352941,-2274.1162796343156
0.0,0.07692307692307693,-6418.532529706125
0.0,0.0,-3991.537041047339
0.0,0.16666666666666666,-2667.2299461218004
0.0,0.18181818181818182,-4521.415165010535
0.0,0.18181818181818182,-3408.2221758885703
0.0,0.15384615384615385,-3353.5125126383946
0.0,1.0,0.0
0.0,0.2857142857142857,-10954.545520295971
0.0,0.1875,-4177.743073604965
0.0,0.16666666666666666,-8668.244835395173
0.0,0.0625,-6366.596031270656
0.0,0.2727272727272727,-4906.04370528512
0.0,0.3,-6815.806301592897
0.0,0.2727272727272727,-8560.849824699304
0.0,0.3333333333333333,-7963.657260159515
0.0,0.14285714285714285,-6384.354308185625
0.0,0.6666666666666666,-15298.439415152883
0.0,0.2,-7749.30607682261
0.0,0.4,-9548.485927455586
0.0,0.06666666666666667,-4110.746546324412
0.0,0.16666666666666666,-1432.597370312648
0.0,0.14285714285714285,-6496.499539787844
0.0,0.05555555555555555,-3166.025298742337
0.0,0.23076923076923078,-1953.0902419372378
0.0,0.25,-4396.961798298524
0.0,0.23076923076923078,-4172.527681378954
0.0,0.125,-3317.524527837663
0.0,0.25,-2988.040398463186
0.0,0.5,-12941.42482088137
0.0,0.16666666666666666,-7857.606060329325
0.0,0.6,-17439.484906095127
0.0,0.21428571428571427,-3683.206142930546
0.0,0.4,-19320.404027736702
0.0,0.06666666666666667,-2702.0425107595265
0.0,0.16666666666666666,-732.3923650199514
0.0,0.14285714285714285,-4351.680544453274
0.0,0.05555555555555555,-2062.309440300326
0.0,0.23076923076923078,-1152.3737071072192
0.0,0.25,-2832.654657874309
0.0,0.23076923076923078,-3022.899342345911
0.0,0.2,-10492.468386220482
0.0,0.2727272727272727,-3284.548439483737
0.0,0.125,-2165.457903017995
0.0,0.25,-1874.1783895559613
0.0,0.5,-8623.520048566925
0.0,0.16666666666666666,-4509.181607724468
0.0,0.25,-9379.847044520331
0.0,0.21428571428571427,-1964.0657902817
0.0,0.0,-5765.731235276902
0.0,0.125,-3244.7152141135102
0.0,0.42857142857142855,-13095.534797850323
0.0,0.08333333333333333,-8018.973015223324
0.0,0.0,-5241.500617575651
0.0,0.18181818181818182,-3358.6392613312173
0.0,0.2,-5424.202624686178
0.0,0.18181818181818182,-6173.415103449858
0.0,0.07142857142857142,-5166.616455794384
0.0,0.2,-4092.3453967829546
0.0,0.5,-12584.782372395963
0.0,0.16666666666666666,-4599.886314217778
0.0,0.3333333333333333,-7793.063861063662
0.0,0.06666666666666667,-2833.97445669882
0.0,0.16666666666666666,-13739.841467435524
0.0,0.16666666666666666,-827.3669836529768
0.0,0.14285714285714285,-4513.814170038884
0.0,0.05555555555555555,-2186.660544794023
0.0,0.23076923076923078,-1257.101408897457
0.0,0.23076923076923078,-3175.9025109572726
0.0,0.2727272727272727,-3440.084966828961
0.0,0.125,-2289.801567730668
0.0,0.5,-8953.686136827253
0.0,0.16666666666666666,-4707.995906797602
0.0,0.21428571428571427,-2085.1660785248323
0.0,0.25,-7704.568520966762
0.0,0.0,-6955.554828198147
0.0,0.125,-4282.968410955669
0.0,0.08333333333333333,-8830.545741197546
0.0,0.0,-6496.1958325855185
0.0,0.18181818181818182,-5060.966653350868
0.0,0.2,-7002.640010641836
0.0,0.18181818181818182,-8768.803234689387
0.0,0.2222222222222222,-8180.44257829976
0.0,0.07142857142857142,-6526.973617070946
0.0,0.5,-15713.667341098839
0.0,0.1,-7912.883991694679
0.0,0.16666666666666666,-4640.335111289823
0.0,0.06666666666666667,-1182.7567339420555
0.0,0.16666666666666666,-11659.861355234621
0.0,0.16666666666666666,1120.3025288429067
0.0,0.14285714285714285,-3203.132332340119
0.0,0.05555555555555555,-144.1351629336509
0.0,0.23076923076923078,440.77388860624757
0.0,0.25,-1521.0623416386675
0.0,0.23076923076923078,-865.2846428472964
0.0,0.2727272727272727,-1595.3981712149484
0.0,0.125,-418.086296782252
0.0,0.36363636363636365,-1885.856955361501
0.0,0.5,-7447.475860706155
0.0,0.16666666666666666,-4481.370822826483
0.0,0.21428571428571427,-1204.8369275243708
0.0,0.25,-9188.777983784592
0.0,0.0,0.0
0.0,0.0,-6142.822937222078
0.0,0.125,-3691.6619919465566
0.0,0.08333333333333333,-8043.672087810275
0.0,0.0,-5755.0804865643795
0.0,0.18181818181818182,-4098.835882778178
0.0,0.2,-5930.067941774613
0.0,0.18181818181818182,-7404.990450010414
0.0,0.2222222222222222,-6821.9588636088065
0.0,0.07142857142857142,-5702.764615349427
0.0,0.3333333333333333,-6997.874767673367
0.0,0.5,-13365.661279553702
0.0,0.1,-7451.306119370406
0.0,0.16666666666666666,-4204.721645413234
0.0,0.25,-5694.760270734893
0.0,0.0,-8404.364611744504
0.0,0.125,-5327.4920473669445
0.0,0.08333333333333333,-10546.017943939549
0.0,0.0,-7751.817302627987
0.0,0.18181818181818182,-6412.231514584202
0.0,0.2,-8722.044525291049
0.0,0.18181818181818182,-10495.781756240282
0.0,0.2222222222222222,-10037.639021449
0.0,0.07142857142857142,-7876.353692944342
0.0,0.3333333333333333,-10249.04555177437
0.0,0.5,-19552.05740450802
0.0,0.1,-10022.683667092564
0.0,0.16666666666666666,-6090.929976926998
0.0,0.07142857142857142,-4812.910375566496
0.0,0.6666666666666666,-26979.765407714054
0.0,0.17647058823529413,-2516.9059918340186
0.0,0.15384615384615385,-6652.375872037957
0.0,0.058823529411764705,-4278.433518790702
0.0,0.25,-2982.994246653791
0.0,0.2727272727272727,-4838.2204714407335
0.0,0.25,-5681.176494274658
0.0,0.3,-5564.523333978359
0.0,0.13333333333333333,-4305.882446399812
0.0,0.4,-5764.679298430898
0.0,0.2727272727272727,-3733.056567770446
0.0,0.18181818181818182,-6530.367861492046
0.0,0.1111111111111111,-9159.227555297726
0.0,0.23076923076923078,-3462.379453975377
0.0,0.13333333333333333,-3240.757629218853
0.0,0.2222222222222222,-706.8816856725074
0.0,0.21428571428571427,-5501.536510951859
0.0,0.1111111111111111,-2300.9312224189543
0.0,0.3076923076923077,-1220.2228112619318
0.0,0.3333333333333333,-3505.4855724547574
0.0,0.3076923076923077,-3182.70185219157
0.0,0.36363636363636365,-3748.9009075781332
0.0,0.1875,-2469.112034731946
0.0,0.45454545454545453,-4071.475463970026
0.0,0.3333333333333333,-2192.90666254302
0.0,0.25,-6797.742812381864
0.0,0.2857142857142857,-2923.407517154915
0.0,0.125,-10514.298783029459
0.0,0.0,0.0
0.0,0.0,-6975.1356638368525
0.0,0.125,-4296.880344733147
0.0,0.08333333333333333,-8852.312508430525
0.0,0.0,-6513.263450346257
0.0,0.18181818181818182,-5081.057756602424
0.0,0.2,-7027.112307033555
0.0,0.18181818181818182,-8795.550016722382
0.0,0.2222222222222222,-8208.488601724972
0.0,0.07142857142857142,-6545.699390927458
0.0,0.3333333333333333,-8374.976267508622
0.0,0.2,-5840.376839626692
0.0,0.5,-15768.110945195549
0.0,0.16666666666666666,-4657.120740574747
0.0,0.14285714285714285,-11188.892966405432
0.0,0.0,-2255.4600044332437
0.0,0.0,-4054.3662005338315
0.0,0.11764705882352941,-1905.3299987472697
0.0,0.07692307692307693,-5845.042355311876
0.0,0.0,-3532.14847971099
0.0,0.16666666666666666,-2244.4876329584094
0.0,0.18181818181818182,-3977.126413764009
0.0,0.16666666666666666,-4633.96916807157
0.0,0.2,-4545.560972238885
0.0,0.06666666666666667,-3547.2624933637053
0.0,0.3,-4742.6717671948245
0.0,0.18181818181818182,-2929.798332402156
0.0,0.42857142857142855,-10183.013459788654
0.0,0.15384615384615385,-2915.5268199326892
0.0,0.14285714285714285,-10671.888269874655
0.0,0.0,-6218.949515300486
0.0,0.11764705882352941,-3600.306038564532
0.0,0.07692307692307693,-8048.350576447857
0.0,0.0,-5603.155740085716
0.0,0.16666666666666666,-4547.81572851413
0.0,0.18181818181818182,-6582.520004932792
0.0,0.16666666666666666,-7874.1155550424155
0.0,0.2,-7721.981386915092
0.0,0.06666666666666667,-5727.3144765064635
0.0,0.3,-7908.423176593901
0.0,0.18181818181818182,-5427.67837876997
0.0,0.42857142857142855,-15484.721896085359
0.0,0.15384615384615385,-4335.954229254332
0.0,0.125,-9283.818652644954
0.0,0.0,0.0
0.0,0.0,-7625.764048875164
0.0,0.125,-4762.021114879055
0.0,0.08333333333333333,-9604.247525873609
0.0,0.0,-7077.112614586889
0.0,0.18181818181818182,-5712.78734588784
0.0,0.2,-7817.4521577067935
0.0,0.18181818181818182,-9616.652874962801
0.0,0.2222222222222222,-9083.025542711817
0.0,0.07142857142857142,-7157.663538211017
0.0,0.3333333333333333,-9266.568510516814
0.0,0.2,-6556.815277051342
0.0,0.5,-17530.093591920468
0.0,0.16666666666666666,-5275.345613976593
0.0,0.3333333333333333,-17966.442295040313
0.0,0.0,-12354.777894988123
0.0,0.06666666666666667,-4255.572222096601
0.0,0.16666666666666666,-1971.1945236318365
0.0,0.14285714285714285,-6052.594177930676
0.0,0.05555555555555555,-3587.312534266521
0.0,0.23076923076923078,-2600.7908448799076
0.0,0.25,-4559.613275452751
0.0,0.23076923076923078,-5079.121364496047
0.0,0.2727272727272727,-5289.469082347484
0.0,0.125,-3702.777259765826
0.0,0.36363636363636365,-5509.670405262409
0.0,0.25,-3458.3880269535452
0.0,0.5,-12114.58029686831
0.0,0.21428571428571427,-3156.8241914408063
0.0,0.2222222222222222,-8246.767876471486
0.0,0.0,-5394.859782114681
0.0,0.0,-4932.270015900449
0.0,0.11764705882352941,-2652.8114325319993
0.0,0.07692307692307693,-6654.300436892502
0.0,0.0,-4435.357335920835
0.0,0.16666666666666666,-3227.8784519947703
0.0,0.18181818181818182,-5014.061964980274
0.0,0.16666666666666666,-6070.971442490978
0.0,0.2,-5887.699736790892
0.0,0.06666666666666667,-4474.068925706703
0.0,0.3,-6062.445922625221
0.0,0.18181818181818182,-3963.2513398513584
0.0,0.42857142857142855,-12197.182865695902
0.0,0.09090909090909091,-6157.679953348433
0.0,0.5,-25079.791879993776
0.0,0.1111111111111111,-5895.190487702068
0.0,0.07142857142857142,-5148.79322570963
0.0,0.17647058823529413,-2746.2930602543424
0.0,0.15384615384615385,-7097.0193469917585
0.0,0.058823529411764705,-4569.021754368263
0.0,0.25,-3233.395656205625
0.0,0.2727272727272727,-5208.363144554112
0.0,0.25,-6000.317475293706
0.0,0.3,-5924.482380646831
0.0,0.13333333333333333,-4604.630217638697
0.0,0.4,-6144.272173789108
0.0,0.2727272727272727,-4034.3045386168574
0.0,0.5714285714285714,-12827.953597675052
0.0,0.18181818181818182,-7170.669446729728
0.0,0.125,-7337.773729998937
0.0,0.3333333333333333,-13887.857163066175
0.0,0.06666666666666667,-4682.398288478732
0.0,0.16666666666666666,-2330.525304789658
0.0,0.14285714285714285,-6436.3949762427965
0.0,0.05555555555555555,-4013.8009090099663
0.0,0.23076923076923078,-3102.7490580797325
0.0,0.25,-5081.258870565825
0.0,0.23076923076923078,-5787.342666429547
0.0,0.2727272727272727,-5961.316417674698
0.0,0.125,-4151.243075495289
0.0,0.36363636363636365,-6168.758170798585
0.0,0.25,-3985.918832334581
0.0,0.5,-13044.110613623436
0.0,0.16666666666666666,-6297.671473856059
0.0,0.2,-6735.709504877562
0.0,0.0,0.0
0.0,0.0,-6142.822937222078
0.0,0.125,-3691.6619919465566
0.0,0.08333333333333333,-8043.672087810275
0.0,0.0,-5755.0804865643795
0.0,0.18181818181818182,-4098.835882778178
0.0,0.2,-5930.067941774613
0.0,0.18181818181818182,-7404.990450010414
0.0,0.2222222222222222,-6821.9588636088065
0.0,0.07142857142857142,-5702.764615349427
0.0,0.3333333333333333,-6997.874767673367
0.0,0.2,-4765.8012747355615
0.0,0.5,-13365.661279553702
0.0,0.1,-7451.306119370406
0.0,0.25,-8684.885402819045
0.0,0.0,-2379.936496215417
0.0,0.0,-4253.4835538700745
0.0,0.1111111111111111,-2031.2539758674839
0.0,0.07142857142857142,-5901.470108932811
0.0,0.0,-3635.3701497659536
0.0,0.15384615384615385,-2743.973544507493
0.0,0.16666666666666666,-4597.574763998709
0.0,0.15384615384615385,-5309.460294744325
0.0,0.18181818181818182,-5452.333803383989
0.0,0.0625,-3757.2041091042815
0.0,0.2727272727272727,-5643.648424953294
0.0,0.16666666666666666,-3570.836943146439
0.0,0.375,-11983.10205594623
0.0,0.08333333333333333,-5588.200182447102
0.0,0.18181818181818182,-5501.962438484966
0.0,0.16666666666666666,-13210.104415100108
0.0,0.375,-9202.467814838657
0.0,0.5,-18914.66040929217
0.0,0.14285714285714285,-16581.439623634833
0.0,0.3333333333333333,-12212.3975879182
0.0,0.08333333333333333,-5535.663045618889
0.0,0.2727272727272727,-5553.495871992327
0.0,0.16666666666666666,-4522.652780528606
0.0,0.18181818181818182,-5361.995995833593
0.0,0.0,-4191.036455427771
0.0,0.15384615384615385,-5217.803272966754
0.0,0.16666666666666666,-3499.505857883934
0.0,0.0625,-3694.8328495630694
0.0,0.25,-9369.985612001221
0.0,0.2727272727272727,-4715.608025887209
0.0,0.5,-19439.704963402273
0.0,0.2857142857142857,-8430.426534882174
0.0,0.42857142857142855,-16058.91222387358
0.0,0.4,-9564.591999015742
0.0,0.375,-14406.218019569558
0.0,0.5,-528.2577729470273
0.0,0.36363636363636365,-6074.3191417064345
0.0,0.15384615384615385,-3649.5139964405976
0.0,0.36363636363636365,-2708.445079001745
0.0,0.23076923076923078,-1820.090164320544
0.0,0.125,-1275.8553182012984
0.0,0.2727272727272727,-3561.7532615318546
0.0,0.14285714285714285,-8332.333673172947
0.0,0.15384615384615385,-4348.730115012365
0.0,0.5,-18427.292735578474
0.0,0.0,-14149.66099750996
0.0,0.3333333333333333,-11616.324859363342
0.0,0.08333333333333333,-5676.677335232837
0.0,0.0,-16233.29592064212
0.0,0.3333333333333333,-14877.794815388583
0.0,0.06666666666666667,-3929.2418617776134
0.0,0.07142857142857142,-7432.726329370434
0.0,0.0,-21321.020378320816
0.0,0.42857142857142855,-14517.739695195885
0.0,0.07692307692307693,-4273.03896662621
0.0,0.3333333333333333,-7237.158312410054
0.0,0.2222222222222222,-7068.443421558791
0.0,0.16666666666666666,-4214.468903359663
0.0,0.18181818181818182,-7667.410857114376
0.0,0.07142857142857142,-5839.529306927718
0.0,0.18181818181818182,-4272.570244531626
0.0,0.125,-3787.857895395832
0.0,0.5714285714285714,-11884.076276259475
0.0,0.14285714285714285,-16108.947129770177
0.0,0.5,-19335.575664501746
0.0,0.2,-19156.591020408647
0.0,0.375,-15686.387863511325
0.0,0.0,-20892.271609365715
0.0,0.4444444444444444,-11359.209838124947
0.0,0.25,-4526.900800079549
0.0,0.3333333333333333,-5621.530159958359
0.0,0.25,-4758.7560845745165
0.0,0.0625,-5051.45522788898
0.0,0.36363636363636365,-3652.1957790702404
0.0,0.25,-2976.478413249548
0.0,0.5,-18120.45647711655
0.0,0.1111111111111111,-10185.26533438392
0.0,0.3333333333333333,-15807.20783198051
0.0,0.16666666666666666,-12414.479885708331
0.0,0.3333333333333333,-13781.863347171664
0.0,0.06666666666666667,-5279.214003414134
0.0,0.18181818181818182,-6589.580828815772
0.0,0.16666666666666666,-4488.340551846963
0.0,0.15384615384615385,-3560.446963009761
0.0,0.5,-14625.02550667598
0.0,0.3333333333333333,-7760.96796446231
0.0,0.2222222222222222,-7598.2083238505975
0.0,0.0,-6571.575547420296
0.0,0.18181818181818182,-8204.310621349196
0.0,0.2,-5354.791041671361
0.0,0.125,-4009.9179409342223
0.0,0.5,-12759.370343731684
0.0,0.2857142857142857,-14726.428325518244
0.0,0.375,-7542.137893084367
0.0,0.4,-12786.943369919236
0.0,0.375,-7284.372377797359
0.0,0.07692307692307693,-2868.8287718744064
0.0,0.07692307692307693,-5954.513495868636
0.0,0.3,-4266.041420844882
0.0,0.2,-3976.547434916474
0.0,0.18181818181818182,-2488.3292465847708
0.0,0.42857142857142855,-12536.662951996359
0.0,0.09090909090909091,-12629.853073123893
0.0,0.4444444444444444,-7529.528076361525
0.0,0.18181818181818182,-5859.283011397822
0.0,0.1,-13603.170705103466
0.0,0.375,-12481.838477976657
0.0,0.16666666666666666,-5639.657586945928
0.0,0.08333333333333333,-9701.900956228455
0.0,0.125,-16112.232647805893
0.0,0.3333333333333333,-11691.29786571968
0.0,0.15384615384615385,-5056.724673848114
0.0,0.07142857142857142,-7908.264503104647
0.0,0.3,-8626.971098294931
0.0,0.2,-17768.644773804048
0.0,0.3,-11045.30516418493
0.0,0.14285714285714285,-4718.78288227147
0.0,0.06666666666666667,-7187.922026595679
0.0,0.23076923076923078,-6038.089138180524
0.0,0.16666666666666666,-6556.041292518364
0.0,0.18181818181818182,-7549.582398291085
0.0,0.14285714285714285,-4640.319502225626
0.0,0.0,-5982.061476982983
0.0,0.0625,-5363.129701693667
0.0,0.0,-5171.575713881108
0.0,0.15384615384615385,-4249.204891916983
0.0,0.16666666666666666,-10062.643725546746
0.0,0.5,-4714.8681504155265
0.0,0.1111111111111111,-4382.6540705653615
0.0,0.35714285714285715,-3378.176267342381
0.0,0.3,-5135.321746204414
0.0,0.1,-4711.413054758426
0.0,0.16666666666666666,-10894.000252867405
0.0,0.058823529411764705,-4955.578804011961
0.0,0.4444444444444444,-12512.15402973648
0.0,0.25,-6041.254500304063
0.0,0.2857142857142857,-6461.098144960065
0.0,0.0,-9075.915030624097
0.0,0.2857142857142857,-6886.4379297190635
0.0,0.25,-8515.34878912518
0.0,0.0,-8692.990679122797
0.0,0.4,-10877.575386518462
0.0,0.07692307692307693,-8494.625150265661
0.0,0.2222222222222222,-9264.572277567031
0.0,0.09090909090909091,-4299.985894253005
0.0,0.09090909090909091,-3796.3461448831163
0.0,0.2222222222222222,-7346.212254195564
0.0,0.25,-10026.965145267886
0.0,0.21428571428571427,-6287.139977526251
0.0,0.3,-13449.175731531004
0.0,0.36363636363636365,-10080.17319550217
0.0,0.3333333333333333,-6029.543422961595
0.0,0.38461538461538464,-7838.092465561785
0.0,0.2857142857142857,-5912.172868193619
0.0,0.4,-8586.142424484186
0.0,0.4,-4509.535056990004
0.0,0.25,-8234.431554144303
0.0,0.15384615384615385,-6077.824841747147
0.0,0.09090909090909091,-5457.501612117065
0.0,0.18181818181818182,-9826.813881801474
0.0,0.25,-8006.996546118975
0.0,0.3333333333333333,-4710.6714068958745
0.0,0.125,-11274.969860203406
0.0,0.2222222222222222,-7397.74172065196
0.0,0.3333333333333333,-4175.347796493734
0.0,0.2222222222222222,-1934.246727108646
0.0,0.3076923076923077,375.011937684941
0.0,0.375,-8272.317604088827
0.0,0.14285714285714285,-6827.829463609583
0.0,0.3125,-757.8205805654429
0.0,0.16666666666666666,-9508.053303964276
0.0,0.2857142857142857,-8036.637832147783
0.0,0.6,-7035.816421819178
0.0,0.2857142857142857,-6740.779177673135
0.0,0.3333333333333333,-3320.8929436565636
0.0,0.1,-5197.939012920081
0.0,0.25,-7648.283701226838
0.0,0.2,-6869.208595429925
0.0,0.07692307692307693,-8038.385205690039
0.0,0.08333333333333333,-7676.068408453082
0.0,0.0,-8979.896501021454
0.0,0.26666666666666666,-3460.287489400505
0.0,0.09090909090909091,-12557.629248959849
0.0,0.08333333333333333,-8560.135600697897
0.0,0.09090909090909091,-6250.165336091744
0.0,0.07692307692307693,-1902.0040899269777
0.0,0.06666666666666667,-4717.305343593016
0.0,0.375,-7741.184903203862
0.0,0.25,-3093.3442900336067
0.0,0.09090909090909091,-3413.401865905801
0.0,0.125,-7787.256976302025
0.0,0.3333333333333333,-5181.331158262851
0.0,0.2,-5569.281193027535
0.0,0.125,-4834.362790443278
0.0,0.375,-9700.75986733289
0.0,0.4444444444444444,-10855.964410208106
0.0,0.4,-9406.144341807856
0.0,0.11764705882352941,-3477.91021081373
0.0,0.16666666666666666,-5015.592166616089
0.0,0.3333333333333333,-5776.79209058968
0.0,0.4444444444444444,-8850.07425679831
0.0,0.25,-1993.7407978143215
0.0,0.3333333333333333,-12368.263982236867
0.0,0.1,-7970.460705339574
0.0,0.3076923076923077,-10339.668426665987
0.0,0.45454545454545453,-6511.072665561587
0.0,0.0,-9975.022341266711
0.0,0.14285714285714285,-11263.132928762983
0.0,0.2,-5552.1695102343665
0.0,0.2,-5729.268805475416
0.0,0.06666666666666667,-4467.116476687763
0.0,0.125,-10214.044477161342
0.0,0.375,-7187.926017410589
0.0,0.2727272727272727,-13377.469621313296
0.0,0.15384615384615385,-2985.231768521728
0.0,0.25,-3634.9412454032126
0.0,0.25,-5363.7166138282755
0.0,0.07692307692307693,-4814.2803397032785
0.0,0.16666666666666666,-7548.1064320323585
0.0,0.25,-8397.358228604027
0.0,0.375,-7204.786830316826
0.0,0.23076923076923078,-865.1200552922201
0.0,0.4,-3755.452486162757
0.0,0.2222222222222222,-4836.625624009371
0.0,0.25,-7301.021909241869
0.0,0.375,-8461.505458770744
0.0,0.2,-6187.492917713767
0.0,0.0625,-4327.4096169714985
0.0,0.2222222222222222,-7132.0025972727035
0.0,0.2857142857142857,-6680.468534713851
0.0,0.25,-10957.599589264153
0.0,0.16666666666666666,-2439.1757041002124
0.0,0.25,-3331.772186054833
0.0,0.4,-8655.173079594382
0.0,0.3333333333333333,-10434.131686522593
0.0,0.07142857142857142,-6577.643447625427
0.0,0.1,-5346.580986227677
0.0,0.4166666666666667,-6772.327854376424
0.0,0.16666666666666666,-10314.21708067987
0.0,0.3,-5569.060261507383
0.0,0.15384615384615385,-1757.8063890144965
0.0,0.3333333333333333,-3395.7391611716653
0.0,0.2857142857142857,-10852.327128607545
0.0,0.08333333333333333,-3029.8841155978434
0.0,0.2222222222222222,-6113.305068651288
0.0,0.125,-5816.531081636972
0.0,0.13333333333333333,-3914.09570820969
0.0,0.2,-4665.206776502057
0.0,0.38461538461538464,-5603.151046518287
0.0,0.3,-5862.40133917217
0.0,0.0625,-4029.1080430821926
0.0,0.35714285714285715,-4444.226254640752
0.0,0.2857142857142857,-10173.64494039765
0.0,0.09090909090909091,-3595.4327508774973
0.0,0.25,-9936.385331807649
0.0,0.3076923076923077,-8091.356794136606
0.0,0.23529411764705882,1863.2450425012025
0.0,0.5333333333333333,718.3135954949196
0.0,0.3333333333333333,131.99353197623515
0.0,0.2222222222222222,-6127.819996467947
0.0,0.3333333333333333,-10779.30228740111
0.0,0.75,-9204.496878507372
0.0,0.08333333333333333,-4458.395664340672
0.0,0.2,-6052.738815194725
0.0,0.35714285714285715,-5396.0540710002815
0.0,0.2857142857142857,-8213.365915138214
0.0,0.18181818181818182,-5477.425428802942
0.0,0.46153846153846156,-4777.427046420548
0.0,0.125,-9381.932823013552
0.0,0.2,-5128.750256746531
0.0,0.375,-6015.349178824854
0.0,0.3333333333333333,-12549.80893378868
0.0,0.125,-2853.365042359728
0.0,0.16666666666666666,-2221.075927313421
0.0,0.14285714285714285,-12018.35514179074
0.0,0.18181818181818182,-3744.777994400041
0.0,0.25,-7890.415596165267
0.0,0.38461538461538464,-5873.958906230201
0.0,0.1,-6836.556765547664
0.0,0.2222222222222222,-7483.467857667072
0.0,0.07142857142857142,-7868.977568606165
0.0,0.1111111111111111,-6909.04574844797
0.0,0.2727272727272727,-13401.306102588464
0.0,0.07142857142857142,-5865.953518315835
0.0,0.125,-3065.720164967276
0.0,0.25,-9075.073538525457
0.0,0.13333333333333333,-2696.1167170052613
0.0,0.2,-7433.716782406979
0.0,0.0,-6742.515569294066
0.0,0.07142857142857142,-4915.597966024008
0.0,0.2,-9941.658816193145
0.0,0.18181818181818182,-6617.216862856546
0.0,0.2857142857142857,-9066.31256867202
0.0,0.0,-5988.390665757715
0.0,0.3,-9520.528746998214
0.0,0.3333333333333333,-5731.982681592843
0.0,0.35714285714285715,-2601.067621636084
0.0,0.25,-8540.470076251007
0.0,0.08333333333333333,-10042.596565664482
0.0,0.07692307692307693,-9475.811830985533
0.0,0.2,-5748.603241243554
0.0,0.42857142857142855,-6896.556221009486
0.0,0.07692307692307693,-10305.799256933624
0.0,0.0,-9092.527578052497
0.0,0.1111111111111111,-10550.449413651018
0.0,0.25,-8822.918437709204
0.0,0.16666666666666666,-7487.961306720496
0.0,0.08333333333333333,-8046.023947931696
0.0,0.1111111111111111,-7331.320968052909
0.0,0.2,-5850.434045062558
0.0,0.16666666666666666,-8247.826001667794
0.0,0.07142857142857142,-6025.732647506919
0.0,0.16666666666666666,-3671.698158092839
0.0,0.0,-7731.612540803501
0.0,0.1,-5819.8647951060975
0.0,0.1111111111111111,-6024.4423144487655
0.0,0.2222222222222222,-6484.617587671237
0.0,0.09090909090909091,-4999.815131089842
0.0,0.2857142857142857,-8282.722997587105
0.0,0.1,-8059.002506473048
0.0,0.2222222222222222,-7221.458530697925
0.0,0.3,-5188.268712208911
0.0,0.3,-4824.950417066512
0.0,0.0,-5143.714532533238
0.0,0.2727272727272727,-3564.270855857924
0.0,0.1,-5433.492540568546
0.0,0.18181818181818182,-6728.869567805311
0.0,0.125,-8240.957900467869
0.0,0.1111111111111111,-6538.955850457632
0.0,0.1111111111111111,-7334.885488736698
0.0,0.2222222222222222,-3911.0357078312977
0.0,0.4,-6977.827597334151
0.0,0.2857142857142857,-7976.750994006964
0.0,0.2,-5492.965202752398
0.0,0.18181818181818182,-5148.464322454034
0.0,0.1,-2695.626363621394
0.0,0.23076923076923078,-9892.846714441474
0.0,0.2727272727272727,-2042.8387177667125
0.0,0.1,-4094.873818098988
0.0,0.07692307692307693,-7629.206362818155
0.0,0.16666666666666666,-3775.5124157157884
0.0,0.09090909090909091,-2454.207606096099
0.0,0.3333333333333333,-10039.185454928094
0.0,0.14285714285714285,-13734.919168852975
0.0,0.25,-7300.880605184773
0.0,0.36363636363636365,-9019.536381735279
0.0,0.18181818181818182,-3355.3452855443547
0.0,0.4166666666666667,-7646.514422814934
0.0,0.5,-5279.930542760554
0.0,0.1111111111111111,-7012.402648971528
0.0,0.4,-9038.232339239104
0.0,0.5,-9357.080029989158
0.0,0.3333333333333333,-7095.460095276412
0.0,0.4,-9804.467143781065
0.0,0.3076923076923077,-5404.784057157902
0.0,0.3076923076923077,-9145.21574882545
0.0,0.3076923076923077,-8525.258803586246
0.0,0.3333333333333333,-5448.650011028126
0.0,0.3333333333333333,-6647.549738896819
0.0,0.375,-8632.938306998996
0.0,0.3333333333333333,-6731.237246309506
0.0,0.36363636363636365,-7515.491582628625
0.0,0.6666666666666666,-10192.837111460965
0.0,0.3333333333333333,-5310.914487952713
0.0,0.4,-8309.796480522655
0.0,0.2,-9351.791913042567
0.0,0.4166666666666667,-6301.50926987449
0.0,0.4,-6922.7540174316955
0.0,0.4,-6917.702221419222
0.0,0.18181818181818182,-6055.528287543729
0.0,0.4,-7143.652841004836
0.0,0.45454545454545453,-5299.192877683231
0.0,0.3333333333333333,-9811.26711305188
0.0,0.21428571428571427,-4960.469807771569
0.0,0.2727272727272727,-2573.4106603574533
0.0,0.2727272727272727,-9065.277363032228
0.0,0.1,-5691.749112582383
0.0,0.0,-10659.609795140355
0.0,0.35714285714285715,-3291.1832916149824
0.0,0.25,-8260.417269803185
0.0,0.0,-13239.916488001178
0.0,0.2857142857142857,-14235.132706244178
0.0,0.38461538461538464,-5426.640590667135
0.0,0.14285714285714285,-5909.998526879037
0.0,0.0,-9604.296497991772
0.0,0.09090909090909091,-8166.088366389996
0.0,0.08333333333333333,-6852.4889851994185
0.0,0.0,-9475.682560419025
0.0,0.09090909090909091,-6776.120035326827
0.0,0.3333333333333333,-6298.449694157554
0.0,0.1111111111111111,-7168.721607957397
0.0,0.09090909090909091,-4868.854620549804
0.0,0.5714285714285714,-8713.721735409776
0.0,0.06666666666666667,-3088.4984620299506
0.0,0.1,-6316.940543811092
0.0,0.07692307692307693,-7503.055844132739
0.0,0.3,-5505.953823101429
0.0,0.2727272727272727,-8059.7759043835895
0.0,0.1111111111111111,-9258.26506401477
0.0,0.16666666666666666,-8459.179604405426
0.0,0.14285714285714285,-9965.171493771875
0.0,0.0,-4915.235977776567
0.0,0.06666666666666667,-4301.839331786989
0.0,0.14285714285714285,-8672.06363061234
0.0,0.3333333333333333,-6881.188894291948
0.0,0.23076923076923078,-9816.674916803746
0.0,0.0,-10991.397837954473
0.0,0.25,-6570.744322508353
0.0,0.14285714285714285,-10719.391628670242
0.0,0.07692307692307693,-6705.732661407912
0.0,0.18181818181818182,-3197.5807840849297
0.0,0.2,-6049.261381653644
0.0,0.3,-11059.964150642516
0.0,0.2222222222222222,-5560.440548711011
0.0,0.25,-10325.644201740184
0.0,0.1111111111111111,-6376.254714071629
0.0,0.1111111111111111,-6665.945230934841
0.0,0.09090909090909091,-5218.197187122094
0.0,0.1,-7387.080282405656
0.0,0.1,-7859.521416987016
0.0,0.0,-8023.634067918437
0.0,0.1,-6642.518727205583
0.0,0.3,-15529.750821236852
0.0,0.25,-9967.308193808325
0.0,0.4,-8884.296387509163
0.0,0.2727272727272727,-15507.61122598378
0.0,0.2727272727272727,-13957.119791170237
0.0,0.3333333333333333,-6347.695408604105
0.0,0.25,-11375.788206821686
0.0,0.5,-6332.058731522164
0.0,0.46153846153846156,-5422.982060842612
0.0,0.3,-14898.574730201151
0.0,0.2727272727272727,-14097.721626109176
0.0,0.1,-7501.03193665249
0.0,0.18181818181818182,-5254.171586454325
0.0,0.18181818181818182,-5201.5903818726865
0.0,0.3,-7587.64484488828
0.0,0.2727272727272727,-13330.947045501744
0.0,0.5,-3246.9978957030908
0.0,0.3,-5930.557857258987
0.0,0.2,-4952.230747185795
0.0,0.25,-11898.363828118408
0.0,0.35714285714285715,-3731.8402608319784
0.0,0.4,-10395.870742493533
0.0,0.42857142857142855,-9037.236401789607
0.0,0.2857142857142857,-12079.649197801149
0.0,0.2222222222222222,-4879.908128184306
0.0,0.16666666666666666,-4889.873405274494
0.0,0.3,-12738.82804643451
0.0,0.3333333333333333,-7518.217986702666
0.0,0.5,-3422.2415968634878
0.0,0.2727272727272727,-6183.73605560395
0.0,0.06666666666666667,-6408.687598397684
0.0,0.09090909090909091,-8729.520287451589
0.0,0.25,-11341.720423036415
0.0,0.18181818181818182,-4044.5398028603613
0.0,0.2727272727272727,-3585.205389308744
0.0,0.1111111111111111,-6196.658296953561
0.0,0.2,-7099.798629475838
0.0,0.1,-3348.7820178932393
0.0,0.14285714285714285,-7984.969242271521
0.0,0.0,-11317.943013178756
0.0,0.1111111111111111,-7427.4843324188105
0.0,0.25,-2213.4897847609277
0.0,0.0,-5850.250625743242
0.0,0.0,-9525.64020676198
0.0,0.125,-7582.001345293687
0.0,0.0,-7487.308272713905
0.0,0.125,-5822.068669666583
0.0,0.25,-7608.473174385072
0.0,0.4,-4290.586333203368
0.0,0.25,-11529.66565404523
0.0,0.2222222222222222,-5441.454290139857
0.0,0.25,-9872.280947090725
0.0,0.2727272727272727,-9895.073259770204
0.0,0.3,-5128.705879129884
0.0,0.16666666666666666,-7295.481603044812
0.0,0.3,-5555.932806153241
0.0,0.25,-9825.585281406093
0.0,0.07692307692307693,-6128.384652774203
0.0,0.2727272727272727,-4244.88434738565
0.0,0.2222222222222222,-7029.8422081384715
0.0,0.14285714285714285,-8869.400635196724
0.0,0.25,-6214.690899310623
0.0,0.3,-6680.324735753546
0.0,0.2222222222222222,-6737.614198663581
0.0,0.3,-2991.7269346422663
0.0,0.36363636363636365,-8468.344747830366
0.0,0.3333333333333333,-5649.867527356714
0.0,0.3,-5222.091078476567
0.0,0.375,-5875.695912771881
0.0,0.3,-3074.369573213477
0.0,0.25,-9290.243439261048
0.0,0.375,-9995.765901704845
0.0,0.2,-5104.268952532876
0.0,0.25,-6783.298774513859
0.0,0.4166666666666667,-5762.870039321598
0.0,0.2,-6678.459791306627
0.0,0.2,-11923.807228235955
0.0,0.16666666666666666,-10658.594822595172
0.0,0.4,-11717.672063933544
0.0,0.3,-4972.9281505538875
0.0,0.4,-8691.637840683446
0.0,0.2857142857142857,-10057.663691641117
0.0,0.09090909090909091,-3452.472188899196
0.0,0.125,-8844.581786997725
0.0,0.3333333333333333,-9670.028322496646
0.0,0.375,-9128.215883665673
0.0,0.3,-10484.129439296441
0.0,0.0,-7431.534697286058
0.0,0.1111111111111111,-7648.5682552742965
0.0,0.4,-9110.01578056558
0.0,0.25,-6553.720555559516
0.0,0.25,-7829.486196920026
0.0,0.25,-8026.609349092745
0.0,0.42857142857142855,-8587.405776406229
0.0,0.2857142857142857,-10271.796008631893
0.0,0.14285714285714285,-5726.964808015339
0.0,0.5,-6969.323460194794
0.0,0.1111111111111111,-7607.140951561995
0.0,0.4,-12576.047015363218
0.0,0.2222222222222222,-6161.756136646517
0.0,0.18181818181818182,-2552.3261013811602
0.0,0.16666666666666666,-2079.261662574906
0.0,0.4166666666666667,-4656.826831729975
0.0,0.14285714285714285,-10733.61123145527
0.0,0.125,-8724.349978519807
0.0,0.14285714285714285,-10862.407771760421
0.0,0.14285714285714285,-12056.008545400658
0.0,0.5714285714285714,-6968.912118216676
0.0,0.07142857142857142,-4878.855948450483
0.0,0.07692307692307693,-6340.909540261422
0.0,0.09090909090909091,-4192.0380091659845
0.0,0.25,-10568.606065689199
0.0,0.36363636363636365,-6211.128662320691
0.0,0.2727272727272727,-8864.666185677832
0.0,0.375,-8319.05518552779
0.0,0.16666666666666666,-8692.331526708924
0.0,0.2,-7656.059430836074
0.0,0.5,-9329.424150390661
0.0,0.1111111111111111,-8745.6852553276
0.0,0.1111111111111111,-5111.574964463803
0.0,0.15384615384615385,-5408.196103339208
0.0,0.2,-3735.6343737104085
0.0,0.2727272727272727,-3441.5458576936085
0.0,0.5,-4750.428674101028
0.0,0.2222222222222222,-5207.641143218978
0.0,0.1,-4502.625458839491
0.0,0.1,-5071.895441806076
0.0,0.8,-6420.764612978118
0.0,0.09090909090909091,-4107.282181109594
0.0,0.2222222222222222,-5653.644149068188
0.0,0.2222222222222222,-8511.101584452985
0.0,0.3333333333333333,-6479.390347830638
0.0,0.07692307692307693,-9043.052381618802
0.0,0.07692307692307693,-6444.1695347506375
0.0,0.09090909090909091,-4478.2621184488935
0.0,0.25,-7565.081457834994
0.0,0.3333333333333333,-6100.037328558832
0.0,0.3,-7443.24988723694
0.0,0.2727272727272727,-12689.253024371286
0.0,0.375,-8704.338204498463
0.0,0.23076923076923078,-9112.358608226408
0.0,0.2727272727272727,-12554.027295235606
0.0,0.4,-4286.976120992814
0.0,0.2222222222222222,-8122.225132306505
0.0,0.2222222222222222,-5607.432004052533
0.0,0.2857142857142857,-8216.248578180946
0.0,0.25,-7696.554608746405
0.0,0.25,-8561.056414050045
0.0,0.0,-6239.452287696745
0.0,0.2,-7238.10924330942
0.0,0.5,-10120.830761477939
0.0,0.1111111111111111,-9182.738208638595
0.0,0.375,-7487.002770222123
0.0,0.08333333333333333,-10252.494623532182
0.0,0.2,-8258.416647999193
0.0,0.125,-9198.18721215541
0.0,0.2727272727272727,-6767.599290093039
0.0,0.3,-13876.68559518569
0.0,0.2222222222222222,-5845.958717329886
0.0,0.25,-5535.0259467449405
0.0,0.2,-8884.032764415999
0.0,0.2,-7375.521022887976
0.0,0.0,-7848.643405216951
0.0,0.3,-5660.47645138001
0.0,0.2857142857142857,-10218.79775333606
0.0,0.1111111111111111,-7629.030931718417
0.0,0.2,-9016.099984886407
0.0,0.3333333333333333,-6257.022641732448
0.0,0.42857142857142855,-9032.737001109932
0.0,0.4444444444444444,-5602.706733424056
0.0,0.42857142857142855,-8152.123681886054
0.0,0.375,-10315.63160455079
0.0,0.1,-3849.389003701797
0.0,0.5,-9379.015181167819
0.0,0.36363636363636365,-7728.683990814078
0.0,0.42857142857142855,-12914.121051124945
0.0,0.125,-9474.196067312998
0.0,0.2727272727272727,-13116.17752787355
0.0,0.3,-14457.312168020058
0.0,0.4,-10257.438459059535
0.0,0.375,-8772.577933573897
0.0,0.375,-9329.300208634697
0.0,0.3333333333333333,-5610.44876144599
0.0,0.1111111111111111,-7860.411185241023
0.0,0.0,-11419.146239416572
0.0,0.36363636363636365,-717.0829391832704
0.0,0.14285714285714285,-12035.689988002998
0.0,0.5,-929.6991291427892
0.0,0.2,-12219.684090784149
0.0,0.36363636363636365,-3171.5974114894893
0.0,0.6,-10200.396962342495
0.0,0.06666666666666667,-4207.123560210206
0.0,0.07142857142857142,-5825.332602988615
0.0,0.09090909090909091,-5526.218828197244
0.0,0.6,-11775.978357290891
0.0,0.25,-8230.630116664084
0.0,0.8,-7583.791908690595
0.0,0.09090909090909091,-5165.354398935737
0.0,0.3333333333333333,-7471.038061882552
0.0,0.6,-9485.17811487194
0.0,0.5,-11063.17105268438
0.0,0.6,-8795.278868308555
0.0,0.42857142857142855,-6125.260799324416
0.0,0.8,-6810.172354055277
0.0,0.5,-12846.0428329671
0.0,0.2,-5453.704249675588
0.0,0.07692307692307693,-5023.959078390329
0.0,0.15384615384615385,-7830.316657902908
0.0,0.14285714285714285,-4531.646894362027
0.0,0.1,-7929.258730434436
0.0,0.18181818181818182,-3419.3538593233666
0.0,0.18181818181818182,-2373.383088173869
0.0,0.2,-9749.043564444544
0.0,0.3,-5755.048449924717
0.0,0.125,-13152.841410897658
0.0,0.46153846153846156,-3332.6613192114455
0.0,0.125,-11316.664220139332
0.0,0.36363636363636365,-9946.30789651883
0.0,0.1,-12369.633600118323
0.0,0.3333333333333333,-6074.40742521305
0.0,0.3,-3881.087935532919
0.0,0.2,-4063.5617566916594
0.0,0.25,-12907.932746504583
0.0,0.3333333333333333,-11366.26843357415
0.0,0.25,-11214.242345165074
0.0,0.06666666666666667,-3160.4081581567684
0.0,0.25,-10690.86050367587
0.0,0.09090909090909091,-2310.8832898598434
0.0,0.08333333333333333,-1821.6080339760508
0.0,0.3333333333333333,-5605.010485785343
0.0,0.375,-9714.094373917693
0.0,0.3076923076923077,-4197.027753886368
0.0,0.35714285714285715,-2303.1681374568498
0.0,0.09090909090909091,-4548.420774408418
0.0,0.3333333333333333,-10225.775579960758
0.0,0.4444444444444444,-7828.622376019961
0.0,0.14285714285714285,-7227.302926248815
0.0,0.25,-9153.69491254552
0.0,0.1,-8234.720800314184
0.0,0.1,-5674.351602860354
0.0,0.2,-4676.408129881168
0.0,0.1111111111111111,-7198.96122518025
0.0,0.2222222222222222,-5524.976352058346
0.0,0.2222222222222222,-7874.028498180668
0.0,0.3333333333333333,-6050.490969799429
0.0,0.1111111111111111,-7862.101192599793
0.0,0.3333333333333333,-5116.489939517382
0.0,0.42857142857142855,-7966.939536166367
0.0,0.2222222222222222,-7508.3047535091355
0.0,0.07142857142857142,-6142.881670738654
0.0,0.3333333333333333,-7978.1384276035105
0.0,0.36363636363636365,-7871.5434213925855
0.0,0.25,-8775.612377043348
0.0,0.1111111111111111,-10471.978795167415
0.0,0.2,-5087.690750179165
0.0,0.1,-7321.17591892427
0.0,0.2727272727272727,-14566.717819608179
0.0,0.3,-6353.674846104523
0.0,0.25,-5237.301642058719
0.0,0.4,-3542.535050902894
0.0,0.2222222222222222,-9862.593066990015
0.0,0.1,-6101.632620444918
0.0,0.0,-9064.483005584158
0.0,0.2727272727272727,-3605.646874365627
0.0,0.1111111111111111,-7378.253212315095
0.0,0.2222222222222222,-5967.2975004353875
0.0,0.2,-6806.821800101913
0.0,0.3,-6125.317783652309
0.0,0.3,-5243.61502465502
0.0,0.2727272727272727,-13917.16775456075
0.0,0.2,-6580.318929990846
0.0,0.2,-5978.165325467422
0.0,0.14285714285714285,-10128.739861893348
0.0,0.2727272727272727,-4133.163287092252
0.0,0.25,-9704.50946403393
0.0,0.2222222222222222,-9211.119764793164
0.0,0.45454545454545453,-1805.0085830401752
0.0,0.0,-8305.757927888482
0.0,0.10526315789473684,2322.7423521431565
0.0,0.0,-8646.47163069884
0.0,0.0,-8667.794047806286
0.0,0.08333333333333333,-3867.986921033817
0.0,0.1111111111111111,469.9076669051525
0.0,0.09090909090909091,-4349.792909602236
0.0,0.1,1915.3285917896658
0.0,0.1,-3263.455592393564
0.0,0.3,-11679.904889608366
0.0,0.15384615384615385,-4749.088694560581
0.0,0.23076923076923078,-6887.266526872984
0.0,0.1,-11386.854718898423
0.0,0.16666666666666666,-14613.416876826283
0.0,0.2,-4854.270496080178
0.0,0.0,-15369.8239523837
0.0,0.0,-16615.587170485265
0.0,0.0,-8065.30217594006
0.0,0.16666666666666666,-6969.760581081893
0.0,0.10526315789473684,3579.8473866021227
0.0,0.07142857142857142,-790.7459653178809
0.0,0.125,-14557.195447184396
0.0,0.058823529411764705,-279.1224241380667
0.0,0.07692307692307693,-3666.9933196682236
0.0,0.16666666666666666,-9656.55305050161
0.0,0.1111111111111111,-6627.959100038234
0.0,0.08333333333333333,-8067.668881295398
0.0,0.25,-18499.26767844298
0.0,0.14285714285714285,-22292.302420491767
0.0,0.23076923076923078,-11601.530459377398
0.0,0.16666666666666666,-14518.947842872842
0.0,0.21052631578947367,-2819.6447198177184
0.0,0.14285714285714285,-14933.88235449262
0.0,0.25,-11916.044510495038
0.0,0.2222222222222222,-7366.196563695659
0.0,0.0,-6087.037926339986
0.0,0.15,5441.726328154377
0.0,0.18181818181818182,-7036.248442101332
0.0,0.16666666666666666,-3181.250969857475
0.0,0.1111111111111111,-9343.763277821728
0.0,0.14285714285714285,154.3129155951183
0.0,0.0,-15242.8998851614
0.0,0.07142857142857142,-4880.595762876134
0.0,0.09090909090909091,-8454.676178437112
0.0,0.07142857142857142,-5602.971419546762
0.0,0.2,-3800.561802896084
0.0,0.10526315789473684,1771.8178797567969
0.0,0.11764705882352941,364.5159339697284
0.0,0.07142857142857142,-1828.976340300033
0.0,0.18181818181818182,-8213.565432435884
0.0,0.15789473684210525,2788.8271977388317
0.0,0.14285714285714285,5037.738914820383
0.0,0.14285714285714285,-4204.6158116813
0.0,0.0,-9973.22632853285
0.0,0.13333333333333333,-3779.594965999117
0.0,0.1,-8072.489642908535
0.0,0.18181818181818182,-6184.156569374121
0.0,0.07142857142857142,-5294.250390858255
0.0,0.23529411764705882,2023.192500926693
0.0,0.08333333333333333,-7444.276429809122
0.0,0.3333333333333333,-6989.737263748404
0.0,0.1111111111111111,815.0788359293869
0.0,0.0,-6635.519903784719
0.0,0.17647058823529413,1392.6687168233645
0.0,0.0,-11866.379164636177
0.0,0.15789473684210525,2897.651568284901
0.0,0.2,-12589.344330183696
0.0,0.14285714285714285,-12152.331016958886
0.0,0.23529411764705882,177.0909731045663
0.0,0.38461538461538464,-3776.014628334235
0.0,0.375,-6568.671593024344
0.0,0.29411764705882354,763.174530044262
0.0,0.14285714285714285,-7945.104493702787
0.0,0.3125,956.8958884401792
0.0,0.2857142857142857,-701.8837408433731
0.0,0.23076923076923078,-1430.3361574167861
0.0,0.125,2232.1806215179486
0.0,0.14285714285714285,-9246.028295584423
0.0,0.14285714285714285,-7511.469998427644
0.0,0.08333333333333333,-2583.296605066367
0.0,0.07142857142857142,-1074.9399580146342
0.0,0.1,-6677.812890283216
0.0,0.1,-8560.192788854058
0.0,0.125,-2626.8973635099287
0.0,0.09090909090909091,-7703.85198791682
0.0,0.06666666666666667,-205.42351005698418
0.0,0.08333333333333333,-2830.31864227157
0.0,0.23076923076923078,-5201.4197323620465
0.0,0.3,-9881.513781143867
0.0,0.15384615384615385,-4360.913583645931
0.0,0.3333333333333333,-13850.775079851346
0.0,0.21052631578947367,2214.2811015615025
0.0,0.1875,-1182.527956478042
0.0,0.0,-8696.893221970086
0.0,0.23076923076923078,-572.9088223522856
0.0,0.1875,2940.467803245154
0.0,0.16666666666666666,-7356.3729555726195
0.0,0.0,-14936.60362106667
0.0,0.0,-22969.871403588986
0.0,0.08333333333333333,-3006.249880615942
0.0,0.16666666666666666,-2700.531295281634
0.0,0.14285714285714285,-1005.9922567297036
0.0,0.4,-5353.03811318194
0.0,0.2857142857142857,-3414.6970130480136
0.0,0.16666666666666666,-13328.23689479457
0.0,0.14285714285714285,-10503.597170136938
0.0,0.2,-14498.304404800314
0.0,0.17647058823529413,2874.8525041589287
0.0,0.25,-7616.461588392664
0.0,0.14285714285714285,-4821.317649988228
0.0,0.16666666666666666,-2071.0181501257352
0.0,0.25,-13522.65126852455
0.0,0.08333333333333333,-2543.158621218157
0.0,0.0,-9980.552263432846
0.0,0.14285714285714285,-6866.104753661596
0.0,0.1111111111111111,-4868.814262030056
0.0,0.1,-3826.7626481004368
0.0,0.09090909090909091,-3598.1012259099516
0.0,0.16666666666666666,-2044.2404379704994
0.0,0.14285714285714285,-1111.8817698628316
0.0,0.16666666666666666,-11582.219845780844
0.0,0.2,-5164.818268304142
0.0,0.14285714285714285,-5402.167036601964
0.0,0.18181818181818182,-3630.8632429125046
0.0,0.2222222222222222,-6877.0547265432415
0.0,0.18181818181818182,-6326.452273229861
0.0,0.125,1140.3676325454499
0.0,0.3125,419.3093919395964
0.0,0.29411764705882354,1305.4648201507162
0.0,0.18181818181818182,-7182.758309048431
0.0,0.2857142857142857,-10667.983194092385
0.0,0.2727272727272727,-8320.986141730633
0.0,0.2727272727272727,-4582.648961263128
0.0,0.14285714285714285,-12513.810609418459
0.0,0.3333333333333333,-6589.052986899503
0.0,0.3333333333333333,-3230.2376075824545
0.0,0.5,-13703.115417413972
0.0,0.3888888888888889,-1048.9997687474947
0.0,0.3333333333333333,-21953.184996760774
0.0,0.46153846153846156,-3023.8844939471333
0.0,0.375,1638.1291376907875
0.0,0.2,-6543.283868369281
0.0,0.3125,-320.6540135029499
0.0,0.5,-7243.226560779291
0.0,0.2727272727272727,-7628.83190179267
0.0,0.3,-9128.772977354021
0.0,0.5,-14711.730568917288
0.0,0.5,-11710.3165792528
0.0,0.3076923076923077,-3652.953728409183
0.0,0.4,-8220.027689600513
0.0,0.4444444444444444,-10364.999191618084
0.0,0.16666666666666666,-15785.457475410429
0.0,0.4,-8214.188788850279
0.0,0.2857142857142857,-4038.550877020398
0.0,0.4,-6015.001287441139
0.0,0.625,-6349.351844390009
0.0,0.0,-26304.94017267249
0.0,0.45454545454545453,-6683.446319031029
0.0,0.16666666666666666,-13641.279531980537
0.0,0.3333333333333333,-4169.271517672587
0.0,0.25,-9983.133953828252
0.0,0.38461538461538464,-2286.0211887951536
0.0,0.2857142857142857,-9075.073308730216
0.0,0.1,-5184.5330206578965
0.0,0.23529411764705882,4711.745590393725
0.0,0.25,-5790.930442972312
0.0,0.26666666666666666,-1270.0892521350527
0.0,0.25,-13562.294599524852
0.0,0.23529411764705882,-572.7495163029004
0.0,0.3333333333333333,-16290.513831809447
0.0,0.13333333333333333,2803.203761760474
0.0,0.2,-6176.584037833417
0.0,0.15384615384615385,-1392.8546267761794
0.0,0.09090909090909091,-4163.235366228976
0.0,0.0,-14141.71235444895
0.0,0.0,-192.40088498573297
0.0,0.25,-4819.466996121438
0.0,0.14285714285714285,-7986.178174224286
0.0,0.2857142857142857,-10955.490241585278
0.0,0.07692307692307693,-2516.054981920751
0.0,0.1111111111111111,-7143.482157754122
0.0,0.2222222222222222,-8446.5398267853
0.0,0.2,-6802.434152599601
0.0,0.25,-12383.080745631145
0.0,0.0,-11746.731306148125
0.0,0.3333333333333333,-383.05532671614526
0.0,0.1111111111111111,-8190.09491299048
0.0,0.3076923076923077,478.51745437461483
0.0,0.2857142857142857,1379.7572231499937
0.0,0.25,-16413.650028909557
0.0,0.14285714285714285,712.4276392162407
0.0,0.125,-9028.436546750683
0.0,0.2857142857142857,-11419.726961991493
0.0,0.2,-11178.369934467484
0.0,0.18181818181818182,-5153.96826080866
0.0,0.125,-10073.850713047617
0.0,0.3333333333333333,-3888.9159325339797
0.0,0.2857142857142857,-4568.687988744475
0.0,0.14285714285714285,-12203.566339518353
0.0,0.3076923076923077,-853.9271564943712
0.0,0.2857142857142857,-2890.8299020075888
0.0,0.35714285714285715,560.9780299999794
0.0,0.23076923076923078,-4452.348010666237
0.0,0.5,-12208.748481274744
0.0,0.3,-13314.529136993044
0.0,0.25,-9486.061110887078
0.0,0.45454545454545453,-5794.613855946842
0.0,0.5,-8658.595932335078
0.0,0.3333333333333333,-12349.88095719436
0.0,0.2777777777777778,351.7255305532117
0.0,0.2727272727272727,-5414.3427118782165
0.0,0.25,-8772.825236777431
0.0,0.3333333333333333,729.673021951569
0.0,0.38461538461538464,-2417.7442141200186
0.0,0.2222222222222222,-13457.715855717213
0.0,0.25,-18151.879118036006
0.0,0.42857142857142855,-15283.862755966762
0.0,0.2,-24976.795802219523
0.0,0.3125,-1543.6937967037347
0.0,0.25,-4996.425066774029
0.0,0.18181818181818182,-9461.761987714193
0.0,0.3333333333333333,-14574.643236146272
0.0,0.42857142857142855,-16447.694848146253
0.0,0.21428571428571427,-5137.5092383606225
0.0,0.3125,1053.613246542804
0.0,0.2222222222222222,-9819.780817854495
0.0,0.3333333333333333,-3273.2193013051847
0.0,0.14285714285714285,-11508.94803333724
0.0,0.2857142857142857,640.8187713456061
0.0,0.0,-8866.710268569905
0.0,0.375,-6795.767276204415
0.0,0.18181818181818182,-4829.443422352231
0.0,0.15384615384615385,-2800.675168055497
0.0,0.25,-1141.3056097692104
0.0,0.3,-3178.4179391681723
0.0,0.4166666666666667,-87.39031737688553
0.0,0.5,-2617.3024128106263
0.0,0.4166666666666667,498.1786278263513
0.0,0.0,-7677.738167576351
0.0,0.1,-4370.420077832437
0.0,0.23076923076923078,-890.1657178178718
0.0,0.2857142857142857,-7831.328721923704
0.0,0.25,-6548.031497170988
0.0,0.2857142857142857,-7281.085463395368
0.0,0.16666666666666666,-11023.333756743605
0.0,0.25,-12955.484249645597
0.0,0.25,-3159.9604537159375
0.0,0.18181818181818182,-5293.760902224188
0.0,0.2857142857142857,-6779.541548792676
0.0,0.3,-5148.432001215529
0.0,0.2,-5675.387870177134
0.0,0.16666666666666666,-13110.9502209535
0.0,0.125,-10020.657887063031
0.0,0.2,-6891.252097593041
0.0,0.25,-16658.456726298817
0.0,0.16666666666666666,-4630.226788124202
0.0,0.6666666666666666,-5218.55210731102
0.0,0.4444444444444444,-6284.834736940741
0.0,0.4166666666666667,-928.494581676526
0.0,0.2222222222222222,-9117.571345950904
0.0,0.42857142857142855,-8505.888862944425
0.0,0.2222222222222222,-8509.943553317871
0.0,0.125,-9057.78704933763
0.0,0.3,-3812.520260549264
0.0,0.1111111111111111,-7515.21701074442
0.0,0.16666666666666666,-8900.823741623246
0.0,0.3,-8064.916851451982
0.0,0.125,-10112.090693441853
0.0,0.0,-9442.560744465169
0.0,0.36363636363636365,-3291.7963438791626
0.0,0.125,-7288.420101595891
0.0,0.09090909090909091,-3981.093699283274
0.0,0.38461538461538464,-5543.023134859261
0.0,0.1,-6399.481199868634
0.0,0.3076923076923077,-8725.257805443376
0.0,0.375,-8841.441461133565
0.0,0.2,-6451.882914773891
0.0,0.08333333333333333,-4683.370929983988
0.0,0.35714285714285715,-5804.399678173418
0.0,0.09090909090909091,-7033.966186827725
0.0,0.2857142857142857,-8688.094691438822
0.0,0.18181818181818182,-5920.375551953184
0.0,0.18181818181818182,-7579.052152676324
0.0,0.3333333333333333,-10036.37232722342
0.0,0.18181818181818182,-7337.7537551132655
0.0,0.15384615384615385,-3774.2900999254584
0.0,0.16666666666666666,-5758.70964112004
0.0,0.3333333333333333,-6736.263047781321
0.0,0.3,-7820.161547825917
0.0,0.25,-6306.272595631363
0.0,0.4,-8618.093626678357
0.0,0.25,-6204.24172304927
0.0,0.07692307692307693,-1726.813018076166
0.0,0.3333333333333333,-2478.0323898370593
0.0,0.08333333333333333,-3030.6274045292894
0.0,0.16666666666666666,-2317.8313323236525
0.0,0.2,-4354.938507596615
0.0,0.16666666666666666,-3515.6077415999907
0.0,0.16666666666666666,-3535.8513989359935
0.0,0.08333333333333333,-4005.3763164606476
0.0,0.35714285714285715,-5147.181561716652
0.0,0.2857142857142857,-7885.1014285739375
0.0,0.18181818181818182,-5190.627485436686
0.0,0.2222222222222222,-7800.500166160214
0.0,0.18181818181818182,-6742.122967405381
0.0,0.3333333333333333,-8995.880056223388
0.0,0.18181818181818182,-6449.413528114954
0.0,0.09090909090909091,-8879.905048821065
0.0,0.3333333333333333,-2558.187163497245
0.0,0.0,-22111.952743604146
0.0,0.08333333333333333,-3044.9656143591105
0.0,0.26666666666666666,-3087.40624004097
0.0,0.16666666666666666,-2335.659622095497
0.0,0.2,-5094.403909175803
0.0,0.16666666666666666,-3679.239773912567
0.0,0.16666666666666666,-4000.623450861964
0.0,0.1111111111111111,-6159.998679431682
0.0,0.38461538461538464,-5018.417793484111
0.0,0.1,-5608.642782338633
0.0,0.3076923076923077,-7750.173378937081
0.0,0.25,-6323.10087162582
0.0,0.2,-6088.306606368025
0.0,0.2,-5771.236568376388
0.0,0.11764705882352941,-1569.630025666717
0.0,0.0,-9357.670194644572
0.0,0.4,-2138.2753820168296
0.0,0.16666666666666666,-2610.8356203272315
0.0,0.3333333333333333,-2894.0878385919887
0.0,0.3,-3861.0245563246476
0.0,0.4,-4435.742631411481
0.0,0.25,-3154.5538065636338
0.0,0.0625,-2562.067769869648
0.0,0.35714285714285715,-3067.4549756155616
0.0,0.2857142857142857,-4243.580387673883
0.0,0.2222222222222222,-4487.773903670921
0.0,0.18181818181818182,-3930.133780255682
0.0,0.18181818181818182,-3975.1303107986287
0.0,0.1111111111111111,-5957.5874529457205
0.0,0.06666666666666667,-4375.216202947521
0.0,0.38461538461538464,-4759.302944918192
0.0,0.0,0.0
0.0,0.1,-5083.941715311285
0.0,0.3076923076923077,-6868.551035913825
0.0,0.2,-4061.027382949536
0.0,0.25,-6014.34461310256
0.0,0.375,-7001.334484603358
0.0,0.0625,-4467.222312429496
0.0,0.35714285714285715,-4918.118925234092
0.0,0.09090909090909091,-5956.076931542529
0.0,0.2857142857142857,-7562.153603379926
0.0,0.18181818181818182,-4918.563597886406
0.0,0.2222222222222222,-7395.556437277231
0.0,0.18181818181818182,-6436.445029016807
0.0,0.18181818181818182,-6143.454311001028
0.0,0.1111111111111111,-4640.605082827061
0.0,0.06666666666666667,-5671.577286518067
0.0,0.38461538461538464,-6027.870355886088
0.0,0.3076923076923077,-9401.998460735902
0.0,0.25,-8216.782567808874
0.0,0.2,-7528.0775998006
0.0,0.2,-7118.603395246325
0.0,0.11764705882352941,-2583.6743065143164
0.0,0.3333333333333333,-17423.020296397306
0.0,0.16666666666666666,-3859.5040663778345
0.0,0.3333333333333333,-4437.675533258561
0.0,0.25,-3065.71384716096
0.0,0.3,-5513.879638697308
0.0,0.25,-4387.609113722721
0.0,0.4,-6107.162046580878
0.0,0.25,-4416.729462939974
0.0,0.125,-4053.3284174283285
0.0,0.16666666666666666,-3311.2870347725784
0.0,0.35714285714285715,-6903.864103049113
0.0,0.2727272727272727,-4381.0064058373555
0.0,0.3333333333333333,-6605.171392845293
0.0,0.2727272727272727,-5834.982025682066
0.0,0.2727272727272727,-5552.917487322154
0.0,0.15384615384615385,-3271.3509402480936
0.0,0.25,-4119.760699689337
0.0,0.3,-7048.66294636867
0.0,0.25,-5589.521882414686
0.0,0.4,-7640.726105332876
0.0,0.25,-5608.591636461214
0.0,0.17647058823529413,-954.0682595203931
0.0,0.23076923076923078,-1055.5376137696735
0.0,0.4,-1922.9834170268314
0.0,0.3333333333333333,-1405.110076029135
0.0,0.4,-3367.783135320997
0.0,0.3333333333333333,-2714.931271421566
0.0,0.06666666666666667,-6362.990170820898
0.0,0.09090909090909091,-5334.419788798951
0.0,0.2,-6704.228652550727
0.0,0.25,-9638.87496718162
0.0,0.2,-8533.051211172615
0.0,0.375,-10956.253907150325
0.0,0.2,-8194.391155922325
0.0,0.13333333333333333,-4598.630365560612
0.0,0.18181818181818182,-3353.7725552407937
0.0,0.46153846153846156,-4914.920351337951
0.0,0.38461538461538464,-7473.375469377635
0.0,0.3,-4344.672646240084
0.0,0.375,-6156.042376422132
0.0,0.3,-5917.633402860725
0.0,0.5,-7475.9868298889905
0.0,0.3,-5660.9383153936105
0.0,0.0625,-1742.9630502658679
0.0,0.08333333333333333,-1746.968486016427
0.0,0.35714285714285715,-2498.3228135754684
0.0,0.0,-11692.71773370075
0.0,0.2857142857142857,-2853.8207953300616
0.0,0.18181818181818182,-2055.042982184007
0.0,0.2222222222222222,-4529.2034736703545
0.0,0.18181818181818182,-3401.4259315216286
0.0,0.3333333333333333,-4472.823090145389
0.0,0.18181818181818182,-3806.4088195960803
0.0,0.058823529411764705,-2496.0057343897392
0.0,0.07692307692307693,-2346.4665062330464
0.0,0.3333333333333333,-3118.983467224283
0.0,0.26666666666666666,-4227.086032351918
0.0,0.16666666666666666,-2980.4407302542154
0.0,0.16666666666666666,-4324.1395785690875
0.0,0.3,-5995.687441183281
0.0,0.16666666666666666,-4433.771345623386
0.0,0.125,-7964.36907857243
0.0,0.06666666666666667,-5556.049588397193
0.0,0.09090909090909091,-4362.999525006499
0.0,0.38461538461538464,-5898.731906250322
0.0,0.3076923076923077,-9232.232038451732
0.0,0.2,-5669.144080877738
0.0,0.25,-7975.819689638669
0.0,0.2,-7356.2565407630655
0.0,0.375,-9480.3444765508
0.0,0.2,-6940.467056540322
0.0,0.125,-7879.159846015556
0.0,0.06666666666666667,-5601.398323140548
0.0,0.09090909090909091,-4417.371565705874
0.0,0.38461538461538464,-5949.327629843679
0.0,0.0,0.0
0.0,0.3076923076923077,-9299.465703019101
0.0,0.25,-8070.45005733818
0.0,0.2,-7423.8430144226495
0.0,0.375,-9567.306766110943
0.0,0.2,-7010.251313557721
0.0,0.09090909090909091,-3286.153418520052
0.0,0.38461538461538464,-4815.700530918606
0.0,0.0,0.0
0.0,0.3076923076923077,-7131.050307883712
0.0,0.2,-4170.611612817213
0.0,0.25,-6036.68782569883
0.0,0.2,-5744.783756598436
0.0,0.2,-5583.845493574876
0.0,0.3,-15699.331563078907
0.0,0.125,-1681.896538680291
0.0,0.16666666666666666,-1974.0010697886275
0.0,0.42857142857142855,-2646.983999702868
0.0,0.18181818181818182,-2959.950233021346
0.0,0.2727272727272727,-2234.9591100379494
0.0,0.3333333333333333,-5567.371880017452
0.0,0.2727272727272727,-3770.4944067629363
0.0,0.4444444444444444,-4997.384285806771
0.0,0.2727272727272727,-4421.264440743933
0.0,0.11764705882352941,-3038.677754649652
0.0,0.3333333333333333,-17421.951091006125
0.0,0.15384615384615385,-2864.5860607467125
0.0,0.4,-3674.139850303613
0.0,0.3333333333333333,-24731.773453024212
0.0,0.16666666666666666,-4442.851794633932
0.0,0.25,-3598.3171791743575
0.0,0.3,-6415.555993440145
0.0,0.25,-5024.233348156285
0.0,0.4,-6892.560328371957
0.0,0.25,-5110.388516169976
0.0,0.13333333333333333,-5056.693329722011
0.0,0.18181818181818182,-3781.982215523828
0.0,0.46153846153846156,-5355.411549290329
0.0,1.0,0.0
0.0,0.2,-6135.737818985146
0.0,0.3,-4988.473014944114
0.0,0.375,-6945.78810624941
0.0,0.3,-6601.296448092986
0.0,0.5,-8477.916334313162
0.0,0.3,-6198.4013246049835
0.0,0.3333333333333333,-17206.233034259905
0.0,0.11764705882352941,-3057.2452617052145
0.0,0.4,-3774.318329998855
0.0,0.16666666666666666,-4479.747560559168
0.0,0.3,-6763.008237828173
0.0,0.25,-5134.084904929992
0.0,0.4,-6973.676629652404
0.0,0.3333333333333333,-5656.589734815231
0.0,0.0,-18898.87118119834
0.0,0.08333333333333333,-7045.85800139733
0.0,0.16666666666666666,-5987.22324515989
0.0,0.2,-9534.582480289404
0.0,0.16666666666666666,-7646.199841660866
0.0,0.3,-10315.657723934068
0.0,0.06666666666666667,-4475.037994037265
0.0,0.09090909090909091,-3289.0495115468607
0.0,0.38461538461538464,-4821.101992987811
0.0,0.0,0.0
0.0,0.1,-5229.418975788712
0.0,0.3076923076923077,-7152.812206625946
0.0,0.2,-5754.459369569355
0.0,0.2,-5586.765835606025
0.0,0.0,-9214.114296005686
0.0,0.17647058823529413,-387.9521086264158
0.0,0.4666666666666667,-1268.2092615567783
0.0,0.25,-1670.9857874042366
0.0,0.4,-1119.48404200305
0.0,0.3333333333333333,-2316.1099501196695
0.0,0.5,-3487.4196742033387
0.0,0.3333333333333333,-2787.0022592455703
0.0,0.0625,-2816.2263162164786
0.0,0.2857142857142857,-10317.453717751641
0.0,0.08333333333333333,-2256.22810958052
0.0,0.35714285714285715,-3307.4966055203035
0.0,0.09090909090909091,-3713.5579271899387
0.0,0.2857142857142857,-4651.365356914763
0.0,0.18181818181818182,-4229.796056683059
0.0,0.3333333333333333,-5581.33176148034
0.0,0.18181818181818182,-4240.605795753605
0.0,0.06666666666666667,-5048.891264941936
0.0,0.09090909090909091,-3773.3949989187267
0.0,0.38461538461538464,-5347.236266234174
0.0,0.1,-6123.886932185842
0.0,0.3076923076923077,-8408.533061378788
0.0,0.25,-6930.236319073116
0.0,0.2,-6589.394569983163
0.0,0.08333333333333333,-3614.9523892235206
0.0,0.35714285714285715,-4768.610724029506
0.0,0.0,-8476.715883736913
0.0,0.09090909090909091,-5756.575351440457
0.0,0.2857142857142857,-7334.443812902049
0.0,0.18181818181818182,-6232.2242243763185
0.0,0.3333333333333333,-8332.682955262399
0.0,0.18181818181818182,-5946.480183082542
0.0,0.11764705882352941,-1288.00152866562
0.0,0.15384615384615385,-1425.8611890130016
0.0,0.4,-2015.3516529637996
0.0,0.3333333333333333,-16219.95675541149
0.0,0.3333333333333333,-2362.926354351997
0.0,0.25,-1795.5120570984855
0.0,0.25,-3030.839804870682
0.0,0.4,-4327.132173231518
0.0,0.0625,-3958.057322117895
0.0,0.08333333333333333,-3211.192215411769
0.0,0.35714285714285715,-4373.868866303437
0.0,0.0,-7225.378854627083
0.0,0.09090909090909091,-5236.874726048277
0.0,0.2857142857142857,-6741.816133495612
0.0,0.18181818181818182,-4256.471834514486
0.0,0.18181818181818182,-5697.498455308311
0.0,0.3333333333333333,-7631.525496230057
0.0,0.18181818181818182,-5424.833596483049
0.0,0.06666666666666667,-4551.125598956189
0.0,0.09090909090909091,-3324.8446833870926
0.0,0.38461538461538464,-4876.888298643264
0.0,0.3076923076923077,-7354.334170257856
0.0,0.2,-4280.205082932596
0.0,0.2,-5852.575426010434
0.0,0.375,-7370.454606302096
0.0,0.2,-5626.580704058952
0.0,0.13333333333333333,-4385.642035942611
0.0,0.18181818181818182,-3266.3536996041616
0.0,0.46153846153846156,-4765.100854468879
0.0,0.2,-5098.494667554587
0.0,0.38461538461538464,-6899.175998709653
0.0,0.3,-4072.7471574543365
0.0,0.3,-5652.883662555693
0.0,0.5,-7021.465410334469
0.0,0.16666666666666666,-14141.483772409745
0.0,0.11764705882352941,-1910.392796590792
0.0,0.4,-2491.547638684493
0.0,0.16666666666666666,-3028.2557383810085
0.0,0.25,-2317.9089586272426
0.0,0.3,-4467.513012210295
0.0,0.4,-5003.609699083267
0.0,0.25,-3608.2853053758167
0.0,0.0625,-3787.242149973078
0.0,0.35714285714285715,-4194.411726202557
0.0,0.0,-5724.55684469172
0.0,0.09090909090909091,-4997.258077110578
0.0,0.18181818181818182,-4036.837969635463
0.0,0.3333333333333333,-7307.073637551727
0.0,0.18181818181818182,-5190.430425560711
0.0,0.18181818181818182,-3348.3182708403765
0.0,0.46153846153846156,-4582.437016060902
0.0,1.0,0.0
0.0,0.3,-3750.63194163263
0.0,0.375,-6562.317453525086
0.0,0.5,-6532.6463351833745
0.0,0.42857142857142855,-9900.692508338907
0.0,0.08333333333333333,-3280.6902941961116
0.0,0.0,-1849.1982822836583
0.0,0.09090909090909091,-5342.0751068225845
0.0,0.2857142857142857,-6876.2241484280985
0.0,0.18181818181818182,-4351.968686376216
0.0,0.2222222222222222,-6550.676676112432
0.0,0.3333333333333333,-7774.687990618009
0.0,0.18181818181818182,-5511.377649573901
0.0,0.06666666666666667,-4880.412644079084
0.0,0.38461538461538464,-5174.807288964957
0.0,0.0,0.0
0.0,0.1,-5864.730374758895
0.0,0.2,-4740.515895156388
0.0,0.25,-6605.101765277011
0.0,0.375,-8100.877120696311
0.0,0.2,-5962.035780970263
0.0,0.5,-11326.038134995448
0.0,0.06666666666666667,-5047.781234917093
0.0,0.09090909090909091,-3772.175301265765
0.0,0.38461538461538464,-5346.07430083277
0.0,0.0,0.0
0.0,0.1,-6122.199768616467
0.0,0.3076923076923077,-8406.536788984153
0.0,0.2,-4976.015636061636
0.0,0.25,-6928.026435565764
0.0,0.2,-6587.70121325591
0.0,0.2,-6185.943707204275
0.0,0.3076923076923077,641.2687573841904
0.0,1.0,-5559.2089902864245
0.0,0.4666666666666667,1589.7984530787216
0.0,0.4166666666666667,513.2587568188881
0.0,0.5,-2113.256681776135
0.0,0.4166666666666667,-495.62930664154095
0.0,0.4166666666666667,-1096.0750854856835
0.0,0.058823529411764705,-3038.506669034085
0.0,0.07692307692307693,-2735.337128014192
0.0,0.3333333333333333,-3574.9400611685523
0.0,0.0,-11696.88811974368
0.0,0.26666666666666666,-5286.364908830294
0.0,0.16666666666666666,-3604.5114391205484
0.0,0.16666666666666666,-4948.233356614239
0.0,0.16666666666666666,-4836.694564572017
0.0,0.42857142857142855,-3305.88699356544
0.0,0.5,-3710.018599938632
0.0,0.35714285714285715,-4781.531865490276
0.0,0.2727272727272727,-2913.1907221813613
0.0,0.3333333333333333,-4721.570630592818
0.0,0.2727272727272727,-4230.769830938563
0.0,0.4444444444444444,-5612.61127553344
0.0,0.058823529411764705,-1445.1951475445128
0.0,0.07692307692307693,-1460.9957202844573
0.0,0.3333333333333333,-2101.0282715770645
0.0,0.0,-13206.635376057122
0.0,0.08333333333333333,-2542.0441062670525
0.0,0.26666666666666666,-2632.135135834306
0.0,0.16666666666666666,-1887.7391649268734
0.0,0.2,-4108.379760810473
0.0,0.16666666666666666,-3086.8548431441977
0.0,0.3,-4402.876391697258
0.0,0.13333333333333333,-4406.936135529016
0.0,0.18181818181818182,-3269.73169330536
0.0,1.0,0.0
0.0,0.38461538461538464,-6961.111291889868
0.0,0.3,-4097.301332160078
0.0,0.3,-5675.434161690206
0.0,0.5,-7063.5197234028365
0.0,0.0625,-4901.549102605556
0.0,0.08333333333333333,-4262.9166600324015
0.0,0.0,-3355.261818163161
0.0,0.09090909090909091,-6559.139669119291
0.0,0.2222222222222222,-8238.681787442521
0.0,0.18181818181818182,-7067.264446553508
0.0,0.3333333333333333,-9408.257834380558
0.0,0.06666666666666667,-5533.800680849045
0.0,0.09090909090909091,-4336.369566307555
0.0,0.0,0.0
0.0,0.3076923076923077,-9198.947518268258
0.0,0.2,-5639.547631325848
0.0,0.25,-7929.383216256445
0.0,0.2,-7323.0310886622165
0.0,0.375,-9437.462482544854
0.0,0.2222222222222222,-8022.180547816619
0.0,0.0625,-5948.091061928865
0.0,0.0,-8558.121765252406
0.0,0.23076923076923078,-3673.662694132142
0.0,0.6666666666666666,-15577.463063573357
0.0,0.2,-2649.047981213619
0.0,0.2,-13807.03028469676
0.0,0.09090909090909091,-9076.03403644228
0.0,0.5714285714285714,-9469.430314913543
0.0,0.1,-6917.060208852621
0.0,0.0,-10258.181226489598
0.0,0.2857142857142857,-8230.893056657962
0.0,0.1,-11727.744431223091
0.0,0.18181818181818182,-11981.42346901686
0.0,0.16666666666666666,-11180.212953093951
0.0,0.14285714285714285,-6885.3783509184395
0.0,0.1111111111111111,-9707.213614495315
0.0,0.15384615384615385,-5613.919448584123
0.0,0.25,-8295.773698553425
0.0,0.14285714285714285,-14567.795562221689
0.0,0.25,-12442.246360950749
0.0,0.42857142857142855,-10827.206783602787
0.0,0.3076923076923077,-2735.5146931197446
0.0,0.18181818181818182,-9819.625088174143
0.0,0.08333333333333333,-15166.499758190785
0.0,0.4166666666666667,-916.8698180363433
0.0,0.2,-7458.013194919263
0.0,0.09090909090909091,-10614.089036872261
0.0,0.09090909090909091,-8514.376153555158
0.0,0.07692307692307693,-11087.824867296787
0.0,0.2222222222222222,-10251.990081791908
0.0,0.16666666666666666,-10629.95684624704
0.0,0.18181818181818182,-7143.7120954392885
0.0,0.16666666666666666,-7319.08570586862
0.0,0.2857142857142857,-18495.505382034644
0.0,0.0,-15028.856838257043
0.0,0.0,-15740.891821666515
0.0,0.06666666666666667,-7768.8835292305
0.0,0.3333333333333333,-3185.820019517942
0.0,0.42857142857142855,-7869.708706223083
0.0,0.0,-7352.522155976001
0.0,0.0,-9450.633286871327
0.0,0.0625,-1724.9448979010988
0.0,0.14285714285714285,-7241.890693753741
0.0,0.15384615384615385,-4909.47520388632
0.0,0.2857142857142857,-14552.42864731669
0.0,0.11764705882352941,-4387.531025135157
0.0,0.0,-9192.594364245479
0.0,0.2857142857142857,-11961.027409513214
0.0,0.2222222222222222,-6531.151235353042
0.0,0.08333333333333333,-14963.557657459458
0.0,0.1,-14557.083541821725
0.0,0.18181818181818182,-7946.970751933867
0.0,0.09090909090909091,-16944.597908215146
0.0,0.09090909090909091,-8140.07875226532
0.0,0.09090909090909091,-17591.869231179073
0.0,0.16666666666666666,-5191.306190258618
0.0,0.0,-10665.53725964714
0.0,0.25,-3920.0659368659453
0.0,0.09090909090909091,-19823.26050125971
0.0,0.14285714285714285,-6967.8418573789595
0.0,0.2222222222222222,-12561.403701250141
0.0,0.8333333333333334,-4529.530795811276
0.0,0.07142857142857142,-11995.534617784482
0.0,0.3333333333333333,-8099.166978959065
0.0,0.125,-3425.76618246854
0.0,0.17647058823529413,-555.5198793074022
0.0,0.2857142857142857,-13993.804014620748
0.0,0.25,-13370.690735621543
0.0,0.15384615384615385,-5373.749393933219
0.0,0.375,-13666.20007620196
0.0,0.3333333333333333,-9073.434279942443
0.0,0.09090909090909091,-4938.78365766902
0.0,0.4,-7436.503854829725
0.0,0.07142857142857142,-4796.53363676896
0.0,0.25,-1507.7462679261723
0.0,0.3333333333333333,-12565.944138761257
0.0,0.16666666666666666,-2290.4089380732244
0.0,0.15384615384615385,-4070.477209337617
0.0,0.0,-13951.284352627516
0.0,0.75,-3745.4254782124476
0.0,0.2727272727272727,-3158.0076992605295
0.0,0.125,-3222.758096734561
0.0,0.3076923076923077,-739.0444535611585
0.0,0.0,-16830.265576051308
0.0,0.16666666666666666,-14554.955311788854
0.0,0.125,-15116.840142171477
0.0,0.2222222222222222,-4800.685130221649
0.0,0.08333333333333333,-6339.753907704935
0.0,0.6666666666666666,-7886.99596220369
0.0,0.75,-8199.26517333706
0.0,0.2222222222222222,-6495.768758613648
0.0,0.3333333333333333,-1766.7529652046928
0.0,1.0,-12178.334946947056
0.0,0.25,-2763.1779780237557
0.0,0.0,-16089.945254902377
0.0,0.17647058823529413,-819.3416916430826
0.0,0.14285714285714285,-10602.090392882264
0.0,0.13333333333333333,-5570.372880871406
0.0,0.18181818181818182,-4123.359466931427
0.0,0.25,-6419.9823939824055
0.0,0.16666666666666666,-6650.51387872976
0.0,0.25,-1162.2210410306657
0.0,0.09090909090909091,-3675.729126263657
0.0,0.5714285714285714,-3007.688455362515
0.0,0.16666666666666666,-13215.71888964735
0.0,0.18181818181818182,-12195.203150530926
0.0,0.09090909090909091,-6547.068757848698
0.0,0.14285714285714285,-6497.824285778237
0.0,0.16666666666666666,-9173.706279953607
0.0,0.16666666666666666,-12491.625309020761
0.0,0.2222222222222222,-6716.697498548224
0.0,0.1,-9437.601535401009
0.0,0.07142857142857142,-10776.848109210718
0.0,0.15384615384615385,-9561.503279832927
0.0,0.6666666666666666,-8671.681617894134
0.0,0.18181818181818182,-4988.4429867779545
0.0,0.0,-9032.336122214518
0.0,0.25,-2697.642386553613
0.0,0.1,-8293.483846642977
0.0,0.13333333333333333,-5694.28823269174
0.0,0.0625,-5143.848829087661
0.0,0.25,-4681.79978359085
0.0,0.21428571428571427,-4024.0496014565792
0.0,0.2857142857142857,-8648.712013082128
0.0,0.18181818181818182,-3226.73620429555
0.0,0.08333333333333333,-4390.63249973105
0.0,0.11764705882352941,-1652.77575511204
0.0,0.0625,-5745.208587191571
0.0,0.18181818181818182,-4590.151334497318
0.0,0.125,-11401.44169184038
0.0,0.08333333333333333,-5763.556774320454
0.0,0.11764705882352941,-2615.8465256126856
0.0,0.6666666666666666,-6979.699136319979
0.0,0.18181818181818182,-4195.522745532243
0.0,0.16666666666666666,-7491.85892728319
0.0,0.1,-9914.62115172507
0.0,0.1,-10083.922225987268
0.0,0.6666666666666666,-9348.919237275706
0.0,0.1111111111111111,-8310.304179896624
0.0,0.13333333333333333,-7043.117159215821
0.0,0.625,-7461.784934102854
0.0,0.18181818181818182,-5927.356387699204
0.0,0.0,-12893.841975386298
0.0,0.07142857142857142,-10987.185339878932
0.0,0.1,-9779.053508787954
0.0,0.1,-12143.498402576926
0.0,0.1111111111111111,-5879.005328211952
0.0,0.16666666666666666,-6949.6144531594055
0.0,0.2727272727272727,-5494.827226680307
0.0,0.2222222222222222,-5396.653485530519
0.0,0.1111111111111111,-6268.2831928973665
0.0,0.1,-12023.689231035922
0.0,0.23076923076923078,-3240.276945757876
0.0,0.25,-15807.736653426233
0.0,0.08333333333333333,-5740.579804098769
0.0,0.25,-11973.632523909944
0.0,0.11764705882352941,-4559.8406330558255
0.0,0.2222222222222222,-11078.739509564442
0.0,0.1,-7791.9081182932205
0.0,0.16666666666666666,-4990.6297072264115
0.0,0.25,-2355.6566661081965
0.0,0.0,-8062.856662146328
0.0,0.23529411764705882,550.9437518714541
0.0,0.3076923076923077,-1281.7097392757228
0.0,0.15384615384615385,-8983.874451867187
0.0,0.07692307692307693,-14349.095702012122
0.0,0.0,-14917.95258190988
0.0,0.1111111111111111,-10757.88743766346
0.0,0.07142857142857142,-9604.102649503911
0.0,0.15384615384615385,-9718.586829636013
0.0,0.21428571428571427,-5637.362397669169
0.0,0.25,-12829.13828158569
0.0,0.09090909090909091,-13754.626107907576
0.0,0.09090909090909091,-12690.341934119855
0.0,0.2,-10809.172967585167
0.0,0.07692307692307693,-8085.930628217666
0.0,0.09090909090909091,-11412.205064911357
0.0,0.14285714285714285,-6660.7524213334855
0.0,0.125,-12421.380433739783
0.0,0.08333333333333333,-13303.668753963948
0.0,0.08333333333333333,-9310.455141187056
0.0,0.07692307692307693,-13803.902464523388
0.0,0.25,-5172.439207234276
0.0,0.1,-9209.57427697857
0.0,0.08333333333333333,-13377.901524278492
0.0,0.21428571428571427,-5341.6702036654315
0.0,0.125,-14412.672448287503
0.0,0.2222222222222222,-6697.951866844039
0.0,0.21428571428571427,-5824.28314290355
0.0,0.3,-9599.14830481045
0.0,0.18181818181818182,-11159.489329213104
0.0,0.15384615384615385,-6238.854310933203
0.0,0.07692307692307693,-16178.326716241583
0.0,0.23076923076923078,-3113.1929374148076
0.0,0.1,-9894.920886420789
0.0,0.08333333333333333,-16972.79225646165
0.0,0.15384615384615385,-6774.059375933729
0.0,0.08333333333333333,-18511.05192383908
0.0,0.15384615384615385,-7075.393510578555
0.0,0.08333333333333333,-11996.01204831055
0.0,0.23076923076923078,-2783.494276118564
0.0,0.23076923076923078,-3429.639871788495
0.0,0.125,-12556.776363256911
0.0,0.38461538461538464,174.9593526873788
0.0,0.2222222222222222,-8500.344312101455
0.0,0.08333333333333333,-8627.964659408715
0.0,0.14285714285714285,-5822.994521991786
0.0,0.3,-9591.19289852704
0.0,0.375,-8214.021332960752
0.0,0.2222222222222222,-10586.642110735283
0.0,0.21428571428571427,-6260.027576347364
0.0,0.2857142857142857,225.56793839604768
0.0,0.14285714285714285,-14709.186201966597
0.0,0.25,-5320.014771641715
0.0,0.1111111111111111,-12091.695855663927
0.0,0.25,-4429.1867646714945
0.0,0.09090909090909091,-11724.060978488902
0.0,0.2,-11065.112062459497
0.0,0.3333333333333333,-5354.817241922987
0.0,0.18181818181818182,-7991.620888576662
0.0,0.36363636363636365,-4444.103220875398
0.0,0.16666666666666666,-7946.705392608598
0.0,0.09090909090909091,-7834.8200448001235
0.0,0.2,-9321.989098333219
0.0,0.18181818181818182,-10951.915264193398
0.0,0.25,-5978.548149248907
0.0,0.375,-8461.843769586641
0.0,0.3333333333333333,-1178.4793094045624
0.0,0.18181818181818182,-10019.621332804587
0.0,0.3076923076923077,-1836.4960643814363
0.0,0.3333333333333333,-5860.87251930817
0.0,0.15384615384615385,-7805.445222754745
0.0,0.2727272727272727,-9915.125577378225
0.0,0.23076923076923078,-6093.268258346724
0.0,0.1,-9509.673954009248
0.0,0.1111111111111111,-6700.506864861467
0.0,0.0,-8185.890906247111
0.0,0.21428571428571427,-2499.6773832407525
0.0,0.14285714285714285,-7573.833096256024
0.0,0.16666666666666666,-10645.58306120355
0.0,0.25,-8278.488899443257
0.0,0.09090909090909091,-8994.121174862477
0.0,0.25,-6320.04089068242
0.0,0.3333333333333333,-8096.5661213643825
0.0,0.2857142857142857,-8584.451205677062
0.0,0.375,-7052.382579171506
0.0,0.2857142857142857,-5441.172805205851
0.0,0.09090909090909091,-9218.618481555424
0.0,0.09090909090909091,-7150.50440224846
0.0,0.16666666666666666,-8279.792608936299
0.0,0.14285714285714285,-5377.391602782949
0.0,0.16666666666666666,-4631.707677092749
0.0,0.07692307692307693,-5753.273520144294
0.0,0.3333333333333333,-5941.200073297811
0.0,0.2222222222222222,-14423.368375809603
0.0,0.07692307692307693,-7324.8731362135995
0.0,0.07692307692307693,-9372.708868049416
0.0,0.2857142857142857,-11362.15377654035
0.0,0.42857142857142855,-10060.751120715802
0.0,0.25,-7266.7823624125
0.0,0.25,-9850.452263026758
0.0,0.15384615384615385,-4674.648733189424
0.0,0.18181818181818182,-3577.5982141473096
0.0,0.08333333333333333,-4555.07943479486
0.0,0.2222222222222222,-8322.491018629238
