dominant_type_share,p90_long_over_bin_long,p90_mid_over_bin_mid,thin_item_share,max_face_area_load_over_floor,tight_bin_large_piece_interaction
0.125,0.5383333333333333,0.5333333333333333,0.75,1.8026666666666666,0.0
0.07142857142857142,0.5133333333333334,0.5333333333333333,0.5,2.8473333333333333,0.0044374814814814876
0.1111111111111111,0.5333333333333333,0.5666666666666667,0.7777777777777778,2.1213333333333333,0.0
0.1,0.5333333333333333,0.5366666666666667,0.6,2.1306666666666665,0.0
0.09090909090909091,0.5333333333333333,0.5666666666666667,0.7272727272727273,2.678,0.0
0.1,0.535,0.5366666666666667,0.3,2.188,0.0
0.1,0.535,0.5066666666666666,0.3,2.0893333333333333,0.0
0.09090909090909091,0.5333333333333333,0.5666666666666667,0.6363636363636364,2.550666666666667,0.0
0.1111111111111111,0.5066666666666666,0.5399999999999999,0.6666666666666666,1.9486666666666668,0.0
0.125,0.5383333333333333,0.5,0.375,1.5373333333333334,0.0
0.25,0.5433333333333333,0.5766666666666667,0.875,2.052,0.0
0.1,0.5333333333333333,0.5700000000000001,0.5,2.4286666666666665,0.0
0.07142857142857142,0.5233333333333333,0.5666666666666667,0.7142857142857143,2.9046666666666665,0.0
0.09090909090909091,0.5333333333333333,0.5666666666666667,0.7272727272727273,2.267333333333333,0.0
0.1111111111111111,0.5366666666666667,0.5399999999999999,0.6666666666666666,2.1846666666666668,0.0
0.1111111111111111,0.5399999999999999,0.5666666666666667,0.5555555555555556,1.766,0.0
0.16666666666666666,0.5333333333333333,0.5666666666666667,0.6666666666666666,2.7226666666666666,0.0
0.1,0.5333333333333333,0.5666666666666667,0.7,2.4066666666666667,0.0
0.14285714285714285,0.5333333333333333,0.5566666666666668,0.7142857142857143,3.052,0.018844444444444455
0.16666666666666666,0.5333333333333333,0.55,0.6666666666666666,1.4613333333333334,0.0
0.14285714285714285,0.5333333333333333,0.5466666666666666,0.8571428571428571,1.8406666666666667,0.0
0.125,0.43833333333333335,0.52,0.25,1.3013333333333332,0.0
0.1111111111111111,0.5399999999999999,0.5666666666666667,0.5555555555555556,1.8646666666666667,0.0
0.1111111111111111,0.5399999999999999,0.5666666666666667,0.8888888888888888,2.1353333333333335,0.0
0.15384615384615385,0.5333333333333333,0.5666666666666667,0.6153846153846154,2.768,0.003365925925925935
0.25,0.45666666666666667,0.5333333333333333,0.75,0.9866666666666667,0.0
1.0,0.43333333333333335,0.4666666666666667,0.0,0.24266666666666667,0.0
0.1111111111111111,0.5533333333333333,0.5666666666666667,0.5555555555555556,2.01,0.0
0.1111111111111111,0.43666666666666665,0.5133333333333333,0.2222222222222222,1.544,0.0
0.08333333333333333,0.5283333333333334,0.5633333333333332,0.5,2.6313333333333335,0.0
0.07692307692307693,0.5266666666666667,0.5666666666666667,0.6923076923076923,2.6586666666666665,0.0
0.09090909090909091,0.5333333333333333,0.5666666666666667,0.8181818181818182,2.6046666666666667,0.0
0.5,0.5233333333333333,0.5266666666666667,0.0,0.584,0.0
0.1111111111111111,0.5399999999999999,0.5733333333333334,0.8888888888888888,2.348,0.0
0.07692307692307693,0.5166666666666667,0.5533333333333333,0.38461538461538464,2.3946666666666667,0.0
0.1,0.5333333333333333,0.5666666666666667,0.7,2.0926666666666667,0.0
0.1111111111111111,0.4666666666666667,0.5133333333333333,0.3333333333333333,1.6213333333333333,0.0
0.09090909090909091,0.5333333333333333,0.5666666666666667,0.45454545454545453,2.0453333333333332,0.0
0.08333333333333333,0.5333333333333333,0.53,0.3333333333333333,2.4446666666666665,0.0007703703703703694
0.09090909090909091,0.5333333333333333,0.5666666666666667,0.5454545454545454,2.6746666666666665,0.0
0.1111111111111111,0.5333333333333333,0.5666666666666667,0.6666666666666666,2.078666666666667,0.0
0.08333333333333333,0.5333333333333333,0.5333333333333333,0.75,3.0073333333333334,0.024000000000000007
0.09090909090909091,0.45,0.5666666666666667,0.45454545454545453,2.086,0.0
0.08333333333333333,0.4783333333333334,0.5666666666666667,0.5,2.4113333333333333,0.0
0.18181818181818182,0.5333333333333333,0.5666666666666667,0.9090909090909091,2.7666666666666666,0.0
0.09090909090909091,0.5333333333333333,0.5666666666666667,0.7272727272727273,2.3673333333333333,0.0
0.09090909090909091,0.5333333333333333,0.5666666666666667,0.6363636363636364,2.2293333333333334,0.0
0.07692307692307693,0.5466666666666666,0.56,0.6923076923076923,3.2546666666666666,0.05365837037037037
0.16666666666666666,0.55,0.5833333333333334,0.5,1.3886666666666667,0.0
0.08333333333333333,0.5333333333333333,0.5666666666666667,0.6666666666666666,2.6493333333333333,0.0
0.125,0.5383333333333333,0.52,0.5,1.6246666666666667,0.0
0.1,0.4883333333333333,0.5666666666666667,0.7,1.9226666666666667,0.0
0.125,0.5333333333333333,0.5666666666666667,0.75,1.836,0.0
0.09090909090909091,0.5333333333333333,0.5333333333333333,0.7272727272727273,2.462,0.0
0.08333333333333333,0.53,0.5633333333333332,0.6666666666666666,2.771333333333333,0.003498000000000012
0.1,0.535,0.5700000000000001,0.5,2.1286666666666667,0.0
0.1,0.535,0.5066666666666666,0.4,2.1666666666666665,0.0
0.09090909090909091,0.48333333333333334,0.5666666666666667,0.6363636363636364,2.1653333333333333,0.0
0.09090909090909091,0.5333333333333333,0.5666666666666667,0.45454545454545453,2.2653333333333334,0.0
0.09090909090909091,0.43333333333333335,0.5,0.2727272727272727,1.7293333333333334,0.0
0.1111111111111111,0.5366666666666667,0.5,0.4444444444444444,1.8573333333333333,0.0
0.09090909090909091,0.5333333333333333,0.5666666666666667,0.5454545454545454,2.3146666666666667,0.0
0.08333333333333333,0.48000000000000004,0.5633333333333332,0.4166666666666667,2.324,0.0
0.1,0.5366666666666667,0.5666666666666667,0.6,2.2306666666666666,0.0
0.08333333333333333,0.5283333333333334,0.5633333333333332,0.5,2.4513333333333334,0.0
0.06666666666666667,0.5333333333333333,0.5666666666666667,0.6,3.3926666666666665,0.08557037037037037
0.07142857142857142,0.5183333333333333,0.5666666666666667,0.5,2.7426666666666666,0.0008869259259259385
0.16666666666666666,0.5333333333333333,0.5666666666666667,0.8333333333333334,3.009333333333333,0.003010370370370374
0.1111111111111111,0.5333333333333333,0.5666666666666667,0.6666666666666666,1.9726666666666666,0.0
0.1,0.535,0.5666666666666667,0.6,2.0433333333333334,0.0
0.1111111111111111,0.5399999999999999,0.5666666666666667,0.8888888888888888,2.1853333333333333,0.0
0.07692307692307693,0.5333333333333333,0.5666666666666667,0.8461538461538461,3.3753333333333333,0.04886518518518519
0.10526315789473684,0.5333333333333333,0.5666666666666667,0.7894736842105263,4.270666666666667,0.16258370370370373
0.1111111111111111,0.5333333333333333,0.5666666666666667,0.7777777777777778,2.156,0.0
0.1,0.5366666666666667,0.5700000000000001,0.6,2.2746666666666666,0.0
0.1111111111111111,0.5399999999999999,0.5666666666666667,0.7777777777777778,2.2213333333333334,0.0
0.08333333333333333,0.5333333333333333,0.5633333333333332,0.6666666666666666,2.8266666666666667,0.0
0.09090909090909091,0.5333333333333333,0.5666666666666667,0.6363636363636364,2.624,0.0
0.2,0.5333333333333333,0.5700000000000001,0.7,2.34,0.0
0.16666666666666666,0.53,0.5666666666666667,0.75,2.5953333333333335,0.0
0.125,0.5433333333333333,0.5766666666666667,0.75,2.196,0.0
0.07142857142857142,0.5183333333333333,0.5666666666666667,0.7142857142857143,3.008,0.0
0.08333333333333333,0.5333333333333333,0.5633333333333332,0.75,2.8473333333333333,0.0
0.07692307692307693,0.5233333333333333,0.5666666666666667,0.6153846153846154,2.5206666666666666,0.0
0.07692307692307693,0.5333333333333333,0.56,0.6923076923076923,3.018666666666667,0.015312592592592603
0.125,0.5333333333333333,0.5666666666666667,0.5,1.4793333333333334,0.0
0.09090909090909091,0.5333333333333333,0.5666666666666667,0.8181818181818182,2.58,0.0
0.09090909090909091,0.5333333333333333,0.5666666666666667,0.9090909090909091,2.8713333333333333,0.0
0.1,0.5366666666666667,0.5666666666666667,0.9,2.505333333333333,0.0
0.1111111111111111,0.5533333333333333,0.5133333333333333,0.4444444444444444,1.9226666666666667,0.0
0.1111111111111111,0.5333333333333333,0.5666666666666667,0.4444444444444444,1.722,0.0
0.1,0.5366666666666667,0.5666666666666667,0.7,2.358,0.0
0.1111111111111111,0.45666666666666667,0.5399999999999999,0.4444444444444444,1.6913333333333334,0.0
0.14285714285714285,0.5466666666666666,0.58,0.7142857142857143,1.8466666666666667,0.0
1.0,0.5333333333333333,0.5,1.0,0.32,0.0
0.1111111111111111,0.5399999999999999,0.5733333333333334,0.7777777777777778,2.2706666666666666,0.0
0.07142857142857142,0.5183333333333333,0.5566666666666668,0.5,2.888,0.018683037037037047
0.1,0.5366666666666667,0.5700000000000001,0.8,2.5906666666666665,0.0
0.09090909090909091,0.55,0.5666666666666667,0.7272727272727273,2.998,0.010352222222222233
0.1,0.5333333333333333,0.5666666666666667,0.6,1.874,0.0
0.09090909090909091,0.5333333333333333,0.5666666666666667,0.7272727272727273,2.2426666666666666,0.0
0.08333333333333333,0.53,0.5633333333333332,0.6666666666666666,2.6986666666666665,0.0
0.1111111111111111,0.5399999999999999,0.5733333333333334,0.6666666666666666,2.1033333333333335,0.0
0.09090909090909091,0.5333333333333333,0.5666666666666667,0.8181818181818182,2.4113333333333333,0.0
0.08333333333333333,0.525,0.5,0.3333333333333333,2.346,0.0
0.08333333333333333,0.5283333333333334,0.5666666666666667,0.5833333333333334,2.506666666666667,0.0
0.08333333333333333,0.5333333333333333,0.5,0.4166666666666667,2.4233333333333333,0.0
0.08333333333333333,0.5483333333333333,0.56,0.4166666666666667,2.4886666666666666,0.0
0.3333333333333333,0.5466666666666666,0.48000000000000004,0.6666666666666666,0.802,0.0
1.0,0.5333333333333333,0.5333333333333333,0.0,0.3413333333333333,0.0
0.1111111111111111,0.49333333333333335,0.5666666666666667,0.5555555555555556,1.8453333333333333,0.0
0.08333333333333333,0.5333333333333333,0.5666666666666667,0.75,2.882,0.0017422222222222227
0.06666666666666667,0.5433333333333333,0.5533333333333333,0.5333333333333333,3.538666666666667,0.10954807407407408
0.14285714285714285,0.44,0.5266666666666667,0.14285714285714285,1.2873333333333334,0.0
0.07692307692307693,0.5333333333333333,0.56,0.6153846153846154,2.8726666666666665,0.007063703703703705
0.2,0.52,0.5399999999999999,0.2,1.1066666666666667,0.0
0.09090909090909091,0.5333333333333333,0.5666666666666667,0.7272727272727273,2.308,0.0
1.0,0.5666666666666667,0.5666666666666667,1.0,0.38533333333333336,0.0
0.1,0.5516666666666666,0.5666666666666667,0.4,2.232,0.0
0.09090909090909091,0.5333333333333333,0.5333333333333333,0.7272727272727273,2.3906666666666667,0.0
0.1,0.5366666666666667,0.5700000000000001,0.9,2.738,0.0
0.125,0.5433333333333333,0.5766666666666667,0.75,1.8606666666666667,0.0
0.09090909090909091,0.48333333333333334,0.5666666666666667,0.5454545454545454,2.102,0.0
0.3333333333333333,0.47333333333333333,0.56,1.0,0.7846666666666666,0.0
0.5,0.5533333333333333,0.5566666666666666,0.5,0.628,0.0
0.14285714285714285,0.5466666666666666,0.58,0.8571428571428571,1.9533333333333334,0.0
0.3333333333333333,0.4966666666666667,0.4533333333333333,0.6666666666666666,0.6373333333333333,0.0
0.125,0.5433333333333333,0.5766666666666667,0.875,2.028,0.0
0.08333333333333333,0.5333333333333333,0.5666666666666667,0.6666666666666666,2.584,0.0
0.16666666666666666,0.55,0.5833333333333334,0.8333333333333334,1.604,0.0
0.3333333333333333,0.43,0.4666666666666667,0.3333333333333333,0.49933333333333335,0.0
0.07142857142857142,0.5183333333333333,0.5666666666666667,0.5714285714285714,2.83,0.014570925925925926
0.25,0.445,0.49,0.0,0.7213333333333334,0.0
0.07692307692307693,0.5333333333333333,0.5533333333333333,0.46153846153846156,2.522,0.0
0.25,0.43333333333333335,0.44666666666666666,0.25,0.6706666666666666,0.0
0.1,0.535,0.5066666666666666,0.6,2.0193333333333334,0.0
0.1,0.5366666666666667,0.5700000000000001,0.8,2.284666666666667,0.0
0.09090909090909091,0.55,0.5666666666666667,0.8181818181818182,2.83,0.0
0.1,0.5333333333333333,0.5666666666666667,0.6,2.1653333333333333,0.0
0.125,0.5433333333333333,0.5766666666666667,0.75,1.8953333333333333,0.0
0.08333333333333333,0.5283333333333334,0.5633333333333332,0.75,2.716666666666667,0.0
0.08333333333333333,0.4783333333333334,0.5666666666666667,0.6666666666666666,2.179333333333333,0.0
0.1,0.535,0.5,0.5,1.932,0.0
0.09090909090909091,0.5333333333333333,0.5333333333333333,0.8181818181818182,2.764666666666667,0.0
0.1,0.48500000000000004,0.5066666666666666,0.4,1.696,0.0
0.09090909090909091,0.45,0.5333333333333333,0.45454545454545453,2.0453333333333332,0.0
0.09090909090909091,0.5333333333333333,0.5666666666666667,0.7272727272727273,2.638,0.0
0.1,0.4883333333333333,0.5666666666666667,0.5,2.088,0.0
0.2,0.5366666666666667,0.5700000000000001,0.9,2.4466666666666668,0.0
0.1,0.5366666666666667,0.5700000000000001,0.7,2.3813333333333335,0.0
0.09090909090909091,0.5333333333333333,0.5666666666666667,0.36363636363636365,1.958,0.0
0.14285714285714285,0.49333333333333335,0.56,0.7142857142857143,1.5046666666666666,0.0
0.08333333333333333,0.5333333333333333,0.5666666666666667,0.75,2.752666666666667,0.0
0.14285714285714285,0.49333333333333335,0.58,0.7142857142857143,1.5393333333333334,0.0
0.16666666666666666,0.5266666666666667,0.5666666666666667,0.6666666666666666,2.386,0.0
0.1,0.47333333333333333,0.5666666666666667,0.7,1.882,0.0
0.1111111111111111,0.49333333333333335,0.5666666666666667,0.5555555555555556,1.9486666666666668,0.0
0.07692307692307693,0.5266666666666667,0.5,0.46153846153846156,2.498,0.0
0.14285714285714285,0.5466666666666666,0.5466666666666666,1.0,1.844,0.0
0.08333333333333333,0.5333333333333333,0.5666666666666667,0.75,2.914,0.0
0.08333333333333333,0.5483333333333333,0.5633333333333332,0.8333333333333334,3.15,0.02075137037037038
0.07142857142857142,0.5333333333333333,0.5666666666666667,0.6428571428571429,3.066,0.035472592592592604
0.1,0.5366666666666667,0.5700000000000001,0.8,2.6893333333333334,0.0
0.5,0.4983333333333333,0.38666666666666666,1.0,0.39466666666666667,0.0
0.09090909090909091,0.5333333333333333,0.5333333333333333,0.6363636363636364,2.441333333333333,0.0
0.09090909090909091,0.5333333333333333,0.5666666666666667,0.9090909090909091,2.747333333333333,0.0
0.08333333333333333,0.5266666666666667,0.5333333333333333,0.5,2.5906666666666665,0.0
0.09090909090909091,0.5333333333333333,0.5666666666666667,0.7272727272727273,2.456,0.0
0.5,0.4,0.44333333333333336,0.5,0.25666666666666665,0.0
0.09090909090909091,0.5333333333333333,0.5666666666666667,0.36363636363636365,2.138,0.0
0.08333333333333333,0.525,0.5,0.3333333333333333,2.2746666666666666,0.0
0.1111111111111111,0.5399999999999999,0.5733333333333334,0.6666666666666666,2.17,0.0
0.1,0.5366666666666667,0.5700000000000001,0.7,2.5193333333333334,0.0
0.1111111111111111,0.5399999999999999,0.5733333333333334,0.5555555555555556,2.082666666666667,0.0
0.07692307692307693,0.4766666666666667,0.5666666666666667,0.5384615384615384,2.4013333333333335,0.0
0.08333333333333333,0.48166666666666663,0.5633333333333332,0.6666666666666666,2.5893333333333333,0.0
0.1111111111111111,0.5399999999999999,0.5733333333333334,0.8888888888888888,2.3886666666666665,0.0
0.16666666666666666,0.5283333333333334,0.5666666666666667,0.6666666666666666,2.4266666666666667,0.0
0.0625,0.5333333333333333,0.55,0.6875,3.5873333333333335,0.11448888888888889
0.1111111111111111,0.5066666666666666,0.5666666666666667,0.6666666666666666,1.5326666666666666,0.0
0.125,0.5383333333333333,0.52,0.375,1.572,0.0
0.058823529411764705,0.5333333333333333,0.5666666666666667,0.5882352941176471,3.5973333333333333,0.12751407407407409
0.125,0.5333333333333333,0.5533333333333333,0.875,1.9626666666666666,0.0
0.5,0.5233333333333333,0.4966666666666667,0.5,0.5626666666666666,0.0
0.1111111111111111,0.5366666666666667,0.5133333333333333,0.3333333333333333,1.8466666666666667,0.0
0.09090909090909091,0.5333333333333333,0.5666666666666667,0.8181818181818182,2.6393333333333335,0.0
0.3333333333333333,0.5133333333333333,0.5466666666666666,0.6666666666666666,0.6613333333333333,0.0
0.07142857142857142,0.5083333333333334,0.5,0.35714285714285715,2.5313333333333334,0.0
0.09090909090909091,0.5333333333333333,0.5666666666666667,0.6363636363636364,2.264,0.0
0.1111111111111111,0.5333333333333333,0.5466666666666666,0.7777777777777778,2.2053333333333334,0.0
0.5,0.5133333333333333,0.5399999999999999,1.0,0.4186666666666667,0.0
0.1,0.5366666666666667,0.5666666666666667,1.0,2.6286666666666667,0.0
0.3333333333333333,0.4166666666666667,0.47333333333333333,0.0,0.4786666666666667,0.0
0.1,0.5516666666666666,0.5700000000000001,0.8,2.755333333333333,0.0
0.1,0.4583333333333333,0.5666666666666667,0.4,1.72,0.0
0.1,0.435,0.5666666666666667,0.3,1.5926666666666667,0.0
0.08333333333333333,0.5333333333333333,0.5633333333333332,0.5833333333333334,2.6473333333333335,0.0
0.1,0.5366666666666667,0.5366666666666667,0.8,2.272,0.0
0.3333333333333333,0.5366666666666667,0.5466666666666666,0.6666666666666666,0.642,0.0
0.125,0.5333333333333333,0.5299999999999999,0.5,1.6973333333333334,0.0
0.13333333333333333,0.5333333333333333,0.5666666666666667,0.7333333333333333,3.1413333333333333,0.03190518518518518
0.07142857142857142,0.5333333333333333,0.5666666666666667,0.7857142857142857,3.422,0.04101925925925927
0.1111111111111111,0.5366666666666667,0.5666666666666667,0.6666666666666666,1.7686666666666666,0.0
0.1,0.4883333333333333,0.5666666666666667,0.4,2.1706666666666665,0.0
0.3333333333333333,0.5133333333333333,0.5733333333333334,0.3333333333333333,0.7466666666666667,0.0
0.07692307692307693,0.5333333333333333,0.5533333333333333,0.38461538461538464,2.6073333333333335,0.010204444444444445
0.25,0.4683333333333334,0.5566666666666666,0.75,1.0273333333333334,0.0
0.14285714285714285,0.5466666666666666,0.58,0.7142857142857143,1.9453333333333334,0.0
0.125,0.5433333333333333,0.5433333333333333,0.875,2.1853333333333333,0.0
0.09090909090909091,0.5333333333333333,0.5666666666666667,0.6363636363636364,2.4093333333333335,0.0
0.07692307692307693,0.4733333333333334,0.5666666666666667,0.6153846153846154,2.4886666666666666,0.0
0.1,0.5516666666666666,0.5366666666666667,0.9,2.646,0.0
0.1111111111111111,0.4733333333333334,0.5666666666666667,0.3333333333333333,1.6866666666666668,0.0
0.07692307692307693,0.5333333333333333,0.5666666666666667,0.6923076923076923,2.724666666666667,0.0
0.25,0.5433333333333333,0.5766666666666667,0.875,2.022666666666667,0.0
0.2,0.5333333333333333,0.5700000000000001,0.9,2.3813333333333335,0.0
0.16666666666666666,0.55,0.5833333333333334,0.3333333333333333,1.368,0.0
0.14285714285714285,0.49666666666666676,0.5666666666666667,0.2857142857142857,1.43,0.0
0.11764705882352941,0.5333333333333333,0.5666666666666667,0.7647058823529411,3.876,0.10066962962962964
0.18181818181818182,0.5333333333333333,0.5666666666666667,0.6363636363636364,2.3473333333333333,0.0
0.16666666666666666,0.5166666666666667,0.5333333333333333,0.8333333333333334,1.48,0.0
0.14285714285714285,0.5333333333333333,0.5666666666666667,0.7142857142857143,3.132,0.017943703703703705
0.125,0.5433333333333333,0.5666666666666667,0.625,1.5233333333333334,0.0
0.08333333333333333,0.5333333333333333,0.5666666666666667,0.5833333333333334,2.3346666666666667,0.0
0.14285714285714285,0.5033333333333334,0.5466666666666666,0.42857142857142855,1.6046666666666667,0.0
0.08333333333333333,0.5333333333333333,0.5633333333333332,0.75,2.776,0.0
0.1,0.5516666666666666,0.5700000000000001,0.7,2.6486666666666667,0.0
0.09090909090909091,0.55,0.5333333333333333,0.8181818181818182,2.8886666666666665,0.0
0.2,0.5333333333333333,0.5700000000000001,0.5,1.9833333333333334,0.0
0.09090909090909091,0.5333333333333333,0.5666666666666667,0.7272727272727273,2.4966666666666666,0.0
0.09090909090909091,0.5333333333333333,0.5333333333333333,0.6363636363636364,2.3686666666666665,0.0
0.1,0.535,0.5666666666666667,0.5,1.916,0.0
0.08333333333333333,0.5483333333333333,0.5633333333333332,0.75,3.0726666666666667,0.02718514814814815
0.1,0.4583333333333333,0.5700000000000001,0.3,1.8053333333333332,0.0
0.09090909090909091,0.5333333333333333,0.5666666666666667,0.7272727272727273,2.5273333333333334,0.0
0.18181818181818182,0.5333333333333333,0.5666666666666667,0.6363636363636364,2.4766666666666666,0.0
0.08333333333333333,0.5333333333333333,0.5633333333333332,0.6666666666666666,2.7746666666666666,0.0
0.09090909090909091,0.5333333333333333,0.5,0.36363636363636365,1.9653333333333334,0.0
0.09090909090909091,0.5333333333333333,0.5666666666666667,0.8181818181818182,2.9806666666666666,0.0
0.07692307692307693,0.48000000000000004,0.5666666666666667,0.7692307692307693,2.6666666666666665,0.0
0.058823529411764705,0.5399999999999999,0.5666666666666667,0.5294117647058824,4.042666666666666,0.19829999999999998
0.1,0.5333333333333333,0.5399999999999999,0.8,2.219333333333333,0.0
0.07142857142857142,0.5333333333333333,0.5333333333333333,0.7142857142857143,3.264,0.06631111111111113
0.16666666666666666,0.5333333333333333,0.5666666666666667,0.75,2.906,0.0
0.2222222222222222,0.5399999999999999,0.5733333333333334,0.6666666666666666,2.162,0.0
0.25,0.5266666666666667,0.5666666666666667,0.5,0.9193333333333333,0.0
0.3333333333333333,0.5166666666666667,0.5666666666666667,0.6666666666666666,0.6766666666666666,0.0
0.2,0.5533333333333333,0.5666666666666667,0.8,1.0953333333333333,0.0
0.07692307692307693,0.5333333333333333,0.56,0.46153846153846156,2.9726666666666666,0.05579851851851852
0.125,0.5433333333333333,0.5433333333333333,0.875,2.0866666666666664,0.0
0.07692307692307693,0.5333333333333333,0.56,0.6153846153846154,3.0693333333333332,0.0373925925925926
0.07692307692307693,0.5466666666666666,0.56,0.7692307692307693,3.3926666666666665,0.0737514074074074
0.09090909090909091,0.5333333333333333,0.5666666666666667,0.7272727272727273,2.932,0.030411851851851853
0.09090909090909091,0.5333333333333333,0.5,0.45454545454545453,2.2413333333333334,0.0
0.09090909090909091,0.5333333333333333,0.5666666666666667,0.7272727272727273,2.562,0.0
0.1111111111111111,0.5366666666666667,0.5133333333333333,0.4444444444444444,1.8673333333333333,0.0
0.09090909090909091,0.5333333333333333,0.5,0.45454545454545453,2.0526666666666666,0.0
0.09090909090909091,0.5333333333333333,0.5666666666666667,0.6363636363636364,2.762,0.0
0.1,0.535,0.51,0.4,2.041333333333333,0.0
0.08333333333333333,0.5283333333333334,0.5666666666666667,0.5833333333333334,2.538666666666667,0.0
0.1111111111111111,0.4666666666666667,0.5399999999999999,0.2222222222222222,1.6426666666666667,0.0
0.1111111111111111,0.5399999999999999,0.5733333333333334,0.6666666666666666,2.138,0.0
0.09090909090909091,0.5333333333333333,0.5333333333333333,0.5454545454545454,2.322,0.0
0.1111111111111111,0.5366666666666667,0.5399999999999999,0.4444444444444444,1.966,0.0
0.1,0.5366666666666667,0.5700000000000001,0.4,2.254,0.0
0.08333333333333333,0.5483333333333333,0.5666666666666667,0.4166666666666667,2.736,0.016291592592592604
0.125,0.4983333333333333,0.5433333333333333,0.5,1.7966666666666666,0.0
0.14285714285714285,0.5133333333333333,0.5466666666666666,0.7142857142857143,1.7633333333333334,0.0
0.07692307692307693,0.4966666666666667,0.5333333333333333,0.6923076923076923,2.9353333333333333,0.009083481481481493
0.1,0.5033333333333333,0.5366666666666667,0.8,2.5073333333333334,0.0
0.2,0.5366666666666667,0.5700000000000001,0.6,2.0273333333333334,0.0
0.25,0.5083333333333333,0.5233333333333333,0.0,0.82,0.0
0.06666666666666667,0.5133333333333333,0.5666666666666667,0.4666666666666667,3.017333333333333,0.04874385185185186
0.05555555555555555,0.5333333333333333,0.5666666666666667,0.5,3.8193333333333332,0.17106962962962963
0.09090909090909091,0.5333333333333333,0.5,0.5454545454545454,2.262,0.0
0.125,0.48833333333333334,0.5333333333333333,0.75,1.638,0.0
0.07692307692307693,0.5466666666666666,0.5666666666666667,0.46153846153846156,3.056,0.06289096296296297
0.2,0.5133333333333333,0.5533333333333333,0.6,1.3686666666666667,0.0
0.14285714285714285,0.5333333333333333,0.5666666666666667,0.7142857142857143,3.0913333333333335,0.0033303703703703833
0.07692307692307693,0.5333333333333333,0.56,0.7692307692307693,3.3313333333333333,0.07979851851851853
0.0625,0.5333333333333333,0.55,0.6875,3.759333333333333,0.1435851851851852
0.08333333333333333,0.5333333333333333,0.5633333333333332,0.75,2.687333333333333,0.0
0.1111111111111111,0.5399999999999999,0.5733333333333334,0.6666666666666666,2.167333333333333,0.0
0.1,0.5333333333333333,0.5399999999999999,0.7,2.546666666666667,0.0
0.1,0.5333333333333333,0.5666666666666667,0.8,2.2306666666666666,0.0
0.16666666666666666,0.5333333333333333,0.5333333333333333,0.5,1.2586666666666666,0.0
0.1111111111111111,0.49333333333333335,0.5399999999999999,0.5555555555555556,1.8106666666666666,0.0
0.08333333333333333,0.53,0.5333333333333333,0.6666666666666666,2.6333333333333333,0.0
0.125,0.48833333333333334,0.5333333333333333,0.625,1.6173333333333333,0.0
0.07692307692307693,0.5466666666666666,0.5666666666666667,0.5384615384615384,3.0766666666666667,0.07130962962962964
0.2,0.5366666666666667,0.5700000000000001,0.8,2.6146666666666665,0.0
0.08333333333333333,0.48333333333333334,0.5333333333333333,0.75,2.594,0.0
0.1,0.5366666666666667,0.5700000000000001,0.7,2.4873333333333334,0.0
0.13333333333333333,0.5333333333333333,0.5666666666666667,0.7333333333333333,3.712,0.12202666666666667
0.125,0.475,0.5666666666666667,0.375,1.4633333333333334,0.0
0.08333333333333333,0.5333333333333333,0.53,0.4166666666666667,2.394,0.0
0.1111111111111111,0.5533333333333333,0.5133333333333333,0.6666666666666666,2.0813333333333333,0.0
0.1111111111111111,0.5533333333333333,0.5733333333333334,0.6666666666666666,2.268,0.0
0.1111111111111111,0.48666666666666664,0.5133333333333333,0.3333333333333333,1.682,0.0
0.07142857142857142,0.5333333333333333,0.5566666666666668,0.5714285714285714,2.904,0.02629925925925926
0.07692307692307693,0.5333333333333333,0.5666666666666667,0.46153846153846156,2.5566666666666666,0.0
0.07142857142857142,0.5233333333333333,0.5566666666666668,0.5714285714285714,3.0073333333333334,0.03691244444444444
0.14285714285714285,0.5133333333333333,0.49333333333333335,0.42857142857142855,1.4066666666666667,0.0
0.07692307692307693,0.5266666666666667,0.56,0.6153846153846154,2.8026666666666666,0.022471111111111122
0.25,0.5033333333333334,0.56,0.5,0.7606666666666667,0.0
0.2,0.5,0.5399999999999999,0.4,0.8973333333333333,0.0
0.09090909090909091,0.5333333333333333,0.5666666666666667,0.6363636363636364,2.506666666666667,0.0
0.5,0.31666666666666665,0.53,0.5,0.29133333333333333,0.0
0.06666666666666667,0.5133333333333333,0.5666666666666667,0.6666666666666666,3.2506666666666666,0.04768296296296296
0.2,0.49333333333333335,0.46,0.4,0.8733333333333333,0.0
0.06666666666666667,0.5433333333333333,0.5666666666666667,0.6666666666666666,3.578,0.1024122962962963
0.06666666666666667,0.5333333333333333,0.5666666666666667,0.6666666666666666,3.75,0.1296237037037037
0.07142857142857142,0.5233333333333333,0.5666666666666667,0.6428571428571429,2.9013333333333335,0.028190222222222224
0.1111111111111111,0.5399999999999999,0.5733333333333334,0.7777777777777778,2.244666666666667,0.0
0.08333333333333333,0.53,0.5633333333333332,0.6666666666666666,2.61,0.0
0.09090909090909091,0.5333333333333333,0.5666666666666667,0.5454545454545454,2.1166666666666667,0.0
0.09090909090909091,0.5333333333333333,0.5333333333333333,0.5454545454545454,2.2813333333333334,0.0
0.08333333333333333,0.5266666666666667,0.5633333333333332,0.5833333333333334,2.466,0.0
0.09090909090909091,0.5333333333333333,0.5666666666666667,0.36363636363636365,2.3506666666666667,0.0
0.1,0.5366666666666667,0.5366666666666667,0.7,2.3226666666666667,0.0
0.09090909090909091,0.5333333333333333,0.5666666666666667,0.6363636363636364,2.6006666666666667,0.0
0.07142857142857142,0.4683333333333334,0.5666666666666667,0.5714285714285714,2.731333333333333,0.0
0.1111111111111111,0.5366666666666667,0.5,0.3333333333333333,1.78,0.0
0.1111111111111111,0.5366666666666667,0.5133333333333333,0.5555555555555556,1.9446666666666668,0.0
0.07692307692307693,0.4766666666666667,0.56,0.38461538461538464,2.566666666666667,0.001069851851851862
0.08333333333333333,0.525,0.5633333333333332,0.3333333333333333,2.2006666666666668,0.0
0.09090909090909091,0.5333333333333333,0.5666666666666667,0.6363636363636364,2.5353333333333334,0.0
0.07692307692307693,0.5233333333333333,0.56,0.46153846153846156,2.694,0.0024189629629629626
0.1,0.5333333333333333,0.5666666666666667,0.7,2.3986666666666667,0.0
0.08333333333333333,0.5283333333333334,0.5666666666666667,0.75,2.8226666666666667,0.0
0.1111111111111111,0.5399999999999999,0.5733333333333334,0.6666666666666666,2.032,0.0
0.18181818181818182,0.5333333333333333,0.5666666666666667,0.6363636363636364,2.582666666666667,0.0
0.08333333333333333,0.5283333333333334,0.5666666666666667,0.5833333333333334,2.6446666666666667,0.0029469259259259344
0.125,0.5433333333333333,0.5766666666666667,0.75,2.2946666666666666,0.0
0.1,0.5366666666666667,0.5666666666666667,0.5,2.1073333333333335,0.0
0.08333333333333333,0.5233333333333333,0.5666666666666667,0.4166666666666667,2.288,0.0
0.1111111111111111,0.5399999999999999,0.5733333333333334,0.7777777777777778,2.21,0.0
0.07142857142857142,0.545,0.5666666666666667,0.6428571428571429,3.258,0.05621977777777779
0.09090909090909091,0.55,0.5666666666666667,0.5454545454545454,2.514,0.0
0.08333333333333333,0.4983333333333333,0.5633333333333332,0.5833333333333334,2.482666666666667,0.0
0.1,0.5033333333333333,0.5366666666666667,0.6,2.191333333333333,0.0
0.09090909090909091,0.5333333333333333,0.5,0.36363636363636365,2.1033333333333335,0.0
0.09090909090909091,0.5333333333333333,0.5333333333333333,0.6363636363636364,2.5113333333333334,0.0
0.11764705882352941,0.5333333333333333,0.5666666666666667,0.7058823529411765,3.8973333333333335,0.13404444444444447
0.14285714285714285,0.5333333333333333,0.5666666666666667,0.6428571428571429,3.1533333333333333,0.05131851851851853
0.14285714285714285,0.5033333333333334,0.5466666666666666,0.5714285714285714,1.6253333333333333,0.0
0.1,0.4583333333333333,0.5666666666666667,0.4,1.7546666666666666,0.0
0.1111111111111111,0.5366666666666667,0.5399999999999999,0.6666666666666666,2.086,0.0
0.14285714285714285,0.48333333333333334,0.5666666666666667,0.42857142857142855,1.1886666666666668,0.0
0.14285714285714285,0.5333333333333333,0.5666666666666667,0.5714285714285714,3.010666666666667,0.055134814814814824
0.07142857142857142,0.5183333333333333,0.5666666666666667,0.5714285714285714,2.763333333333333,0.00886925925925927
0.06666666666666667,0.5333333333333333,0.5666666666666667,0.6,3.308666666666667,0.08724148148148149
0.06666666666666667,0.5133333333333333,0.5666666666666667,0.5333333333333333,3.0726666666666667,0.06425792592592593
0.1,0.5333333333333333,0.5666666666666667,0.6,2.215333333333333,0.0
0.1111111111111111,0.5533333333333333,0.5733333333333334,0.7777777777777778,2.406,0.0
0.07692307692307693,0.5233333333333333,0.56,0.6923076923076923,2.9593333333333334,0.0
0.07142857142857142,0.4783333333333334,0.5666666666666667,0.7142857142857143,2.9093333333333335,0.0
0.08333333333333333,0.5283333333333334,0.5666666666666667,0.5,2.592,0.003616148148148156
0.1,0.5333333333333333,0.5700000000000001,0.8,2.254,0.0
0.08333333333333333,0.5283333333333334,0.5633333333333332,0.5833333333333334,2.472,0.0
0.08333333333333333,0.4783333333333334,0.5633333333333332,0.5,2.3446666666666665,0.0
0.08333333333333333,0.5333333333333333,0.5666666666666667,0.6666666666666666,2.8806666666666665,0.023454814814814817
0.1111111111111111,0.5366666666666667,0.5066666666666666,0.3333333333333333,1.8786666666666667,0.0
0.1,0.5366666666666667,0.5700000000000001,0.6,2.432,0.0
0.07142857142857142,0.4733333333333334,0.5666666666666667,0.5,2.644,0.0
0.16666666666666666,0.5333333333333333,0.5666666666666667,0.5833333333333334,2.719333333333333,0.0049185185185185295
0.07692307692307693,0.5233333333333333,0.5666666666666667,0.5384615384615384,2.7813333333333334,0.016234962962962965
0.07692307692307693,0.48000000000000004,0.56,0.6153846153846154,2.832,0.0
0.09090909090909091,0.5333333333333333,0.5666666666666667,0.7272727272727273,2.473333333333333,0.0
0.08333333333333333,0.5283333333333334,0.5666666666666667,0.5,2.5573333333333332,0.0
0.07142857142857142,0.5333333333333333,0.5666666666666667,0.6428571428571429,2.9673333333333334,0.008355555555555567
0.1,0.5333333333333333,0.5666666666666667,0.5,2.042,0.0
0.1111111111111111,0.5066666666666666,0.5133333333333333,0.4444444444444444,1.7593333333333334,0.0
0.09090909090909091,0.55,0.5666666666666667,0.7272727272727273,2.692,0.0
0.16666666666666666,0.5166666666666667,0.5,0.5,1.1933333333333334,0.0
0.2,0.5533333333333333,0.5866666666666667,0.6,1.146,0.0
0.058823529411764705,0.5333333333333333,0.5466666666666666,0.5882352941176471,3.8093333333333335,0.15804444444444443
0.16666666666666666,0.5583333333333333,0.5333333333333333,0.6666666666666666,1.444,0.0
0.1111111111111111,0.5333333333333333,0.5666666666666667,0.7222222222222222,4.217333333333333,0.17955555555555555
0.07692307692307693,0.5333333333333333,0.56,0.6923076923076923,2.93,0.024023703703703703
0.125,0.5433333333333333,0.5766666666666667,0.75,1.9246666666666667,0.0
0.2,0.5366666666666667,0.5700000000000001,0.8,2.3433333333333333,0.0
0.05,0.5333333333333333,0.5666666666666667,0.5,4.110666666666667,0.2212859259259259
0.125,0.43833333333333335,0.5666666666666667,0.25,1.336,0.0
0.07692307692307693,0.5333333333333333,0.5333333333333333,0.5384615384615384,2.8553333333333333,0.027851851851851853
0.16666666666666666,0.5416666666666666,0.48333333333333334,0.5,1.3013333333333332,0.0
0.05555555555555555,0.5333333333333333,0.5666666666666667,0.5555555555555556,3.84,0.17928296296296295
0.07692307692307693,0.5333333333333333,0.56,0.5384615384615384,2.993333333333333,0.06401185185185186
0.07692307692307693,0.5333333333333333,0.5666666666666667,0.6153846153846154,2.8266666666666667,0.012325925925925926
0.07692307692307693,0.5333333333333333,0.5666666666666667,0.6153846153846154,2.892,0.014767407407407415
0.06666666666666667,0.5133333333333333,0.5666666666666667,0.4666666666666667,2.985333333333333,0.050705925925925925
0.07692307692307693,0.4966666666666667,0.5666666666666667,0.6923076923076923,2.56,0.0
0.1111111111111111,0.5399999999999999,0.5666666666666667,1.0,2.2626666666666666,0.0
0.09090909090909091,0.5333333333333333,0.5666666666666667,0.7272727272727273,2.5286666666666666,0.0
0.1111111111111111,0.5333333333333333,0.5466666666666666,0.7777777777777778,2.304,0.0
0.07692307692307693,0.4733333333333334,0.5666666666666667,0.6153846153846154,2.422,0.0
0.07692307692307693,0.5333333333333333,0.56,0.6153846153846154,3.017333333333333,0.037025185185185196
0.07692307692307693,0.5333333333333333,0.56,0.5384615384615384,2.89,0.035757037037037046
0.09090909090909091,0.5333333333333333,0.5666666666666667,0.7272727272727273,2.594,0.0
0.1,0.535,0.5066666666666666,0.4,1.8286666666666667,0.0
0.1,0.5366666666666667,0.5700000000000001,0.8,2.3193333333333332,0.0
0.09090909090909091,0.5333333333333333,0.5666666666666667,0.5454545454545454,2.473333333333333,0.0
0.1111111111111111,0.5399999999999999,0.5733333333333334,0.7777777777777778,2.3693333333333335,0.0
0.15384615384615385,0.5233333333333333,0.5666666666666667,0.6153846153846154,2.6693333333333333,0.0
0.18181818181818182,0.5333333333333333,0.5666666666666667,0.45454545454545453,2.226,0.0
0.08333333333333333,0.5483333333333333,0.5633333333333332,0.75,3.012,0.0005970740740740743
0.16666666666666666,0.55,0.5833333333333334,0.6666666666666666,1.466,0.0
0.1111111111111111,0.5066666666666666,0.5333333333333333,0.6666666666666666,1.9373333333333334,0.0
0.16666666666666666,0.55,0.5833333333333334,0.6666666666666666,1.5006666666666666,0.0
0.0625,0.5333333333333333,0.55,0.75,3.674,0.10674962962962962
0.2,0.5533333333333333,0.5866666666666667,0.6,1.1806666666666668,0.0
0.09090909090909091,0.5333333333333333,0.5333333333333333,0.8181818181818182,2.8273333333333333,0.0
0.1,0.5033333333333333,0.5366666666666667,0.9,2.486,0.0
0.08333333333333333,0.53,0.5633333333333332,0.8333333333333334,2.99,0.0009068888888889018
0.1,0.4583333333333333,0.5666666666666667,0.4,1.6166666666666667,0.0
0.08333333333333333,0.5333333333333333,0.5666666666666667,0.9166666666666666,3.1326666666666667,0.0
0.09090909090909091,0.5333333333333333,0.5666666666666667,0.9090909090909091,2.812666666666667,0.0
0.1,0.5366666666666667,0.5666666666666667,0.8,2.41,0.0
0.08333333333333333,0.5283333333333334,0.5666666666666667,0.6666666666666666,2.550666666666667,0.0
0.1111111111111111,0.5399999999999999,0.5399999999999999,0.8888888888888888,2.1006666666666667,0.0
0.08333333333333333,0.5333333333333333,0.5633333333333332,0.5,2.524,0.0
0.07692307692307693,0.4733333333333334,0.5666666666666667,0.46153846153846156,2.654,0.013558370370370372
0.2222222222222222,0.5399999999999999,0.5733333333333334,0.8888888888888888,2.372,0.0
0.125,0.48833333333333334,0.52,0.375,1.4393333333333334,0.0
0.08333333333333333,0.5483333333333333,0.5666666666666667,0.5833333333333334,2.834,0.01830214814814815
0.08333333333333333,0.4983333333333333,0.5333333333333333,0.5833333333333334,2.5033333333333334,0.0
0.25,0.5433333333333333,0.5766666666666667,0.75,1.9193333333333333,0.0
0.07142857142857142,0.5233333333333333,0.5333333333333333,0.7142857142857143,3.255333333333333,0.054228962962962965
0.2857142857142857,0.5466666666666666,0.58,0.7142857142857143,1.5993333333333333,0.0
0.15384615384615385,0.5333333333333333,0.5666666666666667,0.6923076923076923,2.812,0.0
0.1,0.4883333333333333,0.5366666666666667,0.5,2.0533333333333332,0.0
0.0625,0.5333333333333333,0.5666666666666667,0.4375,2.9846666666666666,0.04506074074074075
0.1,0.535,0.5366666666666667,0.6,2.4273333333333333,0.0
0.14285714285714285,0.5399999999999999,0.5133333333333333,0.42857142857142855,1.6426666666666667,0.0
0.0625,0.4666666666666667,0.5666666666666667,0.5,2.9673333333333334,0.019226666666666673
0.1,0.535,0.5366666666666667,0.4,2.208666666666667,0.0
0.3333333333333333,0.4033333333333333,0.5466666666666666,0.3333333333333333,0.566,0.0
0.09090909090909091,0.5333333333333333,0.5666666666666667,0.5454545454545454,2.408,0.0
0.08333333333333333,0.5283333333333334,0.5666666666666667,0.6666666666666666,2.485333333333333,0.0
0.1,0.535,0.5066666666666666,0.5,1.956,0.0
0.1,0.5366666666666667,0.5666666666666667,0.7,2.464,0.0
0.09090909090909091,0.5333333333333333,0.5666666666666667,0.6363636363636364,2.3353333333333333,0.0
0.125,0.5549999999999999,0.5766666666666667,0.625,1.948,0.0
0.16666666666666666,0.5333333333333333,0.5666666666666667,0.75,3.0046666666666666,0.018429629629629633
0.16666666666666666,0.49166666666666664,0.43333333333333335,0.5,1.0653333333333332,0.0
0.1111111111111111,0.48666666666666664,0.5333333333333333,0.6666666666666666,1.8093333333333332,0.0
0.16666666666666666,0.5333333333333333,0.5666666666666667,0.75,3.0453333333333332,0.03304296296296297
0.1,0.5033333333333333,0.5333333333333333,0.7,2.1293333333333333,0.0
0.18181818181818182,0.5333333333333333,0.5666666666666667,0.7272727272727273,2.7253333333333334,0.0
0.06666666666666667,0.52,0.5533333333333333,0.7333333333333333,3.418,0.06308177777777778
0.16666666666666666,0.55,0.5666666666666667,0.6666666666666666,1.4366666666666668,0.0
0.07142857142857142,0.5333333333333333,0.5666666666666667,0.42857142857142855,2.898,0.060160000000000005
0.16666666666666666,0.43333333333333335,0.4666666666666667,0.3333333333333333,0.9273333333333333,0.0
0.058823529411764705,0.5333333333333333,0.5666666666666667,0.5294117647058824,3.6826666666666665,0.15749925925925928
0.07142857142857142,0.5183333333333333,0.5666666666666667,0.5,2.8806666666666665,0.03602992592592594
0.0625,0.5333333333333333,0.55,0.5,3.421333333333333,0.12779851851851853
0.06666666666666667,0.5133333333333333,0.5533333333333333,0.5333333333333333,3.08,0.047078370370370375
0.125,0.5333333333333333,0.5666666666666667,0.375,1.53,0.0
0.08333333333333333,0.525,0.4966666666666667,0.4166666666666667,2.2953333333333332,0.0
0.5,0.5233333333333333,0.5700000000000001,0.5,0.504,0.0
0.08333333333333333,0.5283333333333334,0.53,0.5833333333333334,2.514,0.0
0.125,0.5333333333333333,0.5666666666666667,0.8125,3.7986666666666666,0.12973037037037038
0.1,0.5333333333333333,0.5700000000000001,0.6,2.279333333333333,0.0
0.09090909090909091,0.5333333333333333,0.5666666666666667,0.8181818181818182,2.5753333333333335,0.0
0.0625,0.5416666666666666,0.5666666666666667,0.5625,3.8,0.14633425925925928
0.08333333333333333,0.5333333333333333,0.5633333333333332,0.8333333333333334,2.6906666666666665,0.0
0.1111111111111111,0.5399999999999999,0.5666666666666667,0.7777777777777778,1.9466666666666668,0.0
0.25,0.545,0.49,0.5,1.0446666666666666,0.0
0.07142857142857142,0.5183333333333333,0.5666666666666667,0.7142857142857143,3.072,0.001197925925925933
0.16666666666666666,0.55,0.5666666666666667,0.8333333333333334,1.54,0.0
0.09090909090909091,0.5333333333333333,0.5666666666666667,0.5454545454545454,2.3493333333333335,0.0
0.2857142857142857,0.5466666666666666,0.58,0.7142857142857143,1.8706666666666667,0.0
0.14285714285714285,0.5333333333333333,0.56,0.7142857142857143,1.8106666666666666,0.0
0.14285714285714285,0.5466666666666666,0.5666666666666667,0.8571428571428571,1.93,0.0
0.07692307692307693,0.5166666666666667,0.5533333333333333,0.46153846153846156,2.344,0.0
0.1111111111111111,0.5333333333333333,0.5666666666666667,0.5555555555555556,2.0233333333333334,0.0
0.2,0.5533333333333333,0.5666666666666667,0.6,1.2393333333333334,0.0
0.0625,0.5083333333333333,0.5666666666666667,0.5625,3.1286666666666667,0.045140000000000007
0.16666666666666666,0.5333333333333333,0.55,0.3333333333333333,1.2386666666666666,0.0
0.14285714285714285,0.5466666666666666,0.5666666666666667,0.7142857142857143,1.7826666666666666,0.0
0.16666666666666666,0.55,0.5666666666666667,0.8333333333333334,1.4413333333333334,0.0
0.11764705882352941,0.5333333333333333,0.5666666666666667,0.8235294117647058,3.9793333333333334,0.11236740740740742
0.14285714285714285,0.5333333333333333,0.5666666666666667,0.7857142857142857,3.1946666666666665,0.01502814814814816
0.14285714285714285,0.5033333333333334,0.5666666666666667,0.5714285714285714,1.66,0.0
0.058823529411764705,0.5333333333333333,0.5666666666666667,0.5294117647058824,3.478,0.09218370370370371
0.0625,0.5333333333333333,0.55,0.4375,3.4006666666666665,0.1195851851851852
0.16666666666666666,0.475,0.5666666666666667,0.6666666666666666,0.9666666666666667,0.0
0.1111111111111111,0.5366666666666667,0.5,0.3333333333333333,1.7086666666666666,0.0
0.07692307692307693,0.5233333333333333,0.5666666666666667,0.6153846153846154,2.6586666666666665,0.0
0.1,0.5366666666666667,0.5700000000000001,0.7,2.4526666666666666,0.0
0.16666666666666666,0.45,0.5333333333333333,0.6666666666666666,1.172,0.0
0.11764705882352941,0.5333333333333333,0.5666666666666667,0.7647058823529411,3.9353333333333333,0.14330074074074073
0.3333333333333333,0.41000000000000003,0.5466666666666666,0.3333333333333333,0.534,0.0
0.14285714285714285,0.5333333333333333,0.5666666666666667,0.7142857142857143,3.2973333333333334,0.09877333333333334
0.5,0.5633333333333332,0.56,1.0,0.7053333333333334,0.0
0.07692307692307693,0.5333333333333333,0.5,0.46153846153846156,2.804,0.0387674074074074
0.14285714285714285,0.5133333333333333,0.5333333333333333,0.8571428571428571,1.7013333333333334,0.0
0.09090909090909091,0.5,0.5333333333333333,0.5454545454545454,2.364,0.0
0.0625,0.5333333333333333,0.5666666666666667,0.625,3.656,0.1318874074074074
0.25,0.5233333333333333,0.5166666666666667,1.0,0.8133333333333334,0.0
0.09090909090909091,0.5333333333333333,0.5666666666666667,0.6363636363636364,2.3673333333333333,0.0
0.2222222222222222,0.5333333333333333,0.5733333333333334,0.6666666666666666,2.2213333333333334,0.0
0.05555555555555555,0.5333333333333333,0.5666666666666667,0.4444444444444444,3.692,0.16980148148148147
0.25,0.49833333333333335,0.5366666666666667,0.75,0.6753333333333333,0.0
0.08333333333333333,0.5266666666666667,0.5633333333333332,0.5833333333333334,2.6333333333333333,0.0
0.125,0.5383333333333333,0.5,0.5,1.6753333333333333,0.0
0.1,0.47333333333333333,0.5700000000000001,0.6,2.070666666666667,0.0
0.125,0.5333333333333333,0.5666666666666667,0.875,1.9393333333333334,0.0
0.1111111111111111,0.48000000000000004,0.5399999999999999,0.5555555555555556,1.8046666666666666,0.0
0.06666666666666667,0.47,0.5666666666666667,0.4,2.89,0.04351155555555556
0.07142857142857142,0.5333333333333333,0.5566666666666668,0.6428571428571429,3.1926666666666668,0.052574814814814824
0.07692307692307693,0.4966666666666667,0.56,0.6923076923076923,2.5193333333333334,0.0
0.14285714285714285,0.4733333333333334,0.5666666666666667,0.5714285714285714,1.2093333333333334,0.0
0.07692307692307693,0.5333333333333333,0.5666666666666667,0.5384615384615384,2.5773333333333333,0.0
0.1,0.5333333333333333,0.5700000000000001,0.8,2.694,0.0
0.1,0.5033333333333333,0.5666666666666667,0.6,1.7753333333333334,0.0
0.058823529411764705,0.5033333333333334,0.5666666666666667,0.47058823529411764,3.308666666666667,0.09518592592592594
0.09090909090909091,0.5333333333333333,0.5666666666666667,0.45454545454545453,2.1586666666666665,0.0
0.1,0.5033333333333333,0.5700000000000001,0.4,1.9433333333333334,0.0
0.1111111111111111,0.45666666666666667,0.5666666666666667,0.4444444444444444,1.8293333333333333,0.0
0.07142857142857142,0.5333333333333333,0.5566666666666668,0.5,2.780666666666667,0.03221333333333334
0.09090909090909091,0.5333333333333333,0.5666666666666667,0.45454545454545453,1.9786666666666666,0.0
0.16666666666666666,0.5333333333333333,0.5666666666666667,0.8333333333333334,1.568,0.0
0.09090909090909091,0.5333333333333333,0.5666666666666667,0.5454545454545454,2.4486666666666665,0.0
0.3333333333333333,0.51,0.49333333333333335,0.6666666666666666,0.5766666666666667,0.0
0.0625,0.5333333333333333,0.55,0.5625,3.489333333333333,0.11253333333333335
0.125,0.5333333333333333,0.5666666666666667,0.6875,3.783333333333333,0.13315555555555555
0.2,0.5399999999999999,0.5666666666666667,0.8,1.0713333333333332,0.0
0.14285714285714285,0.44,0.48000000000000004,0.14285714285714285,1.1493333333333333,0.0
0.0625,0.5083333333333333,0.5666666666666667,0.4375,3.26,0.0976112962962963
0.14285714285714285,0.5399999999999999,0.5266666666666667,0.5714285714285714,1.35,0.0
0.058823529411764705,0.5333333333333333,0.5466666666666666,0.4117647058823529,3.6433333333333335,0.17135407407407408
0.15384615384615385,0.5333333333333333,0.5666666666666667,0.6153846153846154,3.0393333333333334,0.05042962962962964
0.125,0.52,0.5666666666666667,0.875,1.8153333333333332,0.0
0.06666666666666667,0.5333333333333333,0.5666666666666667,0.7333333333333333,3.364,0.07042370370370371
0.1,0.5333333333333333,0.5700000000000001,0.8,2.5953333333333335,0.0
0.09090909090909091,0.5333333333333333,0.5666666666666667,0.6363636363636364,2.259333333333333,0.0
0.09090909090909091,0.5333333333333333,0.5333333333333333,0.7272727272727273,2.6266666666666665,0.0
0.1111111111111111,0.5133333333333333,0.5666666666666667,0.4444444444444444,1.8246666666666667,0.0
0.1,0.4533333333333333,0.5666666666666667,0.4,2.072,0.0
0.125,0.5383333333333333,0.5299999999999999,0.625,1.8826666666666667,0.0
0.08333333333333333,0.4983333333333333,0.5633333333333332,0.5833333333333334,2.5686666666666667,0.0
0.2,0.5333333333333333,0.56,0.6,1.0806666666666667,0.0
0.06666666666666667,0.5433333333333333,0.5533333333333333,0.6,3.3706666666666667,0.07351903703703704
0.07692307692307693,0.5333333333333333,0.5333333333333333,0.7692307692307693,3.021333333333333,0.014542222222222234
0.1111111111111111,0.5333333333333333,0.5399999999999999,0.5555555555555556,2.1166666666666667,0.0
0.16666666666666666,0.5333333333333333,0.5666666666666667,0.8333333333333334,2.738,0.0
0.13333333333333333,0.5333333333333333,0.5666666666666667,0.7333333333333333,3.166,0.019733333333333335
0.3333333333333333,0.5333333333333333,0.5266666666666667,0.3333333333333333,0.904,0.0
0.2,0.5333333333333333,0.5733333333333334,0.4,1.408,0.0
0.0625,0.5166666666666667,0.5666666666666667,0.8125,3.4466666666666668,0.027854074074074087
0.25,0.5333333333333333,0.5700000000000001,0.5,1.0666666666666667,0.0
0.07142857142857142,0.5333333333333333,0.5566666666666668,0.6428571428571429,3.3646666666666665,0.08167111111111111
0.07142857142857142,0.5333333333333333,0.5666666666666667,0.7142857142857143,3.044,0.024912592592592597
0.1111111111111111,0.5333333333333333,0.5666666666666667,0.7222222222222222,4.178,0.19506962962962962
0.09090909090909091,0.48333333333333334,0.5333333333333333,0.36363636363636365,2.275333333333333,0.0
0.05555555555555555,0.5333333333333333,0.5666666666666667,0.6111111111111112,3.5473333333333334,0.09884444444444446
0.05263157894736842,0.5333333333333333,0.5666666666666667,0.5789473684210527,3.8886666666666665,0.17773037037037037
0.07142857142857142,0.4733333333333334,0.5566666666666668,0.35714285714285715,2.8413333333333335,0.045198074074074085
0.09090909090909091,0.48333333333333334,0.5666666666666667,0.36363636363636365,2.4133333333333336,0.0
0.08333333333333333,0.5333333333333333,0.56,0.5833333333333334,2.1966666666666668,0.0
0.05263157894736842,0.5333333333333333,0.5666666666666667,0.47368421052631576,4.062,0.22283851851851852
0.25,0.3866666666666667,0.5366666666666667,0.5,0.548,0.0
0.07142857142857142,0.5333333333333333,0.5566666666666668,0.42857142857142855,3.215333333333333,0.1075674074074074
0.09090909090909091,0.5333333333333333,0.5333333333333333,0.2727272727272727,2.4306666666666668,0.010228148148148156
0.3333333333333333,0.46,0.5333333333333333,1.0,0.744,0.0
0.3333333333333333,0.39666666666666667,0.4,0.3333333333333333,0.428,0.0
0.14285714285714285,0.5399999999999999,0.48000000000000004,0.7142857142857143,1.4533333333333334,0.0
0.07692307692307693,0.5333333333333333,0.5666666666666667,0.5384615384615384,2.998,0.0236562962962963
0.25,0.495,0.44666666666666666,0.75,0.6513333333333333,0.0
0.1,0.535,0.5333333333333333,0.8,2.1973333333333334,0.0
0.06666666666666667,0.5333333333333333,0.5533333333333333,0.6666666666666666,3.267333333333333,0.06897777777777779
0.2,0.5533333333333333,0.5399999999999999,0.4,1.184,0.0
0.08333333333333333,0.5333333333333333,0.5333333333333333,0.75,2.7013333333333334,0.0
0.1111111111111111,0.5066666666666666,0.5466666666666666,0.7777777777777778,1.8993333333333333,0.0
0.09090909090909091,0.55,0.5666666666666667,0.45454545454545453,2.552,0.0
0.18181818181818182,0.5333333333333333,0.5666666666666667,0.8181818181818182,2.6633333333333336,0.0
0.06666666666666667,0.52,0.5533333333333333,0.7333333333333333,3.354,0.05970755555555556
0.16666666666666666,0.49166666666666664,0.5333333333333333,0.8333333333333334,1.3813333333333333,0.0
0.11764705882352941,0.5333333333333333,0.5666666666666667,0.7058823529411765,3.858,0.14955851851851854
0.25,0.5566666666666666,0.5666666666666667,0.75,0.9966666666666667,0.0
0.06666666666666667,0.52,0.5533333333333333,0.6666666666666666,3.4393333333333334,0.09562222222222223
0.08333333333333333,0.53,0.5633333333333332,0.75,3.0113333333333334,0.034073111111111117
0.1111111111111111,0.5399999999999999,0.5666666666666667,0.6666666666666666,1.8433333333333333,0.0
0.1111111111111111,0.5333333333333333,0.5466666666666666,0.6666666666666666,2.2266666666666666,0.0
0.08333333333333333,0.5333333333333333,0.5666666666666667,0.75,2.628,0.0
0.125,0.51,0.5533333333333333,0.75,1.8853333333333333,0.0
0.125,0.4983333333333333,0.5433333333333333,0.375,1.8473333333333333,0.0
0.2,0.5,0.52,0.0,1.0626666666666666,0.0
0.125,0.475,0.5433333333333333,0.125,1.6286666666666667,0.0
0.06666666666666667,0.5333333333333333,0.5666666666666667,0.6666666666666666,2.981333333333333,0.0
0.0625,0.5333333333333333,0.5666666666666667,0.625,3.3226666666666667,0.0777837037037037
0.1111111111111111,0.45333333333333337,0.5666666666666667,0.5555555555555556,1.3946666666666667,0.0
0.125,0.5433333333333333,0.5433333333333333,0.625,1.928,0.0
0.1111111111111111,0.5366666666666667,0.52,0.6666666666666666,1.9573333333333334,0.0
0.09090909090909091,0.5333333333333333,0.5666666666666667,0.5454545454545454,2.494,0.0
0.07142857142857142,0.545,0.5566666666666668,0.5714285714285714,3.296,0.05698277777777779
0.07692307692307693,0.5333333333333333,0.5533333333333333,0.6153846153846154,2.8433333333333333,0.031762962962962965
0.14285714285714285,0.5066666666666667,0.5466666666666666,0.5714285714285714,1.608,0.0
0.1,0.535,0.51,0.7,2.2773333333333334,0.0
0.1,0.4766666666666666,0.5666666666666667,0.5,2.174,0.0
0.14285714285714285,0.5333333333333333,0.5400000000000001,0.7142857142857143,1.4753333333333334,0.0
0.07692307692307693,0.5466666666666666,0.56,0.5384615384615384,2.976,0.010508148148148148
0.25,0.5316666666666667,0.5466666666666666,0.25,0.864,0.0
0.25,0.5233333333333333,0.5133333333333333,0.5,0.9786666666666667,0.0
0.14285714285714285,0.5333333333333333,0.5666666666666667,0.6428571428571429,3.114,0.0668325925925926
0.14285714285714285,0.5466666666666666,0.5666666666666667,0.8571428571428571,1.7406666666666666,0.0
0.08333333333333333,0.53,0.5633333333333332,0.5833333333333334,2.695333333333333,0.01525222222222223
0.1111111111111111,0.5399999999999999,0.5666666666666667,0.8888888888888888,2.1593333333333335,0.0
0.1111111111111111,0.5333333333333333,0.5733333333333334,0.6666666666666666,2.267333333333333,0.0
0.08333333333333333,0.5333333333333333,0.5666666666666667,0.75,2.5873333333333335,0.0
0.16666666666666666,0.5333333333333333,0.5666666666666667,0.5,1.4826666666666666,0.0
0.06666666666666667,0.5333333333333333,0.5666666666666667,0.8,3.372,0.012349629629629636
0.2,0.52,0.5466666666666666,0.6,1.1413333333333333,0.0
0.0625,0.5333333333333333,0.5666666666666667,0.75,3.7133333333333334,0.09123555555555556
0.13333333333333333,0.5333333333333333,0.5666666666666667,0.6666666666666666,3.434,0.11234370370370371
0.16666666666666666,0.5166666666666667,0.5666666666666667,0.8333333333333334,1.4206666666666667,0.0
0.07692307692307693,0.5333333333333333,0.56,0.6153846153846154,3.0153333333333334,0.060859259259259266
0.125,0.5433333333333333,0.5666666666666667,0.875,1.8393333333333333,0.0
0.1,0.5333333333333333,0.5700000000000001,0.7,2.5873333333333335,0.0
0.14285714285714285,0.5333333333333333,0.56,0.5714285714285714,1.8026666666666666,0.0
0.07142857142857142,0.5183333333333333,0.5666666666666667,0.7857142857142857,3.052,0.0
0.06666666666666667,0.5333333333333333,0.5666666666666667,0.7333333333333333,3.3933333333333335,0.04572444444444445
0.06666666666666667,0.5333333333333333,0.5666666666666667,0.5333333333333333,2.7626666666666666,0.001505185185185187
0.1,0.535,0.5033333333333333,0.3,2.144,0.0
0.1,0.45499999999999996,0.5399999999999999,0.0,1.7446666666666666,0.0
0.07142857142857142,0.4283333333333334,0.5,0.2857142857142857,2.4426666666666668,0.0
0.09090909090909091,0.48333333333333334,0.5333333333333333,0.6363636363636364,2.222,0.0
0.06666666666666667,0.4766666666666667,0.52,0.4,2.838,0.0
0.08333333333333333,0.49500000000000005,0.4966666666666667,0.4166666666666667,2.2066666666666666,0.0
0.09090909090909091,0.5666666666666667,0.5,0.5454545454545454,2.1733333333333333,0.0
0.125,0.525,0.5299999999999999,0.125,1.5546666666666666,0.0
0.07142857142857142,0.48500000000000004,0.5233333333333333,0.21428571428571427,2.5926666666666667,0.022385444444444447
0.07142857142857142,0.49000000000000005,0.49000000000000005,0.5,2.6366666666666667,0.0
0.08333333333333333,0.46499999999999997,0.4966666666666667,0.3333333333333333,2.3793333333333333,0.0
0.125,0.48666666666666664,0.51,0.25,1.664,0.0
0.1111111111111111,0.5700000000000001,0.52,0.4444444444444444,1.9166666666666667,0.0
0.125,0.48666666666666664,0.4766666666666667,0.5,1.6246666666666667,0.0
0.09090909090909091,0.5,0.5333333333333333,0.6363636363636364,2.171333333333333,0.0
0.09090909090909091,0.5,0.5,0.36363636363636365,2.066,0.0
0.125,0.515,0.51,0.625,1.566,0.0
0.08333333333333333,0.565,0.5,0.4166666666666667,2.364,0.0
0.125,0.5716666666666667,0.5299999999999999,0.5,1.674,0.0
0.09090909090909091,0.4666666666666667,0.5,0.36363636363636365,2.1633333333333336,0.0
0.1111111111111111,0.5700000000000001,0.52,0.5555555555555556,1.938,0.0
0.09090909090909091,0.5,0.6,0.45454545454545453,2.0446666666666666,0.0
0.1,0.505,0.5399999999999999,0.5,2.034,0.0
0.09090909090909091,0.5,0.5,0.5454545454545454,1.9846666666666666,0.0
0.07692307692307693,0.4966666666666667,0.5266666666666667,0.6153846153846154,2.728666666666667,0.0
0.07692307692307693,0.4633333333333333,0.49333333333333335,0.3076923076923077,2.4753333333333334,0.0
0.125,0.4766666666666667,0.4533333333333333,0.375,1.238,0.0
0.09090909090909091,0.45,0.5,0.18181818181818182,2.0633333333333335,0.0
0.07692307692307693,0.5433333333333334,0.49333333333333335,0.46153846153846156,2.46,0.0
0.1,0.505,0.5399999999999999,0.7,2.102,0.0
0.125,0.475,0.48666666666666664,0.375,1.51,0.0
0.1111111111111111,0.5366666666666667,0.47333333333333333,0.5555555555555556,1.862,0.0
0.09090909090909091,0.48333333333333334,0.5333333333333333,0.36363636363636365,2.2426666666666666,0.0
0.07692307692307693,0.4966666666666667,0.5266666666666667,0.5384615384615384,2.528,0.0
0.09090909090909091,0.5,0.5,0.6363636363636364,2.092,0.0
0.08333333333333333,0.49333333333333335,0.53,0.16666666666666666,2.3153333333333332,0.0
0.05555555555555555,0.51,0.51,0.2777777777777778,3.4753333333333334,0.14530466666666667
0.14285714285714285,0.49666666666666676,0.4666666666666667,0.7142857142857143,1.2606666666666666,0.0
0.07142857142857142,0.44500000000000006,0.5,0.2857142857142857,2.562666666666667,0.0
0.1111111111111111,0.5700000000000001,0.5,0.4444444444444444,1.632,0.0
0.07142857142857142,0.5083333333333334,0.49000000000000005,0.5,2.682,0.0
0.08333333333333333,0.43166666666666664,0.53,0.4166666666666667,2.437333333333333,0.0
0.09090909090909091,0.5,0.5,0.45454545454545453,2.018666666666667,0.0
0.1,0.505,0.5399999999999999,0.5,2.0606666666666666,0.0
0.09090909090909091,0.5,0.5,0.18181818181818182,2.1813333333333333,0.0
0.125,0.5033333333333333,0.5533333333333333,0.5,1.7246666666666666,0.0
0.1,0.48500000000000004,0.5399999999999999,0.6,1.934,0.0
0.07692307692307693,0.49000000000000005,0.5266666666666667,0.3076923076923077,2.6046666666666667,0.0
0.125,0.475,0.51,0.25,1.6373333333333333,0.0
0.3333333333333333,0.39333333333333337,0.5133333333333333,0.0,0.5386666666666666,0.0
0.1,0.435,0.5033333333333333,0.3,1.8806666666666667,0.0
0.08333333333333333,0.5633333333333332,0.5,0.4166666666666667,2.356,0.0
0.1111111111111111,0.5366666666666667,0.5466666666666666,0.5555555555555556,2.1006666666666667,0.0
0.1111111111111111,0.48000000000000004,0.48000000000000004,0.3333333333333333,1.6326666666666667,0.0
0.07692307692307693,0.4066666666666667,0.5,0.23076923076923078,2.1866666666666665,0.0
0.1,0.48500000000000004,0.5399999999999999,0.6,2.054,0.0
0.1,0.41833333333333333,0.5033333333333333,0.3,1.7606666666666666,0.0
0.07142857142857142,0.49500000000000005,0.5233333333333333,0.5714285714285714,2.9446666666666665,0.006094000000000012
0.07142857142857142,0.5466666666666667,0.5,0.35714285714285715,2.7266666666666666,0.05852977777777779
0.1,0.49,0.5399999999999999,0.6,2.128,0.0
0.08333333333333333,0.5583333333333333,0.5,0.5,2.2373333333333334,0.0
0.08333333333333333,0.4983333333333333,0.53,0.75,2.3586666666666667,0.0
0.09090909090909091,0.5,0.5,0.5454545454545454,2.0113333333333334,0.0
0.08333333333333333,0.545,0.53,0.6666666666666666,2.52,0.0
0.07142857142857142,0.4783333333333334,0.5233333333333333,0.42857142857142855,2.742,0.0
0.1111111111111111,0.5166666666666667,0.52,0.1111111111111111,1.6506666666666667,0.0
0.058823529411764705,0.5566666666666666,0.56,0.6470588235294118,3.533333333333333,0.1364822962962963
0.125,0.515,0.48333333333333334,0.75,1.5853333333333333,0.0
0.06666666666666667,0.4799999999999999,0.48666666666666664,0.4666666666666667,2.706,0.0
0.07692307692307693,0.5166666666666667,0.49333333333333335,0.38461538461538464,2.4966666666666666,0.0
0.1111111111111111,0.4666666666666667,0.5066666666666666,0.2222222222222222,1.7333333333333334,0.0
0.1111111111111111,0.4666666666666667,0.47333333333333333,0.4444444444444444,1.694,0.0
0.16666666666666666,0.4583333333333333,0.5166666666666667,0.6666666666666666,1.086,0.0
0.125,0.4716666666666667,0.5066666666666666,0.5,1.5633333333333332,0.0
0.0625,0.5166666666666667,0.5166666666666667,0.1875,3.072,0.09750074074074076
0.07142857142857142,0.45,0.49000000000000005,0.42857142857142855,2.522,0.0
0.1,0.5683333333333334,0.5399999999999999,0.5,2.1906666666666665,0.0
0.1111111111111111,0.5533333333333333,0.5466666666666666,0.7777777777777778,1.9313333333333333,0.0
0.07142857142857142,0.5233333333333333,0.49000000000000005,0.42857142857142855,2.7133333333333334,0.0
0.07142857142857142,0.48500000000000004,0.5233333333333333,0.2857142857142857,2.7006666666666668,0.0
0.1,0.535,0.5033333333333333,0.3,1.9973333333333334,0.0
0.16666666666666666,0.5,0.48333333333333334,0.16666666666666666,1.1146666666666667,0.0
0.1111111111111111,0.42,0.5333333333333333,0.2222222222222222,1.778,0.0
0.08333333333333333,0.4166666666666667,0.53,0.3333333333333333,2.2773333333333334,0.0
0.07142857142857142,0.4800000000000001,0.49000000000000005,0.5,2.49,0.0
0.1111111111111111,0.51,0.4666666666666667,0.6666666666666666,1.8013333333333332,0.0
0.07692307692307693,0.46,0.49333333333333335,0.46153846153846156,2.3806666666666665,0.0
0.1111111111111111,0.5133333333333333,0.52,0.3333333333333333,1.6553333333333333,0.0
0.07692307692307693,0.5400000000000001,0.5266666666666667,0.6153846153846154,2.616,0.0
0.09090909090909091,0.5,0.6,0.2727272727272727,2.16,0.0
0.1111111111111111,0.48000000000000004,0.47333333333333333,0.4444444444444444,1.7206666666666666,0.0
0.1111111111111111,0.48000000000000004,0.47333333333333333,0.4444444444444444,1.8406666666666667,0.0
0.1111111111111111,0.4966666666666667,0.52,0.4444444444444444,1.808,0.0
0.06666666666666667,0.4766666666666667,0.5333333333333333,0.5333333333333333,2.876,0.0
0.09090909090909091,0.5666666666666667,0.5,0.45454545454545453,2.300666666666667,0.0
0.06666666666666667,0.5533333333333333,0.52,0.4,3.0953333333333335,0.09175496296296297
0.1111111111111111,0.51,0.4666666666666667,0.6666666666666666,1.6546666666666667,0.0
0.1,0.505,0.5399999999999999,0.7,2.0753333333333335,0.0
0.07142857142857142,0.49500000000000005,0.5233333333333333,0.5,2.5973333333333333,0.0
0.07142857142857142,0.4566666666666667,0.5,0.2857142857142857,2.5893333333333333,0.0
0.07142857142857142,0.5133333333333334,0.49000000000000005,0.5,2.708666666666667,0.0
0.1,0.43666666666666665,0.5033333333333333,0.3,1.9073333333333333,0.0
0.1,0.505,0.6,0.6,2.0533333333333332,0.0
0.1,0.5533333333333333,0.5399999999999999,0.5,2.2893333333333334,0.0
0.09090909090909091,0.5,0.5,0.36363636363636365,2.028,0.0
0.125,0.5383333333333333,0.5533333333333333,0.625,1.8846666666666667,0.0
0.1111111111111111,0.5700000000000001,0.52,0.5555555555555556,1.93,0.0
0.07142857142857142,0.4283333333333334,0.5,0.21428571428571427,2.4026666666666667,0.0
0.09090909090909091,0.5,0.6,0.5454545454545454,2.306,0.0
0.08333333333333333,0.525,0.4666666666666667,0.5,2.1513333333333335,0.0
0.07142857142857142,0.45,0.5,0.2857142857142857,2.6373333333333333,0.010940000000000004
0.07142857142857142,0.5083333333333334,0.5,0.35714285714285715,2.7973333333333334,0.025371481481481495
0.5,0.4166666666666667,0.53,0.5,0.5166666666666667,0.0
0.14285714285714285,0.51,0.56,0.5714285714285714,1.6286666666666667,0.0
0.1111111111111111,0.51,0.5466666666666666,0.7777777777777778,1.8593333333333333,0.0
0.08333333333333333,0.56,0.5,0.3333333333333333,2.196,0.0
0.09090909090909091,0.43333333333333335,0.5,0.36363636363636365,2.0166666666666666,0.0
0.09090909090909091,0.5,0.5333333333333333,0.6363636363636364,2.318,0.0
0.1,0.47333333333333333,0.47333333333333333,0.3,1.8486666666666667,0.0
0.1,0.505,0.5033333333333333,0.5,1.9226666666666667,0.0
0.09090909090909091,0.5666666666666667,0.5,0.45454545454545453,2.1486666666666667,0.0
0.1,0.5533333333333333,0.5033333333333333,0.6,2.1573333333333333,0.0
0.08333333333333333,0.49500000000000005,0.4666666666666667,0.5,2.0793333333333335,0.0
0.08333333333333333,0.4483333333333333,0.4966666666666667,0.25,2.219333333333333,0.0
0.08333333333333333,0.525,0.4666666666666667,0.5833333333333334,2.239333333333333,0.0
0.125,0.515,0.51,0.625,1.5926666666666667,0.0
0.08333333333333333,0.4633333333333333,0.4966666666666667,0.3333333333333333,2.259333333333333,0.0
0.06666666666666667,0.56,0.52,0.7333333333333333,3.0653333333333332,0.04725155555555557
0.0625,0.55,0.5,0.5,3.1266666666666665,0.06975222222222223
0.1111111111111111,0.48666666666666664,0.5466666666666666,0.6666666666666666,1.838,0.0
0.125,0.52,0.5299999999999999,0.375,1.4393333333333334,0.0
0.06666666666666667,0.5,0.48666666666666664,0.4666666666666667,2.778,0.0
0.1111111111111111,0.4666666666666667,0.48000000000000004,0.3333333333333333,1.606,0.0
0.09090909090909091,0.43333333333333335,0.5,0.2727272727272727,1.9766666666666666,0.0
0.07692307692307693,0.4966666666666667,0.5333333333333333,0.5384615384615384,2.6406666666666667,0.0
0.3333333333333333,0.3433333333333334,0.4666666666666667,0.6666666666666666,0.49933333333333335,0.0
0.07692307692307693,0.5,0.5866666666666667,0.5384615384615384,2.666,0.0
0.1,0.5683333333333334,0.47,0.6,1.9213333333333333,0.0
0.125,0.4516666666666666,0.51,0.125,1.3166666666666667,0.0
0.1111111111111111,0.51,0.4666666666666667,0.6666666666666666,1.6813333333333333,0.0
0.08333333333333333,0.4983333333333333,0.4666666666666667,0.6666666666666666,2.1806666666666668,0.0
0.09090909090909091,0.5,0.6,0.2727272727272727,2.222,0.0
0.08333333333333333,0.48166666666666663,0.53,0.3333333333333333,2.485333333333333,0.0
0.07692307692307693,0.5533333333333333,0.5266666666666667,0.6153846153846154,2.664,0.02299407407407408
0.07142857142857142,0.5466666666666667,0.5233333333333333,0.2857142857142857,2.6386666666666665,0.04005244444444445
1.0,0.45,0.4,0.0,0.216,0.0
0.07692307692307693,0.56,0.49333333333333335,0.38461538461538464,2.5553333333333335,0.0
0.07142857142857142,0.5233333333333333,0.49000000000000005,0.7142857142857143,2.724666666666667,0.0
0.1,0.5366666666666667,0.4433333333333333,0.4,1.8946666666666667,0.0
0.08333333333333333,0.5483333333333333,0.49333333333333335,0.75,2.3673333333333333,0.0
0.0625,0.525,0.55,0.5,3.3406666666666665,0.10484833333333334
0.05555555555555555,0.49833333333333335,0.5333333333333333,0.4444444444444444,3.6186666666666665,0.08996577777777778
0.07692307692307693,0.5366666666666667,0.5,0.5384615384615384,2.656,0.0
0.07692307692307693,0.4966666666666667,0.49333333333333335,0.6923076923076923,2.4606666666666666,0.0
0.07692307692307693,0.5233333333333333,0.5333333333333333,0.5384615384615384,2.558,0.0
0.07692307692307693,0.4966666666666667,0.49333333333333335,0.6153846153846154,2.268,0.0
0.08333333333333333,0.525,0.4966666666666667,0.4166666666666667,2.2786666666666666,0.0
0.09090909090909091,0.5333333333333333,0.5,0.45454545454545453,2.056,0.0
0.08333333333333333,0.4983333333333333,0.5900000000000001,0.5,2.4633333333333334,0.0
0.07142857142857142,0.49500000000000005,0.5700000000000001,0.5714285714285714,2.6726666666666667,0.0
0.1111111111111111,0.5399999999999999,0.5066666666666666,0.5555555555555556,1.8726666666666667,0.0
0.1111111111111111,0.5366666666666667,0.5333333333333333,0.3333333333333333,1.8873333333333333,0.0
0.09090909090909091,0.45,0.5333333333333333,0.2727272727272727,2.25,0.0
0.09090909090909091,0.5333333333333333,0.5,0.7272727272727273,2.1033333333333335,0.0
0.09090909090909091,0.5666666666666667,0.5,0.5454545454545454,2.2906666666666666,0.0
0.08333333333333333,0.53,0.43333333333333335,0.5833333333333334,2.1253333333333333,0.0
0.07692307692307693,0.5166666666666667,0.5266666666666667,0.38461538461538464,2.3786666666666667,0.0
0.1111111111111111,0.5166666666666667,0.52,0.1111111111111111,1.7706666666666666,0.0
0.08333333333333333,0.48166666666666663,0.4966666666666667,0.6666666666666666,2.276666666666667,0.0
0.1111111111111111,0.4733333333333334,0.48000000000000004,0.5555555555555556,1.5833333333333333,0.0
0.09090909090909091,0.45,0.5333333333333333,0.18181818181818182,2.0493333333333332,0.0
0.08333333333333333,0.48166666666666663,0.4966666666666667,0.6666666666666666,2.2046666666666668,0.0
0.08333333333333333,0.5483333333333333,0.53,0.5,2.4326666666666665,0.0
0.1,0.505,0.47,0.7,1.8633333333333333,0.0
0.08333333333333333,0.4966666666666667,0.5,0.16666666666666666,2.424,0.019392074074074086
0.1,0.505,0.4799999999999999,0.8,1.842,0.0
0.1,0.505,0.51,0.7,1.9693333333333334,0.0
0.14285714285714285,0.5133333333333334,0.5,0.14285714285714285,1.3293333333333333,0.0
0.3333333333333333,0.5433333333333333,0.36666666666666664,1.0,0.5453333333333333,0.0
0.0625,0.525,0.48333333333333334,0.75,3.014,0.0
0.125,0.475,0.5333333333333333,0.25,1.6233333333333333,0.0
0.0625,0.49166666666666664,0.5166666666666667,0.5625,3.0073333333333334,0.0
0.125,0.5433333333333333,0.51,0.625,1.63,0.0
0.1,0.5383333333333333,0.51,0.2,2.0533333333333332,0.0
0.1,0.4616666666666666,0.5333333333333333,0.4,1.9126666666666667,0.0
0.1,0.5366666666666667,0.5333333333333333,0.5,2.0726666666666667,0.0
0.1,0.5366666666666667,0.5333333333333333,0.5,1.9526666666666668,0.0
0.08333333333333333,0.5433333333333333,0.53,0.6666666666666666,2.558,0.0
0.07142857142857142,0.4783333333333334,0.5133333333333334,0.5,2.5006666666666666,0.0
0.08333333333333333,0.5283333333333334,0.5233333333333333,0.5,2.2573333333333334,0.0
0.1,0.505,0.5399999999999999,0.7,1.9553333333333334,0.0
0.07142857142857142,0.5083333333333334,0.49000000000000005,0.5,2.562,0.0
0.07692307692307693,0.4966666666666667,0.5,0.5384615384615384,2.3953333333333333,0.0
0.09090909090909091,0.5,0.5,0.6363636363636364,2.1853333333333333,0.0
0.14285714285714285,0.5533333333333333,0.5400000000000001,0.2857142857142857,1.6273333333333333,0.0
0.07142857142857142,0.5083333333333334,0.49000000000000005,0.42857142857142855,2.3613333333333335,0.0
0.1,0.5083333333333333,0.5,0.4,1.8026666666666666,0.0
0.07692307692307693,0.49000000000000005,0.52,0.38461538461538464,2.3633333333333333,0.0
0.1,0.4783333333333333,0.5,0.3,1.8286666666666667,0.0
0.08333333333333333,0.5433333333333333,0.53,0.5,2.6733333333333333,0.01074592592592593
0.07692307692307693,0.5400000000000001,0.5,0.6153846153846154,2.63,0.0
0.08333333333333333,0.5633333333333332,0.4966666666666667,0.4166666666666667,2.312666666666667,0.0
0.1,0.5683333333333334,0.5,0.4,1.8746666666666667,0.0
0.08333333333333333,0.53,0.4633333333333333,0.75,2.086,0.0
0.07692307692307693,0.4966666666666667,0.5266666666666667,0.5384615384615384,2.508,0.0
0.07142857142857142,0.48500000000000004,0.4666666666666667,0.5714285714285714,2.3686666666666665,0.0
0.1,0.505,0.5033333333333333,0.6,1.9766666666666666,0.0
0.08333333333333333,0.5266666666666667,0.4666666666666667,0.5,2.178,0.0
0.09090909090909091,0.48333333333333334,0.5333333333333333,0.6363636363636364,2.294,0.0
0.2,0.53,0.42,0.8,0.9533333333333334,0.0
0.05263157894736842,0.5066666666666666,0.5066666666666666,0.5263157894736842,3.5753333333333335,0.060180740740740736
0.07142857142857142,0.5566666666666668,0.49000000000000005,0.5,2.7426666666666666,0.011219925925925934
0.1111111111111111,0.4966666666666667,0.5466666666666666,0.5555555555555556,2.0126666666666666,0.0
0.06666666666666667,0.52,0.4666666666666667,0.6,2.6246666666666667,0.0
0.07692307692307693,0.5466666666666666,0.4666666666666667,0.5384615384615384,2.4153333333333333,0.0
0.06666666666666667,0.5133333333333333,0.5066666666666666,0.5333333333333333,2.756666666666667,0.0
0.3333333333333333,0.42,0.49333333333333335,0.3333333333333333,0.6266666666666667,0.0
0.16666666666666666,0.5416666666666666,0.55,0.16666666666666666,1.3713333333333333,0.0
0.06666666666666667,0.5,0.48666666666666664,0.4,2.5773333333333333,0.0
0.07142857142857142,0.5,0.5800000000000001,0.5714285714285714,2.954,0.010111111111111112
0.07142857142857142,0.5233333333333333,0.5133333333333334,0.42857142857142855,2.6193333333333335,0.0
0.06666666666666667,0.5299999999999999,0.52,0.6,3.1466666666666665,0.06520177777777778
0.06666666666666667,0.5533333333333333,0.48666666666666664,0.4666666666666667,2.812,0.020399555555555567
0.07692307692307693,0.52,0.4666666666666667,0.46153846153846156,2.394,0.0
0.06666666666666667,0.5299999999999999,0.52,0.7333333333333333,3.0313333333333334,0.004416666666666665
0.08333333333333333,0.56,0.5,0.3333333333333333,2.3426666666666667,0.00022400000000000645
0.06666666666666667,0.49333333333333335,0.52,0.6666666666666666,2.985333333333333,0.0
0.08333333333333333,0.4966666666666667,0.5,0.25,2.296666666666667,0.0
0.09090909090909091,0.5333333333333333,0.4666666666666667,0.5454545454545454,1.9353333333333333,0.0
0.08333333333333333,0.4983333333333333,0.53,0.6666666666666666,2.486,0.0
0.09090909090909091,0.5,0.5,0.5454545454545454,1.9126666666666667,0.0
0.1,0.49,0.5399999999999999,0.5,2.255333333333333,0.0
0.08333333333333333,0.48166666666666663,0.53,0.5833333333333334,2.4646666666666666,0.0
0.07692307692307693,0.4966666666666667,0.49333333333333335,0.6923076923076923,2.4686666666666666,0.0
0.08333333333333333,0.4983333333333333,0.53,0.5833333333333334,2.2853333333333334,0.0
0.1111111111111111,0.5700000000000001,0.52,0.4444444444444444,1.89,0.0
0.07692307692307693,0.4966666666666667,0.5866666666666667,0.5384615384615384,2.69,0.0
0.09090909090909091,0.5,0.6,0.6363636363636364,2.3273333333333333,0.0
0.07692307692307693,0.5400000000000001,0.49333333333333335,0.7692307692307693,2.514666666666667,0.0
0.09090909090909091,0.5,0.5,0.6363636363636364,2.212,0.0
0.1,0.535,0.5399999999999999,0.6,2.268666666666667,0.0
0.1,0.475,0.47333333333333333,0.3,1.8566666666666667,0.0
0.09090909090909091,0.45,0.5333333333333333,0.2727272727272727,2.1093333333333333,0.0
0.09090909090909091,0.5333333333333333,0.5,0.7272727272727273,2.2253333333333334,0.0
0.09090909090909091,0.4666666666666667,0.5333333333333333,0.18181818181818182,2.0606666666666666,0.0
0.1,0.47333333333333333,0.5033333333333333,0.2,1.976,0.0
0.08333333333333333,0.555,0.4966666666666667,0.5,2.1313333333333335,0.0
0.08333333333333333,0.5266666666666667,0.4666666666666667,0.5,2.298,0.0
0.1,0.5683333333333334,0.5,0.4,1.848,0.0
0.16666666666666666,0.525,0.4166666666666667,0.6666666666666666,1.0493333333333332,0.0
0.07692307692307693,0.5266666666666667,0.4666666666666667,0.6923076923076923,2.41,0.0
0.1,0.5683333333333334,0.5033333333333333,0.4,1.9873333333333334,0.0
0.125,0.5433333333333333,0.46333333333333326,0.5,1.5826666666666667,0.0
0.07692307692307693,0.49333333333333335,0.4666666666666667,0.46153846153846156,2.322,0.0
0.1111111111111111,0.51,0.5066666666666666,0.6666666666666666,1.8806666666666667,0.0
0.08333333333333333,0.46499999999999997,0.53,0.3333333333333333,2.3653333333333335,0.0
0.08333333333333333,0.4966666666666667,0.5266666666666667,0.25,2.316666666666667,0.0
0.06666666666666667,0.49333333333333335,0.5333333333333333,0.5333333333333333,3.0246666666666666,0.006501037037037042
0.14285714285714285,0.49333333333333335,0.4666666666666667,0.42857142857142855,1.31,0.0
0.07142857142857142,0.5466666666666667,0.5,0.42857142857142855,2.5993333333333335,0.022583407407407424
0.07692307692307693,0.4966666666666667,0.5266666666666667,0.6153846153846154,2.702,0.0
0.08333333333333333,0.48166666666666663,0.53,0.5,2.264,0.0
0.1111111111111111,0.5533333333333333,0.52,0.4444444444444444,1.7033333333333334,0.0
0.08333333333333333,0.4983333333333333,0.53,0.75,2.3833333333333333,0.0
0.1111111111111111,0.5566666666666666,0.52,0.2222222222222222,1.8186666666666667,0.0
0.08333333333333333,0.48166666666666663,0.5333333333333333,0.5,2.3766666666666665,0.0
0.1,0.535,0.47,0.5,1.958,0.0
0.07142857142857142,0.4616666666666667,0.5233333333333333,0.35714285714285715,2.582,0.0
0.08333333333333333,0.545,0.53,0.8333333333333334,2.4046666666666665,0.0
0.1,0.535,0.5399999999999999,0.8,2.1153333333333335,0.0
0.09090909090909091,0.45,0.5,0.45454545454545453,2.2106666666666666,0.0
0.1,0.5683333333333334,0.5,0.4,1.728,0.0
0.08333333333333333,0.44666666666666666,0.4966666666666667,0.25,2.032,0.0
0.08333333333333333,0.555,0.5,0.4166666666666667,2.2586666666666666,0.0
0.08333333333333333,0.525,0.4966666666666667,0.3333333333333333,2.2666666666666666,0.0
0.1111111111111111,0.5399999999999999,0.52,0.4444444444444444,1.6953333333333334,0.0
0.08333333333333333,0.48166666666666663,0.53,0.3333333333333333,2.3386666666666667,0.0
0.09090909090909091,0.5,0.5333333333333333,0.18181818181818182,2.2013333333333334,0.0
0.0625,0.5583333333333333,0.55,0.625,3.259333333333333,0.0899288888888889
0.1,0.45499999999999996,0.51,0.2,1.7053333333333334,0.0
0.07692307692307693,0.56,0.5,0.46153846153846156,2.6273333333333335,0.002812444444444451
0.07692307692307693,0.49000000000000005,0.5,0.23076923076923078,2.366,0.0
0.14285714285714285,0.52,0.5133333333333333,0.7142857142857143,1.4966666666666666,0.0
0.07142857142857142,0.44500000000000006,0.5233333333333333,0.35714285714285715,2.7493333333333334,0.0
0.07692307692307693,0.5400000000000001,0.5266666666666667,0.6153846153846154,2.7626666666666666,0.008832000000000008
0.07692307692307693,0.5400000000000001,0.5266666666666667,0.7692307692307693,2.6473333333333335,0.0
0.07692307692307693,0.4966666666666667,0.5266666666666667,0.6923076923076923,2.6013333333333333,0.0
0.09090909090909091,0.5,0.5333333333333333,0.6363636363636364,2.198,0.0
0.08333333333333333,0.56,0.5,0.3333333333333333,2.316,0.0
0.08333333333333333,0.525,0.4966666666666667,0.4166666666666667,2.4006666666666665,0.0
0.07692307692307693,0.43,0.5266666666666667,0.3076923076923077,2.493333333333333,0.0
0.09090909090909091,0.5,0.4666666666666667,0.7272727272727273,2.0846666666666667,0.0
0.09090909090909091,0.5666666666666667,0.6,0.5454545454545454,2.279333333333333,0.0
0.09090909090909091,0.5666666666666667,0.5,0.6363636363636364,2.1473333333333335,0.0
0.09090909090909091,0.5,0.5,0.36363636363636365,2.162,0.0
0.09090909090909091,0.55,0.5,0.6363636363636364,2.246,0.0
0.08333333333333333,0.525,0.4966666666666667,0.4166666666666667,2.3546666666666667,0.0
0.14285714285714285,0.5166666666666667,0.5000000000000001,0.7142857142857143,1.3933333333333333,0.0
0.07692307692307693,0.5633333333333332,0.5800000000000001,0.5384615384615384,2.786,0.03257318518518519
0.125,0.44166666666666665,0.51,0.5,1.416,0.0
0.14285714285714285,0.45,0.56,0.14285714285714285,1.4106666666666667,0.0
0.1,0.5083333333333333,0.5399999999999999,0.2,2.0713333333333335,0.0
0.16666666666666666,0.4583333333333333,0.4666666666666667,0.3333333333333333,1.054,0.0
0.5,0.46499999999999997,0.43,0.0,0.45866666666666667,0.0
0.125,0.4533333333333333,0.51,0.625,1.6166666666666667,0.0
0.09090909090909091,0.5333333333333333,0.4666666666666667,0.5454545454545454,2.179333333333333,0.0
0.125,0.37999999999999995,0.4766666666666667,0.25,1.2373333333333334,0.0
0.2,0.39666666666666667,0.46,0.0,0.738,0.0
0.09090909090909091,0.5,0.5,0.2727272727272727,1.9613333333333334,0.0
0.07142857142857142,0.5233333333333333,0.5,0.2857142857142857,2.622,0.02156133333333334
0.07142857142857142,0.5466666666666667,0.5,0.5,2.5733333333333333,0.012439703703703706
0.07692307692307693,0.5533333333333333,0.5266666666666667,0.38461538461538464,2.6166666666666667,0.04676281481481482
0.06666666666666667,0.44333333333333336,0.5,0.26666666666666666,2.6586666666666665,0.0
0.08333333333333333,0.5,0.5933333333333334,0.5833333333333334,2.57,0.0
0.06666666666666667,0.5,0.5,0.3333333333333333,2.8933333333333335,0.03775555555555556
0.09090909090909091,0.45,0.5,0.36363636363636365,2.1366666666666667,0.0
0.08333333333333333,0.4483333333333333,0.4966666666666667,0.3333333333333333,2.232666666666667,0.0
0.125,0.5383333333333333,0.51,0.75,1.7526666666666666,0.0
0.08333333333333333,0.4983333333333333,0.53,0.5833333333333334,2.498666666666667,0.0
0.07142857142857142,0.44500000000000006,0.49000000000000005,0.42857142857142855,2.45,0.0
0.125,0.5033333333333333,0.5533333333333333,0.5,1.8446666666666667,0.0
0.09090909090909091,0.5,0.5333333333333333,0.5454545454545454,2.124,0.0
0.07692307692307693,0.44666666666666666,0.5266666666666667,0.38461538461538464,2.6533333333333333,0.0
0.09090909090909091,0.5666666666666667,0.5333333333333333,0.36363636363636365,2.212666666666667,0.0
0.09090909090909091,0.5,0.5333333333333333,0.2727272727272727,2.074,0.0
0.08333333333333333,0.48166666666666663,0.4966666666666667,0.5,2.2993333333333332,0.0
0.09090909090909091,0.45,0.5333333333333333,0.36363636363636365,2.1226666666666665,0.0
0.125,0.515,0.51,0.625,1.7126666666666666,0.0
0.07692307692307693,0.4866666666666667,0.5266666666666667,0.3076923076923077,2.4846666666666666,0.0
0.14285714285714285,0.5733333333333334,0.48000000000000004,0.5714285714285714,1.4486666666666668,0.0
0.1,0.5683333333333334,0.51,0.6,2.054,0.0
0.09090909090909091,0.5,0.5333333333333333,0.45454545454545453,2.148,0.0
0.07142857142857142,0.535,0.5233333333333333,0.42857142857142855,2.808666666666667,0.058445777777777784
0.125,0.5549999999999999,0.48333333333333334,0.75,1.6573333333333333,0.0
0.0625,0.5166666666666667,0.5333333333333333,0.625,3.1533333333333333,0.0
0.3333333333333333,0.4633333333333333,0.4266666666666667,0.0,0.5546666666666666,0.0
0.09090909090909091,0.5666666666666667,0.5,0.36363636363636365,2.1,0.0
0.05263157894736842,0.5066666666666666,0.5333333333333333,0.5789473684210527,3.78,0.09433007407407407
0.08333333333333333,0.49166666666666664,0.53,0.5833333333333334,2.292,0.0
0.125,0.44166666666666665,0.51,0.75,1.4893333333333334,0.0
0.09090909090909091,0.4166666666666667,0.5333333333333333,0.5454545454545454,2.028,0.0
0.14285714285714285,0.51,0.5000000000000001,0.42857142857142855,1.424,0.0
0.16666666666666666,0.5166666666666667,0.5166666666666667,0.5,1.328,0.0
0.0625,0.4666666666666667,0.5166666666666667,0.5,3.006666666666667,0.0038059259259259257
0.07692307692307693,0.4966666666666667,0.49333333333333335,0.5384615384615384,2.524,0.0
0.07142857142857142,0.5466666666666667,0.5233333333333333,0.42857142857142855,2.712,0.026713777777777784
0.3333333333333333,0.48000000000000004,0.5533333333333333,0.6666666666666666,0.6053333333333333,0.0
0.07142857142857142,0.5466666666666667,0.5700000000000001,0.42857142857142855,2.7053333333333334,0.02882755555555557
0.09090909090909091,0.5333333333333333,0.5333333333333333,0.7272727272727273,2.358,0.0
0.1,0.505,0.5033333333333333,0.6,2.1233333333333335,0.0
0.08333333333333333,0.48166666666666663,0.53,0.6666666666666666,2.3373333333333335,0.0
0.08333333333333333,0.4483333333333333,0.5,0.16666666666666666,2.1593333333333335,0.0
0.1111111111111111,0.51,0.5466666666666666,0.5555555555555556,1.9646666666666666,0.0
0.1111111111111111,0.5166666666666667,0.52,0.1111111111111111,1.7973333333333332,0.0
0.09090909090909091,0.5,0.5,0.45454545454545453,1.9386666666666668,0.0
0.07142857142857142,0.48500000000000004,0.49000000000000005,0.5,2.61,0.0
0.07142857142857142,0.4783333333333334,0.5233333333333333,0.42857142857142855,2.622,0.0
0.1111111111111111,0.51,0.5066666666666666,0.5555555555555556,1.68,0.0
0.1,0.5,0.5399999999999999,0.4,1.884,0.0
0.09090909090909091,0.55,0.43333333333333335,0.8181818181818182,2.1306666666666665,0.0
0.1111111111111111,0.47,0.49333333333333335,0.4444444444444444,1.6593333333333333,0.0
0.16666666666666666,0.475,0.5166666666666667,0.3333333333333333,1.16,0.0
0.058823529411764705,0.5133333333333333,0.5133333333333333,0.5294117647058824,3.2706666666666666,0.04032518518518519
0.058823529411764705,0.5133333333333333,0.49333333333333335,0.5294117647058824,3.191333333333333,0.006217037037037045
0.16666666666666666,0.48333333333333334,0.5166666666666667,0.5,1.3993333333333333,0.0
0.07692307692307693,0.43,0.5266666666666667,0.38461538461538464,2.533333333333333,0.0
0.058823529411764705,0.5466666666666666,0.5,0.47058823529411764,3.2226666666666666,0.08332414814814815
0.16666666666666666,0.5083333333333333,0.48333333333333334,0.6666666666666666,1.172,0.0
0.1,0.5366666666666667,0.5033333333333333,0.5,1.9666666666666666,0.0
0.07692307692307693,0.5166666666666667,0.49333333333333335,0.5384615384615384,2.466,0.0
0.3333333333333333,0.5566666666666666,0.49333333333333335,0.3333333333333333,0.6606666666666666,0.0
1.0,0.2,0.4,0.0,0.096,0.0
0.1,0.5083333333333333,0.51,0.1,1.8666666666666667,0.0
0.1111111111111111,0.45333333333333337,0.5333333333333333,0.3333333333333333,1.938,0.0
0.1111111111111111,0.5133333333333333,0.4666666666666667,0.8888888888888888,1.624,0.0
0.05263157894736842,0.5399999999999999,0.5066666666666666,0.42105263157894735,3.6906666666666665,0.16913999999999998
0.14285714285714285,0.52,0.4733333333333334,0.5714285714285714,1.276,0.0
0.06666666666666667,0.4533333333333333,0.52,0.4666666666666667,2.8973333333333335,0.005550814814814816
0.07142857142857142,0.49500000000000005,0.5800000000000001,0.42857142857142855,2.732,0.0
0.16666666666666666,0.5416666666666666,0.48333333333333334,0.5,1.3626666666666667,0.0
0.07142857142857142,0.4666666666666667,0.5233333333333333,0.35714285714285715,2.6086666666666667,0.0
0.06666666666666667,0.49333333333333335,0.5066666666666666,0.5333333333333333,2.719333333333333,0.0
0.125,0.515,0.48333333333333334,0.75,1.5586666666666666,0.0
0.1,0.4616666666666666,0.47333333333333333,0.5,1.6793333333333333,0.0
0.058823529411764705,0.5133333333333333,0.5133333333333333,0.17647058823529413,3.3146666666666667,0.13839466666666667
0.07142857142857142,0.5233333333333333,0.5,0.21428571428571427,2.776,0.06062525925925927
0.1,0.47333333333333333,0.47,0.4,1.9366666666666668,0.0
0.08333333333333333,0.53,0.53,0.6666666666666666,2.454,0.0
0.06666666666666667,0.52,0.52,0.6,3.0806666666666667,0.00889777777777779
0.06666666666666667,0.5433333333333333,0.52,0.7333333333333333,2.9993333333333334,0.0
0.09090909090909091,0.5333333333333333,0.5333333333333333,0.7272727272727273,2.211333333333333,0.0
0.08333333333333333,0.53,0.49333333333333335,0.5833333333333334,2.1206666666666667,0.0
0.125,0.4983333333333333,0.5299999999999999,0.375,1.3833333333333333,0.0
0.08333333333333333,0.4966666666666667,0.5,0.5,2.4353333333333333,0.0
0.125,0.48833333333333334,0.6,0.25,1.4993333333333334,0.0
0.08333333333333333,0.4483333333333333,0.5,0.08333333333333333,2.146,0.0
0.07692307692307693,0.5266666666666667,0.5266666666666667,0.6923076923076923,2.742,0.0
0.06666666666666667,0.48666666666666664,0.52,0.4,2.974,0.028442962962962972
0.06666666666666667,0.46,0.5,0.26666666666666666,2.88,0.04839200000000001
0.1,0.535,0.5033333333333333,0.6,2.0646666666666667,0.0
0.07692307692307693,0.5266666666666667,0.5266666666666667,0.46153846153846156,2.6033333333333335,0.0
0.125,0.5716666666666667,0.51,0.625,1.7226666666666666,0.0
0.09090909090909091,0.4666666666666667,0.5333333333333333,0.0,1.9873333333333334,0.0
0.125,0.4716666666666667,0.5533333333333333,0.625,1.6213333333333333,0.0
0.09090909090909091,0.5666666666666667,0.5,0.7272727272727273,2.196,0.0
0.05263157894736842,0.5533333333333333,0.5333333333333333,0.5263157894736842,3.9386666666666668,0.2151974814814815
0.2,0.4066666666666667,0.47333333333333333,0.0,0.7646666666666667,0.0
0.07142857142857142,0.5133333333333334,0.49000000000000005,0.35714285714285715,2.739333333333333,0.0
0.16666666666666666,0.48333333333333334,0.5166666666666667,0.6666666666666666,1.2326666666666666,0.0
0.16666666666666666,0.475,0.55,0.3333333333333333,1.0313333333333334,0.0
0.1,0.43666666666666665,0.5033333333333333,0.1,1.834,0.0
0.0625,0.5583333333333333,0.55,0.6875,3.272666666666667,0.0733525925925926
0.09090909090909091,0.5,0.6,0.36363636363636365,2.272,0.0
0.08333333333333333,0.4983333333333333,0.53,0.5833333333333334,2.2773333333333334,0.0
0.1,0.5033333333333333,0.5399999999999999,0.7,2.094,0.0
0.08333333333333333,0.4983333333333333,0.53,0.75,2.3506666666666667,0.0
0.08333333333333333,0.4983333333333333,0.5333333333333333,0.5833333333333334,2.398,0.0
0.1,0.535,0.5033333333333333,0.6,1.936,0.0
0.1111111111111111,0.5366666666666667,0.5466666666666666,0.6666666666666666,1.978,0.0
0.1,0.5533333333333333,0.5033333333333333,0.7,2.1706666666666665,0.0
0.1,0.535,0.5333333333333333,0.6,2.0486666666666666,0.0
0.125,0.5383333333333333,0.51,0.75,1.726,0.0
0.1,0.535,0.5399999999999999,0.5,2.068,0.0
0.1111111111111111,0.5366666666666667,0.6,0.5555555555555556,2.11,0.0
0.08333333333333333,0.56,0.4966666666666667,0.5833333333333334,2.1053333333333333,0.0
0.1,0.5516666666666666,0.5399999999999999,0.8,2.187333333333333,0.0
0.08333333333333333,0.46499999999999997,0.4666666666666667,0.4166666666666667,2.066,0.0
0.125,0.5383333333333333,0.5533333333333333,0.625,1.858,0.0
0.1,0.5066666666666666,0.5399999999999999,0.4,1.956,0.0
0.09090909090909091,0.45,0.5333333333333333,0.18181818181818182,2.236666666666667,0.0
0.09090909090909091,0.5333333333333333,0.5,0.6363636363636364,2.0246666666666666,0.0
0.1111111111111111,0.5700000000000001,0.52,0.4444444444444444,1.77,0.0
0.1,0.5683333333333334,0.5,0.5,1.896,0.0
0.1,0.5683333333333334,0.5,0.5,1.888,0.0
0.08333333333333333,0.555,0.5,0.3333333333333333,2.1706666666666665,0.0
0.09090909090909091,0.4666666666666667,0.5,0.2727272727272727,2.1486666666666667,0.0
0.1111111111111111,0.5133333333333333,0.52,0.3333333333333333,1.682,0.0
0.08333333333333333,0.46499999999999997,0.5,0.16666666666666666,2.3806666666666665,0.0
0.08333333333333333,0.46499999999999997,0.4966666666666667,0.25,2.2533333333333334,0.0
0.1,0.5033333333333333,0.5399999999999999,0.7,1.9473333333333334,0.0
0.125,0.5383333333333333,0.5533333333333333,0.625,1.738,0.0
0.07142857142857142,0.44500000000000006,0.5,0.21428571428571427,2.5493333333333332,0.0
0.07142857142857142,0.4616666666666667,0.49000000000000005,0.42857142857142855,2.6686666666666667,0.0
0.08333333333333333,0.46499999999999997,0.4966666666666667,0.3333333333333333,2.1933333333333334,0.0
0.1,0.535,0.5399999999999999,0.7,2.1413333333333333,0.0
0.08333333333333333,0.4983333333333333,0.5333333333333333,0.5833333333333334,2.39,0.0
0.08333333333333333,0.4666666666666667,0.4966666666666667,0.4166666666666667,2.286,0.0
0.08333333333333333,0.46499999999999997,0.4966666666666667,0.3333333333333333,2.3413333333333335,0.0
0.08333333333333333,0.44666666666666666,0.4966666666666667,0.16666666666666666,2.018666666666667,0.0
0.07142857142857142,0.4283333333333334,0.5,0.21428571428571427,2.429333333333333,0.0
0.07692307692307693,0.46,0.5266666666666667,0.23076923076923078,2.4713333333333334,0.0
0.07142857142857142,0.4616666666666667,0.49000000000000005,0.42857142857142855,2.5486666666666666,0.0
0.07142857142857142,0.5,0.5800000000000001,0.5,2.7453333333333334,0.0
0.25,0.5616666666666668,0.38999999999999996,1.0,0.8093333333333333,0.0
0.125,0.5716666666666667,0.4766666666666667,0.75,1.726,0.0
0.07692307692307693,0.5633333333333332,0.5800000000000001,0.6153846153846154,2.7993333333333332,0.015848444444444446
0.07692307692307693,0.52,0.49333333333333335,0.38461538461538464,2.6433333333333335,0.0
0.1111111111111111,0.5366666666666667,0.5066666666666666,0.3333333333333333,1.9013333333333333,0.0
0.05263157894736842,0.47,0.5333333333333333,0.47368421052631576,3.5986666666666665,0.08040133333333332
0.0625,0.5083333333333333,0.5166666666666667,0.4375,3.248666666666667,0.036001296296296295
0.1111111111111111,0.5366666666666667,0.52,0.5555555555555556,1.968,0.0
0.08333333333333333,0.53,0.4966666666666667,0.6666666666666666,2.441333333333333,0.0
0.07692307692307693,0.43,0.5,0.23076923076923078,2.3066666666666666,0.0
0.1,0.5683333333333334,0.51,0.4,2.0126666666666666,0.0
0.0625,0.5333333333333333,0.5166666666666667,0.375,3.050666666666667,0.0828562962962963
0.0625,0.4583333333333333,0.5166666666666667,0.1875,3.017333333333333,0.056375
0.14285714285714285,0.5733333333333334,0.48000000000000004,0.5714285714285714,1.302,0.0
0.06666666666666667,0.44333333333333336,0.52,0.2,2.7746666666666666,0.018669259259259267
0.125,0.5716666666666667,0.4766666666666667,0.5,1.5446666666666666,0.0
0.07142857142857142,0.5366666666666667,0.49000000000000005,0.42857142857142855,2.582666666666667,0.0
0.05263157894736842,0.47333333333333333,0.5066666666666666,0.21052631578947367,3.678,0.18299066666666666
0.25,0.5316666666666667,0.38999999999999996,0.75,0.6413333333333333,0.0
0.1111111111111111,0.5066666666666666,0.5466666666666666,0.7777777777777778,1.8513333333333333,0.0
0.07692307692307693,0.4633333333333333,0.49333333333333335,0.3076923076923077,2.4833333333333334,0.0
0.14285714285714285,0.5399999999999999,0.5133333333333333,0.8571428571428571,1.51,0.0
0.06666666666666667,0.4666666666666667,0.52,0.3333333333333333,2.824666666666667,0.0
0.3333333333333333,0.47333333333333333,0.4066666666666666,1.0,0.47333333333333333,0.0
0.14285714285714285,0.5399999999999999,0.56,0.7142857142857143,1.642,0.0
0.125,0.5383333333333333,0.48333333333333334,0.875,1.5986666666666667,0.0
0.07142857142857142,0.44500000000000006,0.5233333333333333,0.2857142857142857,2.736,0.0029370000000000103
0.07692307692307693,0.5266666666666667,0.5266666666666667,0.6153846153846154,2.541333333333333,0.0
0.06666666666666667,0.44333333333333336,0.5,0.2,2.6453333333333333,0.0
0.08333333333333333,0.53,0.5933333333333334,0.6666666666666666,2.5833333333333335,0.0
0.07142857142857142,0.4616666666666667,0.5233333333333333,0.21428571428571427,2.687333333333333,0.0011080000000000063
0.07692307692307693,0.5466666666666666,0.5266666666666667,0.8461538461538461,2.6606666666666667,0.0
0.09090909090909091,0.45,0.5,0.2727272727272727,2.1233333333333335,0.0
1.0,0.4666666666666667,0.43333333333333335,0.0,0.24266666666666667,0.0
0.07692307692307693,0.5266666666666667,0.5266666666666667,0.7692307692307693,2.6146666666666665,0.0
0.1111111111111111,0.4533333333333333,0.5066666666666666,0.1111111111111111,1.72,0.0
0.1111111111111111,0.4533333333333333,0.47333333333333333,0.3333333333333333,1.6806666666666668,0.0
0.07692307692307693,0.5266666666666667,0.5333333333333333,0.6153846153846154,2.654,0.0
0.1111111111111111,0.4533333333333333,0.48000000000000004,0.2222222222222222,1.5926666666666667,0.0
0.09090909090909091,0.43333333333333335,0.5,0.2727272727272727,2.0033333333333334,0.0
0.09090909090909091,0.5333333333333333,0.5333333333333333,0.7272727272727273,2.3313333333333333,0.0
0.08333333333333333,0.4483333333333333,0.4966666666666667,0.3333333333333333,2.240666666666667,0.0
0.1,0.5033333333333333,0.5399999999999999,0.7,2.0673333333333335,0.0
0.1,0.5516666666666666,0.5033333333333333,0.9,2.0553333333333335,0.0
0.1,0.535,0.5033333333333333,0.8,2.009333333333333,0.0
0.07142857142857142,0.4616666666666667,0.49000000000000005,0.42857142857142855,2.5966666666666667,0.0
0.08333333333333333,0.4483333333333333,0.4966666666666667,0.25,2.1066666666666665,0.0
0.09090909090909091,0.5,0.6,0.6363636363636364,2.3193333333333332,0.0
0.1,0.535,0.6,0.7,2.066666666666667,0.0
0.08333333333333333,0.53,0.53,0.6666666666666666,2.512,0.0
0.09090909090909091,0.55,0.5,0.7272727272727273,2.259333333333333,0.0
0.08333333333333333,0.46499999999999997,0.4966666666666667,0.3333333333333333,2.2653333333333334,0.0
0.07692307692307693,0.44666666666666666,0.5266666666666667,0.23076923076923078,2.4446666666666665,0.0
0.09090909090909091,0.5333333333333333,0.4666666666666667,0.8181818181818182,2.098,0.0
0.1,0.475,0.47,0.4,1.9446666666666668,0.0
0.08333333333333333,0.46499999999999997,0.4666666666666667,0.5,2.154,0.0
0.09090909090909091,0.5,0.5333333333333333,0.2727272727272727,1.978,0.0
0.08333333333333333,0.4666666666666667,0.5266666666666667,0.3333333333333333,2.198,0.0
0.07142857142857142,0.4666666666666667,0.5233333333333333,0.35714285714285715,2.728666666666667,0.0
0.1111111111111111,0.5366666666666667,0.4666666666666667,0.7777777777777778,1.6946666666666668,0.0
0.07692307692307693,0.4633333333333333,0.5266666666666667,0.23076923076923078,2.5913333333333335,0.0
0.14285714285714285,0.5733333333333334,0.48000000000000004,0.7142857142857143,1.47,0.0
0.07692307692307693,0.5,0.5266666666666667,0.38461538461538464,2.5446666666666666,0.01942222222222223
0.07142857142857142,0.5616666666666668,0.49000000000000005,0.7857142857142857,2.804666666666667,0.0
0.09090909090909091,0.55,0.43333333333333335,0.9090909090909091,2.144,0.0
0.0625,0.49166666666666664,0.5333333333333333,0.5625,3.132,0.004479629629629636
0.3333333333333333,0.53,0.4,0.3333333333333333,0.576,0.0
0.05555555555555555,0.4716666666666667,0.5333333333333333,0.5,3.502666666666667,0.06861177777777779
0.07692307692307693,0.5233333333333333,0.5266666666666667,0.38461538461538464,2.6026666666666665,0.0
0.1,0.535,0.51,0.5,2.064,0.0
0.14285714285714285,0.5399999999999999,0.4800000000000001,0.5714285714285714,1.4373333333333334,0.0
0.0625,0.45,0.5166666666666667,0.4375,2.993333333333333,0.017030000000000007
0.07692307692307693,0.5266666666666667,0.49333333333333335,0.6153846153846154,2.537333333333333,0.0
0.08333333333333333,0.43166666666666664,0.53,0.3333333333333333,2.424,0.0
0.125,0.43833333333333335,0.5,0.125,1.3646666666666667,0.0
0.25,0.41000000000000003,0.47000000000000003,0.0,0.642,0.0
0.14285714285714285,0.47000000000000003,0.5400000000000001,0.0,1.206,0.0
0.0625,0.5166666666666667,0.5,0.4375,3.1133333333333333,0.08086407407407409
0.058823529411764705,0.5066666666666667,0.5,0.4117647058823529,3.2093333333333334,0.09226962962962963
1.0,0.55,0.4,1.0,0.264,0.0
1.0,0.5333333333333333,0.4,1.0,0.256,0.0
0.06666666666666667,0.46,0.48666666666666664,0.4,2.6926666666666668,0.0
0.3333333333333333,0.31,0.48000000000000004,0.0,0.426,0.0
0.07692307692307693,0.5466666666666666,0.5266666666666667,0.6923076923076923,2.776,0.0
0.06666666666666667,0.46,0.48666666666666664,0.4,2.764666666666667,0.0
0.08333333333333333,0.46499999999999997,0.4666666666666667,0.5,2.226,0.0
0.08333333333333333,0.46499999999999997,0.4666666666666667,0.4166666666666667,2.138,0.0
0.16666666666666666,0.5666666666666667,0.55,0.3333333333333333,1.3926666666666667,0.0
0.14285714285714285,0.5633333333333332,0.5,0.2857142857142857,1.3506666666666667,0.0
0.16666666666666666,0.525,0.55,0.16666666666666666,1.158,0.0
0.1,0.475,0.5033333333333333,0.2,1.984,0.0
0.06666666666666667,0.52,0.5333333333333333,0.6666666666666666,2.9353333333333333,0.0
0.08333333333333333,0.46499999999999997,0.4966666666666667,0.3333333333333333,2.3873333333333333,0.0
0.08333333333333333,0.4633333333333333,0.4966666666666667,0.3333333333333333,2.267333333333333,0.0
0.14285714285714285,0.5533333333333333,0.5,0.2857142857142857,1.3426666666666667,0.0
0.16666666666666666,0.5166666666666667,0.55,0.16666666666666666,1.15,0.0
0.06666666666666667,0.5299999999999999,0.5333333333333333,0.6666666666666666,2.9433333333333334,0.0
0.07692307692307693,0.5400000000000001,0.5266666666666667,0.7692307692307693,2.5006666666666666,0.0
0.07692307692307693,0.5400000000000001,0.5266666666666667,0.7692307692307693,2.6206666666666667,0.0
0.125,0.525,0.6,0.375,1.734,0.0
0.07692307692307693,0.5633333333333332,0.5,0.7692307692307693,2.716,0.0013269629629629625
0.08333333333333333,0.4666666666666667,0.53,0.25,2.3253333333333335,0.0
0.07692307692307693,0.5466666666666666,0.5266666666666667,0.6923076923076923,2.594,0.0
0.1111111111111111,0.5166666666666667,0.5,0.4444444444444444,1.56,0.0
0.09090909090909091,0.55,0.5333333333333333,0.7272727272727273,2.43,0.0
0.07692307692307693,0.5466666666666666,0.5333333333333333,0.6153846153846154,2.726,0.0
0.09090909090909091,0.55,0.5333333333333333,0.7272727272727273,2.283333333333333,0.0
0.07142857142857142,0.545,0.4800000000000001,0.7142857142857143,2.57,0.0
0.16666666666666666,0.5583333333333333,0.55,0.3333333333333333,1.3846666666666667,0.0
0.06666666666666667,0.5299999999999999,0.52,0.6666666666666666,2.8306666666666667,0.0
0.16666666666666666,0.5416666666666666,0.55,0.16666666666666666,1.3446666666666667,0.0
0.07142857142857142,0.535,0.5800000000000001,0.7142857142857143,2.8726666666666665,0.0
0.08333333333333333,0.5483333333333333,0.53,0.75,2.5233333333333334,0.0
0.08333333333333333,0.5483333333333333,0.5933333333333334,0.6666666666666666,2.6553333333333335,0.0
0.125,0.49,0.51,0.25,1.6033333333333333,0.0
0.07692307692307693,0.5466666666666666,0.5666666666666668,0.7692307692307693,2.612,0.0
0.1111111111111111,0.4766666666666667,0.5,0.2222222222222222,1.7133333333333334,0.0
0.14285714285714285,0.5033333333333334,0.5,0.14285714285714285,1.3026666666666666,0.0
0.125,0.5,0.5299999999999999,0.375,1.3673333333333333,0.0
0.16666666666666666,0.48333333333333334,0.55,0.0,1.1366666666666667,0.0
0.125,0.39499999999999996,0.5299999999999999,0.25,1.3933333333333333,0.0
0.125,0.44166666666666665,0.5533333333333333,0.0,1.4326666666666668,0.0
0.09090909090909091,0.55,0.5,0.8181818181818182,2.298,0.0
0.06666666666666667,0.52,0.52,0.8,2.896,0.0
0.06666666666666667,0.5299999999999999,0.52,0.8,2.904,0.0
0.07692307692307693,0.5466666666666666,0.49333333333333335,0.8461538461538461,2.554666666666667,0.0
0.09090909090909091,0.45,0.5,0.36363636363636365,2.1973333333333334,0.0
0.07692307692307693,0.5266666666666667,0.5266666666666667,0.7692307692307693,2.4926666666666666,0.0
0.09090909090909091,0.55,0.5,0.8181818181818182,2.1513333333333335,0.0
0.07692307692307693,0.44666666666666666,0.5266666666666667,0.3076923076923077,2.64,0.0
0.08333333333333333,0.5483333333333333,0.43,0.8333333333333334,2.24,0.0
0.16666666666666666,0.5416666666666666,0.55,0.16666666666666666,1.2246666666666666,0.0
0.07142857142857142,0.4616666666666667,0.5,0.2857142857142857,2.784,0.03674866666666668
0.16666666666666666,0.4083333333333333,0.55,0.0,0.99,0.0
0.07142857142857142,0.4566666666666667,0.49000000000000005,0.42857142857142855,2.4766666666666666,0.0
0.07142857142857142,0.4616666666666667,0.5,0.2857142857142857,2.664,0.015327333333333339
0.16666666666666666,0.475,0.55,0.0,1.11,0.0
0.16666666666666666,0.575,0.48333333333333334,0.6666666666666666,1.206,0.0
0.1,0.5683333333333334,0.51,0.6,2.194,0.0
0.07692307692307693,0.4966666666666667,0.5866666666666667,0.46153846153846156,2.489333333333333,0.0
0.09090909090909091,0.5666666666666667,0.5,0.7272727272727273,2.3313333333333333,0.0
0.2,0.4166666666666667,0.52,0.2,0.9426666666666667,0.0
0.09090909090909091,0.45,0.5,0.36363636363636365,2.022666666666667,0.0
0.07142857142857142,0.5233333333333333,0.5233333333333333,0.7142857142857143,2.8573333333333335,0.0
0.125,0.485,0.4766666666666667,0.5,1.484,0.0
0.2,0.52,0.4,0.6,0.8573333333333333,0.0
0.05,0.5033333333333334,0.5333333333333333,0.55,4.022666666666667,0.13442355555555557
0.05263157894736842,0.48666666666666664,0.5333333333333333,0.5263157894736842,3.7586666666666666,0.09571111111111111
0.0625,0.5416666666666666,0.48333333333333334,0.5,3.042,0.01691203703703704
0.14285714285714285,0.5566666666666666,0.4,0.7142857142857143,1.3773333333333333,0.0
0.16666666666666666,0.5583333333333333,0.4,0.8333333333333334,1.2813333333333334,0.0
0.05263157894736842,0.5366666666666667,0.5066666666666666,0.5263157894736842,3.6473333333333335,0.08825185185185186
0.1111111111111111,0.47333333333333333,0.5066666666666666,0.6666666666666666,1.732,0.0
0.045454545454545456,0.53,0.49666666666666676,0.5909090909090909,4.120666666666667,0.14187511111111115
0.16666666666666666,0.44166666666666665,0.5166666666666667,0.5,1.2586666666666666,0.0
0.0625,0.5416666666666666,0.48333333333333334,0.6875,3.082666666666667,0.0
0.07692307692307693,0.5466666666666666,0.4266666666666667,0.7692307692307693,2.456,0.0
0.07692307692307693,0.43,0.5266666666666667,0.3076923076923077,2.52,0.0
0.1111111111111111,0.5166666666666667,0.52,0.3333333333333333,1.8706666666666667,0.0
0.0625,0.44166666666666665,0.5166666666666667,0.1875,2.8706666666666667,0.02990574074074074
0.14285714285714285,0.5133333333333334,0.48000000000000004,0.42857142857142855,1.4026666666666667,0.0
0.07692307692307693,0.4633333333333333,0.5,0.3076923076923077,2.568,0.003521333333333344
0.08333333333333333,0.53,0.53,0.8333333333333334,2.3966666666666665,0.0
0.1111111111111111,0.5433333333333333,0.52,0.2222222222222222,1.8106666666666666,0.0
0.2,0.55,0.56,0.2,1.1286666666666667,0.0
0.0625,0.5416666666666666,0.5166666666666667,0.6875,3.0866666666666664,0.009846296296296304
0.16666666666666666,0.5166666666666667,0.5,0.16666666666666666,1.0866666666666667,0.0
0.06666666666666667,0.5433333333333333,0.5733333333333334,0.7333333333333333,3.1286666666666667,0.017809259259259268
0.2,0.4266666666666667,0.56,0.0,0.894,0.0
0.0625,0.5583333333333333,0.5166666666666667,0.75,3.3213333333333335,0.07569759259259261
0.07142857142857142,0.545,0.5233333333333333,0.7857142857142857,2.9033333333333333,0.0
0.0625,0.5416666666666666,0.5166666666666667,0.8125,3.16,0.0
0.09090909090909091,0.5,0.5,0.2727272727272727,2.054,0.0
0.0625,0.5416666666666666,0.5333333333333333,0.6875,3.199333333333333,0.013938888888888902
0.09090909090909091,0.5,0.5333333333333333,0.09090909090909091,2.0933333333333333,0.0
0.0625,0.5416666666666666,0.5166666666666667,0.75,3.287333333333333,0.03224722222222223
0.07142857142857142,0.545,0.5233333333333333,0.7857142857142857,2.756666666666667,0.0
0.07142857142857142,0.545,0.5233333333333333,0.7857142857142857,2.8766666666666665,0.0
0.1111111111111111,0.5033333333333334,0.52,0.3333333333333333,1.692,0.0
0.09090909090909091,0.55,0.5,0.8181818181818182,2.271333333333333,0.0
0.07142857142857142,0.5233333333333333,0.5800000000000001,0.7142857142857143,2.8646666666666665,0.0
0.07692307692307693,0.5266666666666667,0.5266666666666667,0.7692307692307693,2.6393333333333335,0.0
0.06666666666666667,0.52,0.52,0.7333333333333333,3.0233333333333334,0.0
0.07692307692307693,0.5633333333333332,0.5266666666666667,0.6923076923076923,2.848,0.018214444444444453
0.07692307692307693,0.5466666666666666,0.5266666666666667,0.6923076923076923,2.814,0.0
0.09090909090909091,0.55,0.5333333333333333,0.7272727272727273,2.4033333333333333,0.0
0.14285714285714285,0.5333333333333333,0.56,0.2857142857142857,1.6453333333333333,0.0
0.08333333333333333,0.5483333333333333,0.43,0.8333333333333334,2.36,0.0
0.07692307692307693,0.5466666666666666,0.5,0.6923076923076923,2.481333333333333,0.0
0.125,0.525,0.5533333333333333,0.125,1.6673333333333333,0.0
0.1111111111111111,0.4766666666666667,0.5,0.3333333333333333,1.586,0.0
0.09090909090909091,0.4666666666666667,0.5333333333333333,0.09090909090909091,2.188,0.0
0.06666666666666667,0.5533333333333333,0.52,0.7333333333333333,3.0573333333333332,0.03606503703703704
0.125,0.4533333333333333,0.5299999999999999,0.125,1.5206666666666666,0.0
0.07142857142857142,0.545,0.5033333333333334,0.7142857142857143,2.6826666666666665,0.0
0.1111111111111111,0.4766666666666667,0.5066666666666666,0.1111111111111111,1.6253333333333333,0.0
0.07692307692307693,0.5466666666666666,0.5,0.7692307692307693,2.682,0.0
0.125,0.525,0.5299999999999999,0.25,1.7553333333333334,0.0
0.14285714285714285,0.5033333333333334,0.5,0.14285714285714285,1.1826666666666668,0.0
0.14285714285714285,0.5733333333333334,0.48000000000000004,0.7142857142857143,1.462,0.0
0.058823529411764705,0.5133333333333333,0.5333333333333333,0.5882352941176471,3.396,0.0408157037037037
0.25,0.5316666666666667,0.38999999999999996,0.75,0.7613333333333333,0.0
0.0625,0.49166666666666664,0.5333333333333333,0.5625,3.14,0.013919629629629634
0.16666666666666666,0.55,0.4,0.6666666666666666,1.1133333333333333,0.0
0.05263157894736842,0.48666666666666664,0.5333333333333333,0.5263157894736842,3.7666666666666666,0.10505511111111111
0.2,0.5533333333333333,0.4,0.8,1.0173333333333334,0.0
0.1,0.505,0.5033333333333333,0.7,1.996,0.0
0.08333333333333333,0.5283333333333334,0.4966666666666667,0.5833333333333334,2.3453333333333335,0.0
0.07692307692307693,0.49333333333333335,0.5266666666666667,0.5384615384615384,2.534666666666667,0.0
0.1111111111111111,0.5533333333333333,0.44000000000000006,0.7777777777777778,1.8866666666666667,0.0
0.05263157894736842,0.5366666666666667,0.5066666666666666,0.5789473684210527,3.6213333333333333,0.07829370370370373
0.08333333333333333,0.4966666666666667,0.53,0.25,2.4093333333333335,0.0
0.07692307692307693,0.44666666666666666,0.5266666666666667,0.07692307692307693,2.3713333333333333,0.0
0.06666666666666667,0.52,0.52,0.6666666666666666,2.8226666666666667,0.0
0.07692307692307693,0.5466666666666666,0.5266666666666667,0.6153846153846154,2.6133333333333333,0.0
0.125,0.525,0.5299999999999999,0.375,1.628,0.0
0.08333333333333333,0.5483333333333333,0.43333333333333335,0.8333333333333334,2.3866666666666667,0.0
0.07692307692307693,0.5466666666666666,0.5266666666666667,0.7692307692307693,2.6866666666666665,0.0
0.07142857142857142,0.545,0.4666666666666667,0.8571428571428571,2.6433333333333335,0.0
0.08333333333333333,0.5633333333333332,0.5900000000000001,0.5833333333333334,2.5353333333333334,0.0
0.1,0.5683333333333334,0.51,0.7,2.0673333333333335,0.0
0.09090909090909091,0.45,0.4666666666666667,0.45454545454545453,1.8953333333333333,0.0
0.07142857142857142,0.5233333333333333,0.5233333333333333,0.6428571428571429,2.9846666666666666,0.0
0.125,0.485,0.4666666666666667,0.625,1.3566666666666667,0.0
0.058823529411764705,0.5133333333333333,0.5333333333333333,0.5294117647058824,3.5233333333333334,0.07457022222222223
0.047619047619047616,0.5,0.5333333333333333,0.5238095238095238,4.118666666666667,0.14633333333333334
0.0625,0.49166666666666664,0.5333333333333333,0.5,3.267333333333333,0.04624944444444445
0.05555555555555555,0.49833333333333335,0.51,0.5,3.3833333333333333,0.04686548148148149
0.08333333333333333,0.5283333333333334,0.4666666666666667,0.6666666666666666,2.218,0.0
0.0625,0.48333333333333334,0.5166666666666667,0.5,3.1613333333333333,0.039944814814814815
0.058823529411764705,0.48000000000000004,0.5133333333333333,0.47058823529411764,3.2573333333333334,0.05195733333333334
0.07692307692307693,0.5466666666666666,0.4666666666666667,0.6923076923076923,2.482,0.0
0.1,0.5516666666666666,0.41999999999999993,0.7,1.9826666666666666,0.0
0.3333333333333333,0.45666666666666667,0.5266666666666667,0.3333333333333333,0.7593333333333333,0.0
0.05263157894736842,0.5366666666666667,0.4799999999999999,0.631578947368421,3.494,0.043004888888888905
0.0625,0.5416666666666666,0.4666666666666667,0.75,2.9553333333333334,0.0
0.1111111111111111,0.44,0.5333333333333333,0.2222222222222222,1.9246666666666667,0.0
0.07692307692307693,0.44333333333333336,0.5266666666666667,0.15384615384615385,2.244,0.0
0.14285714285714285,0.5133333333333334,0.5,0.2857142857142857,1.53,0.0
0.1,0.4783333333333333,0.5033333333333333,0.2,2.0686666666666667,0.0
0.125,0.4266666666666667,0.48666666666666664,0.25,1.35,0.0
0.08333333333333333,0.53,0.5933333333333334,0.4166666666666667,2.536,0.0
0.16666666666666666,0.48333333333333334,0.5166666666666667,0.3333333333333333,1.2066666666666668,0.0
0.05555555555555555,0.51,0.4866666666666667,0.6111111111111112,3.23,0.004964000000000006
0.058823529411764705,0.49,0.49333333333333335,0.5882352941176471,2.974,0.0
0.125,0.5383333333333333,0.51,0.5,1.906,0.0
0.09090909090909091,0.45,0.4666666666666667,0.45454545454545453,1.8233333333333333,0.0
0.07142857142857142,0.545,0.5233333333333333,0.6428571428571429,3.0566666666666666,0.020261888888888892
0.1111111111111111,0.5166666666666667,0.52,0.6666666666666666,1.7393333333333334,0.0
0.08333333333333333,0.5483333333333333,0.53,0.5,2.476,0.0
0.05,0.5033333333333334,0.5333333333333333,0.55,3.876,0.10659481481481484
0.2,0.5266666666666667,0.42,0.6,1.004,0.0
0.2,0.53,0.42,0.8,0.8333333333333334,0.0
0.05,0.4883333333333334,0.5333333333333333,0.5,4.046666666666667,0.15349944444444447
0.14285714285714285,0.5466666666666666,0.5133333333333333,0.7142857142857143,1.534,0.0
0.125,0.525,0.5299999999999999,0.5,1.602,0.0
0.1,0.5533333333333333,0.51,0.6,2.122,0.0
0.09090909090909091,0.48333333333333334,0.5333333333333333,0.5454545454545454,2.0933333333333333,0.0
0.08333333333333333,0.4266666666666667,0.5,0.25,2.116,0.0
0.125,0.5016666666666666,0.51,0.125,1.658,0.0
0.07692307692307693,0.5266666666666667,0.5266666666666667,0.7692307692307693,2.6126666666666667,0.0
0.25,0.30666666666666664,0.47000000000000003,0.0,0.522,0.0
0.06666666666666667,0.4799999999999999,0.5,0.6666666666666666,2.8773333333333335,0.0
0.14285714285714285,0.48000000000000004,0.5400000000000001,0.0,1.2326666666666666,0.0
0.07692307692307693,0.45,0.5,0.3076923076923077,2.541333333333333,0.0
0.06666666666666667,0.4799999999999999,0.52,0.26666666666666666,3.009333333333333,0.07656533333333333
0.05263157894736842,0.5066666666666666,0.5066666666666666,0.5263157894736842,3.602,0.06468444444444445
0.16666666666666666,0.5083333333333333,0.5166666666666667,0.6666666666666666,1.278,0.0
0.08333333333333333,0.49500000000000005,0.4966666666666667,0.75,2.2506666666666666,0.0
0.1,0.4683333333333334,0.5399999999999999,0.3,1.9993333333333334,0.0
0.07142857142857142,0.545,0.4666666666666667,0.7857142857142857,2.6646666666666667,0.0
0.125,0.43166666666666664,0.48666666666666664,0.25,1.3766666666666667,0.0
0.08333333333333333,0.5283333333333334,0.5333333333333333,0.4166666666666667,2.5193333333333334,0.0
0.0625,0.48333333333333334,0.5166666666666667,0.25,3.252,0.11619333333333333
0.1111111111111111,0.5366666666666667,0.5466666666666666,0.5555555555555556,1.9806666666666666,0.0
0.06666666666666667,0.4799999999999999,0.48666666666666664,0.6,2.683333333333333,0.0
0.14285714285714285,0.5133333333333333,0.5400000000000001,0.14285714285714285,1.366,0.0
0.07692307692307693,0.43,0.5,0.23076923076923078,2.3333333333333335,0.0
0.08333333333333333,0.4983333333333333,0.5900000000000001,0.25,2.376,0.0
0.125,0.525,0.5533333333333333,0.25,1.8613333333333333,0.0
0.047619047619047616,0.5333333333333333,0.5,0.6190476190476191,4.051333333333333,0.13385481481481482
0.125,0.44333333333333336,0.4766666666666667,0.375,1.4646666666666666,0.0
0.09090909090909091,0.5333333333333333,0.5333333333333333,0.6363636363636364,2.262,0.0
0.07692307692307693,0.4866666666666667,0.49333333333333335,0.5384615384615384,2.402,0.0
0.07692307692307693,0.48000000000000004,0.5333333333333333,0.46153846153846156,2.5446666666666666,0.0
0.09090909090909091,0.5333333333333333,0.4666666666666667,0.7272727272727273,2.1193333333333335,0.0
0.1111111111111111,0.5166666666666667,0.52,0.4444444444444444,1.818,0.0
0.08333333333333333,0.48166666666666663,0.53,0.5833333333333334,2.5366666666666666,0.0
0.08333333333333333,0.53,0.4666666666666667,0.5833333333333334,2.1273333333333335,0.0
0.1,0.5383333333333333,0.51,0.2,2.026666666666667,0.0
0.06666666666666667,0.52,0.5066666666666666,0.6,2.732666666666667,0.0
0.08333333333333333,0.49500000000000005,0.5,0.16666666666666666,2.3973333333333335,0.014927000000000011
0.16666666666666666,0.4583333333333333,0.48333333333333334,0.16666666666666666,1.1813333333333333,0.0
0.09090909090909091,0.4666666666666667,0.5,0.36363636363636365,2.171333333333333,0.0
0.1,0.47,0.5399999999999999,0.1,1.972,0.0
0.09090909090909091,0.4166666666666667,0.5333333333333333,0.18181818181818182,1.932,0.0
0.07142857142857142,0.4283333333333334,0.5233333333333333,0.21428571428571427,2.558666666666667,0.0
0.1111111111111111,0.5533333333333333,0.43333333333333335,0.7777777777777778,1.6213333333333333,0.0
0.1111111111111111,0.36333333333333334,0.5066666666666666,0.2222222222222222,1.464,0.0
0.09090909090909091,0.5,0.5,0.18181818181818182,2.31,0.0
0.05,0.535,0.5033333333333334,0.6,3.962666666666667,0.15127422222222223
0.25,0.47833333333333333,0.5400000000000001,0.5,0.7013333333333334,0.0
0.06666666666666667,0.56,0.52,0.6,3.144,0.10301511111111113
0.14285714285714285,0.5033333333333334,0.5400000000000001,0.42857142857142855,1.2873333333333334,0.0
0.16666666666666666,0.5166666666666667,0.5166666666666667,0.3333333333333333,1.3933333333333333,0.0
0.0625,0.5416666666666666,0.55,0.625,3.038,0.007571296296296299
0.07142857142857142,0.545,0.49000000000000005,0.7857142857142857,2.7706666666666666,0.0
0.1,0.42166666666666663,0.5333333333333333,0.3,1.8933333333333333,0.0
0.1,0.5516666666666666,0.5033333333333333,0.8,2.0153333333333334,0.0
0.08333333333333333,0.53,0.5900000000000001,0.3333333333333333,2.416,0.0
0.125,0.44333333333333336,0.51,0.125,1.504,0.0
0.16666666666666666,0.3333333333333333,0.48333333333333334,0.3333333333333333,0.9253333333333333,0.0
0.07142857142857142,0.49000000000000005,0.5233333333333333,0.14285714285714285,2.8486666666666665,0.070658
0.1,0.47,0.51,0.3,1.9326666666666668,0.0
0.1111111111111111,0.5700000000000001,0.5066666666666666,0.5555555555555556,1.9386666666666668,0.0
0.1,0.535,0.6,0.4,2.0193333333333334,0.0
0.0625,0.5416666666666666,0.48333333333333334,0.625,3.021333333333333,0.0
0.1111111111111111,0.38,0.5,0.3333333333333333,1.552,0.0
0.3333333333333333,0.4166666666666667,0.5266666666666667,0.3333333333333333,0.6126666666666667,0.0
0.07692307692307693,0.5633333333333332,0.49333333333333335,0.6153846153846154,2.6273333333333335,0.010678296296296297
0.1111111111111111,0.49333333333333335,0.5466666666666666,0.4444444444444444,1.804,0.0
0.05263157894736842,0.5366666666666667,0.5066666666666666,0.7368421052631579,3.7866666666666666,0.09731555555555557
0.2,0.44666666666666666,0.49333333333333335,0.0,0.8773333333333333,0.0
0.1,0.4883333333333333,0.5399999999999999,0.5,2.247333333333333,0.0
0.07142857142857142,0.535,0.4666666666666667,0.6428571428571429,2.4166666666666665,0.0
0.09090909090909091,0.48333333333333334,0.5,0.36363636363636365,2.1566666666666667,0.0
0.1,0.5366666666666667,0.5399999999999999,0.7,2.0193333333333334,0.0
0.07142857142857142,0.49000000000000005,0.49000000000000005,0.5,2.6446666666666667,0.0
0.125,0.4983333333333333,0.5533333333333333,0.5,1.7166666666666666,0.0
0.0625,0.525,0.48333333333333334,0.625,2.9473333333333334,0.0
0.09090909090909091,0.5,0.5,0.6363636363636364,2.204,0.0
0.07692307692307693,0.53,0.5266666666666667,0.5384615384615384,2.46,0.0
0.09090909090909091,0.5333333333333333,0.5333333333333333,0.45454545454545453,2.1706666666666665,0.0
0.07692307692307693,0.5266666666666667,0.49333333333333335,0.7692307692307693,2.506666666666667,0.0
0.09090909090909091,0.4666666666666667,0.5333333333333333,0.36363636363636365,2.1573333333333333,0.0
0.07142857142857142,0.4516666666666667,0.5233333333333333,0.2857142857142857,2.5833333333333335,0.0
0.2,0.52,0.52,0.8,1.062,0.0
0.08333333333333333,0.53,0.4966666666666667,0.6666666666666666,2.3693333333333335,0.0
0.1,0.4933333333333333,0.51,0.3,1.908,0.0
0.14285714285714285,0.5533333333333333,0.5400000000000001,0.2857142857142857,1.6006666666666667,0.0
0.06666666666666667,0.49333333333333335,0.5,0.6,2.6766666666666667,0.0
0.1111111111111111,0.4733333333333334,0.5066666666666666,0.6666666666666666,1.6573333333333333,0.0
0.06666666666666667,0.52,0.52,0.5333333333333333,3.006666666666667,0.0
0.058823529411764705,0.5399999999999999,0.5133333333333333,0.5294117647058824,3.3426666666666667,0.06708
0.14285714285714285,0.49,0.5000000000000001,0.7142857142857143,1.3213333333333332,0.0
0.05,0.535,0.5333333333333333,0.55,3.948,0.13773277777777782
0.25,0.49,0.43333333333333335,0.75,0.716,0.0
0.1111111111111111,0.48333333333333334,0.48000000000000004,0.3333333333333333,1.7606666666666666,0.0
0.08333333333333333,0.46499999999999997,0.53,0.3333333333333333,2.3733333333333335,0.0
0.1,0.42999999999999994,0.5333333333333333,0.4,1.9146666666666667,0.0
0.1,0.5383333333333333,0.51,0.3,2.227333333333333,0.0
0.1111111111111111,0.46,0.52,0.2222222222222222,1.6093333333333333,0.0
0.07692307692307693,0.5266666666666667,0.5800000000000001,0.38461538461538464,2.832666666666667,0.036012296296296306
0.1111111111111111,0.5133333333333333,0.44666666666666666,0.6666666666666666,1.4446666666666668,0.0
0.07692307692307693,0.5266666666666667,0.4866666666666667,0.6923076923076923,2.306,0.0
0.125,0.5549999999999999,0.4766666666666667,0.625,1.532,0.0
0.07142857142857142,0.5233333333333333,0.5,0.5714285714285714,2.838,0.005663629629629635
0.0625,0.49166666666666664,0.5166666666666667,0.625,3.22,0.021097962962962968
0.07692307692307693,0.4966666666666667,0.49333333333333335,0.6923076923076923,2.466666666666667,0.0
0.2,0.4666666666666667,0.52,0.8,0.99,0.0
0.058823529411764705,0.49,0.5133333333333333,0.5882352941176471,3.316,0.03357044444444446
0.14285714285714285,0.5566666666666666,0.4733333333333334,0.5714285714285714,1.348,0.0
0.08333333333333333,0.4983333333333333,0.4966666666666667,0.75,2.2506666666666666,0.0
0.08333333333333333,0.5266666666666667,0.53,0.4166666666666667,2.4133333333333336,0.0
0.1,0.42166666666666663,0.5033333333333333,0.3,1.7806666666666666,0.0
0.1,0.5533333333333333,0.5399999999999999,0.2,2.1473333333333335,0.0
0.09090909090909091,0.5,0.5,0.6363636363636364,2.1773333333333333,0.0
0.07692307692307693,0.5333333333333333,0.5266666666666667,0.5384615384615384,2.6066666666666665,0.0
0.1111111111111111,0.5366666666666667,0.5466666666666666,0.4444444444444444,1.88,0.0
0.05555555555555555,0.4766666666666667,0.5333333333333333,0.2222222222222222,3.448,0.15141051851851853
0.14285714285714285,0.4366666666666667,0.5333333333333333,0.14285714285714285,1.394,0.0
0.16666666666666666,0.44166666666666665,0.5166666666666667,0.16666666666666666,1.1853333333333333,0.0
0.1111111111111111,0.4266666666666667,0.5333333333333333,0.3333333333333333,1.7973333333333332,0.0
0.1111111111111111,0.5366666666666667,0.47333333333333333,0.6666666666666666,1.836,0.0
0.07692307692307693,0.4666666666666667,0.5333333333333333,0.38461538461538464,2.498666666666667,0.0
0.06666666666666667,0.5433333333333333,0.5,0.6,3.102,0.04413074074074075
0.1111111111111111,0.4166666666666667,0.5333333333333333,0.3333333333333333,1.6506666666666667,0.0
0.07692307692307693,0.5266666666666667,0.49333333333333335,0.6153846153846154,2.684,0.0
0.14285714285714285,0.47333333333333333,0.5400000000000001,0.2857142857142857,1.2473333333333334,0.0
0.1,0.535,0.5033333333333333,0.7,2.1366666666666667,0.0
0.1111111111111111,0.5700000000000001,0.47333333333333333,0.7777777777777778,1.6793333333333333,0.0
0.14285714285714285,0.4366666666666667,0.5133333333333333,0.42857142857142855,1.3546666666666667,0.0
0.09090909090909091,0.4666666666666667,0.5333333333333333,0.36363636363636365,1.9553333333333334,0.0
0.09090909090909091,0.5333333333333333,0.5,0.6363636363636364,2.3793333333333333,0.0
0.125,0.4716666666666667,0.5066666666666666,0.5,1.4166666666666667,0.0
0.07142857142857142,0.5233333333333333,0.5233333333333333,0.5,2.918,0.0063032592592592715
0.09090909090909091,0.5333333333333333,0.5,0.2727272727272727,2.283333333333333,0.0
0.05555555555555555,0.5549999999999999,0.51,0.6111111111111112,3.8106666666666666,0.19464466666666663
0.25,0.4216666666666667,0.48000000000000004,0.0,0.6686666666666666,0.0
0.08333333333333333,0.4983333333333333,0.5900000000000001,0.25,2.256,0.0
0.1,0.4616666666666666,0.47333333333333333,0.5,1.7993333333333332,0.0
0.1,0.4683333333333334,0.5399999999999999,0.4,1.8593333333333333,0.0
0.07142857142857142,0.545,0.5,0.5714285714285714,3.04,0.06642944444444446
0.08333333333333333,0.53,0.4966666666666667,0.5,2.288666666666667,0.0
0.09090909090909091,0.5333333333333333,0.5,0.5454545454545454,2.3306666666666667,0.0
0.08333333333333333,0.5483333333333333,0.4633333333333333,0.75,2.408,0.0
0.08333333333333333,0.46499999999999997,0.5333333333333333,0.4166666666666667,2.376,0.0
0.1,0.4683333333333334,0.5399999999999999,0.3,1.9726666666666666,0.0
0.08333333333333333,0.53,0.4966666666666667,0.5,2.4013333333333335,0.0
0.1,0.42,0.5333333333333333,0.3,1.8666666666666667,0.0
0.1,0.535,0.5399999999999999,0.4,2.374,0.0
0.09090909090909091,0.55,0.5,0.45454545454545453,2.566666666666667,0.010254444444444455
0.09090909090909091,0.55,0.5,0.6363636363636364,2.4513333333333334,0.0
0.07692307692307693,0.48000000000000004,0.52,0.5384615384615384,2.212666666666667,0.0
0.1111111111111111,0.5366666666666667,0.5066666666666666,0.4444444444444444,2.002,0.0
0.07692307692307693,0.48000000000000004,0.52,0.5384615384615384,2.332666666666667,0.0
0.09090909090909091,0.5333333333333333,0.5,0.5454545454545454,2.4053333333333335,0.0
0.09090909090909091,0.48333333333333334,0.5333333333333333,0.45454545454545453,1.9293333333333333,0.0
0.09090909090909091,0.5333333333333333,0.5333333333333333,0.36363636363636365,2.4446666666666665,0.0
0.09090909090909091,0.48333333333333334,0.4666666666666667,0.6363636363636364,1.89,0.0
0.09090909090909091,0.5333333333333333,0.5,0.5454545454545454,2.1786666666666665,0.0
0.1,0.535,0.5399999999999999,0.6,2.220666666666667,0.0
0.1111111111111111,0.5366666666666667,0.5066666666666666,0.6666666666666666,1.9686666666666666,0.0
0.07692307692307693,0.46,0.5266666666666667,0.38461538461538464,2.366,0.0
0.09090909090909091,0.5333333333333333,0.5,0.7272727272727273,2.252,0.0
0.09090909090909091,0.5333333333333333,0.5333333333333333,0.5454545454545454,2.291333333333333,0.0
0.09090909090909091,0.4666666666666667,0.5,0.45454545454545453,2.0433333333333334,0.0
0.07692307692307693,0.49333333333333335,0.5,0.46153846153846156,2.5493333333333332,0.0
0.08333333333333333,0.5,0.53,0.5,2.5913333333333335,0.0
0.07692307692307693,0.5400000000000001,0.5,0.5384615384615384,2.784,0.038172000000000025
0.09090909090909091,0.5,0.5,0.5454545454545454,2.3393333333333333,0.0
0.09090909090909091,0.48333333333333334,0.5333333333333333,0.45454545454545453,1.9953333333333334,0.0
0.09090909090909091,0.5,0.5,0.5454545454545454,2.219333333333333,0.0
0.1111111111111111,0.49333333333333335,0.5466666666666666,0.3333333333333333,1.712,0.0
0.07692307692307693,0.49333333333333335,0.5266666666666667,0.46153846153846156,2.662,0.0
0.07692307692307693,0.49333333333333335,0.5,0.46153846153846156,2.541333333333333,0.0
0.08333333333333333,0.5,0.53,0.5,2.5833333333333335,0.0
0.07692307692307693,0.5266666666666667,0.5,0.5384615384615384,2.776,0.027117481481481485
0.07692307692307693,0.5266666666666667,0.5,0.6923076923076923,2.6606666666666667,0.0
0.09090909090909091,0.5,0.5,0.5454545454545454,2.3313333333333333,0.0
0.09090909090909091,0.48333333333333334,0.5333333333333333,0.45454545454545453,2.0033333333333334,0.0
0.09090909090909091,0.48333333333333334,0.5333333333333333,0.45454545454545453,2.1233333333333335,0.0
0.07692307692307693,0.49333333333333335,0.5,0.6153846153846154,2.6146666666666665,0.0
0.1111111111111111,0.4966666666666667,0.5466666666666666,0.3333333333333333,1.72,0.0
0.07692307692307693,0.49333333333333335,0.5266666666666667,0.46153846153846156,2.654,0.0
0.1111111111111111,0.4966666666666667,0.49333333333333335,0.5555555555555556,1.6806666666666668,0.0
0.07692307692307693,0.4966666666666667,0.5266666666666667,0.6153846153846154,2.720666666666667,0.0
0.1111111111111111,0.47000000000000003,0.48000000000000004,0.3333333333333333,1.614,0.0
0.07692307692307693,0.5266666666666667,0.5,0.5384615384615384,2.562666666666667,0.0
0.08333333333333333,0.53,0.53,0.5833333333333334,2.6046666666666667,0.0
0.07692307692307693,0.5466666666666666,0.5,0.6153846153846154,2.7973333333333334,0.022413333333333337
0.09090909090909091,0.5333333333333333,0.5,0.6363636363636364,2.3526666666666665,0.0
0.09090909090909091,0.4666666666666667,0.5333333333333333,0.36363636363636365,1.982,0.0
0.09090909090909091,0.5333333333333333,0.5,0.6363636363636364,2.232666666666667,0.0
0.09090909090909091,0.4666666666666667,0.5333333333333333,0.36363636363636365,2.102,0.0
0.1111111111111111,0.47,0.5466666666666666,0.2222222222222222,1.6986666666666668,0.0
0.07692307692307693,0.5266666666666667,0.5266666666666667,0.5384615384615384,2.675333333333333,0.0
0.09090909090909091,0.5333333333333333,0.5,0.36363636363636365,2.332,0.0
0.07692307692307693,0.4566666666666667,0.5266666666666667,0.3076923076923077,2.1653333333333333,0.0
0.09090909090909091,0.4666666666666667,0.5333333333333333,0.18181818181818182,1.882,0.0
0.09090909090909091,0.4666666666666667,0.5,0.36363636363636365,1.8426666666666667,0.0
0.09090909090909091,0.4166666666666667,0.5,0.18181818181818182,1.776,0.0
0.08333333333333333,0.48166666666666663,0.5933333333333334,0.3333333333333333,2.207333333333333,0.0
0.08333333333333333,0.48166666666666663,0.5933333333333334,0.3333333333333333,2.3273333333333333,0.0
0.1,0.48500000000000004,0.6,0.2,1.924,0.0
0.08333333333333333,0.5483333333333333,0.4966666666666667,0.5833333333333334,2.5233333333333334,0.0
0.09090909090909091,0.55,0.5,0.6363636363636364,2.4133333333333336,0.0
0.07692307692307693,0.48000000000000004,0.5266666666666667,0.38461538461538464,2.4,0.0
0.09090909090909091,0.48333333333333334,0.5333333333333333,0.2727272727272727,2.1166666666666667,0.0
0.09090909090909091,0.48333333333333334,0.5,0.45454545454545453,2.0773333333333333,0.0
0.07692307692307693,0.5400000000000001,0.5,0.6923076923076923,2.6686666666666667,0.0
0.07692307692307693,0.48000000000000004,0.52,0.5384615384615384,2.284666666666667,0.0
0.07692307692307693,0.48000000000000004,0.52,0.5384615384615384,2.4046666666666665,0.0
0.09090909090909091,0.48333333333333334,0.5333333333333333,0.45454545454545453,2.001333333333333,0.0
0.1,0.535,0.47,0.6,2.078666666666667,0.0
0.07692307692307693,0.4633333333333333,0.5266666666666667,0.38461538461538464,2.486,0.0
0.09090909090909091,0.48333333333333334,0.5333333333333333,0.45454545454545453,2.1153333333333335,0.0
0.09090909090909091,0.5,0.5,0.5454545454545454,2.211333333333333,0.0
0.07692307692307693,0.48000000000000004,0.5266666666666667,0.38461538461538464,2.52,0.0
0.08333333333333333,0.53,0.4666666666666667,0.6666666666666666,2.362,0.0
0.07692307692307693,0.5266666666666667,0.5,0.6923076923076923,2.636,0.0
0.1,0.4683333333333334,0.5399999999999999,0.5,1.9333333333333333,0.0
0.1111111111111111,0.49333333333333335,0.49333333333333335,0.5555555555555556,1.6726666666666667,0.0
0.1,0.48500000000000004,0.6,0.4,1.8846666666666667,0.0
0.09090909090909091,0.48333333333333334,0.4666666666666667,0.6363636363636364,1.962,0.0
0.08333333333333333,0.53,0.4966666666666667,0.6666666666666666,2.468,0.0
0.09090909090909091,0.5333333333333333,0.5333333333333333,0.5454545454545454,2.5113333333333334,0.0
0.1,0.45499999999999996,0.5399999999999999,0.2,1.818,0.0
0.09090909090909091,0.45,0.5,0.2727272727272727,2.010666666666667,0.0
0.07142857142857142,0.5233333333333333,0.5,0.42857142857142855,2.756666666666667,0.0001511851851851879
0.058823529411764705,0.5399999999999999,0.5,0.4117647058823529,3.417333333333333,0.1425
0.1111111111111111,0.5366666666666667,0.5,0.3333333333333333,1.8153333333333332,0.0
0.125,0.52,0.51,0.875,1.5353333333333334,0.0
0.07142857142857142,0.5466666666666667,0.5,0.6428571428571429,2.8226666666666667,0.03734340740740742
0.125,0.5383333333333333,0.5299999999999999,0.25,1.6566666666666667,0.0
0.09090909090909091,0.55,0.5,0.2727272727272727,2.3173333333333335,0.0
0.058823529411764705,0.5466666666666666,0.5133333333333333,0.5882352941176471,3.546666666666667,0.15323674074074073
0.2,0.5166666666666667,0.47333333333333333,0.2,0.9326666666666666,0.0
0.08333333333333333,0.53,0.5,0.75,2.418,0.0
0.1,0.5533333333333333,0.51,0.2,2.0613333333333332,0.0
0.0625,0.5583333333333333,0.5,0.6875,3.3426666666666667,0.10603370370370371
0.08333333333333333,0.4616666666666667,0.5333333333333333,0.4166666666666667,2.256,0.0
0.09090909090909091,0.4666666666666667,0.5333333333333333,0.45454545454545453,2.16,0.0
0.07142857142857142,0.5233333333333333,0.4666666666666667,0.5714285714285714,2.674,0.0
0.2,0.4766666666666667,0.5733333333333334,0.6,1.122,0.0
0.058823529411764705,0.5133333333333333,0.48000000000000004,0.47058823529411764,3.212666666666667,0.034108148148148144
0.14285714285714285,0.5399999999999999,0.48000000000000004,0.42857142857142855,1.6053333333333333,0.0
0.07142857142857142,0.4783333333333334,0.5333333333333333,0.5714285714285714,2.6333333333333333,0.0
0.125,0.5383333333333333,0.4766666666666667,0.375,1.7013333333333334,0.0
0.09090909090909091,0.5333333333333333,0.4666666666666667,0.45454545454545453,2.2006666666666668,0.0
0.125,0.48833333333333334,0.5533333333333333,0.75,1.5953333333333333,0.0
0.05555555555555555,0.4716666666666667,0.5333333333333333,0.5,3.356,0.04253385185185186
0.25,0.545,0.4233333333333333,0.5,0.9786666666666667,0.0
0.058823529411764705,0.47333333333333333,0.5333333333333333,0.5294117647058824,3.26,0.03056681481481482
0.2,0.5433333333333333,0.42,0.4,1.0746666666666667,0.0
0.07142857142857142,0.4783333333333334,0.5333333333333333,0.5,2.760666666666667,0.0
0.05263157894736842,0.48666666666666664,0.5333333333333333,0.5263157894736842,3.612,0.06880385185185185
0.3333333333333333,0.5333333333333333,0.4266666666666667,0.3333333333333333,0.7226666666666667,0.0
0.05555555555555555,0.48833333333333334,0.5333333333333333,0.5555555555555556,3.516,0.05653814814814815
0.06666666666666667,0.49333333333333335,0.5333333333333333,0.5333333333333333,3.0166666666666666,0.0
0.14285714285714285,0.5,0.4666666666666667,0.42857142857142855,1.318,0.0
0.0625,0.5166666666666667,0.5333333333333333,0.5625,3.280666666666667,0.033261851851851855
0.08333333333333333,0.4616666666666667,0.53,0.3333333333333333,2.0693333333333332,0.0
0.1,0.5683333333333334,0.51,0.4,1.986,0.0
0.1111111111111111,0.47,0.5466666666666666,0.2222222222222222,1.57,0.0
0.07692307692307693,0.5533333333333333,0.49333333333333335,0.46153846153846156,2.485333333333333,0.0
0.0625,0.5333333333333333,0.5166666666666667,0.375,3.024,0.07811555555555556
0.06666666666666667,0.4766666666666667,0.5733333333333334,0.26666666666666666,2.6333333333333333,0.0
0.14285714285714285,0.5733333333333334,0.48000000000000004,0.5714285714285714,1.422,0.0
0.07142857142857142,0.4783333333333334,0.5800000000000001,0.2857142857142857,2.537333333333333,0.0
0.09090909090909091,0.48333333333333334,0.6,0.18181818181818182,2.038,0.0
0.05555555555555555,0.48833333333333334,0.5533333333333333,0.2777777777777778,3.294,0.10009748148148148
0.058823529411764705,0.49,0.56,0.29411764705882354,3.198,0.08789511111111112
0.07142857142857142,0.49500000000000005,0.5800000000000001,0.21428571428571427,2.6986666666666665,0.028501000000000005
0.1111111111111111,0.5366666666666667,0.47333333333333333,0.6666666666666666,1.8626666666666667,0.0
0.07692307692307693,0.4633333333333333,0.5333333333333333,0.38461538461538464,2.472,0.0
0.07142857142857142,0.4783333333333334,0.5133333333333334,0.5,2.4286666666666665,0.0
0.08333333333333333,0.48166666666666663,0.5266666666666667,0.4166666666666667,2.211333333333333,0.0
0.1,0.5033333333333333,0.5033333333333333,0.6,2.1153333333333335,0.0
0.08333333333333333,0.48166666666666663,0.5266666666666667,0.4166666666666667,2.219333333333333,0.0
0.07142857142857142,0.5233333333333333,0.5,0.5,2.8053333333333335,0.002349185185185193
0.07142857142857142,0.4616666666666667,0.5233333333333333,0.2857142857142857,2.3813333333333335,0.0
0.07692307692307693,0.5266666666666667,0.5266666666666667,0.5384615384615384,2.8473333333333333,0.010053481481481491
0.07692307692307693,0.48000000000000004,0.5866666666666667,0.3076923076923077,2.4233333333333333,0.0
0.07142857142857142,0.4783333333333334,0.5233333333333333,0.35714285714285715,2.616,0.0
0.07142857142857142,0.545,0.5,0.7142857142857143,2.9246666666666665,0.0039240000000000065
0.1,0.4683333333333334,0.5399999999999999,0.4,1.7393333333333334,0.0
0.08333333333333333,0.53,0.5,0.5833333333333334,2.5953333333333335,0.0
0.08333333333333333,0.53,0.5,0.5833333333333334,2.4753333333333334,0.0
0.125,0.4716666666666667,0.5533333333333333,0.25,1.456,0.0
0.07142857142857142,0.5233333333333333,0.5,0.6428571428571429,2.8786666666666667,0.0
0.08333333333333333,0.53,0.49333333333333335,0.5833333333333334,2.267333333333333,0.0
0.08333333333333333,0.5483333333333333,0.4966666666666667,0.6666666666666666,2.502,0.0
0.1,0.535,0.44999999999999996,0.7,2.0573333333333332,0.0
0.1,0.535,0.44999999999999996,0.7,1.9373333333333334,0.0
0.08333333333333333,0.43166666666666664,0.53,0.3333333333333333,2.3973333333333335,0.0
0.08333333333333333,0.53,0.4666666666666667,0.75,2.3406666666666665,0.0
0.1,0.435,0.5333333333333333,0.2,1.994,0.0
0.08333333333333333,0.53,0.5233333333333333,0.5833333333333334,2.38,0.0
0.09090909090909091,0.5333333333333333,0.5333333333333333,0.45454545454545453,2.3106666666666666,0.0
0.1,0.535,0.6,0.5,2.3526666666666665,0.0
0.09090909090909091,0.55,0.5333333333333333,0.5454545454545454,2.5453333333333332,0.0
0.07692307692307693,0.44666666666666666,0.49333333333333335,0.46153846153846156,2.354,0.0
0.09090909090909091,0.5333333333333333,0.5333333333333333,0.6363636363636364,2.384,0.0
0.09090909090909091,0.45,0.5,0.36363636363636365,1.9506666666666668,0.0
0.09090909090909091,0.5333333333333333,0.5333333333333333,0.45454545454545453,2.4233333333333333,0.0
0.09090909090909091,0.45,0.4666666666666667,0.5454545454545454,1.9113333333333333,0.0
0.1111111111111111,0.5366666666666667,0.5066666666666666,0.6666666666666666,1.8486666666666667,0.0
0.09090909090909091,0.4666666666666667,0.5333333333333333,0.2727272727272727,2.082666666666667,0.0
0.07692307692307693,0.4966666666666667,0.5266666666666667,0.5384615384615384,2.52,0.0
0.07692307692307693,0.5266666666666667,0.5266666666666667,0.6153846153846154,2.7546666666666666,0.0
0.09090909090909091,0.5,0.5333333333333333,0.6363636363636364,2.31,0.0
0.09090909090909091,0.43333333333333335,0.5,0.36363636363636365,2.0246666666666666,0.0
0.09090909090909091,0.5,0.5333333333333333,0.6363636363636364,2.19,0.0
0.09090909090909091,0.45,0.5,0.36363636363636365,2.1446666666666667,0.0
0.07692307692307693,0.4966666666666667,0.5266666666666667,0.6923076923076923,2.5933333333333333,0.0
0.1111111111111111,0.47000000000000003,0.5066666666666666,0.2222222222222222,1.7413333333333334,0.0
0.07692307692307693,0.4966666666666667,0.5333333333333333,0.5384615384615384,2.6326666666666667,0.0
0.1111111111111111,0.47000000000000003,0.47333333333333333,0.4444444444444444,1.702,0.0
0.09090909090909091,0.43333333333333335,0.5,0.09090909090909091,1.9033333333333333,0.0
0.09090909090909091,0.43333333333333335,0.5,0.2727272727272727,1.864,0.0
0.09090909090909091,0.5333333333333333,0.6,0.6363636363636364,2.3093333333333335,0.0
0.08333333333333333,0.5,0.5933333333333334,0.5833333333333334,2.562,0.0
0.08333333333333333,0.43166666666666664,0.53,0.25,2.228666666666667,0.0
0.08333333333333333,0.4483333333333333,0.53,0.25,2.3486666666666665,0.0
0.1,0.45499999999999996,0.5399999999999999,0.1,1.9453333333333334,0.0
0.1,0.45499999999999996,0.51,0.3,1.906,0.0
0.07692307692307693,0.44666666666666666,0.5,0.3076923076923077,2.421333333333333,0.0
0.1111111111111111,0.5133333333333333,0.52,0.3333333333333333,1.5353333333333334,0.0
0.09090909090909091,0.45,0.5,0.36363636363636365,2.0986666666666665,0.0
0.07692307692307693,0.44666666666666666,0.49333333333333335,0.46153846153846156,2.306,0.0
0.09090909090909091,0.45,0.4666666666666667,0.5454545454545454,1.9833333333333334,0.0
0.07692307692307693,0.43,0.49333333333333335,0.46153846153846156,2.234,0.0
0.07692307692307693,0.45,0.49333333333333335,0.46153846153846156,2.426,0.0
0.09090909090909091,0.45,0.5,0.18181818181818182,2.138,0.0
0.1,0.435,0.5033333333333333,0.4,1.9546666666666668,0.0
0.07142857142857142,0.5233333333333333,0.5700000000000001,0.5,2.735333333333333,0.0
0.058823529411764705,0.5399999999999999,0.5400000000000001,0.47058823529411764,3.396,0.11316
0.1111111111111111,0.5366666666666667,0.52,0.4444444444444444,1.794,0.0
0.09090909090909091,0.5333333333333333,0.6,0.36363636363636365,2.262,0.0
0.07142857142857142,0.545,0.5700000000000001,0.35714285714285715,2.9226666666666667,0.057939555555555564
0.0625,0.5333333333333333,0.5666666666666667,0.625,3.2693333333333334,0.09321481481481482
0.07142857142857142,0.5466666666666667,0.5233333333333333,0.7142857142857143,2.8013333333333335,0.007641185185185189
0.09090909090909091,0.5,0.5333333333333333,0.8181818181818182,2.1406666666666667,0.0
0.058823529411764705,0.5466666666666666,0.56,0.6470588235294118,3.525333333333333,0.12353451851851852
0.14285714285714285,0.52,0.5400000000000001,0.14285714285714285,1.4006666666666667,0.0
0.05555555555555555,0.5549999999999999,0.5533333333333333,0.6666666666666666,3.7893333333333334,0.16448966666666665
0.09090909090909091,0.4166666666666667,0.5333333333333333,0.36363636363636365,2.1813333333333333,0.0
0.09090909090909091,0.5333333333333333,0.43333333333333335,0.6363636363636364,2.1533333333333333,0.0
0.125,0.4216666666666667,0.5333333333333333,0.25,1.682,0.0
0.07142857142857142,0.5233333333333333,0.4666666666666667,0.6428571428571429,2.6526666666666667,0.0
0.2,0.4266666666666667,0.52,0.4,1.1433333333333333,0.0
0.14285714285714285,0.5399999999999999,0.5000000000000001,0.5714285714285714,1.584,0.0
0.07142857142857142,0.4283333333333334,0.5233333333333333,0.5,2.6546666666666665,0.0
0.125,0.5383333333333333,0.48333333333333334,0.5,1.68,0.0
0.09090909090909091,0.43333333333333335,0.5333333333333333,0.45454545454545453,2.1553333333333335,0.0
0.07142857142857142,0.5183333333333333,0.5133333333333334,0.42857142857142855,2.718,0.0
0.125,0.5383333333333333,0.4666666666666667,0.5,1.574,0.0
0.09090909090909091,0.5333333333333333,0.4666666666666667,0.36363636363636365,2.1126666666666667,0.0
0.25,0.525,0.4233333333333333,0.25,0.8186666666666667,0.0
0.08333333333333333,0.4983333333333333,0.53,0.6666666666666666,2.478,0.0
0.08333333333333333,0.41166666666666674,0.5,0.25,2.0906666666666665,0.0
0.1111111111111111,0.42,0.5066666666666666,0.1111111111111111,1.5913333333333333,0.0
0.16666666666666666,0.4,0.5,0.16666666666666666,1.0526666666666666,0.0
0.06666666666666667,0.4266666666666667,0.52,0.2,2.6546666666666665,0.0
0.125,0.5716666666666667,0.4766666666666667,0.5,1.518,0.0
0.09090909090909091,0.43333333333333335,0.5333333333333333,0.09090909090909091,2.0593333333333335,0.0
0.07142857142857142,0.5316666666666667,0.49000000000000005,0.42857142857142855,2.556,0.0
0.05555555555555555,0.465,0.51,0.2222222222222222,3.3153333333333332,0.12057966666666667
0.07142857142857142,0.48500000000000004,0.5233333333333333,0.14285714285714285,2.72,0.0542768888888889
0.1111111111111111,0.5366666666666667,0.4666666666666667,0.7777777777777778,1.8413333333333333,0.0
0.07142857142857142,0.5233333333333333,0.5233333333333333,0.5714285714285714,2.784,0.0
0.5,0.48000000000000004,0.5700000000000001,0.0,0.468,0.0
0.07692307692307693,0.5266666666666667,0.5866666666666667,0.6153846153846154,2.826,0.0
0.07142857142857142,0.545,0.5233333333333333,0.6428571428571429,3.018666666666667,0.03681777777777778
0.08333333333333333,0.53,0.53,0.6666666666666666,2.574,0.0
0.125,0.43833333333333335,0.51,0.125,1.4773333333333334,0.0
0.125,0.43833333333333335,0.4766666666666667,0.375,1.438,0.0
0.07142857142857142,0.5233333333333333,0.5333333333333333,0.5714285714285714,2.8966666666666665,0.0
0.16666666666666666,0.5833333333333334,0.48333333333333334,0.6666666666666666,1.1953333333333334,0.0
0.14285714285714285,0.5399999999999999,0.6,0.14285714285714285,1.462,0.0
0.1,0.4466666666666666,0.6,0.1,1.7866666666666666,0.0
0.1111111111111111,0.5866666666666667,0.5066666666666666,0.5555555555555556,2.030666666666667,0.0
0.1,0.5516666666666666,0.6,0.4,2.308,0.0
0.1,0.49166666666666664,0.6,0.3,2.0753333333333335,0.0
0.1111111111111111,0.5533333333333333,0.45333333333333337,0.5555555555555556,1.6446666666666667,0.0
0.09090909090909091,0.55,0.6,0.45454545454545453,2.5006666666666666,0.0
0.16666666666666666,0.575,0.55,0.3333333333333333,1.3433333333333333,0.0
0.125,0.55,0.6,0.5,1.8206666666666667,0.0
0.08333333333333333,0.48000000000000004,0.5933333333333334,0.25,2.55,0.032245333333333334
0.125,0.5549999999999999,0.5,0.625,1.8006666666666666,0.0
0.1111111111111111,0.48333333333333334,0.6,0.4444444444444444,1.954,0.0
0.1,0.5700000000000001,0.6,0.3,2.3593333333333333,0.0
0.1111111111111111,0.5,0.45333333333333337,0.3333333333333333,1.4793333333333334,0.0
0.07142857142857142,0.4683333333333334,0.5900000000000001,0.21428571428571427,2.5433333333333334,0.03516662962962964
0.1,0.5683333333333334,0.6,0.3,2.196,0.0
0.125,0.5549999999999999,0.52,0.625,1.5073333333333334,0.0
0.125,0.5083333333333333,0.6,0.375,1.7886666666666666,0.0
0.1,0.49166666666666664,0.6,0.3,2.1966666666666668,0.0
0.125,0.4483333333333333,0.6,0.25,1.594,0.0
0.08333333333333333,0.5583333333333333,0.5933333333333334,0.3333333333333333,2.3966666666666665,0.0
0.25,0.5733333333333334,0.4,0.75,0.7913333333333333,0.0
0.08333333333333333,0.5583333333333333,0.5933333333333334,0.3333333333333333,2.38,0.0
0.09090909090909091,0.48333333333333334,0.5,0.45454545454545453,2.176,0.0
0.1,0.5700000000000001,0.5033333333333333,0.4,2.1393333333333335,0.0
0.1,0.4616666666666666,0.6,0.2,2.142,0.0
0.08333333333333333,0.5433333333333333,0.5933333333333334,0.4166666666666667,2.3446666666666665,0.0
0.5,0.5616666666666668,0.38333333333333336,0.5,0.3393333333333333,0.0
0.125,0.47333333333333333,0.6,0.125,1.5,0.0
0.08333333333333333,0.5583333333333333,0.53,0.3333333333333333,2.5033333333333334,0.030485000000000005
0.08333333333333333,0.4783333333333334,0.5966666666666666,0.25,2.256666666666667,0.0
0.1111111111111111,0.4733333333333334,0.5133333333333333,0.2222222222222222,1.806,0.0
0.1111111111111111,0.5,0.5133333333333333,0.3333333333333333,1.7833333333333334,0.0
0.09090909090909091,0.5666666666666667,0.5,0.2727272727272727,2.1046666666666667,0.0
0.08333333333333333,0.48333333333333334,0.53,0.3333333333333333,2.4146666666666667,0.03430592592592593
0.1,0.49166666666666664,0.5066666666666666,0.3,1.9993333333333334,0.0
0.1,0.4933333333333333,0.5066666666666666,0.3,1.8513333333333333,0.0
0.1,0.49166666666666664,0.6,0.3,1.8926666666666667,0.0
0.08333333333333333,0.565,0.5933333333333334,0.3333333333333333,2.291333333333333,0.0
0.1111111111111111,0.5866666666666667,0.45333333333333337,0.6666666666666666,1.9626666666666666,0.0
0.08333333333333333,0.4783333333333334,0.5933333333333334,0.25,2.179333333333333,0.0
0.07142857142857142,0.4733333333333334,0.5800000000000001,0.21428571428571427,2.8366666666666664,0.07096844444444446
0.1111111111111111,0.56,0.6,0.4444444444444444,2.1313333333333335,0.0
0.16666666666666666,0.4583333333333333,0.4666666666666667,0.5,1.1313333333333333,0.0
0.08333333333333333,0.5583333333333333,0.5,0.4166666666666667,2.348,0.0
0.125,0.5883333333333333,0.46333333333333326,0.375,1.6053333333333333,0.0
0.1111111111111111,0.48000000000000004,0.5399999999999999,0.1111111111111111,1.656,0.0
0.1111111111111111,0.5366666666666667,0.6,0.1111111111111111,1.826,0.0
0.14285714285714285,0.5700000000000001,0.4733333333333334,0.2857142857142857,1.482,0.0
0.125,0.5666666666666667,0.5,0.5,1.6473333333333333,0.0
0.125,0.5383333333333333,0.52,0.25,1.578,0.0
0.14285714285714285,0.5566666666666666,0.45333333333333337,0.42857142857142855,1.252,0.0
0.16666666666666666,0.525,0.55,0.16666666666666666,1.1546666666666667,0.0
0.3333333333333333,0.5566666666666666,0.4,0.3333333333333333,0.5553333333333333,0.0
0.14285714285714285,0.5566666666666666,0.41333333333333333,0.8571428571428571,1.3353333333333333,0.0
0.1,0.5700000000000001,0.6,0.4,2.292666666666667,0.0
0.16666666666666666,0.5416666666666666,0.5333333333333333,0.16666666666666666,1.126,0.0
0.16666666666666666,0.575,0.48333333333333334,0.3333333333333333,1.266,0.0
0.1,0.5516666666666666,0.4433333333333333,0.6,1.8366666666666667,0.0
0.125,0.5083333333333333,0.6,0.25,1.8566666666666667,0.0
0.1,0.5516666666666666,0.4433333333333333,0.5,1.8606666666666667,0.0
0.25,0.5783333333333334,0.49,0.5,0.8266666666666667,0.0
0.2,0.51,0.6,0.2,1.0393333333333334,0.0
0.09090909090909091,0.55,0.6,0.18181818181818182,2.33,0.02516555555555557
0.1111111111111111,0.4966666666666667,0.5399999999999999,0.4444444444444444,1.71,0.0
0.125,0.5033333333333333,0.51,0.5,1.606,0.0
0.125,0.5549999999999999,0.52,0.25,1.4246666666666667,0.0
0.1111111111111111,0.5533333333333333,0.5399999999999999,0.3333333333333333,1.616,0.0
0.14285714285714285,0.5166666666666667,0.4733333333333334,0.42857142857142855,1.1926666666666668,0.0
0.16666666666666666,0.5583333333333333,0.4166666666666667,0.8333333333333334,1.1433333333333333,0.0
0.25,0.5383333333333334,0.38999999999999996,0.25,0.626,0.0
0.09090909090909091,0.5666666666666667,0.6,0.36363636363636365,2.5526666666666666,0.015702962962962974
0.1,0.5516666666666666,0.5033333333333333,0.5,1.9046666666666667,0.0
0.1111111111111111,0.56,0.5399999999999999,0.2222222222222222,1.8446666666666667,0.0
0.09090909090909091,0.48333333333333334,0.6,0.2727272727272727,2.29,0.0
0.1,0.49,0.6,0.4,2.046,0.0
0.25,0.53,0.5466666666666666,0.5,0.816,0.0
0.16666666666666666,0.5583333333333333,0.5333333333333333,0.5,1.1146666666666667,0.0
0.14285714285714285,0.51,0.4733333333333334,0.5714285714285714,1.346,0.0
0.09090909090909091,0.5666666666666667,0.6,0.36363636363636365,2.3473333333333333,0.0
0.09090909090909091,0.48333333333333334,0.6,0.2727272727272727,2.3353333333333333,0.0
0.16666666666666666,0.525,0.5,0.5,1.3486666666666667,0.0
0.3333333333333333,0.5633333333333332,0.38666666666666666,0.6666666666666666,0.5326666666666666,0.0
0.125,0.485,0.6,0.25,1.8553333333333333,0.0
0.07142857142857142,0.5416666666666667,0.5900000000000001,0.21428571428571427,3.0113333333333334,0.13761944444444446
0.14285714285714285,0.53,0.5466666666666666,0.2857142857142857,1.348,0.0
0.125,0.565,0.46333333333333326,0.5,1.718,0.0
0.3333333333333333,0.38,0.5533333333333333,0.3333333333333333,0.556,0.0
0.09090909090909091,0.48333333333333334,0.6,0.45454545454545453,2.441333333333333,0.0
0.07142857142857142,0.5416666666666667,0.5800000000000001,0.35714285714285715,2.7893333333333334,0.04602962962962964
0.25,0.55,0.4233333333333333,0.75,0.9273333333333333,0.0
0.08333333333333333,0.5583333333333333,0.53,0.4166666666666667,2.2373333333333334,0.0
0.16666666666666666,0.575,0.48333333333333334,0.6666666666666666,1.372,0.0
0.1111111111111111,0.56,0.5333333333333333,0.5555555555555556,1.85,0.0
0.09090909090909091,0.5666666666666667,0.5333333333333333,0.2727272727272727,2.3113333333333332,0.009180000000000011
0.08333333333333333,0.4483333333333333,0.53,0.16666666666666666,2.3073333333333332,0.021948407407407406
0.5,0.53,0.33,0.5,0.2986666666666667,0.0
0.5,0.5433333333333333,0.39333333333333337,1.0,0.452,0.0
0.09090909090909091,0.5666666666666667,0.5,0.36363636363636365,2.1226666666666665,0.0
1.0,0.48333333333333334,0.3333333333333333,1.0,0.19333333333333333,0.0
0.1111111111111111,0.5733333333333334,0.5333333333333333,0.4444444444444444,1.6966666666666668,0.0
0.1,0.49166666666666664,0.5066666666666666,0.5,2.1053333333333333,0.0
0.1111111111111111,0.5533333333333333,0.4266666666666667,0.3333333333333333,1.5386666666666666,0.0
0.125,0.5083333333333333,0.52,0.5,1.6533333333333333,0.0
0.16666666666666666,0.5166666666666667,0.45,0.5,1.1906666666666668,0.0
0.1111111111111111,0.5866666666666667,0.6,0.3333333333333333,2.018666666666667,0.0
0.09090909090909091,0.5666666666666667,0.43333333333333335,0.5454545454545454,1.984,0.0
0.08333333333333333,0.5583333333333333,0.5,0.3333333333333333,2.3386666666666667,0.0
0.2,0.5433333333333333,0.6,0.2,1.1753333333333333,0.0
0.2,0.5233333333333333,0.48000000000000004,0.2,0.8406666666666667,0.0
0.08333333333333333,0.5583333333333333,0.5,0.3333333333333333,2.298,0.0
0.1111111111111111,0.5,0.5133333333333333,0.3333333333333333,1.7393333333333334,0.0
0.125,0.565,0.6,0.25,1.8953333333333333,0.0
0.125,0.565,0.6,0.375,1.8726666666666667,0.0
0.14285714285714285,0.5700000000000001,0.6,0.2857142857142857,1.6793333333333333,0.0
0.14285714285714285,0.5166666666666667,0.5266666666666667,0.2857142857142857,1.5206666666666666,0.0
0.125,0.5083333333333333,0.52,0.375,1.7126666666666666,0.0
0.1111111111111111,0.56,0.6,0.4444444444444444,2.072,0.0
0.125,0.5549999999999999,0.44,0.5,1.444,0.0
0.14285714285714285,0.51,0.6,0.14285714285714285,1.568,0.0
0.1,0.5516666666666666,0.6,0.3,1.952,0.0
0.14285714285714285,0.51,0.6,0.14285714285714285,1.4906666666666666,0.0
0.14285714285714285,0.5166666666666667,0.46,0.5714285714285714,1.3593333333333333,0.0
0.09090909090909091,0.55,0.5,0.36363636363636365,2.2146666666666666,0.0
0.125,0.5083333333333333,0.5,0.375,1.6353333333333333,0.0
0.25,0.5183333333333333,0.5466666666666666,0.25,0.7033333333333334,0.0
0.07692307692307693,0.55,0.5,0.46153846153846156,2.541333333333333,0.0
0.1,0.5549999999999999,0.6,0.3,2.1573333333333333,0.0
0.08333333333333333,0.565,0.53,0.4166666666666667,2.692,0.08033044444444444
0.08333333333333333,0.5483333333333333,0.5933333333333334,0.3333333333333333,2.368,0.0
0.1111111111111111,0.56,0.6,0.2222222222222222,1.966,0.0
0.09090909090909091,0.5666666666666667,0.5,0.45454545454545453,2.1346666666666665,0.0
0.125,0.5033333333333333,0.46333333333333326,0.625,1.538,0.0
0.16666666666666666,0.525,0.4,0.5,0.978,0.0
0.125,0.5033333333333333,0.46333333333333326,0.5,1.562,0.0
0.2,0.5399999999999999,0.6,0.2,1.204,0.0
0.125,0.5033333333333333,0.6,0.25,1.6533333333333333,0.0
0.14285714285714285,0.51,0.5266666666666667,0.42857142857142855,1.2946666666666666,0.0
0.25,0.545,0.41333333333333333,0.25,0.762,0.0
0.125,0.5549999999999999,0.41000000000000003,0.625,1.43,0.0
0.125,0.5766666666666667,0.5433333333333333,0.375,1.7646666666666666,0.0
0.125,0.5549999999999999,0.43333333333333335,0.75,1.6186666666666667,0.0
0.1111111111111111,0.5700000000000001,0.4266666666666667,0.4444444444444444,1.5913333333333333,0.0
0.16666666666666666,0.5833333333333334,0.48333333333333334,0.5,1.278,0.0
0.09090909090909091,0.48333333333333334,0.5,0.2727272727272727,2.1366666666666667,0.0
0.1111111111111111,0.4966666666666667,0.45333333333333337,0.4444444444444444,1.6326666666666667,0.0
0.125,0.5083333333333333,0.51,0.375,1.4526666666666668,0.0
1.0,0.45,0.4,0.0,0.216,0.0
0.2,0.58,0.49333333333333335,0.6,1.1726666666666667,0.0
0.08333333333333333,0.565,0.5933333333333334,0.3333333333333333,2.456,0.00775933333333334
0.14285714285714285,0.5399999999999999,0.46,0.2857142857142857,1.43,0.0
0.14285714285714285,0.5166666666666667,0.5266666666666667,0.5714285714285714,1.4373333333333334,0.0
0.1111111111111111,0.5,0.5399999999999999,0.3333333333333333,1.5566666666666666,0.0
0.25,0.5850000000000001,0.5033333333333334,0.5,0.9793333333333333,0.0
0.08333333333333333,0.5483333333333333,0.5,0.3333333333333333,2.474666666666667,0.028586444444444446
0.125,0.565,0.6,0.375,1.8713333333333333,0.0
0.125,0.46,0.52,0.25,1.512,0.0
0.09090909090909091,0.5666666666666667,0.5,0.5454545454545454,2.132,0.0
0.1111111111111111,0.5566666666666666,0.45333333333333337,0.5555555555555556,1.6853333333333333,0.0
1.0,0.4,0.4,1.0,0.192,0.0
0.08333333333333333,0.4783333333333334,0.5966666666666666,0.25,2.4833333333333334,0.02280055555555557
0.1,0.49499999999999994,0.5366666666666667,0.3,2.016,0.0
0.16666666666666666,0.575,0.48333333333333334,0.6666666666666666,1.4313333333333333,0.0
0.09090909090909091,0.55,0.5,0.36363636363636365,2.259333333333333,0.0
0.14285714285714285,0.5566666666666666,0.46,0.7142857142857143,1.4033333333333333,0.0
0.125,0.5549999999999999,0.44,0.5,1.4453333333333334,0.0
1.0,0.43333333333333335,0.5,0.0,0.26,0.0
0.16666666666666666,0.5416666666666666,0.6,0.16666666666666666,1.3913333333333333,0.0
0.14285714285714285,0.5566666666666666,0.6,0.2857142857142857,1.6626666666666667,0.0
0.14285714285714285,0.58,0.6,0.2857142857142857,1.6913333333333334,0.0
0.1,0.49,0.5066666666666666,0.4,1.964,0.0
0.09090909090909091,0.48333333333333334,0.5,0.36363636363636365,2.1986666666666665,0.0
0.1,0.5666666666666667,0.5,0.4,1.934,0.0
0.16666666666666666,0.44166666666666665,0.6,0.16666666666666666,1.2573333333333334,0.0
0.14285714285714285,0.5566666666666666,0.5266666666666667,0.5714285714285714,1.308,0.0
0.09090909090909091,0.5666666666666667,0.5333333333333333,0.5454545454545454,2.1486666666666667,0.0
0.08333333333333333,0.48333333333333334,0.5,0.4166666666666667,2.392,0.0
0.125,0.565,0.6,0.25,1.9393333333333334,0.0
0.1111111111111111,0.5700000000000001,0.45333333333333337,0.4444444444444444,1.532,0.0
0.5,0.2966666666666667,0.56,0.0,0.364,0.0
0.1,0.5516666666666666,0.5066666666666666,0.4,2.188,0.0
0.09090909090909091,0.55,0.5,0.36363636363636365,2.258,0.0
0.09090909090909091,0.45,0.5333333333333333,0.18181818181818182,2.013333333333333,0.0
0.1111111111111111,0.5733333333333334,0.5333333333333333,0.4444444444444444,1.756,0.0
0.09090909090909091,0.48333333333333334,0.5,0.36363636363636365,2.2,0.0
0.125,0.5549999999999999,0.51,0.375,1.512,0.0
0.1111111111111111,0.5666666666666667,0.5066666666666666,0.4444444444444444,1.7393333333333334,0.0
0.09090909090909091,0.55,0.5,0.2727272727272727,2.2826666666666666,0.007553333333333342
0.16666666666666666,0.525,0.6,0.16666666666666666,1.464,0.0
0.09090909090909091,0.48333333333333334,0.5,0.45454545454545453,2.132,0.0
0.5,0.5383333333333333,0.4966666666666667,0.5,0.48733333333333334,0.0
0.2,0.45,0.6,0.4,1.0926666666666667,0.0
0.125,0.5083333333333333,0.6,0.25,1.7446666666666666,0.0
0.08333333333333333,0.565,0.5,0.4166666666666667,2.6146666666666665,0.024257333333333343
0.16666666666666666,0.525,0.5166666666666667,0.3333333333333333,1.2426666666666666,0.0
0.125,0.5383333333333333,0.6,0.25,1.7326666666666666,0.0
0.1111111111111111,0.44333333333333336,0.5066666666666666,0.3333333333333333,1.6326666666666667,0.0
0.07692307692307693,0.4766666666666667,0.5933333333333334,0.23076923076923078,2.699333333333333,0.05704111111111111
0.08333333333333333,0.5433333333333333,0.5,0.4166666666666667,2.4513333333333334,0.005686888888888896
0.07692307692307693,0.4766666666666667,0.5266666666666667,0.23076923076923078,2.5006666666666666,0.04483844444444445
0.1111111111111111,0.5733333333333334,0.6,0.3333333333333333,2.1666666666666665,0.0
0.125,0.5549999999999999,0.52,0.5,1.7126666666666666,0.0
0.1,0.5516666666666666,0.6,0.3,2.22,0.0
0.3333333333333333,0.5533333333333333,0.48000000000000004,0.3333333333333333,0.5993333333333334,0.0
0.16666666666666666,0.5416666666666666,0.6,0.3333333333333333,1.3973333333333333,0.0
0.1,0.49166666666666664,0.5,0.5,2.028,0.0
0.125,0.495,0.6,0.25,1.6826666666666668,0.0
0.16666666666666666,0.525,0.6,0.3333333333333333,1.396,0.0
0.16666666666666666,0.5833333333333334,0.4666666666666667,0.6666666666666666,1.2546666666666666,0.0
0.08333333333333333,0.565,0.4966666666666667,0.6666666666666666,2.492,0.0
0.125,0.565,0.46333333333333326,0.75,1.824,0.0
0.09090909090909091,0.5666666666666667,0.6,0.36363636363636365,2.576,0.031531851851851866
0.09090909090909091,0.5666666666666667,0.5333333333333333,0.36363636363636365,2.0606666666666666,0.0
0.1,0.49166666666666664,0.5366666666666667,0.4,1.75,0.0
0.07692307692307693,0.5366666666666667,0.5266666666666667,0.38461538461538464,2.2953333333333332,0.0
0.25,0.445,0.47000000000000003,0.0,0.7626666666666667,0.0
0.09090909090909091,0.5666666666666667,0.5333333333333333,0.18181818181818182,1.938,0.0
0.1111111111111111,0.5733333333333334,0.5066666666666666,0.6666666666666666,2.1106666666666665,0.0
0.14285714285714285,0.5700000000000001,0.4733333333333334,0.42857142857142855,1.458,0.0
0.2,0.5433333333333333,0.42,0.4,0.954,0.0
0.1111111111111111,0.5533333333333333,0.5133333333333333,0.3333333333333333,1.6166666666666667,0.0
0.09090909090909091,0.5666666666666667,0.5333333333333333,0.36363636363636365,2.1206666666666667,0.0
0.14285714285714285,0.49666666666666676,0.6,0.14285714285714285,1.6633333333333333,0.0
0.06666666666666667,0.5333333333333333,0.5866666666666667,0.3333333333333333,2.937333333333333,0.10398814814814815
0.125,0.5083333333333333,0.52,0.375,1.342,0.0
0.1,0.55,0.4433333333333333,0.6,2.013333333333333,0.0
0.125,0.5766666666666667,0.5433333333333333,0.25,1.4533333333333334,0.0
0.14285714285714285,0.5166666666666667,0.6,0.2857142857142857,1.6406666666666667,0.0
0.3333333333333333,0.43333333333333335,0.47333333333333333,0.0,0.5466666666666666,0.0
0.1111111111111111,0.5533333333333333,0.5133333333333333,0.6666666666666666,1.6993333333333334,0.0
0.125,0.565,0.5433333333333333,0.25,1.8193333333333332,0.0
0.2,0.42,0.5399999999999999,0.2,0.8426666666666667,0.0
0.08333333333333333,0.5433333333333333,0.43,0.4166666666666667,2.1473333333333335,0.0
0.09090909090909091,0.55,0.6,0.36363636363636365,2.412,0.017184444444444457
0.125,0.5383333333333333,0.6,0.25,1.7313333333333334,0.0
0.16666666666666666,0.4666666666666667,0.6,0.16666666666666666,1.3693333333333333,0.0
0.16666666666666666,0.575,0.5166666666666667,0.3333333333333333,1.4553333333333334,0.0
0.125,0.5183333333333333,0.6,0.25,1.7613333333333334,0.0
0.125,0.565,0.5433333333333333,0.25,1.63,0.0
0.06666666666666667,0.56,0.5733333333333334,0.4666666666666667,3.025333333333333,0.07932088888888891
0.1,0.5666666666666667,0.5,0.4,1.9413333333333334,0.0
0.06666666666666667,0.56,0.5333333333333333,0.3333333333333333,2.882,0.11813511111111112
0.1,0.5549999999999999,0.5366666666666667,0.3,2.0366666666666666,0.0
0.1,0.5516666666666666,0.6,0.3,2.332,0.0
0.07692307692307693,0.5633333333333332,0.49333333333333335,0.46153846153846156,2.4186666666666667,0.0
0.2,0.5433333333333333,0.47333333333333333,0.4,1.1433333333333333,0.0
0.09090909090909091,0.5666666666666667,0.5,0.45454545454545453,2.194,0.0
0.1,0.5516666666666666,0.6,0.4,2.308666666666667,0.0
0.16666666666666666,0.5833333333333334,0.55,0.3333333333333333,1.1666666666666667,0.0
0.25,0.4866666666666667,0.5466666666666666,0.25,0.6626666666666666,0.0
0.14285714285714285,0.55,0.41333333333333333,0.5714285714285714,1.406,0.0
0.07692307692307693,0.5633333333333332,0.43333333333333335,0.6153846153846154,2.6013333333333333,0.0
0.07692307692307693,0.55,0.43333333333333335,0.46153846153846156,2.4066666666666667,0.0
0.09090909090909091,0.5666666666666667,0.5333333333333333,0.36363636363636365,1.9833333333333334,0.0
0.1111111111111111,0.5,0.6,0.2222222222222222,1.8833333333333333,0.0
0.08333333333333333,0.5483333333333333,0.5966666666666666,0.3333333333333333,2.628,0.056612370370370375
0.125,0.5549999999999999,0.5,0.375,1.702,0.0
0.125,0.565,0.5433333333333333,0.5,1.7286666666666666,0.0
0.08333333333333333,0.5433333333333333,0.5933333333333334,0.3333333333333333,2.55,0.029038148148148157
0.2,0.5233333333333333,0.6,0.4,1.152,0.0
0.3333333333333333,0.39666666666666667,0.6,0.0,0.7,0.0
0.125,0.5083333333333333,0.51,0.25,1.658,0.0
0.1,0.49,0.4433333333333333,0.5,1.826,0.0
0.1111111111111111,0.5,0.6,0.3333333333333333,2.056,0.0
0.1111111111111111,0.4733333333333334,0.6,0.1111111111111111,1.95,0.0
0.14285714285714285,0.58,0.5466666666666666,0.42857142857142855,1.5473333333333332,0.0
0.14285714285714285,0.5566666666666666,0.5266666666666667,0.42857142857142855,1.5186666666666666,0.0
0.125,0.5083333333333333,0.6,0.25,1.668,0.0
0.1,0.5666666666666667,0.47,0.6,1.9173333333333333,0.0
0.1111111111111111,0.5,0.6,0.4444444444444444,2.033333333333333,0.0
0.1,0.49166666666666664,0.5033333333333333,0.3,1.7393333333333334,0.0
0.1,0.5516666666666666,0.5033333333333333,0.3,1.7986666666666666,0.0
0.1111111111111111,0.5533333333333333,0.6,0.3333333333333333,2.072,0.0
0.14285714285714285,0.51,0.5466666666666666,0.2857142857142857,1.3466666666666667,0.0
0.14285714285714285,0.58,0.5133333333333333,0.42857142857142855,1.6606666666666667,0.0
0.14285714285714285,0.55,0.5266666666666667,0.5714285714285714,1.4833333333333334,0.0
0.1,0.5516666666666666,0.4133333333333333,0.4,1.7306666666666666,0.0
0.1111111111111111,0.5533333333333333,0.4066666666666666,0.6666666666666666,1.622,0.0
0.14285714285714285,0.5700000000000001,0.4733333333333334,0.7142857142857143,1.6233333333333333,0.0
0.1,0.5516666666666666,0.5066666666666666,0.5,1.794,0.0
0.1,0.49,0.4433333333333333,0.4,1.8486666666666667,0.0
0.08333333333333333,0.5433333333333333,0.5933333333333334,0.25,2.2386666666666666,0.0
0.1,0.4616666666666666,0.6,0.1,2.1646666666666667,0.0
0.14285714285714285,0.5566666666666666,0.5,0.42857142857142855,1.632,0.0
0.3333333333333333,0.5466666666666666,0.48666666666666664,0.3333333333333333,0.7353333333333333,0.0
0.1,0.4383333333333333,0.6,0.2,1.8806666666666667,0.0
0.125,0.43333333333333335,0.6,0.0,1.488,0.0
0.2,0.42,0.6,0.0,0.9866666666666667,0.0
0.16666666666666666,0.5583333333333333,0.5,0.5,1.4153333333333333,0.0
0.07692307692307693,0.5633333333333332,0.5,0.46153846153846156,2.608,0.019528888888888894
0.07692307692307693,0.48333333333333334,0.5866666666666667,0.3076923076923077,2.5613333333333332,0.016240000000000008
0.3333333333333333,0.5366666666666667,0.48000000000000004,0.6666666666666666,0.712,0.0
0.07142857142857142,0.48333333333333334,0.5800000000000001,0.2857142857142857,2.7773333333333334,0.05104000000000001
0.2,0.5333333333333333,0.5,0.4,1.1566666666666667,0.0
0.07142857142857142,0.53,0.5800000000000001,0.35714285714285715,2.6313333333333335,0.011530444444444446
0.08333333333333333,0.5433333333333333,0.43,0.5,2.1246666666666667,0.0
0.125,0.565,0.5433333333333333,0.375,1.7513333333333334,0.0
0.125,0.565,0.5433333333333333,0.375,1.7953333333333332,0.0
0.14285714285714285,0.5166666666666667,0.6,0.2857142857142857,1.5966666666666667,0.0
0.25,0.5733333333333334,0.4233333333333333,0.5,0.8146666666666667,0.0
0.2,0.5399999999999999,0.5533333333333333,0.4,1.06,0.0
0.2,0.5433333333333333,0.5399999999999999,0.4,1.0313333333333334,0.0
0.07692307692307693,0.5633333333333332,0.5133333333333334,0.46153846153846156,2.4353333333333333,0.0
0.2,0.58,0.49333333333333335,0.6,1.1713333333333333,0.0
0.1,0.5666666666666667,0.6,0.3,2.1553333333333335,0.0
0.1111111111111111,0.5733333333333334,0.5399999999999999,0.4444444444444444,1.834,0.0
0.25,0.5533333333333333,0.4233333333333333,0.75,0.732,0.0
0.1,0.49166666666666664,0.6,0.4,2.2493333333333334,0.0
0.1111111111111111,0.56,0.5399999999999999,0.5555555555555556,1.928,0.0
0.14285714285714285,0.5700000000000001,0.5466666666666666,0.42857142857142855,1.5353333333333334,0.0
0.14285714285714285,0.59,0.4733333333333334,0.5714285714285714,1.5106666666666666,0.0
0.09090909090909091,0.55,0.43333333333333335,0.45454545454545453,1.972,0.0
0.1,0.5683333333333334,0.4033333333333333,0.6,1.7693333333333334,0.0
0.5,0.47333333333333333,0.4233333333333333,1.0,0.39266666666666666,0.0
0.09090909090909091,0.55,0.6,0.45454545454545453,2.13,0.0
0.14285714285714285,0.5166666666666667,0.5,0.5714285714285714,1.5493333333333332,0.0
0.14285714285714285,0.5166666666666667,0.5,0.2857142857142857,1.4433333333333334,0.0
0.1,0.5516666666666666,0.4433333333333333,0.6,1.838,0.0
0.09090909090909091,0.5666666666666667,0.5,0.36363636363636365,1.9666666666666666,0.0
0.09090909090909091,0.5666666666666667,0.5,0.36363636363636365,2.026,0.0
0.125,0.5083333333333333,0.6,0.375,1.8326666666666667,0.0
0.1111111111111111,0.5666666666666667,0.6,0.3333333333333333,1.9393333333333334,0.0
0.14285714285714285,0.58,0.5466666666666666,0.42857142857142855,1.3586666666666667,0.0
0.09090909090909091,0.55,0.43333333333333335,0.36363636363636365,2.014,0.0
0.5,0.5850000000000001,0.51,0.5,0.504,0.0
0.16666666666666666,0.5416666666666666,0.5333333333333333,0.3333333333333333,1.2913333333333334,0.0
0.1111111111111111,0.5733333333333334,0.6,0.3333333333333333,2.1006666666666667,0.0
0.09090909090909091,0.5666666666666667,0.5333333333333333,0.36363636363636365,2.042666666666667,0.0
0.1111111111111111,0.56,0.6,0.2222222222222222,2.0433333333333334,0.0
0.125,0.5766666666666667,0.5433333333333333,0.375,1.8306666666666667,0.0
0.1,0.49,0.4433333333333333,0.5,1.8246666666666667,0.0
0.125,0.46,0.6,0.125,1.7333333333333334,0.0
0.09090909090909091,0.48333333333333334,0.5333333333333333,0.36363636363636365,1.9966666666666666,0.0
0.1,0.49166666666666664,0.4433333333333333,0.4,1.6713333333333333,0.0
0.3333333333333333,0.4066666666666666,0.5066666666666666,0.0,0.5013333333333333,0.0
0.1,0.49166666666666664,0.6,0.2,2.098,0.0
0.1,0.5516666666666666,0.4133333333333333,0.3,1.7546666666666666,0.0
0.14285714285714285,0.43333333333333335,0.6,0.2857142857142857,1.4493333333333334,0.0
0.125,0.5766666666666667,0.51,0.375,1.9426666666666668,0.0
0.16666666666666666,0.575,0.5166666666666667,0.5,1.4313333333333333,0.0
0.0625,0.525,0.5666666666666667,0.3125,3.076,0.08806000000000001
0.2,0.56,0.46,0.6,1.0106666666666666,0.0
0.09090909090909091,0.55,0.43333333333333335,0.36363636363636365,1.9546666666666668,0.0
0.1111111111111111,0.5366666666666667,0.45333333333333337,0.3333333333333333,1.656,0.0
0.16666666666666666,0.5416666666666666,0.43333333333333335,0.5,1.1546666666666667,0.0
0.08333333333333333,0.565,0.5333333333333333,0.4166666666666667,2.312,0.0
0.07142857142857142,0.5616666666666668,0.5333333333333333,0.5,2.7046666666666668,0.0529838888888889
0.1111111111111111,0.5866666666666667,0.5399999999999999,0.4444444444444444,1.8746666666666667,0.0
0.07692307692307693,0.5633333333333332,0.4266666666666667,0.46153846153846156,2.2706666666666666,0.0
0.1,0.5549999999999999,0.6,0.3,2.235333333333333,0.0007770000000000067
0.1111111111111111,0.5,0.6,0.3333333333333333,2.0486666666666666,0.0
0.1,0.49166666666666664,0.6,0.2,2.220666666666667,0.0
0.1,0.49166666666666664,0.6,0.2,2.1433333333333335,0.0
0.1111111111111111,0.56,0.5399999999999999,0.3333333333333333,1.822,0.0
0.16666666666666666,0.5416666666666666,0.5333333333333333,0.5,1.2246666666666666,0.0
0.1111111111111111,0.5666666666666667,0.6,0.2222222222222222,1.962,0.0
0.1,0.49166666666666664,0.4433333333333333,0.4,1.6726666666666667,0.0
0.125,0.5383333333333333,0.6,0.25,1.8446666666666667,0.0
0.14285714285714285,0.4633333333333333,0.6,0.2857142857142857,1.5613333333333332,0.0
0.16666666666666666,0.5416666666666666,0.5333333333333333,0.3333333333333333,1.2473333333333334,0.0
0.14285714285714285,0.5700000000000001,0.5466666666666666,0.2857142857142857,1.5593333333333332,0.0
0.1111111111111111,0.5533333333333333,0.4066666666666666,0.5555555555555556,1.646,0.0
0.1111111111111111,0.5533333333333333,0.44666666666666666,0.5555555555555556,1.69,0.0
0.1,0.49,0.5033333333333333,0.4,1.8926666666666667,0.0
0.14285714285714285,0.59,0.5466666666666666,0.42857142857142855,1.3993333333333333,0.0
0.1111111111111111,0.5733333333333334,0.6,0.2222222222222222,2.167333333333333,0.0
0.1111111111111111,0.5733333333333334,0.6,0.3333333333333333,2.1446666666666667,0.0
0.125,0.5383333333333333,0.5433333333333333,0.25,1.5326666666666666,0.0
0.09090909090909091,0.55,0.5333333333333333,0.45454545454545453,2.1366666666666667,0.0
0.14285714285714285,0.5700000000000001,0.5466666666666666,0.2857142857142857,1.6033333333333333,0.0
0.125,0.5766666666666667,0.5433333333333333,0.375,1.642,0.0
0.16666666666666666,0.575,0.48333333333333334,0.5,1.3873333333333333,0.0
0.1111111111111111,0.5,0.6,0.2222222222222222,1.9606666666666666,0.0
0.08333333333333333,0.48333333333333334,0.5933333333333334,0.3333333333333333,2.332666666666667,0.0
0.09090909090909091,0.5666666666666667,0.43333333333333335,0.36363636363636365,1.8186666666666667,0.0
0.1111111111111111,0.5533333333333333,0.6,0.4444444444444444,2.0926666666666667,0.0
0.125,0.565,0.5433333333333333,0.5,1.7953333333333332,0.0
0.125,0.46,0.6,0.125,1.656,0.0
0.2,0.39333333333333337,0.6,0.0,1.064,0.0
0.1111111111111111,0.5066666666666667,0.6,0.3333333333333333,1.9533333333333334,0.0
0.09090909090909091,0.5666666666666667,0.5,0.36363636363636365,2.156,0.0
0.25,0.47333333333333333,0.48000000000000004,0.5,0.8686666666666667,0.0
0.125,0.5083333333333333,0.6,0.25,1.6673333333333333,0.0
0.09090909090909091,0.55,0.6,0.36363636363636365,2.3353333333333333,0.0
0.14285714285714285,0.53,0.5466666666666666,0.5714285714285714,1.4526666666666668,0.0
0.1,0.5700000000000001,0.4433333333333333,0.5,2.0166666666666666,0.0
0.1111111111111111,0.5733333333333334,0.5399999999999999,0.4444444444444444,2.022666666666667,0.0
0.25,0.5950000000000001,0.49333333333333335,0.5,0.8433333333333334,0.0
0.1,0.5700000000000001,0.6,0.3,2.3606666666666665,0.0
0.08333333333333333,0.5433333333333333,0.43,0.5,2.1233333333333335,0.0
0.1111111111111111,0.56,0.5399999999999999,0.5555555555555556,1.9873333333333334,0.0
0.1111111111111111,0.5533333333333333,0.4066666666666666,0.6666666666666666,1.6233333333333333,0.0
0.125,0.48333333333333334,0.6,0.375,1.762,0.0
0.1,0.49166666666666664,0.4433333333333333,0.3,1.6953333333333334,0.0
0.1111111111111111,0.5,0.6,0.4444444444444444,1.9893333333333334,0.0
0.14285714285714285,0.5633333333333332,0.5266666666666667,0.42857142857142855,1.3706666666666667,0.0
0.14285714285714285,0.5399999999999999,0.5266666666666667,0.5714285714285714,1.424,0.0
0.14285714285714285,0.5566666666666666,0.5266666666666667,0.42857142857142855,1.33,0.0
0.5,0.5483333333333333,0.42,0.5,0.47533333333333333,0.0
0.1111111111111111,0.5533333333333333,0.6,0.2222222222222222,2.1386666666666665,0.0
0.16666666666666666,0.575,0.48333333333333334,0.6666666666666666,1.3646666666666667,0.0
0.14285714285714285,0.58,0.5133333333333333,0.5714285714285714,1.6586666666666667,0.0
0.125,0.565,0.5333333333333333,0.375,1.6726666666666667,0.0
0.14285714285714285,0.58,0.4733333333333334,0.5714285714285714,1.47,0.0
0.1,0.5516666666666666,0.4133333333333333,0.4,1.732,0.0
0.09090909090909091,0.55,0.5333333333333333,0.2727272727272727,1.9026666666666667,0.0
0.14285714285714285,0.5700000000000001,0.4733333333333334,0.7142857142857143,1.564,0.0
0.14285714285714285,0.5566666666666666,0.5,0.5714285714285714,1.6086666666666667,0.0
0.14285714285714285,0.5700000000000001,0.5466666666666666,0.5714285714285714,1.512,0.0
0.09090909090909091,0.48333333333333334,0.5333333333333333,0.2727272727272727,1.8433333333333333,0.0
0.1,0.5700000000000001,0.5033333333333333,0.5,2.328,0.0
0.25,0.555,0.5233333333333333,0.25,0.98,0.0
0.1111111111111111,0.5533333333333333,0.6,0.3333333333333333,1.7373333333333334,0.0
0.07692307692307693,0.5366666666666667,0.5866666666666667,0.3076923076923077,2.432,0.0
0.16666666666666666,0.525,0.5,0.5,1.356,0.0
0.14285714285714285,0.4633333333333333,0.5133333333333333,0.2857142857142857,1.37,0.0
0.16666666666666666,0.4583333333333333,0.5166666666666667,0.3333333333333333,1.154,0.0
0.1,0.535,0.5366666666666667,0.4,1.9253333333333333,0.0
0.1,0.49166666666666664,0.5366666666666667,0.4,1.7486666666666666,0.0
0.25,0.45333333333333337,0.5466666666666666,0.5,0.7566666666666667,0.0
0.14285714285714285,0.45333333333333337,0.5466666666666666,0.2857142857142857,1.258,0.0
0.1111111111111111,0.56,0.45333333333333337,0.5555555555555556,1.91,0.0
0.08333333333333333,0.5433333333333333,0.49333333333333335,0.4166666666666667,2.191333333333333,0.0
0.09090909090909091,0.48333333333333334,0.6,0.18181818181818182,2.358,0.013909259259259265
0.09090909090909091,0.55,0.43333333333333335,0.45454545454545453,1.9313333333333333,0.0
0.25,0.53,0.38999999999999996,0.5,0.7386666666666667,0.0
0.5,0.4166666666666667,0.36000000000000004,0.0,0.2866666666666667,0.0
0.25,0.5316666666666667,0.5,0.25,0.9633333333333334,0.0
0.16666666666666666,0.5333333333333333,0.6,0.3333333333333333,1.2326666666666666,0.0
0.5,0.4483333333333333,0.49,0.0,0.476,0.0
0.125,0.5716666666666667,0.6,0.375,1.72,0.0
0.1111111111111111,0.5700000000000001,0.6,0.3333333333333333,1.936,0.0
0.16666666666666666,0.5416666666666666,0.55,0.5,1.2533333333333334,0.0
0.1,0.5683333333333334,0.6,0.4,2.1353333333333335,0.0
0.1111111111111111,0.5700000000000001,0.6,0.2222222222222222,2.002666666666667,0.0
0.1,0.5683333333333334,0.6,0.5,2.1126666666666667,0.0
0.09090909090909091,0.5666666666666667,0.6,0.2727272727272727,2.2213333333333334,0.0
0.1111111111111111,0.5866666666666667,0.6,0.3333333333333333,1.9526666666666668,0.0
0.1111111111111111,0.5033333333333334,0.6,0.4444444444444444,1.8413333333333333,0.0
0.1111111111111111,0.5700000000000001,0.6,0.3333333333333333,1.7473333333333334,0.0
0.1111111111111111,0.5033333333333334,0.6,0.2222222222222222,1.7353333333333334,0.0
0.125,0.5883333333333333,0.51,0.5,1.74,0.0
0.125,0.5716666666666667,0.4766666666666667,0.5,1.7113333333333334,0.0
0.125,0.495,0.6,0.25,1.76,0.0
0.14285714285714285,0.5733333333333334,0.48000000000000004,0.5714285714285714,1.428,0.0
0.125,0.5716666666666667,0.4766666666666667,0.5,1.5346666666666666,0.0
0.07692307692307693,0.5366666666666667,0.5866666666666667,0.38461538461538464,2.6046666666666667,0.023076666666666676
0.08333333333333333,0.565,0.49000000000000005,0.3333333333333333,2.138,0.0
0.1111111111111111,0.5533333333333333,0.6,0.4444444444444444,2.0486666666666666,0.0
0.08333333333333333,0.5583333333333333,0.49333333333333335,0.3333333333333333,2.078666666666667,0.0
0.08333333333333333,0.565,0.53,0.3333333333333333,2.3026666666666666,0.0
0.08333333333333333,0.5583333333333333,0.53,0.3333333333333333,2.243333333333333,0.0
0.14285714285714285,0.5399999999999999,0.5266666666666667,0.2857142857142857,1.318,0.0
0.08333333333333333,0.55,0.49333333333333335,0.3333333333333333,2.274,0.0
0.09090909090909091,0.55,0.43333333333333335,0.5454545454545454,2.1653333333333333,0.0
0.08333333333333333,0.5483333333333333,0.49333333333333335,0.4166666666666667,2.368,0.0
0.09090909090909091,0.55,0.5,0.36363636363636365,1.9906666666666666,0.0
0.1,0.5516666666666666,0.44,0.6,1.882,0.0
0.09090909090909091,0.48333333333333334,0.5,0.45454545454545453,2.0846666666666667,0.0
0.09090909090909091,0.55,0.5,0.5454545454545454,2.0966666666666667,0.0
0.09090909090909091,0.55,0.5,0.45454545454545453,2.054,0.0
0.09090909090909091,0.55,0.5,0.2727272727272727,2.014666666666667,0.0
0.1111111111111111,0.5700000000000001,0.6,0.3333333333333333,1.98,0.0
0.14285714285714285,0.5733333333333334,0.5,0.42857142857142855,1.496,0.0
0.16666666666666666,0.525,0.55,0.3333333333333333,1.32,0.0
0.09090909090909091,0.5666666666666667,0.43333333333333335,0.5454545454545454,2.029333333333333,0.0
0.125,0.495,0.5433333333333333,0.25,1.5613333333333332,0.0
0.09090909090909091,0.48333333333333334,0.5,0.36363636363636365,2.1086666666666667,0.0
0.1,0.5683333333333334,0.6,0.4,2.018666666666667,0.0
0.1111111111111111,0.5666666666666667,0.6,0.3333333333333333,1.8953333333333333,0.0
0.08333333333333333,0.5433333333333333,0.53,0.4166666666666667,2.3966666666666665,0.0
0.09090909090909091,0.48333333333333334,0.5,0.36363636363636365,1.9326666666666668,0.0
0.1,0.5683333333333334,0.6,0.5,2.172,0.0
0.1111111111111111,0.5566666666666666,0.6,0.4444444444444444,1.9006666666666667,0.0
0.125,0.5716666666666667,0.4766666666666667,0.625,1.688,0.0
0.08333333333333333,0.5483333333333333,0.49333333333333335,0.3333333333333333,2.2146666666666666,0.0
0.09090909090909091,0.55,0.5,0.5454545454545454,2.098,0.0
0.1,0.5683333333333334,0.6,0.2,2.029333333333333,0.0
0.09090909090909091,0.55,0.5,0.45454545454545453,2.1206666666666667,0.0
0.08333333333333333,0.565,0.49333333333333335,0.5,2.244,0.0
0.08333333333333333,0.55,0.49333333333333335,0.5,2.38,0.0
0.08333333333333333,0.5433333333333333,0.53,0.4166666666666667,2.268666666666667,0.0
0.3333333333333333,0.44666666666666666,0.5533333333333333,0.3333333333333333,0.5573333333333333,0.0
0.07692307692307693,0.58,0.5866666666666667,0.38461538461538464,2.914,0.09131777777777778
0.1111111111111111,0.5866666666666667,0.6,0.3333333333333333,2.030666666666667,0.0
0.09090909090909091,0.5833333333333334,0.6,0.36363636363636365,2.506,0.027442592592592595
0.1111111111111111,0.5533333333333333,0.5133333333333333,0.4444444444444444,1.928,0.0
0.07142857142857142,0.5416666666666667,0.5800000000000001,0.2857142857142857,2.8966666666666665,0.1030490740740741
0.2,0.5233333333333333,0.38666666666666666,0.6,0.932,0.0
0.0625,0.5666666666666667,0.5666666666666667,0.3125,3.195333333333333,0.1430140740740741
0.3333333333333333,0.47333333333333333,0.36000000000000004,0.3333333333333333,0.48,0.0
0.08333333333333333,0.5433333333333333,0.49000000000000005,0.3333333333333333,2.208,0.0
0.1111111111111111,0.5700000000000001,0.6,0.4444444444444444,1.9193333333333333,0.0
0.09090909090909091,0.55,0.4,0.36363636363636365,1.948,0.0
0.16666666666666666,0.5166666666666667,0.4,0.5,1.148,0.0
0.06666666666666667,0.5666666666666667,0.5733333333333334,0.3333333333333333,2.9793333333333334,0.10221407407407408
0.058823529411764705,0.5666666666666667,0.56,0.4117647058823529,3.4313333333333333,0.1751251851851852
0.1,0.5666666666666667,0.47,0.5,1.934,0.0
0.16666666666666666,0.575,0.4666666666666667,0.5,1.2426666666666666,0.0
0.07142857142857142,0.5616666666666668,0.5233333333333333,0.35714285714285715,2.778,0.07467670370370372
0.07692307692307693,0.5633333333333332,0.5133333333333334,0.38461538461538464,2.518,0.016311629629629634
0.06666666666666667,0.56,0.52,0.4,2.97,0.09595911111111112
0.09090909090909091,0.5666666666666667,0.43333333333333335,0.5454545454545454,2.208666666666667,0.0
0.125,0.5716666666666667,0.6,0.25,1.7426666666666666,0.0
0.07692307692307693,0.5366666666666667,0.4866666666666667,0.46153846153846156,2.3846666666666665,0.0
0.07692307692307693,0.5366666666666667,0.4866666666666667,0.38461538461538464,2.4073333333333333,0.0
0.14285714285714285,0.5233333333333333,0.6,0.2857142857142857,1.4486666666666668,0.0
0.07142857142857142,0.5616666666666668,0.5,0.42857142857142855,2.6786666666666665,0.025512148148148155
0.16666666666666666,0.575,0.48333333333333334,0.5,1.236,0.0
0.06666666666666667,0.5233333333333333,0.5733333333333334,0.3333333333333333,2.8913333333333333,0.06581207407407408
0.07142857142857142,0.5616666666666668,0.4800000000000001,0.42857142857142855,2.530666666666667,0.0
0.09090909090909091,0.5833333333333334,0.6,0.36363636363636365,2.44,0.0
0.07142857142857142,0.5616666666666668,0.5233333333333333,0.42857142857142855,2.695333333333333,0.03408692592592594
0.09090909090909091,0.5666666666666667,0.6,0.36363636363636365,2.4113333333333333,0.0
0.07142857142857142,0.55,0.4800000000000001,0.42857142857142855,2.6666666666666665,0.03202222222222223
0.1,0.5683333333333334,0.6,0.4,2.128,0.0
0.07692307692307693,0.5366666666666667,0.4866666666666667,0.46153846153846156,2.3833333333333333,0.0
0.09090909090909091,0.5666666666666667,0.6,0.2727272727272727,2.3,0.001712592592592598
0.07142857142857142,0.53,0.5233333333333333,0.35714285714285715,2.5553333333333335,0.037041111111111115
0.09090909090909091,0.5666666666666667,0.6,0.45454545454545453,2.328666666666667,0.0
0.08333333333333333,0.5583333333333333,0.5933333333333334,0.25,2.437333333333333,0.018586296296296302
0.09090909090909091,0.5666666666666667,0.6,0.36363636363636365,2.2346666666666666,0.0
0.09090909090909091,0.5666666666666667,0.6,0.45454545454545453,2.388,0.0
0.09090909090909091,0.5666666666666667,0.6,0.2727272727272727,2.2226666666666666,0.0
0.1,0.5850000000000001,0.6,0.3,2.2466666666666666,0.0
0.125,0.5883333333333333,0.51,0.5,1.7386666666666666,0.0
0.09090909090909091,0.55,0.5,0.36363636363636365,1.992,0.0
0.1,0.5850000000000001,0.5333333333333333,0.3,2.048,0.0
0.1111111111111111,0.5866666666666667,0.5066666666666666,0.3333333333333333,1.8333333333333333,0.0
0.1,0.5850000000000001,0.6,0.4,2.224,0.0
0.125,0.5383333333333333,0.6,0.125,1.7553333333333334,0.0
0.1111111111111111,0.5866666666666667,0.5066666666666666,0.6666666666666666,1.9166666666666667,0.0
0.125,0.5883333333333333,0.51,0.5,1.784,0.0
0.09090909090909091,0.48333333333333334,0.5,0.2727272727272727,1.9553333333333334,0.0
0.1111111111111111,0.5866666666666667,0.5066666666666666,0.4444444444444444,1.8106666666666666,0.0
0.125,0.5883333333333333,0.46333333333333326,0.5,1.728,0.0
0.14285714285714285,0.59,0.45333333333333337,0.5714285714285714,1.4446666666666668,0.0
0.125,0.5549999999999999,0.6,0.375,1.8546666666666667,0.0
0.125,0.5883333333333333,0.44,0.625,1.7046666666666668,0.0
0.125,0.5716666666666667,0.4766666666666667,0.375,1.5226666666666666,0.0
0.125,0.45499999999999996,0.6,0.25,1.5953333333333333,0.0
0.125,0.56,0.6,0.375,1.7066666666666668,0.0
0.125,0.5766666666666667,0.51,0.625,1.8526666666666667,0.0
0.07692307692307693,0.5366666666666667,0.5866666666666667,0.23076923076923078,2.498666666666667,0.014859703703703712
0.07692307692307693,0.48333333333333334,0.5866666666666667,0.3076923076923077,2.5926666666666667,0.030750740740740752
0.14285714285714285,0.42000000000000004,0.6,0.14285714285714285,1.472,0.0
0.1111111111111111,0.4066666666666666,0.6,0.1111111111111111,1.7573333333333334,0.0
0.125,0.5883333333333333,0.51,0.625,1.716,0.0
0.125,0.5383333333333333,0.6,0.125,1.7993333333333332,0.0
0.1,0.535,0.6,0.1,2.0406666666666666,0.00131966666666667
0.1111111111111111,0.55,0.6,0.3333333333333333,1.9913333333333334,0.0
0.14285714285714285,0.5399999999999999,0.6,0.2857142857142857,1.5833333333333333,0.0
0.1111111111111111,0.5866666666666667,0.5399999999999999,0.4444444444444444,1.888,0.0
0.125,0.5883333333333333,0.5433333333333333,0.375,1.6166666666666667,0.0
0.125,0.5549999999999999,0.6,0.375,1.666,0.0
0.125,0.5716666666666667,0.4766666666666667,0.625,1.6286666666666667,0.0
0.08333333333333333,0.5433333333333333,0.53,0.25,2.1626666666666665,0.0
0.14285714285714285,0.59,0.5133333333333333,0.42857142857142855,1.5126666666666666,0.0
0.09090909090909091,0.5666666666666667,0.5,0.5454545454545454,2.194,0.0
0.1111111111111111,0.5700000000000001,0.5066666666666666,0.3333333333333333,1.7373333333333334,0.0
0.1111111111111111,0.5366666666666667,0.6,0.2222222222222222,1.8686666666666667,0.0
0.1111111111111111,0.5866666666666667,0.5066666666666666,0.4444444444444444,1.8453333333333333,0.0
0.08333333333333333,0.5433333333333333,0.5,0.4166666666666667,2.38,0.0
0.08333333333333333,0.5433333333333333,0.49333333333333335,0.4166666666666667,2.232,0.0
0.125,0.45,0.6,0.25,1.5546666666666666,0.0
0.08333333333333333,0.48333333333333334,0.53,0.3333333333333333,2.256666666666667,0.003748518518518526
0.1111111111111111,0.5866666666666667,0.5066666666666666,0.5555555555555556,1.9986666666666666,0.0
0.125,0.5033333333333333,0.6,0.375,1.708,0.0
0.09090909090909091,0.48333333333333334,0.5,0.36363636363636365,1.9313333333333333,0.0
0.125,0.5383333333333333,0.6,0.25,1.654,0.0
0.14285714285714285,0.5399999999999999,0.5266666666666667,0.42857142857142855,1.4406666666666668,0.0
0.14285714285714285,0.5166666666666667,0.5266666666666667,0.42857142857142855,1.4526666666666668,0.0
0.09090909090909091,0.5666666666666667,0.5333333333333333,0.45454545454545453,2.432,0.021634074074074076
0.1111111111111111,0.5733333333333334,0.5399999999999999,0.4444444444444444,1.9566666666666668,0.0
0.1111111111111111,0.5866666666666667,0.5066666666666666,0.5555555555555556,1.9393333333333334,0.0
0.1,0.5850000000000001,0.5033333333333333,0.5,2.199333333333333,0.0
0.14285714285714285,0.5566666666666666,0.38,0.5714285714285714,1.2306666666666666,0.0
0.125,0.5883333333333333,0.51,0.625,1.7233333333333334,0.0
0.1111111111111111,0.5866666666666667,0.5066666666666666,0.5555555555555556,1.9833333333333334,0.0
0.08333333333333333,0.5816666666666667,0.53,0.4166666666666667,2.4846666666666666,0.030931740740740753
0.07142857142857142,0.5616666666666668,0.5,0.35714285714285715,2.695333333333333,0.036208777777777784
0.07692307692307693,0.5633333333333332,0.49333333333333335,0.38461538461538464,2.4353333333333333,0.0
0.14285714285714285,0.59,0.5133333333333333,0.5714285714285714,1.496,0.0
0.1,0.5850000000000001,0.5333333333333333,0.4,1.9973333333333334,0.0
0.08333333333333333,0.5816666666666667,0.53,0.4166666666666667,2.296,0.0
0.16666666666666666,0.525,0.48333333333333334,0.3333333333333333,1.1833333333333333,0.0
0.07142857142857142,0.5783333333333334,0.5233333333333333,0.5,2.748,0.04999370370370371
0.06666666666666667,0.5666666666666667,0.52,0.4,2.9393333333333334,0.07551777777777778
0.125,0.5133333333333333,0.51,0.375,1.4933333333333334,0.0
0.09090909090909091,0.5333333333333333,0.5333333333333333,0.36363636363636365,2.1853333333333333,0.0027022222222222356
0.07692307692307693,0.5466666666666666,0.5266666666666667,0.38461538461538464,2.484,0.036736000000000005
0.2,0.45,0.5399999999999999,0.6,0.9486666666666667,0.0
0.07142857142857142,0.55,0.5800000000000001,0.2857142857142857,2.714,0.05171222222222223
0.1111111111111111,0.44333333333333336,0.5399999999999999,0.3333333333333333,1.71,0.0
0.09090909090909091,0.48333333333333334,0.5333333333333333,0.36363636363636365,2.0086666666666666,0.0
0.07692307692307693,0.5366666666666667,0.5266666666666667,0.46153846153846156,2.4606666666666666,0.013702888888888902
0.2,0.4633333333333333,0.5399999999999999,0.4,1.0166666666666666,0.0
0.125,0.4483333333333333,0.5433333333333333,0.25,1.518,0.0
0.1,0.55,0.6,0.4,2.106,0.0
0.14285714285714285,0.59,0.5133333333333333,0.42857142857142855,1.5466666666666666,0.0
0.1111111111111111,0.5366666666666667,0.6,0.3333333333333333,1.9246666666666667,0.0
0.14285714285714285,0.59,0.5133333333333333,0.5714285714285714,1.524,0.0
0.1111111111111111,0.5366666666666667,0.6,0.2222222222222222,1.9473333333333334,0.0
0.16666666666666666,0.5916666666666667,0.4666666666666667,0.5,1.2526666666666666,0.0
0.1,0.5516666666666666,0.6,0.3,2.2186666666666666,0.0
0.16666666666666666,0.5833333333333334,0.5166666666666667,0.5,1.4006666666666667,0.0
0.1,0.5533333333333333,0.6,0.3,2.070666666666667,0.0
0.1,0.5850000000000001,0.5033333333333333,0.5,2.215333333333333,0.0
0.16666666666666666,0.4,0.6,0.16666666666666666,1.256,0.0
0.14285714285714285,0.5399999999999999,0.6,0.14285714285714285,1.5393333333333334,0.0
0.1111111111111111,0.5866666666666667,0.5066666666666666,0.5555555555555556,1.932,0.0
0.1,0.5850000000000001,0.5366666666666667,0.4,2.104,0.0
0.16666666666666666,0.5416666666666666,0.6,0.3333333333333333,1.3673333333333333,0.0
0.1,0.5850000000000001,0.5033333333333333,0.6,2.1326666666666667,0.0
0.1,0.535,0.6,0.4,2.124,0.0
0.1111111111111111,0.5866666666666667,0.5066666666666666,0.4444444444444444,2.0,0.0
0.1111111111111111,0.5366666666666667,0.6,0.2222222222222222,1.9913333333333334,0.0
0.09090909090909091,0.5833333333333334,0.5333333333333333,0.36363636363636365,2.2413333333333334,0.0
0.09090909090909091,0.5333333333333333,0.6,0.18181818181818182,2.232666666666667,0.021795555555555568
0.1,0.5850000000000001,0.5033333333333333,0.5,2.038666666666667,0.0
0.1,0.5516666666666666,0.6,0.3,2.03,0.0
0.1,0.5850000000000001,0.5033333333333333,0.6,2.192,0.0
0.1,0.55,0.6,0.4,2.183333333333333,0.0
0.1,0.5850000000000001,0.5033333333333333,0.4,2.026666666666667,0.0
0.1,0.535,0.6,0.2,2.018,0.0
0.1111111111111111,0.5866666666666667,0.5066666666666666,0.5555555555555556,1.9993333333333334,0.0
0.1111111111111111,0.5533333333333333,0.6,0.2222222222222222,2.026666666666667,0.0
0.125,0.5883333333333333,0.46333333333333326,0.625,1.6453333333333333,0.0
0.08333333333333333,0.5583333333333333,0.5,0.3333333333333333,2.2266666666666666,0.0
0.08333333333333333,0.565,0.5,0.5,2.392,0.0
0.125,0.5716666666666667,0.52,0.375,1.6,0.0
0.1111111111111111,0.5566666666666666,0.6,0.2222222222222222,1.8786666666666667,0.0
0.125,0.5766666666666667,0.51,0.375,1.6873333333333334,0.0
0.07692307692307693,0.4733333333333334,0.5866666666666667,0.23076923076923078,2.4393333333333334,0.0
0.1111111111111111,0.5866666666666667,0.5066666666666666,0.4444444444444444,2.022,0.0
0.125,0.5766666666666667,0.51,0.5,1.876,0.0
0.08333333333333333,0.4783333333333334,0.53,0.25,2.1033333333333335,0.0
0.14285714285714285,0.5399999999999999,0.6,0.2857142857142857,1.6273333333333333,0.0
0.08333333333333333,0.565,0.5,0.3333333333333333,2.286,0.0
0.125,0.425,0.6,0.375,1.6486666666666667,0.0
0.1111111111111111,0.5366666666666667,0.6,0.3333333333333333,1.932,0.0
0.1,0.5850000000000001,0.5333333333333333,0.4,2.025333333333333,0.0
0.1111111111111111,0.5866666666666667,0.5333333333333333,0.3333333333333333,1.754,0.0
0.1111111111111111,0.5733333333333334,0.5333333333333333,0.3333333333333333,1.902,0.0
0.08333333333333333,0.5433333333333333,0.5900000000000001,0.4166666666666667,2.39,0.0
0.1111111111111111,0.5866666666666667,0.5066666666666666,0.5555555555555556,1.8226666666666667,0.0
0.125,0.5883333333333333,0.44,0.5,1.5513333333333332,0.0
0.125,0.5766666666666667,0.51,0.5,1.6993333333333334,0.0
0.08333333333333333,0.565,0.53,0.5,2.4086666666666665,0.0
0.125,0.41000000000000003,0.6,0.125,1.5426666666666666,0.0
0.14285714285714285,0.41333333333333333,0.6,0.14285714285714285,1.516,0.0
0.25,0.4583333333333333,0.5466666666666666,0.5,0.7493333333333333,0.0
0.08333333333333333,0.5816666666666667,0.5933333333333334,0.3333333333333333,2.722,0.06924418518518519
0.2,0.47,0.5399999999999999,0.4,0.9653333333333334,0.0
0.14285714285714285,0.59,0.6,0.2857142857142857,1.5433333333333332,0.0
0.1,0.5850000000000001,0.6,0.4,2.2106666666666666,0.0
0.08333333333333333,0.5816666666666667,0.53,0.4166666666666667,2.4406666666666665,0.012318407407407417
0.0625,0.575,0.5166666666666667,0.5,3.191333333333333,0.12188722222222222
0.5,0.47833333333333333,0.48333333333333334,0.5,0.4533333333333333,0.0
0.1111111111111111,0.5533333333333333,0.42000000000000004,0.4444444444444444,1.7066666666666668,0.0
0.2,0.47,0.46,0.2,0.956,0.0
0.06666666666666667,0.5766666666666667,0.52,0.5333333333333333,2.9753333333333334,0.08072051851851852
0.1111111111111111,0.5533333333333333,0.5,0.4444444444444444,1.8953333333333333,0.0
0.06666666666666667,0.5766666666666667,0.4933333333333333,0.4666666666666667,2.7746666666666666,0.03759866666666667
0.0625,0.5666666666666667,0.5166666666666667,0.375,3.199333333333333,0.1344511111111111
0.07692307692307693,0.5666666666666667,0.5,0.46153846153846156,2.698,0.014166666666666678
0.09090909090909091,0.5666666666666667,0.5,0.45454545454545453,2.3993333333333333,0.0
0.1,0.5516666666666666,0.6,0.3,1.9973333333333334,0.0
0.125,0.5033333333333333,0.6,0.25,1.6986666666666668,0.0
0.25,0.4233333333333333,0.6,0.0,0.96,0.0
0.0625,0.55,0.5666666666666667,0.3125,3.166,0.13003222222222224
0.07692307692307693,0.55,0.5800000000000001,0.38461538461538464,2.6646666666666667,0.013285555555555564
0.09090909090909091,0.55,0.5333333333333333,0.45454545454545453,2.0086666666666666,0.0
0.1111111111111111,0.5866666666666667,0.5399999999999999,0.3333333333333333,1.9106666666666667,0.0
0.1,0.5516666666666666,0.44,0.6,1.8833333333333333,0.0
0.09090909090909091,0.48333333333333334,0.5,0.45454545454545453,2.086,0.0
0.125,0.5883333333333333,0.51,0.375,1.8066666666666666,0.0
0.125,0.45,0.6,0.25,1.7433333333333334,0.0
0.125,0.5883333333333333,0.44,0.375,1.5393333333333334,0.0
0.1111111111111111,0.5866666666666667,0.5066666666666666,0.6666666666666666,1.976,0.0
0.14285714285714285,0.58,0.5133333333333333,0.5714285714285714,1.5926666666666667,0.0
0.125,0.55,0.6,0.5,1.8193333333333332,0.0
0.09090909090909091,0.5666666666666667,0.5,0.5454545454545454,2.1773333333333333,0.0
0.1,0.5516666666666666,0.44,0.5,1.906,0.0
0.1111111111111111,0.5533333333333333,0.6,0.2222222222222222,1.838,0.0
0.125,0.5549999999999999,0.52,0.5,1.712,0.0
0.125,0.5883333333333333,0.6,0.25,1.7593333333333334,0.0
0.2,0.5333333333333333,0.5399999999999999,0.4,1.0446666666666666,0.0
0.16666666666666666,0.525,0.5333333333333333,0.3333333333333333,1.2606666666666666,0.0
0.25,0.4683333333333334,0.46,0.25,0.74,0.0
0.125,0.5549999999999999,0.5,0.5,1.6793333333333333,0.0
0.16666666666666666,0.525,0.5,0.3333333333333333,1.2273333333333334,0.0
0.25,0.5416666666666666,0.5,0.5,0.9406666666666667,0.0
0.0625,0.575,0.48333333333333334,0.4375,2.990666666666667,0.07889
0.16666666666666666,0.5916666666666667,0.48333333333333334,0.6666666666666666,1.236,0.0
0.1111111111111111,0.5866666666666667,0.5333333333333333,0.4444444444444444,1.7373333333333334,0.0
0.1111111111111111,0.5733333333333334,0.5066666666666666,0.3333333333333333,1.9473333333333334,0.0
0.16666666666666666,0.43333333333333335,0.6,0.0,1.2466666666666666,0.0
0.06666666666666667,0.55,0.5733333333333334,0.26666666666666666,2.974,0.10891222222222224
0.125,0.4483333333333333,0.5433333333333333,0.375,1.45,0.0
0.07142857142857142,0.53,0.5233333333333333,0.42857142857142855,2.4873333333333334,0.002273111111111116
0.1111111111111111,0.5366666666666667,0.6,0.2222222222222222,1.914,0.0
0.14285714285714285,0.5399999999999999,0.6,0.42857142857142855,1.5606666666666666,0.0
0.125,0.5383333333333333,0.6,0.5,1.76,0.0
0.125,0.5766666666666667,0.51,0.625,1.7933333333333332,0.0
0.25,0.545,0.4233333333333333,0.75,0.8606666666666667,0.0
0.16666666666666666,0.5583333333333333,0.48333333333333334,0.6666666666666666,1.348,0.0
0.1,0.5850000000000001,0.6,0.2,2.1233333333333335,0.0
0.2,0.56,0.48666666666666664,0.6,1.156,0.0
0.1111111111111111,0.5866666666666667,0.6,0.2222222222222222,1.9073333333333333,0.0
0.16666666666666666,0.5583333333333333,0.48333333333333334,0.5,1.372,0.0
0.14285714285714285,0.47333333333333344,0.6,0.14285714285714285,1.4033333333333333,0.0
0.125,0.5549999999999999,0.42999999999999994,0.5,1.4906666666666666,0.0
0.05555555555555555,0.5716666666666667,0.51,0.4444444444444444,3.478,0.16848922222222223
0.1,0.5666666666666667,0.5,0.5,1.978,0.0
0.1,0.5850000000000001,0.5333333333333333,0.4,1.9533333333333334,0.0
0.08333333333333333,0.5483333333333333,0.53,0.4166666666666667,2.224,0.0
0.07142857142857142,0.55,0.5233333333333333,0.5,2.676,0.05052666666666668
0.0625,0.55,0.5166666666666667,0.4375,2.962666666666667,0.09604222222222224
0.2,0.5433333333333333,0.43333333333333335,0.8,1.06,0.0
0.125,0.5383333333333333,0.46333333333333326,0.5,1.5613333333333332,0.0
0.1,0.49,0.6,0.2,2.062666666666667,0.0
0.1,0.5516666666666666,0.4433333333333333,0.5,1.86,0.0
0.125,0.43333333333333335,0.6,0.0,1.6106666666666667,0.0
0.08333333333333333,0.55,0.43333333333333335,0.5833333333333334,2.312,0.0
0.07142857142857142,0.55,0.43333333333333335,0.5,2.5986666666666665,0.0
0.0625,0.5166666666666667,0.5833333333333334,0.25,3.054666666666667,0.1281792592592593
0.25,0.545,0.43333333333333335,0.75,0.868,0.0
0.07692307692307693,0.5366666666666667,0.5933333333333334,0.3076923076923077,2.5533333333333332,0.0192245925925926
0.09090909090909091,0.48333333333333334,0.6,0.2727272727272727,2.2546666666666666,0.0
0.1111111111111111,0.5533333333333333,0.45333333333333337,0.4444444444444444,1.668,0.0
0.09090909090909091,0.55,0.43333333333333335,0.5454545454545454,2.12,0.0
0.09090909090909091,0.5666666666666667,0.5,0.2727272727272727,2.0273333333333334,0.0
0.1111111111111111,0.5866666666666667,0.45333333333333337,0.6666666666666666,1.904,0.0
0.1,0.4466666666666666,0.6,0.1,1.9093333333333333,0.0
0.125,0.5666666666666667,0.5,0.375,1.526,0.0
0.08333333333333333,0.58,0.5233333333333333,0.5,2.4053333333333335,0.0
0.1,0.5850000000000001,0.6,0.3,2.0993333333333335,0.0
0.0625,0.4583333333333333,0.5833333333333334,0.25,2.9953333333333334,0.09968240740740741
0.09090909090909091,0.55,0.5,0.5454545454545454,2.288,0.0
0.1111111111111111,0.5866666666666667,0.5333333333333333,0.3333333333333333,1.6433333333333333,0.0
0.1,0.5700000000000001,0.6,0.2,2.271333333333333,0.012654
0.08333333333333333,0.565,0.5233333333333333,0.5,2.3646666666666665,0.0
0.2,0.5866666666666667,0.52,0.6,1.1846666666666668,0.0
0.1,0.5666666666666667,0.5,0.5,1.9186666666666667,0.0
0.09090909090909091,0.43333333333333335,0.6,0.18181818181818182,2.1013333333333333,0.0
0.1111111111111111,0.55,0.45333333333333337,0.5555555555555556,1.8213333333333332,0.0
0.16666666666666666,0.5416666666666666,0.55,0.3333333333333333,1.2773333333333334,0.0
0.25,0.5416666666666666,0.49,0.5,0.8966666666666666,0.0
0.16666666666666666,0.48333333333333334,0.4666666666666667,0.5,1.1326666666666667,0.0
0.14285714285714285,0.58,0.5133333333333333,0.5714285714285714,1.6593333333333333,0.0
0.09090909090909091,0.43333333333333335,0.6,0.2727272727272727,2.195333333333333,0.0
0.1111111111111111,0.5533333333333333,0.45333333333333337,0.4444444444444444,1.7273333333333334,0.0
0.1111111111111111,0.43333333333333335,0.6,0.1111111111111111,1.8026666666666666,0.0
0.1,0.49166666666666664,0.6,0.3,1.938,0.0
0.25,0.5783333333333334,0.38,0.5,0.638,0.0
0.1,0.49166666666666664,0.5033333333333333,0.2,1.9446666666666668,0.0
0.125,0.5766666666666667,0.46333333333333326,0.75,1.6473333333333333,0.0
0.1111111111111111,0.5733333333333334,0.5066666666666666,0.6666666666666666,2.052,0.0
0.25,0.565,0.49333333333333335,0.5,0.9133333333333333,0.0
0.06666666666666667,0.46333333333333326,0.5866666666666667,0.2,2.8033333333333332,0.08297785185185184
0.2,0.55,0.42,0.8,1.1193333333333333,0.0
0.09090909090909091,0.43333333333333335,0.6,0.09090909090909091,2.046666666666667,0.0
0.1111111111111111,0.55,0.5133333333333333,0.6666666666666666,1.876,0.0
0.09090909090909091,0.43333333333333335,0.6,0.0,2.112,0.00818518518518519
0.16666666666666666,0.5416666666666666,0.4666666666666667,0.3333333333333333,1.2,0.0
0.14285714285714285,0.53,0.5333333333333333,0.2857142857142857,1.4146666666666667,0.0
0.09090909090909091,0.43333333333333335,0.6,0.18181818181818182,2.1406666666666667,0.0
0.1111111111111111,0.5533333333333333,0.5133333333333333,0.5555555555555556,1.782,0.0
0.125,0.5766666666666667,0.6,0.25,1.9073333333333333,0.0
0.14285714285714285,0.58,0.5133333333333333,0.5714285714285714,1.66,0.0
0.08333333333333333,0.48333333333333334,0.5,0.3333333333333333,2.3373333333333335,0.0
0.16666666666666666,0.575,0.4666666666666667,0.6666666666666666,1.3653333333333333,0.0
0.16666666666666666,0.525,0.43333333333333335,0.3333333333333333,1.0386666666666666,0.0
0.14285714285714285,0.5399999999999999,0.4733333333333334,0.42857142857142855,1.3693333333333333,0.0
0.16666666666666666,0.5666666666666667,0.48333333333333334,0.5,1.1953333333333334,0.0
0.1,0.5516666666666666,0.6,0.4,2.264,0.0
0.25,0.555,0.5566666666666666,0.25,0.868,0.0
0.2,0.5866666666666667,0.52,0.4,1.2073333333333334,0.0
0.125,0.5183333333333333,0.5333333333333333,0.375,1.614,0.0
0.06666666666666667,0.5666666666666667,0.52,0.4666666666666667,3.112,0.11756444444444446
0.14285714285714285,0.53,0.5333333333333333,0.42857142857142855,1.398,0.0
0.1,0.5700000000000001,0.5333333333333333,0.4,2.1013333333333333,0.0
0.16666666666666666,0.5833333333333334,0.5166666666666667,0.5,1.3993333333333333,0.0
0.1111111111111111,0.5533333333333333,0.6,0.4444444444444444,2.048,0.0
0.2,0.5399999999999999,0.5533333333333333,0.2,1.084,0.0
0.125,0.5083333333333333,0.5,0.5,1.62,0.0
0.2,0.43333333333333335,0.5399999999999999,0.0,0.9106666666666666,0.0
0.06666666666666667,0.55,0.5733333333333334,0.4666666666666667,3.012,0.08125333333333333
0.09090909090909091,0.5666666666666667,0.6,0.2727272727272727,2.4633333333333334,0.03434000000000001
0.1,0.4383333333333333,0.6,0.2,2.0033333333333334,0.0
0.1,0.5516666666666666,0.4433333333333333,0.5,1.9193333333333333,0.0
0.14285714285714285,0.5566666666666666,0.48000000000000004,0.5714285714285714,1.564,0.0
0.14285714285714285,0.45333333333333337,0.5266666666666667,0.2857142857142857,1.3033333333333332,0.0
0.07692307692307693,0.55,0.5866666666666667,0.38461538461538464,2.6193333333333335,0.027316666666666666
0.14285714285714285,0.58,0.5466666666666666,0.2857142857142857,1.5713333333333332,0.0
0.07692307692307693,0.55,0.5,0.38461538461538464,2.42,0.0
0.1111111111111111,0.48333333333333334,0.5066666666666666,0.3333333333333333,1.634,0.0
0.125,0.495,0.6,0.125,1.784,0.0
0.07692307692307693,0.43333333333333335,0.5933333333333334,0.15384615384615385,2.5046666666666666,0.05068074074074075
0.14285714285714285,0.5566666666666666,0.41333333333333333,0.7142857142857143,1.418,0.0
0.16666666666666666,0.5416666666666666,0.48333333333333334,0.6666666666666666,1.306,0.0
0.2,0.58,0.48000000000000004,0.6,1.172,0.0
0.1111111111111111,0.5733333333333334,0.5066666666666666,0.5555555555555556,1.958,0.0
0.2,0.5533333333333333,0.48000000000000004,0.6,1.1053333333333333,0.0
0.08333333333333333,0.5433333333333333,0.5966666666666666,0.25,2.3613333333333335,0.0
0.1,0.5516666666666666,0.5,0.6,2.072,0.0
0.125,0.5766666666666667,0.5333333333333333,0.25,1.7086666666666666,0.0
0.1111111111111111,0.4966666666666667,0.5133333333333333,0.4444444444444444,1.7553333333333334,0.0
0.09090909090909091,0.55,0.6,0.2727272727272727,2.167333333333333,0.0
0.1,0.5700000000000001,0.5333333333333333,0.4,1.9126666666666667,0.0
0.16666666666666666,0.525,0.48333333333333334,0.6666666666666666,1.2893333333333334,0.0
0.14285714285714285,0.51,0.5266666666666667,0.2857142857142857,1.3626666666666667,0.0
0.07692307692307693,0.5466666666666666,0.5866666666666667,0.38461538461538464,2.56,0.010423111111111116
0.16666666666666666,0.4166666666666667,0.6,0.0,1.324,0.0
0.14285714285714285,0.58,0.5133333333333333,0.7142857142857143,1.6366666666666667,0.0
0.08333333333333333,0.5483333333333333,0.5966666666666666,0.25,2.538,0.05791618518518519
0.14285714285714285,0.58,0.5333333333333333,0.2857142857142857,1.304,0.0
0.07692307692307693,0.5366666666666667,0.5,0.46153846153846156,2.5733333333333333,0.01524133333333334
0.2,0.5866666666666667,0.48000000000000004,0.4,1.0186666666666666,0.0
0.07142857142857142,0.5666666666666667,0.5233333333333333,0.5,2.852,0.05863111111111112
0.5,0.475,0.39333333333333337,1.0,0.38533333333333336,0.0
0.08333333333333333,0.565,0.5966666666666666,0.25,2.7466666666666666,0.10878133333333333
0.2,0.5333333333333333,0.48666666666666664,0.6,1.0886666666666667,0.0
0.1111111111111111,0.5533333333333333,0.5133333333333333,0.3333333333333333,1.6613333333333333,0.0
0.09090909090909091,0.5333333333333333,0.6,0.36363636363636365,2.2613333333333334,0.0
0.14285714285714285,0.58,0.5133333333333333,0.5714285714285714,1.6,0.0
0.2,0.5233333333333333,0.5399999999999999,0.4,1.076,0.0
0.14285714285714285,0.45333333333333337,0.4733333333333334,0.2857142857142857,1.1806666666666668,0.0
0.09090909090909091,0.5666666666666667,0.5,0.5454545454545454,2.4113333333333333,0.0
0.1111111111111111,0.5366666666666667,0.6,0.3333333333333333,1.8473333333333333,0.0
0.25,0.4683333333333334,0.38999999999999996,0.5,0.672,0.0
0.16666666666666666,0.55,0.4666666666666667,0.6666666666666666,1.3793333333333333,0.0
0.07142857142857142,0.53,0.5900000000000001,0.35714285714285715,2.708666666666667,0.06413
0.25,0.545,0.48000000000000004,0.5,0.9273333333333333,0.0
0.125,0.5083333333333333,0.52,0.25,1.5473333333333332,0.0
0.125,0.5549999999999999,0.4766666666666667,0.375,1.6586666666666667,0.0
0.14285714285714285,0.5166666666666667,0.48000000000000004,0.42857142857142855,1.3753333333333333,0.0
0.125,0.5549999999999999,0.4766666666666667,0.5,1.6353333333333333,0.0
0.1,0.5700000000000001,0.5333333333333333,0.4,1.9566666666666668,0.0
0.125,0.5083333333333333,0.4766666666666667,0.5,1.576,0.0
0.125,0.5666666666666667,0.4766666666666667,0.375,1.482,0.0
0.1111111111111111,0.5,0.5066666666666666,0.2222222222222222,1.6846666666666668,0.0
0.1,0.5700000000000001,0.6,0.3,2.171333333333333,0.0
0.1111111111111111,0.5733333333333334,0.5066666666666666,0.4444444444444444,1.9466666666666668,0.0
0.125,0.5766666666666667,0.51,0.375,1.7313333333333334,0.0
0.1111111111111111,0.5733333333333334,0.5066666666666666,0.5555555555555556,1.9233333333333333,0.0
0.1111111111111111,0.5733333333333334,0.5066666666666666,0.5555555555555556,1.864,0.0
0.1111111111111111,0.4966666666666667,0.5066666666666666,0.4444444444444444,1.822,0.0
0.125,0.5549999999999999,0.4533333333333333,0.625,1.6193333333333333,0.0
0.125,0.5183333333333333,0.5433333333333333,0.25,1.564,0.0
0.1111111111111111,0.5066666666666667,0.6,0.2222222222222222,1.9,0.0
0.125,0.565,0.46333333333333326,0.375,1.6753333333333333,0.0
0.14285714285714285,0.53,0.5133333333333333,0.2857142857142857,1.46,0.0
0.1,0.5666666666666667,0.5033333333333333,0.4,1.94,0.0
0.125,0.5183333333333333,0.46333333333333326,0.5,1.5926666666666667,0.0
0.1,0.5666666666666667,0.5033333333333333,0.4,1.9993333333333334,0.0
0.125,0.5766666666666667,0.44,0.375,1.4986666666666666,0.0
0.1,0.5516666666666666,0.5033333333333333,0.5,2.0933333333333333,0.0
0.1111111111111111,0.5066666666666667,0.5333333333333333,0.2222222222222222,1.7013333333333334,0.0
0.1111111111111111,0.5666666666666667,0.5,0.6666666666666666,1.8906666666666667,0.0
0.1111111111111111,0.5733333333333334,0.5399999999999999,0.2222222222222222,1.858,0.0
0.1,0.5700000000000001,0.6,0.2,2.194,0.0
0.125,0.5766666666666667,0.51,0.375,1.686,0.0
0.125,0.5766666666666667,0.51,0.25,1.754,0.0
0.1111111111111111,0.5733333333333334,0.5066666666666666,0.4444444444444444,1.946,0.0
0.1111111111111111,0.5733333333333334,0.5066666666666666,0.4444444444444444,1.8866666666666667,0.0
0.1111111111111111,0.5733333333333334,0.5066666666666666,0.3333333333333333,1.7926666666666666,0.0
0.1111111111111111,0.4966666666666667,0.5066666666666666,0.5555555555555556,1.7993333333333332,0.0
0.1,0.5700000000000001,0.5333333333333333,0.2,1.9953333333333334,0.0
0.125,0.5549999999999999,0.4533333333333333,0.75,1.5966666666666667,0.0
0.1,0.5683333333333334,0.5033333333333333,0.4,1.792,0.0
0.1,0.5683333333333334,0.5033333333333333,0.4,1.8513333333333333,0.0
0.1,0.5533333333333333,0.5033333333333333,0.5,1.9453333333333334,0.0
0.1111111111111111,0.5700000000000001,0.44666666666666666,0.6666666666666666,1.7426666666666666,0.0
0.1111111111111111,0.5733333333333334,0.5399999999999999,0.3333333333333333,1.8353333333333333,0.0
0.1,0.49166666666666664,0.5366666666666667,0.3,1.8166666666666667,0.0
0.1,0.5516666666666666,0.5366666666666667,0.3,1.876,0.0
0.1111111111111111,0.5533333333333333,0.5133333333333333,0.5555555555555556,1.7673333333333334,0.0
0.09090909090909091,0.48333333333333334,0.6,0.2727272727272727,2.1526666666666667,0.0
0.09090909090909091,0.55,0.6,0.2727272727272727,2.212,0.0
0.09090909090909091,0.48333333333333334,0.6,0.36363636363636365,2.306,0.0
0.1111111111111111,0.5733333333333334,0.5066666666666666,0.3333333333333333,1.9693333333333334,0.0
0.1,0.5516666666666666,0.5033333333333333,0.4,1.9873333333333334,0.0
0.1,0.55,0.5033333333333333,0.5,2.0813333333333333,0.0
0.1111111111111111,0.5533333333333333,0.44666666666666666,0.6666666666666666,1.8786666666666667,0.0
0.14285714285714285,0.53,0.45333333333333337,0.42857142857142855,1.392,0.0
0.1111111111111111,0.5,0.5066666666666666,0.4444444444444444,1.6446666666666667,0.0
0.1111111111111111,0.5533333333333333,0.5066666666666666,0.4444444444444444,1.704,0.0
0.1111111111111111,0.4966666666666667,0.5066666666666666,0.5555555555555556,1.798,0.0
0.125,0.5549999999999999,0.4533333333333333,0.75,1.5953333333333333,0.0
0.1111111111111111,0.5,0.5066666666666666,0.3333333333333333,1.6686666666666667,0.0
0.125,0.565,0.44,0.5,1.652,0.0
0.1111111111111111,0.5,0.5066666666666666,0.4444444444444444,1.646,0.0
0.1,0.5516666666666666,0.5033333333333333,0.4,1.928,0.0
0.1111111111111111,0.5533333333333333,0.5066666666666666,0.3333333333333333,1.728,0.0
0.1111111111111111,0.5533333333333333,0.5066666666666666,0.4444444444444444,1.7053333333333334,0.0
0.1,0.5549999999999999,0.5333333333333333,0.5,2.11,0.0
0.1111111111111111,0.5733333333333334,0.5066666666666666,0.4444444444444444,1.77,0.0
0.1,0.49,0.5366666666666667,0.4,1.97,0.0
0.1111111111111111,0.5733333333333334,0.5066666666666666,0.6666666666666666,1.9073333333333333,0.0
0.1,0.5700000000000001,0.5333333333333333,0.3,1.9726666666666666,0.0
0.1,0.5516666666666666,0.6,0.5,2.1033333333333335,0.0
0.3333333333333333,0.4266666666666667,0.39333333333333337,0.3333333333333333,0.4786666666666667,0.0
0.07692307692307693,0.5633333333333332,0.5933333333333334,0.3076923076923077,2.94,0.133873037037037
0.1,0.5549999999999999,0.6,0.3,2.158,0.0
0.2,0.5399999999999999,0.48000000000000004,0.4,0.9826666666666667,0.0
0.09090909090909091,0.55,0.6,0.2727272727272727,2.436,0.03566444444444445
0.09090909090909091,0.55,0.6,0.2727272727272727,2.374,0.0
0.125,0.565,0.46333333333333326,0.375,1.674,0.0
0.16666666666666666,0.525,0.4666666666666667,0.3333333333333333,1.1986666666666668,0.0
0.07692307692307693,0.5633333333333332,0.5866666666666667,0.3076923076923077,2.8613333333333335,0.07418474074074075
0.1,0.5700000000000001,0.5033333333333333,0.4,2.1613333333333333,0.0
0.1111111111111111,0.5733333333333334,0.5066666666666666,0.5555555555555556,2.1126666666666667,0.0
0.14285714285714285,0.4866666666666667,0.45333333333333337,0.14285714285714285,1.0866666666666667,0.0
0.09090909090909091,0.5666666666666667,0.5,0.6363636363636364,2.505333333333333,0.0
0.2,0.43333333333333335,0.48000000000000004,0.0,0.788,0.0
0.07692307692307693,0.5666666666666667,0.5,0.6153846153846154,2.804,0.022842962962962975
0.1111111111111111,0.5733333333333334,0.5333333333333333,0.2222222222222222,1.5906666666666667,0.0
0.1111111111111111,0.5533333333333333,0.5,0.6666666666666666,2.001333333333333,0.0
0.14285714285714285,0.51,0.5333333333333333,0.14285714285714285,1.292,0.0
0.09090909090909091,0.5666666666666667,0.5,0.6363636363636364,2.3,0.0
0.08333333333333333,0.5583333333333333,0.5233333333333333,0.3333333333333333,2.199333333333333,0.0
0.16666666666666666,0.5583333333333333,0.5,0.6666666666666666,1.3926666666666667,0.0
0.1,0.5700000000000001,0.5333333333333333,0.2,1.8066666666666666,0.0
0.125,0.5549999999999999,0.5,0.75,1.7853333333333334,0.0
0.125,0.495,0.5333333333333333,0.125,1.508,0.0
0.1,0.5666666666666667,0.5,0.7,2.084,0.0
0.0625,0.5666666666666667,0.5166666666666667,0.4375,3.1386666666666665,0.10552592592592593
0.07142857142857142,0.5666666666666667,0.5233333333333333,0.35714285714285715,2.6866666666666665,0.03261481481481481
0.25,0.53,0.47000000000000003,0.75,0.9053333333333333,0.0
0.08333333333333333,0.5666666666666667,0.53,0.25,2.294,0.0
0.16666666666666666,0.5166666666666667,0.4666666666666667,0.8333333333333334,1.298,0.0
0.14285714285714285,0.4866666666666667,0.5466666666666666,0.14285714285714285,1.164,0.0
0.09090909090909091,0.55,0.6,0.5454545454545454,2.472,0.0
0.07692307692307693,0.55,0.5800000000000001,0.5384615384615384,2.7706666666666666,0.021706666666666676
0.125,0.55,0.4533333333333333,0.75,1.772,0.0
0.125,0.41000000000000003,0.6,0.0,1.5653333333333332,0.0
0.1,0.5516666666666666,0.44,0.7,2.070666666666667,0.0
0.0625,0.55,0.5833333333333334,0.375,3.184,0.16023333333333334
0.5,0.43,0.49,0.5,0.452,0.0
0.07142857142857142,0.545,0.5900000000000001,0.2857142857142857,2.732,0.08865333333333335
0.25,0.53,0.47000000000000003,0.75,0.904,0.0
0.08333333333333333,0.5483333333333333,0.5966666666666666,0.16666666666666666,2.3393333333333333,0.03542233333333335
0.16666666666666666,0.5166666666666667,0.4666666666666667,0.8333333333333334,1.2966666666666666,0.0
0.14285714285714285,0.58,0.5133333333333333,0.42857142857142855,1.4713333333333334,0.0
0.14285714285714285,0.58,0.5133333333333333,0.2857142857142857,1.494,0.0
0.1,0.5700000000000001,0.5366666666666667,0.3,2.0513333333333335,0.0
0.09090909090909091,0.5666666666666667,0.6,0.2727272727272727,2.3873333333333333,0.0
0.1,0.5700000000000001,0.5033333333333333,0.4,2.1626666666666665,0.0
0.1111111111111111,0.5733333333333334,0.5066666666666666,0.4444444444444444,1.8793333333333333,0.0
0.3333333333333333,0.5466666666666666,0.4,0.6666666666666666,0.5313333333333333,0.0
0.1,0.5700000000000001,0.5033333333333333,0.5,2.1393333333333335,0.0
0.1,0.5700000000000001,0.5033333333333333,0.5,2.08,0.0
0.1,0.5700000000000001,0.5033333333333333,0.4,1.986,0.0
0.09090909090909091,0.5666666666666667,0.5333333333333333,0.2727272727272727,2.1886666666666668,0.0
0.1,0.51,0.5033333333333333,0.3,1.9073333333333333,0.0
0.1111111111111111,0.5433333333333333,0.5066666666666666,0.3333333333333333,1.8873333333333333,0.0
0.18181818181818182,0.5333333333333333,0.5333333333333333,0.45454545454545453,2.550666666666667,0.03863703703703704
0.07692307692307693,0.4966666666666667,0.5266666666666667,0.3076923076923077,2.5246666666666666,0.0007615555555555545
0.1111111111111111,0.5333333333333333,0.5066666666666666,0.3333333333333333,1.7046666666666668,0.0
0.1,0.5700000000000001,0.5033333333333333,0.5,2.164,0.0
0.14285714285714285,0.58,0.5,0.5714285714285714,1.6553333333333333,0.0
0.14285714285714285,0.5366666666666667,0.5133333333333333,0.5714285714285714,1.63,0.0
0.1,0.5700000000000001,0.5033333333333333,0.6,2.4013333333333335,0.0
0.09090909090909091,0.5666666666666667,0.5333333333333333,0.6363636363636364,2.646,0.0
0.1,0.51,0.5033333333333333,0.3,1.9273333333333333,0.0
0.1,0.5216666666666666,0.5033333333333333,0.4,2.0966666666666667,0.0
0.125,0.5766666666666667,0.5,0.5,1.7953333333333332,0.0
0.1,0.5383333333333333,0.5033333333333333,0.4,2.259333333333333,0.0
0.08333333333333333,0.575,0.53,0.3333333333333333,2.4426666666666668,0.0
0.058823529411764705,0.5233333333333333,0.5,0.35294117647058826,3.240666666666667,0.07127800000000001
0.07692307692307693,0.5800000000000001,0.5,0.3076923076923077,2.55,0.0
0.1111111111111111,0.5733333333333334,0.5066666666666666,0.4444444444444444,1.9466666666666668,0.0
0.125,0.5416666666666666,0.51,0.375,1.7726666666666666,0.0
0.125,0.5416666666666666,0.51,0.375,1.8026666666666666,0.0
0.07692307692307693,0.5533333333333333,0.5,0.38461538461538464,2.5473333333333334,0.0
0.14285714285714285,0.5433333333333333,0.5333333333333333,0.5714285714285714,1.7146666666666666,0.0
0.2,0.5700000000000001,0.5033333333333333,0.5,2.36,0.0
0.08333333333333333,0.515,0.5,0.3333333333333333,2.316,0.0
0.25,0.4616666666666667,0.45666666666666667,0.25,0.7353333333333333,0.0
0.08333333333333333,0.5616666666666668,0.5,0.4166666666666667,2.7026666666666666,0.044958296296296316
0.25,0.5416666666666666,0.51,0.375,1.86,0.0
0.1,0.5366666666666667,0.5033333333333333,0.6,2.258,0.0
0.14285714285714285,0.5233333333333333,0.5133333333333333,0.5714285714285714,1.6013333333333333,0.0
0.07692307692307693,0.5566666666666668,0.5,0.46153846153846156,2.8786666666666667,0.03241037037037038
0.125,0.5299999999999999,0.51,0.375,1.4773333333333334,0.0
0.2,0.49333333333333335,0.5066666666666666,0.4,0.98,0.0
0.07142857142857142,0.49500000000000005,0.5,0.21428571428571427,2.514,0.0
0.09090909090909091,0.5166666666666667,0.5,0.2727272727272727,2.1046666666666667,0.0
0.14285714285714285,0.58,0.5133333333333333,0.5714285714285714,1.62,0.0
0.1111111111111111,0.5700000000000001,0.5333333333333333,0.5555555555555556,2.195333333333333,0.0
0.08333333333333333,0.5783333333333334,0.4966666666666667,0.3333333333333333,2.421333333333333,0.0
0.1,0.5850000000000001,0.5333333333333333,0.4,2.042666666666667,0.0
0.0625,0.525,0.5,0.25,2.9846666666666666,0.07595
0.14285714285714285,0.5433333333333333,0.49333333333333335,0.2857142857142857,1.528,0.0
0.14285714285714285,0.55,0.5133333333333333,0.42857142857142855,1.6326666666666667,0.0
0.1,0.51,0.5033333333333333,0.3,1.8773333333333333,0.0
0.08333333333333333,0.5966666666666666,0.5,0.5,2.6666666666666665,0.01584481481481481
0.07692307692307693,0.53,0.5,0.3076923076923077,2.726,0.05274088888888889
0.09090909090909091,0.5333333333333333,0.5,0.36363636363636365,2.296,0.0
0.09090909090909091,0.5833333333333334,0.5,0.45454545454545453,2.4313333333333333,0.0
0.07692307692307693,0.5266666666666667,0.5,0.38461538461538464,2.5553333333333335,0.0
0.18181818181818182,0.5166666666666667,0.5,0.36363636363636365,2.243333333333333,0.0
0.06666666666666667,0.5266666666666667,0.5,0.26666666666666666,2.7573333333333334,0.03229051851851853
0.08333333333333333,0.5633333333333332,0.5,0.5,2.656,0.0
0.09090909090909091,0.5333333333333333,0.5,0.36363636363636365,2.326,0.0
0.1,0.5700000000000001,0.5033333333333333,0.5,2.252666666666667,0.0
0.1111111111111111,0.5066666666666667,0.5,0.1111111111111111,1.534,0.0
0.07142857142857142,0.5283333333333334,0.5,0.42857142857142855,2.996,0.06254292592592595
0.08333333333333333,0.515,0.5,0.25,2.2746666666666666,0.0
0.08333333333333333,0.5633333333333332,0.5,0.5,2.574666666666667,0.0
0.09090909090909091,0.5333333333333333,0.5,0.5454545454545454,2.529333333333333,0.0
0.09090909090909091,0.5166666666666667,0.5,0.2727272727272727,2.1346666666666665,0.0
0.09090909090909091,0.5166666666666667,0.5,0.36363636363636365,2.196,0.0
0.08333333333333333,0.5166666666666667,0.5,0.16666666666666666,2.1866666666666665,0.0
0.09090909090909091,0.5333333333333333,0.5333333333333333,0.45454545454545453,2.406,0.0
0.1111111111111111,0.5866666666666667,0.5066666666666666,0.5555555555555556,2.220666666666667,0.0
0.125,0.5366666666666667,0.48666666666666664,0.25,1.668,0.0
0.08333333333333333,0.575,0.53,0.3333333333333333,2.4726666666666666,0.008752777777777776
0.125,0.5316666666666666,0.5,0.375,1.6193333333333333,0.0
0.14285714285714285,0.5533333333333333,0.5133333333333333,0.5714285714285714,1.6893333333333334,0.0
0.3333333333333333,0.3266666666666667,0.46,0.0,0.4666666666666667,0.0
0.07692307692307693,0.5733333333333335,0.49333333333333335,0.38461538461538464,2.69,0.026386074074074093
0.1,0.5700000000000001,0.5033333333333333,0.5,2.272666666666667,0.0
0.09090909090909091,0.5333333333333333,0.4666666666666667,0.36363636363636365,2.1246666666666667,0.0
0.25,0.5766666666666667,0.5,0.5,1.8826666666666667,0.0
0.09090909090909091,0.5166666666666667,0.5,0.2727272727272727,2.1546666666666665,0.0
0.09090909090909091,0.5166666666666667,0.5,0.36363636363636365,2.13,0.0
0.1111111111111111,0.5266666666666667,0.5333333333333333,0.6666666666666666,2.1433333333333335,0.0
0.08333333333333333,0.475,0.4966666666666667,0.08333333333333333,2.0006666666666666,0.0
0.25,0.5466666666666666,0.5233333333333333,1.0,1.0133333333333334,0.0
0.1,0.6,0.5,0.2,1.8966666666666667,0.0
0.09090909090909091,0.6,0.5,0.18181818181818182,2.0366666666666666,0.0
0.1111111111111111,0.5433333333333333,0.5066666666666666,0.4444444444444444,1.9286666666666668,0.0
0.08333333333333333,0.5633333333333332,0.5,0.5833333333333334,2.760666666666667,0.013632666666666664
0.125,0.48833333333333334,0.51,0.25,1.5133333333333334,0.0
0.08333333333333333,0.5316666666666666,0.5,0.3333333333333333,2.498666666666667,0.008589370370370372
0.125,0.5366666666666667,0.48666666666666664,0.25,1.648,0.0
0.2,0.5383333333333333,0.5033333333333333,0.5,2.342,0.0
0.1,0.5700000000000001,0.5033333333333333,0.5,1.9773333333333334,0.0
0.08333333333333333,0.5316666666666666,0.5,0.4166666666666667,2.5813333333333333,0.012700925925925933
0.08333333333333333,0.4983333333333333,0.53,0.3333333333333333,2.3846666666666665,0.0
0.125,0.5766666666666667,0.5,0.5,1.8253333333333333,0.0
0.09090909090909091,0.5166666666666667,0.5,0.2727272727272727,2.166,0.0
0.1111111111111111,0.52,0.47333333333333333,0.3333333333333333,1.7106666666666666,0.0
0.09090909090909091,0.5333333333333333,0.5333333333333333,0.5454545454545454,2.442,0.0
0.2,0.5850000000000001,0.5333333333333333,0.4,2.425333333333333,0.034762000000000015
0.125,0.5883333333333333,0.51,0.5,1.9233333333333333,0.0
0.1111111111111111,0.5866666666666667,0.5066666666666666,0.5555555555555556,2.192,0.0
0.09090909090909091,0.6,0.5,0.36363636363636365,2.3366666666666664,0.0
0.06666666666666667,0.5666666666666667,0.5,0.26666666666666666,3.026666666666667,0.13879555555555556
0.125,0.5316666666666666,0.51,0.5,1.77,0.0
0.07142857142857142,0.5233333333333333,0.5,0.35714285714285715,2.675333333333333,0.0024538518518518624
0.08333333333333333,0.5616666666666668,0.5,0.4166666666666667,2.5993333333333335,0.0011857407407407454
0.15384615384615385,0.53,0.5,0.38461538461538464,2.808666666666667,0.05683955555555557
0.1,0.5383333333333333,0.5033333333333333,0.4,2.0686666666666667,0.0
0.16666666666666666,0.5316666666666666,0.5,0.3333333333333333,2.54,0.028450074074074076
0.14285714285714285,0.58,0.5133333333333333,0.7142857142857143,1.7486666666666666,0.0
0.08333333333333333,0.56,0.5,0.4166666666666667,2.4273333333333333,0.0
0.14285714285714285,0.58,0.5133333333333333,0.5714285714285714,1.7073333333333334,0.0
0.08333333333333333,0.5783333333333334,0.4966666666666667,0.4166666666666667,2.462666666666667,0.0
0.1,0.5233333333333333,0.5033333333333333,0.2,2.098,0.0
0.08333333333333333,0.5316666666666666,0.5,0.25,2.457333333333333,0.024338518518518516
0.08333333333333333,0.5316666666666666,0.5,0.5,2.516,0.0
0.16666666666666666,0.5416666666666666,0.48333333333333334,0.5,1.2353333333333334,0.0
0.0625,0.5583333333333333,0.5166666666666667,0.375,3.298,0.1368537037037037
0.058823529411764705,0.5533333333333333,0.5133333333333333,0.4117647058823529,3.566666666666667,0.16536059259259261
0.125,0.5483333333333333,0.51,0.5,1.8293333333333333,0.0
0.08333333333333333,0.5166666666666667,0.5,0.4166666666666667,2.496,0.0
0.16666666666666666,0.5833333333333334,0.5166666666666667,0.6666666666666666,1.48,0.0
0.08333333333333333,0.5316666666666666,0.53,0.5,2.6693333333333333,0.0
0.09090909090909091,0.5333333333333333,0.5,0.36363636363636365,2.276,0.0
0.1,0.5700000000000001,0.5033333333333333,0.6,2.308666666666667,0.0
0.16666666666666666,0.5166666666666667,0.5166666666666667,0.5,1.306,0.0
0.16666666666666666,0.55,0.5,0.3333333333333333,1.3006666666666666,0.0
0.125,0.5766666666666667,0.51,0.625,1.8886666666666667,0.0
0.1,0.5399999999999999,0.5,0.5,2.192,0.0
0.07142857142857142,0.5283333333333334,0.5,0.42857142857142855,2.774,0.0
0.07692307692307693,0.53,0.5,0.46153846153846156,2.763333333333333,0.0
0.07142857142857142,0.5566666666666668,0.5,0.5714285714285714,3.0193333333333334,0.0
0.25,0.3233333333333333,0.49,0.0,0.6366666666666667,0.0
0.07692307692307693,0.5700000000000001,0.5,0.23076923076923078,2.612,0.08575333333333335
0.2222222222222222,0.5333333333333333,0.5066666666666666,0.4444444444444444,2.036,0.0
0.07692307692307693,0.5133333333333333,0.5,0.3076923076923077,2.5453333333333332,0.0
0.09090909090909091,0.5166666666666667,0.5,0.45454545454545453,2.224,0.0
0.1111111111111111,0.5733333333333334,0.5066666666666666,0.6666666666666666,2.108,0.0
0.1111111111111111,0.6,0.5066666666666666,0.5555555555555556,2.014,0.0
0.14285714285714285,0.58,0.5133333333333333,0.5714285714285714,1.6,0.0
0.1111111111111111,0.5733333333333334,0.5066666666666666,0.4444444444444444,2.05,0.0
0.1111111111111111,0.5700000000000001,0.5066666666666666,0.3333333333333333,1.9253333333333333,0.0
0.09090909090909091,0.5166666666666667,0.5,0.36363636363636365,2.0953333333333335,0.0
0.1,0.5850000000000001,0.5033333333333333,0.2,1.856,0.0
0.1,0.5850000000000001,0.5033333333333333,0.2,1.9293333333333333,0.0
0.08333333333333333,0.5766666666666667,0.5,0.25,2.442,0.047542962962962974
0.3333333333333333,0.51,0.5133333333333333,0.6666666666666666,0.746,0.0
0.09090909090909091,0.5166666666666667,0.5333333333333333,0.5454545454545454,2.554666666666667,0.0
0.2,0.47,0.5,0.2,1.0086666666666666,0.0
0.16666666666666666,0.55,0.5,0.16666666666666666,1.2593333333333334,0.0
0.2,0.51,0.5066666666666666,0.2,1.032,0.0
0.07142857142857142,0.5633333333333334,0.5233333333333333,0.2857142857142857,2.9193333333333333,0.13923096296296297
0.1,0.5183333333333333,0.5033333333333333,0.4,1.9753333333333334,0.0
0.1,0.5183333333333333,0.5033333333333333,0.5,2.104,0.0
0.09090909090909091,0.5833333333333334,0.5,0.18181818181818182,2.0993333333333335,0.0
0.125,0.5166666666666667,0.48666666666666664,0.375,1.616,0.0
0.125,0.5216666666666667,0.51,0.625,1.7773333333333334,0.0
0.125,0.5183333333333333,0.5,0.125,1.394,0.0
0.14285714285714285,0.47333333333333344,0.5133333333333333,0.14285714285714285,1.4253333333333333,0.0
0.1111111111111111,0.5866666666666667,0.5066666666666666,0.2222222222222222,1.8393333333333333,0.0
0.08333333333333333,0.5166666666666667,0.4966666666666667,0.4166666666666667,2.364,0.0
0.07142857142857142,0.5166666666666667,0.5,0.35714285714285715,2.814,0.00895555555555556
0.1,0.5850000000000001,0.5033333333333333,0.3,2.108,0.0
0.09090909090909091,0.5833333333333334,0.5333333333333333,0.36363636363636365,2.3526666666666665,0.0
0.09090909090909091,0.5833333333333334,0.5333333333333333,0.36363636363636365,2.3026666666666666,0.0
0.08333333333333333,0.5316666666666666,0.5,0.5833333333333334,2.5166666666666666,0.0
0.125,0.5366666666666667,0.51,0.125,1.6526666666666667,0.0
0.1,0.5233333333333333,0.5033333333333333,0.2,2.078,0.0
0.1111111111111111,0.5866666666666667,0.5333333333333333,0.3333333333333333,1.8666666666666667,0.0
0.1,0.5850000000000001,0.5033333333333333,0.2,2.0166666666666666,0.0
0.09090909090909091,0.5666666666666667,0.5,0.45454545454545453,2.324666666666667,0.0
0.16666666666666666,0.5083333333333333,0.5333333333333333,0.6666666666666666,1.3993333333333333,0.0
0.1111111111111111,0.52,0.5333333333333333,0.6666666666666666,2.0273333333333334,0.0
0.1,0.5700000000000001,0.5,0.4,2.122,0.0
0.16666666666666666,0.5833333333333334,0.5,0.5,1.204,0.0
0.125,0.6,0.5,0.5,1.7066666666666668,0.0
0.25,0.5533333333333333,0.5333333333333333,0.5,1.0426666666666666,0.0
1.0,0.25,0.4666666666666667,0.0,0.14,0.0
0.07692307692307693,0.5733333333333335,0.5,0.3076923076923077,2.5873333333333335,0.04980355555555557
0.1,0.5183333333333333,0.5033333333333333,0.5,2.0166666666666666,0.0
0.07692307692307693,0.5633333333333334,0.5,0.15384615384615385,2.426,0.03649148148148149
0.08333333333333333,0.5816666666666667,0.5,0.3333333333333333,2.4593333333333334,0.014153888888888896
0.07692307692307693,0.53,0.49333333333333335,0.46153846153846156,2.7466666666666666,0.0
0.08333333333333333,0.5733333333333335,0.53,0.25,2.4366666666666665,0.04799437037037039
0.14285714285714285,0.59,0.5133333333333333,0.2857142857142857,1.3893333333333333,0.0
0.3333333333333333,0.5766666666666667,0.44666666666666666,0.3333333333333333,0.534,0.0
0.1111111111111111,0.5866666666666667,0.5066666666666666,0.2222222222222222,1.7893333333333334,0.0
0.09090909090909091,0.5166666666666667,0.5,0.45454545454545453,2.244,0.0
0.1,0.5183333333333333,0.5333333333333333,0.6,2.2546666666666666,0.0
0.08333333333333333,0.515,0.53,0.4166666666666667,2.4526666666666666,0.0
0.07692307692307693,0.53,0.49333333333333335,0.46153846153846156,2.638,0.0
0.08333333333333333,0.515,0.53,0.5,2.494,0.0
0.08333333333333333,0.5316666666666666,0.5,0.5833333333333334,2.604,0.0
0.08333333333333333,0.5316666666666666,0.4966666666666667,0.5,2.5193333333333334,0.0
0.18181818181818182,0.5166666666666667,0.5,0.36363636363636365,2.268666666666667,0.0
0.125,0.5883333333333333,0.5333333333333333,0.625,2.0453333333333332,0.0
0.1111111111111111,0.5866666666666667,0.5066666666666666,0.4444444444444444,1.8893333333333333,0.0
0.09090909090909091,0.5166666666666667,0.4666666666666667,0.36363636363636365,2.15,0.0
0.1111111111111111,0.52,0.5066666666666666,0.5555555555555556,1.9473333333333334,0.0
0.09090909090909091,0.5666666666666667,0.5,0.6363636363636364,2.5113333333333334,0.0
0.09090909090909091,0.5166666666666667,0.5333333333333333,0.45454545454545453,2.3786666666666667,0.0
0.08333333333333333,0.5166666666666667,0.53,0.4166666666666667,2.518666666666667,0.0
0.09090909090909091,0.5833333333333334,0.5333333333333333,0.2727272727272727,2.2666666666666666,0.00916481481481482
0.09090909090909091,0.5833333333333334,0.5,0.2727272727272727,2.228,0.0
0.1111111111111111,0.52,0.47333333333333333,0.3333333333333333,1.7306666666666666,0.0
0.5,0.4983333333333333,0.5133333333333333,1.0,0.5133333333333333,0.0
0.14285714285714285,0.5166666666666667,0.5,0.42857142857142855,2.8966666666666665,0.01295111111111112
0.07142857142857142,0.5283333333333334,0.49000000000000005,0.42857142857142855,2.778,0.0
0.08333333333333333,0.5166666666666667,0.5,0.4166666666666667,2.414,0.0
0.1,0.5700000000000001,0.5033333333333333,0.5,2.3026666666666666,0.0
0.08333333333333333,0.5733333333333335,0.5,0.16666666666666666,2.306,0.018792592592592607
0.08333333333333333,0.5316666666666666,0.53,0.4166666666666667,2.5406666666666666,0.0
0.1,0.5383333333333333,0.5033333333333333,0.3,2.0533333333333332,0.0
0.07692307692307693,0.5166666666666667,0.5,0.46153846153846156,2.6693333333333333,0.0
0.25,0.5316666666666666,0.51,0.5,1.8573333333333333,0.0
0.18181818181818182,0.5166666666666667,0.5,0.5454545454545454,2.43,0.0
0.125,0.5766666666666667,0.5333333333333333,0.75,1.9933333333333334,0.0
0.09090909090909091,0.5166666666666667,0.5,0.18181818181818182,2.046666666666667,0.0
0.1,0.5850000000000001,0.5033333333333333,0.4,2.017333333333333,0.0
0.1111111111111111,0.6,0.5066666666666666,0.3333333333333333,1.892,0.0
0.1111111111111111,0.5866666666666667,0.5066666666666666,0.2222222222222222,1.928,0.0
0.2,0.5366666666666667,0.5,0.5,2.148,0.0
0.16666666666666666,0.55,0.5,0.6666666666666666,1.3553333333333333,0.0
0.09090909090909091,0.48333333333333334,0.5,0.09090909090909091,1.8606666666666667,0.0
0.07142857142857142,0.5683333333333334,0.5,0.2857142857142857,2.784666666666667,0.08461851851851854
0.14285714285714285,0.5433333333333333,0.5133333333333333,0.14285714285714285,1.4826666666666666,0.0
0.07692307692307693,0.5166666666666667,0.5266666666666667,0.46153846153846156,2.7213333333333334,0.0
0.07692307692307693,0.53,0.5266666666666667,0.46153846153846156,2.8093333333333335,0.009905111111111115
0.125,0.5316666666666666,0.51,0.625,1.8986666666666667,0.0
0.1111111111111111,0.5333333333333333,0.5,0.2222222222222222,1.6626666666666667,0.0
0.08333333333333333,0.5316666666666666,0.4666666666666667,0.3333333333333333,2.264666666666667,0.0
0.08333333333333333,0.5316666666666666,0.4966666666666667,0.5,2.6066666666666665,0.0
0.08333333333333333,0.5166666666666667,0.53,0.5,2.5813333333333333,0.0
0.1,0.5850000000000001,0.5033333333333333,0.2,1.9793333333333334,0.0
0.1111111111111111,0.5333333333333333,0.5,0.1111111111111111,1.6213333333333333,0.0
0.09090909090909091,0.5166666666666667,0.5,0.45454545454545453,2.1366666666666667,0.0
0.09090909090909091,0.5833333333333334,0.5,0.36363636363636365,2.2893333333333334,0.0
0.14285714285714285,0.58,0.5133333333333333,0.5714285714285714,1.65,0.0
0.09090909090909091,0.5333333333333333,0.5,0.2727272727272727,2.022,0.0
0.1,0.5233333333333333,0.5333333333333333,0.4,2.1813333333333333,0.0
0.08333333333333333,0.5783333333333334,0.5,0.3333333333333333,2.4673333333333334,0.03173122222222223
0.09090909090909091,0.5833333333333334,0.5,0.36363636363636365,2.3393333333333333,0.0
0.125,0.45499999999999996,0.51,0.125,1.5653333333333332,0.0
0.1,0.5366666666666667,0.5033333333333333,0.7,2.2773333333333334,0.0
0.14285714285714285,0.5466666666666666,0.5,0.5714285714285714,1.4953333333333334,0.0
0.2857142857142857,0.5366666666666667,0.5,0.42857142857142855,1.52,0.0
0.2222222222222222,0.5733333333333334,0.5,0.4444444444444444,2.022666666666667,0.0
0.08333333333333333,0.5133333333333333,0.4966666666666667,0.16666666666666666,2.1293333333333333,0.0
0.07692307692307693,0.53,0.5,0.46153846153846156,2.5806666666666667,0.0
0.09090909090909091,0.5833333333333334,0.5,0.18181818181818182,2.1566666666666667,0.0
0.05555555555555555,0.5216666666666667,0.5,0.3333333333333333,3.4106666666666667,0.10652433333333336
0.3333333333333333,0.5533333333333333,0.5,0.6666666666666666,0.67,0.0
0.16666666666666666,0.5416666666666666,0.5,0.5,1.3226666666666667,0.0
0.09090909090909091,0.5833333333333334,0.5,0.18181818181818182,2.1866666666666665,0.001374074074074074
0.3333333333333333,0.5166666666666667,0.47333333333333333,0.3333333333333333,0.6526666666666666,0.0
0.08333333333333333,0.5983333333333333,0.5,0.25,2.462,0.0441835925925926
0.3333333333333333,0.39333333333333337,0.48666666666666664,0.0,0.57,0.0
0.1111111111111111,0.52,0.5066666666666666,0.5555555555555556,1.8973333333333333,0.0
0.09090909090909091,0.5333333333333333,0.5,0.5454545454545454,2.3113333333333332,0.0
0.08333333333333333,0.5733333333333335,0.4966666666666667,0.16666666666666666,2.256,0.0
0.14285714285714285,0.53,0.49333333333333335,0.2857142857142857,1.4466666666666668,0.0
0.2,0.5666666666666667,0.49333333333333335,0.6,1.2486666666666666,0.0
0.16666666666666666,0.5166666666666667,0.5166666666666667,0.5,1.3986666666666667,0.0
0.16666666666666666,0.5583333333333333,0.4666666666666667,0.5,1.424,0.0
0.1111111111111111,0.5866666666666667,0.5333333333333333,0.4444444444444444,1.9026666666666667,0.0
0.16666666666666666,0.55,0.5333333333333333,0.6666666666666666,1.4933333333333334,0.0
0.14285714285714285,0.5166666666666667,0.5333333333333333,0.5714285714285714,1.6433333333333333,0.0
0.09090909090909091,0.5166666666666667,0.5,0.2727272727272727,2.186,0.0
0.16666666666666666,0.5583333333333333,0.48333333333333334,0.3333333333333333,1.2953333333333332,0.0
1.0,0.5166666666666667,0.36666666666666664,0.0,0.22733333333333333,0.0
0.08333333333333333,0.5316666666666666,0.53,0.5,2.582,0.0
0.3333333333333333,0.5166666666666667,0.5166666666666667,0.3333333333333333,1.3573333333333333,0.0
0.5,0.565,0.52,0.5,0.5653333333333334,0.0
0.1,0.5700000000000001,0.5,0.3,1.894,0.0
0.16666666666666666,0.5916666666666667,0.5333333333333333,0.5,1.5453333333333332,0.0
0.14285714285714285,0.59,0.5133333333333333,0.42857142857142855,1.7206666666666666,0.0
0.1,0.5850000000000001,0.5033333333333333,0.2,2.066666666666667,0.0
0.09090909090909091,0.6,0.5,0.2727272727272727,2.292,0.0035066666666666744
0.09090909090909091,0.6,0.5,0.2727272727272727,2.342,0.025106666666666676
0.09090909090909091,0.5166666666666667,0.5,0.36363636363636365,2.208,0.0
0.16666666666666666,0.5583333333333333,0.5,0.3333333333333333,1.3253333333333333,0.0
0.1111111111111111,0.5433333333333333,0.5333333333333333,0.5555555555555556,2.074,0.0
0.125,0.5366666666666667,0.51,0.125,1.6226666666666667,0.0
0.1,0.5183333333333333,0.5033333333333333,0.5,2.046666666666667,0.0
0.07142857142857142,0.5283333333333334,0.5,0.42857142857142855,2.720666666666667,0.0
0.2,0.43,0.5066666666666666,0.2,0.944,0.0
0.2,0.5399999999999999,0.5,0.4,2.1506666666666665,0.0
0.14285714285714285,0.5233333333333333,0.5333333333333333,0.2857142857142857,1.6126666666666667,0.0
0.125,0.5416666666666666,0.51,0.5,1.9013333333333333,0.0
0.1111111111111111,0.5333333333333333,0.5333333333333333,0.5555555555555556,2.146,0.0
0.2,0.5533333333333333,0.5,0.8,1.128,0.0
0.1,0.5399999999999999,0.5033333333333333,0.5,2.260666666666667,0.0
0.3333333333333333,0.5566666666666666,0.47333333333333333,0.6666666666666666,0.7273333333333334,0.0
0.07692307692307693,0.53,0.5,0.5384615384615384,2.744,0.0
0.25,0.5783333333333334,0.5233333333333333,0.75,1.0653333333333332,0.0
0.1,0.525,0.5033333333333333,0.3,2.2026666666666666,0.0
0.125,0.5416666666666666,0.51,0.375,1.7526666666666666,0.0
0.25,0.565,0.5033333333333334,0.5,0.98,0.0
0.2,0.5466666666666666,0.5,0.6,1.1526666666666667,0.0
0.25,0.59,0.48000000000000004,0.75,1.0026666666666666,0.0
0.2,0.5166666666666667,0.52,0.4,1.13,0.0
0.2,0.5666666666666667,0.47333333333333333,0.4,1.1553333333333333,0.0
0.1,0.5850000000000001,0.5033333333333333,0.2,1.9593333333333334,0.0
0.125,0.5766666666666667,0.5,0.625,1.924,0.0
0.1111111111111111,0.5166666666666667,0.5333333333333333,0.3333333333333333,1.9386666666666668,0.0
0.09090909090909091,0.5166666666666667,0.5,0.45454545454545453,2.274,0.0
0.08333333333333333,0.5166666666666667,0.4966666666666667,0.25,2.300666666666667,0.0
0.125,0.5883333333333333,0.51,0.25,1.5293333333333334,0.0
0.125,0.5883333333333333,0.51,0.25,1.6166666666666667,0.0
0.125,0.5366666666666667,0.51,0.25,1.694,0.0
0.07692307692307693,0.53,0.49333333333333335,0.38461538461538464,2.509333333333333,0.0
0.07692307692307693,0.53,0.49333333333333335,0.46153846153846156,2.550666666666667,0.0
0.1,0.6,0.5033333333333333,0.4,2.1666666666666665,0.0
0.1111111111111111,0.5033333333333334,0.5333333333333333,0.2222222222222222,1.9026666666666667,0.0
0.1,0.5850000000000001,0.5033333333333333,0.3,2.058,0.0
0.09090909090909091,0.5166666666666667,0.5,0.36363636363636365,2.1453333333333333,0.0
0.09090909090909091,0.5333333333333333,0.5,0.45454545454545453,2.2306666666666666,0.0
0.07692307692307693,0.53,0.5266666666666667,0.46153846153846156,2.9126666666666665,0.051209777777777785
0.125,0.5416666666666666,0.4766666666666667,0.25,1.4393333333333334,0.0
0.09090909090909091,0.5166666666666667,0.5,0.36363636363636365,2.0726666666666667,0.0
0.1,0.5383333333333333,0.5033333333333333,0.3,2.1306666666666665,0.0
0.14285714285714285,0.5433333333333333,0.5133333333333333,0.14285714285714285,1.5026666666666666,0.0
0.06666666666666667,0.5266666666666667,0.5,0.4,2.8406666666666665,0.0
0.1,0.525,0.5033333333333333,0.3,2.0993333333333335,0.0
0.1111111111111111,0.5399999999999999,0.5066666666666666,0.6666666666666666,2.0086666666666666,0.0
0.09090909090909091,0.5166666666666667,0.5333333333333333,0.5454545454545454,2.354,0.0
0.07692307692307693,0.5566666666666668,0.5,0.3076923076923077,2.546666666666667,0.017095851851851866
0.14285714285714285,0.58,0.5,0.42857142857142855,1.324,0.0
0.08333333333333333,0.5966666666666666,0.5,0.4166666666666667,2.4793333333333334,0.0
0.09090909090909091,0.5833333333333334,0.5333333333333333,0.5454545454545454,2.698,0.04748333333333334
0.08333333333333333,0.5316666666666666,0.5,0.5,2.4753333333333334,0.0
0.125,0.5533333333333333,0.5,0.5,1.7833333333333334,0.0
0.2,0.5533333333333333,0.5066666666666666,0.4,1.12,0.0
0.3333333333333333,0.5583333333333333,0.4666666666666667,0.3333333333333333,1.3826666666666667,0.0
0.15384615384615385,0.5166666666666667,0.5,0.38461538461538464,2.628,0.0
0.08333333333333333,0.5766666666666667,0.5,0.25,2.492,0.06830296296296297
0.16666666666666666,0.5166666666666667,0.5166666666666667,0.3333333333333333,1.3,0.0
0.14285714285714285,0.55,0.5133333333333333,0.5714285714285714,1.6686666666666667,0.0
0.1,0.49499999999999994,0.5033333333333333,0.2,1.8713333333333333,0.0
0.125,0.5166666666666667,0.51,0.25,1.7,0.0
0.125,0.5416666666666666,0.5,0.25,1.7253333333333334,0.0
0.09090909090909091,0.5833333333333334,0.5333333333333333,0.2727272727272727,2.316666666666667,0.030164814814814825
0.125,0.6,0.4766666666666667,0.375,1.6893333333333334,0.0
0.5,0.5766666666666667,0.43333333333333335,0.5,0.5026666666666667,0.0
0.5,0.47,0.52,0.5,0.47733333333333333,0.0
0.16666666666666666,0.5316666666666666,0.5,0.5,2.664,0.0
0.1,0.525,0.5333333333333333,0.5,2.228666666666667,0.0
0.07692307692307693,0.53,0.5266666666666667,0.5384615384615384,2.8566666666666665,0.0
0.2857142857142857,0.55,0.48000000000000004,0.2857142857142857,1.5226666666666666,0.0
0.07692307692307693,0.53,0.5266666666666667,0.38461538461538464,2.764,0.039691111111111115
0.14285714285714285,0.5533333333333333,0.5133333333333333,0.42857142857142855,1.5606666666666666,0.0
0.1,0.525,0.5033333333333333,0.4,1.9526666666666668,0.0
0.058823529411764705,0.5233333333333333,0.5,0.35294117647058826,3.2706666666666666,0.08244244444444446
0.09090909090909091,0.5166666666666667,0.5,0.45454545454545453,2.1866666666666665,0.0
0.1111111111111111,0.5866666666666667,0.5333333333333333,0.3333333333333333,2.1153333333333335,0.0
0.1,0.5850000000000001,0.5333333333333333,0.3,2.235333333333333,0.00019500000000001103
0.25,0.5166666666666667,0.5,0.25,0.8226666666666667,0.0
0.1111111111111111,0.5866666666666667,0.5333333333333333,0.4444444444444444,2.198,0.0
0.1111111111111111,0.5733333333333334,0.5066666666666666,0.5555555555555556,2.1326666666666667,0.0
0.1,0.5383333333333333,0.5333333333333333,0.6,2.3426666666666667,0.0
0.16666666666666666,0.5166666666666667,0.4966666666666667,0.3333333333333333,2.3833333333333333,0.0
0.09090909090909091,0.5333333333333333,0.4666666666666667,0.36363636363636365,2.2333333333333334,0.0
0.1,0.5183333333333333,0.5,0.3,1.9006666666666667,0.0
0.1,0.525,0.47333333333333333,0.4,2.1186666666666665,0.0
0.15384615384615385,0.5166666666666667,0.5,0.46153846153846156,2.756666666666667,0.0
0.1111111111111111,0.5733333333333334,0.5066666666666666,0.6666666666666666,2.1686666666666667,0.0
0.1,0.5166666666666667,0.5333333333333333,0.4,2.0933333333333333,0.0
0.125,0.5766666666666667,0.5,0.5,1.7753333333333334,0.0
0.1,0.5850000000000001,0.5033333333333333,0.3,2.042,0.0
0.1,0.4183333333333332,0.5033333333333333,0.1,1.892,0.0
0.08333333333333333,0.5783333333333334,0.5,0.3333333333333333,2.417333333333333,0.010911222222222225
0.16666666666666666,0.5,0.5,0.3333333333333333,1.2126666666666666,0.0
0.14285714285714285,0.5566666666666668,0.5,0.5714285714285714,3.164,0.0477248888888889
0.16666666666666666,0.5633333333333332,0.5,0.5,2.6506666666666665,0.0
0.3333333333333333,0.5416666666666666,0.5,0.5,1.38,0.0
0.14285714285714285,0.53,0.48000000000000004,0.14285714285714285,1.1706666666666667,0.0
0.25,0.5633333333333332,0.5133333333333333,0.25,0.9326666666666666,0.0
0.16666666666666666,0.55,0.5166666666666667,0.16666666666666666,1.3626666666666667,0.0
0.07692307692307693,0.5700000000000001,0.5266666666666667,0.3076923076923077,2.888,0.13211333333333336
0.1111111111111111,0.5733333333333334,0.5,0.4444444444444444,1.8566666666666667,0.0
0.3333333333333333,0.5166666666666667,0.47333333333333333,0.6666666666666666,0.628,0.0
0.1,0.49499999999999994,0.5,0.1,1.7406666666666666,0.0
0.16666666666666666,0.5583333333333333,0.48333333333333334,0.3333333333333333,1.0926666666666667,0.0
0.1111111111111111,0.52,0.5066666666666666,0.3333333333333333,1.7373333333333334,0.0
0.1,0.5216666666666666,0.5033333333333333,0.5,2.116,0.0
0.125,0.475,0.5,0.25,1.488,0.0
0.1111111111111111,0.5166666666666667,0.5066666666666666,0.3333333333333333,1.786,0.0
0.16666666666666666,0.5416666666666666,0.48333333333333334,0.16666666666666666,0.964,0.0
0.16666666666666666,0.38333333333333336,0.5,0.0,1.0,0.0
0.1111111111111111,0.5733333333333334,0.5,0.3333333333333333,1.774,0.0
0.14285714285714285,0.5266666666666667,0.5,0.2857142857142857,1.36,0.0
0.14285714285714285,0.6,0.48000000000000004,0.2857142857142857,1.3266666666666667,0.0
0.14285714285714285,0.4800000000000001,0.5,0.14285714285714285,1.3626666666666667,0.0
0.1111111111111111,0.6,0.47333333333333333,0.2222222222222222,1.7266666666666666,0.0
0.1,0.5700000000000001,0.5,0.6,2.283333333333333,0.0
0.1111111111111111,0.5066666666666667,0.5066666666666666,0.2222222222222222,1.7513333333333334,0.0
0.1,0.6,0.5,0.5,2.1893333333333334,0.0
0.14285714285714285,0.43333333333333335,0.5133333333333333,0.14285714285714285,1.3373333333333333,0.0
0.07692307692307693,0.5133333333333333,0.5,0.38461538461538464,2.5866666666666664,0.0
0.1111111111111111,0.5166666666666667,0.48000000000000004,0.3333333333333333,1.736,0.0
0.125,0.5183333333333333,0.5,0.125,1.414,0.0
0.125,0.5316666666666666,0.51,0.5,1.75,0.0
1.0,0.25,0.4,0.0,0.12,0.0
0.125,0.3766666666666667,0.5,0.0,1.3266666666666667,0.0
0.1,0.5399999999999999,0.5,0.3,1.852,0.0
0.1111111111111111,0.5733333333333334,0.5,0.3333333333333333,1.724,0.0
0.1111111111111111,0.5066666666666667,0.5066666666666666,0.2222222222222222,1.7013333333333334,0.0
0.15384615384615385,0.53,0.5,0.6153846153846154,2.93,0.0
0.09090909090909091,0.5166666666666667,0.5,0.36363636363636365,2.368,0.0
0.125,0.5416666666666666,0.48666666666666664,0.375,1.7153333333333334,0.0
0.08333333333333333,0.5166666666666667,0.5,0.4166666666666667,2.4673333333333334,0.0
0.2,0.44333333333333336,0.48666666666666664,0.2,0.9053333333333333,0.0
0.125,0.5216666666666667,0.5,0.25,1.5653333333333332,0.0
0.2,0.47,0.48666666666666664,0.0,0.9373333333333334,0.0
0.1111111111111111,0.5333333333333333,0.47333333333333333,0.1111111111111111,1.5913333333333333,0.0
0.25,0.4816666666666667,0.48000000000000004,0.0,0.7973333333333333,0.0
0.09090909090909091,0.5166666666666667,0.5,0.2727272727272727,2.3226666666666667,0.003467407407407408
0.25,0.5583333333333333,0.5333333333333333,0.75,1.0786666666666667,0.0
0.2,0.5633333333333332,0.52,0.6,1.1933333333333334,0.0
0.3333333333333333,0.5466666666666666,0.52,0.3333333333333333,0.7053333333333334,0.0
0.2,0.5566666666666666,0.52,0.4,1.218,0.0
0.2,0.5533333333333333,0.48666666666666664,0.2,0.824,0.0
0.14285714285714285,0.53,0.5,0.14285714285714285,1.274,0.0
0.2,0.38666666666666666,0.5,0.0,0.86,0.0
0.2,0.5933333333333334,0.5066666666666666,0.4,1.0993333333333333,0.0
0.14285714285714285,0.53,0.48000000000000004,0.14285714285714285,1.224,0.0
0.3333333333333333,0.5466666666666666,0.5266666666666667,0.3333333333333333,0.7353333333333333,0.0
0.09090909090909091,0.5166666666666667,0.5,0.45454545454545453,2.3473333333333333,0.0
0.1,0.5399999999999999,0.5033333333333333,0.6,2.28,0.0
0.07692307692307693,0.5166666666666667,0.5,0.38461538461538464,2.674,0.0
0.125,0.5316666666666666,0.51,0.5,1.8,0.0
0.0625,0.525,0.5166666666666667,0.5,3.509333333333333,0.11266500000000002
0.058823529411764705,0.5233333333333333,0.5133333333333333,0.47058823529411764,3.6493333333333333,0.13672955555555555
0.1111111111111111,0.5333333333333333,0.47333333333333333,0.2222222222222222,1.5593333333333332,0.0
0.08333333333333333,0.5316666666666666,0.53,0.4166666666666667,2.644,0.022802592592592593
0.07692307692307693,0.5966666666666666,0.5266666666666667,0.3076923076923077,2.7693333333333334,0.10176481481481481
1.0,0.5166666666666667,0.43333333333333335,1.0,0.26866666666666666,0.0
0.5,0.56,0.4766666666666667,1.0,0.5,0.0
1.0,0.2833333333333333,0.5,0.0,0.17,0.0
0.1,0.5183333333333333,0.5033333333333333,0.6,2.2026666666666666,0.0
0.1111111111111111,0.5466666666666666,0.5066666666666666,0.6666666666666666,2.14,0.0
0.1,0.5216666666666666,0.5033333333333333,0.4,2.2,0.0
0.2,0.5183333333333333,0.5033333333333333,0.5,2.1613333333333333,0.0
0.1111111111111111,0.52,0.5333333333333333,0.5555555555555556,1.986,0.0
0.1,0.5183333333333333,0.5033333333333333,0.4,2.078666666666667,0.0
0.2222222222222222,0.52,0.5,0.4444444444444444,1.9166666666666667,0.0
0.125,0.5533333333333333,0.4766666666666667,0.5,1.7666666666666666,0.0
0.125,0.5216666666666667,0.51,0.5,1.7413333333333334,0.0
0.14285714285714285,0.5233333333333333,0.48000000000000004,0.42857142857142855,1.384,0.0
0.14285714285714285,0.55,0.49333333333333335,0.5714285714285714,1.652,0.0
0.16666666666666666,0.5166666666666667,0.5166666666666667,0.5,1.3193333333333332,0.0
0.1111111111111111,0.5433333333333333,0.5333333333333333,0.6666666666666666,2.2026666666666666,0.0
0.1,0.5399999999999999,0.5033333333333333,0.6,2.171333333333333,0.0
0.125,0.5216666666666667,0.51,0.625,1.67,0.0
0.1111111111111111,0.5433333333333333,0.5333333333333333,0.6666666666666666,2.1153333333333335,0.0
0.125,0.5166666666666667,0.51,0.375,1.7193333333333334,0.0
0.1,0.5183333333333333,0.5033333333333333,0.5,2.12,0.0
0.125,0.5216666666666667,0.51,0.5,1.6286666666666667,0.0
0.125,0.5216666666666667,0.51,0.625,1.7573333333333334,0.0
0.125,0.5416666666666666,0.48666666666666664,0.5,1.6833333333333333,0.0
0.14285714285714285,0.5233333333333333,0.5,0.42857142857142855,1.434,0.0
0.125,0.5216666666666667,0.51,0.625,1.8073333333333332,0.0
0.125,0.5216666666666667,0.51,0.625,1.72,0.0
0.1,0.525,0.5333333333333333,0.6,2.4146666666666667,0.0
0.25,0.5516666666666666,0.49,0.5,0.8673333333333333,0.0
0.07692307692307693,0.53,0.5266666666666667,0.6153846153846154,3.042666666666667,0.03647577777777778
0.07142857142857142,0.5283333333333334,0.5233333333333333,0.5714285714285714,3.1826666666666665,0.06101662962962965
0.1,0.5399999999999999,0.5333333333333333,0.7,2.39,0.0
0.09090909090909091,0.5333333333333333,0.5333333333333333,0.6363636363636364,2.53,0.0
0.125,0.5216666666666667,0.5333333333333333,0.75,1.8873333333333333,0.0
0.08333333333333333,0.5766666666666667,0.53,0.3333333333333333,2.768,0.11520518518518519
0.1,0.5700000000000001,0.5,0.4,1.9766666666666666,0.0
0.09090909090909091,0.6,0.5,0.45454545454545453,2.3593333333333333,0.0
0.09090909090909091,0.5166666666666667,0.5,0.36363636363636365,2.176,0.0
0.125,0.5416666666666666,0.51,0.5,1.606,0.0
0.09090909090909091,0.5333333333333333,0.5,0.5454545454545454,2.234,0.0
0.14285714285714285,0.5233333333333333,0.5133333333333333,0.7142857142857143,1.58,0.0
0.3333333333333333,0.5700000000000001,0.5066666666666666,0.3333333333333333,0.7926666666666666,0.0
0.2,0.5399999999999999,0.48666666666666664,0.4,0.9666666666666667,0.0
0.16666666666666666,0.5166666666666667,0.48333333333333334,0.16666666666666666,1.1193333333333333,0.0
0.2,0.5066666666666667,0.4533333333333333,0.2,0.9693333333333334,0.0
0.14285714285714285,0.5233333333333333,0.5133333333333333,0.5714285714285714,1.5086666666666666,0.0
0.16666666666666666,0.525,0.48333333333333334,0.5,1.264,0.0
0.2,0.5166666666666667,0.5066666666666666,0.6,1.1493333333333333,0.0
0.16666666666666666,0.49166666666666664,0.48333333333333334,0.3333333333333333,1.0946666666666667,0.0
0.14285714285714285,0.5233333333333333,0.5133333333333333,0.7142857142857143,1.6373333333333333,0.0
0.25,0.3233333333333333,0.4666666666666667,0.0,0.6066666666666667,0.0
0.25,0.4616666666666667,0.45666666666666667,0.0,0.694,0.0
0.14285714285714285,0.5233333333333333,0.5133333333333333,0.7142857142857143,1.55,0.0
0.25,0.3233333333333333,0.45666666666666667,0.0,0.5866666666666667,0.0
0.08333333333333333,0.5316666666666666,0.4966666666666667,0.4166666666666667,2.478,0.0
0.125,0.5883333333333333,0.51,0.375,1.658,0.0
0.1,0.5700000000000001,0.5,0.4,2.2253333333333334,0.0
0.1,0.5183333333333333,0.47,0.3,1.8506666666666667,0.0
0.07692307692307693,0.5166666666666667,0.5266666666666667,0.46153846153846156,2.8813333333333335,0.024145555555555566
0.16666666666666666,0.5316666666666666,0.5,0.5833333333333334,2.6613333333333333,0.0
0.13333333333333333,0.5533333333333333,0.5,0.6,3.4326666666666665,0.07717155555555556
0.0625,0.5916666666666667,0.5166666666666667,0.3125,3.422,0.23785
0.06666666666666667,0.5866666666666667,0.5,0.3333333333333333,3.0493333333333332,0.10885925925925927
0.125,0.5183333333333333,0.4766666666666667,0.125,1.2906666666666666,0.0
0.07142857142857142,0.5283333333333334,0.5233333333333333,0.42857142857142855,3.0326666666666666,0.06795540740740744
0.07142857142857142,0.5116666666666667,0.5,0.2857142857142857,2.6426666666666665,0.0
0.14285714285714285,0.5066666666666666,0.5133333333333333,0.42857142857142855,1.4186666666666667,0.0
0.07142857142857142,0.5283333333333334,0.5,0.42857142857142855,2.7006666666666668,0.0
0.16666666666666666,0.5416666666666666,0.5166666666666667,0.6666666666666666,1.3806666666666667,0.0
0.09090909090909091,0.5333333333333333,0.5,0.45454545454545453,2.3433333333333333,0.0
0.18181818181818182,0.5666666666666667,0.5,0.5454545454545454,2.536,0.0
0.1111111111111111,0.52,0.5066666666666666,0.4444444444444444,1.8406666666666667,0.0
0.125,0.5133333333333333,0.5333333333333333,0.25,1.7326666666666666,0.0
0.1111111111111111,0.53,0.5333333333333333,0.3333333333333333,2.016,0.0
0.09090909090909091,0.5333333333333333,0.5,0.36363636363636365,2.0673333333333335,0.0
0.125,0.5216666666666667,0.5,0.375,1.5333333333333334,0.0
0.2222222222222222,0.5266666666666667,0.5066666666666666,0.5555555555555556,2.033333333333333,0.0
0.08333333333333333,0.5616666666666668,0.5,0.3333333333333333,2.5153333333333334,0.008612222222222226
0.14285714285714285,0.59,0.5333333333333333,0.42857142857142855,1.5766666666666667,0.0
0.13333333333333333,0.5266666666666667,0.5,0.4666666666666667,3.128,0.04037777777777778
0.1111111111111111,0.6,0.5333333333333333,0.4444444444444444,2.0793333333333335,0.0
0.14285714285714285,0.5433333333333333,0.49333333333333335,0.14285714285714285,1.3993333333333333,0.0
0.08333333333333333,0.5316666666666666,0.5,0.3333333333333333,2.2906666666666666,0.0
0.1111111111111111,0.53,0.5333333333333333,0.3333333333333333,1.9126666666666667,0.0
0.09090909090909091,0.5833333333333334,0.5,0.2727272727272727,2.4606666666666666,0.06012222222222224
0.1111111111111111,0.5433333333333333,0.5333333333333333,0.6666666666666666,2.1453333333333333,0.0
0.08333333333333333,0.5133333333333333,0.4666666666666667,0.08333333333333333,2.058,0.0
0.25,0.5633333333333332,0.5233333333333333,0.5,1.004,0.0
0.058823529411764705,0.5233333333333333,0.5,0.29411764705882354,3.199333333333333,0.0867802962962963
0.06666666666666667,0.51,0.5,0.2,2.7413333333333334,0.033637333333333345
0.2222222222222222,0.5333333333333333,0.47333333333333333,0.2222222222222222,1.8493333333333333,0.0
0.1,0.5850000000000001,0.5333333333333333,0.4,2.368,0.025779000000000007
0.16666666666666666,0.5166666666666667,0.4966666666666667,0.25,2.466666666666667,0.013846666666666677
0.125,0.5433333333333333,0.51,0.875,1.91,0.0
0.14285714285714285,0.53,0.4666666666666667,0.14285714285714285,1.1206666666666667,0.0
0.07142857142857142,0.5633333333333334,0.5233333333333333,0.2857142857142857,3.058,0.16887481481481484
0.2,0.5866666666666667,0.48666666666666664,0.6,1.034,0.0
0.1,0.5233333333333333,0.5333333333333333,0.4,2.227333333333333,0.0
0.09090909090909091,0.5333333333333333,0.4666666666666667,0.2727272727272727,1.976,0.0
0.13333333333333333,0.5266666666666667,0.52,0.6,3.4073333333333333,0.07864888888888891
0.1111111111111111,0.5466666666666666,0.47333333333333333,0.3333333333333333,1.7373333333333334,0.0
0.1,0.5399999999999999,0.47,0.4,2.006,0.0
0.25,0.5950000000000001,0.5033333333333334,0.5,1.068,0.0
0.06666666666666667,0.5466666666666666,0.5,0.3333333333333333,3.024,0.10683081481481481
0.1,0.5216666666666666,0.5,0.3,2.0126666666666666,0.0
0.125,0.5883333333333333,0.51,0.25,1.758,0.0
0.09090909090909091,0.5666666666666667,0.5,0.45454545454545453,2.334,0.0
0.14285714285714285,0.5166666666666667,0.48000000000000004,0.2857142857142857,1.388,0.0
0.07692307692307693,0.56,0.5266666666666667,0.6153846153846154,2.9886666666666666,0.01064000000000001
0.0625,0.575,0.5166666666666667,0.375,3.4193333333333333,0.20268111111111112
0.3333333333333333,0.5533333333333333,0.48666666666666664,0.3333333333333333,0.6726666666666666,0.0
0.07692307692307693,0.5566666666666668,0.5266666666666667,0.38461538461538464,2.8853333333333335,0.1014617777777778
0.16666666666666666,0.6,0.48333333333333334,0.3333333333333333,1.2066666666666668,0.0
0.14285714285714285,0.5733333333333334,0.5133333333333333,0.5714285714285714,1.718,0.0
0.08333333333333333,0.5883333333333334,0.5,0.25,2.374,0.007935962962962976
0.08333333333333333,0.5616666666666668,0.53,0.4166666666666667,2.7653333333333334,0.08439977777777781
0.5,0.49333333333333335,0.49333333333333335,0.5,0.43866666666666665,0.0
0.09090909090909091,0.5666666666666667,0.5,0.36363636363636365,2.408,0.009948148148148159
0.125,0.6,0.51,0.375,1.684,0.0
0.1,0.5683333333333334,0.5033333333333333,0.4,2.288,0.0
0.1111111111111111,0.6,0.5066666666666666,0.3333333333333333,1.804,0.0
0.1111111111111111,0.5166666666666667,0.5333333333333333,0.3333333333333333,1.9086666666666667,0.0
0.1111111111111111,0.5466666666666666,0.5,0.4444444444444444,1.828,0.0
0.14285714285714285,0.5566666666666668,0.5,0.6428571428571429,3.292666666666667,0.05165866666666668
0.3333333333333333,0.45666666666666667,0.52,0.3333333333333333,0.6173333333333333,0.0
0.07142857142857142,0.5783333333333334,0.5,0.35714285714285715,2.942,0.10859814814814817
0.2,0.5533333333333333,0.52,0.4,1.15,0.0
0.16666666666666666,0.38333333333333336,0.48333333333333334,0.0,1.0366666666666666,0.0
0.06666666666666667,0.5266666666666667,0.5,0.4,3.0313333333333334,0.05009185185185186
0.125,0.5433333333333333,0.5,0.625,1.764,0.0
0.0625,0.5583333333333333,0.5166666666666667,0.4375,3.3393333333333333,0.12031462962962963
0.2222222222222222,0.5266666666666667,0.5066666666666666,0.4444444444444444,1.9973333333333334,0.0
0.125,0.5533333333333333,0.51,0.75,1.9126666666666667,0.0
0.14285714285714285,0.56,0.5133333333333333,0.5714285714285714,1.608,0.0
0.125,0.525,0.5333333333333333,0.375,1.7686666666666666,0.0
0.1,0.5399999999999999,0.5,0.4,1.968,0.0
0.09090909090909091,0.5166666666666667,0.5333333333333333,0.36363636363636365,2.4046666666666665,0.0
0.1,0.5366666666666667,0.5033333333333333,0.7,2.294,0.0
0.14285714285714285,0.55,0.49333333333333335,0.42857142857142855,1.616,0.0
0.07142857142857142,0.5633333333333334,0.5233333333333333,0.35714285714285715,2.9386666666666668,0.07378414814814817
0.0625,0.5583333333333333,0.5166666666666667,0.4375,3.4266666666666667,0.14079925925925926
0.06666666666666667,0.5633333333333332,0.52,0.4,3.158,0.11179037037037036
0.3333333333333333,0.47,0.49333333333333335,0.3333333333333333,0.5786666666666667,0.0
0.07692307692307693,0.53,0.5266666666666667,0.46153846153846156,2.8926666666666665,0.04343644444444446
0.2,0.5533333333333333,0.48666666666666664,0.2,0.844,0.0
0.125,0.5716666666666667,0.51,0.375,1.7553333333333334,0.0
0.08333333333333333,0.5916666666666667,0.5,0.3333333333333333,2.4566666666666666,0.012556481481481484
0.07142857142857142,0.5683333333333334,0.5,0.35714285714285715,2.9133333333333336,0.08863474074074075
0.25,0.495,0.5233333333333333,0.5,0.8233333333333334,0.0
0.3333333333333333,0.5533333333333333,0.49333333333333335,0.6666666666666666,0.64,0.0
0.07142857142857142,0.5683333333333334,0.5,0.35714285714285715,2.826,0.06778322222222223
0.25,0.5116666666666666,0.5233333333333333,0.5,0.9106666666666666,0.0
0.1111111111111111,0.5433333333333333,0.5066666666666666,0.4444444444444444,2.032,0.0
0.1111111111111111,0.52,0.5,0.3333333333333333,1.834,0.0
0.09090909090909091,0.5333333333333333,0.5,0.36363636363636365,2.3993333333333333,0.00021333333333333943
0.14285714285714285,0.5400000000000001,0.5133333333333333,0.42857142857142855,1.3373333333333333,0.0
0.125,0.5416666666666666,0.51,0.375,1.5846666666666667,0.0
0.1111111111111111,0.5399999999999999,0.5066666666666666,0.7777777777777778,2.05,0.0
0.1111111111111111,0.5399999999999999,0.5066666666666666,0.7777777777777778,2.1373333333333333,0.0
0.14285714285714285,0.5166666666666667,0.5333333333333333,0.5714285714285714,1.6266666666666667,0.0
0.1111111111111111,0.52,0.5333333333333333,0.6666666666666666,2.1146666666666665,0.0
0.25,0.5166666666666667,0.51,0.5,1.802,0.0
0.2,0.5183333333333333,0.5033333333333333,0.6,2.29,0.0
0.1111111111111111,0.5466666666666666,0.5066666666666666,0.6666666666666666,2.0526666666666666,0.0
0.1111111111111111,0.5466666666666666,0.5066666666666666,0.5555555555555556,2.0113333333333334,0.0
0.125,0.5216666666666667,0.51,0.5,1.6786666666666668,0.0
0.1,0.5399999999999999,0.5033333333333333,0.5,2.042666666666667,0.0
0.16666666666666666,0.5166666666666667,0.5,0.5,1.2693333333333334,0.0
0.1,0.5183333333333333,0.5033333333333333,0.5,2.207333333333333,0.0
0.1111111111111111,0.5466666666666666,0.47333333333333333,0.4444444444444444,1.798,0.0
0.1,0.5399999999999999,0.5033333333333333,0.6,2.084,0.0
0.125,0.5433333333333333,0.51,0.75,1.7813333333333334,0.0
0.2222222222222222,0.5333333333333333,0.5066666666666666,0.4444444444444444,2.1286666666666667,0.0
0.2,0.5399999999999999,0.52,0.8,1.1533333333333333,0.0
0.16666666666666666,0.5316666666666666,0.5,0.5,2.756666666666667,0.029749703703703705
0.15384615384615385,0.53,0.5,0.46153846153846156,2.8966666666666665,0.05438977777777779
0.09090909090909091,0.5333333333333333,0.5333333333333333,0.6363636363636364,2.486,0.0
0.1,0.5366666666666667,0.5333333333333333,0.7,2.2586666666666666,0.0
0.2857142857142857,0.55,0.46,0.42857142857142855,1.6513333333333333,0.0
0.14285714285714285,0.5266666666666667,0.5333333333333333,0.7142857142857143,1.6306666666666667,0.0
0.2,0.5399999999999999,0.5,0.5,2.279333333333333,0.0
0.16666666666666666,0.5333333333333333,0.5333333333333333,0.8333333333333334,1.4906666666666666,0.0
0.18181818181818182,0.5333333333333333,0.5,0.45454545454545453,2.4193333333333333,0.0
0.14285714285714285,0.5283333333333334,0.5233333333333333,0.5714285714285714,3.1386666666666665,0.05050866666666668
0.3333333333333333,0.5833333333333334,0.43333333333333335,0.6666666666666666,0.7713333333333333,0.0
0.07692307692307693,0.53,0.5266666666666667,0.6153846153846154,2.9113333333333333,0.0064895555555555574
0.25,0.575,0.43333333333333335,0.5,0.9986666666666667,0.0
0.14285714285714285,0.56,0.46,0.5714285714285714,1.6266666666666667,0.0
0.14285714285714285,0.5733333333333334,0.5133333333333333,0.42857142857142855,1.6353333333333333,0.0
0.07692307692307693,0.58,0.5266666666666667,0.38461538461538464,2.7666666666666666,0.07020577777777778
0.1,0.5683333333333334,0.5333333333333333,0.4,2.232666666666667,0.0
0.1111111111111111,0.6,0.5,0.3333333333333333,1.8593333333333333,0.0
0.1111111111111111,0.5700000000000001,0.5333333333333333,0.4444444444444444,2.1126666666666667,0.0
0.1,0.6,0.5,0.3,1.9793333333333334,0.0
0.16666666666666666,0.575,0.5333333333333333,0.6666666666666666,1.5426666666666666,0.0
0.07692307692307693,0.5833333333333334,0.5,0.23076923076923078,2.5493333333333332,0.04679629629629631
0.14285714285714285,0.5433333333333333,0.5133333333333333,0.2857142857142857,1.524,0.0
0.09090909090909091,0.5333333333333333,0.5,0.45454545454545453,2.212666666666667,0.0
0.08333333333333333,0.5316666666666666,0.5,0.4166666666666667,2.332666666666667,0.0
0.3333333333333333,0.5700000000000001,0.5133333333333333,0.6666666666666666,0.834,0.0
0.06666666666666667,0.5266666666666667,0.5,0.3333333333333333,2.9026666666666667,0.046370074074074084
0.09090909090909091,0.5833333333333334,0.5,0.2727272727272727,2.2853333333333334,0.0
0.14285714285714285,0.5133333333333333,0.5133333333333333,0.5714285714285714,1.4513333333333334,0.0
0.125,0.5366666666666667,0.51,0.25,1.7513333333333334,0.0
0.1,0.5399999999999999,0.5033333333333333,0.5,1.9853333333333334,0.0
0.14285714285714285,0.5433333333333333,0.5133333333333333,0.2857142857142857,1.6313333333333333,0.0
0.25,0.5633333333333332,0.5033333333333334,0.5,1.0613333333333332,0.0
0.09090909090909091,0.5333333333333333,0.5,0.36363636363636365,2.3793333333333333,0.0
0.14285714285714285,0.5400000000000001,0.5133333333333333,0.42857142857142855,1.3573333333333333,0.0
0.09090909090909091,0.5,0.5,0.2727272727272727,2.0473333333333334,0.0
0.06666666666666667,0.5633333333333332,0.5,0.3333333333333333,3.0533333333333332,0.11414385185185184
0.3333333333333333,0.4966666666666667,0.5266666666666667,0.6666666666666666,0.6833333333333333,0.0
0.08333333333333333,0.5316666666666666,0.5,0.3333333333333333,2.5193333333333334,0.017226000000000005
0.16666666666666666,0.55,0.5166666666666667,0.5,1.2173333333333334,0.0
0.16666666666666666,0.5416666666666666,0.4666666666666667,0.16666666666666666,1.0006666666666666,0.0
0.07692307692307693,0.49000000000000005,0.5,0.38461538461538464,2.4273333333333333,0.0
0.09090909090909091,0.5333333333333333,0.5666666666666667,0.36363636363636365,2.63,0.0492325925925926
0.06666666666666667,0.51,0.5333333333333333,0.4,2.965333333333333,0.03861266666666667
0.1111111111111111,0.5666666666666667,0.52,0.5555555555555556,1.7186666666666666,0.0
0.1111111111111111,0.5733333333333334,0.5399999999999999,0.5555555555555556,2.2093333333333334,0.0
0.07692307692307693,0.4633333333333333,0.5,0.5384615384615384,2.59,0.0
0.14285714285714285,0.5616666666666668,0.5,0.42857142857142855,2.6766666666666667,0.0
0.1111111111111111,0.5733333333333334,0.5399999999999999,0.6666666666666666,2.3793333333333333,0.0
0.09090909090909091,0.5,0.5666666666666667,0.36363636363636365,2.3633333333333333,0.0
0.1111111111111111,0.5733333333333334,0.5733333333333334,0.2222222222222222,2.1846666666666668,0.0
0.16666666666666666,0.545,0.5,0.4166666666666667,2.2993333333333332,0.0
0.07692307692307693,0.5066666666666667,0.5333333333333333,0.46153846153846156,2.712,0.0
0.07692307692307693,0.5633333333333332,0.5,0.46153846153846156,2.6526666666666667,0.0
0.07692307692307693,0.4633333333333333,0.5266666666666667,0.46153846153846156,2.498,0.0
0.07692307692307693,0.49333333333333335,0.56,0.38461538461538464,2.695333333333333,0.012212740740740743
0.08333333333333333,0.5566666666666668,0.4633333333333333,0.3333333333333333,2.306,0.0
0.125,0.5833333333333334,0.5666666666666667,0.5,1.8853333333333333,0.0
0.08333333333333333,0.5116666666666667,0.53,0.4166666666666667,2.2906666666666666,0.0
0.125,0.5483333333333333,0.5433333333333333,0.375,1.6606666666666667,0.0
0.09090909090909091,0.5666666666666667,0.5,0.18181818181818182,2.39,0.01956888888888889
0.07142857142857142,0.5516666666666666,0.4666666666666667,0.42857142857142855,2.7506666666666666,0.0
0.09090909090909091,0.5666666666666667,0.43333333333333335,0.2727272727272727,2.022666666666667,0.0
0.16666666666666666,0.5333333333333333,0.5833333333333334,0.5,1.4173333333333333,0.0
0.14285714285714285,0.5133333333333334,0.5266666666666667,0.5714285714285714,1.5133333333333334,0.0
0.1111111111111111,0.5700000000000001,0.5733333333333334,0.1111111111111111,2.1733333333333333,0.0
0.1111111111111111,0.48333333333333334,0.4866666666666667,0.4444444444444444,1.7213333333333334,0.0
0.07142857142857142,0.535,0.49000000000000005,0.42857142857142855,2.6593333333333335,0.0
0.15384615384615385,0.5666666666666667,0.5,0.5384615384615384,2.4726666666666666,0.0
0.07692307692307693,0.5433333333333333,0.4666666666666667,0.46153846153846156,2.4873333333333334,0.0
0.1111111111111111,0.5733333333333334,0.5399999999999999,0.5555555555555556,2.259333333333333,0.0
0.125,0.565,0.5433333333333333,0.5,1.9846666666666666,0.0
0.125,0.5766666666666667,0.49666666666666665,0.625,1.9193333333333333,0.0
0.08333333333333333,0.5133333333333333,0.4666666666666667,0.5,2.028,0.0
0.1,0.5066666666666666,0.51,0.4,1.6653333333333333,0.0
0.1,0.5066666666666666,0.5,0.5,1.768,0.0
0.1,0.4766666666666666,0.43666666666666665,0.4,1.8106666666666666,0.0
0.1,0.5683333333333334,0.51,0.3,2.294,0.0
0.1111111111111111,0.5700000000000001,0.44,0.5555555555555556,1.81,0.0
0.2,0.5766666666666667,0.5266666666666667,0.8,1.1786666666666668,0.0
0.16666666666666666,0.5333333333333333,0.5833333333333334,0.5,1.5473333333333332,0.0
0.08333333333333333,0.4983333333333333,0.5,0.4166666666666667,2.13,0.0
0.1111111111111111,0.5033333333333334,0.5399999999999999,0.3333333333333333,1.8853333333333333,0.0
0.2,0.48666666666666664,0.5033333333333333,0.4,2.1313333333333335,0.0
0.1111111111111111,0.5133333333333333,0.6,0.4444444444444444,1.964,0.0
0.1111111111111111,0.5133333333333333,0.5733333333333334,0.5555555555555556,1.9306666666666668,0.0
0.125,0.5316666666666666,0.52,0.25,1.6353333333333333,0.0
0.14285714285714285,0.5166666666666667,0.48000000000000004,0.2857142857142857,1.2306666666666666,0.0
0.1111111111111111,0.51,0.5133333333333333,0.3333333333333333,1.9386666666666668,0.0
0.1,0.505,0.5,0.4,1.962,0.0
0.08333333333333333,0.515,0.4666666666666667,0.5,2.3866666666666667,0.0
0.09090909090909091,0.5,0.5333333333333333,0.45454545454545453,2.328666666666667,0.0
0.09090909090909091,0.55,0.5,0.45454545454545453,2.1806666666666668,0.0
0.08333333333333333,0.5116666666666667,0.5333333333333333,0.4166666666666667,2.3273333333333333,0.0
0.09090909090909091,0.5666666666666667,0.5666666666666667,0.36363636363636365,2.4593333333333334,0.024920740740740743
0.2,0.45666666666666667,0.5366666666666667,0.4,2.1066666666666665,0.0
0.14285714285714285,0.5466666666666666,0.5666666666666667,0.42857142857142855,1.55,0.0
0.1,0.5833333333333334,0.5333333333333333,0.5,2.1853333333333333,0.0
0.1111111111111111,0.4266666666666667,0.5666666666666667,0.3333333333333333,1.7793333333333334,0.0
0.1111111111111111,0.4266666666666667,0.5666666666666667,0.2222222222222222,1.7153333333333334,0.0
0.08333333333333333,0.5583333333333333,0.5333333333333333,0.16666666666666666,2.4346666666666668,0.007717407407407415
0.07142857142857142,0.5283333333333334,0.4666666666666667,0.42857142857142855,2.8433333333333333,0.0
0.09090909090909091,0.5666666666666667,0.5,0.45454545454545453,2.4013333333333335,0.0
0.1111111111111111,0.5533333333333333,0.5333333333333333,0.5555555555555556,2.272,0.0
0.1,0.5066666666666666,0.51,0.3,2.17,0.0
0.1,0.475,0.5066666666666666,0.5,1.9153333333333333,0.0
0.2,0.45666666666666667,0.5666666666666667,0.2,2.033333333333333,0.0
0.2,0.5216666666666666,0.5700000000000001,0.4,2.497333333333333,0.008184370370370371
0.15384615384615385,0.53,0.5,0.3076923076923077,2.3153333333333332,0.0
0.09090909090909091,0.5333333333333333,0.5,0.36363636363636365,1.9553333333333334,0.0
0.14285714285714285,0.58,0.5466666666666666,0.5714285714285714,1.916,0.0
0.1111111111111111,0.5266666666666667,0.5733333333333334,0.4444444444444444,1.9193333333333333,0.0
0.09090909090909091,0.55,0.5,0.6363636363636364,2.4006666666666665,0.0
0.2,0.5266666666666667,0.5333333333333333,0.4,0.9993333333333333,0.0
0.16666666666666666,0.515,0.5633333333333332,0.5,2.7266666666666666,0.0009842222222222234
0.1,0.45666666666666667,0.5700000000000001,0.3,2.0473333333333334,0.0
0.06666666666666667,0.5666666666666667,0.5,0.4,3.208,0.10846
0.2,0.5766666666666667,0.4666666666666667,0.4,1.188,0.0
0.125,0.5433333333333333,0.44333333333333336,0.25,1.396,0.0
0.16666666666666666,0.525,0.55,0.3333333333333333,1.446,0.0
0.16666666666666666,0.5583333333333333,0.55,0.5,1.452,0.0
0.16666666666666666,0.5166666666666667,0.5166666666666667,0.3333333333333333,1.2973333333333332,0.0
0.07692307692307693,0.5566666666666668,0.5266666666666667,0.5384615384615384,2.7226666666666666,0.0
0.1,0.5683333333333334,0.5,0.6,2.207333333333333,0.0
0.1111111111111111,0.5700000000000001,0.52,0.4444444444444444,2.206,0.0
0.25,0.4799999999999999,0.52,0.25,1.5633333333333332,0.0
0.07142857142857142,0.5666666666666667,0.5,0.5,2.6646666666666667,0.0
0.1111111111111111,0.5533333333333333,0.52,0.2222222222222222,1.844,0.0
0.15384615384615385,0.5433333333333334,0.5,0.38461538461538464,2.3606666666666665,0.0
0.14285714285714285,0.545,0.5,0.35714285714285715,2.7053333333333334,0.0
0.08333333333333333,0.51,0.53,0.5,2.481333333333333,0.0
0.25,0.4616666666666667,0.5133333333333333,0.25,0.7573333333333333,0.0
0.1111111111111111,0.53,0.5666666666666667,0.4444444444444444,2.1233333333333335,0.0
0.06666666666666667,0.5366666666666667,0.48666666666666664,0.4666666666666667,2.916,0.0
0.09090909090909091,0.45,0.5,0.18181818181818182,1.8406666666666667,0.0
0.16666666666666666,0.5333333333333333,0.5166666666666667,0.5,1.35,0.0
0.125,0.5266666666666667,0.5433333333333333,0.375,1.7426666666666666,0.0
0.1,0.5366666666666667,0.5366666666666667,0.3,1.8813333333333333,0.0
0.25,0.5783333333333334,0.4666666666666667,0.75,1.1153333333333333,0.0
0.07692307692307693,0.5533333333333333,0.5,0.38461538461538464,2.484,0.0018198518518518561
0.16666666666666666,0.3416666666666667,0.4666666666666667,0.3333333333333333,0.7666666666666667,0.0
0.1111111111111111,0.4066666666666667,0.5733333333333334,0.1111111111111111,1.626,0.0
0.09090909090909091,0.5666666666666667,0.5,0.36363636363636365,2.4506666666666668,0.0
0.16666666666666666,0.575,0.5833333333333334,0.5,1.6646666666666667,0.0
0.06666666666666667,0.5666666666666667,0.5866666666666667,0.3333333333333333,3.506,0.2111525925925926
0.07692307692307693,0.5,0.5,0.3076923076923077,2.5393333333333334,0.0
0.16666666666666666,0.575,0.48333333333333334,0.5,1.47,0.0
0.1111111111111111,0.5233333333333333,0.4866666666666667,0.4444444444444444,1.8113333333333332,0.0
0.1111111111111111,0.5166666666666667,0.5733333333333334,0.4444444444444444,2.236666666666667,0.0
0.25,0.5166666666666667,0.43333333333333335,0.5,0.728,0.0
0.1111111111111111,0.5566666666666666,0.5133333333333333,0.5555555555555556,1.9466666666666668,0.0
0.14285714285714285,0.5133333333333334,0.5,0.5714285714285714,1.4926666666666666,0.0
0.09090909090909091,0.45,0.5333333333333333,0.36363636363636365,2.1766666666666667,0.0
0.16666666666666666,0.55,0.43333333333333335,0.5,1.1393333333333333,0.0
0.1111111111111111,0.5533333333333333,0.45333333333333337,0.4444444444444444,1.6453333333333333,0.0
0.14285714285714285,0.5433333333333333,0.48000000000000004,0.7142857142857143,1.462,0.0
0.1,0.5233333333333333,0.47,0.5,1.9446666666666668,0.0
0.06666666666666667,0.5533333333333333,0.4933333333333333,0.26666666666666666,2.8553333333333333,0.07431881481481481
0.06666666666666667,0.5533333333333333,0.5533333333333333,0.3333333333333333,3.2546666666666666,0.16618444444444444
0.1,0.5066666666666666,0.5,0.6,1.8273333333333333,0.0
0.125,0.4766666666666667,0.5766666666666667,0.375,1.9393333333333334,0.0
0.1111111111111111,0.5700000000000001,0.5066666666666666,0.6666666666666666,2.1526666666666667,0.0
0.07692307692307693,0.5133333333333333,0.5533333333333333,0.46153846153846156,2.9093333333333335,0.052257333333333336
0.1111111111111111,0.5233333333333333,0.5,0.4444444444444444,1.956,0.0
0.16666666666666666,0.475,0.43333333333333335,0.5,0.9493333333333334,0.0
0.1111111111111111,0.51,0.47333333333333333,0.5555555555555556,1.648,0.0
0.14285714285714285,0.53,0.5466666666666666,0.42857142857142855,1.4593333333333334,0.0
0.08333333333333333,0.515,0.4966666666666667,0.3333333333333333,2.3606666666666665,0.0
0.1111111111111111,0.5166666666666667,0.5,0.4444444444444444,3.7173333333333334,0.1592940740740741
0.2,0.58,0.5399999999999999,0.6,1.2993333333333332,0.0
0.07692307692307693,0.5633333333333332,0.5333333333333333,0.46153846153846156,3.005333333333333,0.0882305185185185
0.25,0.555,0.5466666666666666,0.25,0.994,0.0
0.09090909090909091,0.5666666666666667,0.5,0.5454545454545454,2.466666666666667,0.0
0.07692307692307693,0.5,0.5533333333333333,0.46153846153846156,2.694,0.04683333333333334
0.1111111111111111,0.5666666666666667,0.52,0.3333333333333333,1.7993333333333332,0.0
0.125,0.52,0.5766666666666667,0.25,1.5586666666666666,0.0
0.125,0.4583333333333333,0.5166666666666667,0.25,3.070666666666667,0.09940740740740742
0.1,0.5683333333333334,0.5366666666666667,0.4,2.246,0.0
0.125,0.525,0.5766666666666667,0.375,1.998,0.0
0.5,0.5549999999999999,0.4766666666666667,0.5,0.4513333333333333,0.0
0.15384615384615385,0.51,0.5,0.38461538461538464,2.7146666666666666,0.034714
0.1111111111111111,0.5,0.5,0.2222222222222222,1.7206666666666666,0.0
0.1111111111111111,0.46,0.5,0.3333333333333333,1.6953333333333334,0.0
0.125,0.5483333333333333,0.5666666666666667,0.25,1.8333333333333333,0.0
0.14285714285714285,0.5233333333333333,0.5666666666666667,0.2857142857142857,1.6266666666666667,0.0
0.08333333333333333,0.4966666666666667,0.5900000000000001,0.16666666666666666,2.52,0.02682000000000001
0.16666666666666666,0.5083333333333333,0.5333333333333333,0.5,1.4126666666666667,0.0
0.08333333333333333,0.5666666666666667,0.5900000000000001,0.3333333333333333,2.596,0.026381481481481492
0.07142857142857142,0.4666666666666667,0.5266666666666668,0.21428571428571427,2.49,0.0
0.16666666666666666,0.45,0.5633333333333332,0.3333333333333333,2.4673333333333334,0.0
0.09090909090909091,0.5166666666666667,0.5666666666666667,0.09090909090909091,2.453333333333333,0.0464425925925926
0.14285714285714285,0.5616666666666668,0.5,0.35714285714285715,2.8173333333333335,0.04507062962962964
0.08333333333333333,0.5466666666666666,0.5566666666666668,0.4166666666666667,2.536,0.005612444444444448
0.07142857142857142,0.5400000000000001,0.4666666666666667,0.42857142857142855,2.814,0.018732000000000016
0.1,0.5700000000000001,0.5666666666666667,0.5,2.58,0.0
0.14285714285714285,0.47000000000000003,0.5400000000000001,0.5714285714285714,1.4793333333333334,0.0
0.18181818181818182,0.5166666666666667,0.5666666666666667,0.2727272727272727,2.4006666666666665,0.016797407407407417
0.125,0.505,0.5766666666666667,0.375,1.728,0.0
0.15384615384615385,0.5633333333333332,0.5,0.46153846153846156,2.5686666666666667,0.0
0.09090909090909091,0.55,0.4666666666666667,0.5454545454545454,2.287333333333333,0.0
0.07692307692307693,0.5433333333333333,0.4666666666666667,0.5384615384615384,2.5653333333333332,0.0
0.09090909090909091,0.5,0.5,0.18181818181818182,2.312666666666667,0.0
0.07142857142857142,0.5016666666666667,0.5333333333333333,0.42857142857142855,2.796,0.0
0.14285714285714285,0.5066666666666666,0.58,0.42857142857142855,1.62,0.0
0.18181818181818182,0.5666666666666667,0.5,0.36363636363636365,2.3886666666666665,0.0
0.07692307692307693,0.4666666666666667,0.49333333333333335,0.23076923076923078,2.2826666666666666,0.0
0.07692307692307693,0.5133333333333333,0.5333333333333333,0.46153846153846156,2.736,0.0
0.1,0.5683333333333334,0.51,0.4,2.328666666666667,0.0
0.125,0.47,0.5766666666666667,0.375,1.68,0.0
0.09090909090909091,0.5333333333333333,0.5333333333333333,0.45454545454545453,2.211333333333333,0.0
0.16666666666666666,0.5,0.5,0.4166666666666667,2.3773333333333335,0.0
0.08333333333333333,0.5666666666666667,0.5900000000000001,0.3333333333333333,2.942,0.11349703703703705
0.16666666666666666,0.4083333333333333,0.4666666666666667,0.0,1.0393333333333334,0.0
0.06666666666666667,0.5666666666666667,0.5599999999999999,0.4666666666666667,3.206,0.09892740740740741
0.16666666666666666,0.5333333333333333,0.55,0.16666666666666666,1.3693333333333333,0.0
0.06666666666666667,0.49666666666666665,0.5333333333333333,0.3333333333333333,3.0193333333333334,0.055748074074074075
0.09090909090909091,0.5666666666666667,0.5,0.2727272727272727,2.308666666666667,0.0
0.125,0.5016666666666666,0.5433333333333333,0.375,1.7493333333333334,0.0
0.14285714285714285,0.5266666666666667,0.5400000000000001,0.14285714285714285,1.6726666666666667,0.0
0.07142857142857142,0.5466666666666667,0.5,0.42857142857142855,2.5726666666666667,0.0
0.1,0.5066666666666666,0.5700000000000001,0.3,2.078666666666667,0.0
0.07692307692307693,0.4800000000000001,0.5,0.3076923076923077,2.3573333333333335,0.0
0.125,0.52,0.5299999999999999,0.125,1.7766666666666666,0.0
0.15384615384615385,0.5633333333333332,0.5,0.38461538461538464,2.4926666666666666,0.0
0.07692307692307693,0.5066666666666667,0.5333333333333333,0.38461538461538464,2.612,0.0
0.09090909090909091,0.5333333333333333,0.5333333333333333,0.36363636363636365,2.0873333333333335,0.0
0.14285714285714285,0.5133333333333334,0.5466666666666666,0.42857142857142855,1.6453333333333333,0.0
0.15384615384615385,0.5433333333333333,0.4666666666666667,0.46153846153846156,2.489333333333333,0.0
0.1111111111111111,0.5133333333333333,0.5733333333333334,0.3333333333333333,1.9746666666666666,0.0
0.08333333333333333,0.49000000000000005,0.5,0.3333333333333333,2.2533333333333334,0.0
0.2,0.5666666666666667,0.5,0.5,1.8473333333333333,0.0
0.07142857142857142,0.5400000000000001,0.5333333333333333,0.35714285714285715,2.9053333333333335,0.04464000000000002
0.08333333333333333,0.5483333333333333,0.53,0.3333333333333333,2.3806666666666665,0.013354962962962973
0.125,0.56,0.5433333333333333,0.375,1.9386666666666668,0.0
0.07692307692307693,0.5333333333333333,0.4866666666666667,0.15384615384615385,2.392,0.0
0.1,0.5016666666666667,0.5700000000000001,0.4,2.116,0.0
0.09090909090909091,0.5666666666666667,0.5,0.45454545454545453,2.1806666666666668,0.0
0.1,0.5683333333333334,0.51,0.3,2.1646666666666667,0.0
0.07692307692307693,0.5433333333333333,0.4666666666666667,0.46153846153846156,2.449333333333333,0.0
0.1111111111111111,0.5733333333333334,0.5399999999999999,0.5555555555555556,2.215333333333333,0.0
0.1111111111111111,0.5133333333333333,0.5733333333333334,0.3333333333333333,1.9346666666666668,0.0
0.08333333333333333,0.49000000000000005,0.5,0.3333333333333333,2.2133333333333334,0.0
0.1111111111111111,0.5666666666666667,0.5,0.4444444444444444,1.8006666666666666,0.0
0.08333333333333333,0.4966666666666667,0.5,0.16666666666666666,2.4686666666666666,0.008542666666666678
0.07692307692307693,0.5333333333333333,0.49333333333333335,0.46153846153846156,2.5513333333333335,0.0
0.06666666666666667,0.5399999999999999,0.5,0.4666666666666667,2.808666666666667,0.0
0.07142857142857142,0.4666666666666667,0.4800000000000001,0.21428571428571427,2.4386666666666668,0.0
0.07142857142857142,0.48500000000000004,0.5,0.35714285714285715,2.5933333333333333,0.0
0.09090909090909091,0.5666666666666667,0.5,0.18181818181818182,2.296666666666667,0.0
0.2,0.5516666666666666,0.5,0.4,1.9726666666666666,0.0
0.125,0.5716666666666667,0.5433333333333333,0.5,1.8133333333333332,0.0
0.07692307692307693,0.5466666666666667,0.46,0.23076923076923078,2.2666666666666666,0.0
0.18181818181818182,0.5166666666666667,0.5333333333333333,0.36363636363636365,2.244,0.0
0.07692307692307693,0.5333333333333333,0.5,0.5384615384615384,2.5693333333333332,0.0
0.2222222222222222,0.5666666666666667,0.5,0.3333333333333333,1.7826666666666666,0.0
0.1111111111111111,0.49000000000000005,0.5399999999999999,0.5555555555555556,2.0033333333333334,0.0
0.06666666666666667,0.5399999999999999,0.5,0.5333333333333333,2.8266666666666667,0.0
0.07142857142857142,0.4700000000000001,0.5,0.42857142857142855,2.6113333333333335,0.0
0.1,0.5666666666666667,0.51,0.2,2.27,0.0
0.18181818181818182,0.55,0.5,0.36363636363636365,1.9993333333333334,0.0
0.1,0.5683333333333334,0.51,0.4,2.346,0.0
0.09090909090909091,0.5666666666666667,0.4666666666666667,0.5454545454545454,2.3526666666666665,0.0
0.07692307692307693,0.5633333333333332,0.4666666666666667,0.5384615384615384,2.6306666666666665,0.0
0.1111111111111111,0.5733333333333334,0.5399999999999999,0.6666666666666666,2.3966666666666665,0.0
0.08333333333333333,0.5566666666666668,0.4633333333333333,0.25,2.24,0.0
0.1,0.5683333333333334,0.5666666666666667,0.4,2.3573333333333335,0.0
0.09090909090909091,0.4666666666666667,0.5333333333333333,0.36363636363636365,2.1053333333333333,0.0
0.07692307692307693,0.5433333333333333,0.4666666666666667,0.5384615384615384,2.644,0.0
0.1111111111111111,0.5733333333333334,0.5399999999999999,0.6666666666666666,2.41,0.0
0.08333333333333333,0.515,0.5,0.4166666666666667,2.408,0.0
0.13333333333333333,0.56,0.5,0.4,2.878,0.019575111111111123
0.07692307692307693,0.5333333333333333,0.49333333333333335,0.46153846153846156,2.5966666666666667,0.0
0.1111111111111111,0.5233333333333333,0.5399999999999999,0.4444444444444444,1.8746666666666667,0.0
0.06666666666666667,0.5366666666666667,0.4666666666666667,0.4666666666666667,2.8746666666666667,0.0
0.06666666666666667,0.5399999999999999,0.5,0.4666666666666667,2.854,0.006180000000000003
0.07142857142857142,0.49000000000000005,0.5,0.35714285714285715,2.6386666666666665,0.0
0.1111111111111111,0.5233333333333333,0.5333333333333333,0.4444444444444444,1.8006666666666666,0.0
0.08333333333333333,0.49500000000000005,0.5666666666666667,0.4166666666666667,2.6153333333333335,0.006952
0.08333333333333333,0.4966666666666667,0.56,0.16666666666666666,2.588,0.04265814814814816
0.13333333333333333,0.56,0.5,0.4,2.952,0.0426968888888889
0.08333333333333333,0.5666666666666667,0.56,0.3333333333333333,2.664,0.044451851851851854
0.07692307692307693,0.5266666666666667,0.56,0.38461538461538464,2.546666666666667,0.025209777777777782
0.07142857142857142,0.4666666666666667,0.5466666666666667,0.21428571428571427,2.558,0.008327407407407419
0.08333333333333333,0.5283333333333334,0.5666666666666667,0.3333333333333333,2.675333333333333,0.056848666666666686
0.16666666666666666,0.45,0.5633333333333332,0.3333333333333333,2.5353333333333334,0.012830000000000006
0.09090909090909091,0.5166666666666667,0.5333333333333333,0.45454545454545453,2.3493333333333335,0.0
0.1,0.5016666666666667,0.5700000000000001,0.4,2.066666666666667,0.0
0.1,0.5683333333333334,0.51,0.3,2.1153333333333335,0.0
0.14285714285714285,0.5133333333333334,0.5466666666666666,0.42857142857142855,1.556,0.0
0.08333333333333333,0.4666666666666667,0.43333333333333335,0.16666666666666666,2.009333333333333,0.0
0.1111111111111111,0.5133333333333333,0.5733333333333334,0.3333333333333333,1.8853333333333333,0.0
0.08333333333333333,0.49000000000000005,0.5,0.3333333333333333,2.164,0.0
0.1,0.5383333333333333,0.5666666666666667,0.3,2.1266666666666665,0.0
0.1,0.4716666666666666,0.5366666666666667,0.4,1.964,0.0
0.09090909090909091,0.5666666666666667,0.5333333333333333,0.36363636363636365,2.5006666666666666,0.0
0.16666666666666666,0.55,0.5266666666666667,0.5,2.5073333333333334,0.0
0.08333333333333333,0.5483333333333333,0.5333333333333333,0.4166666666666667,2.3833333333333333,0.0
0.1,0.5516666666666666,0.5700000000000001,0.4,2.2706666666666666,0.0
0.09090909090909091,0.55,0.5666666666666667,0.36363636363636365,2.512,0.007027777777777778
0.09090909090909091,0.5,0.5666666666666667,0.45454545454545453,2.33,0.0
0.09090909090909091,0.5,0.5,0.18181818181818182,2.3026666666666666,0.0
0.1,0.52,0.5366666666666667,0.4,2.086,0.0
0.125,0.5016666666666666,0.5433333333333333,0.5,1.8193333333333332,0.0
0.07142857142857142,0.5466666666666667,0.5,0.5,2.6426666666666665,0.0
0.1,0.5066666666666666,0.5700000000000001,0.4,2.1486666666666667,0.0
0.14285714285714285,0.5266666666666667,0.5400000000000001,0.14285714285714285,1.43,0.0
0.09090909090909091,0.5666666666666667,0.5666666666666667,0.5454545454545454,2.578666666666667,0.0
0.09090909090909091,0.5666666666666667,0.5,0.2727272727272727,2.5513333333333335,0.01949333333333334
0.14285714285714285,0.5666666666666667,0.5,0.5,2.9153333333333333,0.014028148148148149
0.07142857142857142,0.5616666666666668,0.5333333333333333,0.5,3.034666666666667,0.030716925925925936
0.08333333333333333,0.5816666666666667,0.4666666666666667,0.5833333333333334,2.634,0.0
0.08333333333333333,0.5666666666666667,0.53,0.5,2.51,0.0
0.125,0.5833333333333334,0.5433333333333333,0.625,2.068,0.0
0.07692307692307693,0.5666666666666667,0.46,0.3076923076923077,2.521333333333333,0.0
0.1,0.5683333333333334,0.5700000000000001,0.5,2.3973333333333335,0.0
0.07692307692307693,0.5633333333333332,0.5,0.46153846153846156,2.676,0.0
0.09090909090909091,0.5833333333333334,0.5666666666666667,0.45454545454545453,2.6386666666666665,0.032731481481481486
0.125,0.5716666666666667,0.5299999999999999,0.375,1.7113333333333334,0.0
0.1,0.5666666666666667,0.51,0.1,2.27,0.005918518518518522
0.15384615384615385,0.5666666666666667,0.5,0.38461538461538464,2.634,0.0004533333333333463
0.07692307692307693,0.5433333333333333,0.5333333333333333,0.38461538461538464,2.7533333333333334,0.016698444444444446
0.09090909090909091,0.5666666666666667,0.4666666666666667,0.45454545454545453,2.3526666666666665,0.0
0.07692307692307693,0.5633333333333332,0.4666666666666667,0.46153846153846156,2.6306666666666665,0.0
0.1111111111111111,0.5733333333333334,0.5399999999999999,0.5555555555555556,2.3966666666666665,0.0
0.08333333333333333,0.545,0.5,0.3333333333333333,2.3946666666666667,0.0
0.2,0.5216666666666666,0.5366666666666667,0.3,2.2173333333333334,0.0
0.1,0.5066666666666666,0.51,0.1,2.0486666666666666,0.0
0.15384615384615385,0.5633333333333332,0.5,0.38461538461538464,2.4126666666666665,0.0
0.125,0.5716666666666667,0.5299999999999999,0.375,1.9326666666666668,0.0
0.09090909090909091,0.55,0.4666666666666667,0.45454545454545453,2.1313333333333335,0.0
0.07692307692307693,0.5433333333333333,0.4666666666666667,0.46153846153846156,2.4093333333333335,0.0
0.07692307692307693,0.5533333333333333,0.5,0.46153846153846156,2.3886666666666665,0.0
0.08333333333333333,0.49000000000000005,0.5,0.3333333333333333,2.1733333333333333,0.0
0.2,0.45666666666666667,0.5366666666666667,0.3,1.996,0.0
0.09090909090909091,0.5,0.6,0.45454545454545453,2.57,0.0
0.14285714285714285,0.5733333333333334,0.4666666666666667,0.2857142857142857,1.4386666666666668,0.0
0.09090909090909091,0.5,0.6,0.18181818181818182,2.542666666666667,0.03530000000000001
0.14285714285714285,0.5616666666666668,0.5,0.42857142857142855,2.9066666666666667,0.034236703703703714
0.07142857142857142,0.5116666666666667,0.5566666666666668,0.42857142857142855,3.026,0.046504814814814825
0.08333333333333333,0.53,0.5633333333333332,0.4166666666666667,2.501333333333333,0.017266222222222228
0.125,0.525,0.5766666666666667,0.5,2.0593333333333335,0.0
0.07142857142857142,0.5400000000000001,0.49000000000000005,0.5,2.9033333333333333,0.008316000000000016
0.1,0.5700000000000001,0.5700000000000001,0.6,2.6693333333333333,0.0
0.07142857142857142,0.5466666666666667,0.5700000000000001,0.5,2.8826666666666667,0.020469629629629633
0.07692307692307693,0.49333333333333335,0.5533333333333333,0.23076923076923078,2.5126666666666666,0.0012607407407407435
0.18181818181818182,0.5,0.5666666666666667,0.36363636363636365,2.49,0.006611111111111123
0.18181818181818182,0.5,0.5666666666666667,0.36363636363636365,2.2666666666666666,0.0
0.14285714285714285,0.5616666666666668,0.5,0.35714285714285715,2.6033333333333335,0.0
0.14285714285714285,0.5733333333333334,0.5400000000000001,0.42857142857142855,1.742,0.0
0.08333333333333333,0.5416666666666666,0.4666666666666667,0.4166666666666667,2.322,0.0
0.125,0.5016666666666666,0.5433333333333333,0.375,1.756,0.0
0.1,0.5700000000000001,0.5366666666666667,0.5,2.366,0.0
0.07142857142857142,0.5466666666666667,0.5,0.42857142857142855,2.5793333333333335,0.0
0.1,0.5066666666666666,0.5700000000000001,0.3,2.0853333333333333,0.0
0.09090909090909091,0.5333333333333333,0.5666666666666667,0.2727272727272727,2.3266666666666667,0.0
0.125,0.5716666666666667,0.5299999999999999,0.375,1.8886666666666667,0.0
0.09090909090909091,0.5333333333333333,0.5333333333333333,0.36363636363636365,2.0513333333333335,0.0
0.14285714285714285,0.5133333333333334,0.5466666666666666,0.42857142857142855,1.6093333333333333,0.0
0.07692307692307693,0.5433333333333333,0.4666666666666667,0.46153846153846156,2.453333333333333,0.0
0.1111111111111111,0.5133333333333333,0.5733333333333334,0.3333333333333333,1.9386666666666668,0.0
0.2,0.45666666666666667,0.5366666666666667,0.3,2.04,0.0
0.125,0.49166666666666664,0.49666666666666665,0.375,1.522,0.0
0.14285714285714285,0.5666666666666667,0.5,0.5,2.83,0.005389629629629629
0.07142857142857142,0.5400000000000001,0.5333333333333333,0.5,2.949333333333333,0.021300000000000006
0.09090909090909091,0.5833333333333334,0.5,0.45454545454545453,2.542,0.006831481481481485
0.08333333333333333,0.5633333333333332,0.53,0.5,2.4246666666666665,0.0
0.08333333333333333,0.4966666666666667,0.56,0.16666666666666666,2.61,0.030815407407407416
0.14285714285714285,0.5633333333333332,0.44666666666666666,0.5714285714285714,1.378,0.0
0.13333333333333333,0.56,0.5,0.4,2.974,0.029344000000000005
0.06666666666666667,0.49666666666666665,0.5533333333333333,0.4,3.0933333333333333,0.040892222222222226
0.08333333333333333,0.5666666666666667,0.56,0.3333333333333333,2.686,0.030940000000000006
0.06666666666666667,0.5366666666666667,0.4666666666666667,0.4666666666666667,2.970666666666667,0.0036731851851851934
0.09090909090909091,0.5666666666666667,0.5666666666666667,0.5454545454545454,2.736666666666667,0.0
0.06666666666666667,0.5399999999999999,0.5399999999999999,0.4666666666666667,2.95,0.015600000000000008
0.09090909090909091,0.5,0.5666666666666667,0.36363636363636365,2.456,0.0
0.07142857142857142,0.49000000000000005,0.5,0.35714285714285715,2.7346666666666666,0.0
0.16666666666666666,0.46499999999999997,0.5633333333333332,0.3333333333333333,2.5573333333333332,0.002170000000000006
0.125,0.5016666666666666,0.49666666666666665,0.5,1.7173333333333334,0.0
0.09090909090909091,0.55,0.5,0.18181818181818182,2.2706666666666666,0.0
0.14285714285714285,0.5616666666666668,0.5,0.42857142857142855,2.6346666666666665,0.0
0.08333333333333333,0.5483333333333333,0.53,0.4166666666666667,2.2293333333333334,0.0
0.07142857142857142,0.55,0.4666666666666667,0.5,2.6313333333333335,0.0
0.1,0.5700000000000001,0.5366666666666667,0.6,2.3973333333333335,0.0
0.07142857142857142,0.5616666666666668,0.5,0.5,2.6106666666666665,0.0
0.07692307692307693,0.5333333333333333,0.43333333333333335,0.23076923076923078,2.240666666666667,0.0
0.1,0.5516666666666666,0.5700000000000001,0.4,2.1166666666666667,0.0
0.07692307692307693,0.5400000000000001,0.5,0.38461538461538464,2.3953333333333333,0.0
0.18181818181818182,0.5166666666666667,0.5333333333333333,0.36363636363636365,2.218,0.0
0.14285714285714285,0.5633333333333332,0.5066666666666667,0.5714285714285714,1.4886666666666666,0.0
0.08333333333333333,0.49500000000000005,0.56,0.4166666666666667,2.526666666666667,0.0
0.06666666666666667,0.49666666666666665,0.5333333333333333,0.4,2.982666666666667,0.027714000000000006
0.08333333333333333,0.5666666666666667,0.4966666666666667,0.3333333333333333,2.5753333333333335,0.015904444444444454
0.07692307692307693,0.5266666666666667,0.5266666666666667,0.38461538461538464,2.458,0.0
0.1111111111111111,0.49000000000000005,0.5399999999999999,0.4444444444444444,2.016,0.0
0.09090909090909091,0.5666666666666667,0.5333333333333333,0.5454545454545454,2.626,0.0
0.06666666666666667,0.5399999999999999,0.5,0.4666666666666667,2.8393333333333333,0.0012719999999999997
0.09090909090909091,0.5,0.5666666666666667,0.36363636363636365,2.3453333333333335,0.0
0.16666666666666666,0.45,0.53,0.3333333333333333,2.4466666666666668,0.0
0.125,0.52,0.5433333333333333,0.375,1.5846666666666667,0.0
0.09090909090909091,0.5166666666666667,0.5666666666666667,0.45454545454545453,2.3066666666666666,0.0
0.09090909090909091,0.5333333333333333,0.5,0.18181818181818182,2.279333333333333,0.0
0.09090909090909091,0.5666666666666667,0.5,0.36363636363636365,2.3553333333333333,0.0
0.08333333333333333,0.5483333333333333,0.4666666666666667,0.5,2.362,0.0
0.1,0.5366666666666667,0.5700000000000001,0.4,2.1253333333333333,0.0
0.07692307692307693,0.5266666666666667,0.5,0.38461538461538464,2.404,0.0
0.18181818181818182,0.5166666666666667,0.5333333333333333,0.36363636363636365,2.2266666666666666,0.0
0.08333333333333333,0.515,0.56,0.4166666666666667,2.5933333333333333,0.004955444444444446
0.14285714285714285,0.5133333333333333,0.5466666666666666,0.42857142857142855,1.298,0.0
0.13333333333333333,0.5666666666666667,0.5,0.4,2.93,0.04069925925925926
0.06666666666666667,0.5366666666666667,0.5333333333333333,0.4,3.0493333333333332,0.05460881481481483
0.08333333333333333,0.5666666666666667,0.4966666666666667,0.3333333333333333,2.642,0.041945925925925935
0.07692307692307693,0.5633333333333332,0.4666666666666667,0.46153846153846156,2.6486666666666667,0.0010390370370370423
0.06666666666666667,0.56,0.4666666666666667,0.4666666666666667,2.9266666666666667,0.014709333333333347
0.09090909090909091,0.5666666666666667,0.5333333333333333,0.5454545454545454,2.6926666666666668,0.0
0.06666666666666667,0.5666666666666667,0.5,0.4666666666666667,2.906,0.027376296296296294
0.09090909090909091,0.5666666666666667,0.5666666666666667,0.36363636363636365,2.412,0.008701481481481487
0.08333333333333333,0.5,0.5633333333333332,0.4166666666666667,2.509333333333333,0.0
0.14285714285714285,0.5466666666666666,0.5266666666666667,0.42857142857142855,1.382,0.0
0.08333333333333333,0.5,0.53,0.16666666666666666,2.482,0.027711111111111117
0.13333333333333333,0.56,0.5,0.4,2.846,0.025635555555555557
0.07692307692307693,0.5400000000000001,0.52,0.46153846153846156,2.5646666666666667,0.0
0.09090909090909091,0.5666666666666667,0.5333333333333333,0.5454545454545454,2.6086666666666667,0.0
0.07142857142857142,0.5,0.5,0.35714285714285715,2.6066666666666665,0.0
0.08333333333333333,0.53,0.5633333333333332,0.3333333333333333,2.5693333333333332,0.040880666666666676
0.1111111111111111,0.5399999999999999,0.5066666666666666,0.4444444444444444,1.6393333333333333,0.0
0.1,0.5016666666666667,0.5700000000000001,0.4,2.252,0.0
0.1,0.5066666666666666,0.5700000000000001,0.1,2.224666666666667,0.004526222222222229
0.07692307692307693,0.5066666666666667,0.56,0.38461538461538464,2.708,0.014805925925925932
0.1,0.5683333333333334,0.5700000000000001,0.3,2.300666666666667,0.0008461851851851919
0.07692307692307693,0.5433333333333333,0.4666666666666667,0.46153846153846156,2.5853333333333333,0.0
0.1111111111111111,0.5733333333333334,0.5666666666666667,0.5555555555555556,2.3513333333333333,0.0
0.07692307692307693,0.5533333333333333,0.5533333333333333,0.46153846153846156,2.5646666666666667,0.0
0.08333333333333333,0.49000000000000005,0.5,0.3333333333333333,2.3493333333333335,0.0
0.2,0.45666666666666667,0.5666666666666667,0.3,2.172,0.0
0.1,0.5016666666666667,0.5700000000000001,0.5,2.15,0.0
0.1111111111111111,0.5399999999999999,0.5399999999999999,0.3333333333333333,1.7413333333333334,0.0
0.15384615384615385,0.5633333333333332,0.5,0.46153846153846156,2.486666666666667,0.0
0.07692307692307693,0.5066666666666667,0.5333333333333333,0.46153846153846156,2.606,0.0
0.1,0.5683333333333334,0.51,0.4,2.1986666666666665,0.0
0.1111111111111111,0.5733333333333334,0.5399999999999999,0.6666666666666666,2.2493333333333334,0.0
0.07692307692307693,0.5533333333333333,0.5,0.5384615384615384,2.462666666666667,0.0
0.08333333333333333,0.4666666666666667,0.49333333333333335,0.25,2.0926666666666667,0.0
0.1111111111111111,0.5133333333333333,0.5733333333333334,0.4444444444444444,1.9686666666666666,0.0
0.08333333333333333,0.49000000000000005,0.5,0.4166666666666667,2.247333333333333,0.0
0.2,0.45666666666666667,0.5366666666666667,0.4,2.07,0.0
0.25,0.5483333333333333,0.5566666666666666,0.25,1.068,0.0
0.09090909090909091,0.5,0.5666666666666667,0.5454545454545454,2.3813333333333335,0.0
0.09090909090909091,0.5,0.5,0.2727272727272727,2.354,0.0
0.14285714285714285,0.5616666666666668,0.5,0.5,2.718,0.0
0.09090909090909091,0.5666666666666667,0.5,0.45454545454545453,2.43,0.0
0.08333333333333333,0.53,0.53,0.5,2.312666666666667,0.0
0.07692307692307693,0.4666666666666667,0.46,0.3076923076923077,2.324,0.0
0.09090909090909091,0.5333333333333333,0.5666666666666667,0.45454545454545453,2.441333333333333,0.0
0.25,0.5483333333333333,0.5366666666666667,0.75,0.9973333333333333,0.0
0.09090909090909091,0.5,0.5666666666666667,0.36363636363636365,2.452,0.0
0.14285714285714285,0.5616666666666668,0.5,0.35714285714285715,2.788666666666667,0.017174518518518526
0.07142857142857142,0.5016666666666667,0.5333333333333333,0.35714285714285715,2.908,0.03035640740740742
0.09090909090909091,0.5666666666666667,0.5333333333333333,0.2727272727272727,2.5006666666666666,0.018574074074074083
0.08333333333333333,0.5416666666666666,0.5266666666666667,0.4166666666666667,2.5073333333333334,0.0
0.08333333333333333,0.53,0.5333333333333333,0.3333333333333333,2.3833333333333333,0.001166000000000004
0.07142857142857142,0.5400000000000001,0.4666666666666667,0.42857142857142855,2.7853333333333334,0.0
0.1,0.5700000000000001,0.5366666666666667,0.5,2.5513333333333335,0.0
0.07142857142857142,0.5466666666666667,0.5233333333333333,0.42857142857142855,2.764666666666667,0.003863111111111111
0.1,0.5066666666666666,0.5700000000000001,0.3,2.2706666666666666,0.0
0.07692307692307693,0.49333333333333335,0.5,0.3076923076923077,2.5493333333333332,0.0
0.18181818181818182,0.4666666666666667,0.5333333333333333,0.2727272727272727,2.372,0.0
0.2,0.4666666666666667,0.5066666666666666,0.6,1.0726666666666667,0.0
0.15384615384615385,0.5666666666666667,0.5,0.38461538461538464,2.7133333333333334,0.019934074074074076
0.07692307692307693,0.5433333333333333,0.56,0.38461538461538464,2.832666666666667,0.03537703703703704
0.1,0.5833333333333334,0.5700000000000001,0.3,2.425333333333333,0.02180370370370371
0.09090909090909091,0.5833333333333334,0.5666666666666667,0.45454545454545453,2.432,0.0
0.09090909090909091,0.5666666666666667,0.5666666666666667,0.36363636363636365,2.308,0.0038533333333333336
0.07692307692307693,0.5766666666666667,0.4666666666666667,0.46153846153846156,2.71,0.0
0.07692307692307693,0.5666666666666667,0.5533333333333333,0.46153846153846156,2.6893333333333334,0.006611111111111122
0.08333333333333333,0.5566666666666668,0.5533333333333333,0.16666666666666666,2.3193333333333332,0.0
0.1111111111111111,0.5700000000000001,0.5733333333333334,0.3333333333333333,2.195333333333333,0.0
0.08333333333333333,0.545,0.5,0.3333333333333333,2.474,0.0
0.1,0.5833333333333334,0.5666666666666667,0.3,2.4366666666666665,0.038811111111111116
0.2,0.5233333333333333,0.5666666666666667,0.3,2.296666666666667,0.0
0.1,0.5016666666666667,0.5700000000000001,0.5,2.179333333333333,0.0
0.2,0.5366666666666667,0.5533333333333333,0.4,1.27,0.0
0.15384615384615385,0.5633333333333332,0.5,0.46153846153846156,2.516,0.0
0.07692307692307693,0.5066666666666667,0.5333333333333333,0.46153846153846156,2.6353333333333335,0.0
0.1,0.5683333333333334,0.51,0.4,2.228,0.0
0.09090909090909091,0.55,0.4666666666666667,0.5454545454545454,2.2346666666666666,0.0
0.09090909090909091,0.5333333333333333,0.5333333333333333,0.45454545454545453,2.1106666666666665,0.0
0.07692307692307693,0.5433333333333333,0.4666666666666667,0.5384615384615384,2.5126666666666666,0.0
0.1111111111111111,0.5733333333333334,0.5399999999999999,0.6666666666666666,2.2786666666666666,0.0
0.07692307692307693,0.5533333333333333,0.5,0.5384615384615384,2.492,0.0
0.16666666666666666,0.4666666666666667,0.43333333333333335,0.25,2.122,0.0
0.08333333333333333,0.49000000000000005,0.5,0.4166666666666667,2.276666666666667,0.0
0.1,0.5383333333333333,0.5666666666666667,0.4,2.239333333333333,0.0
0.2,0.45666666666666667,0.5366666666666667,0.4,2.0993333333333335,0.0
1.0,0.38333333333333336,0.43333333333333335,1.0,0.19933333333333333,0.0
0.1,0.5166666666666667,0.5700000000000001,0.5,2.2693333333333334,0.0
0.1,0.5216666666666666,0.51,0.2,2.242,0.0
0.09090909090909091,0.55,0.4666666666666667,0.45454545454545453,2.024,0.0
0.15384615384615385,0.5633333333333332,0.5,0.46153846153846156,2.606,0.0
0.07692307692307693,0.5166666666666667,0.5333333333333333,0.46153846153846156,2.7253333333333334,0.0
0.09090909090909091,0.55,0.4666666666666667,0.5454545454545454,2.324666666666667,0.0
0.09090909090909091,0.5333333333333333,0.5333333333333333,0.45454545454545453,2.2006666666666668,0.0
0.14285714285714285,0.5433333333333333,0.5466666666666666,0.5714285714285714,1.7586666666666666,0.0
0.1111111111111111,0.5733333333333334,0.5399999999999999,0.6666666666666666,2.3686666666666665,0.0
0.08333333333333333,0.5116666666666667,0.4633333333333333,0.25,2.212,0.0
0.1111111111111111,0.5266666666666667,0.5733333333333334,0.4444444444444444,2.088,0.0
0.08333333333333333,0.515,0.5,0.4166666666666667,2.3666666666666667,0.0
0.1,0.5383333333333333,0.5666666666666667,0.4,2.3293333333333335,0.0
0.2,0.5166666666666667,0.5366666666666667,0.4,2.1893333333333334,0.0
0.1111111111111111,0.5233333333333333,0.4666666666666667,0.4444444444444444,1.688,0.0
0.08333333333333333,0.56,0.4966666666666667,0.25,2.578,0.01577955555555557
0.13333333333333333,0.5666666666666667,0.5,0.4666666666666667,2.942,0.010502222222222229
0.06666666666666667,0.5366666666666667,0.5333333333333333,0.4666666666666667,3.0613333333333332,0.026010444444444458
0.08333333333333333,0.5816666666666667,0.4966666666666667,0.4166666666666667,2.654,0.012059888888888901
0.07692307692307693,0.5766666666666667,0.4666666666666667,0.5384615384615384,2.6606666666666667,0.0
0.07692307692307693,0.56,0.5266666666666667,0.46153846153846156,2.5366666666666666,0.0
0.1111111111111111,0.5833333333333334,0.5399999999999999,0.5555555555555556,2.0946666666666665,0.0
0.09090909090909091,0.5833333333333334,0.5333333333333333,0.6363636363636364,2.7046666666666668,0.0
0.06666666666666667,0.5666666666666667,0.5,0.5333333333333333,2.918,0.0
0.07142857142857142,0.5466666666666667,0.43333333333333335,0.2857142857142857,2.548,0.0
0.09090909090909091,0.5666666666666667,0.5666666666666667,0.45454545454545453,2.424,0.0
0.16666666666666666,0.515,0.53,0.4166666666666667,2.525333333333333,0.0
0.09090909090909091,0.5,0.5666666666666667,0.45454545454545453,2.3573333333333335,0.0
0.1,0.5533333333333333,0.4666666666666667,0.5,1.936,0.0
0.14285714285714285,0.5616666666666668,0.5,0.42857142857142855,2.694,0.0
0.07142857142857142,0.5066666666666667,0.5333333333333333,0.42857142857142855,2.8133333333333335,0.006992000000000004
0.09090909090909091,0.5666666666666667,0.5,0.36363636363636365,2.406,0.0
0.08333333333333333,0.5433333333333333,0.4666666666666667,0.5,2.4126666666666665,0.0
0.08333333333333333,0.53,0.53,0.4166666666666667,2.288666666666667,0.0
0.125,0.5133333333333333,0.5433333333333333,0.5,1.8466666666666667,0.0
0.1,0.5700000000000001,0.5366666666666667,0.6,2.4566666666666666,0.0
0.1,0.5066666666666666,0.5700000000000001,0.4,2.176,0.0
0.07692307692307693,0.4966666666666667,0.5,0.38461538461538464,2.4546666666666668,0.0
0.1111111111111111,0.5566666666666666,0.4666666666666667,0.6666666666666666,1.8306666666666667,0.0
0.08333333333333333,0.49500000000000005,0.56,0.3333333333333333,2.462666666666667,0.0
0.13333333333333333,0.56,0.5,0.3333333333333333,2.7993333333333332,0.013688888888888901
0.06666666666666667,0.49666666666666665,0.5333333333333333,0.3333333333333333,2.9186666666666667,0.027007629629629642
0.08333333333333333,0.5666666666666667,0.4966666666666667,0.25,2.5113333333333334,0.015098518518518518
0.07692307692307693,0.5333333333333333,0.4666666666666667,0.38461538461538464,2.518,0.0
0.07692307692307693,0.5266666666666667,0.5266666666666667,0.3076923076923077,2.394,0.0
0.1111111111111111,0.49000000000000005,0.5399999999999999,0.3333333333333333,1.952,0.0
0.09090909090909091,0.5666666666666667,0.5333333333333333,0.45454545454545453,2.562,0.0
0.06666666666666667,0.5399999999999999,0.5,0.4,2.775333333333333,0.0005040000000000043
0.09090909090909091,0.5,0.5666666666666667,0.2727272727272727,2.2813333333333334,0.0
0.16666666666666666,0.45,0.53,0.25,2.3826666666666667,0.0
0.09090909090909091,0.5,0.5666666666666667,0.45454545454545453,2.3426666666666667,0.0
0.1,0.5533333333333333,0.4666666666666667,0.5,1.9506666666666668,0.0
0.18181818181818182,0.5,0.5,0.18181818181818182,2.3153333333333332,0.0
0.14285714285714285,0.5616666666666668,0.5,0.42857142857142855,2.679333333333333,0.0
0.07142857142857142,0.5016666666666667,0.5333333333333333,0.42857142857142855,2.7986666666666666,0.0
0.09090909090909091,0.5666666666666667,0.5,0.36363636363636365,2.3913333333333333,0.0
0.08333333333333333,0.5416666666666666,0.4666666666666667,0.5,2.398,0.0
0.125,0.5016666666666666,0.5433333333333333,0.5,1.832,0.0
0.1,0.5700000000000001,0.5366666666666667,0.6,2.442,0.0
0.07142857142857142,0.5466666666666667,0.5,0.5,2.6553333333333335,0.0
0.07692307692307693,0.4666666666666667,0.46,0.23076923076923078,2.2853333333333334,0.0
0.1,0.5066666666666666,0.5700000000000001,0.4,2.1613333333333333,0.0
0.07692307692307693,0.4800000000000001,0.5,0.38461538461538464,2.44,0.0
0.18181818181818182,0.45,0.5333333333333333,0.36363636363636365,2.2626666666666666,0.0
0.1,0.52,0.5700000000000001,0.5,2.156,0.0
0.1,0.5516666666666666,0.51,0.2,2.1286666666666667,0.0
0.15384615384615385,0.5633333333333332,0.5,0.46153846153846156,2.4926666666666666,0.0
0.07692307692307693,0.5433333333333333,0.5333333333333333,0.46153846153846156,2.612,0.0
0.09090909090909091,0.5166666666666667,0.4666666666666667,0.45454545454545453,2.1373333333333333,0.0
0.1,0.5683333333333334,0.51,0.4,2.2046666666666668,0.0
0.09090909090909091,0.55,0.5333333333333333,0.45454545454545453,2.0873333333333335,0.0
0.14285714285714285,0.5633333333333332,0.5466666666666666,0.5714285714285714,1.6453333333333333,0.0
0.07692307692307693,0.5633333333333332,0.5,0.5384615384615384,2.4686666666666666,0.0
0.08333333333333333,0.5416666666666666,0.43333333333333335,0.25,2.0986666666666665,0.0
0.1111111111111111,0.5533333333333333,0.5733333333333334,0.4444444444444444,1.9746666666666666,0.0
0.2,0.52,0.5366666666666667,0.4,2.076,0.0
0.14285714285714285,0.5566666666666666,0.5133333333333333,0.5714285714285714,1.6713333333333333,0.0
0.1,0.525,0.5700000000000001,0.5,2.388,0.0
0.1,0.5700000000000001,0.5700000000000001,0.2,2.3606666666666665,0.0
0.15384615384615385,0.5666666666666667,0.5,0.46153846153846156,2.724666666666667,0.0
0.1,0.5850000000000001,0.5700000000000001,0.4,2.4366666666666665,0.0
0.09090909090909091,0.5833333333333334,0.5666666666666667,0.5454545454545454,2.4433333333333334,0.0
0.09090909090909091,0.5666666666666667,0.5666666666666667,0.45454545454545453,2.3193333333333332,0.0
0.14285714285714285,0.59,0.5666666666666667,0.5714285714285714,1.8773333333333333,0.0
0.07692307692307693,0.5766666666666667,0.4666666666666667,0.5384615384615384,2.7213333333333334,0.0
0.1111111111111111,0.5733333333333334,0.5733333333333334,0.4444444444444444,2.2066666666666666,0.0
0.08333333333333333,0.545,0.5,0.4166666666666667,2.485333333333333,0.0
0.1,0.5850000000000001,0.5666666666666667,0.4,2.448,0.0
0.2,0.525,0.5666666666666667,0.4,2.308,0.0
0.09090909090909091,0.5,0.5666666666666667,0.45454545454545453,2.4133333333333336,0.0
0.16666666666666666,0.5833333333333334,0.55,0.6666666666666666,1.646,0.0
0.09090909090909091,0.5,0.5,0.18181818181818182,2.386,0.0
0.14285714285714285,0.5616666666666668,0.5,0.42857142857142855,2.75,0.0
0.14285714285714285,0.5016666666666667,0.5333333333333333,0.42857142857142855,2.8693333333333335,0.006722333333333346
0.09090909090909091,0.5666666666666667,0.5,0.36363636363636365,2.462,0.0
0.08333333333333333,0.5416666666666666,0.4666666666666667,0.5,2.4686666666666666,0.0
0.08333333333333333,0.53,0.53,0.4166666666666667,2.3446666666666665,0.0
0.125,0.5016666666666666,0.5433333333333333,0.5,1.9026666666666667,0.0
0.07142857142857142,0.5400000000000001,0.4666666666666667,0.5,2.7466666666666666,0.0
0.07142857142857142,0.5466666666666667,0.5,0.5,2.726,0.0
0.07692307692307693,0.4666666666666667,0.46,0.23076923076923078,2.356,0.0
0.1,0.5066666666666666,0.5700000000000001,0.4,2.232,0.0
0.07692307692307693,0.4866666666666667,0.5,0.38461538461538464,2.510666666666667,0.0
0.18181818181818182,0.45,0.5333333333333333,0.36363636363636365,2.3333333333333335,0.0
0.08333333333333333,0.515,0.56,0.5,2.626,0.0
0.2,0.58,0.5533333333333333,0.6,1.4333333333333333,0.0
0.08333333333333333,0.56,0.4966666666666667,0.25,2.5986666666666665,0.03136000000000001
0.13333333333333333,0.5666666666666667,0.5,0.4666666666666667,2.962666666666667,0.026268148148148155
0.06666666666666667,0.5366666666666667,0.5333333333333333,0.4666666666666667,3.082,0.040941703703703716
0.08333333333333333,0.5666666666666667,0.4966666666666667,0.4166666666666667,2.6746666666666665,0.027514814814814825
0.07692307692307693,0.5633333333333332,0.4666666666666667,0.5384615384615384,2.6813333333333333,0.0
0.07692307692307693,0.56,0.5266666666666667,0.46153846153846156,2.5573333333333332,0.010067555555555562
0.06666666666666667,0.56,0.4666666666666667,0.5333333333333333,2.9593333333333334,0.0004480000000000129
0.06666666666666667,0.5666666666666667,0.5,0.5333333333333333,2.9386666666666668,0.012945185185185185
0.07142857142857142,0.5366666666666667,0.43333333333333335,0.2857142857142857,2.5686666666666667,0.0
0.09090909090909091,0.5666666666666667,0.5666666666666667,0.45454545454545453,2.4446666666666665,0.0
0.07142857142857142,0.535,0.5,0.42857142857142855,2.723333333333333,0.0
0.08333333333333333,0.5633333333333332,0.5633333333333332,0.4166666666666667,2.686,0.04377725925925926
0.16666666666666666,0.51,0.53,0.4166666666666667,2.546,0.0
0.3333333333333333,0.5433333333333333,0.43333333333333335,0.6666666666666666,0.646,0.0
0.16666666666666666,0.5833333333333334,0.5166666666666667,0.6666666666666666,1.4873333333333334,0.0
0.09090909090909091,0.5166666666666667,0.5666666666666667,0.45454545454545453,2.572,0.0
0.09090909090909091,0.55,0.5333333333333333,0.18181818181818182,2.5446666666666666,0.017233333333333344
0.14285714285714285,0.5616666666666668,0.5,0.42857142857142855,2.9086666666666665,0.012181925925925933
0.07142857142857142,0.5400000000000001,0.5333333333333333,0.42857142857142855,3.028,0.027876000000000015
0.09090909090909091,0.5666666666666667,0.5333333333333333,0.36363636363636365,2.6206666666666667,0.013537037037037045
0.08333333333333333,0.55,0.53,0.5,2.6273333333333335,0.0
0.08333333333333333,0.5483333333333333,0.5333333333333333,0.4166666666666667,2.5033333333333334,0.0
0.125,0.56,0.5433333333333333,0.5,2.0613333333333332,0.0
0.07142857142857142,0.55,0.49000000000000005,0.5,2.9053333333333335,0.0
0.07142857142857142,0.5616666666666668,0.5233333333333333,0.5,2.8846666666666665,0.0
0.07692307692307693,0.5333333333333333,0.5266666666666667,0.23076923076923078,2.514666666666667,0.0
0.1,0.5516666666666666,0.5700000000000001,0.4,2.3906666666666667,0.0
0.07692307692307693,0.5400000000000001,0.5,0.38461538461538464,2.6693333333333333,0.0
0.18181818181818182,0.5166666666666667,0.5333333333333333,0.36363636363636365,2.492,0.0
0.1111111111111111,0.5666666666666667,0.52,0.4444444444444444,1.9526666666666668,0.0
0.08333333333333333,0.49500000000000005,0.56,0.5,2.32,0.0
0.08333333333333333,0.4966666666666667,0.4966666666666667,0.25,2.292666666666667,0.0
0.13333333333333333,0.56,0.5,0.4666666666666667,2.6566666666666667,0.0
0.06666666666666667,0.49666666666666665,0.5333333333333333,0.4666666666666667,2.776,0.0
0.08333333333333333,0.5666666666666667,0.4966666666666667,0.4166666666666667,2.3686666666666665,0.0
0.07692307692307693,0.5333333333333333,0.4666666666666667,0.5384615384615384,2.3753333333333333,0.0
0.07692307692307693,0.5266666666666667,0.5266666666666667,0.46153846153846156,2.251333333333333,0.0
0.1111111111111111,0.49000000000000005,0.5399999999999999,0.5555555555555556,1.8093333333333332,0.0
0.06666666666666667,0.5366666666666667,0.4666666666666667,0.5333333333333333,2.6533333333333333,0.0
0.09090909090909091,0.5666666666666667,0.5333333333333333,0.6363636363636364,2.4193333333333333,0.0
0.07142857142857142,0.4666666666666667,0.43333333333333335,0.2857142857142857,2.2626666666666666,0.0
0.09090909090909091,0.5,0.5666666666666667,0.45454545454545453,2.1386666666666665,0.0
0.07142857142857142,0.4700000000000001,0.5,0.42857142857142855,2.417333333333333,0.0
0.08333333333333333,0.5283333333333334,0.5633333333333332,0.4166666666666667,2.38,0.0
0.16666666666666666,0.45,0.53,0.4166666666666667,2.24,0.0
0.3333333333333333,0.3433333333333334,0.38,0.6666666666666666,0.34,0.0
0.1111111111111111,0.5133333333333333,0.52,0.4444444444444444,1.5786666666666667,0.0
0.08333333333333333,0.515,0.56,0.5,2.694,0.012268444444444457
0.13333333333333333,0.5666666666666667,0.5,0.4666666666666667,3.030666666666667,0.048745925925925936
0.06666666666666667,0.5366666666666667,0.5333333333333333,0.4666666666666667,3.15,0.06222948148148149
0.08333333333333333,0.5666666666666667,0.5,0.4166666666666667,2.7426666666666666,0.049992592592592595
0.07692307692307693,0.5633333333333332,0.5,0.5384615384615384,2.7493333333333334,0.009038370370370368
0.07692307692307693,0.56,0.5266666666666667,0.46153846153846156,2.6253333333333333,0.032280888888888894
0.1111111111111111,0.5700000000000001,0.5399999999999999,0.5555555555555556,2.183333333333333,0.0
0.06666666666666667,0.56,0.48666666666666664,0.5333333333333333,3.0273333333333334,0.022661333333333342
0.09090909090909091,0.5666666666666667,0.5333333333333333,0.6363636363636364,2.7933333333333334,0.0
0.07142857142857142,0.5366666666666667,0.5,0.2857142857142857,2.6366666666666667,0.014823925925925938
0.09090909090909091,0.5666666666666667,0.5666666666666667,0.45454545454545453,2.5126666666666666,0.016748148148148147
0.08333333333333333,0.5633333333333332,0.5633333333333332,0.4166666666666667,2.754,0.06612281481481481
0.16666666666666666,0.5116666666666667,0.53,0.4166666666666667,2.614,0.019591148148148156
0.08333333333333333,0.5,0.56,0.4166666666666667,2.554,0.0
0.08333333333333333,0.5,0.5,0.16666666666666666,2.526666666666667,0.024900000000000005
0.13333333333333333,0.56,0.5,0.4,2.8906666666666667,0.022487111111111114
0.06666666666666667,0.51,0.5333333333333333,0.4,3.01,0.03574533333333334
0.08333333333333333,0.5666666666666667,0.5,0.3333333333333333,2.6026666666666665,0.024001481481481485
0.07692307692307693,0.5266666666666667,0.5266666666666667,0.38461538461538464,2.485333333333333,0.006202962962962963
0.06666666666666667,0.5366666666666667,0.4666666666666667,0.4666666666666667,2.8873333333333333,0.0
0.09090909090909091,0.5666666666666667,0.5333333333333333,0.5454545454545454,2.6533333333333333,0.0
0.07142857142857142,0.49000000000000005,0.4800000000000001,0.21428571428571427,2.4966666666666666,0.0
0.09090909090909091,0.5,0.5666666666666667,0.36363636363636365,2.3726666666666665,0.0
0.07142857142857142,0.5,0.5,0.35714285714285715,2.6513333333333335,0.0
0.16666666666666666,0.49500000000000005,0.53,0.3333333333333333,2.474,0.0
0.1111111111111111,0.5133333333333333,0.5,0.5555555555555556,1.628,0.0
0.08333333333333333,0.515,0.5966666666666666,0.4166666666666667,2.6446666666666667,0.0
0.08333333333333333,0.56,0.5900000000000001,0.16666666666666666,2.6173333333333333,0.020483555555555567
0.13333333333333333,0.5666666666666667,0.5,0.4,2.981333333333333,0.015262222222222224
0.06666666666666667,0.5366666666666667,0.5533333333333333,0.4,3.1006666666666667,0.030518444444444452
0.08333333333333333,0.5666666666666667,0.5900000000000001,0.3333333333333333,2.6933333333333334,0.016508888888888896
0.07692307692307693,0.5633333333333332,0.5533333333333333,0.46153846153846156,2.7,0.0
0.07692307692307693,0.56,0.56,0.38461538461538464,2.576,0.0
0.1111111111111111,0.5700000000000001,0.5733333333333334,0.4444444444444444,2.134,0.0
0.06666666666666667,0.56,0.48666666666666664,0.4666666666666667,2.978,0.0
0.09090909090909091,0.5666666666666667,0.5666666666666667,0.5454545454545454,2.744,0.0
0.07142857142857142,0.5366666666666667,0.5466666666666667,0.21428571428571427,2.5873333333333335,0.0
0.09090909090909091,0.5666666666666667,0.6,0.36363636363636365,2.4633333333333334,0.0
0.07142857142857142,0.535,0.5,0.35714285714285715,2.742,0.0
0.08333333333333333,0.5633333333333332,0.5666666666666667,0.3333333333333333,2.7046666666666668,0.032836074074074066
0.16666666666666666,0.51,0.5633333333333332,0.3333333333333333,2.5646666666666667,0.0
0.3333333333333333,0.51,0.58,0.3333333333333333,0.6646666666666666,0.0
0.125,0.49666666666666665,0.43333333333333335,0.25,1.4093333333333333,0.0
0.08333333333333333,0.49500000000000005,0.5666666666666667,0.3333333333333333,2.493333333333333,0.0
0.08333333333333333,0.4966666666666667,0.56,0.08333333333333333,2.466,0.03225022222222223
0.13333333333333333,0.56,0.5,0.3333333333333333,2.83,0.03096177777777778
0.06666666666666667,0.49666666666666665,0.5533333333333333,0.3333333333333333,2.949333333333333,0.04232703703703704
0.08333333333333333,0.5666666666666667,0.56,0.25,2.542,0.032577037037037036
0.07692307692307693,0.5333333333333333,0.5466666666666667,0.38461538461538464,2.5486666666666666,0.0
0.07692307692307693,0.5266666666666667,0.56,0.3076923076923077,2.4246666666666665,0.0141731851851852
0.1111111111111111,0.49000000000000005,0.5666666666666667,0.3333333333333333,1.9826666666666666,0.0
0.06666666666666667,0.5366666666666667,0.4666666666666667,0.4,2.8266666666666667,0.005223555555555562
0.09090909090909091,0.5666666666666667,0.5666666666666667,0.45454545454545453,2.5926666666666667,0.0
0.06666666666666667,0.5399999999999999,0.5399999999999999,0.4,2.806,0.017160000000000005
0.09090909090909091,0.5,0.5666666666666667,0.2727272727272727,2.312,0.0
0.07142857142857142,0.4700000000000001,0.5,0.2857142857142857,2.5906666666666665,0.00032377777777778567
0.08333333333333333,0.5283333333333334,0.5666666666666667,0.25,2.5533333333333332,0.045777148148148164
0.16666666666666666,0.45,0.5633333333333332,0.25,2.4133333333333336,0.0034000000000000046
0.1111111111111111,0.4866666666666667,0.46,0.1111111111111111,1.6273333333333333,0.0
0.09090909090909091,0.5,0.5666666666666667,0.45454545454545453,2.275333333333333,0.0
0.09090909090909091,0.5,0.5,0.18181818181818182,2.248,0.0
0.14285714285714285,0.5616666666666668,0.5,0.42857142857142855,2.612,0.0
0.07142857142857142,0.5016666666666667,0.5333333333333333,0.42857142857142855,2.731333333333333,0.0
0.09090909090909091,0.5666666666666667,0.5,0.36363636363636365,2.324,0.0
0.08333333333333333,0.5416666666666666,0.4666666666666667,0.5,2.3306666666666667,0.0
0.08333333333333333,0.53,0.53,0.4166666666666667,2.2066666666666666,0.0
0.25,0.5016666666666666,0.5433333333333333,0.5,1.7646666666666666,0.0
0.07142857142857142,0.5400000000000001,0.4666666666666667,0.5,2.6086666666666667,0.0
0.1,0.5700000000000001,0.5366666666666667,0.6,2.3746666666666667,0.0
0.07142857142857142,0.5466666666666667,0.5,0.5,2.588,0.0
0.1,0.5066666666666666,0.5700000000000001,0.4,2.094,0.0
0.07692307692307693,0.4800000000000001,0.5,0.38461538461538464,2.3726666666666665,0.0
0.18181818181818182,0.45,0.5333333333333333,0.36363636363636365,2.195333333333333,0.0
0.08333333333333333,0.4966666666666667,0.56,0.3333333333333333,2.532,0.0
0.125,0.49666666666666665,0.47333333333333333,0.25,1.3706666666666667,0.0
0.08333333333333333,0.4966666666666667,0.4966666666666667,0.08333333333333333,2.5046666666666666,0.02593703703703704
0.13333333333333333,0.56,0.5,0.3333333333333333,2.8686666666666665,0.02384355555555557
0.06666666666666667,0.49666666666666665,0.5333333333333333,0.3333333333333333,2.988,0.03601385185185185
0.08333333333333333,0.5666666666666667,0.4966666666666667,0.25,2.5806666666666667,0.025374074074074073
0.07692307692307693,0.5333333333333333,0.4666666666666667,0.38461538461538464,2.5873333333333335,0.0
0.07692307692307693,0.5266666666666667,0.5266666666666667,0.3076923076923077,2.4633333333333334,0.007478666666666677
0.1111111111111111,0.49000000000000005,0.5399999999999999,0.3333333333333333,2.021333333333333,0.0
0.06666666666666667,0.5366666666666667,0.4666666666666667,0.4,2.8653333333333335,0.0
0.09090909090909091,0.5666666666666667,0.5333333333333333,0.45454545454545453,2.6313333333333335,0.0
0.06666666666666667,0.5399999999999999,0.5,0.4,2.8446666666666665,0.010296000000000003
0.09090909090909091,0.5,0.5666666666666667,0.2727272727272727,2.3506666666666667,0.0
0.07142857142857142,0.49000000000000005,0.5,0.2857142857142857,2.6293333333333333,0.0
0.08333333333333333,0.5283333333333334,0.5633333333333332,0.25,2.592,0.03906144444444446
0.16666666666666666,0.46499999999999997,0.53,0.25,2.452,0.0
0.1,0.4766666666666666,0.4466666666666666,0.2,1.7926666666666666,0.0
0.1,0.5016666666666667,0.5700000000000001,0.4,2.11,0.0
0.1,0.5066666666666666,0.51,0.1,2.082666666666667,0.0
0.15384615384615385,0.5633333333333332,0.5,0.38461538461538464,2.4466666666666668,0.0
0.07692307692307693,0.5066666666666667,0.5333333333333333,0.38461538461538464,2.566,0.0
0.1,0.5683333333333334,0.51,0.3,2.1586666666666665,0.0
0.09090909090909091,0.55,0.4666666666666667,0.45454545454545453,2.1653333333333333,0.0
0.09090909090909091,0.5333333333333333,0.5333333333333333,0.36363636363636365,2.041333333333333,0.0
0.14285714285714285,0.5133333333333334,0.5466666666666666,0.42857142857142855,1.5993333333333333,0.0
0.07692307692307693,0.5433333333333333,0.4666666666666667,0.46153846153846156,2.4433333333333334,0.0
0.07692307692307693,0.5533333333333333,0.5,0.46153846153846156,2.4226666666666667,0.0
0.1111111111111111,0.5133333333333333,0.5733333333333334,0.3333333333333333,1.9286666666666668,0.0
0.08333333333333333,0.49000000000000005,0.5,0.3333333333333333,2.207333333333333,0.0
0.1,0.5383333333333333,0.5666666666666667,0.3,2.17,0.0
0.2,0.45666666666666667,0.5366666666666667,0.3,2.03,0.0
0.1111111111111111,0.4,0.46,0.1111111111111111,1.4906666666666666,0.0
0.09090909090909091,0.5166666666666667,0.5666666666666667,0.45454545454545453,2.412,0.0
0.09090909090909091,0.5666666666666667,0.5,0.18181818181818182,2.3846666666666665,0.0
0.14285714285714285,0.5666666666666667,0.5,0.42857142857142855,2.748666666666667,0.0
0.07142857142857142,0.5400000000000001,0.5333333333333333,0.42857142857142855,2.868,0.0037800000000000043
0.09090909090909091,0.5666666666666667,0.5,0.36363636363636365,2.4606666666666666,0.0
0.08333333333333333,0.565,0.4666666666666667,0.5,2.4673333333333334,0.0
0.08333333333333333,0.5633333333333332,0.53,0.4166666666666667,2.3433333333333333,0.0
0.125,0.5716666666666667,0.5433333333333333,0.5,1.9013333333333333,0.0
0.07142857142857142,0.5616666666666668,0.4666666666666667,0.5,2.7453333333333334,0.0
0.1,0.5700000000000001,0.5366666666666667,0.6,2.5113333333333334,0.0
0.07142857142857142,0.5666666666666667,0.5,0.5,2.724666666666667,0.0
0.07692307692307693,0.5400000000000001,0.5,0.38461538461538464,2.509333333333333,0.0
0.09090909090909091,0.5666666666666667,0.5666666666666667,0.36363636363636365,2.472,0.004772592592592591
0.18181818181818182,0.5166666666666667,0.5333333333333333,0.36363636363636365,2.332,0.0
0.1,0.5216666666666666,0.5700000000000001,0.5,2.1613333333333333,0.0
0.14285714285714285,0.49,0.58,0.2857142857142857,1.6173333333333333,0.0
0.1,0.5666666666666667,0.51,0.2,2.134,0.0
0.15384615384615385,0.5666666666666667,0.5,0.46153846153846156,2.498,0.0
0.07692307692307693,0.5433333333333333,0.5333333333333333,0.46153846153846156,2.6173333333333333,0.0
0.1,0.5683333333333334,0.51,0.4,2.21,0.0
0.09090909090909091,0.5666666666666667,0.4666666666666667,0.5454545454545454,2.216666666666667,0.0
0.14285714285714285,0.5733333333333334,0.5466666666666666,0.5714285714285714,1.6506666666666667,0.0
0.07692307692307693,0.5633333333333332,0.4666666666666667,0.5384615384615384,2.494666666666667,0.0
0.1111111111111111,0.5733333333333334,0.5399999999999999,0.6666666666666666,2.260666666666667,0.0
0.07692307692307693,0.5666666666666667,0.5,0.5384615384615384,2.474,0.0
0.08333333333333333,0.5566666666666668,0.43333333333333335,0.25,2.104,0.0
0.08333333333333333,0.545,0.5,0.4166666666666667,2.2586666666666666,0.0
0.1,0.5683333333333334,0.5666666666666667,0.4,2.2213333333333334,0.0
0.2,0.5216666666666666,0.5366666666666667,0.4,2.0813333333333333,0.0
0.2,0.5399999999999999,0.5866666666666667,0.4,1.2473333333333334,0.0
0.08333333333333333,0.4983333333333333,0.56,0.4166666666666667,2.5313333333333334,0.0
0.08333333333333333,0.4983333333333333,0.5,0.16666666666666666,2.504,0.006910222222222221
0.13333333333333333,0.56,0.5,0.4,2.868,0.0023644444444444537
0.06666666666666667,0.5033333333333333,0.5333333333333333,0.4,2.9873333333333334,0.01719162962962964
0.08333333333333333,0.5666666666666667,0.5,0.3333333333333333,2.58,0.0036392592592592726
0.07692307692307693,0.5366666666666667,0.49333333333333335,0.46153846153846156,2.5866666666666664,0.0
0.07692307692307693,0.5266666666666667,0.5266666666666667,0.38461538461538464,2.462666666666667,0.0
0.1111111111111111,0.5033333333333334,0.5399999999999999,0.4444444444444444,2.0206666666666666,0.0
0.06666666666666667,0.5366666666666667,0.4666666666666667,0.4666666666666667,2.8646666666666665,0.0
0.09090909090909091,0.5666666666666667,0.5333333333333333,0.5454545454545454,2.6306666666666665,0.0
0.06666666666666667,0.5399999999999999,0.5,0.4666666666666667,2.844,0.0
0.07142857142857142,0.4783333333333334,0.4800000000000001,0.21428571428571427,2.474,0.0
0.14285714285714285,0.49500000000000005,0.5,0.35714285714285715,2.6286666666666667,0.0
0.08333333333333333,0.5283333333333334,0.5633333333333332,0.3333333333333333,2.5913333333333335,0.018796925925925936
0.16666666666666666,0.48000000000000004,0.53,0.3333333333333333,2.4513333333333334,0.0
0.09090909090909091,0.5,0.5666666666666667,0.36363636363636365,2.382,0.0
0.16666666666666666,0.5333333333333333,0.5833333333333334,0.5,1.3966666666666667,0.0
0.09090909090909091,0.5,0.5,0.09090909090909091,2.3546666666666667,0.012966666666666668
0.14285714285714285,0.5616666666666668,0.5,0.35714285714285715,2.7186666666666666,0.009148925925925939
0.07142857142857142,0.5016666666666667,0.5333333333333333,0.35714285714285715,2.838,0.02318814814814815
0.09090909090909091,0.5666666666666667,0.5,0.2727272727272727,2.4306666666666668,0.010477037037037036
0.08333333333333333,0.5416666666666666,0.4666666666666667,0.4166666666666667,2.437333333333333,0.0
0.08333333333333333,0.53,0.53,0.3333333333333333,2.3133333333333335,0.0
0.125,0.5016666666666666,0.5433333333333333,0.375,1.8713333333333333,0.0
0.07142857142857142,0.5400000000000001,0.4666666666666667,0.42857142857142855,2.715333333333333,0.0
0.1,0.5700000000000001,0.5366666666666667,0.5,2.481333333333333,0.0
0.07142857142857142,0.5466666666666667,0.5,0.42857142857142855,2.6946666666666665,0.0
0.07692307692307693,0.4666666666666667,0.46,0.15384615384615385,2.324666666666667,0.0
0.07692307692307693,0.49000000000000005,0.5,0.3076923076923077,2.4793333333333334,0.0
0.09090909090909091,0.5333333333333333,0.5666666666666667,0.2727272727272727,2.442,0.02541037037037038
0.18181818181818182,0.45,0.5333333333333333,0.2727272727272727,2.302,0.0
0.5,0.435,0.4633333333333333,0.0,0.402,0.0
0.09090909090909091,0.5,0.6,0.45454545454545453,2.644,0.03281111111111111
0.16666666666666666,0.525,0.48333333333333334,0.3333333333333333,1.1346666666666667,0.0
0.09090909090909091,0.5,0.6,0.18181818181818182,2.6166666666666667,0.06873333333333334
0.14285714285714285,0.5616666666666668,0.5466666666666667,0.42857142857142855,2.9806666666666666,0.0717934814814815
0.07142857142857142,0.5116666666666667,0.5666666666666667,0.42857142857142855,3.1,0.08071825925925927
0.09090909090909091,0.5666666666666667,0.6,0.36363636363636365,2.6926666666666668,0.07367925925925926
0.08333333333333333,0.545,0.5666666666666667,0.5,2.699333333333333,0.031525222222222225
0.08333333333333333,0.53,0.5666666666666667,0.4166666666666667,2.5753333333333335,0.05270555555555557
0.125,0.525,0.5766666666666667,0.5,2.1333333333333333,0.0
0.07142857142857142,0.5400000000000001,0.5366666666666667,0.5,2.977333333333333,0.04442400000000002
0.1,0.5700000000000001,0.5700000000000001,0.6,2.743333333333333,0.012185333333333348
0.07142857142857142,0.5466666666666667,0.5900000000000001,0.5,2.9566666666666666,0.05702340740740742
0.07692307692307693,0.49333333333333335,0.5666666666666667,0.23076923076923078,2.5866666666666664,0.03424829629629631
0.07692307692307693,0.5,0.5533333333333333,0.38461538461538464,2.7413333333333334,0.03661111111111112
0.09090909090909091,0.5333333333333333,0.5666666666666667,0.36363636363636365,2.704,0.08489481481481481
0.18181818181818182,0.5,0.5666666666666667,0.36363636363636365,2.564,0.04004444444444445
0.5,0.495,0.5966666666666666,0.5,0.664,0.0
0.125,0.515,0.5,0.375,1.6666666666666667,0.0
0.08333333333333333,0.49500000000000005,0.56,0.4166666666666667,2.3906666666666667,0.0
0.08333333333333333,0.4966666666666667,0.4966666666666667,0.16666666666666666,2.3633333333333333,0.0
0.13333333333333333,0.56,0.5,0.4,2.727333333333333,0.0
0.06666666666666667,0.49666666666666665,0.5333333333333333,0.4,2.8466666666666667,0.0006953333333333395
0.08333333333333333,0.5666666666666667,0.4966666666666667,0.3333333333333333,2.4393333333333334,0.0
0.07692307692307693,0.5333333333333333,0.4666666666666667,0.46153846153846156,2.446,0.0
0.07692307692307693,0.5266666666666667,0.5266666666666667,0.38461538461538464,2.322,0.0
0.1111111111111111,0.49000000000000005,0.5399999999999999,0.4444444444444444,1.88,0.0
0.06666666666666667,0.5366666666666667,0.4666666666666667,0.4666666666666667,2.724,0.0
0.09090909090909091,0.5666666666666667,0.5333333333333333,0.5454545454545454,2.49,0.0
0.06666666666666667,0.5399999999999999,0.5,0.4666666666666667,2.703333333333333,0.0
0.07142857142857142,0.4666666666666667,0.43333333333333335,0.21428571428571427,2.3333333333333335,0.0
0.09090909090909091,0.5,0.5666666666666667,0.36363636363636365,2.2093333333333334,0.0
0.08333333333333333,0.5283333333333334,0.5633333333333332,0.3333333333333333,2.4506666666666668,0.0014910740740740763
0.16666666666666666,0.45,0.53,0.3333333333333333,2.3106666666666666,0.0
0.16666666666666666,0.5,0.56,0.5,2.6786666666666665,0.0
0.125,0.445,0.5,0.25,1.3786666666666667,0.0
0.08333333333333333,0.5,0.5,0.25,2.6513333333333335,0.0295888888888889
0.13333333333333333,0.56,0.5,0.4666666666666667,3.0153333333333334,0.027738666666666675
0.06666666666666667,0.51,0.5333333333333333,0.4666666666666667,3.1346666666666665,0.040528
0.08333333333333333,0.5666666666666667,0.5,0.4166666666666667,2.727333333333333,0.029315555555555567
0.07692307692307693,0.5400000000000001,0.49333333333333335,0.5384615384615384,2.734,0.0
0.07692307692307693,0.5266666666666667,0.5266666666666667,0.46153846153846156,2.61,0.011141925925925934
0.1111111111111111,0.5166666666666667,0.5399999999999999,0.5555555555555556,2.168,0.0
0.06666666666666667,0.5366666666666667,0.4666666666666667,0.5333333333333333,3.012,0.0021347407407407543
0.09090909090909091,0.5666666666666667,0.5333333333333333,0.6363636363636364,2.778,0.0
0.06666666666666667,0.5399999999999999,0.5,0.5333333333333333,2.9913333333333334,0.014051999999999999
0.07142857142857142,0.49000000000000005,0.4800000000000001,0.2857142857142857,2.6213333333333333,0.0
0.09090909090909091,0.5,0.5666666666666667,0.45454545454545453,2.497333333333333,0.0
0.08333333333333333,0.53,0.5633333333333332,0.4166666666666667,2.7386666666666666,0.04287111111111112
0.16666666666666666,0.49500000000000005,0.53,0.4166666666666667,2.5986666666666665,0.0008910000000000119
0.3333333333333333,0.4766666666666667,0.48666666666666664,0.6666666666666666,0.6986666666666667,0.0
0.125,0.515,0.5,0.5,1.5673333333333332,0.0
0.08333333333333333,0.49500000000000005,0.56,0.3333333333333333,2.49,0.017204000000000007
0.08333333333333333,0.4966666666666667,0.5,0.08333333333333333,2.462666666666667,0.052944666666666675
0.13333333333333333,0.56,0.5,0.3333333333333333,2.8266666666666667,0.05429511111111113
0.06666666666666667,0.49666666666666665,0.5333333333333333,0.3333333333333333,2.946,0.06302148148148147
0.08333333333333333,0.5666666666666667,0.5,0.25,2.538666666666667,0.056188148148148154
0.07692307692307693,0.5333333333333333,0.5,0.38461538461538464,2.5453333333333332,0.014388148148148157
0.07692307692307693,0.5266666666666667,0.5266666666666667,0.3076923076923077,2.421333333333333,0.03611762962962964
0.1111111111111111,0.49000000000000005,0.5399999999999999,0.3333333333333333,1.9793333333333334,0.0
0.06666666666666667,0.5366666666666667,0.48666666666666664,0.4,2.8233333333333333,0.02758466666666667
0.09090909090909091,0.5666666666666667,0.5333333333333333,0.45454545454545453,2.5893333333333333,0.0
0.06666666666666667,0.5399999999999999,0.5,0.4,2.8026666666666666,0.03966
0.07142857142857142,0.4666666666666667,0.5,0.14285714285714285,2.4326666666666665,0.017992592592592598
0.09090909090909091,0.5,0.5666666666666667,0.2727272727272727,2.308666666666667,0.020244444444444454
0.08333333333333333,0.5283333333333334,0.5633333333333332,0.25,2.55,0.06779103703703705
0.16666666666666666,0.45,0.53,0.25,2.41,0.02215
0.3333333333333333,0.35666666666666663,0.5,0.0,0.51,0.0
0.1111111111111111,0.42000000000000004,0.5,0.3333333333333333,1.6193333333333333,0.0
0.09090909090909091,0.5166666666666667,0.5666666666666667,0.45454545454545453,2.438,0.0
0.09090909090909091,0.55,0.5,0.18181818181818182,2.4106666666666667,0.0
0.14285714285714285,0.5616666666666668,0.5,0.42857142857142855,2.7746666666666666,0.0
0.07142857142857142,0.5400000000000001,0.5333333333333333,0.42857142857142855,2.894,0.0
0.09090909090909091,0.5666666666666667,0.5,0.36363636363636365,2.486666666666667,0.0
0.08333333333333333,0.55,0.4966666666666667,0.5,2.493333333333333,0.0
0.08333333333333333,0.5483333333333333,0.53,0.4166666666666667,2.3693333333333335,0.0
0.125,0.56,0.5433333333333333,0.5,1.9273333333333333,0.0
0.07142857142857142,0.55,0.4666666666666667,0.5,2.771333333333333,0.0
0.1,0.5700000000000001,0.5366666666666667,0.6,2.537333333333333,0.0
0.07142857142857142,0.5616666666666668,0.5,0.5,2.7506666666666666,0.0
0.07692307692307693,0.5333333333333333,0.4866666666666667,0.23076923076923078,2.3806666666666665,0.0
0.2,0.5516666666666666,0.5700000000000001,0.4,2.256666666666667,0.0
0.09090909090909091,0.55,0.5666666666666667,0.36363636363636365,2.498,0.0
0.18181818181818182,0.5166666666666667,0.5333333333333333,0.36363636363636365,2.358,0.0
0.5,0.5216666666666667,0.49,0.5,0.458,0.0
0.08333333333333333,0.49500000000000005,0.5666666666666667,0.4166666666666667,2.506666666666667,0.0009790000000000113
0.16666666666666666,0.5583333333333333,0.55,0.3333333333333333,1.5133333333333334,0.0
0.08333333333333333,0.4966666666666667,0.56,0.16666666666666666,2.4793333333333334,0.036665037037037045
0.13333333333333333,0.56,0.5,0.4,2.8433333333333333,0.03593955555555556
0.06666666666666667,0.49666666666666665,0.5533333333333333,0.4,2.962666666666667,0.046741851851851854
0.08333333333333333,0.5666666666666667,0.56,0.3333333333333333,2.5553333333333335,0.03761407407407408
0.07692307692307693,0.5333333333333333,0.5466666666666667,0.46153846153846156,2.562,0.0
0.07692307692307693,0.5266666666666667,0.56,0.38461538461538464,2.438,0.01885466666666667
0.1111111111111111,0.49000000000000005,0.5666666666666667,0.4444444444444444,1.996,0.0
0.06666666666666667,0.5366666666666667,0.4666666666666667,0.4666666666666667,2.84,0.009993925925925934
0.09090909090909091,0.5666666666666667,0.5666666666666667,0.5454545454545454,2.606,0.0
0.06666666666666667,0.5399999999999999,0.5399999999999999,0.4666666666666667,2.8193333333333332,0.021960000000000007
0.07142857142857142,0.4666666666666667,0.5366666666666667,0.21428571428571427,2.449333333333333,0.002696296296296306
0.09090909090909091,0.5,0.5666666666666667,0.36363636363636365,2.3253333333333335,0.0038555555555555565
0.07142857142857142,0.4700000000000001,0.5,0.35714285714285715,2.604,0.004501555555555565
0.16666666666666666,0.45,0.5633333333333332,0.3333333333333333,2.4266666666666667,0.0074000000000000055
0.3333333333333333,0.38666666666666666,0.5466666666666666,0.3333333333333333,0.5266666666666666,0.0
0.16666666666666666,0.4666666666666667,0.5666666666666667,0.3333333333333333,1.2326666666666666,0.0
0.08333333333333333,0.515,0.5633333333333332,0.4166666666666667,2.787333333333333,0.04901655555555556
0.08333333333333333,0.56,0.5333333333333333,0.16666666666666666,2.76,0.09353244444444446
0.13333333333333333,0.5666666666666667,0.52,0.4,3.124,0.08918074074074074
0.06666666666666667,0.5366666666666667,0.5333333333333333,0.4,3.243333333333333,0.10052362962962964
0.08333333333333333,0.5816666666666667,0.5333333333333333,0.3333333333333333,2.836,0.09282107407407408
0.07692307692307693,0.5766666666666667,0.5333333333333333,0.46153846153846156,2.8426666666666667,0.05040066666666667
0.07692307692307693,0.56,0.5333333333333333,0.38461538461538464,2.7186666666666666,0.07224000000000001
0.1111111111111111,0.5833333333333334,0.5399999999999999,0.4444444444444444,2.276666666666667,0.0
0.06666666666666667,0.5700000000000001,0.5066666666666666,0.4666666666666667,3.1206666666666667,0.06373866666666668
0.09090909090909091,0.5833333333333334,0.5333333333333333,0.5454545454545454,2.8866666666666667,0.02971111111111113
0.06666666666666667,0.5666666666666667,0.5333333333333333,0.4666666666666667,3.1,0.07585777777777779
0.07142857142857142,0.5416666666666667,0.5333333333333333,0.21428571428571427,2.73,0.05361296296296297
0.09090909090909091,0.5666666666666667,0.5666666666666667,0.36363636363636365,2.606,0.05718296296296296
0.07142857142857142,0.535,0.5233333333333333,0.35714285714285715,2.8846666666666665,0.05498611111111112
0.16666666666666666,0.5133333333333333,0.5333333333333333,0.3333333333333333,2.707333333333333,0.05628414814814815
0.3333333333333333,0.5633333333333332,0.5333333333333333,0.3333333333333333,0.8073333333333333,0.0
0.16666666666666666,0.5333333333333333,0.55,0.3333333333333333,1.334,0.0
0.08333333333333333,0.515,0.5666666666666667,0.4166666666666667,2.686,0.0003891111111111159
0.08333333333333333,0.53,0.56,0.16666666666666666,2.6586666666666665,0.038478
0.13333333333333333,0.56,0.5,0.4,3.022666666666667,0.035255111111111126
0.06666666666666667,0.5266666666666667,0.5533333333333333,0.4,3.142,0.04892148148148149
0.08333333333333333,0.5666666666666667,0.56,0.3333333333333333,2.7346666666666666,0.03692148148148149
0.07692307692307693,0.5466666666666666,0.5466666666666667,0.46153846153846156,2.7413333333333334,0.0
0.07692307692307693,0.5333333333333333,0.56,0.38461538461538464,2.6173333333333333,0.01844148148148149
0.1111111111111111,0.5433333333333333,0.5666666666666667,0.4444444444444444,2.175333333333333,0.0
0.06666666666666667,0.5433333333333333,0.4666666666666667,0.4666666666666667,3.0193333333333334,0.009453999999999999
0.18181818181818182,0.5666666666666667,0.5666666666666667,0.5454545454545454,2.7853333333333334,0.0
0.06666666666666667,0.5533333333333333,0.5399999999999999,0.4666666666666667,2.998666666666667,0.02182592592592593
0.07142857142857142,0.5133333333333334,0.5266666666666668,0.21428571428571427,2.6286666666666667,0.0023385185185185228
0.09090909090909091,0.5333333333333333,0.5666666666666667,0.36363636363636365,2.5046666666666666,0.0034607407407407495
0.07142857142857142,0.5233333333333333,0.5,0.35714285714285715,2.783333333333333,0.004372740740740743
0.16666666666666666,0.51,0.5633333333333332,0.3333333333333333,2.606,0.007763333333333332
0.3333333333333333,0.5,0.5399999999999999,0.3333333333333333,0.706,0.0
0.2857142857142857,0.4766666666666667,0.5133333333333333,0.42857142857142855,1.58,0.0
0.09090909090909091,0.5,0.5666666666666667,0.36363636363636365,2.3,0.0
0.09090909090909091,0.5,0.5666666666666667,0.09090909090909091,2.272666666666667,0.0
0.14285714285714285,0.5616666666666668,0.5,0.35714285714285715,2.6366666666666667,0.0
0.07142857142857142,0.5016666666666667,0.5566666666666668,0.35714285714285715,2.756,0.0
0.09090909090909091,0.5666666666666667,0.5666666666666667,0.2727272727272727,2.3486666666666665,0.0
0.08333333333333333,0.5416666666666666,0.5566666666666668,0.4166666666666667,2.3553333333333333,0.0
0.08333333333333333,0.53,0.5633333333333332,0.3333333333333333,2.231333333333333,0.0
0.125,0.5016666666666666,0.5666666666666667,0.375,1.7893333333333334,0.0
0.07142857142857142,0.5400000000000001,0.4666666666666667,0.42857142857142855,2.6333333333333333,0.0
0.1,0.5700000000000001,0.5666666666666667,0.5,2.3993333333333333,0.0
0.07142857142857142,0.5466666666666667,0.5466666666666667,0.42857142857142855,2.6126666666666667,0.0
0.07692307692307693,0.4666666666666667,0.5400000000000001,0.15384615384615385,2.2426666666666666,0.0
0.1,0.5066666666666666,0.5700000000000001,0.3,2.1186666666666665,0.0
0.07692307692307693,0.4800000000000001,0.5,0.3076923076923077,2.3973333333333335,0.0
0.09090909090909091,0.5333333333333333,0.5666666666666667,0.2727272727272727,2.36,0.0
0.5,0.3333333333333333,0.5333333333333333,0.0,0.32,0.0
0.14285714285714285,0.44,0.5266666666666667,0.2857142857142857,1.2993333333333332,0.0
0.09090909090909091,0.5166666666666667,0.5666666666666667,0.45454545454545453,2.5806666666666667,0.005327407407407419
0.09090909090909091,0.5166666666666667,0.5333333333333333,0.18181818181818182,2.5533333333333332,0.04244703703703705
0.14285714285714285,0.5616666666666668,0.5,0.42857142857142855,2.917333333333333,0.04072707407407408
0.07142857142857142,0.5166666666666667,0.5333333333333333,0.42857142857142855,3.0366666666666666,0.05292962962962964
0.09090909090909091,0.5666666666666667,0.5333333333333333,0.36363636363636365,2.6293333333333333,0.042336296296296295
0.08333333333333333,0.5466666666666666,0.53,0.5,2.636,0.001384888888888888
0.08333333333333333,0.5316666666666666,0.5333333333333333,0.4166666666666667,2.512,0.023464222222222234
0.125,0.5366666666666667,0.5433333333333333,0.5,2.07,0.0
0.07142857142857142,0.5400000000000001,0.49000000000000005,0.5,2.914,0.01455600000000001
0.1,0.5700000000000001,0.5366666666666667,0.6,2.68,0.0
0.07142857142857142,0.5516666666666666,0.5233333333333333,0.5,2.8933333333333335,0.027031666666666673
0.07692307692307693,0.5066666666666667,0.5266666666666667,0.23076923076923078,2.5233333333333334,0.0071496296296296395
0.1,0.5216666666666666,0.5700000000000001,0.4,2.3993333333333333,0.00836985185185185
0.07692307692307693,0.5133333333333333,0.5,0.38461538461538464,2.678,0.009194370370370379
0.09090909090909091,0.5333333333333333,0.5666666666666667,0.36363636363636365,2.6406666666666667,0.05539555555555556
0.5,0.51,0.53,0.5,0.6006666666666667,0.0
0.2857142857142857,0.4766666666666667,0.5466666666666666,0.14285714285714285,1.5066666666666666,0.0
0.18181818181818182,0.5,0.5666666666666667,0.5454545454545454,2.3733333333333335,0.0
0.09090909090909091,0.5,0.5,0.2727272727272727,2.346,0.0
0.14285714285714285,0.5616666666666668,0.5,0.5,2.71,0.0
0.07142857142857142,0.5016666666666667,0.5333333333333333,0.5,2.8293333333333335,0.0
0.09090909090909091,0.5666666666666667,0.5,0.45454545454545453,2.422,0.0
0.08333333333333333,0.5416666666666666,0.4966666666666667,0.5833333333333334,2.4286666666666665,0.0
0.08333333333333333,0.53,0.53,0.5,2.304666666666667,0.0
0.125,0.5016666666666666,0.5433333333333333,0.625,1.8626666666666667,0.0
0.07142857142857142,0.5400000000000001,0.4666666666666667,0.5714285714285714,2.7066666666666666,0.0
0.1,0.5700000000000001,0.5366666666666667,0.7,2.4726666666666666,0.0
0.07142857142857142,0.5466666666666667,0.5,0.5714285714285714,2.686,0.0
0.07692307692307693,0.4666666666666667,0.4866666666666667,0.3076923076923077,2.316,0.0
0.1,0.5066666666666666,0.5700000000000001,0.5,2.192,0.0
0.07692307692307693,0.4866666666666667,0.5,0.46153846153846156,2.470666666666667,0.0
0.09090909090909091,0.5333333333333333,0.5666666666666667,0.45454545454545453,2.433333333333333,0.0
0.2857142857142857,0.4766666666666667,0.5466666666666666,0.42857142857142855,1.584,0.0
0.09090909090909091,0.5,0.5666666666666667,0.36363636363636365,2.296,0.0
0.09090909090909091,0.5,0.5,0.09090909090909091,2.268666666666667,0.0038000000000000117
0.14285714285714285,0.5616666666666668,0.5,0.35714285714285715,2.6326666666666667,0.0
0.07142857142857142,0.5016666666666667,0.5333333333333333,0.35714285714285715,2.752,0.013990925925925936
0.09090909090909091,0.5666666666666667,0.5,0.2727272727272727,2.3446666666666665,8.814814814815941e-05
0.08333333333333333,0.5416666666666666,0.4966666666666667,0.4166666666666667,2.3513333333333333,0.0
0.08333333333333333,0.53,0.53,0.3333333333333333,2.227333333333333,0.0
0.125,0.5016666666666666,0.5433333333333333,0.375,1.7853333333333334,0.0
0.07142857142857142,0.5400000000000001,0.4666666666666667,0.42857142857142855,2.6293333333333333,0.0
0.1,0.5700000000000001,0.5366666666666667,0.5,2.3953333333333333,0.0
0.07142857142857142,0.5466666666666667,0.5,0.42857142857142855,2.6086666666666667,0.0
0.15384615384615385,0.4666666666666667,0.4866666666666667,0.15384615384615385,2.2386666666666666,0.0
0.1,0.5066666666666666,0.5700000000000001,0.3,2.1146666666666665,0.0
0.07692307692307693,0.4800000000000001,0.5,0.3076923076923077,2.3933333333333335,0.0
0.09090909090909091,0.5333333333333333,0.5666666666666667,0.2727272727272727,2.356,0.015632592592592597
0.5,0.35,0.49,0.0,0.316,0.0
0.125,0.47,0.5433333333333333,0.375,1.63,0.0
0.1,0.5016666666666667,0.5700000000000001,0.4,2.25,0.0
0.1,0.5066666666666666,0.51,0.1,2.2226666666666666,0.0
0.15384615384615385,0.5633333333333332,0.5,0.38461538461538464,2.5866666666666664,0.0
0.07692307692307693,0.5066666666666667,0.5333333333333333,0.38461538461538464,2.706,0.0
0.1,0.5683333333333334,0.51,0.3,2.2986666666666666,0.0
0.09090909090909091,0.55,0.5,0.45454545454545453,2.3053333333333335,0.0
0.09090909090909091,0.5333333333333333,0.5333333333333333,0.36363636363636365,2.1813333333333333,0.0
0.14285714285714285,0.5133333333333334,0.5466666666666666,0.42857142857142855,1.7393333333333334,0.0
0.07692307692307693,0.5433333333333333,0.4666666666666667,0.46153846153846156,2.5833333333333335,0.0
0.1111111111111111,0.5733333333333334,0.5399999999999999,0.5555555555555556,2.3493333333333335,0.0
0.07692307692307693,0.5533333333333333,0.5,0.46153846153846156,2.562666666666667,0.0
0.08333333333333333,0.4666666666666667,0.49333333333333335,0.16666666666666666,2.1926666666666668,0.0
0.1111111111111111,0.5133333333333333,0.5733333333333334,0.3333333333333333,2.0686666666666667,0.0
0.08333333333333333,0.49500000000000005,0.5,0.3333333333333333,2.3473333333333333,0.0
0.1,0.5383333333333333,0.5666666666666667,0.3,2.31,0.0
1.0,0.45,0.5,0.0,0.27,0.0
0.1111111111111111,0.5033333333333333,0.5733333333333334,0.4444444444444444,1.98,0.0
0.1111111111111111,0.5133333333333333,0.52,0.1111111111111111,1.9526666666666668,0.0
0.16666666666666666,0.565,0.5,0.4166666666666667,2.316666666666667,0.0
0.08333333333333333,0.5116666666666667,0.5333333333333333,0.4166666666666667,2.436,0.0
0.1111111111111111,0.5700000000000001,0.52,0.3333333333333333,2.0286666666666666,0.0
0.1,0.5533333333333333,0.4766666666666666,0.5,2.0353333333333334,0.0
0.1,0.5366666666666667,0.5366666666666667,0.4,1.9113333333333333,0.0
0.07142857142857142,0.5400000000000001,0.4666666666666667,0.5714285714285714,2.7146666666666666,0.0
0.125,0.5766666666666667,0.5433333333333333,0.625,2.0793333333333335,0.0
0.08333333333333333,0.56,0.5,0.5,2.292666666666667,0.0
0.09090909090909091,0.4666666666666667,0.43333333333333335,0.18181818181818182,1.9226666666666667,0.0
0.125,0.52,0.5766666666666667,0.375,1.7986666666666666,0.0
0.09090909090909091,0.5,0.5,0.36363636363636365,2.0773333333333333,0.0
0.1111111111111111,0.5433333333333333,0.5666666666666667,0.3333333333333333,2.04,0.0
0.2222222222222222,0.4633333333333333,0.5399999999999999,0.3333333333333333,1.9,0.0
0.125,0.5266666666666667,0.52,0.375,1.6846666666666668,0.0
0.125,0.4683333333333333,0.5666666666666667,0.25,1.5706666666666667,0.0
0.1,0.5516666666666666,0.5366666666666667,0.3,2.364,0.0
0.09090909090909091,0.45,0.5666666666666667,0.09090909090909091,2.0553333333333335,0.0006400000000000086
0.14285714285714285,0.5566666666666666,0.5333333333333333,0.2857142857142857,1.7166666666666666,0.0
0.3333333333333333,0.45,0.5533333333333333,0.3333333333333333,0.636,0.0
0.08333333333333333,0.515,0.5333333333333333,0.3333333333333333,2.522666666666667,0.00152211111111112
0.1,0.5366666666666667,0.5366666666666667,0.3,2.2986666666666666,0.0
0.1111111111111111,0.55,0.5666666666666667,0.3333333333333333,1.9233333333333333,0.0
0.3333333333333333,0.49333333333333335,0.5533333333333333,0.3333333333333333,0.662,0.0
0.09090909090909091,0.55,0.5333333333333333,0.45454545454545453,2.5326666666666666,0.007382222222222224
0.1,0.5516666666666666,0.5333333333333333,0.3,2.2306666666666666,0.0
0.09090909090909091,0.48333333333333334,0.5333333333333333,0.2727272727272727,2.0906666666666665,0.0
0.14285714285714285,0.52,0.5466666666666666,0.2857142857142857,1.4466666666666668,0.0
0.1,0.5016666666666667,0.5033333333333333,0.3,1.8606666666666667,0.0
0.125,0.55,0.5433333333333333,0.25,1.6706666666666667,0.0
0.16666666666666666,0.5583333333333333,0.5333333333333333,0.0,1.3413333333333333,0.0
0.07692307692307693,0.49000000000000005,0.56,0.38461538461538464,2.5933333333333333,0.02864866666666667
0.25,0.52,0.5466666666666666,0.5,0.848,0.0
0.1111111111111111,0.47000000000000003,0.5133333333333333,0.4444444444444444,1.6926666666666668,0.0
0.07692307692307693,0.49000000000000005,0.56,0.15384615384615385,2.552,0.05421577777777779
0.2,0.5133333333333333,0.5399999999999999,0.6,1.2053333333333334,0.0
0.1111111111111111,0.5533333333333333,0.5333333333333333,0.3333333333333333,2.029333333333333,0.0
0.1111111111111111,0.5033333333333333,0.5333333333333333,0.3333333333333333,1.822,0.0
0.1,0.5516666666666666,0.5366666666666667,0.3,2.3526666666666665,0.0064238518518518585
0.125,0.5549999999999999,0.5333333333333333,0.375,2.0153333333333334,0.0
0.1,0.52,0.5666666666666667,0.2,2.164,0.01086222222222223
0.125,0.505,0.5333333333333333,0.125,1.6066666666666667,0.0
0.1,0.5,0.5333333333333333,0.5,2.0046666666666666,0.0
0.16666666666666666,0.55,0.5333333333333333,0.3333333333333333,1.3593333333333333,0.0
0.08333333333333333,0.5,0.53,0.5,2.57,0.0
0.07692307692307693,0.5,0.5266666666666667,0.46153846153846156,2.6286666666666667,0.012500000000000011
0.1111111111111111,0.5066666666666666,0.5133333333333333,0.6666666666666666,1.9733333333333334,0.0
0.1,0.505,0.5666666666666667,0.1,2.0673333333333335,0.007889222222222226
0.09090909090909091,0.48333333333333334,0.5666666666666667,0.18181818181818182,2.271333333333333,0.011932962962962968
0.1111111111111111,0.5533333333333333,0.5333333333333333,0.3333333333333333,2.191333333333333,0.0
0.2,0.4766666666666667,0.5399999999999999,0.4,1.0606666666666666,0.0
0.2,0.4166666666666667,0.48666666666666664,0.4,0.8406666666666667,0.0
0.07692307692307693,0.5266666666666667,0.56,0.5384615384615384,2.9393333333333334,0.028674074074074088
0.08333333333333333,0.53,0.53,0.5833333333333334,2.735333333333333,0.008680222222222233
0.09090909090909091,0.5166666666666667,0.5333333333333333,0.36363636363636365,2.3186666666666667,0.0
0.09090909090909091,0.5,0.5333333333333333,0.2727272727272727,2.084,0.0
0.125,0.5549999999999999,0.5333333333333333,0.25,1.9673333333333334,0.0
0.08333333333333333,0.48000000000000004,0.5666666666666667,0.25,2.494,0.04340266666666668
0.125,0.5216666666666667,0.5333333333333333,0.25,1.7773333333333334,0.0
0.125,0.5216666666666667,0.51,0.5,1.6886666666666668,0.0
0.2,0.55,0.5399999999999999,0.6,1.178,0.0
0.14285714285714285,0.5566666666666666,0.5333333333333333,0.0,1.4886666666666666,0.0
0.125,0.4683333333333333,0.5666666666666667,0.25,1.5173333333333334,0.0
0.1111111111111111,0.5233333333333333,0.5333333333333333,0.3333333333333333,2.03,0.0
0.125,0.44166666666666665,0.5333333333333333,0.25,1.512,0.0
0.125,0.5549999999999999,0.5666666666666667,0.25,1.7753333333333334,0.0
0.06666666666666667,0.55,0.5533333333333333,0.26666666666666666,3.236666666666667,0.17490000000000003
0.0625,0.5166666666666667,0.5666666666666667,0.4375,3.3766666666666665,0.13684777777777782
0.09090909090909091,0.5,0.5333333333333333,0.45454545454545453,2.3906666666666667,0.0
0.2,0.51,0.5399999999999999,0.4,0.9953333333333333,0.0
0.09090909090909091,0.45,0.5666666666666667,0.18181818181818182,2.118,0.0
0.07692307692307693,0.5266666666666667,0.5333333333333333,0.6153846153846154,2.9566666666666666,0.023056296296296297
0.14285714285714285,0.5566666666666666,0.5333333333333333,0.2857142857142857,1.7113333333333334,0.0
0.1111111111111111,0.51,0.5399999999999999,0.3333333333333333,1.8066666666666666,0.0
0.1,0.5,0.5366666666666667,0.5,2.1066666666666665,0.0
0.1,0.5033333333333333,0.5366666666666667,0.5,2.1346666666666665,0.0
0.09090909090909091,0.5,0.5333333333333333,0.36363636363636365,2.259333333333333,0.0
0.1111111111111111,0.43666666666666665,0.5666666666666667,0.1111111111111111,1.6233333333333333,0.0
0.125,0.4799999999999999,0.52,0.375,1.47,0.0
0.125,0.4799999999999999,0.5666666666666667,0.125,1.6353333333333333,0.0
0.14285714285714285,0.45,0.5333333333333333,0.2857142857142857,1.3646666666666667,0.0
0.1,0.45999999999999996,0.5666666666666667,0.2,2.022666666666667,0.0
0.16666666666666666,0.5,0.5333333333333333,0.5,1.2533333333333334,0.0
0.1111111111111111,0.5533333333333333,0.5333333333333333,0.2222222222222222,2.1433333333333335,0.007230222222222225
0.1,0.52,0.5033333333333333,0.3,2.018666666666667,0.0
0.125,0.5549999999999999,0.5333333333333333,0.25,1.856,0.0
0.1,0.5016666666666667,0.5333333333333333,0.4,2.1186666666666665,0.0
0.14285714285714285,0.51,0.5666666666666667,0.42857142857142855,1.484,0.0
0.1111111111111111,0.5533333333333333,0.5333333333333333,0.3333333333333333,2.042,0.0
0.125,0.5549999999999999,0.5333333333333333,0.125,1.6553333333333333,0.0
0.1111111111111111,0.5233333333333333,0.5399999999999999,0.4444444444444444,1.924,0.0
0.1,0.5516666666666666,0.5333333333333333,0.2,2.275333333333333,0.02304740740740742
0.09090909090909091,0.45,0.5666666666666667,0.18181818181818182,2.162,0.0
0.1111111111111111,0.4633333333333333,0.5066666666666666,0.4444444444444444,1.704,0.0
0.09090909090909091,0.5166666666666667,0.5,0.2727272727272727,2.078666666666667,0.0
0.14285714285714285,0.5233333333333333,0.5266666666666667,0.42857142857142855,1.5586666666666666,0.0
0.16666666666666666,0.49166666666666664,0.48333333333333334,0.5,1.1393333333333333,0.0
0.2,0.5133333333333333,0.5399999999999999,0.4,1.1106666666666667,0.0
0.2,0.5433333333333333,0.5399999999999999,0.6,1.2646666666666666,0.0
0.1,0.49,0.5666666666666667,0.3,2.1286666666666667,0.0
0.1111111111111111,0.4966666666666667,0.5666666666666667,0.2222222222222222,1.906,0.0
0.14285714285714285,0.5566666666666666,0.5333333333333333,0.2857142857142857,1.6813333333333333,0.0
0.1111111111111111,0.5533333333333333,0.5399999999999999,0.4444444444444444,2.0973333333333333,0.0
0.1111111111111111,0.55,0.5333333333333333,0.2222222222222222,1.906,0.0
0.09090909090909091,0.55,0.5666666666666667,0.2727272727272727,2.3426666666666667,0.0
0.14285714285714285,0.5399999999999999,0.5466666666666666,0.2857142857142857,1.578,0.0
0.125,0.5,0.5433333333333333,0.5,1.708,0.0
0.125,0.38666666666666666,0.5666666666666667,0.25,1.4386666666666668,0.0
0.1,0.55,0.5666666666666667,0.2,2.1693333333333333,0.0
0.09090909090909091,0.5166666666666667,0.5333333333333333,0.36363636363636365,2.2666666666666666,0.0
0.07692307692307693,0.5133333333333333,0.5333333333333333,0.15384615384615385,2.6153333333333335,0.07487822222222222
0.1111111111111111,0.5533333333333333,0.5399999999999999,0.3333333333333333,1.908,0.0
0.1111111111111111,0.55,0.5399999999999999,0.5555555555555556,1.926,0.0
0.09090909090909091,0.45,0.5666666666666667,0.18181818181818182,2.1346666666666665,0.0
0.09090909090909091,0.5166666666666667,0.5333333333333333,0.2727272727272727,2.2746666666666666,0.0
0.3333333333333333,0.4533333333333333,0.5066666666666666,0.0,0.56,0.0
0.25,0.48000000000000004,0.4666666666666667,0.75,0.768,0.0
0.08333333333333333,0.5,0.5333333333333333,0.25,2.4206666666666665,0.03347777777777779
0.14285714285714285,0.5133333333333333,0.5466666666666666,0.42857142857142855,1.6373333333333333,0.0
0.09090909090909091,0.55,0.5333333333333333,0.2727272727272727,2.4193333333333333,0.007186666666666669
0.1111111111111111,0.5,0.48000000000000004,0.4444444444444444,1.7266666666666666,0.0
0.1,0.5516666666666666,0.5366666666666667,0.3,2.4266666666666667,0.0
0.08333333333333333,0.5400000000000001,0.5666666666666667,0.25,2.4873333333333334,0.01966800000000002
0.1111111111111111,0.47000000000000003,0.5666666666666667,0.2222222222222222,1.806,0.0
0.1,0.45999999999999996,0.5366666666666667,0.3,1.9386666666666668,0.0
0.14285714285714285,0.4800000000000001,0.5666666666666667,0.2857142857142857,1.3893333333333333,0.0
0.125,0.4983333333333333,0.5433333333333333,0.375,1.7693333333333334,0.0
0.125,0.55,0.52,0.5,1.7046666666666668,0.0
0.1111111111111111,0.47000000000000003,0.5666666666666667,0.2222222222222222,1.858,0.0
0.1111111111111111,0.5533333333333333,0.5333333333333333,0.2222222222222222,1.988,0.0
0.125,0.5,0.48666666666666664,0.5,1.518,0.0
0.07692307692307693,0.44666666666666666,0.56,0.3076923076923077,2.4633333333333334,0.011682814814814821
0.14285714285714285,0.4566666666666667,0.5133333333333333,0.42857142857142855,1.39,0.0
0.09090909090909091,0.55,0.5333333333333333,0.2727272727272727,2.5166666666666666,0.04384111111111112
0.1111111111111111,0.5033333333333333,0.5066666666666666,0.3333333333333333,1.7326666666666666,0.0
0.5,0.5283333333333333,0.4666666666666667,1.0,0.5693333333333334,0.0
0.25,0.48333333333333334,0.5466666666666666,0.5,0.9066666666666666,0.0
0.25,0.5183333333333333,0.5466666666666666,0.5,0.9346666666666666,0.0
0.125,0.5549999999999999,0.5333333333333333,0.25,1.8926666666666667,0.0
0.16666666666666666,0.525,0.55,0.3333333333333333,1.44,0.0
0.1111111111111111,0.5533333333333333,0.5333333333333333,0.3333333333333333,1.9813333333333334,0.0
0.1111111111111111,0.5533333333333333,0.5399999999999999,0.3333333333333333,2.2453333333333334,0.0
0.1111111111111111,0.5533333333333333,0.5399999999999999,0.3333333333333333,2.1406666666666667,0.0
0.16666666666666666,0.525,0.5333333333333333,0.0,1.282,0.0
0.125,0.4683333333333333,0.5666666666666667,0.25,1.546,0.0
0.1111111111111111,0.51,0.47333333333333333,0.5555555555555556,1.6873333333333334,0.0
0.16666666666666666,0.4583333333333333,0.5333333333333333,0.3333333333333333,1.1886666666666668,0.0
0.09090909090909091,0.5,0.5666666666666667,0.45454545454545453,2.314,0.0
0.125,0.5,0.5333333333333333,0.375,1.636,0.0
0.1,0.52,0.5666666666666667,0.3,1.994,0.0
0.125,0.5549999999999999,0.5333333333333333,0.375,2.041333333333333,0.0
0.1,0.505,0.5666666666666667,0.5,2.096,0.0
0.16666666666666666,0.475,0.5333333333333333,0.0,1.0913333333333333,0.0
0.08333333333333333,0.5,0.5633333333333332,0.4166666666666667,2.513333333333333,0.0
0.1,0.535,0.5666666666666667,0.6,2.2133333333333334,0.0
0.1111111111111111,0.51,0.47333333333333333,0.5555555555555556,1.676,0.0
0.1,0.55,0.5066666666666666,0.6,2.0453333333333332,0.0
0.09090909090909091,0.5,0.5,0.45454545454545453,2.11,0.0
0.1,0.505,0.5666666666666667,0.5,2.006,0.0
0.16666666666666666,0.43333333333333335,0.5,0.16666666666666666,1.106,0.0
0.14285714285714285,0.4,0.49333333333333335,0.14285714285714285,1.238,0.0
0.1,0.42666666666666664,0.5033333333333333,0.4,1.9166666666666667,0.0
0.09090909090909091,0.5,0.5666666666666667,0.5454545454545454,2.228666666666667,0.0
0.125,0.5033333333333333,0.5666666666666667,0.375,1.6966666666666668,0.0
0.14285714285714285,0.5266666666666667,0.5333333333333333,0.0,1.5293333333333334,0.0
0.1,0.44,0.5666666666666667,0.4,1.8273333333333333,0.0
0.16666666666666666,0.5166666666666667,0.5333333333333333,0.16666666666666666,1.2946666666666666,0.0
0.16666666666666666,0.5,0.5,0.5,1.2193333333333334,0.0
0.125,0.5549999999999999,0.5333333333333333,0.0,1.7733333333333334,0.0
0.2,0.39666666666666667,0.5333333333333333,0.0,0.8926666666666667,0.0
0.25,0.5233333333333333,0.5133333333333333,0.5,1.0013333333333334,0.0
0.08333333333333333,0.49333333333333335,0.56,0.5833333333333334,2.392,0.0
0.09090909090909091,0.5,0.4666666666666667,0.6363636363636364,2.021333333333333,0.0
0.14285714285714285,0.5033333333333334,0.5266666666666667,0.5714285714285714,1.4446666666666668,0.0
0.1,0.5516666666666666,0.5333333333333333,0.2,2.3266666666666667,0.0
0.1,0.505,0.5666666666666667,0.2,1.9686666666666666,0.0
0.125,0.515,0.5433333333333333,0.25,1.6593333333333333,0.0
0.125,0.5549999999999999,0.5333333333333333,0.25,1.984,0.0
0.3333333333333333,0.5233333333333333,0.52,0.6666666666666666,0.8253333333333334,0.0
0.25,0.545,0.5133333333333333,1.0,1.1206666666666667,0.0
0.2,0.52,0.4666666666666667,1.0,1.2093333333333334,0.0
0.08333333333333333,0.4983333333333333,0.5666666666666667,0.5,2.550666666666667,0.0
0.1111111111111111,0.5366666666666667,0.47333333333333333,0.6666666666666666,1.81,0.0
0.2,0.5133333333333333,0.5533333333333333,0.4,1.1906666666666668,0.0
0.14285714285714285,0.4866666666666667,0.5666666666666667,0.14285714285714285,1.4453333333333334,0.0
0.14285714285714285,0.4866666666666667,0.5666666666666667,0.14285714285714285,1.5146666666666666,0.0
0.1111111111111111,0.5533333333333333,0.5666666666666667,0.3333333333333333,2.066,0.0
0.09090909090909091,0.55,0.5666666666666667,0.36363636363636365,2.3353333333333333,0.0
0.16666666666666666,0.4583333333333333,0.5,0.16666666666666666,1.17,0.0
0.25,0.5166666666666667,0.5333333333333333,0.0,0.954,0.0
0.09090909090909091,0.5166666666666667,0.5,0.2727272727272727,2.1946666666666665,0.0
0.125,0.5549999999999999,0.5333333333333333,0.375,1.9873333333333334,0.0
0.125,0.515,0.51,0.5,1.6253333333333333,0.0
0.125,0.5383333333333333,0.4766666666666667,0.75,1.7626666666666666,0.0
0.14285714285714285,0.45333333333333337,0.5666666666666667,0.2857142857142857,1.4526666666666668,0.0
0.16666666666666666,0.425,0.5166666666666667,0.3333333333333333,1.0966666666666667,0.0
0.16666666666666666,0.4666666666666667,0.48333333333333334,0.5,1.1113333333333333,0.0
0.125,0.46499999999999997,0.5333333333333333,0.25,1.506,0.0
0.125,0.51,0.48666666666666664,0.5,1.678,0.0
0.08333333333333333,0.515,0.5333333333333333,0.25,2.522,0.05325100000000001
0.09090909090909091,0.5,0.5666666666666667,0.45454545454545453,2.1746666666666665,0.0
0.09090909090909091,0.5,0.5666666666666667,0.45454545454545453,2.191333333333333,0.0
0.125,0.4799999999999999,0.5433333333333333,0.375,1.556,0.0
0.16666666666666666,0.5083333333333333,0.55,0.5,1.3866666666666667,0.0
0.125,0.55,0.52,0.375,1.6606666666666667,0.0
0.14285714285714285,0.5566666666666666,0.5333333333333333,0.2857142857142857,1.6066666666666667,0.0
0.16666666666666666,0.5083333333333333,0.5333333333333333,0.5,1.3333333333333333,0.0
0.1,0.505,0.5066666666666666,0.6,2.014666666666667,0.0
0.14285714285714285,0.4800000000000001,0.5666666666666667,0.2857142857142857,1.37,0.0
0.125,0.515,0.4766666666666667,0.625,1.5113333333333334,0.0
0.125,0.46499999999999997,0.5666666666666667,0.0,1.642,0.0
0.1,0.5516666666666666,0.5333333333333333,0.3,2.2106666666666666,0.0
0.125,0.515,0.5666666666666667,0.5,1.692,0.0
0.14285714285714285,0.5033333333333334,0.5266666666666667,0.5714285714285714,1.5233333333333334,0.0
0.07692307692307693,0.4866666666666667,0.5533333333333333,0.46153846153846156,2.5366666666666666,0.0
0.125,0.4983333333333333,0.52,0.5,1.732,0.0
0.08333333333333333,0.49500000000000005,0.53,0.3333333333333333,2.3026666666666666,0.0
0.08333333333333333,0.545,0.5666666666666667,0.5,2.544,0.0
0.2,0.48000000000000004,0.5333333333333333,0.0,0.996,0.0
0.3333333333333333,0.45666666666666667,0.5133333333333333,0.0,0.5793333333333334,0.0
0.07692307692307693,0.49000000000000005,0.5333333333333333,0.23076923076923078,2.5526666666666666,0.04687666666666668
0.25,0.41000000000000003,0.5133333333333333,0.0,0.7113333333333334,0.0
0.1,0.5516666666666666,0.5333333333333333,0.2,2.324666666666667,0.03055007407407407
0.09090909090909091,0.55,0.5333333333333333,0.36363636363636365,2.4026666666666667,0.0
0.14285714285714285,0.5066666666666666,0.5333333333333333,0.14285714285714285,1.4786666666666666,0.0
0.1111111111111111,0.5033333333333333,0.5333333333333333,0.1111111111111111,1.7673333333333334,0.0
0.14285714285714285,0.47000000000000003,0.5333333333333333,0.0,1.3993333333333333,0.0
0.09090909090909091,0.5333333333333333,0.5666666666666667,0.5454545454545454,2.308666666666667,0.0
0.125,0.5033333333333333,0.52,0.5,1.6453333333333333,0.0
0.14285714285714285,0.49,0.5333333333333333,0.14285714285714285,1.414,0.0
0.14285714285714285,0.5566666666666666,0.5333333333333333,0.14285714285714285,1.5186666666666666,0.0
0.125,0.55,0.5333333333333333,0.375,1.6733333333333333,0.0
0.1111111111111111,0.55,0.5333333333333333,0.3333333333333333,1.9833333333333334,0.0
0.1111111111111111,0.5133333333333333,0.5333333333333333,0.2222222222222222,1.898,0.0
0.14285714285714285,0.55,0.5333333333333333,0.2857142857142857,1.6153333333333333,0.0
0.16666666666666666,0.55,0.55,0.3333333333333333,1.468,0.0
0.3333333333333333,0.5233333333333333,0.4666666666666667,0.6666666666666666,0.734,0.0
0.14285714285714285,0.5566666666666666,0.5333333333333333,0.0,1.4693333333333334,0.0
0.125,0.5549999999999999,0.5666666666666667,0.0,1.84,0.0
0.1111111111111111,0.5533333333333333,0.5333333333333333,0.0,1.94,0.0
0.1111111111111111,0.5233333333333333,0.5333333333333333,0.5555555555555556,1.9413333333333334,0.0
0.14285714285714285,0.5566666666666666,0.5333333333333333,0.14285714285714285,1.64,0.0
0.16666666666666666,0.49166666666666664,0.5666666666666667,0.16666666666666666,1.25,0.0
0.1111111111111111,0.5533333333333333,0.5333333333333333,0.3333333333333333,1.9246666666666667,0.0
0.125,0.5266666666666667,0.5333333333333333,0.125,1.7646666666666666,0.0
0.2,0.5433333333333333,0.5399999999999999,0.4,1.2206666666666666,0.0
0.16666666666666666,0.525,0.5166666666666667,0.16666666666666666,1.1613333333333333,0.0
0.1111111111111111,0.5533333333333333,0.5333333333333333,0.3333333333333333,2.034666666666667,0.0
0.125,0.515,0.51,0.5,1.662,0.0
0.125,0.43833333333333335,0.5666666666666667,0.125,1.5086666666666666,0.0
0.16666666666666666,0.525,0.5333333333333333,0.16666666666666666,1.1666666666666667,0.0
0.125,0.515,0.51,0.25,1.512,0.0
0.125,0.46499999999999997,0.4766666666666667,0.625,1.4806666666666666,0.0
0.1,0.45499999999999996,0.5666666666666667,0.4,2.0206666666666666,0.0
0.125,0.515,0.5333333333333333,0.125,1.584,0.0
0.16666666666666666,0.4083333333333333,0.48333333333333334,0.3333333333333333,0.936,0.0
0.1,0.505,0.5366666666666667,0.5,2.166,0.0
0.1111111111111111,0.5533333333333333,0.5333333333333333,0.2222222222222222,2.1486666666666667,0.001426370370370377
0.1111111111111111,0.51,0.5066666666666666,0.4444444444444444,1.7573333333333334,0.0
0.14285714285714285,0.52,0.5133333333333333,0.5714285714285714,1.4493333333333334,0.0
0.16666666666666666,0.49166666666666664,0.55,0.3333333333333333,1.3386666666666667,0.0
0.2,0.51,0.5533333333333333,0.4,1.104,0.0
0.14285714285714285,0.48333333333333334,0.5266666666666667,0.42857142857142855,1.4333333333333333,0.0
0.1111111111111111,0.5533333333333333,0.5333333333333333,0.3333333333333333,2.025333333333333,0.0
0.1111111111111111,0.5,0.5066666666666666,0.4444444444444444,1.6093333333333333,0.0
0.09090909090909091,0.5,0.5,0.36363636363636365,2.046666666666667,0.0
0.1111111111111111,0.5533333333333333,0.5399999999999999,0.3333333333333333,2.262,0.0
0.1111111111111111,0.51,0.5399999999999999,0.4444444444444444,1.8293333333333333,0.0
0.1111111111111111,0.47000000000000003,0.5666666666666667,0.2222222222222222,1.9146666666666667,0.0
0.125,0.4266666666666667,0.4766666666666667,0.5,1.3506666666666667,0.0
0.1111111111111111,0.51,0.5399999999999999,0.3333333333333333,1.8986666666666667,0.0
0.125,0.4799999999999999,0.5666666666666667,0.25,1.7106666666666666,0.0
0.1111111111111111,0.5533333333333333,0.5333333333333333,0.0,1.9053333333333333,0.0
0.125,0.5033333333333333,0.5333333333333333,0.375,1.5806666666666667,0.0
0.14285714285714285,0.49000000000000005,0.49333333333333335,0.14285714285714285,1.3153333333333332,0.0
0.14285714285714285,0.44,0.5333333333333333,0.14285714285714285,1.2853333333333334,0.0
0.125,0.55,0.5333333333333333,0.375,1.6773333333333333,0.0
0.1111111111111111,0.5533333333333333,0.5333333333333333,0.3333333333333333,2.046,0.0
0.14285714285714285,0.4,0.5666666666666667,0.0,1.338,0.0
0.1111111111111111,0.51,0.5066666666666666,0.5555555555555556,1.848,0.0
0.125,0.4799999999999999,0.5666666666666667,0.125,1.744,0.0
0.1111111111111111,0.44666666666666666,0.5333333333333333,0.3333333333333333,1.6826666666666668,0.0
0.125,0.505,0.5333333333333333,0.125,1.6546666666666667,0.0
0.1,0.5016666666666667,0.5333333333333333,0.1,2.042666666666667,0.0
0.1111111111111111,0.4233333333333333,0.5666666666666667,0.2222222222222222,1.72,0.0
0.125,0.505,0.5333333333333333,0.25,1.7493333333333334,0.0
0.125,0.5266666666666667,0.51,0.375,1.676,0.0
0.1,0.5016666666666667,0.5033333333333333,0.6,2.03,0.0
0.1,0.45666666666666667,0.5333333333333333,0.3,1.954,0.0
0.125,0.44166666666666665,0.5333333333333333,0.25,1.5293333333333334,0.0
0.125,0.515,0.5333333333333333,0.25,1.6506666666666667,0.0
0.125,0.4583333333333333,0.5666666666666667,0.25,1.588,0.0
0.125,0.5,0.5333333333333333,0.375,1.5513333333333332,0.0
0.14285714285714285,0.42000000000000004,0.5666666666666667,0.0,1.466,0.0
0.3333333333333333,0.5233333333333333,0.52,0.6666666666666666,0.7506666666666667,0.0
0.1,0.5016666666666667,0.5366666666666667,0.2,2.1146666666666665,0.0
0.14285714285714285,0.5133333333333333,0.5266666666666667,0.7142857142857143,1.5746666666666667,0.0
0.16666666666666666,0.5166666666666667,0.5333333333333333,0.5,1.3313333333333333,0.0
0.14285714285714285,0.5566666666666666,0.5333333333333333,0.14285714285714285,1.5553333333333332,0.0
0.1,0.5516666666666666,0.5333333333333333,0.3,2.288,0.0
0.14285714285714285,0.55,0.48000000000000004,0.5714285714285714,1.56,0.0
0.1,0.55,0.5333333333333333,0.4,2.0353333333333334,0.0
0.125,0.5549999999999999,0.5433333333333333,0.375,1.9646666666666666,0.0
0.1111111111111111,0.5533333333333333,0.5399999999999999,0.3333333333333333,2.2506666666666666,0.0
0.125,0.4799999999999999,0.5666666666666667,0.0,1.672,0.0
0.125,0.55,0.5333333333333333,0.5,1.7046666666666668,0.0
0.08333333333333333,0.5466666666666666,0.5333333333333333,0.25,2.728,0.09531437037037037
0.14285714285714285,0.5566666666666666,0.5333333333333333,0.2857142857142857,1.6866666666666668,0.0
0.1,0.5016666666666667,0.5033333333333333,0.3,1.9086666666666667,0.0
0.16666666666666666,0.5583333333333333,0.5333333333333333,0.5,1.52,0.0
0.16666666666666666,0.5416666666666666,0.5333333333333333,0.3333333333333333,1.3966666666666667,0.0
0.1111111111111111,0.5533333333333333,0.5333333333333333,0.4444444444444444,2.286,0.0
0.125,0.515,0.5333333333333333,0.125,1.5686666666666667,0.0
0.16666666666666666,0.475,0.5333333333333333,0.0,1.1433333333333333,0.0
0.07692307692307693,0.5133333333333333,0.5266666666666667,0.38461538461538464,2.672,0.025872
0.125,0.5,0.5333333333333333,0.25,1.5406666666666666,0.0
0.5,0.46166666666666667,0.46,0.5,0.39866666666666667,0.0
0.16666666666666666,0.525,0.48333333333333334,0.8333333333333334,1.3686666666666667,0.0
0.14285714285714285,0.44,0.48000000000000004,0.42857142857142855,1.1586666666666667,0.0
0.1,0.5016666666666667,0.5333333333333333,0.2,2.005333333333333,0.0
0.14285714285714285,0.4466666666666667,0.5133333333333333,0.2857142857142857,1.4066666666666667,0.0
0.2,0.4966666666666667,0.5399999999999999,0.6,1.044,0.0
0.125,0.505,0.5333333333333333,0.125,1.626,0.0
0.07692307692307693,0.44666666666666666,0.56,0.23076923076923078,2.489333333333333,0.02699851851851853
0.2,0.5133333333333333,0.4666666666666667,0.8,1.0793333333333333,0.0
0.09090909090909091,0.5166666666666667,0.5,0.45454545454545453,2.302,0.0
0.1111111111111111,0.51,0.5066666666666666,0.4444444444444444,1.79,0.0
0.1111111111111111,0.43666666666666665,0.5666666666666667,0.1111111111111111,1.6926666666666668,0.0
0.14285714285714285,0.5566666666666666,0.5333333333333333,0.2857142857142857,1.728,0.0
0.1,0.49,0.5666666666666667,0.3,2.0793333333333335,0.0
0.08333333333333333,0.515,0.5333333333333333,0.4166666666666667,2.54,0.0
0.14285714285714285,0.5399999999999999,0.5466666666666666,0.7142857142857143,1.7566666666666666,0.0
0.09090909090909091,0.5,0.5333333333333333,0.2727272727272727,2.17,0.0
0.1111111111111111,0.55,0.5066666666666666,0.4444444444444444,1.9113333333333333,0.0
0.1111111111111111,0.47000000000000003,0.5666666666666667,0.1111111111111111,1.814,0.0
0.16666666666666666,0.5416666666666666,0.5333333333333333,0.5,1.4913333333333334,0.0
0.1111111111111111,0.51,0.5066666666666666,0.4444444444444444,1.8013333333333332,0.0
0.1111111111111111,0.43666666666666665,0.5666666666666667,0.1111111111111111,1.704,0.0
0.14285714285714285,0.52,0.5133333333333333,0.5714285714285714,1.4973333333333334,0.0
0.1111111111111111,0.5533333333333333,0.5333333333333333,0.2222222222222222,2.0206666666666666,0.0
0.2,0.53,0.52,0.2,0.9853333333333333,0.0
0.09090909090909091,0.45,0.5666666666666667,0.36363636363636365,2.168,0.0
0.1111111111111111,0.5533333333333333,0.5333333333333333,0.3333333333333333,2.2226666666666666,0.0
0.14285714285714285,0.5,0.49333333333333335,0.42857142857142855,1.2953333333333332,0.0
0.16666666666666666,0.5416666666666666,0.5333333333333333,0.6666666666666666,1.5353333333333334,0.0
0.14285714285714285,0.52,0.5133333333333333,0.5714285714285714,1.53,0.0
0.1,0.45499999999999996,0.5666666666666667,0.1,1.96,0.0
0.16666666666666666,0.525,0.48333333333333334,0.6666666666666666,1.1933333333333334,0.0
0.09090909090909091,0.43333333333333335,0.5666666666666667,0.18181818181818182,2.054666666666667,0.0
0.07692307692307693,0.4833333333333334,0.5266666666666667,0.3076923076923077,2.5153333333333334,0.011911481481481495
0.1,0.5516666666666666,0.5333333333333333,0.3,2.2066666666666666,0.0
0.1,0.505,0.5033333333333333,0.5,1.9393333333333334,0.0
0.1,0.55,0.5366666666666667,0.5,2.1593333333333335,0.0
0.14285714285714285,0.5399999999999999,0.5666666666666667,0.5714285714285714,1.7393333333333334,0.0
0.1111111111111111,0.51,0.5066666666666666,0.4444444444444444,1.7726666666666666,0.0
0.14285714285714285,0.44,0.5666666666666667,0.14285714285714285,1.3806666666666667,0.0
0.2,0.4066666666666666,0.5666666666666667,0.2,0.964,0.0
0.09090909090909091,0.55,0.5333333333333333,0.18181818181818182,2.4566666666666666,0.046248888888888895
0.09090909090909091,0.5,0.5333333333333333,0.36363636363636365,2.1893333333333334,0.0
0.16666666666666666,0.44166666666666665,0.5,0.16666666666666666,1.0293333333333334,0.0
0.1111111111111111,0.47000000000000003,0.5666666666666667,0.3333333333333333,1.8733333333333333,0.0
0.08333333333333333,0.49166666666666664,0.5633333333333332,0.25,2.4873333333333334,0.03621944444444445
0.16666666666666666,0.4083333333333333,0.5666666666666667,0.0,1.21,0.0
0.08333333333333333,0.49333333333333335,0.53,0.3333333333333333,2.3066666666666666,0.0
0.09090909090909091,0.5,0.5,0.5454545454545454,2.1353333333333335,0.0
0.09090909090909091,0.43333333333333335,0.5666666666666667,0.2727272727272727,2.038,0.0
0.09090909090909091,0.55,0.5333333333333333,0.18181818181818182,2.4913333333333334,0.036080000000000015
0.09090909090909091,0.5166666666666667,0.5,0.45454545454545453,2.2493333333333334,0.0
0.09090909090909091,0.45,0.5666666666666667,0.18181818181818182,2.152,0.00301000000000001
0.125,0.5216666666666667,0.52,0.5,1.8293333333333333,0.0
0.1111111111111111,0.51,0.5333333333333333,0.4444444444444444,1.8813333333333333,0.0
0.125,0.4799999999999999,0.5433333333333333,0.375,1.6306666666666667,0.0
0.1111111111111111,0.43666666666666665,0.5666666666666667,0.1111111111111111,1.784,0.0
0.16666666666666666,0.5083333333333333,0.55,0.5,1.4613333333333334,0.0
0.09090909090909091,0.55,0.5333333333333333,0.2727272727272727,2.5286666666666666,0.035444444444444445
0.09090909090909091,0.45,0.5666666666666667,0.18181818181818182,2.164,0.0
0.1111111111111111,0.5366666666666667,0.5066666666666666,0.5555555555555556,1.924,0.0
0.125,0.5383333333333333,0.52,0.5,1.6733333333333333,0.0
0.09090909090909091,0.5166666666666667,0.5333333333333333,0.36363636363636365,2.287333333333333,0.0
0.14285714285714285,0.49000000000000005,0.5266666666666667,0.42857142857142855,1.3746666666666667,0.0
0.1111111111111111,0.5133333333333333,0.5333333333333333,0.3333333333333333,1.8286666666666667,0.0
0.125,0.55,0.5333333333333333,0.25,1.7913333333333334,0.0
0.16666666666666666,0.5583333333333333,0.55,0.3333333333333333,1.3813333333333333,0.0
0.1111111111111111,0.55,0.5333333333333333,0.4444444444444444,1.8693333333333333,0.0
0.1111111111111111,0.55,0.5333333333333333,0.2222222222222222,1.958,0.0
0.1111111111111111,0.55,0.5399999999999999,0.3333333333333333,1.9953333333333334,0.0
0.125,0.5549999999999999,0.5333333333333333,0.375,2.058,0.0
0.125,0.515,0.51,0.5,1.6946666666666668,0.0
0.16666666666666666,0.4083333333333333,0.48333333333333334,0.3333333333333333,1.0053333333333334,0.0
0.1,0.5016666666666667,0.5033333333333333,0.3,1.8973333333333333,0.0
0.1111111111111111,0.55,0.5333333333333333,0.6666666666666666,2.0486666666666666,0.0
0.14285714285714285,0.5566666666666666,0.5333333333333333,0.0,1.4366666666666668,0.0
0.14285714285714285,0.55,0.5333333333333333,0.42857142857142855,1.5366666666666666,0.0
0.14285714285714285,0.51,0.5133333333333333,0.5714285714285714,1.392,0.0
0.14285714285714285,0.51,0.5666666666666667,0.42857142857142855,1.5153333333333334,0.0
0.1111111111111111,0.5533333333333333,0.5333333333333333,0.2222222222222222,1.8513333333333333,0.0
0.125,0.5549999999999999,0.5333333333333333,0.25,1.8393333333333333,0.0
0.1,0.5516666666666666,0.5333333333333333,0.3,2.238,0.0
0.16666666666666666,0.4,0.5666666666666667,0.16666666666666666,1.1453333333333333,0.0
0.125,0.4466666666666666,0.5333333333333333,0.375,1.5713333333333332,0.0
0.125,0.5549999999999999,0.5333333333333333,0.375,2.01,0.0
0.125,0.55,0.51,0.5,1.816,0.0
0.16666666666666666,0.55,0.5166666666666667,0.16666666666666666,1.2713333333333334,0.0
0.1,0.5516666666666666,0.5333333333333333,0.2,2.1706666666666665,0.0
0.1,0.5516666666666666,0.5333333333333333,0.4,2.1166666666666667,0.0
0.14285714285714285,0.52,0.48000000000000004,0.5714285714285714,1.3693333333333333,0.0
0.14285714285714285,0.4,0.5666666666666667,0.0,1.386,0.0
0.1111111111111111,0.5533333333333333,0.5333333333333333,0.4444444444444444,2.030666666666667,0.0
0.2,0.5133333333333333,0.5399999999999999,0.4,1.0626666666666666,0.0
0.14285714285714285,0.5566666666666666,0.5333333333333333,0.14285714285714285,1.6713333333333333,0.0
0.125,0.5549999999999999,0.5333333333333333,0.375,2.046666666666667,0.0
0.16666666666666666,0.55,0.5333333333333333,0.5,1.3906666666666667,0.0
0.1,0.5,0.47333333333333333,0.5,1.8053333333333332,0.0
0.1,0.5,0.5333333333333333,0.3,1.894,0.0
0.125,0.5266666666666667,0.51,0.5,1.72,0.0
0.2,0.51,0.5399999999999999,0.4,0.9433333333333334,0.0
0.125,0.4466666666666666,0.51,0.375,1.4853333333333334,0.0
0.16666666666666666,0.525,0.5166666666666667,0.16666666666666666,1.15,0.0
0.16666666666666666,0.525,0.5166666666666667,0.16666666666666666,1.1326666666666667,0.0
0.14285714285714285,0.52,0.5133333333333333,0.2857142857142857,1.3033333333333332,0.0
0.08333333333333333,0.5,0.5,0.5,2.3726666666666665,0.0
0.125,0.515,0.5433333333333333,0.25,1.6213333333333333,0.0
0.16666666666666666,0.525,0.5166666666666667,0.3333333333333333,1.256,0.0
0.14285714285714285,0.52,0.5133333333333333,0.5714285714285714,1.3746666666666667,0.0
0.14285714285714285,0.55,0.48000000000000004,0.5714285714285714,1.4793333333333334,0.0
0.1111111111111111,0.46,0.5666666666666667,0.1111111111111111,1.8126666666666666,0.0
0.09090909090909091,0.5,0.5333333333333333,0.2727272727272727,2.1646666666666667,0.0
0.2,0.51,0.5399999999999999,0.4,1.0126666666666666,0.0
0.1,0.5516666666666666,0.5333333333333333,0.3,2.2546666666666666,0.0
0.16666666666666666,0.525,0.55,0.3333333333333333,1.28,0.0
0.125,0.38666666666666666,0.5666666666666667,0.25,1.4906666666666666,0.0
0.16666666666666666,0.5,0.5333333333333333,0.5,1.166,0.0
0.14285714285714285,0.53,0.5266666666666667,0.42857142857142855,1.472,0.0
0.125,0.515,0.52,0.625,1.7006666666666668,0.0
0.14285714285714285,0.52,0.5133333333333333,0.2857142857142857,1.2993333333333332,0.0
0.1111111111111111,0.46,0.5333333333333333,0.3333333333333333,1.6786666666666668,0.0
0.125,0.46499999999999997,0.51,0.25,1.4393333333333334,0.0
0.25,0.545,0.5466666666666666,0.75,1.1033333333333333,0.0
0.16666666666666666,0.5166666666666667,0.5666666666666667,0.5,1.4406666666666668,0.0
0.16666666666666666,0.5416666666666666,0.5666666666666667,0.5,1.4686666666666666,0.0
0.125,0.5549999999999999,0.5333333333333333,0.25,1.8753333333333333,0.0
0.125,0.43833333333333335,0.5666666666666667,0.125,1.5566666666666666,0.0
0.125,0.515,0.51,0.5,1.6773333333333333,0.0
0.125,0.43833333333333335,0.5666666666666667,0.125,1.6366666666666667,0.0
0.1,0.5016666666666667,0.5033333333333333,0.3,1.88,0.0
0.1111111111111111,0.55,0.5333333333333333,0.2222222222222222,1.9233333333333333,0.0
0.16666666666666666,0.4,0.5666666666666667,0.16666666666666666,1.1286666666666667,0.0
0.1,0.5516666666666666,0.5333333333333333,0.2,2.292,0.0070245555555555625
0.1,0.505,0.5333333333333333,0.4,2.0613333333333332,0.0
0.125,0.4799999999999999,0.5433333333333333,0.25,1.6246666666666667,0.0
0.14285714285714285,0.48333333333333334,0.5466666666666666,0.2857142857142857,1.4706666666666666,0.0
0.14285714285714285,0.44,0.49333333333333335,0.14285714285714285,1.194,0.0
0.1111111111111111,0.51,0.5666666666666667,0.4444444444444444,1.996,0.0
0.1111111111111111,0.5,0.5666666666666667,0.3333333333333333,1.794,0.0
0.125,0.45,0.51,0.25,1.3433333333333333,0.0
0.14285714285714285,0.4400000000000001,0.5666666666666667,0.2857142857142857,1.5593333333333332,0.0
0.1111111111111111,0.46,0.5333333333333333,0.1111111111111111,1.628,0.0
0.14285714285714285,0.4,0.5666666666666667,0.0,1.3053333333333332,0.0
0.14285714285714285,0.4800000000000001,0.5266666666666667,0.42857142857142855,1.3786666666666667,0.0
0.14285714285714285,0.48333333333333334,0.5666666666666667,0.14285714285714285,1.5086666666666666,0.0
0.125,0.515,0.51,0.375,1.4953333333333334,0.0
0.1111111111111111,0.5033333333333333,0.5333333333333333,0.1111111111111111,1.9106666666666667,0.0
0.1111111111111111,0.5266666666666667,0.5333333333333333,0.3333333333333333,1.9233333333333333,0.0
0.1,0.5516666666666666,0.5333333333333333,0.2,2.2053333333333334,0.0
0.1,0.5516666666666666,0.5333333333333333,0.2,2.3153333333333332,0.007061333333333336
0.125,0.515,0.5333333333333333,0.375,1.6946666666666668,0.0
0.1,0.5016666666666667,0.5033333333333333,0.4,1.9193333333333333,0.0
0.1,0.45666666666666667,0.5666666666666667,0.2,2.0046666666666666,0.0
0.1111111111111111,0.4633333333333333,0.5666666666666667,0.1111111111111111,1.834,0.0
0.14285714285714285,0.4966666666666667,0.5266666666666667,0.42857142857142855,1.5306666666666666,0.0
0.1,0.5016666666666667,0.5333333333333333,0.3,1.914,0.0
0.125,0.5549999999999999,0.5333333333333333,0.25,1.9726666666666666,0.0
0.125,0.515,0.5333333333333333,0.5,1.7533333333333334,0.0
0.16666666666666666,0.475,0.55,0.3333333333333333,1.3166666666666667,0.0
0.1,0.5016666666666667,0.5033333333333333,0.4,2.0033333333333334,0.0
0.1111111111111111,0.5533333333333333,0.5399999999999999,0.1111111111111111,1.9773333333333334,0.0
0.1,0.505,0.5366666666666667,0.5,2.1333333333333333,0.0
0.25,0.5183333333333333,0.49,0.75,0.8833333333333333,0.0
0.1111111111111111,0.45666666666666667,0.5399999999999999,0.2222222222222222,1.6653333333333333,0.0
0.2,0.52,0.5066666666666666,0.4,1.168,0.0
0.2,0.48333333333333334,0.5399999999999999,0.4,1.0713333333333332,0.0
0.125,0.5549999999999999,0.5333333333333333,0.375,2.026666666666667,0.0
0.14285714285714285,0.49,0.5466666666666666,0.2857142857142857,1.5053333333333334,0.0
0.2,0.5133333333333333,0.5399999999999999,0.4,1.0993333333333333,0.0
0.125,0.5,0.48666666666666664,0.5,1.566,0.0
0.14285714285714285,0.52,0.48000000000000004,0.7142857142857143,1.464,0.0
0.2,0.5133333333333333,0.5399999999999999,0.4,1.082,0.0
0.1111111111111111,0.5133333333333333,0.5333333333333333,0.3333333333333333,1.8653333333333333,0.0
0.25,0.49500000000000005,0.5033333333333334,0.0,0.7713333333333333,0.0
0.2,0.55,0.52,0.2,1.1013333333333333,0.0
0.16666666666666666,0.55,0.5166666666666667,0.16666666666666666,1.1966666666666668,0.0
0.3333333333333333,0.5133333333333333,0.4266666666666667,0.0,0.59,0.0
0.125,0.5549999999999999,0.5333333333333333,0.25,1.8626666666666667,0.0
0.125,0.4799999999999999,0.51,0.25,1.484,0.0
0.2,0.4766666666666667,0.4666666666666667,0.2,0.9886666666666667,0.0
0.08333333333333333,0.5433333333333333,0.5633333333333332,0.16666666666666666,2.5693333333333332,0.06155362962962963
0.1111111111111111,0.47000000000000003,0.5666666666666667,0.0,1.8533333333333333,0.0
0.3333333333333333,0.5133333333333333,0.43333333333333335,0.0,0.6093333333333333,0.0
0.1,0.5516666666666666,0.5666666666666667,0.3,2.247333333333333,0.0
0.1,0.5216666666666666,0.5333333333333333,0.1,2.1766666666666667,0.02501681481481481
0.2,0.4966666666666667,0.4533333333333333,0.4,0.972,0.0
0.125,0.515,0.48666666666666664,0.25,1.5706666666666667,0.0
0.1111111111111111,0.55,0.5399999999999999,0.4444444444444444,2.1293333333333333,0.0
0.08333333333333333,0.5,0.5,0.5,2.338,0.0
0.16666666666666666,0.55,0.5333333333333333,0.5,1.306,0.0
0.1111111111111111,0.5,0.48000000000000004,0.4444444444444444,1.694,0.0
0.1,0.5,0.5333333333333333,0.3,1.8786666666666667,0.0
0.25,0.515,0.47000000000000003,0.5,0.776,0.0
0.1111111111111111,0.5,0.5333333333333333,0.3333333333333333,1.7833333333333334,0.0
0.1,0.505,0.5666666666666667,0.5,2.01,0.0
0.09090909090909091,0.5,0.5333333333333333,0.45454545454545453,2.1806666666666668,0.0
0.1,0.52,0.5033333333333333,0.5,2.0733333333333333,0.0
0.09090909090909091,0.5333333333333333,0.5333333333333333,0.5454545454545454,2.432,0.0
0.1111111111111111,0.4633333333333333,0.5066666666666666,0.3333333333333333,1.7206666666666666,0.0
0.2,0.47,0.52,0.2,1.0273333333333334,0.0
0.14285714285714285,0.4233333333333333,0.5666666666666667,0.42857142857142855,1.3266666666666667,0.0
0.1,0.45666666666666667,0.5666666666666667,0.1,2.09,0.011091925925925925
0.125,0.4533333333333333,0.48666666666666664,0.375,1.4266666666666667,0.0
0.2,0.47,0.5066666666666666,0.2,0.982,0.0
0.14285714285714285,0.4633333333333333,0.5666666666666667,0.14285714285714285,1.4806666666666666,0.0
0.25,0.4633333333333333,0.4666666666666667,0.75,0.7806666666666666,0.0
0.14285714285714285,0.49,0.49333333333333335,0.42857142857142855,1.3793333333333333,0.0
0.1,0.5516666666666666,0.5333333333333333,0.4,2.1586666666666665,0.0
0.14285714285714285,0.5466666666666666,0.5466666666666666,0.42857142857142855,1.7386666666666666,0.0
0.125,0.4799999999999999,0.52,0.375,1.5393333333333334,0.0
0.09090909090909091,0.5,0.5333333333333333,0.2727272727272727,2.1533333333333333,0.0
0.16666666666666666,0.5083333333333333,0.5333333333333333,0.5,1.37,0.0
0.1,0.55,0.5333333333333333,0.6,2.1766666666666667,0.0
0.1111111111111111,0.51,0.5333333333333333,0.4444444444444444,1.8066666666666666,0.0
0.125,0.4799999999999999,0.52,0.375,1.5506666666666666,0.0
0.09090909090909091,0.5,0.5333333333333333,0.2727272727272727,2.1646666666666667,0.0
0.16666666666666666,0.5083333333333333,0.5333333333333333,0.5,1.3813333333333333,0.0
0.125,0.4799999999999999,0.52,0.375,1.5026666666666666,0.0
0.1111111111111111,0.43666666666666665,0.5666666666666667,0.1111111111111111,1.656,0.0
0.16666666666666666,0.5083333333333333,0.5333333333333333,0.5,1.3006666666666666,0.0
0.125,0.51,0.52,0.75,1.8453333333333333,0.0
0.1,0.45,0.5666666666666667,0.2,1.842,0.0
0.14285714285714285,0.5033333333333334,0.5266666666666667,0.5714285714285714,1.5193333333333334,0.0
0.1,0.45999999999999996,0.5666666666666667,0.2,2.062,0.0
0.1111111111111111,0.5533333333333333,0.5333333333333333,0.2222222222222222,2.04,0.0
0.09090909090909091,0.5,0.5333333333333333,0.2727272727272727,2.136,0.0
0.16666666666666666,0.5083333333333333,0.5333333333333333,0.5,1.3526666666666667,0.0
0.1,0.5516666666666666,0.5666666666666667,0.2,2.3913333333333333,0.03425237037037037
0.1,0.505,0.5666666666666667,0.4,2.124,0.0
0.14285714285714285,0.5033333333333334,0.5666666666666667,0.42857142857142855,1.704,0.0
0.1,0.505,0.5033333333333333,0.5,1.9433333333333334,0.0
0.09090909090909091,0.5,0.5333333333333333,0.36363636363636365,2.224,0.0
0.1,0.505,0.5366666666666667,0.3,1.9733333333333334,0.0
0.09090909090909091,0.45,0.5666666666666667,0.09090909090909091,2.1266666666666665,0.0
0.125,0.51,0.5433333333333333,0.375,1.804,0.0
0.1111111111111111,0.5533333333333333,0.5333333333333333,0.2222222222222222,2.1486666666666667,0.0
0.07692307692307693,0.4966666666666667,0.5333333333333333,0.3076923076923077,2.6246666666666667,0.03775770370370371
0.1111111111111111,0.4666666666666667,0.5666666666666667,0.2222222222222222,1.8266666666666667,0.0
0.1111111111111111,0.5533333333333333,0.5333333333333333,0.3333333333333333,2.1633333333333336,0.0
0.1111111111111111,0.51,0.5066666666666666,0.5555555555555556,1.896,0.0
0.1111111111111111,0.45666666666666667,0.5666666666666667,0.2222222222222222,1.7986666666666666,0.0
0.16666666666666666,0.4,0.5666666666666667,0.16666666666666666,1.092,0.0
0.1,0.5016666666666667,0.5333333333333333,0.3,1.9886666666666666,0.0
0.14285714285714285,0.55,0.5333333333333333,0.2857142857142857,1.4546666666666668,0.0
0.1,0.5516666666666666,0.5333333333333333,0.4,2.1626666666666665,0.0
0.1111111111111111,0.55,0.5333333333333333,0.3333333333333333,1.886,0.0
0.14285714285714285,0.55,0.5333333333333333,0.2857142857142857,1.5066666666666666,0.0
0.14285714285714285,0.4866666666666667,0.5666666666666667,0.14285714285714285,1.478,0.0
0.16666666666666666,0.4666666666666667,0.5666666666666667,0.0,1.3073333333333332,0.0
0.1111111111111111,0.5266666666666667,0.5333333333333333,0.1111111111111111,2.012,0.0
0.1,0.5,0.5333333333333333,0.3,1.896,0.0
0.125,0.5549999999999999,0.5333333333333333,0.25,1.8233333333333333,0.0
0.1111111111111111,0.5533333333333333,0.5333333333333333,0.2222222222222222,2.16,0.0
0.1111111111111111,0.51,0.5066666666666666,0.4444444444444444,1.794,0.0
0.2,0.36666666666666664,0.5666666666666667,0.0,0.9386666666666666,0.0
0.125,0.5549999999999999,0.5433333333333333,0.125,1.8753333333333333,0.0
0.14285714285714285,0.51,0.5666666666666667,0.42857142857142855,1.496,0.0
0.1111111111111111,0.5533333333333333,0.5333333333333333,0.1111111111111111,1.9653333333333334,0.0
0.14285714285714285,0.5566666666666666,0.5333333333333333,0.0,1.5973333333333333,0.0
0.09090909090909091,0.5166666666666667,0.5333333333333333,0.45454545454545453,2.284,0.0
0.16666666666666666,0.5166666666666667,0.55,0.6666666666666666,1.458,0.0
0.14285714285714285,0.5566666666666666,0.5333333333333333,0.14285714285714285,1.612,0.0
0.1111111111111111,0.51,0.5333333333333333,0.4444444444444444,1.8106666666666666,0.0
0.125,0.5549999999999999,0.5333333333333333,0.25,1.8586666666666667,0.0
0.2,0.37333333333333335,0.49333333333333335,0.2,0.7746666666666666,0.0
0.1,0.5516666666666666,0.5333333333333333,0.2,2.31,0.012847703703703701
0.125,0.44166666666666665,0.5333333333333333,0.25,1.546,0.0
0.2,0.48333333333333334,0.5533333333333333,0.4,1.088,0.0
0.2,0.5133333333333333,0.5533333333333333,0.4,1.116,0.0
0.125,0.5549999999999999,0.5333333333333333,0.375,1.9366666666666668,0.0
0.125,0.55,0.5333333333333333,0.125,1.7073333333333334,0.0
0.1111111111111111,0.5533333333333333,0.5333333333333333,0.2222222222222222,2.038666666666667,0.0
0.16666666666666666,0.55,0.5333333333333333,0.3333333333333333,1.3466666666666667,0.0
0.16666666666666666,0.49166666666666664,0.5666666666666667,0.16666666666666666,1.2306666666666666,0.0
0.2,0.4766666666666667,0.5666666666666667,0.0,1.06,0.0
0.125,0.5549999999999999,0.5333333333333333,0.25,1.8626666666666667,0.0
0.3333333333333333,0.5466666666666666,0.4666666666666667,0.6666666666666666,0.8553333333333333,0.0
0.2,0.5233333333333333,0.5399999999999999,0.4,1.1926666666666668,0.0
0.1,0.505,0.5333333333333333,0.4,2.142,0.0
0.16666666666666666,0.4583333333333333,0.5333333333333333,0.3333333333333333,1.2366666666666666,0.0
0.125,0.5549999999999999,0.5333333333333333,0.25,1.864,0.0
0.125,0.515,0.5333333333333333,0.5,1.6786666666666668,0.0
0.1,0.5516666666666666,0.5333333333333333,0.2,2.280666666666667,0.01726103703703704
0.1,0.505,0.5033333333333333,0.5,2.024,0.0
0.1111111111111111,0.51,0.5066666666666666,0.5555555555555556,1.8113333333333332,0.0
0.125,0.43833333333333335,0.5666666666666667,0.125,1.528,0.0
0.125,0.5383333333333333,0.51,0.625,1.796,0.0
0.125,0.515,0.51,0.625,1.768,0.0
0.09090909090909091,0.5,0.5333333333333333,0.45454545454545453,2.2826666666666666,0.0
0.1,0.505,0.5333333333333333,0.3,2.017333333333333,0.0
0.08333333333333333,0.49500000000000005,0.5266666666666667,0.3333333333333333,2.258,0.0
0.09090909090909091,0.5,0.5333333333333333,0.36363636363636365,2.2653333333333334,0.0
0.16666666666666666,0.49166666666666664,0.5666666666666667,0.3333333333333333,1.294,0.0
0.09090909090909091,0.5,0.5666666666666667,0.2727272727272727,2.23,0.008400000000000005
0.09090909090909091,0.5,0.5333333333333333,0.36363636363636365,2.0493333333333332,0.0
0.08333333333333333,0.5,0.5333333333333333,0.25,2.33,0.010155555555555557
0.1,0.52,0.5033333333333333,0.4,2.062666666666667,0.0
0.09090909090909091,0.55,0.5333333333333333,0.5454545454545454,2.517333333333333,0.008445555555555562
0.09090909090909091,0.5,0.5333333333333333,0.45454545454545453,2.28,0.0
0.09090909090909091,0.55,0.5333333333333333,0.45454545454545453,2.5,0.014312222222222224
0.1,0.505,0.5333333333333333,0.4,2.094,0.0
0.09090909090909091,0.5,0.5666666666666667,0.36363636363636365,2.4646666666666666,0.04836666666666667
0.2,0.37333333333333335,0.42,0.2,0.6886666666666666,0.0
0.08333333333333333,0.5,0.5333333333333333,0.3333333333333333,2.5646666666666667,0.05012222222222223
0.08333333333333333,0.515,0.53,0.4166666666666667,2.59,0.05889311111111112
0.08333333333333333,0.5,0.5333333333333333,0.4166666666666667,2.602,0.04954444444444445
0.3333333333333333,0.5233333333333333,0.4666666666666667,0.6666666666666666,0.6646666666666666,0.0
0.1,0.535,0.5333333333333333,0.5,2.264666666666667,0.0
0.1111111111111111,0.55,0.5333333333333333,0.5555555555555556,1.9993333333333334,0.0
0.125,0.515,0.5333333333333333,0.125,1.586,0.0
0.125,0.515,0.5333333333333333,0.125,1.5973333333333333,0.0
0.1,0.5516666666666666,0.5333333333333333,0.5,2.3566666666666665,0.0
0.125,0.515,0.5333333333333333,0.125,1.5493333333333332,0.0
0.125,0.4533333333333333,0.5666666666666667,0.5,1.604,0.0
0.1111111111111111,0.51,0.5666666666666667,0.1111111111111111,1.92,0.0
0.125,0.5383333333333333,0.5333333333333333,0.25,1.72,0.0
0.1111111111111111,0.55,0.5066666666666666,0.4444444444444444,1.9153333333333333,0.0
0.09090909090909091,0.5,0.5,0.45454545454545453,2.156,0.0
0.1,0.505,0.5033333333333333,0.5,1.9433333333333334,0.0
0.16666666666666666,0.4666666666666667,0.48333333333333334,0.16666666666666666,1.0253333333333334,0.0
0.1111111111111111,0.5,0.5333333333333333,0.2222222222222222,1.7966666666666666,0.0
0.1111111111111111,0.51,0.5333333333333333,0.4444444444444444,1.8853333333333333,0.0
0.1111111111111111,0.51,0.5066666666666666,0.5555555555555556,1.9,0.0
0.16666666666666666,0.55,0.55,0.6666666666666666,1.3993333333333333,0.0
0.1111111111111111,0.5533333333333333,0.5333333333333333,0.1111111111111111,1.868,0.0
0.2,0.51,0.5533333333333333,0.4,1.0293333333333334,0.0
0.2,0.55,0.5399999999999999,0.4,1.134,0.0
0.1,0.5516666666666666,0.5333333333333333,0.3,2.243333333333333,0.0
0.08333333333333333,0.5,0.53,0.4166666666666667,2.4926666666666666,0.02385555555555556
0.1,0.505,0.5333333333333333,0.2,1.948,0.0
0.1,0.425,0.5333333333333333,0.3,1.8913333333333333,0.0
0.2,0.5133333333333333,0.4666666666666667,0.6,1.096,0.0
0.14285714285714285,0.5033333333333334,0.5266666666666667,0.42857142857142855,1.4613333333333334,0.0
0.14285714285714285,0.55,0.5466666666666666,0.5714285714285714,1.612,0.0
0.16666666666666666,0.4583333333333333,0.55,0.3333333333333333,1.242,0.0
0.16666666666666666,0.4583333333333333,0.5333333333333333,0.3333333333333333,1.156,0.0
0.1111111111111111,0.51,0.5333333333333333,0.2222222222222222,1.7353333333333334,0.0
0.1111111111111111,0.5033333333333333,0.5333333333333333,0.2222222222222222,1.7926666666666666,0.0
0.16666666666666666,0.4083333333333333,0.5166666666666667,0.3333333333333333,1.022,0.0
0.1111111111111111,0.55,0.5399999999999999,0.5555555555555556,2.0313333333333334,0.0
0.16666666666666666,0.5,0.5,0.5,1.1706666666666667,0.0
0.14285714285714285,0.47000000000000003,0.5133333333333333,0.2857142857142857,1.2726666666666666,0.0
0.14285714285714285,0.4800000000000001,0.5666666666666667,0.2857142857142857,1.4786666666666666,0.0
0.16666666666666666,0.4583333333333333,0.5666666666666667,0.16666666666666666,1.308,0.0
0.125,0.46,0.52,0.375,1.4766666666666666,0.0
0.14285714285714285,0.46,0.5666666666666667,0.14285714285714285,1.3766666666666667,0.0
0.14285714285714285,0.44,0.5666666666666667,0.2857142857142857,1.2586666666666666,0.0
0.16666666666666666,0.4083333333333333,0.48333333333333334,0.3333333333333333,0.988,0.0
0.125,0.4483333333333333,0.5666666666666667,0.25,1.5806666666666667,0.0
0.14285714285714285,0.55,0.5333333333333333,0.2857142857142857,1.4873333333333334,0.0
0.125,0.5549999999999999,0.5333333333333333,0.25,1.7346666666666666,0.0
0.1,0.5,0.5333333333333333,0.3,1.8593333333333333,0.0
0.16666666666666666,0.4,0.5666666666666667,0.16666666666666666,1.0593333333333332,0.0
0.125,0.4466666666666666,0.51,0.375,1.518,0.0
0.16666666666666666,0.4166666666666667,0.5666666666666667,0.16666666666666666,1.22,0.0
0.16666666666666666,0.4583333333333333,0.5666666666666667,0.3333333333333333,1.2346666666666666,0.0
0.125,0.55,0.5666666666666667,0.25,1.858,0.0
0.1111111111111111,0.5533333333333333,0.5666666666666667,0.2222222222222222,2.21,0.010943703703703707
0.16666666666666666,0.49166666666666664,0.5333333333333333,0.3333333333333333,1.1273333333333333,0.0
0.14285714285714285,0.4,0.5666666666666667,0.2857142857142857,1.3393333333333333,0.0
0.14285714285714285,0.4666666666666667,0.5,0.2857142857142857,1.2173333333333334,0.0
0.2,0.42,0.49333333333333335,0.2,0.8493333333333334,0.0
0.16666666666666666,0.48333333333333334,0.5666666666666667,0.3333333333333333,1.4053333333333333,0.0
0.16666666666666666,0.5083333333333333,0.5666666666666667,0.3333333333333333,1.4333333333333333,0.0
0.1111111111111111,0.51,0.5066666666666666,0.5555555555555556,1.8153333333333332,0.0
0.2,0.36666666666666664,0.5666666666666667,0.0,0.8693333333333333,0.0
0.09090909090909091,0.5,0.5333333333333333,0.45454545454545453,2.284,0.0
0.14285714285714285,0.46,0.5666666666666667,0.42857142857142855,1.414,0.0
0.14285714285714285,0.42000000000000004,0.5666666666666667,0.0,1.3726666666666667,0.0
0.1111111111111111,0.45,0.5066666666666666,0.4444444444444444,1.708,0.0
0.2,0.38666666666666666,0.5666666666666667,0.0,1.03,0.0
0.25,0.5183333333333333,0.4666666666666667,0.75,0.8873333333333333,0.0
0.125,0.5266666666666667,0.5333333333333333,0.25,1.8086666666666666,0.0
0.08333333333333333,0.5,0.53,0.5,2.476,0.007877777777777789
0.1,0.505,0.5333333333333333,0.3,1.9313333333333333,0.0
0.125,0.4466666666666666,0.51,0.375,1.566,0.0
0.1,0.505,0.5333333333333333,0.1,2.02,0.0
0.125,0.49333333333333335,0.51,0.5,1.6606666666666667,0.0
0.125,0.44166666666666665,0.5333333333333333,0.25,1.5406666666666666,0.0
0.1,0.52,0.5033333333333333,0.5,2.1213333333333333,0.0
0.08333333333333333,0.5,0.53,0.3333333333333333,2.3553333333333333,0.01721111111111112
0.1,0.52,0.5333333333333333,0.2,2.0453333333333332,0.0
0.125,0.44166666666666665,0.5333333333333333,0.25,1.4926666666666666,0.0
0.125,0.48833333333333334,0.5333333333333333,0.375,1.6353333333333333,0.0
0.08333333333333333,0.49500000000000005,0.53,0.25,2.296666666666667,0.0
0.1,0.5016666666666667,0.5033333333333333,0.3,1.828,0.0
0.125,0.515,0.5333333333333333,0.125,1.6773333333333333,0.0
0.08333333333333333,0.49166666666666664,0.5,0.3333333333333333,2.259333333333333,0.0
0.09090909090909091,0.5,0.5666666666666667,0.2727272727272727,2.231333333333333,0.0
0.1,0.5516666666666666,0.5366666666666667,0.3,2.2426666666666666,0.0
0.08333333333333333,0.4983333333333333,0.5333333333333333,0.3333333333333333,2.3673333333333333,0.009545851851851856
0.25,0.5183333333333333,0.5666666666666667,0.5,1.068,0.0
0.1,0.48666666666666664,0.5366666666666667,0.4,2.026,0.0
0.2,0.5266666666666667,0.5,0.6,1.1933333333333334,0.0
0.14285714285714285,0.55,0.5333333333333333,0.42857142857142855,1.658,0.0
0.2,0.5233333333333333,0.5399999999999999,0.6,1.2366666666666666,0.0
0.2,0.5433333333333333,0.5399999999999999,0.6,1.1466666666666667,0.0
0.16666666666666666,0.5416666666666666,0.5333333333333333,0.5,1.3593333333333333,0.0
0.2,0.48333333333333334,0.5399999999999999,0.4,1.0346666666666666,0.0
0.16666666666666666,0.48333333333333334,0.5666666666666667,0.3333333333333333,1.2626666666666666,0.0
0.125,0.51,0.5333333333333333,0.375,1.6633333333333333,0.0
0.1,0.5183333333333333,0.5033333333333333,0.4,2.0313333333333334,0.0
0.125,0.5549999999999999,0.5333333333333333,0.375,1.9986666666666666,0.0
0.125,0.5549999999999999,0.5333333333333333,0.375,1.8773333333333333,0.0
0.1,0.5,0.5333333333333333,0.4,2.002,0.0
0.2,0.5133333333333333,0.5399999999999999,0.4,1.03,0.0
0.16666666666666666,0.5166666666666667,0.55,0.3333333333333333,1.3666666666666667,0.0
0.2,0.5233333333333333,0.5399999999999999,0.6,1.1186666666666667,0.0
0.2,0.43666666666666665,0.5666666666666667,0.2,1.0446666666666666,0.0
0.14285714285714285,0.5133333333333333,0.5466666666666666,0.2857142857142857,1.5333333333333334,0.0
0.125,0.52,0.5333333333333333,0.375,1.7006666666666668,0.0
0.1,0.55,0.5333333333333333,0.3,2.2533333333333334,0.0
0.25,0.5466666666666666,0.5333333333333333,0.0,0.9653333333333334,0.0
0.1,0.5516666666666666,0.5333333333333333,0.4,2.195333333333333,0.0
0.125,0.55,0.5333333333333333,0.25,1.7586666666666666,0.0
0.125,0.52,0.5333333333333333,0.375,1.77,0.0
0.2,0.5399999999999999,0.5333333333333333,0.0,1.13,0.0
0.07692307692307693,0.55,0.5333333333333333,0.46153846153846156,2.824,0.028820000000000002
0.08333333333333333,0.55,0.5333333333333333,0.5,2.7466666666666666,0.06243111111111112
0.09090909090909091,0.55,0.5333333333333333,0.45454545454545453,2.4166666666666665,0.007981111111111112
0.125,0.55,0.5333333333333333,0.125,1.6326666666666667,0.0
0.09090909090909091,0.55,0.5333333333333333,0.36363636363636365,2.272666666666667,0.0
0.07692307692307693,0.55,0.5333333333333333,0.46153846153846156,2.928,0.08570222222222224
0.14285714285714285,0.55,0.5133333333333333,0.14285714285714285,1.4513333333333334,0.0
0.08333333333333333,0.55,0.5333333333333333,0.4166666666666667,2.788666666666667,0.0889288888888889
0.16666666666666666,0.5,0.5166666666666667,0.16666666666666666,1.1653333333333333,0.0
0.25,0.5616666666666668,0.5566666666666666,0.25,1.0673333333333332,0.0
0.09090909090909091,0.55,0.5333333333333333,0.36363636363636365,2.2,0.0
0.14285714285714285,0.5566666666666666,0.5466666666666666,0.2857142857142857,1.546,0.0
0.2,0.56,0.5533333333333333,0.2,1.232,0.0
0.09090909090909091,0.55,0.5333333333333333,0.36363636363636365,2.5646666666666667,0.024737777777777782
0.25,0.36666666666666664,0.4666666666666667,0.25,0.7026666666666667,0.0
0.16666666666666666,0.4083333333333333,0.48333333333333334,0.3333333333333333,1.0166666666666666,0.0
0.16666666666666666,0.5,0.5666666666666667,0.16666666666666666,1.35,0.0
0.125,0.55,0.5333333333333333,0.25,1.6346666666666667,0.0
0.25,0.5266666666666667,0.5333333333333333,0.25,0.8513333333333334,0.0
0.1,0.55,0.5666666666666667,0.2,2.1333333333333333,0.0
0.125,0.47333333333333333,0.5666666666666667,0.125,1.6426666666666667,0.0
0.1111111111111111,0.55,0.5666666666666667,0.2222222222222222,1.9686666666666666,0.0
0.09090909090909091,0.55,0.5666666666666667,0.2727272727272727,2.3753333333333333,0.002358888888888894
0.16666666666666666,0.4583333333333333,0.5666666666666667,0.0,1.236,0.0
0.08333333333333333,0.55,0.5633333333333332,0.25,2.6613333333333333,0.07052222222222224
0.3333333333333333,0.35,0.4266666666666667,0.0,0.4513333333333333,0.0
0.08333333333333333,0.545,0.5333333333333333,0.3333333333333333,2.468,0.0
0.06666666666666667,0.5366666666666667,0.5333333333333333,0.3333333333333333,3.092,0.09675503703703704
0.1,0.5516666666666666,0.5333333333333333,0.3,2.3106666666666666,0.0029667407407407455
0.25,0.4066666666666666,0.45666666666666667,0.5,0.686,0.0
0.09090909090909091,0.55,0.5333333333333333,0.2727272727272727,2.5966666666666667,0.07112111111111112
0.2,0.5533333333333333,0.5333333333333333,0.4,1.2673333333333334,0.0
0.125,0.5549999999999999,0.5333333333333333,0.5,2.0,0.0
0.2,0.5233333333333333,0.5399999999999999,0.2,1.098,0.0
0.25,0.44833333333333336,0.5466666666666666,0.25,0.812,0.0
0.2,0.51,0.5533333333333333,0.2,1.098,0.0
0.125,0.55,0.5433333333333333,0.375,1.742,0.0
0.1111111111111111,0.55,0.5399999999999999,0.3333333333333333,1.8373333333333333,0.0
0.1,0.5,0.5033333333333333,0.5,1.9126666666666667,0.0
0.125,0.515,0.51,0.5,1.6446666666666667,0.0
0.1111111111111111,0.47000000000000003,0.5666666666666667,0.2222222222222222,1.8386666666666667,0.0
0.125,0.5,0.48666666666666664,0.375,1.4426666666666668,0.0
0.1,0.5,0.5666666666666667,0.3,1.9413333333333334,0.0
0.14285714285714285,0.5,0.49333333333333335,0.42857142857142855,1.3473333333333333,0.0
0.1111111111111111,0.5,0.5666666666666667,0.3333333333333333,1.846,0.0
0.1,0.505,0.5033333333333333,0.5,1.9473333333333334,0.0
0.16666666666666666,0.43333333333333335,0.5666666666666667,0.0,1.206,0.0
0.07692307692307693,0.5,0.5266666666666667,0.46153846153846156,2.606,0.00816666666666667
0.25,0.435,0.5333333333333333,0.0,0.82,0.0
0.09090909090909091,0.5166666666666667,0.5333333333333333,0.18181818181818182,2.3726666666666665,0.03506444444444446
0.1111111111111111,0.5,0.48000000000000004,0.5555555555555556,1.6773333333333333,0.0
0.2,0.51,0.5333333333333333,0.2,1.15,0.0
0.1111111111111111,0.5233333333333333,0.5333333333333333,0.2222222222222222,1.8693333333333333,0.0
0.16666666666666666,0.5,0.5333333333333333,0.16666666666666666,1.2453333333333334,0.0
0.07142857142857142,0.5,0.5233333333333333,0.42857142857142855,2.804666666666667,0.06183333333333334
0.2,0.4666666666666667,0.5066666666666666,0.4,0.942,0.0
0.08333333333333333,0.515,0.53,0.4166666666666667,2.509333333333333,0.01789911111111112
0.1111111111111111,0.5,0.5399999999999999,0.4444444444444444,1.8033333333333332,0.0
0.14285714285714285,0.5399999999999999,0.5133333333333333,0.42857142857142855,1.5586666666666666,0.0
0.1111111111111111,0.5066666666666666,0.5399999999999999,0.5555555555555556,2.006666666666667,0.0
0.16666666666666666,0.5,0.5333333333333333,0.3333333333333333,1.1233333333333333,0.0
0.2,0.4066666666666666,0.4666666666666667,0.4,0.8446666666666667,0.0
0.3333333333333333,0.4966666666666667,0.5533333333333333,0.3333333333333333,0.6813333333333333,0.0
0.25,0.47000000000000003,0.5466666666666666,0.25,0.8093333333333333,0.0
0.07692307692307693,0.5133333333333333,0.5266666666666667,0.38461538461538464,2.5806666666666667,0.003570518518518529
0.125,0.5383333333333333,0.5666666666666667,0.5,1.7826666666666666,0.0
0.14285714285714285,0.5033333333333334,0.48000000000000004,0.5714285714285714,1.41,0.0
0.07142857142857142,0.4800000000000001,0.5566666666666668,0.2857142857142857,2.6773333333333333,0.043296000000000015
0.16666666666666666,0.4583333333333333,0.5166666666666667,0.16666666666666666,1.1553333333333333,0.0
0.1,0.44,0.5666666666666667,0.3,1.9253333333333333,0.0
0.3333333333333333,0.3766666666666667,0.5133333333333333,0.0,0.5313333333333333,0.0
0.2,0.4266666666666667,0.4533333333333333,0.6,0.828,0.0
0.1111111111111111,0.49333333333333335,0.5666666666666667,0.3333333333333333,1.8793333333333333,0.0
0.16666666666666666,0.5083333333333333,0.5666666666666667,0.3333333333333333,1.3433333333333333,0.0
0.14285714285714285,0.4966666666666667,0.5466666666666666,0.2857142857142857,1.516,0.0
0.125,0.5216666666666667,0.5433333333333333,0.375,1.8146666666666667,0.0
0.25,0.4583333333333333,0.5566666666666666,0.25,0.892,0.0
0.08333333333333333,0.545,0.5333333333333333,0.3333333333333333,2.5946666666666665,0.07931566666666669
0.125,0.47333333333333333,0.5666666666666667,0.125,1.6253333333333333,0.0
0.09090909090909091,0.5,0.5333333333333333,0.36363636363636365,2.226,0.0
0.14285714285714285,0.39333333333333337,0.5666666666666667,0.14285714285714285,1.2566666666666666,0.0
0.08333333333333333,0.545,0.5333333333333333,0.5,2.6126666666666667,0.018760111111111123
0.125,0.5033333333333333,0.5666666666666667,0.375,1.6433333333333333,0.0
0.09090909090909091,0.5,0.5333333333333333,0.36363636363636365,2.2426666666666666,0.0
0.14285714285714285,0.39333333333333337,0.5666666666666667,0.14285714285714285,1.2733333333333334,0.0
0.09090909090909091,0.55,0.5333333333333333,0.36363636363636365,2.3473333333333333,0.017575555555555566
0.14285714285714285,0.4800000000000001,0.5666666666666667,0.14285714285714285,1.378,0.0
0.09090909090909091,0.5,0.5333333333333333,0.36363636363636365,2.2373333333333334,0.0
0.14285714285714285,0.39333333333333337,0.5666666666666667,0.14285714285714285,1.268,0.0
0.1111111111111111,0.5,0.5333333333333333,0.3333333333333333,1.7313333333333334,0.0
0.14285714285714285,0.4800000000000001,0.5666666666666667,0.2857142857142857,1.422,0.0
0.1111111111111111,0.51,0.5333333333333333,0.4444444444444444,1.966,0.0
0.14285714285714285,0.39333333333333337,0.5666666666666667,0.14285714285714285,1.1873333333333334,0.0
0.14285714285714285,0.52,0.5333333333333333,0.14285714285714285,1.4213333333333333,0.0
0.1111111111111111,0.44666666666666666,0.5666666666666667,0.4444444444444444,1.732,0.0
0.125,0.515,0.51,0.5,1.6293333333333333,0.0
0.125,0.4533333333333333,0.5666666666666667,0.125,1.524,0.0
0.07692307692307693,0.5,0.5266666666666667,0.38461538461538464,2.588,0.0333888888888889
0.1111111111111111,0.38,0.5666666666666667,0.2222222222222222,1.6186666666666667,0.0
0.08333333333333333,0.5,0.53,0.4166666666666667,2.3753333333333333,0.007211111111111113
0.125,0.43833333333333335,0.5666666666666667,0.25,1.406,0.0
0.08333333333333333,0.545,0.5333333333333333,0.4166666666666667,2.5953333333333335,0.024573444444444453
0.2,0.4066666666666666,0.5666666666666667,0.2,0.9446666666666667,0.0
0.09090909090909091,0.5,0.5333333333333333,0.36363636363636365,2.208666666666667,0.0
0.09090909090909091,0.5,0.5333333333333333,0.2727272727272727,2.1166666666666667,0.0
0.25,0.38833333333333336,0.4233333333333333,0.25,0.5933333333333334,0.0
0.08333333333333333,0.5,0.5633333333333332,0.3333333333333333,2.56,0.05790000000000001
0.25,0.36666666666666664,0.5666666666666667,0.0,0.774,0.0
0.07692307692307693,0.5,0.5266666666666667,0.46153846153846156,2.5713333333333335,0.017411111111111113
0.1,0.45999999999999996,0.5066666666666666,0.5,1.8846666666666667,0.0
0.1111111111111111,0.42,0.5666666666666667,0.3333333333333333,1.602,0.0
0.125,0.4983333333333333,0.52,0.625,1.7153333333333334,0.0
0.07692307692307693,0.5,0.5333333333333333,0.3076923076923077,2.66,0.05965555555555556
0.1111111111111111,0.44666666666666666,0.5666666666666667,0.1111111111111111,1.6906666666666668,0.0
0.07692307692307693,0.5133333333333333,0.5266666666666667,0.38461538461538464,2.6853333333333333,0.06849007407407406
0.1,0.52,0.5066666666666666,0.4,1.9986666666666666,0.0
0.1111111111111111,0.45,0.5666666666666667,0.2222222222222222,1.716,0.0
0.09090909090909091,0.5,0.5333333333333333,0.36363636363636365,2.3173333333333335,0.005211111111111111
0.14285714285714285,0.41333333333333333,0.5666666666666667,0.14285714285714285,1.348,0.0
0.07692307692307693,0.5,0.5333333333333333,0.38461538461538464,2.6973333333333334,0.059077777777777785
0.1,0.49,0.5666666666666667,0.4,2.010666666666667,0.0
0.1111111111111111,0.44333333333333336,0.5666666666666667,0.2222222222222222,1.728,0.0
0.09090909090909091,0.5333333333333333,0.5333333333333333,0.45454545454545453,2.36,0.0
0.14285714285714285,0.4733333333333334,0.5666666666666667,0.2857142857142857,1.3906666666666667,0.0
0.09090909090909091,0.5,0.5333333333333333,0.45454545454545453,2.332,0.0
0.14285714285714285,0.45333333333333337,0.5666666666666667,0.2857142857142857,1.3626666666666667,0.0
0.14285714285714285,0.5566666666666666,0.5333333333333333,0.42857142857142855,1.7013333333333334,0.0
0.16666666666666666,0.55,0.5333333333333333,0.6666666666666666,1.498,0.0
0.16666666666666666,0.5166666666666667,0.5333333333333333,0.5,1.2633333333333334,0.0
0.14285714285714285,0.52,0.5333333333333333,0.42857142857142855,1.6,0.0
0.125,0.5033333333333333,0.5333333333333333,0.5,1.6946666666666668,0.0
0.14285714285714285,0.51,0.5333333333333333,0.5714285714285714,1.482,0.0
0.14285714285714285,0.5566666666666666,0.5466666666666666,0.2857142857142857,1.594,0.0
0.16666666666666666,0.5166666666666667,0.5333333333333333,0.5,1.3153333333333332,0.0
0.14285714285714285,0.51,0.5666666666666667,0.42857142857142855,1.6666666666666667,0.0
0.16666666666666666,0.5166666666666667,0.5333333333333333,0.5,1.424,0.0
0.16666666666666666,0.5416666666666666,0.5333333333333333,0.6666666666666666,1.4666666666666666,0.0
0.14285714285714285,0.5566666666666666,0.5466666666666666,0.14285714285714285,1.6313333333333333,0.0
0.125,0.5549999999999999,0.5333333333333333,0.375,1.9686666666666666,0.0
0.16666666666666666,0.4583333333333333,0.5333333333333333,0.3333333333333333,1.2253333333333334,0.0
0.14285714285714285,0.5566666666666666,0.5333333333333333,0.42857142857142855,1.684,0.0
0.16666666666666666,0.4,0.5666666666666667,0.16666666666666666,1.1093333333333333,0.0
0.14285714285714285,0.5566666666666666,0.5333333333333333,0.42857142857142855,1.6646666666666667,0.0
0.125,0.5549999999999999,0.5666666666666667,0.375,2.0353333333333334,0.0
0.125,0.5549999999999999,0.5333333333333333,0.5,1.8546666666666667,0.0
0.1111111111111111,0.5533333333333333,0.5333333333333333,0.3333333333333333,2.1353333333333335,0.0
0.1111111111111111,0.5533333333333333,0.5333333333333333,0.4444444444444444,2.1606666666666667,0.0
0.14285714285714285,0.5566666666666666,0.5333333333333333,0.42857142857142855,1.7926666666666666,0.0
0.25,0.545,0.45666666666666667,0.25,0.9253333333333333,0.0
0.16666666666666666,0.5083333333333333,0.5333333333333333,0.3333333333333333,1.2753333333333334,0.0
0.16666666666666666,0.5416666666666666,0.5333333333333333,0.3333333333333333,1.3853333333333333,0.0
0.16666666666666666,0.5583333333333333,0.5333333333333333,0.3333333333333333,1.48,0.0
0.125,0.52,0.5333333333333333,0.5,1.79,0.0
0.1111111111111111,0.55,0.5333333333333333,0.3333333333333333,1.9726666666666666,0.0
0.14285714285714285,0.5266666666666667,0.5333333333333333,0.14285714285714285,1.582,0.0
0.125,0.5083333333333333,0.5333333333333333,0.25,1.6766666666666667,0.0
0.14285714285714285,0.5166666666666667,0.5333333333333333,0.2857142857142857,1.464,0.0
0.16666666666666666,0.525,0.5333333333333333,0.16666666666666666,1.2973333333333332,0.0
0.16666666666666666,0.5166666666666667,0.48333333333333334,0.5,1.1446666666666667,0.0
0.14285714285714285,0.5166666666666667,0.5333333333333333,0.2857142857142857,1.468,0.0
0.125,0.52,0.5333333333333333,0.125,1.7486666666666666,0.0
0.125,0.5316666666666666,0.5333333333333333,0.25,1.774,0.0
0.16666666666666666,0.525,0.5333333333333333,0.16666666666666666,1.406,0.0
0.125,0.5083333333333333,0.5433333333333333,0.25,1.786,0.0
0.2,0.55,0.5066666666666666,0.6,1.312,0.0
0.14285714285714285,0.55,0.5466666666666666,0.42857142857142855,1.6493333333333333,0.0
0.16666666666666666,0.5583333333333333,0.5333333333333333,0.16666666666666666,1.436,0.0
0.14285714285714285,0.5399999999999999,0.5466666666666666,0.5714285714285714,1.662,0.0
0.14285714285714285,0.55,0.5466666666666666,0.5714285714285714,1.772,0.0
0.1111111111111111,0.5533333333333333,0.5333333333333333,0.3333333333333333,2.084,0.0
0.14285714285714285,0.5566666666666666,0.5333333333333333,0.42857142857142855,1.6153333333333333,0.0
0.14285714285714285,0.5566666666666666,0.5333333333333333,0.42857142857142855,1.6673333333333333,0.0
0.14285714285714285,0.5566666666666666,0.5333333333333333,0.42857142857142855,1.648,0.0
0.125,0.5549999999999999,0.5666666666666667,0.375,2.018666666666667,0.0
0.2,0.36666666666666664,0.5666666666666667,0.0,0.9553333333333334,0.0
0.1111111111111111,0.5533333333333333,0.5333333333333333,0.5555555555555556,2.03,0.0
0.1111111111111111,0.5533333333333333,0.5399999999999999,0.4444444444444444,2.156,0.0
0.25,0.545,0.5133333333333333,0.25,0.942,0.0
0.14285714285714285,0.5566666666666666,0.5333333333333333,0.5714285714285714,1.8186666666666667,0.0
0.14285714285714285,0.5566666666666666,0.5333333333333333,0.42857142857142855,1.806,0.0
0.14285714285714285,0.5566666666666666,0.5333333333333333,0.42857142857142855,1.696,0.0
0.1111111111111111,0.5533333333333333,0.5333333333333333,0.2222222222222222,1.9946666666666666,0.0
0.14285714285714285,0.5566666666666666,0.5333333333333333,0.42857142857142855,1.7606666666666666,0.0
0.14285714285714285,0.5566666666666666,0.5333333333333333,0.2857142857142857,1.526,0.0
0.1,0.505,0.5333333333333333,0.5,2.236666666666667,0.0
0.125,0.515,0.5333333333333333,0.25,1.692,0.0
0.1111111111111111,0.5533333333333333,0.5333333333333333,0.3333333333333333,1.9573333333333334,0.0
0.14285714285714285,0.5566666666666666,0.5333333333333333,0.2857142857142857,1.578,0.0
0.125,0.5549999999999999,0.5666666666666667,0.25,1.9293333333333333,0.0
0.1111111111111111,0.5533333333333333,0.5333333333333333,0.2222222222222222,2.029333333333333,0.0
0.25,0.545,0.4666666666666667,0.5,1.0313333333333334,0.0
0.16666666666666666,0.5166666666666667,0.5333333333333333,0.3333333333333333,1.3686666666666667,0.0
0.125,0.5033333333333333,0.5333333333333333,0.375,1.732,0.0
0.1111111111111111,0.5533333333333333,0.5333333333333333,0.3333333333333333,2.1006666666666667,0.0
0.14285714285714285,0.49000000000000005,0.5466666666666666,0.2857142857142857,1.412,0.0
0.125,0.45,0.51,0.25,1.4046666666666667,0.0
0.14285714285714285,0.44,0.49333333333333335,0.14285714285714285,1.1573333333333333,0.0
0.1,0.505,0.5033333333333333,0.6,2.0073333333333334,0.0
0.1,0.45499999999999996,0.5333333333333333,0.2,1.9286666666666668,0.0
0.16666666666666666,0.5416666666666666,0.5,0.16666666666666666,1.3246666666666667,0.0
0.125,0.5033333333333333,0.5433333333333333,0.125,1.662,0.0
0.125,0.55,0.51,0.5,1.7833333333333334,0.0
0.125,0.515,0.51,0.5,1.6733333333333333,0.0
0.09090909090909091,0.5,0.5333333333333333,0.2727272727272727,2.264666666666667,0.02326666666666667
0.14285714285714285,0.5566666666666666,0.5333333333333333,0.5714285714285714,1.8666666666666667,0.0
0.09090909090909091,0.5,0.5333333333333333,0.36363636363636365,2.0453333333333332,0.0
0.08333333333333333,0.49500000000000005,0.5266666666666667,0.4166666666666667,2.2413333333333334,0.0
0.1,0.5033333333333333,0.5333333333333333,0.4,2.03,0.0
0.16666666666666666,0.5416666666666666,0.5333333333333333,0.5,1.4406666666666668,0.0
0.1,0.5,0.5333333333333333,0.3,1.9073333333333333,0.0
0.09090909090909091,0.55,0.5333333333333333,0.36363636363636365,2.4993333333333334,0.06955666666666667
0.16666666666666666,0.525,0.5333333333333333,0.16666666666666666,1.2453333333333334,0.0
0.16666666666666666,0.4,0.5666666666666667,0.16666666666666666,1.04,0.0
0.1,0.505,0.5333333333333333,0.4,2.222,0.0
0.25,0.545,0.45666666666666667,0.25,0.856,0.0
0.16666666666666666,0.5166666666666667,0.5333333333333333,0.16666666666666666,1.1933333333333334,0.0
0.16666666666666666,0.5416666666666666,0.5333333333333333,0.3333333333333333,1.316,0.0
0.1111111111111111,0.5533333333333333,0.5333333333333333,0.1111111111111111,1.9546666666666668,0.0
0.1111111111111111,0.5533333333333333,0.5333333333333333,0.6666666666666666,2.16,0.0
0.14285714285714285,0.52,0.5266666666666667,0.7142857142857143,1.488,0.0
0.14285714285714285,0.46,0.4666666666666667,0.5714285714285714,1.2333333333333334,0.0
0.1111111111111111,0.51,0.5333333333333333,0.2222222222222222,1.7393333333333334,0.0
0.1,0.505,0.5366666666666667,0.2,2.0573333333333332,0.0
0.16666666666666666,0.5416666666666666,0.4666666666666667,0.6666666666666666,1.4006666666666667,0.0
0.125,0.51,0.52,0.625,1.7506666666666666,0.0
0.1,0.55,0.5333333333333333,0.6,2.1806666666666668,0.0
0.1111111111111111,0.51,0.5066666666666666,0.4444444444444444,1.7766666666666666,0.0
0.14285714285714285,0.46,0.5666666666666667,0.14285714285714285,1.396,0.0
0.1,0.505,0.5666666666666667,0.4,2.128,0.0
0.09090909090909091,0.5,0.5,0.5454545454545454,2.1393333333333335,0.0
0.09090909090909091,0.5,0.5333333333333333,0.36363636363636365,2.228,0.0
0.09090909090909091,0.5166666666666667,0.5,0.45454545454545453,2.2533333333333334,0.0
0.1111111111111111,0.5366666666666667,0.5066666666666666,0.5555555555555556,1.928,0.0
0.14285714285714285,0.52,0.5466666666666666,0.14285714285714285,1.53,0.0
0.14285714285714285,0.5133333333333333,0.5466666666666666,0.2857142857142857,1.5426666666666666,0.0
0.1111111111111111,0.5533333333333333,0.5333333333333333,0.4444444444444444,2.0633333333333335,0.0
0.125,0.38666666666666666,0.5666666666666667,0.25,1.4713333333333334,0.0
0.14285714285714285,0.39333333333333337,0.4666666666666667,0.2857142857142857,1.12,0.0
0.14285714285714285,0.49000000000000005,0.5266666666666667,0.5714285714285714,1.358,0.0
0.125,0.5033333333333333,0.52,0.25,1.6246666666666667,0.0
0.2,0.51,0.5399999999999999,0.4,1.024,0.0
0.125,0.5549999999999999,0.5333333333333333,0.5,1.8506666666666667,0.0
0.14285714285714285,0.52,0.5466666666666666,0.2857142857142857,1.4926666666666666,0.0
0.14285714285714285,0.44,0.5666666666666667,0.2857142857142857,1.278,0.0
0.16666666666666666,0.44166666666666665,0.4666666666666667,0.3333333333333333,0.9073333333333333,0.0
0.16666666666666666,0.4083333333333333,0.5666666666666667,0.16666666666666666,1.088,0.0
0.2,0.5433333333333333,0.48666666666666664,0.4,1.0746666666666667,0.0
0.14285714285714285,0.51,0.5266666666666667,0.2857142857142857,1.412,0.0
0.14285714285714285,0.5033333333333334,0.5266666666666667,0.42857142857142855,1.4246666666666667,0.0
0.14285714285714285,0.5399999999999999,0.5266666666666667,0.42857142857142855,1.5346666666666666,0.0
0.14285714285714285,0.49666666666666676,0.5333333333333333,0.2857142857142857,1.374,0.0
0.14285714285714285,0.55,0.5466666666666666,0.5714285714285714,1.702,0.0
0.125,0.5549999999999999,0.5433333333333333,0.5,2.070666666666667,0.0
0.14285714285714285,0.5566666666666666,0.5466666666666666,0.2857142857142857,1.684,0.0
0.125,0.5549999999999999,0.5433333333333333,0.5,2.054,0.0
0.1111111111111111,0.55,0.5399999999999999,0.2222222222222222,1.9553333333333334,0.0
0.1,0.55,0.5366666666666667,0.5,2.1633333333333336,0.0
0.16666666666666666,0.4083333333333333,0.48333333333333334,0.3333333333333333,0.9686666666666667,0.0
0.14285714285714285,0.4800000000000001,0.5666666666666667,0.2857142857142857,1.498,0.0
0.1111111111111111,0.5233333333333333,0.5399999999999999,0.2222222222222222,2.0126666666666666,0.0
0.125,0.47,0.5,0.375,1.4646666666666666,0.0
0.16666666666666666,0.5,0.48333333333333334,0.3333333333333333,1.1266666666666667,0.0
0.14285714285714285,0.55,0.5666666666666667,0.42857142857142855,1.7546666666666666,0.0
0.16666666666666666,0.49166666666666664,0.5666666666666667,0.3333333333333333,1.2746666666666666,0.0
0.1,0.505,0.5333333333333333,0.4,2.1133333333333333,0.0
0.125,0.4533333333333333,0.5666666666666667,0.5,1.5846666666666667,0.0
0.16666666666666666,0.4583333333333333,0.5333333333333333,0.3333333333333333,1.208,0.0
0.125,0.4216666666666667,0.5666666666666667,0.375,1.4546666666666668,0.0
0.125,0.4533333333333333,0.5666666666666667,0.125,1.5433333333333332,0.0
0.25,0.545,0.45666666666666667,0.25,0.908,0.0
0.16666666666666666,0.48333333333333334,0.5666666666666667,0.3333333333333333,1.2433333333333334,0.0
0.16666666666666666,0.5166666666666667,0.5333333333333333,0.16666666666666666,1.2453333333333334,0.0
0.16666666666666666,0.5083333333333333,0.5333333333333333,0.3333333333333333,1.258,0.0
0.14285714285714285,0.4866666666666667,0.5666666666666667,0.14285714285714285,1.4973333333333334,0.0
0.16666666666666666,0.5166666666666667,0.5333333333333333,0.5,1.296,0.0
0.14285714285714285,0.5566666666666666,0.5333333333333333,0.2857142857142857,1.5586666666666666,0.0
0.2,0.51,0.5399999999999999,0.4,0.976,0.0
0.125,0.4216666666666667,0.5666666666666667,0.375,1.474,0.0
0.125,0.4533333333333333,0.5666666666666667,0.125,1.5626666666666666,0.0
0.25,0.545,0.45666666666666667,0.25,0.8886666666666667,0.0
0.16666666666666666,0.5166666666666667,0.5333333333333333,0.16666666666666666,1.226,0.0
0.16666666666666666,0.4,0.5666666666666667,0.16666666666666666,1.14,0.0
0.16666666666666666,0.5,0.5333333333333333,0.16666666666666666,1.1266666666666667,0.0
0.14285714285714285,0.5166666666666667,0.5666666666666667,0.14285714285714285,1.6486666666666667,0.0
0.2,0.4633333333333333,0.4533333333333333,0.4,0.864,0.0
0.2,0.5033333333333333,0.47333333333333333,0.4,0.9233333333333333,0.0
0.16666666666666666,0.5,0.5666666666666667,0.3333333333333333,1.3466666666666667,0.0
0.1111111111111111,0.5033333333333333,0.5666666666666667,0.1111111111111111,1.9773333333333334,0.0
0.14285714285714285,0.46,0.4733333333333334,0.14285714285714285,1.192,0.0
0.1111111111111111,0.4366666666666667,0.5666666666666667,0.3333333333333333,1.8886666666666667,0.0
0.1111111111111111,0.43333333333333335,0.5666666666666667,0.2222222222222222,1.8633333333333333,0.0
0.2,0.5433333333333333,0.5666666666666667,0.2,1.2593333333333334,0.0
0.14285714285714285,0.51,0.5666666666666667,0.14285714285714285,1.5966666666666667,0.0
0.2,0.4066666666666666,0.42,0.2,0.7693333333333333,0.0
0.16666666666666666,0.5166666666666667,0.5666666666666667,0.3333333333333333,1.3253333333333333,0.0
0.125,0.5549999999999999,0.5333333333333333,0.5,1.838,0.0
0.2,0.4766666666666667,0.5666666666666667,0.2,1.104,0.0
0.1111111111111111,0.5033333333333333,0.5333333333333333,0.2222222222222222,1.7966666666666666,0.0
0.14285714285714285,0.4266666666666667,0.5666666666666667,0.14285714285714285,1.398,0.0
0.14285714285714285,0.4133333333333334,0.5666666666666667,0.14285714285714285,1.41,0.0
0.2,0.4666666666666667,0.5666666666666667,0.2,1.0726666666666667,0.0
0.14285714285714285,0.51,0.5266666666666667,0.2857142857142857,1.416,0.0
0.14285714285714285,0.5033333333333334,0.5266666666666667,0.42857142857142855,1.4286666666666668,0.0
0.14285714285714285,0.5399999999999999,0.5266666666666667,0.42857142857142855,1.5386666666666666,0.0
0.125,0.505,0.5333333333333333,0.125,1.6433333333333333,0.0
0.1111111111111111,0.5533333333333333,0.5333333333333333,0.5555555555555556,2.046666666666667,0.0
0.125,0.505,0.5333333333333333,0.125,1.66,0.0
0.1111111111111111,0.5533333333333333,0.5333333333333333,0.4444444444444444,1.9406666666666668,0.0
0.125,0.505,0.5333333333333333,0.125,1.574,0.0
0.125,0.45666666666666667,0.52,0.5,1.5706666666666667,0.0
0.14285714285714285,0.4233333333333333,0.44666666666666666,0.42857142857142855,1.1033333333333333,0.0
0.14285714285714285,0.39666666666666667,0.5666666666666667,0.2857142857142857,1.284,0.0
0.16666666666666666,0.5416666666666666,0.4666666666666667,0.5,1.2706666666666666,0.0
0.125,0.515,0.5333333333333333,0.375,1.7666666666666666,0.0
0.125,0.4466666666666666,0.51,0.375,1.5546666666666666,0.0
0.1111111111111111,0.5533333333333333,0.5333333333333333,0.3333333333333333,2.1186666666666665,0.0
0.1,0.505,0.5333333333333333,0.4,2.096,0.0
0.16666666666666666,0.5416666666666666,0.5,0.16666666666666666,1.3593333333333333,0.0
0.125,0.5383333333333333,0.5433333333333333,0.25,1.8193333333333332,0.0
0.125,0.5266666666666667,0.5333333333333333,0.5,1.792,0.0
0.1,0.48500000000000004,0.5366666666666667,0.3,2.0006666666666666,0.0
0.16666666666666666,0.5416666666666666,0.5,0.3333333333333333,1.3846666666666667,0.0
0.125,0.5383333333333333,0.52,0.375,1.8446666666666667,0.0
0.09090909090909091,0.5166666666666667,0.5333333333333333,0.2727272727272727,2.266,0.0005166666666666672
0.14285714285714285,0.5566666666666666,0.5333333333333333,0.42857142857142855,1.776,0.0
0.16666666666666666,0.4166666666666667,0.5666666666666667,0.16666666666666666,1.2006666666666668,0.0
0.09090909090909091,0.5,0.5,0.36363636363636365,2.050666666666667,0.0
0.25,0.545,0.5133333333333333,0.25,1.0166666666666666,0.0
0.16666666666666666,0.5166666666666667,0.55,0.16666666666666666,1.354,0.0
0.16666666666666666,0.5416666666666666,0.55,0.3333333333333333,1.4766666666666666,0.0
0.125,0.5033333333333333,0.5433333333333333,0.5,1.804,0.0
0.1111111111111111,0.5533333333333333,0.5399999999999999,0.4444444444444444,2.1726666666666667,0.0
0.09090909090909091,0.5,0.5333333333333333,0.45454545454545453,2.2653333333333334,0.0
0.16666666666666666,0.5416666666666666,0.4666666666666667,0.3333333333333333,1.2873333333333334,0.0
0.2,0.55,0.5399999999999999,0.4,1.2946666666666666,0.0
0.125,0.4483333333333333,0.5666666666666667,0.25,1.6,0.0
0.14285714285714285,0.45333333333333337,0.5266666666666667,0.2857142857142857,1.2293333333333334,0.0
0.08333333333333333,0.4983333333333333,0.53,0.3333333333333333,2.3686666666666665,0.0
0.16666666666666666,0.5166666666666667,0.5333333333333333,0.16666666666666666,1.2626666666666666,0.0
0.14285714285714285,0.5566666666666666,0.5333333333333333,0.5714285714285714,1.8353333333333333,0.0
0.16666666666666666,0.5166666666666667,0.55,0.16666666666666666,1.2793333333333334,0.0
0.14285714285714285,0.5566666666666666,0.5333333333333333,0.42857142857142855,1.7293333333333334,0.0
0.16666666666666666,0.55,0.5333333333333333,0.3333333333333333,1.428,0.0
0.14285714285714285,0.55,0.5666666666666667,0.2857142857142857,1.632,0.0
0.2,0.49333333333333335,0.4533333333333333,0.4,0.892,0.0
0.125,0.5033333333333333,0.52,0.375,1.608,0.0
0.125,0.515,0.5433333333333333,0.125,1.6966666666666668,0.0
0.125,0.5266666666666667,0.52,0.25,1.722,0.0
0.14285714285714285,0.5566666666666666,0.5333333333333333,0.42857142857142855,1.8226666666666667,0.0
0.125,0.4983333333333333,0.5433333333333333,0.25,1.6746666666666667,0.0
0.1,0.55,0.5333333333333333,0.4,2.252,0.007088888888888892
0.16666666666666666,0.5083333333333333,0.5333333333333333,0.3333333333333333,1.2386666666666666,0.0
0.14285714285714285,0.5033333333333334,0.5666666666666667,0.2857142857142857,1.6093333333333333,0.0
0.125,0.4983333333333333,0.52,0.5,1.6206666666666667,0.0
0.125,0.51,0.5433333333333333,0.25,1.7093333333333334,0.0
0.16666666666666666,0.5083333333333333,0.55,0.3333333333333333,1.3666666666666667,0.0
0.14285714285714285,0.5566666666666666,0.5466666666666666,0.2857142857142857,1.754,0.0
0.16666666666666666,0.5166666666666667,0.5333333333333333,0.5,1.344,0.0
0.14285714285714285,0.5566666666666666,0.5333333333333333,0.42857142857142855,1.7126666666666666,0.0
0.16666666666666666,0.525,0.5333333333333333,0.16666666666666666,1.326,0.0
0.16666666666666666,0.5416666666666666,0.55,0.3333333333333333,1.402,0.0
0.14285714285714285,0.5399999999999999,0.5466666666666666,0.2857142857142857,1.6526666666666667,0.0
0.1111111111111111,0.51,0.5066666666666666,0.4444444444444444,1.8053333333333332,0.0
0.125,0.5383333333333333,0.52,0.375,1.7473333333333334,0.0
0.16666666666666666,0.5416666666666666,0.5333333333333333,0.3333333333333333,1.368,0.0
0.16666666666666666,0.4,0.5666666666666667,0.16666666666666666,1.1206666666666667,0.0
0.125,0.5383333333333333,0.52,0.5,1.7306666666666666,0.0
0.1111111111111111,0.55,0.5333333333333333,0.4444444444444444,2.062,0.0
0.14285714285714285,0.5266666666666667,0.5333333333333333,0.42857142857142855,1.6053333333333333,0.0
0.07692307692307693,0.5400000000000001,0.5333333333333333,0.5384615384615384,2.7973333333333334,0.005496000000000006
0.14285714285714285,0.51,0.5333333333333333,0.42857142857142855,1.5673333333333332,0.0
0.1111111111111111,0.55,0.5333333333333333,0.4444444444444444,1.9926666666666666,0.0
0.2,0.47,0.5333333333333333,0.2,1.016,0.0
0.1,0.5516666666666666,0.5333333333333333,0.5,2.3213333333333335,0.0
0.14285714285714285,0.51,0.5333333333333333,0.2857142857142857,1.4413333333333334,0.0
0.1,0.505,0.5333333333333333,0.5,2.0813333333333333,0.0
0.09090909090909091,0.55,0.5333333333333333,0.45454545454545453,2.502666666666667,0.020765555555555565
0.16666666666666666,0.5166666666666667,0.5166666666666667,0.3333333333333333,1.26,0.0
0.1,0.49,0.5333333333333333,0.5,2.0086666666666666,0.0
0.14285714285714285,0.51,0.5333333333333333,0.5714285714285714,1.53,0.0
0.1111111111111111,0.4966666666666667,0.5333333333333333,0.5555555555555556,1.844,0.0
0.2,0.43666666666666665,0.5066666666666666,0.4,0.9786666666666667,0.0
0.14285714285714285,0.5566666666666666,0.5466666666666666,0.42857142857142855,1.7833333333333334,0.0
0.14285714285714285,0.4633333333333333,0.5133333333333333,0.42857142857142855,1.2926666666666666,0.0
0.1,0.5516666666666666,0.5366666666666667,0.4,2.2786666666666666,0.0
0.25,0.44833333333333336,0.4666666666666667,0.5,0.7973333333333333,0.0
0.14285714285714285,0.51,0.5333333333333333,0.42857142857142855,1.4433333333333334,0.0
0.1111111111111111,0.4966666666666667,0.5666666666666667,0.3333333333333333,1.942,0.0
0.16666666666666666,0.5166666666666667,0.5333333333333333,0.5,1.2786666666666666,0.0
0.2,0.5133333333333333,0.5333333333333333,0.2,1.016,0.0
0.125,0.5033333333333333,0.5666666666666667,0.375,1.7773333333333334,0.0
0.1,0.5516666666666666,0.5666666666666667,0.3,2.194,0.0
0.3333333333333333,0.44333333333333336,0.52,0.3333333333333333,0.5993333333333334,0.0
0.25,0.4233333333333334,0.5133333333333333,0.25,0.7273333333333334,0.0
0.14285714285714285,0.5566666666666666,0.5333333333333333,0.42857142857142855,1.5673333333333332,0.0
0.16666666666666666,0.425,0.5666666666666667,0.16666666666666666,1.226,0.0
0.3333333333333333,0.44333333333333336,0.46,0.3333333333333333,0.546,0.0
0.125,0.5549999999999999,0.5333333333333333,0.375,1.7486666666666666,0.0
0.125,0.5033333333333333,0.5333333333333333,0.625,1.678,0.0
0.16666666666666666,0.5416666666666666,0.5333333333333333,0.16666666666666666,1.4133333333333333,0.0
0.3333333333333333,0.5333333333333333,0.5333333333333333,0.0,0.7893333333333333,0.0
0.07142857142857142,0.5116666666666667,0.5333333333333333,0.42857142857142855,2.9006666666666665,0.03413385185185185
0.14285714285714285,0.51,0.5333333333333333,0.7142857142857143,1.5133333333333334,0.0
0.14285714285714285,0.5366666666666667,0.5333333333333333,0.14285714285714285,1.578,0.0
0.1,0.505,0.5333333333333333,0.5,2.112,0.0
0.07692307692307693,0.5133333333333333,0.5333333333333333,0.46153846153846156,2.736,0.0
0.125,0.48833333333333334,0.5333333333333333,0.375,1.5606666666666666,0.0
0.16666666666666666,0.5583333333333333,0.5333333333333333,0.3333333333333333,1.5053333333333334,0.0
0.09090909090909091,0.5,0.5333333333333333,0.36363636363636365,2.1846666666666668,0.0
0.2,0.56,0.5333333333333333,0.2,1.294,0.0
0.25,0.5616666666666668,0.5333333333333333,0.0,0.9953333333333333,0.0
0.1111111111111111,0.5366666666666667,0.5399999999999999,0.5555555555555556,2.1026666666666665,0.0
0.3333333333333333,0.5266666666666667,0.5333333333333333,0.0,0.7093333333333334,0.0
0.1,0.55,0.5366666666666667,0.5,2.3886666666666665,0.0
0.16666666666666666,0.5583333333333333,0.5333333333333333,0.16666666666666666,1.4586666666666666,0.0
0.14285714285714285,0.51,0.5466666666666666,0.5714285714285714,1.6393333333333333,0.0
0.2,0.56,0.5333333333333333,0.0,1.16,0.0
0.125,0.5383333333333333,0.5433333333333333,0.625,1.938,0.0
0.25,0.5066666666666667,0.5333333333333333,0.0,0.874,0.0
0.1111111111111111,0.55,0.5399999999999999,0.5555555555555556,2.224,0.0
0.16666666666666666,0.5583333333333333,0.5333333333333333,0.3333333333333333,1.4253333333333333,0.0
0.14285714285714285,0.5399999999999999,0.5466666666666666,0.42857142857142855,1.6726666666666667,0.0
0.16666666666666666,0.55,0.55,0.3333333333333333,1.428,0.0
0.09090909090909091,0.5,0.5,0.45454545454545453,2.008,0.0
0.125,0.5,0.48666666666666664,0.5,1.5986666666666667,0.0
0.14285714285714285,0.55,0.5466666666666666,0.2857142857142857,1.5233333333333334,0.0
0.2,0.44666666666666666,0.5066666666666666,0.2,0.9586666666666667,0.0
0.09090909090909091,0.5,0.5666666666666667,0.36363636363636365,2.271333333333333,0.0
0.14285714285714285,0.5,0.49333333333333335,0.42857142857142855,1.3146666666666667,0.0
0.16666666666666666,0.5,0.5166666666666667,0.3333333333333333,1.212,0.0
0.1,0.45999999999999996,0.5666666666666667,0.2,1.934,0.0
0.14285714285714285,0.49000000000000005,0.5133333333333333,0.2857142857142857,1.3073333333333332,0.0
0.25,0.435,0.5033333333333334,0.0,0.7073333333333334,0.0
0.14285714285714285,0.4766666666666667,0.5333333333333333,0.14285714285714285,1.444,0.0
0.125,0.5266666666666667,0.5333333333333333,0.25,1.774,0.0
0.08333333333333333,0.5,0.5266666666666667,0.4166666666666667,2.276,0.0
0.125,0.5,0.48666666666666664,0.625,1.582,0.0
0.06666666666666667,0.51,0.5333333333333333,0.3333333333333333,3.108,0.1254826666666667
0.25,0.425,0.5133333333333333,0.0,0.74,0.0
0.08333333333333333,0.5483333333333333,0.53,0.5,2.718,0.034045407407407406
0.14285714285714285,0.55,0.5133333333333333,0.2857142857142857,1.6546666666666667,0.0
0.16666666666666666,0.55,0.5166666666666667,0.16666666666666666,1.356,0.0
0.1,0.5033333333333333,0.5366666666666667,0.5,2.102,0.0
0.09090909090909091,0.5333333333333333,0.5333333333333333,0.45454545454545453,2.388,0.0
0.1,0.535,0.5366666666666667,0.5,2.292666666666667,0.0
0.2,0.49333333333333335,0.5533333333333333,0.2,1.068,0.0
0.1,0.55,0.5033333333333333,0.4,2.0913333333333335,0.0
0.14285714285714285,0.39333333333333337,0.5666666666666667,0.2857142857142857,1.3433333333333333,0.0
0.125,0.4799999999999999,0.5666666666666667,0.25,1.622,0.0
0.1,0.435,0.5666666666666667,0.3,1.7853333333333334,0.0
0.1111111111111111,0.43666666666666665,0.5666666666666667,0.3333333333333333,1.6573333333333333,0.0
0.25,0.38999999999999996,0.5133333333333333,0.25,0.7826666666666666,0.0
0.125,0.515,0.5433333333333333,0.375,1.6426666666666667,0.0
0.1111111111111111,0.55,0.5666666666666667,0.4444444444444444,2.0686666666666667,0.0
0.125,0.5383333333333333,0.4766666666666667,0.375,1.6013333333333333,0.0
0.2,0.5233333333333333,0.5666666666666667,0.4,1.17,0.0
0.14285714285714285,0.49000000000000005,0.48000000000000004,0.2857142857142857,1.3026666666666666,0.0
0.09090909090909091,0.43333333333333335,0.5666666666666667,0.2727272727272727,2.0533333333333332,0.0
0.5,0.38833333333333336,0.5233333333333333,0.0,0.4033333333333333,0.0
0.1111111111111111,0.5033333333333333,0.5333333333333333,0.1111111111111111,1.754,0.0
0.09090909090909091,0.5,0.5666666666666667,0.09090909090909091,2.252666666666667,0.019966666666666674
0.125,0.43499999999999994,0.5666666666666667,0.125,1.654,0.0
0.5,0.35833333333333334,0.43,0.0,0.3233333333333333,0.0
0.2,0.5433333333333333,0.4533333333333333,0.2,1.036,0.0
0.14285714285714285,0.5399999999999999,0.5666666666666667,0.14285714285714285,1.5346666666666666,0.0
0.2,0.4633333333333333,0.5399999999999999,0.4,0.954,0.0
0.16666666666666666,0.5083333333333333,0.5333333333333333,0.5,1.2526666666666666,0.0
0.2,0.36666666666666664,0.5666666666666667,0.0,0.95,0.0
0.08333333333333333,0.5316666666666666,0.5333333333333333,0.25,2.699333333333333,0.06535955555555556
0.1111111111111111,0.5366666666666667,0.48000000000000004,0.3333333333333333,1.8693333333333333,0.0
0.14285714285714285,0.45,0.49333333333333335,0.2857142857142857,1.2846666666666666,0.0
0.1111111111111111,0.5366666666666667,0.5399999999999999,0.3333333333333333,2.1006666666666667,0.0
0.08333333333333333,0.5316666666666666,0.5,0.3333333333333333,2.493333333333333,0.0
0.2,0.5233333333333333,0.5333333333333333,0.6,1.168,0.0
0.125,0.5549999999999999,0.5433333333333333,0.25,1.93,0.0
0.16666666666666666,0.5583333333333333,0.5333333333333333,0.5,1.5366666666666666,0.0
0.14285714285714285,0.5399999999999999,0.5266666666666667,0.2857142857142857,1.5613333333333332,0.0
0.2,0.5333333333333333,0.5333333333333333,0.2,1.15,0.0
0.125,0.55,0.5433333333333333,0.5,1.948,0.0
0.16666666666666666,0.5583333333333333,0.5333333333333333,0.3333333333333333,1.4306666666666668,0.0
0.14285714285714285,0.5399999999999999,0.5266666666666667,0.42857142857142855,1.6673333333333333,0.0
0.1,0.5516666666666666,0.5333333333333333,0.3,2.2653333333333334,0.0
0.1111111111111111,0.5366666666666667,0.5399999999999999,0.2222222222222222,1.9606666666666666,0.0
0.125,0.5549999999999999,0.5333333333333333,0.5,2.0313333333333334,0.0
0.14285714285714285,0.55,0.5266666666666667,0.42857142857142855,1.7266666666666666,0.0
0.125,0.5549999999999999,0.5333333333333333,0.375,1.7966666666666666,0.0
0.14285714285714285,0.5399999999999999,0.5266666666666667,0.2857142857142857,1.492,0.0
0.1,0.5516666666666666,0.5333333333333333,0.6,2.3413333333333335,0.0
0.1111111111111111,0.5366666666666667,0.5133333333333333,0.5555555555555556,2.0366666666666666,0.0
0.1111111111111111,0.5533333333333333,0.5333333333333333,0.3333333333333333,2.1333333333333333,0.0
0.125,0.5383333333333333,0.5433333333333333,0.25,1.8286666666666667,0.0
0.1,0.5516666666666666,0.5333333333333333,0.4,2.228,0.0
0.1111111111111111,0.5366666666666667,0.5133333333333333,0.3333333333333333,1.9233333333333333,0.0
0.1111111111111111,0.5533333333333333,0.5333333333333333,0.4444444444444444,2.0153333333333334,0.0
0.125,0.5383333333333333,0.52,0.375,1.7106666666666666,0.0
0.1111111111111111,0.5533333333333333,0.5399999999999999,0.4444444444444444,2.235333333333333,0.0
0.125,0.4683333333333333,0.5666666666666667,0.25,1.626,0.0
0.125,0.55,0.5666666666666667,0.375,1.9306666666666668,0.0
0.125,0.5549999999999999,0.5333333333333333,0.375,1.8486666666666667,0.0
0.125,0.4799999999999999,0.52,0.375,1.522,0.0
0.14285714285714285,0.5399999999999999,0.5266666666666667,0.2857142857142857,1.544,0.0
0.125,0.5549999999999999,0.5333333333333333,0.375,1.8293333333333333,0.0
0.14285714285714285,0.5399999999999999,0.5266666666666667,0.2857142857142857,1.5246666666666666,0.0
0.1111111111111111,0.5533333333333333,0.5666666666666667,0.3333333333333333,2.2,0.0
0.125,0.5383333333333333,0.5666666666666667,0.25,1.8953333333333333,0.0
0.1111111111111111,0.5533333333333333,0.5333333333333333,0.4444444444444444,2.0193333333333334,0.0
0.08333333333333333,0.5,0.53,0.4166666666666667,2.3793333333333333,0.0
0.125,0.5383333333333333,0.52,0.375,1.7146666666666666,0.0
0.1,0.5516666666666666,0.5333333333333333,0.5,2.211333333333333,0.0
0.1111111111111111,0.5366666666666667,0.5133333333333333,0.4444444444444444,1.9066666666666667,0.0
0.1,0.5516666666666666,0.5333333333333333,0.3,2.3,0.0
0.1111111111111111,0.5366666666666667,0.5399999999999999,0.2222222222222222,1.9953333333333334,0.0
0.1,0.5516666666666666,0.5333333333333333,0.4,2.3253333333333335,0.0
0.1111111111111111,0.5366666666666667,0.5133333333333333,0.3333333333333333,2.0206666666666666,0.0
0.125,0.5549999999999999,0.5333333333333333,0.375,1.9573333333333334,0.0
0.14285714285714285,0.5399999999999999,0.5466666666666666,0.2857142857142857,1.6526666666666667,0.0
0.3333333333333333,0.5466666666666666,0.46,0.3333333333333333,0.7606666666666667,0.0
0.1,0.5516666666666666,0.5366666666666667,0.4,2.3373333333333335,0.0
0.1,0.5683333333333334,0.43666666666666665,0.6,1.7973333333333332,0.0
0.0625,0.5,0.5166666666666667,0.3125,2.804,0.04068888888888889
0.1,0.44499999999999995,0.43666666666666665,0.3,1.516,0.0
0.14285714285714285,0.55,0.58,0.42857142857142855,1.522,0.0
0.1,0.5850000000000001,0.5666666666666667,0.3,2.4926666666666666,0.04923100000000001
0.09090909090909091,0.55,0.5333333333333333,0.36363636363636365,2.2693333333333334,0.0
0.1111111111111111,0.5566666666666666,0.5333333333333333,0.2222222222222222,1.8773333333333333,0.0
0.1,0.5533333333333333,0.5399999999999999,0.2,2.1326666666666667,0.0
0.14285714285714285,0.56,0.5666666666666667,0.42857142857142855,1.49,0.0
0.07692307692307693,0.5133333333333333,0.5666666666666667,0.38461538461538464,2.6013333333333333,0.006753185185185187
0.14285714285714285,0.5233333333333333,0.58,0.2857142857142857,1.68,0.0
0.06666666666666667,0.56,0.4533333333333333,0.4,2.704,0.010814222222222223
0.07692307692307693,0.58,0.5666666666666667,0.6153846153846154,2.9406666666666665,0.0
0.5,0.3733333333333333,0.39333333333333337,0.0,0.28933333333333333,0.0
0.07692307692307693,0.53,0.5933333333333334,0.38461538461538464,2.758,0.0
0.2,0.5266666666666667,0.5666666666666667,0.4,1.2926666666666666,0.0
0.2,0.4033333333333333,0.5399999999999999,0.2,0.9186666666666666,0.0
0.09090909090909091,0.5833333333333334,0.5333333333333333,0.36363636363636365,2.526666666666667,0.011640740740740743
0.08333333333333333,0.5333333333333333,0.56,0.4166666666666667,2.4393333333333334,0.0
0.125,0.49333333333333335,0.5066666666666666,0.25,1.5053333333333334,0.0
0.09090909090909091,0.5166666666666667,0.5666666666666667,0.36363636363636365,2.236,0.0
0.08333333333333333,0.5133333333333333,0.5966666666666666,0.16666666666666666,2.6173333333333333,0.062832
0.1,0.5850000000000001,0.5700000000000001,0.4,2.288,0.0
0.1111111111111111,0.49,0.5733333333333334,0.0,1.8586666666666667,0.0
0.1,0.5533333333333333,0.5333333333333333,0.3,2.0473333333333334,0.0
0.1111111111111111,0.5233333333333333,0.5733333333333334,0.2222222222222222,1.836,0.0
0.14285714285714285,0.4900000000000001,0.58,0.2857142857142857,1.3653333333333333,0.0
0.125,0.5216666666666667,0.5766666666666667,0.25,1.848,0.0
0.14285714285714285,0.5433333333333333,0.5333333333333333,0.42857142857142855,1.5566666666666666,0.0
0.16666666666666666,0.5333333333333333,0.5333333333333333,0.3333333333333333,1.314,0.0
0.09090909090909091,0.5166666666666667,0.5666666666666667,0.18181818181818182,2.3226666666666667,0.01321518518518519
0.07692307692307693,0.51,0.5666666666666667,0.15384615384615385,2.736666666666667,0.09470133333333335
0.08333333333333333,0.5466666666666666,0.53,0.25,2.56,0.05862696296296297
0.09090909090909091,0.5166666666666667,0.5666666666666667,0.36363636363636365,2.453333333333333,0.000975925925925938
0.14285714285714285,0.56,0.58,0.42857142857142855,1.5953333333333333,0.0
0.1,0.5233333333333333,0.5700000000000001,0.3,2.501333333333333,0.0666842962962963
0.1111111111111111,0.53,0.5399999999999999,0.4444444444444444,1.922,0.0
0.14285714285714285,0.53,0.58,0.14285714285714285,1.4973333333333334,0.0
0.1,0.5533333333333333,0.5366666666666667,0.3,2.1033333333333335,0.0
0.09090909090909091,0.43333333333333335,0.43333333333333335,0.2727272727272727,1.6373333333333333,0.0
0.07692307692307693,0.4733333333333334,0.43333333333333335,0.23076923076923078,2.0193333333333334,0.0
0.1,0.4883333333333333,0.51,0.2,1.794,0.0
0.1111111111111111,0.43,0.5733333333333334,0.0,1.782,0.0
0.1111111111111111,0.5466666666666666,0.5733333333333334,0.4444444444444444,1.9606666666666666,0.0
0.08333333333333333,0.5816666666666667,0.5666666666666667,0.5,2.7426666666666666,0.02079781481481482
0.09090909090909091,0.55,0.5666666666666667,0.2727272727272727,2.79,0.09501555555555556
0.3333333333333333,0.5433333333333333,0.5333333333333333,0.3333333333333333,0.6593333333333333,0.0
0.07692307692307693,0.53,0.5666666666666667,0.38461538461538464,2.706,0.0
0.1,0.5549999999999999,0.6,0.1,2.5813333333333333,0.07689833333333333
0.0625,0.5583333333333333,0.5,0.4375,2.8493333333333335,0.01326351851851852
0.16666666666666666,0.5666666666666667,0.5,0.3333333333333333,1.4113333333333333,0.0
0.07692307692307693,0.5733333333333335,0.5666666666666667,0.46153846153846156,2.8953333333333333,0.019493333333333338
0.125,0.56,0.5333333333333333,0.25,1.738,0.0
0.1111111111111111,0.56,0.5733333333333334,0.1111111111111111,1.926,0.0
0.08333333333333333,0.5816666666666667,0.53,0.5,2.744666666666667,0.055620259259259265
0.08333333333333333,0.5316666666666666,0.5666666666666667,0.16666666666666666,2.7173333333333334,0.10799922222222222
0.09090909090909091,0.55,0.5333333333333333,0.2727272727272727,2.5406666666666666,0.0685788888888889
0.07692307692307693,0.53,0.5666666666666667,0.38461538461538464,2.756,0.0
0.06666666666666667,0.56,0.4533333333333333,0.4666666666666667,2.6193333333333335,0.0
0.125,0.5216666666666667,0.5766666666666667,0.5,1.6826666666666668,0.0
0.0625,0.5583333333333333,0.45,0.5,2.8613333333333335,0.0
0.1111111111111111,0.5566666666666666,0.5,0.4444444444444444,2.025333333333333,0.0
0.1,0.5183333333333333,0.5700000000000001,0.3,2.275333333333333,0.009779222222222224
0.125,0.495,0.5766666666666667,0.25,1.698,0.0
0.1111111111111111,0.56,0.5733333333333334,0.3333333333333333,1.972,0.0
0.1,0.5233333333333333,0.5700000000000001,0.1,2.262,0.02748081481481482
0.125,0.5216666666666667,0.5766666666666667,0.375,1.9486666666666668,0.0
0.125,0.5216666666666667,0.5433333333333333,0.125,1.77,0.0
0.07692307692307693,0.5633333333333332,0.5666666666666667,0.46153846153846156,2.742,0.05222725925925926
0.08333333333333333,0.5816666666666667,0.4633333333333333,0.5833333333333334,2.3173333333333335,0.0
0.2,0.58,0.5666666666666667,0.4,1.2793333333333334,0.0
0.08333333333333333,0.565,0.43333333333333335,0.5,2.104,0.0
0.1,0.5333333333333333,0.5700000000000001,0.3,2.6073333333333335,0.08717037037037037
0.1111111111111111,0.5566666666666666,0.5399999999999999,0.3333333333333333,2.3386666666666667,0.03295466666666667
0.1111111111111111,0.5333333333333333,0.5733333333333334,0.4444444444444444,1.7846666666666666,0.0
0.1,0.5399999999999999,0.5700000000000001,0.4,2.449333333333333,0.0
0.06666666666666667,0.56,0.43333333333333335,0.4,2.5893333333333333,0.0
0.16666666666666666,0.55,0.48333333333333334,0.3333333333333333,1.2506666666666666,0.0
0.1111111111111111,0.5700000000000001,0.5333333333333333,0.5555555555555556,1.9813333333333334,0.0
0.1111111111111111,0.5566666666666666,0.5,0.2222222222222222,1.9646666666666666,0.0
0.25,0.58,0.5666666666666667,0.5,1.3353333333333333,0.0
0.14285714285714285,0.55,0.58,0.42857142857142855,1.5493333333333332,0.0
0.07142857142857142,0.5616666666666668,0.43333333333333335,0.42857142857142855,2.3753333333333333,0.0
0.07692307692307693,0.53,0.5666666666666667,0.23076923076923078,2.876,0.12279511111111112
0.09090909090909091,0.5666666666666667,0.43333333333333335,0.5454545454545454,1.9646666666666666,0.0
0.08333333333333333,0.5316666666666666,0.5666666666666667,0.5,2.465333333333333,0.0
0.08333333333333333,0.5316666666666666,0.5666666666666667,0.5,2.512,0.0
0.09090909090909091,0.5333333333333333,0.5666666666666667,0.2727272727272727,2.3813333333333335,0.020942222222222223
0.07692307692307693,0.56,0.5666666666666667,0.38461538461538464,2.921333333333333,0.09747733333333335
0.07142857142857142,0.5783333333333334,0.4566666666666667,0.5,2.662,0.0
0.16666666666666666,0.475,0.5833333333333334,0.0,1.2286666666666666,0.0
0.16666666666666666,0.575,0.5833333333333334,0.16666666666666666,1.4973333333333334,0.0
0.2,0.5133333333333333,0.5866666666666667,0.2,1.1026666666666667,0.0
0.07692307692307693,0.53,0.5666666666666667,0.3076923076923077,2.864,0.11052266666666669
0.1,0.5549999999999999,0.5700000000000001,0.3,2.3173333333333335,0.0
0.09090909090909091,0.5333333333333333,0.5666666666666667,0.36363636363636365,2.526666666666667,0.041920000000000006
0.125,0.5533333333333333,0.5666666666666667,0.625,1.808,0.0
0.09090909090909091,0.55,0.5333333333333333,0.2727272727272727,2.4013333333333335,0.027744444444444454
0.5,0.35333333333333333,0.5866666666666667,0.0,0.39466666666666667,0.0
0.125,0.5366666666666667,0.5333333333333333,0.375,1.678,0.0
0.1111111111111111,0.56,0.5733333333333334,0.1111111111111111,2.0006666666666666,0.0
0.14285714285714285,0.5700000000000001,0.5666666666666667,0.2857142857142857,1.6766666666666667,0.0
0.09090909090909091,0.5333333333333333,0.5666666666666667,0.5454545454545454,2.4033333333333333,0.0
0.09090909090909091,0.55,0.5333333333333333,0.18181818181818182,2.2933333333333334,0.0
0.07142857142857142,0.5616666666666668,0.5133333333333334,0.5,2.56,0.0
0.1111111111111111,0.53,0.5333333333333333,0.3333333333333333,1.846,0.0
0.08333333333333333,0.5816666666666667,0.4633333333333333,0.5833333333333334,2.3726666666666665,0.0
0.14285714285714285,0.39666666666666667,0.5266666666666667,0.14285714285714285,1.208,0.0
0.1111111111111111,0.5466666666666666,0.5733333333333334,0.3333333333333333,1.8846666666666667,0.0
0.125,0.56,0.5,0.375,1.674,0.0
0.1,0.5533333333333333,0.5333333333333333,0.3,2.0006666666666666,0.0
0.09090909090909091,0.5833333333333334,0.4666666666666667,0.6363636363636364,2.2053333333333334,0.0
0.07692307692307693,0.5633333333333332,0.52,0.5384615384615384,2.724666666666667,0.01629911111111111
0.1111111111111111,0.52,0.5733333333333334,0.3333333333333333,1.9893333333333334,0.0
0.07692307692307693,0.5633333333333332,0.43333333333333335,0.38461538461538464,2.478666666666667,0.0
0.125,0.45666666666666667,0.5766666666666667,0.125,1.594,0.0
0.1,0.5183333333333333,0.5700000000000001,0.2,2.2013333333333334,0.0
0.125,0.49333333333333335,0.5766666666666667,0.0,1.7086666666666666,0.0
0.14285714285714285,0.5700000000000001,0.58,0.14285714285714285,1.5526666666666666,0.0
0.14285714285714285,0.5700000000000001,0.5666666666666667,0.14285714285714285,1.6346666666666667,0.0
0.14285714285714285,0.5700000000000001,0.5666666666666667,0.42857142857142855,1.6886666666666668,0.0
0.14285714285714285,0.5233333333333333,0.5666666666666667,0.42857142857142855,1.602,0.0
0.1111111111111111,0.49,0.5733333333333334,0.1111111111111111,1.9346666666666668,0.0
0.125,0.43666666666666665,0.52,0.125,1.422,0.0
0.09090909090909091,0.55,0.5333333333333333,0.2727272727272727,2.6653333333333333,0.0907988888888889
0.09090909090909091,0.5166666666666667,0.6,0.36363636363636365,2.6273333333333335,0.048486296296296305
0.1,0.535,0.5700000000000001,0.4,2.1326666666666667,0.0
0.125,0.5416666666666666,0.5766666666666667,0.5,1.7906666666666666,0.0
0.125,0.5266666666666667,0.5533333333333333,0.25,1.7086666666666666,0.0
0.1,0.5399999999999999,0.5700000000000001,0.5,2.2093333333333334,0.0
0.07142857142857142,0.545,0.5666666666666667,0.2857142857142857,3.296666666666667,0.22238422222222223
0.25,0.58,0.5466666666666666,0.75,1.022,0.0
0.25,0.4966666666666667,0.45666666666666667,0.5,0.7286666666666667,0.0
0.09090909090909091,0.5333333333333333,0.5666666666666667,0.45454545454545453,2.759333333333333,0.05534814814814815
0.14285714285714285,0.4966666666666667,0.44666666666666666,0.2857142857142857,1.232,0.0
0.06666666666666667,0.5166666666666667,0.5866666666666667,0.26666666666666666,3.252,0.15703222222222224
0.1111111111111111,0.5700000000000001,0.5333333333333333,0.6666666666666666,1.8406666666666667,0.0
0.07142857142857142,0.5400000000000001,0.4666666666666667,0.35714285714285715,2.477333333333333,0.0
0.125,0.4583333333333333,0.43333333333333335,0.25,1.2773333333333334,0.0
0.08333333333333333,0.5816666666666667,0.53,0.5,2.674,0.030401777777777788
0.125,0.5383333333333333,0.5433333333333333,0.25,1.9726666666666666,0.0
0.125,0.47,0.5533333333333333,0.375,1.5973333333333333,0.0
0.07692307692307693,0.53,0.56,0.38461538461538464,2.728,0.040539111111111116
0.1,0.5850000000000001,0.5666666666666667,0.6,2.3266666666666667,0.0
0.14285714285714285,0.5233333333333333,0.5666666666666667,0.2857142857142857,1.582,0.0
0.07142857142857142,0.5616666666666668,0.4666666666666667,0.42857142857142855,2.518,0.0
0.1,0.5183333333333333,0.5366666666666667,0.2,1.936,0.0
0.07142857142857142,0.4916666666666668,0.5566666666666668,0.2857142857142857,2.6106666666666665,0.03521425925925927
0.1111111111111111,0.5700000000000001,0.5133333333333333,0.5555555555555556,1.8546666666666667,0.0
0.1,0.5549999999999999,0.5700000000000001,0.3,2.29,0.0
0.16666666666666666,0.48333333333333334,0.48333333333333334,0.3333333333333333,1.1606666666666667,0.0
0.1111111111111111,0.52,0.5733333333333334,0.2222222222222222,2.062,0.0
0.0625,0.5583333333333333,0.43333333333333335,0.375,2.7573333333333334,0.0
0.09090909090909091,0.5166666666666667,0.5666666666666667,0.18181818181818182,2.3493333333333335,0.016935185185185195
0.14285714285714285,0.5033333333333334,0.46,0.2857142857142857,1.2386666666666666,0.0
0.08333333333333333,0.5483333333333333,0.53,0.4166666666666667,2.6206666666666667,0.05143366666666667
0.0625,0.5583333333333333,0.45,0.5,2.868,0.004181296296296306
0.1111111111111111,0.56,0.5733333333333334,0.1111111111111111,2.0866666666666664,0.0
0.0625,0.575,0.4666666666666667,0.4375,2.9466666666666668,0.03848666666666667
0.09090909090909091,0.55,0.5333333333333333,0.2727272727272727,2.296,0.0
0.08333333333333333,0.5316666666666666,0.5666666666666667,0.4166666666666667,2.492,0.0
0.1,0.5183333333333333,0.5666666666666667,0.3,2.1086666666666667,0.0
0.07692307692307693,0.51,0.5666666666666667,0.15384615384615385,2.64,0.067558
0.08333333333333333,0.5466666666666666,0.53,0.25,2.4633333333333334,0.029532148148148148
0.1,0.5549999999999999,0.5700000000000001,0.1,2.0933333333333333,0.0
0.09090909090909091,0.5166666666666667,0.5666666666666667,0.18181818181818182,2.3026666666666666,0.0013088888888888883
0.09090909090909091,0.5666666666666667,0.43333333333333335,0.45454545454545453,1.9446666666666668,0.0
0.1,0.5183333333333333,0.5666666666666667,0.3,2.1553333333333335,0.0
0.07142857142857142,0.5616666666666668,0.43333333333333335,0.42857142857142855,2.3933333333333335,0.0
0.06666666666666667,0.56,0.4533333333333333,0.4,2.788,0.021491555555555562
0.0625,0.5583333333333333,0.4666666666666667,0.375,2.8073333333333332,0.011687777777777778
0.08333333333333333,0.5133333333333333,0.5666666666666667,0.25,2.5486666666666666,0.0634251851851852
0.1111111111111111,0.56,0.5733333333333334,0.2222222222222222,2.002,0.0
0.07692307692307693,0.53,0.5666666666666667,0.23076923076923078,3.1106666666666665,0.17653711111111112
0.08333333333333333,0.5316666666666666,0.5666666666666667,0.25,2.703333333333333,0.052316
0.08333333333333333,0.5483333333333333,0.5333333333333333,0.4166666666666667,2.687333333333333,0.07133207407407409
0.1,0.5183333333333333,0.5700000000000001,0.2,2.183333333333333,0.0
0.07142857142857142,0.5616666666666668,0.5666666666666667,0.42857142857142855,2.9093333333333335,0.08383811111111114
0.1111111111111111,0.49333333333333335,0.47333333333333333,0.3333333333333333,1.548,0.0
0.1,0.5683333333333334,0.44,0.5,1.9766666666666666,0.0
0.125,0.4983333333333333,0.4533333333333333,0.25,1.378,0.0
0.14285714285714285,0.5700000000000001,0.58,0.14285714285714285,2.026,0.0
0.1,0.5183333333333333,0.5700000000000001,0.2,2.1366666666666667,0.0
0.07692307692307693,0.5633333333333332,0.4266666666666667,0.46153846153846156,2.300666666666667,0.0
0.06666666666666667,0.5333333333333333,0.43333333333333335,0.3333333333333333,2.5593333333333335,0.0
0.14285714285714285,0.5700000000000001,0.5666666666666667,0.14285714285714285,1.5846666666666667,0.0
0.1111111111111111,0.52,0.5399999999999999,0.1111111111111111,1.984,0.0
0.1111111111111111,0.52,0.6,0.2222222222222222,2.074666666666667,0.0
0.09090909090909091,0.5333333333333333,0.5666666666666667,0.18181818181818182,2.512,0.07659851851851852
0.14285714285714285,0.53,0.5333333333333333,0.2857142857142857,1.4353333333333333,0.0
0.08333333333333333,0.5133333333333333,0.5666666666666667,0.16666666666666666,2.518666666666667,0.04723807407407407
0.1111111111111111,0.5466666666666666,0.5666666666666667,0.5555555555555556,1.9293333333333333,0.0
0.07142857142857142,0.5616666666666668,0.43333333333333335,0.5,2.558666666666667,0.0
0.1111111111111111,0.56,0.5733333333333334,0.3333333333333333,2.1113333333333335,0.0
0.1111111111111111,0.56,0.5733333333333334,0.2222222222222222,2.0926666666666667,0.0
0.125,0.5366666666666667,0.5333333333333333,0.375,1.696,0.0
0.1,0.5383333333333333,0.5700000000000001,0.3,2.3726666666666665,0.0334005925925926
0.14285714285714285,0.55,0.5333333333333333,0.42857142857142855,1.512,0.0
0.07692307692307693,0.53,0.4666666666666667,0.3076923076923077,2.208666666666667,0.0
0.1111111111111111,0.49333333333333335,0.44666666666666666,0.2222222222222222,1.528,0.0
0.08333333333333333,0.565,0.43333333333333335,0.4166666666666667,2.1306666666666665,0.0
0.14285714285714285,0.5233333333333333,0.5666666666666667,0.42857142857142855,1.5553333333333332,0.0
0.1,0.48666666666666664,0.5700000000000001,0.0,2.026,0.0
0.1,0.5399999999999999,0.5700000000000001,0.3,2.052,0.0
0.08333333333333333,0.565,0.43333333333333335,0.4166666666666667,2.066,0.0
0.125,0.4683333333333333,0.5766666666666667,0.125,1.538,0.0
0.125,0.5216666666666667,0.5433333333333333,0.25,1.79,0.0
0.07692307692307693,0.5633333333333332,0.46,0.38461538461538464,2.3393333333333333,0.0
0.07692307692307693,0.5566666666666668,0.43333333333333335,0.46153846153846156,2.324666666666667,0.0
0.07692307692307693,0.5066666666666667,0.5666666666666667,0.23076923076923078,2.4606666666666666,0.02589629629629631
0.1,0.5683333333333334,0.5700000000000001,0.5,2.418,0.0025132962962963086
0.08333333333333333,0.5633333333333332,0.5666666666666667,0.4166666666666667,2.8,0.07527385185185186
0.08333333333333333,0.43333333333333335,0.4666666666666667,0.25,1.9106666666666667,0.0
0.1,0.5850000000000001,0.5700000000000001,0.6,2.3333333333333335,0.0
0.1111111111111111,0.5866666666666667,0.5399999999999999,0.3333333333333333,2.146,0.0
0.08333333333333333,0.5816666666666667,0.43333333333333335,0.5,2.3526666666666665,0.0
0.09090909090909091,0.55,0.4666666666666667,0.36363636363636365,1.924,0.0
0.1111111111111111,0.5866666666666667,0.5733333333333334,0.4444444444444444,2.235333333333333,0.0
0.125,0.565,0.6,0.125,1.892,0.0
0.1111111111111111,0.5366666666666667,0.5733333333333334,0.2222222222222222,2.214,0.017972370370370378
0.1111111111111111,0.5566666666666666,0.5399999999999999,0.3333333333333333,2.0906666666666665,0.0
0.14285714285714285,0.47000000000000003,0.58,0.14285714285714285,1.392,0.0
0.125,0.5533333333333333,0.5766666666666667,0.375,1.7833333333333334,0.0
0.1,0.5549999999999999,0.5666666666666667,0.5,2.342,0.0
0.16666666666666666,0.525,0.5666666666666667,0.3333333333333333,1.414,0.0
0.16666666666666666,0.525,0.5666666666666667,0.3333333333333333,1.432,0.0
0.1111111111111111,0.56,0.5733333333333334,0.1111111111111111,2.050666666666667,0.0
0.125,0.4483333333333333,0.5766666666666667,0.125,1.656,0.0
0.14285714285714285,0.5233333333333333,0.58,0.2857142857142857,1.6873333333333334,0.0
0.16666666666666666,0.575,0.5666666666666667,0.3333333333333333,1.4466666666666668,0.0
0.1,0.5383333333333333,0.5366666666666667,0.5,2.2373333333333334,0.0
0.1111111111111111,0.56,0.5733333333333334,0.3333333333333333,2.178,0.0
0.1,0.5399999999999999,0.5666666666666667,0.6,2.070666666666667,0.0
0.1,0.5233333333333333,0.5333333333333333,0.5,2.164,0.0
0.07692307692307693,0.5633333333333332,0.46,0.6153846153846154,2.4046666666666665,0.0
0.1111111111111111,0.5466666666666666,0.5733333333333334,0.4444444444444444,1.9046666666666667,0.0
0.1,0.5399999999999999,0.5700000000000001,0.3,2.1486666666666667,0.0
0.14285714285714285,0.5433333333333333,0.58,0.2857142857142857,1.906,0.0
0.25,0.5166666666666667,0.59,0.25,1.2133333333333334,0.0
0.08333333333333333,0.5466666666666666,0.5666666666666667,0.16666666666666666,2.8593333333333333,0.1599668148148148
0.1,0.5233333333333333,0.5700000000000001,0.2,2.4093333333333335,0.053182296296296304
0.09090909090909091,0.48333333333333334,0.43333333333333335,0.2727272727272727,1.7906666666666666,0.0
0.09090909090909091,0.5666666666666667,0.5666666666666667,0.36363636363636365,2.505333333333333,0.02328370370370371
0.1111111111111111,0.5233333333333333,0.6,0.0,2.1733333333333333,0.008454740740740744
0.16666666666666666,0.49166666666666664,0.6,0.0,1.5,0.0
0.2,0.5733333333333334,0.5399999999999999,0.6,1.1613333333333333,0.0
0.1,0.48666666666666664,0.6,0.0,2.1246666666666667,0.0
0.1,0.4883333333333333,0.5,0.2,1.792,0.0
0.09090909090909091,0.5166666666666667,0.5666666666666667,0.18181818181818182,2.740666666666667,0.1260437037037037
0.1111111111111111,0.5466666666666666,0.5133333333333333,0.3333333333333333,1.7586666666666666,0.0
0.125,0.5533333333333333,0.5666666666666667,0.625,1.8146666666666667,0.0
0.0625,0.55,0.48333333333333334,0.3125,2.9273333333333333,0.09156888888888891
0.05263157894736842,0.5700000000000001,0.5066666666666666,0.42105263157894735,3.7026666666666666,0.21120400000000006
0.07692307692307693,0.55,0.56,0.15384615384615385,2.8273333333333333,0.11270111111111113
0.125,0.5533333333333333,0.5766666666666667,0.5,1.864,0.0
0.06666666666666667,0.5766666666666667,0.5266666666666666,0.4666666666666667,3.046,0.06368962962962964
0.125,0.5883333333333333,0.5666666666666667,0.625,2.017333333333333,0.0
0.09090909090909091,0.5833333333333334,0.4666666666666667,0.5454545454545454,2.222,0.0
0.1111111111111111,0.4633333333333333,0.49333333333333335,0.3333333333333333,1.554,0.0
0.1,0.45666666666666667,0.43666666666666665,0.3,1.616,0.0
0.05555555555555555,0.5216666666666667,0.52,0.3888888888888889,3.1986666666666665,0.07165381481481482
0.125,0.445,0.5766666666666667,0.0,1.6426666666666667,0.0
0.2,0.5666666666666667,0.5266666666666667,0.6,1.1546666666666667,0.0
0.08333333333333333,0.5483333333333333,0.5666666666666667,0.4166666666666667,2.764,0.03017051851851852
0.08333333333333333,0.5466666666666666,0.5666666666666667,0.25,2.9513333333333334,0.1740708148148148
0.0625,0.5583333333333333,0.5666666666666667,0.375,3.1986666666666665,0.1295953703703704
0.09090909090909091,0.5166666666666667,0.5666666666666667,0.18181818181818182,2.7906666666666666,0.13791555555555557
0.09090909090909091,0.5333333333333333,0.5666666666666667,0.45454545454545453,2.324,0.0
0.09090909090909091,0.5333333333333333,0.5666666666666667,0.36363636363636365,2.46,0.022565925925925937
0.14285714285714285,0.4966666666666667,0.58,0.0,1.5693333333333332,0.0
0.07692307692307693,0.51,0.5666666666666667,0.23076923076923078,2.7786666666666666,0.09614066666666668
0.1,0.5549999999999999,0.5700000000000001,0.2,2.232,0.0
0.09090909090909091,0.5166666666666667,0.5666666666666667,0.2727272727272727,2.441333333333333,0.03026518518518519
0.1,0.535,0.5666666666666667,0.2,2.296,0.02896133333333334
0.08333333333333333,0.5483333333333333,0.5666666666666667,0.4166666666666667,2.6526666666666667,0.0
0.09090909090909091,0.5333333333333333,0.5666666666666667,0.2727272727272727,2.538666666666667,0.05426962962962964
0.09090909090909091,0.5166666666666667,0.5666666666666667,0.2727272727272727,2.452,0.04268814814814816
0.07142857142857142,0.5616666666666668,0.43333333333333335,0.5,2.522666666666667,0.0
0.125,0.565,0.5766666666666667,0.25,1.9053333333333333,0.0
0.1111111111111111,0.52,0.5666666666666667,0.3333333333333333,2.1146666666666665,0.0
0.09090909090909091,0.5333333333333333,0.5666666666666667,0.5454545454545454,2.4713333333333334,0.0
0.08333333333333333,0.5133333333333333,0.5666666666666667,0.16666666666666666,2.4726666666666666,0.038967703703703706
0.09090909090909091,0.5666666666666667,0.43333333333333335,0.45454545454545453,1.9913333333333334,0.0
0.1111111111111111,0.56,0.5733333333333334,0.2222222222222222,1.8993333333333333,0.0
0.09090909090909091,0.55,0.5333333333333333,0.36363636363636365,2.316,0.011513333333333334
0.1111111111111111,0.56,0.5733333333333334,0.2222222222222222,1.946,0.0
0.08333333333333333,0.5583333333333333,0.43333333333333335,0.4166666666666667,2.056,0.0
0.1,0.5850000000000001,0.5700000000000001,0.4,2.3746666666666667,0.0
0.09090909090909091,0.5666666666666667,0.5666666666666667,0.45454545454545453,2.584,0.025008888888888903
0.1,0.5850000000000001,0.5366666666666667,0.4,2.4146666666666667,0.02165800000000001
0.1,0.535,0.5666666666666667,0.2,2.38,0.03916200000000001
0.08333333333333333,0.5483333333333333,0.5666666666666667,0.4166666666666667,2.736666666666667,0.0029853703703703713
0.07692307692307693,0.51,0.5933333333333334,0.15384615384615385,2.7386666666666666,0.08305066666666668
0.25,0.5850000000000001,0.5666666666666667,0.25,1.0813333333333333,0.0
0.09090909090909091,0.5166666666666667,0.5666666666666667,0.18181818181818182,2.4013333333333335,0.017004074074074078
0.1,0.5549999999999999,0.5700000000000001,0.1,2.19,0.0
0.16666666666666666,0.525,0.55,0.16666666666666666,1.4806666666666666,0.0
0.09090909090909091,0.55,0.5333333333333333,0.36363636363636365,2.372,0.024811111111111124
0.1,0.5549999999999999,0.5700000000000001,0.2,2.564,0.04150166666666666
0.1111111111111111,0.6,0.5733333333333334,0.2222222222222222,2.1566666666666667,0.0
0.1,0.5399999999999999,0.5666666666666667,0.3,2.366,0.0
0.0625,0.5583333333333333,0.48333333333333334,0.5,2.9346666666666668,0.024442592592592592
0.08333333333333333,0.5133333333333333,0.5966666666666666,0.16666666666666666,2.578,0.06616296296296297
0.06666666666666667,0.56,0.4666666666666667,0.4,2.6486666666666667,0.0
0.1,0.5183333333333333,0.5700000000000001,0.2,2.240666666666667,0.0
0.1111111111111111,0.5566666666666666,0.5333333333333333,0.3333333333333333,2.006666666666667,0.0
0.06666666666666667,0.5466666666666666,0.5666666666666667,0.3333333333333333,3.0006666666666666,0.1016314074074074
0.125,0.5533333333333333,0.52,0.375,1.6466666666666667,0.0
0.1111111111111111,0.5366666666666667,0.5133333333333333,0.2222222222222222,1.7726666666666666,0.0
0.1111111111111111,0.52,0.5733333333333334,0.1111111111111111,2.425333333333333,0.07095111111111112
0.1111111111111111,0.5566666666666666,0.5,0.2222222222222222,1.9146666666666667,0.0
0.07142857142857142,0.5616666666666668,0.43333333333333335,0.35714285714285715,2.448,0.0
0.09090909090909091,0.5166666666666667,0.5666666666666667,0.36363636363636365,2.186,0.0
0.09090909090909091,0.5333333333333333,0.5666666666666667,0.18181818181818182,2.596,0.0867674074074074
0.14285714285714285,0.5233333333333333,0.5466666666666666,0.14285714285714285,1.602,0.0
0.1111111111111111,0.52,0.5733333333333334,0.4444444444444444,1.804,0.0
0.09090909090909091,0.55,0.5333333333333333,0.36363636363636365,2.352,0.002334444444444457
0.1111111111111111,0.49,0.5733333333333334,0.1111111111111111,1.832,0.0
0.125,0.5266666666666667,0.5766666666666667,0.125,1.7673333333333334,0.0
0.07692307692307693,0.5166666666666667,0.46,0.38461538461538464,2.13,0.0
0.1111111111111111,0.5233333333333333,0.5733333333333334,0.0,2.1033333333333335,0.012536740740740744
0.14285714285714285,0.5700000000000001,0.5666666666666667,0.42857142857142855,1.6953333333333334,0.0
0.1,0.5183333333333333,0.5700000000000001,0.2,2.25,0.015215962962962975
0.1111111111111111,0.49,0.6,0.0,1.964,0.0
0.1,0.4883333333333333,0.5333333333333333,0.3,1.834,0.0
0.1111111111111111,0.5566666666666666,0.5,0.2222222222222222,1.868,0.0
0.1111111111111111,0.47000000000000003,0.5733333333333334,0.1111111111111111,1.824,0.0
0.125,0.56,0.52,0.25,1.9453333333333334,0.0
0.09090909090909091,0.55,0.5333333333333333,0.18181818181818182,2.2413333333333334,0.0
0.1,0.5183333333333333,0.5700000000000001,0.3,2.3306666666666667,0.02186214814814815
0.09090909090909091,0.5666666666666667,0.43333333333333335,0.6363636363636364,2.066,0.0
0.09090909090909091,0.5833333333333334,0.5333333333333333,0.45454545454545453,2.476,0.003538888888888888
0.09090909090909091,0.55,0.5333333333333333,0.18181818181818182,2.291333333333333,0.009728888888888891
0.1111111111111111,0.52,0.5733333333333334,0.5555555555555556,1.9513333333333334,0.0
0.09090909090909091,0.55,0.5333333333333333,0.36363636363636365,2.3453333333333335,0.0
0.1,0.5383333333333333,0.5,0.3,1.9313333333333333,0.0
0.1111111111111111,0.5366666666666667,0.5333333333333333,0.4444444444444444,1.928,0.0
0.07142857142857142,0.5783333333333334,0.4566666666666667,0.42857142857142855,2.6373333333333333,0.0
0.14285714285714285,0.5700000000000001,0.5466666666666666,0.42857142857142855,1.722,0.0
0.1111111111111111,0.5566666666666666,0.5733333333333334,0.1111111111111111,1.9213333333333333,0.0
0.1111111111111111,0.5233333333333333,0.5333333333333333,0.2222222222222222,1.8673333333333333,0.0
0.1111111111111111,0.5366666666666667,0.5399999999999999,0.3333333333333333,2.2413333333333334,0.008598592592592606
0.1111111111111111,0.52,0.5733333333333334,0.2222222222222222,1.9693333333333334,0.0
0.09090909090909091,0.5166666666666667,0.5666666666666667,0.18181818181818182,2.3513333333333333,0.01832444444444445
0.07692307692307693,0.5633333333333332,0.46,0.46153846153846156,2.4146666666666667,0.0
0.1,0.5533333333333333,0.5333333333333333,0.2,2.0273333333333334,0.0
0.07142857142857142,0.5783333333333334,0.4666666666666667,0.5,2.6573333333333333,0.0
0.1,0.5183333333333333,0.5700000000000001,0.4,1.972,0.0
0.07142857142857142,0.5616666666666668,0.4566666666666667,0.5714285714285714,2.572,0.0
0.07142857142857142,0.5616666666666668,0.5133333333333334,0.42857142857142855,2.9186666666666667,0.0537951851851852
0.14285714285714285,0.4166666666666667,0.5266666666666667,0.2857142857142857,1.1813333333333333,0.0
0.08333333333333333,0.565,0.4633333333333333,0.5,2.3313333333333333,0.0
0.125,0.48333333333333334,0.5766666666666667,0.125,1.5593333333333332,0.0
0.09090909090909091,0.5166666666666667,0.5666666666666667,0.36363636363636365,2.1393333333333335,0.0
0.07142857142857142,0.5616666666666668,0.4566666666666667,0.35714285714285715,2.506,0.0
0.07142857142857142,0.5416666666666667,0.4566666666666667,0.42857142857142855,2.421333333333333,0.0
0.07142857142857142,0.5783333333333334,0.4566666666666667,0.42857142857142855,2.576,0.0
0.06666666666666667,0.5466666666666666,0.4533333333333333,0.4666666666666667,2.6633333333333336,0.0
0.125,0.565,0.5766666666666667,0.5,1.7933333333333332,0.0
0.14285714285714285,0.59,0.5666666666666667,0.5714285714285714,1.8193333333333332,0.0
0.1111111111111111,0.5366666666666667,0.5733333333333334,0.2222222222222222,1.9093333333333333,0.0
0.125,0.565,0.5766666666666667,0.25,1.76,0.0
0.09090909090909091,0.5666666666666667,0.43333333333333335,0.5454545454545454,1.9366666666666668,0.0
0.125,0.565,0.5766666666666667,0.25,1.8066666666666666,0.0
0.14285714285714285,0.5700000000000001,0.58,0.2857142857142857,1.6953333333333334,0.0
0.125,0.565,0.5766666666666667,0.25,1.8626666666666667,0.0
0.14285714285714285,0.5233333333333333,0.5466666666666666,0.14285714285714285,1.62,0.0
0.1,0.5533333333333333,0.5366666666666667,0.2,2.272,0.019440444444444455
0.125,0.55,0.5433333333333333,0.25,1.848,0.0
0.07692307692307693,0.5633333333333332,0.46,0.46153846153846156,2.498666666666667,0.0
0.14285714285714285,0.47000000000000003,0.5666666666666667,0.14285714285714285,1.4526666666666668,0.0
0.1,0.5183333333333333,0.6,0.2,2.235333333333333,0.0
0.1111111111111111,0.5233333333333333,0.5466666666666666,0.2222222222222222,1.8693333333333333,0.0
0.16666666666666666,0.575,0.5666666666666667,0.3333333333333333,1.3906666666666667,0.0
0.06666666666666667,0.5333333333333333,0.4533333333333333,0.3333333333333333,2.6113333333333335,0.0
0.14285714285714285,0.5700000000000001,0.5666666666666667,0.2857142857142857,2.0086666666666666,0.0
0.09090909090909091,0.5166666666666667,0.6,0.36363636363636365,2.238,0.0
0.08333333333333333,0.5133333333333333,0.5666666666666667,0.16666666666666666,2.6153333333333335,0.07455881481481481
0.14285714285714285,0.5399999999999999,0.5666666666666667,0.2857142857142857,1.7426666666666666,0.0
0.16666666666666666,0.525,0.5666666666666667,0.5,1.5613333333333332,0.0
0.07142857142857142,0.5616666666666668,0.4666666666666667,0.35714285714285715,2.5446666666666666,0.0
0.16666666666666666,0.5666666666666667,0.5666666666666667,0.5,1.7006666666666668,0.0
0.14285714285714285,0.5399999999999999,0.5666666666666667,0.2857142857142857,1.8266666666666667,0.0
0.09090909090909091,0.5166666666666667,0.5666666666666667,0.2727272727272727,2.4273333333333333,0.04294074074074075
0.1111111111111111,0.5333333333333333,0.5399999999999999,0.3333333333333333,2.0946666666666665,0.0
0.07692307692307693,0.5633333333333332,0.46,0.46153846153846156,2.3566666666666665,0.0
0.08333333333333333,0.565,0.4633333333333333,0.5833333333333334,2.1626666666666665,0.0
0.1111111111111111,0.52,0.5399999999999999,0.3333333333333333,2.088,0.0
0.16666666666666666,0.4,0.5333333333333333,0.16666666666666666,1.04,0.0
0.125,0.475,0.52,0.375,1.5326666666666666,0.0
0.1,0.5183333333333333,0.5700000000000001,0.1,2.4966666666666666,0.07977725925925926
0.14285714285714285,0.47000000000000003,0.5266666666666667,0.14285714285714285,1.3686666666666667,0.0
0.07142857142857142,0.5616666666666668,0.5133333333333334,0.5,2.892,0.04801625925925928
0.06666666666666667,0.5533333333333333,0.5066666666666666,0.4,2.9833333333333334,0.06758044444444446
0.1111111111111111,0.5366666666666667,0.5733333333333334,0.1111111111111111,2.156,0.0
0.16666666666666666,0.4,0.5333333333333333,0.16666666666666666,1.058,0.0
0.14285714285714285,0.4900000000000001,0.5666666666666667,0.2857142857142857,1.4386666666666668,0.0
0.07692307692307693,0.58,0.46,0.5384615384615384,2.4846666666666666,0.0
0.1,0.5183333333333333,0.5700000000000001,0.5,1.9453333333333334,0.0
0.125,0.5533333333333333,0.5666666666666667,0.25,2.0006666666666666,0.0
0.1,0.525,0.6,0.3,2.466666666666667,0.0
0.125,0.5416666666666666,0.5766666666666667,0.375,1.6433333333333333,0.0
0.1,0.525,0.5700000000000001,0.4,2.1173333333333333,0.0
0.1111111111111111,0.5366666666666667,0.5399999999999999,0.4444444444444444,1.9946666666666666,0.0
0.06666666666666667,0.5533333333333333,0.48666666666666664,0.4666666666666667,2.736666666666667,0.0
0.1111111111111111,0.5466666666666666,0.5666666666666667,0.6666666666666666,2.0766666666666667,0.0
0.1,0.5399999999999999,0.5666666666666667,0.5,2.0973333333333333,0.0
0.09090909090909091,0.5333333333333333,0.5666666666666667,0.45454545454545453,2.264666666666667,0.0
0.1111111111111111,0.6,0.5666666666666667,0.6666666666666666,2.216,0.0
0.09090909090909091,0.5333333333333333,0.5666666666666667,0.45454545454545453,2.3613333333333335,0.0
0.1111111111111111,0.5566666666666666,0.5,0.4444444444444444,2.018666666666667,0.0
0.1111111111111111,0.56,0.5733333333333334,0.3333333333333333,2.0453333333333332,0.0
0.07142857142857142,0.5616666666666668,0.4566666666666667,0.5,2.5986666666666665,0.0
0.07692307692307693,0.5033333333333334,0.46,0.38461538461538464,2.1233333333333335,0.0
0.14285714285714285,0.48333333333333334,0.5333333333333333,0.42857142857142855,1.3306666666666667,0.0
0.1111111111111111,0.53,0.5733333333333334,0.1111111111111111,2.1406666666666667,0.006395333333333335
0.09090909090909091,0.45,0.43333333333333335,0.2727272727272727,1.744,0.0
0.05555555555555555,0.5549999999999999,0.5666666666666667,0.3333333333333333,3.534,0.1994423333333333
0.2,0.5,0.46,0.4,0.9033333333333333,0.0
0.125,0.5266666666666667,0.6,0.0,2.034,0.0
0.07692307692307693,0.51,0.5933333333333334,0.0,2.798,0.11538466666666668
0.08333333333333333,0.5166666666666667,0.5666666666666667,0.16666666666666666,2.862,0.14694000000000002
0.07142857142857142,0.5166666666666667,0.5900000000000001,0.2857142857142857,3.1306666666666665,0.13613592592592594
0.125,0.5366666666666667,0.4766666666666667,0.375,1.5133333333333334,0.0
0.125,0.5716666666666667,0.5333333333333333,0.5,1.7833333333333334,0.0
0.058823529411764705,0.5566666666666666,0.5133333333333333,0.47058823529411764,3.2786666666666666,0.12328311111111111
0.06666666666666667,0.56,0.52,0.4666666666666667,3.016,0.08339022222222223
0.14285714285714285,0.5033333333333334,0.48000000000000004,0.2857142857142857,1.2446666666666666,0.0
0.1111111111111111,0.5700000000000001,0.5333333333333333,0.5555555555555556,2.052,0.0
0.08333333333333333,0.5466666666666666,0.5633333333333332,0.16666666666666666,2.542666666666667,0.04830103703703704
0.09090909090909091,0.55,0.5666666666666667,0.18181818181818182,2.4033333333333333,0.030714444444444447
0.125,0.5216666666666667,0.5666666666666667,0.375,1.888,0.0
0.1111111111111111,0.53,0.5133333333333333,0.3333333333333333,1.88,0.0
0.09090909090909091,0.5833333333333334,0.5666666666666667,0.45454545454545453,2.612,0.023320370370370373
0.1111111111111111,0.5866666666666667,0.5666666666666667,0.5555555555555556,2.162,0.0
0.2,0.5933333333333334,0.5399999999999999,0.4,1.2126666666666666,0.0
0.1,0.42999999999999994,0.5700000000000001,0.1,1.7806666666666666,0.0
0.09090909090909091,0.5833333333333334,0.4666666666666667,0.5454545454545454,2.2493333333333334,0.0
0.125,0.5883333333333333,0.49666666666666665,0.75,1.7926666666666666,0.0
0.16666666666666666,0.5916666666666667,0.48333333333333334,0.8333333333333334,1.4833333333333334,0.0
0.14285714285714285,0.5233333333333333,0.5466666666666666,0.2857142857142857,1.4793333333333334,0.0
0.1111111111111111,0.5700000000000001,0.47333333333333333,0.5555555555555556,1.7986666666666666,0.0
0.14285714285714285,0.5733333333333334,0.48000000000000004,0.5714285714285714,1.4893333333333334,0.0
0.08333333333333333,0.515,0.56,0.4166666666666667,2.2346666666666666,0.0
0.06666666666666667,0.49,0.4666666666666667,0.3333333333333333,2.518,0.0
0.1111111111111111,0.56,0.5666666666666667,0.3333333333333333,2.374,0.01987377777777779
0.125,0.39333333333333337,0.5766666666666667,0.125,1.474,0.0
0.1111111111111111,0.5466666666666666,0.5733333333333334,0.5555555555555556,2.0906666666666665,0.0
0.09090909090909091,0.55,0.5666666666666667,0.2727272727272727,2.429333333333333,0.0
0.25,0.575,0.5366666666666667,0.75,1.0153333333333334,0.0
0.07692307692307693,0.5466666666666666,0.5933333333333334,0.23076923076923078,2.824,0.03770785185185185
0.08333333333333333,0.5333333333333333,0.5666666666666667,0.4166666666666667,2.888,0.06780444444444444
0.07692307692307693,0.53,0.5933333333333334,0.38461538461538464,3.1473333333333335,0.10556422222222223
0.08333333333333333,0.5466666666666666,0.53,0.25,2.51,0.04606577777777778
0.1,0.5549999999999999,0.5700000000000001,0.1,2.14,0.0
0.1,0.5533333333333333,0.5333333333333333,0.3,2.128,0.0
0.125,0.565,0.5766666666666667,0.125,1.758,0.0
0.07692307692307693,0.5333333333333333,0.5666666666666667,0.5384615384615384,2.816666666666667,0.0
0.07692307692307693,0.53,0.5666666666666667,0.46153846153846156,2.798,0.0
1.0,0.5166666666666667,0.43333333333333335,1.0,0.26866666666666666,0.0
0.07692307692307693,0.53,0.5666666666666667,0.38461538461538464,2.6593333333333335,0.0
0.08333333333333333,0.5133333333333333,0.5666666666666667,0.25,2.4926666666666666,0.05101392592592593
0.1,0.5533333333333333,0.5333333333333333,0.4,2.2046666666666668,0.0
0.125,0.565,0.5766666666666667,0.25,1.8346666666666667,0.0
0.1111111111111111,0.5366666666666667,0.5666666666666667,0.3333333333333333,2.044,0.0
0.09090909090909091,0.55,0.5666666666666667,0.5454545454545454,2.4006666666666665,0.0
0.3333333333333333,0.58,0.39333333333333337,1.0,0.738,0.0
0.09090909090909091,0.5333333333333333,0.5666666666666667,0.2727272727272727,2.5913333333333335,0.061582222222222226
0.09090909090909091,0.6,0.5666666666666667,0.5454545454545454,2.6106666666666665,0.0
0.1,0.5533333333333333,0.5333333333333333,0.3,2.146,0.0
0.09090909090909091,0.5333333333333333,0.5666666666666667,0.45454545454545453,2.342,0.0
0.08333333333333333,0.5466666666666666,0.5333333333333333,0.25,2.562,0.046138666666666675
0.0625,0.5583333333333333,0.45,0.375,2.8093333333333335,0.0
0.08333333333333333,0.5316666666666666,0.5666666666666667,0.5,2.568,0.0
0.0625,0.5583333333333333,0.5,0.4375,3.1813333333333333,0.09398611111111112
0.07692307692307693,0.5333333333333333,0.5666666666666667,0.46153846153846156,3.13,0.07221333333333334
0.06666666666666667,0.5766666666666667,0.4533333333333333,0.4666666666666667,2.774,0.0
0.07692307692307693,0.5166666666666667,0.5666666666666667,0.3076923076923077,2.7906666666666666,0.06810814814814815
0.08333333333333333,0.5466666666666666,0.53,0.4166666666666667,2.614,0.029179851851851863
0.14285714285714285,0.5700000000000001,0.58,0.14285714285714285,1.6366666666666667,0.0
0.09090909090909091,0.55,0.5666666666666667,0.18181818181818182,2.6826666666666665,0.12587666666666666
0.1,0.4883333333333333,0.44,0.2,1.6953333333333334,0.0
0.125,0.48166666666666663,0.5766666666666667,0.125,1.8633333333333333,0.0
0.1,0.5183333333333333,0.47,0.4,1.846,0.0
0.1,0.5383333333333333,0.5333333333333333,0.5,2.1706666666666665,0.0
0.07142857142857142,0.5616666666666668,0.4566666666666667,0.5714285714285714,2.578666666666667,0.0
0.1111111111111111,0.49,0.5733333333333334,0.1111111111111111,1.8786666666666667,0.0
0.1111111111111111,0.5333333333333333,0.5733333333333334,0.1111111111111111,2.0893333333333333,0.0
0.1111111111111111,0.5566666666666666,0.5333333333333333,0.2222222222222222,1.8593333333333333,0.0
0.08333333333333333,0.565,0.43333333333333335,0.5,2.086,0.0
0.08333333333333333,0.5316666666666666,0.5666666666666667,0.3333333333333333,2.7426666666666666,0.08936725925925926
0.09090909090909091,0.5166666666666667,0.6,0.18181818181818182,2.4566666666666666,0.045696296296296304
0.08333333333333333,0.5166666666666667,0.5666666666666667,0.3333333333333333,2.6693333333333333,0.047211851851851866
0.125,0.5533333333333333,0.5766666666666667,0.375,1.7166666666666666,0.0
0.1,0.5233333333333333,0.5333333333333333,0.3,2.06,0.0
0.1111111111111111,0.5466666666666666,0.5733333333333334,0.3333333333333333,2.2,0.0
0.08333333333333333,0.5133333333333333,0.5666666666666667,0.25,2.6573333333333333,0.07600755555555556
0.07142857142857142,0.5616666666666668,0.5033333333333334,0.42857142857142855,2.54,0.0
0.07692307692307693,0.45,0.52,0.3076923076923077,2.1113333333333335,0.0
0.125,0.56,0.52,0.375,1.7766666666666666,0.0
0.1111111111111111,0.53,0.5333333333333333,0.4444444444444444,1.8193333333333332,0.0
0.07692307692307693,0.5633333333333332,0.43333333333333335,0.38461538461538464,2.3946666666666667,0.0
0.125,0.55,0.5766666666666667,0.0,1.6786666666666668,0.0
0.1,0.5233333333333333,0.5333333333333333,0.3,2.11,0.0
0.1,0.5383333333333333,0.5366666666666667,0.4,2.484,0.034261925925925925
0.1111111111111111,0.5866666666666667,0.5399999999999999,0.4444444444444444,2.0766666666666667,0.0
0.08333333333333333,0.565,0.43333333333333335,0.5833333333333334,2.2333333333333334,0.0
0.1,0.5850000000000001,0.5366666666666667,0.3,2.258,0.0
0.09090909090909091,0.55,0.5333333333333333,0.36363636363636365,2.4186666666666667,0.02229333333333334
0.07142857142857142,0.5783333333333334,0.4666666666666667,0.42857142857142855,2.684,0.0
0.07692307692307693,0.58,0.4666666666666667,0.5384615384615384,2.49,0.0
0.1111111111111111,0.5433333333333333,0.5399999999999999,0.2222222222222222,2.1733333333333333,0.0
0.09090909090909091,0.5833333333333334,0.5666666666666667,0.5454545454545454,2.5006666666666666,0.0
0.07142857142857142,0.5616666666666668,0.43333333333333335,0.42857142857142855,2.468,0.0
0.125,0.56,0.5,0.25,1.7006666666666668,0.0
0.125,0.565,0.5766666666666667,0.125,1.7866666666666666,0.0
0.07692307692307693,0.5633333333333332,0.46,0.5384615384615384,2.33,0.0
0.07142857142857142,0.5616666666666668,0.4566666666666667,0.5,2.6053333333333333,0.0
0.08333333333333333,0.565,0.43333333333333335,0.4166666666666667,2.1126666666666667,0.0
0.07142857142857142,0.5616666666666668,0.5133333333333334,0.42857142857142855,2.5866666666666664,0.0
0.08333333333333333,0.565,0.43333333333333335,0.5,2.26,0.0
0.07692307692307693,0.5633333333333332,0.46,0.38461538461538464,2.525333333333333,0.0
0.07142857142857142,0.5616666666666668,0.4566666666666667,0.35714285714285715,2.546666666666667,0.0
0.07142857142857142,0.5616666666666668,0.49000000000000005,0.5,2.672,0.0
0.07692307692307693,0.5633333333333332,0.4666666666666667,0.38461538461538464,2.386,0.0
0.09090909090909091,0.5666666666666667,0.43333333333333335,0.5454545454545454,1.9186666666666667,0.0
0.07692307692307693,0.5633333333333332,0.52,0.5384615384615384,2.3926666666666665,0.0
0.09090909090909091,0.55,0.5333333333333333,0.18181818181818182,2.1946666666666665,0.0
0.1111111111111111,0.56,0.5733333333333334,0.1111111111111111,1.954,0.0
0.125,0.4216666666666667,0.52,0.125,1.3753333333333333,0.0
0.125,0.56,0.5,0.375,1.7206666666666666,0.0
0.1111111111111111,0.53,0.5333333333333333,0.4444444444444444,1.866,0.0
0.08333333333333333,0.565,0.43333333333333335,0.4166666666666667,2.084,0.0
0.07142857142857142,0.5616666666666668,0.4566666666666667,0.35714285714285715,2.498,0.0
0.07692307692307693,0.5633333333333332,0.43333333333333335,0.46153846153846156,2.31,0.0
0.07142857142857142,0.5616666666666668,0.5133333333333334,0.42857142857142855,2.872,0.034835814814814826
0.14285714285714285,0.4233333333333333,0.5266666666666667,0.2857142857142857,1.228,0.0
0.07142857142857142,0.5616666666666668,0.43333333333333335,0.5,2.552,0.0
0.125,0.5383333333333333,0.4533333333333333,0.375,1.4366666666666668,0.0
0.06666666666666667,0.5533333333333333,0.4533333333333333,0.4666666666666667,2.67,0.0
0.125,0.5383333333333333,0.5766666666666667,0.375,1.878,0.0
0.06666666666666667,0.5766666666666667,0.4666666666666667,0.4,2.748666666666667,0.011956222222222234
0.06666666666666667,0.5333333333333333,0.4666666666666667,0.3333333333333333,2.6093333333333333,0.0
0.1111111111111111,0.5366666666666667,0.5733333333333334,0.5555555555555556,1.8806666666666667,0.0
0.07692307692307693,0.43333333333333335,0.4666666666666667,0.23076923076923078,2.0693333333333332,0.0
0.125,0.5716666666666667,0.5666666666666667,0.625,2.030666666666667,0.0
0.08333333333333333,0.43333333333333335,0.4633333333333333,0.3333333333333333,1.8813333333333333,0.0
0.07692307692307693,0.53,0.52,0.3076923076923077,2.4433333333333334,0.0
0.07692307692307693,0.5266666666666667,0.49333333333333335,0.38461538461538464,2.1966666666666668,0.0
0.125,0.445,0.5766666666666667,0.0,1.518,0.0
0.08333333333333333,0.5816666666666667,0.4633333333333333,0.5,2.3993333333333333,0.0
0.1111111111111111,0.5700000000000001,0.5733333333333334,0.3333333333333333,1.9666666666666666,0.0
0.14285714285714285,0.56,0.5666666666666667,0.2857142857142857,1.8886666666666667,0.0
0.125,0.565,0.5766666666666667,0.125,1.7486666666666666,0.0
0.125,0.445,0.6,0.0,1.6233333333333333,0.0
0.125,0.6,0.5766666666666667,0.5,2.0033333333333334,0.0
0.1111111111111111,0.56,0.6,0.1111111111111111,2.442,0.059384888888888904
0.14285714285714285,0.5700000000000001,0.58,0.2857142857142857,1.766,0.0
0.09090909090909091,0.43333333333333335,0.43333333333333335,0.2727272727272727,1.6553333333333333,0.0
0.125,0.6,0.5766666666666667,0.25,2.017333333333333,0.0
0.125,0.5416666666666666,0.6,0.125,2.0473333333333334,0.0
0.125,0.5533333333333333,0.5766666666666667,0.375,1.7166666666666666,0.0
0.08333333333333333,0.5383333333333334,0.4633333333333333,0.25,2.05,0.0
0.14285714285714285,0.4900000000000001,0.58,0.2857142857142857,1.468,0.0
0.14285714285714285,0.47000000000000003,0.6,0.14285714285714285,1.4973333333333334,0.0
0.14285714285714285,0.59,0.5666666666666667,0.2857142857142857,1.774,0.0
0.07692307692307693,0.5633333333333332,0.46,0.46153846153846156,2.3526666666666665,0.0
0.07692307692307693,0.43333333333333335,0.46,0.23076923076923078,2.0713333333333335,0.0
0.1,0.525,0.6,0.3,2.0773333333333333,0.0
0.1,0.48666666666666664,0.5700000000000001,0.0,2.1226666666666665,0.003168740740740752
0.125,0.5216666666666667,0.5666666666666667,0.25,1.796,0.0
0.125,0.5483333333333333,0.5666666666666667,0.375,1.9853333333333334,0.0
0.07692307692307693,0.5633333333333332,0.4666666666666667,0.46153846153846156,2.3506666666666667,0.0
0.16666666666666666,0.5416666666666666,0.5666666666666667,0.5,1.4906666666666666,0.0
0.125,0.5216666666666667,0.5666666666666667,0.5,1.9,0.0
0.1111111111111111,0.52,0.5733333333333334,0.1111111111111111,2.036,0.0
0.1111111111111111,0.5333333333333333,0.5666666666666667,0.3333333333333333,2.1613333333333333,0.0
0.1111111111111111,0.5333333333333333,0.5733333333333334,0.4444444444444444,1.8873333333333333,0.0
0.1,0.5333333333333333,0.5366666666666667,0.3,2.166,0.0
0.08333333333333333,0.5316666666666666,0.5666666666666667,0.25,2.989333333333333,0.1555892962962963
0.125,0.49,0.52,0.25,1.6113333333333333,0.0
0.16666666666666666,0.48333333333333334,0.5333333333333333,0.3333333333333333,1.1166666666666667,0.0
0.125,0.5716666666666667,0.52,0.5,1.6566666666666667,0.0
0.1111111111111111,0.56,0.5733333333333334,0.2222222222222222,2.4246666666666665,0.02366933333333334
0.125,0.5533333333333333,0.5766666666666667,0.25,2.03,0.0
0.09090909090909091,0.5333333333333333,0.5666666666666667,0.45454545454545453,2.61,0.016035555555555567
0.09090909090909091,0.5333333333333333,0.5666666666666667,0.5454545454545454,2.735333333333333,0.0
0.125,0.47,0.52,0.375,1.526,0.0
0.09090909090909091,0.5333333333333333,0.5666666666666667,0.2727272727272727,2.582,0.030909629629629634
0.125,0.565,0.5433333333333333,0.375,1.834,0.0
0.07692307692307693,0.58,0.46,0.46153846153846156,2.5113333333333334,0.0
0.1,0.5183333333333333,0.5700000000000001,0.5,1.992,0.0
0.08333333333333333,0.5383333333333334,0.4633333333333333,0.3333333333333333,2.036,0.0
0.14285714285714285,0.56,0.5666666666666667,0.42857142857142855,1.8126666666666666,0.0
0.1,0.5333333333333333,0.5066666666666666,0.4,1.9193333333333333,0.0
0.1,0.5399999999999999,0.5700000000000001,0.5,2.136,0.0
0.1111111111111111,0.5566666666666666,0.5133333333333333,0.4444444444444444,2.092,0.0
0.1111111111111111,0.5333333333333333,0.5733333333333334,0.3333333333333333,1.8113333333333332,0.0
0.07692307692307693,0.5633333333333332,0.49333333333333335,0.6153846153846154,2.478,0.0
0.07142857142857142,0.5616666666666668,0.4800000000000001,0.5,2.6253333333333333,0.0
0.14285714285714285,0.5700000000000001,0.5666666666666667,0.42857142857142855,1.762,0.0
0.125,0.51,0.5666666666666667,0.375,1.5993333333333333,0.0
0.1111111111111111,0.49333333333333335,0.52,0.2222222222222222,1.6333333333333333,0.0
0.125,0.56,0.5299999999999999,0.25,1.806,0.0
0.1111111111111111,0.53,0.5466666666666666,0.3333333333333333,1.9513333333333334,0.0
0.07692307692307693,0.5633333333333332,0.4666666666666667,0.46153846153846156,2.3593333333333333,0.0
0.1111111111111111,0.56,0.5666666666666667,0.6666666666666666,2.006,0.0
0.16666666666666666,0.575,0.5833333333333334,0.16666666666666666,1.476,0.0
0.125,0.5216666666666667,0.5766666666666667,0.125,1.8753333333333333,0.0
0.14285714285714285,0.39666666666666667,0.58,0.14285714285714285,1.3133333333333332,0.0
0.1,0.5399999999999999,0.5700000000000001,0.3,2.0986666666666665,0.0
0.1,0.5399999999999999,0.5700000000000001,0.4,2.1906666666666665,0.0
0.1111111111111111,0.56,0.5733333333333334,0.3333333333333333,2.1293333333333333,0.0
0.125,0.5416666666666666,0.5766666666666667,0.375,1.71,0.0
0.1111111111111111,0.5566666666666666,0.5733333333333334,0.2222222222222222,2.356,0.06845762962962963
0.16666666666666666,0.55,0.5833333333333334,0.16666666666666666,1.6373333333333333,0.0
0.14285714285714285,0.4633333333333333,0.5333333333333333,0.14285714285714285,1.22,0.0
0.1,0.5383333333333333,0.5700000000000001,0.4,2.52,0.05983874074074074
0.1,0.52,0.5333333333333333,0.2,1.9386666666666668,0.0
0.07692307692307693,0.5466666666666666,0.5666666666666667,0.3076923076923077,3.0913333333333335,0.187288
0.09090909090909091,0.5333333333333333,0.5666666666666667,0.36363636363636365,2.6413333333333333,0.08085333333333333
0.125,0.5033333333333333,0.5333333333333333,0.125,1.5486666666666666,0.0
0.1111111111111111,0.5233333333333333,0.5333333333333333,0.2222222222222222,1.8173333333333332,0.0
0.08333333333333333,0.565,0.5666666666666667,0.4166666666666667,2.6466666666666665,0.04334177777777778
0.1111111111111111,0.5700000000000001,0.5733333333333334,0.5555555555555556,2.19,0.0
0.07142857142857142,0.4733333333333334,0.43333333333333335,0.21428571428571427,2.247333333333333,0.0
0.14285714285714285,0.5733333333333334,0.58,0.5714285714285714,1.8806666666666667,0.0
0.16666666666666666,0.575,0.5833333333333334,0.5,1.6826666666666668,0.0
0.058823529411764705,0.5566666666666666,0.5666666666666667,0.47058823529411764,3.5233333333333334,0.18283407407407407
0.08333333333333333,0.565,0.5666666666666667,0.5833333333333334,2.804,0.06581622222222222
0.07692307692307693,0.43333333333333335,0.43333333333333335,0.15384615384615385,1.9426666666666668,0.0
0.07142857142857142,0.4683333333333334,0.43333333333333335,0.21428571428571427,2.1406666666666667,0.0
0.2,0.45666666666666667,0.4,0.0,0.7926666666666666,0.0
0.0625,0.5583333333333333,0.5666666666666667,0.4375,3.382,0.16545277777777778
0.07692307692307693,0.5633333333333332,0.5666666666666667,0.5384615384615384,2.925333333333333,0.08840577777777776
0.1,0.4383333333333333,0.43333333333333335,0.1,1.512,0.0
0.1111111111111111,0.5466666666666666,0.5133333333333333,0.3333333333333333,1.786,0.0
0.08333333333333333,0.5316666666666666,0.5966666666666666,0.16666666666666666,2.7693333333333334,0.1080701111111111
0.125,0.5216666666666667,0.5766666666666667,0.25,2.2373333333333334,0.03876562962962964
0.16666666666666666,0.525,0.5833333333333334,0.16666666666666666,1.872,0.0
0.125,0.5166666666666667,0.6,0.25,1.9466666666666668,0.0
0.07142857142857142,0.5333333333333333,0.5666666666666667,0.35714285714285715,2.834,0.02447407407407408
0.16666666666666666,0.5416666666666666,0.5,0.16666666666666666,1.1446666666666667,0.0
0.1111111111111111,0.5466666666666666,0.5666666666666667,0.3333333333333333,1.8253333333333333,0.0
0.06666666666666667,0.5266666666666667,0.5866666666666667,0.4,3.3626666666666667,0.16509244444444446
0.2,0.5533333333333333,0.5,0.2,1.0233333333333334,0.0
0.125,0.5533333333333333,0.5666666666666667,0.375,1.704,0.0
0.07692307692307693,0.5433333333333333,0.49333333333333335,0.23076923076923078,2.42,0.0075945925925925955
0.06666666666666667,0.5366666666666667,0.48666666666666664,0.26666666666666666,2.7293333333333334,0.06455503703703705
0.16666666666666666,0.575,0.5333333333333333,0.6666666666666666,1.3333333333333333,0.0
0.07142857142857142,0.5616666666666668,0.5233333333333333,0.42857142857142855,2.747333333333333,0.033338037037037055
0.08333333333333333,0.565,0.53,0.5833333333333334,2.5593333333333335,0.005373777777777776
0.14285714285714285,0.59,0.5266666666666667,0.42857142857142855,1.8193333333333332,0.0
0.125,0.4799999999999999,0.5766666666666667,0.125,1.6846666666666668,0.0
0.125,0.5883333333333333,0.52,0.375,1.9586666666666666,0.0
0.09090909090909091,0.55,0.5666666666666667,0.09090909090909091,2.274,0.0
0.2,0.5933333333333334,0.5399999999999999,0.6,1.3693333333333333,0.0
0.16666666666666666,0.5916666666666667,0.5333333333333333,0.5,1.5086666666666666,0.0
0.2,0.5933333333333334,0.5399999999999999,0.4,1.24,0.0
0.125,0.5266666666666667,0.5333333333333333,0.375,1.6526666666666667,0.0
0.125,0.5883333333333333,0.5666666666666667,0.5,1.8933333333333333,0.0
0.1111111111111111,0.44333333333333336,0.5733333333333334,0.1111111111111111,1.6413333333333333,0.0
0.14285714285714285,0.59,0.5066666666666667,0.8571428571428571,1.6533333333333333,0.0
0.06666666666666667,0.43333333333333335,0.5266666666666666,0.13333333333333333,2.546666666666667,0.005835555555555563
0.07142857142857142,0.43333333333333335,0.5366666666666667,0.14285714285714285,2.4073333333333333,0.0
0.25,0.5950000000000001,0.5166666666666667,1.0,1.146,0.0
0.06666666666666667,0.5266666666666667,0.5533333333333333,0.3333333333333333,2.808666666666667,0.062053037037037045
0.0625,0.575,0.5333333333333333,0.5625,3.1653333333333333,0.03810333333333333
0.06666666666666667,0.51,0.5399999999999999,0.3333333333333333,2.691333333333333,0.0
0.058823529411764705,0.5066666666666666,0.5266666666666667,0.35294117647058826,3.0006666666666666,0.04618548148148149
0.16666666666666666,0.5916666666666667,0.48333333333333334,0.8333333333333334,1.456,0.0
0.07142857142857142,0.44500000000000006,0.4666666666666667,0.2857142857142857,2.32,0.0
0.08333333333333333,0.4483333333333333,0.4633333333333333,0.3333333333333333,1.9253333333333333,0.0
0.09090909090909091,0.5833333333333334,0.5666666666666667,0.6363636363636364,2.5313333333333334,0.0
0.1,0.5399999999999999,0.5700000000000001,0.5,2.23,0.0
0.08333333333333333,0.5483333333333333,0.5966666666666666,0.25,2.6846666666666668,0.019995888888888893
0.2,0.5133333333333333,0.5866666666666667,0.2,1.0753333333333333,0.0
0.125,0.47,0.5299999999999999,0.25,1.5553333333333332,0.0
0.1,0.5399999999999999,0.5700000000000001,0.4,2.522666666666667,0.0
0.1,0.5549999999999999,0.5700000000000001,0.3,2.2506666666666666,0.0
0.3333333333333333,0.47,0.39333333333333337,0.0,0.5033333333333333,0.0
0.3333333333333333,0.45,0.5333333333333333,0.3333333333333333,0.5953333333333334,0.0
0.3333333333333333,0.5566666666666666,0.49333333333333335,0.3333333333333333,0.6926666666666667,0.0
0.1,0.5183333333333333,0.5666666666666667,0.2,2.1353333333333335,0.0
0.08333333333333333,0.5133333333333333,0.5666666666666667,0.25,2.446,0.03368607407407407
0.3333333333333333,0.4033333333333333,0.43333333333333335,0.0,0.45666666666666667,0.0
0.1111111111111111,0.5466666666666666,0.5666666666666667,0.3333333333333333,2.254,0.0
1.0,0.6,0.5666666666666667,1.0,0.408,0.0
0.1111111111111111,0.52,0.5666666666666667,0.2222222222222222,1.9853333333333334,0.0
1.0,0.31666666666666665,0.36666666666666664,0.0,0.13933333333333334,0.0
0.3333333333333333,0.3733333333333333,0.49333333333333335,0.0,0.5533333333333333,0.0
0.08333333333333333,0.5483333333333333,0.5333333333333333,0.3333333333333333,2.934,0.13963003703703705
0.3333333333333333,0.53,0.56,0.3333333333333333,0.9273333333333333,0.0
0.1111111111111111,0.56,0.6,0.1111111111111111,2.0313333333333334,0.0
0.1,0.5549999999999999,0.5700000000000001,0.3,2.244,0.0
0.16666666666666666,0.575,0.43333333333333335,0.8333333333333334,1.2453333333333334,0.0
0.16666666666666666,0.575,0.48333333333333334,0.5,1.2913333333333334,0.0
0.08333333333333333,0.5316666666666666,0.5666666666666667,0.3333333333333333,2.9726666666666666,0.15627455555555553
0.16666666666666666,0.575,0.45,0.6666666666666666,1.386,0.0
0.0625,0.48333333333333334,0.5166666666666667,0.3125,2.8746666666666667,0.06028777777777779
0.2,0.38333333333333336,0.5333333333333333,0.0,0.8446666666666667,0.0
0.16666666666666666,0.575,0.5666666666666667,0.3333333333333333,1.344,0.0
0.058823529411764705,0.5566666666666666,0.5666666666666667,0.35294117647058826,3.4126666666666665,0.1775271851851852
0.07692307692307693,0.5466666666666666,0.5533333333333333,0.38461538461538464,2.8253333333333335,0.06541777777777778
0.14285714285714285,0.39666666666666667,0.5000000000000001,0.14285714285714285,1.1073333333333333,0.0
0.07692307692307693,0.58,0.5466666666666667,0.46153846153846156,2.783333333333333,0.021975555555555554
0.16666666666666666,0.49166666666666664,0.4666666666666667,0.3333333333333333,1.0246666666666666,0.0
0.1111111111111111,0.56,0.5733333333333334,0.3333333333333333,2.056,0.0
0.07142857142857142,0.5566666666666668,0.43333333333333335,0.42857142857142855,2.5286666666666666,0.0
0.1,0.44499999999999995,0.4799999999999999,0.2,1.6586666666666667,0.0
0.07692307692307693,0.58,0.5400000000000001,0.38461538461538464,2.6886666666666668,0.004794666666666669
0.125,0.5333333333333333,0.5666666666666667,0.5,1.9066666666666667,0.0
0.1,0.5549999999999999,0.4766666666666666,0.4,1.7466666666666666,0.0
0.06666666666666667,0.5433333333333333,0.5399999999999999,0.4,2.716666666666667,0.0
0.14285714285714285,0.53,0.5400000000000001,0.2857142857142857,1.452,0.0
0.08333333333333333,0.5633333333333332,0.5633333333333332,0.5,2.582666666666667,0.0038932592592592625
0.058823529411764705,0.5733333333333334,0.5133333333333333,0.4117647058823529,3.3033333333333332,0.11433540740740741
0.14285714285714285,0.53,0.58,0.14285714285714285,1.4666666666666666,0.0
0.3333333333333333,0.5266666666666667,0.5399999999999999,0.3333333333333333,0.6413333333333333,0.0
0.25,0.565,0.5166666666666667,0.25,0.9113333333333333,0.0
0.07692307692307693,0.53,0.5933333333333334,0.15384615384615385,2.9086666666666665,0.12496222222222222
0.1111111111111111,0.5866666666666667,0.5733333333333334,0.2222222222222222,2.106,0.0
0.2,0.5366666666666667,0.48666666666666664,0.4,1.0573333333333332,0.0
0.07142857142857142,0.5683333333333334,0.5666666666666667,0.42857142857142855,3.152,0.10243892592592593
0.125,0.5216666666666667,0.5299999999999999,0.5,1.616,0.0
0.08333333333333333,0.5316666666666666,0.5666666666666667,0.25,2.77,0.0716095925925926
0.07692307692307693,0.58,0.5666666666666667,0.38461538461538464,2.787333333333333,0.022413777777777782
0.14285714285714285,0.4800000000000001,0.44666666666666666,0.2857142857142857,1.1033333333333333,0.0
0.1111111111111111,0.5866666666666667,0.5666666666666667,0.7777777777777778,2.1366666666666667,0.0
0.16666666666666666,0.5416666666666666,0.5333333333333333,0.3333333333333333,1.2873333333333334,0.0
0.1111111111111111,0.53,0.6,0.1111111111111111,2.1926666666666668,0.006466000000000009
0.125,0.565,0.5766666666666667,0.125,2.1473333333333335,0.005210555555555566
0.09090909090909091,0.5833333333333334,0.5666666666666667,0.7272727272727273,2.546,0.0
0.2,0.4966666666666667,0.5666666666666667,0.2,1.0386666666666666,0.0
0.1,0.5549999999999999,0.5666666666666667,0.3,2.106,0.0
0.09090909090909091,0.48333333333333334,0.6,0.09090909090909091,2.312666666666667,0.023941111111111118
0.1111111111111111,0.43,0.52,0.0,1.612,0.0
0.125,0.5533333333333333,0.5666666666666667,0.375,1.754,0.0
0.14285714285714285,0.5399999999999999,0.5266666666666667,0.2857142857142857,1.4086666666666667,0.0
0.07142857142857142,0.5616666666666668,0.4800000000000001,0.42857142857142855,2.6986666666666665,0.0
0.14285714285714285,0.5700000000000001,0.5066666666666667,0.42857142857142855,1.372,0.0
0.14285714285714285,0.5633333333333332,0.5,0.42857142857142855,1.6093333333333333,0.0
0.06666666666666667,0.5333333333333333,0.5066666666666666,0.4,2.6513333333333335,0.0
0.07692307692307693,0.56,0.56,0.38461538461538464,2.776666666666667,0.041303111111111124
0.125,0.4683333333333333,0.4766666666666667,0.375,1.3233333333333333,0.0
0.1111111111111111,0.52,0.5733333333333334,0.2222222222222222,2.1286666666666667,0.0
0.125,0.43666666666666665,0.5766666666666667,0.125,1.424,0.0
0.09090909090909091,0.5333333333333333,0.5666666666666667,0.45454545454545453,2.5753333333333335,0.024023703703703703
0.2,0.49000000000000005,0.5399999999999999,0.0,1.0873333333333333,0.0
0.25,0.505,0.5166666666666667,0.0,0.8233333333333334,0.0
0.058823529411764705,0.5733333333333334,0.48000000000000004,0.5294117647058824,3.247333333333333,0.06880000000000001
0.16666666666666666,0.475,0.5833333333333334,0.0,1.2106666666666666,0.0
0.09090909090909091,0.5333333333333333,0.5666666666666667,0.2727272727272727,2.6093333333333333,0.05735111111111112
0.07142857142857142,0.5516666666666666,0.4666666666666667,0.5,2.6013333333333333,0.0
0.09090909090909091,0.55,0.5666666666666667,0.2727272727272727,2.37,0.0
0.08333333333333333,0.5133333333333333,0.5666666666666667,0.16666666666666666,2.412,0.03354918518518518
0.1,0.5683333333333334,0.44999999999999996,0.4,1.8453333333333333,0.0
0.1,0.5399999999999999,0.5666666666666667,0.5,2.493333333333333,0.0
0.2,0.58,0.5666666666666667,0.2,1.2026666666666668,0.0
0.25,0.51,0.5466666666666666,0.25,0.8153333333333334,0.0
0.08333333333333333,0.5133333333333333,0.5966666666666666,0.16666666666666666,2.6106666666666665,0.04208192592592593
0.125,0.55,0.52,0.25,1.7193333333333334,0.0
0.1111111111111111,0.5866666666666667,0.5399999999999999,0.4444444444444444,2.104,0.0
0.0625,0.5416666666666666,0.5833333333333334,0.3125,3.2666666666666666,0.14779074074074072
0.07142857142857142,0.5400000000000001,0.5233333333333333,0.35714285714285715,2.5406666666666666,0.021852000000000014
0.16666666666666666,0.5833333333333334,0.48333333333333334,0.6666666666666666,1.4306666666666668,0.0
0.09090909090909091,0.48333333333333334,0.43333333333333335,0.2727272727272727,1.73,0.0
0.1111111111111111,0.5700000000000001,0.6,0.3333333333333333,2.238,0.0
0.125,0.55,0.4766666666666667,0.25,1.414,0.0
0.07692307692307693,0.5466666666666666,0.5533333333333333,0.23076923076923078,2.6093333333333333,0.02027525925925926
0.09090909090909091,0.5833333333333334,0.5666666666666667,0.5454545454545454,2.554666666666667,0.0
0.09090909090909091,0.55,0.5666666666666667,0.2727272727272727,2.218,0.0
0.1111111111111111,0.52,0.5666666666666667,0.2222222222222222,1.9673333333333334,0.0
0.1111111111111111,0.56,0.5666666666666667,0.3333333333333333,1.9846666666666666,0.0
0.1111111111111111,0.56,0.5666666666666667,0.2222222222222222,1.982,0.0
0.1111111111111111,0.5333333333333333,0.5399999999999999,0.3333333333333333,1.97,0.0
0.1111111111111111,0.49333333333333335,0.42000000000000004,0.2222222222222222,1.546,0.0
0.09090909090909091,0.45,0.5333333333333333,0.18181818181818182,2.0853333333333333,0.0
0.08333333333333333,0.5466666666666666,0.5966666666666666,0.08333333333333333,2.8706666666666667,0.121032
0.08333333333333333,0.565,0.43333333333333335,0.4166666666666667,2.2053333333333334,0.0
0.08333333333333333,0.565,0.43333333333333335,0.4166666666666667,2.1586666666666665,0.0
0.14285714285714285,0.53,0.6,0.14285714285714285,1.698,0.0
0.07692307692307693,0.55,0.43333333333333335,0.38461538461538464,2.27,0.0
0.14285714285714285,0.55,0.6,0.14285714285714285,1.908,0.0
0.09090909090909091,0.5333333333333333,0.5,0.18181818181818182,2.08,0.0
0.09090909090909091,0.55,0.5666666666666667,0.2727272727272727,2.3486666666666665,0.0
0.1,0.5549999999999999,0.5666666666666667,0.3,2.1986666666666665,0.0
0.1111111111111111,0.56,0.5666666666666667,0.1111111111111111,1.874,0.0
0.1111111111111111,0.43,0.5133333333333333,0.1111111111111111,1.5433333333333332,0.0
0.125,0.48166666666666663,0.6,0.125,1.8653333333333333,0.0
0.1,0.5183333333333333,0.5366666666666667,0.1,2.1053333333333333,0.0
0.1111111111111111,0.52,0.5666666666666667,0.2222222222222222,1.9173333333333333,0.0
0.1,0.525,0.5700000000000001,0.3,2.025333333333333,0.0
0.125,0.48166666666666663,0.6,0.0,1.8946666666666667,0.0
0.1111111111111111,0.45666666666666667,0.5466666666666666,0.1111111111111111,1.654,0.0
0.14285714285714285,0.4966666666666667,0.5000000000000001,0.14285714285714285,1.3273333333333333,0.0
0.1111111111111111,0.5233333333333333,0.5733333333333334,0.2222222222222222,2.2586666666666666,0.041762
0.125,0.4483333333333333,0.5066666666666666,0.125,1.368,0.0
0.1111111111111111,0.44333333333333336,0.4666666666666667,0.0,1.5153333333333334,0.0
0.07692307692307693,0.5566666666666668,0.5666666666666667,0.38461538461538464,2.711333333333333,0.057373777777777794
0.09090909090909091,0.5333333333333333,0.5666666666666667,0.18181818181818182,2.521333333333333,0.057813333333333335
0.09090909090909091,0.55,0.5666666666666667,0.2727272727272727,2.79,0.1090588888888889
0.1,0.5549999999999999,0.5700000000000001,0.3,2.64,0.08211533333333333
0.1111111111111111,0.49333333333333335,0.52,0.2222222222222222,1.6726666666666667,0.0
0.1,0.5399999999999999,0.5700000000000001,0.3,2.3953333333333333,0.01119600000000001
0.14285714285714285,0.44333333333333336,0.5000000000000001,0.0,1.18,0.0
0.1111111111111111,0.52,0.5733333333333334,0.2222222222222222,2.3586666666666667,0.0596728888888889
0.1111111111111111,0.5066666666666666,0.5733333333333334,0.2222222222222222,1.7393333333333334,0.0
0.125,0.43666666666666665,0.6,0.0,1.4533333333333334,0.0
0.09090909090909091,0.5333333333333333,0.5666666666666667,0.45454545454545453,2.752666666666667,0.03378962962962963
0.1111111111111111,0.5566666666666666,0.52,0.2222222222222222,1.9666666666666666,0.0
0.14285714285714285,0.5166666666666667,0.58,0.14285714285714285,1.7166666666666666,0.0
0.1111111111111111,0.5700000000000001,0.5733333333333334,0.3333333333333333,2.186,0.0
0.09090909090909091,0.43333333333333335,0.4666666666666667,0.2727272727272727,1.782,0.0
0.125,0.49333333333333335,0.5766666666666667,0.125,1.7106666666666666,0.0
0.08333333333333333,0.565,0.43333333333333335,0.4166666666666667,2.2106666666666666,0.0
0.1111111111111111,0.49,0.5733333333333334,0.0,1.9046666666666667,0.0
0.14285714285714285,0.53,0.58,0.14285714285714285,1.646,0.0
0.07692307692307693,0.55,0.46,0.38461538461538464,2.322,0.0
0.14285714285714285,0.4966666666666667,0.58,0.0,1.5873333333333333,0.0
0.1,0.5399999999999999,0.5700000000000001,0.3,2.006,0.0
0.1111111111111111,0.38999999999999996,0.5733333333333334,0.1111111111111111,1.5953333333333333,0.0
0.1111111111111111,0.49,0.5733333333333334,0.0,2.001333333333333,0.0
0.1111111111111111,0.52,0.5733333333333334,0.2222222222222222,1.9693333333333334,0.0
0.125,0.49333333333333335,0.6,0.0,1.8426666666666667,0.0
0.125,0.5266666666666667,0.6,0.0,1.95,0.0
0.1,0.5233333333333333,0.5399999999999999,0.3,2.112,0.0
0.125,0.5266666666666667,0.5766666666666667,0.0,1.898,0.0
0.1,0.5233333333333333,0.5333333333333333,0.3,2.013333333333333,0.0
0.125,0.5883333333333333,0.5433333333333333,0.5,1.9646666666666666,0.0
0.1,0.5549999999999999,0.5666666666666667,0.3,2.2953333333333332,0.0
0.1111111111111111,0.56,0.5666666666666667,0.3333333333333333,2.1453333333333333,0.0
0.1111111111111111,0.56,0.5133333333333333,0.3333333333333333,1.9006666666666667,0.0
0.1111111111111111,0.5366666666666667,0.5399999999999999,0.1111111111111111,2.052,0.0
0.125,0.5383333333333333,0.5666666666666667,0.25,1.864,0.0
0.1,0.5549999999999999,0.5666666666666667,0.5,2.258,0.0
0.1111111111111111,0.4766666666666667,0.6,0.1111111111111111,2.0953333333333335,0.0
0.1111111111111111,0.49,0.5733333333333334,0.1111111111111111,2.0433333333333334,0.0
0.1111111111111111,0.5833333333333334,0.5,0.5555555555555556,2.1493333333333333,0.0
0.08333333333333333,0.565,0.5266666666666667,0.5,2.2973333333333334,0.0
0.08333333333333333,0.565,0.5233333333333333,0.5,2.2506666666666666,0.0
0.09090909090909091,0.5666666666666667,0.5333333333333333,0.6363636363636364,2.1033333333333335,0.0
0.09090909090909091,0.5333333333333333,0.5333333333333333,0.2727272727272727,2.172,0.0
0.14285714285714285,0.5633333333333332,0.5,0.2857142857142857,1.5506666666666666,0.0
0.1,0.5399999999999999,0.5366666666666667,0.4,2.046,0.0
0.1111111111111111,0.45,0.5399999999999999,0.2222222222222222,1.6353333333333333,0.0
0.1111111111111111,0.52,0.5666666666666667,0.3333333333333333,2.009333333333333,0.0
0.125,0.5883333333333333,0.52,0.375,1.9313333333333333,0.0
0.09090909090909091,0.5166666666666667,0.5666666666666667,0.45454545454545453,2.278,0.0
0.1111111111111111,0.5233333333333333,0.44,0.4444444444444444,1.4953333333333334,0.0
0.1111111111111111,0.5566666666666666,0.5333333333333333,0.3333333333333333,1.936,0.0
0.1111111111111111,0.56,0.5666666666666667,0.4444444444444444,2.114,0.0
0.14285714285714285,0.5700000000000001,0.5666666666666667,0.2857142857142857,1.6393333333333333,0.0
0.1111111111111111,0.5033333333333334,0.52,0.1111111111111111,1.7513333333333334,0.0
0.08333333333333333,0.5816666666666667,0.4666666666666667,0.5,2.3946666666666667,0.0
0.1111111111111111,0.5233333333333333,0.5333333333333333,0.2222222222222222,1.7706666666666666,0.0
0.07692307692307693,0.58,0.4666666666666667,0.46153846153846156,2.4593333333333334,0.0
0.09090909090909091,0.5833333333333334,0.5666666666666667,0.36363636363636365,2.538,0.01931481481481482
0.1111111111111111,0.5866666666666667,0.5666666666666667,0.2222222222222222,2.0633333333333335,0.0
0.125,0.5266666666666667,0.5433333333333333,0.375,1.6793333333333333,0.0
0.1,0.5383333333333333,0.5366666666666667,0.2,2.2946666666666666,0.006304481481481485
0.1111111111111111,0.5433333333333333,0.5666666666666667,0.3333333333333333,2.1066666666666665,0.0
0.1,0.5850000000000001,0.5700000000000001,0.4,2.2146666666666666,0.0
0.09090909090909091,0.5166666666666667,0.5666666666666667,0.2727272727272727,2.171333333333333,0.0
0.1111111111111111,0.5700000000000001,0.4666666666666667,0.3333333333333333,1.7966666666666666,0.0
0.1,0.55,0.47,0.3,1.6766666666666667,0.0
0.09090909090909091,0.45,0.5333333333333333,0.36363636363636365,1.822,0.0
0.09090909090909091,0.55,0.4666666666666667,0.36363636363636365,1.9193333333333333,0.0
0.1111111111111111,0.56,0.4866666666666667,0.4444444444444444,1.6346666666666667,0.0
0.09090909090909091,0.5666666666666667,0.5,0.45454545454545453,2.3146666666666667,0.0
0.1111111111111111,0.4566666666666667,0.44,0.3333333333333333,1.366,0.0
0.1,0.5850000000000001,0.5666666666666667,0.6,2.433333333333333,0.0
0.1111111111111111,0.5866666666666667,0.5666666666666667,0.4444444444444444,2.1086666666666667,0.0
0.1,0.5850000000000001,0.5066666666666666,0.6,2.1886666666666668,0.0
0.1111111111111111,0.4566666666666667,0.44,0.3333333333333333,1.348,0.0
0.09090909090909091,0.5333333333333333,0.5333333333333333,0.36363636363636365,2.154,0.0
0.1,0.5683333333333334,0.5366666666666667,0.4,2.34,0.0
0.1111111111111111,0.5700000000000001,0.5666666666666667,0.5555555555555556,2.152,0.0
0.1,0.44499999999999995,0.4799999999999999,0.3,1.6213333333333333,0.0
0.09090909090909091,0.5166666666666667,0.4666666666666667,0.45454545454545453,1.834,0.0
0.125,0.43666666666666665,0.48333333333333334,0.125,1.3213333333333332,0.0
0.08333333333333333,0.565,0.4633333333333333,0.4166666666666667,2.2573333333333334,0.0
0.09090909090909091,0.5666666666666667,0.4666666666666667,0.45454545454545453,2.152,0.0
0.1,0.5683333333333334,0.43666666666666665,0.6,1.9706666666666666,0.0
0.125,0.5266666666666667,0.5333333333333333,0.375,1.5766666666666667,0.0
0.1,0.5850000000000001,0.4766666666666666,0.6,2.11,0.0
0.1,0.535,0.5066666666666666,0.3,1.8393333333333333,0.0
0.1,0.5683333333333334,0.43666666666666665,0.5,1.8413333333333333,0.0
0.09090909090909091,0.5666666666666667,0.4666666666666667,0.45454545454545453,2.236,0.0
0.08333333333333333,0.565,0.5266666666666667,0.5,2.6293333333333333,0.007307333333333344
0.09090909090909091,0.5666666666666667,0.4666666666666667,0.5454545454545454,2.0673333333333335,0.0
0.1111111111111111,0.52,0.5399999999999999,0.2222222222222222,1.8646666666666667,0.0
0.09090909090909091,0.5666666666666667,0.4666666666666667,0.45454545454545453,2.0966666666666667,0.0
0.08333333333333333,0.565,0.4633333333333333,0.5833333333333334,2.3093333333333335,0.0
0.125,0.48166666666666663,0.6,0.125,1.8093333333333332,0.0
0.125,0.49333333333333335,0.5766666666666667,0.125,1.7573333333333334,0.0
0.09090909090909091,0.5666666666666667,0.43333333333333335,0.45454545454545453,2.1053333333333333,0.0
0.1,0.5683333333333334,0.43333333333333335,0.6,1.924,0.0
0.125,0.5266666666666667,0.5333333333333333,0.375,1.6233333333333333,0.0
0.1,0.5683333333333334,0.43333333333333335,0.5,1.7946666666666666,0.0
0.1,0.5549999999999999,0.5666666666666667,0.4,2.1546666666666665,0.0
0.1111111111111111,0.56,0.5666666666666667,0.4444444444444444,2.0046666666666666,0.0
0.08333333333333333,0.565,0.43333333333333335,0.5833333333333334,2.2693333333333334,0.0
0.125,0.565,0.5666666666666667,0.25,1.68,0.0
0.1111111111111111,0.5466666666666666,0.5133333333333333,0.4444444444444444,1.76,0.0
0.1,0.5683333333333334,0.43333333333333335,0.5,1.7766666666666666,0.0
0.125,0.4216666666666667,0.52,0.25,1.3493333333333333,0.0
0.1111111111111111,0.52,0.5399999999999999,0.2222222222222222,1.9113333333333333,0.0
0.125,0.5216666666666667,0.5666666666666667,0.375,1.7233333333333334,0.0
0.09090909090909091,0.5833333333333334,0.43333333333333335,0.5454545454545454,2.175333333333333,0.0
0.09090909090909091,0.5666666666666667,0.4666666666666667,0.45454545454545453,2.05,0.0
0.1,0.5399999999999999,0.5666666666666667,0.6,2.1173333333333333,0.0
0.09090909090909091,0.5666666666666667,0.43333333333333335,0.5454545454545454,2.0113333333333334,0.0
0.09090909090909091,0.5666666666666667,0.4666666666666667,0.5454545454545454,2.0633333333333335,0.0
0.1111111111111111,0.5700000000000001,0.44,0.7777777777777778,1.7766666666666666,0.0
0.09090909090909091,0.5833333333333334,0.4666666666666667,0.6363636363636364,2.2006666666666668,0.0
0.1111111111111111,0.5866666666666667,0.4866666666666667,0.7777777777777778,1.916,0.0
0.1111111111111111,0.5700000000000001,0.44,0.6666666666666666,1.6473333333333333,0.0
0.09090909090909091,0.55,0.5666666666666667,0.2727272727272727,2.302,0.0
0.09090909090909091,0.5666666666666667,0.4666666666666667,0.7272727272727273,2.122,0.0
0.1111111111111111,0.56,0.5666666666666667,0.1111111111111111,1.8273333333333333,0.0
0.1,0.5683333333333334,0.4766666666666666,0.6,2.042,0.0
0.1,0.5399999999999999,0.5066666666666666,0.3,1.9073333333333333,0.0
0.1111111111111111,0.42,0.5133333333333333,0.1111111111111111,1.4966666666666666,0.0
0.09090909090909091,0.5666666666666667,0.4666666666666667,0.5454545454545454,2.0613333333333332,0.0
0.1111111111111111,0.52,0.5666666666666667,0.2222222222222222,1.8706666666666667,0.0
0.1,0.5850000000000001,0.4766666666666666,0.7,2.028,0.0
0.09090909090909091,0.5666666666666667,0.5,0.7272727272727273,2.1886666666666668,0.0
0.1,0.525,0.5700000000000001,0.3,1.9786666666666666,0.0
0.1,0.5683333333333334,0.4799999999999999,0.6,1.9026666666666667,0.0
0.07692307692307693,0.55,0.52,0.46153846153846156,2.362,0.0
0.09090909090909091,0.5666666666666667,0.43333333333333335,0.5454545454545454,2.0353333333333334,0.0
0.09090909090909091,0.5833333333333334,0.4666666666666667,0.5454545454545454,2.1746666666666665,0.0
0.09090909090909091,0.5666666666666667,0.43333333333333335,0.45454545454545453,1.906,0.0
0.1111111111111111,0.56,0.5666666666666667,0.4444444444444444,2.0433333333333334,0.0
0.125,0.565,0.5666666666666667,0.5,1.8933333333333333,0.0
0.14285714285714285,0.5700000000000001,0.5666666666666667,0.2857142857142857,1.5686666666666667,0.0
0.09090909090909091,0.5666666666666667,0.43333333333333335,0.45454545454545453,1.888,0.0
0.08333333333333333,0.5583333333333333,0.4633333333333333,0.5,2.132,0.0
0.125,0.5383333333333333,0.5433333333333333,0.25,1.8,0.0
0.14285714285714285,0.5399999999999999,0.5666666666666667,0.42857142857142855,1.612,0.0
0.07692307692307693,0.5566666666666668,0.46,0.5384615384615384,2.374,0.0
0.14285714285714285,0.55,0.58,0.14285714285714285,1.856,0.0
0.09090909090909091,0.55,0.5,0.2727272727272727,2.2693333333333334,0.0
0.1,0.535,0.5066666666666666,0.3,1.886,0.0
0.1,0.5850000000000001,0.4466666666666666,0.6,2.0633333333333335,0.0
0.09090909090909091,0.5333333333333333,0.5,0.18181818181818182,2.033333333333333,0.0
0.1111111111111111,0.55,0.5133333333333333,0.3333333333333333,1.7746666666666666,0.0
0.1111111111111111,0.5366666666666667,0.5133333333333333,0.2222222222222222,1.698,0.0
0.14285714285714285,0.4900000000000001,0.5666666666666667,0.2857142857142857,1.448,0.0
0.1,0.535,0.5666666666666667,0.3,1.942,0.0
0.14285714285714285,0.56,0.5666666666666667,0.42857142857142855,1.822,0.0
0.125,0.6,0.5766666666666667,0.5,1.93,0.0
0.14285714285714285,0.44333333333333336,0.5000000000000001,0.0,1.198,0.0
0.14285714285714285,0.53,0.5333333333333333,0.2857142857142857,1.4533333333333334,0.0
0.1,0.5549999999999999,0.5666666666666667,0.4,2.108,0.0
0.1111111111111111,0.56,0.5666666666666667,0.3333333333333333,1.9666666666666666,0.0
0.14285714285714285,0.39666666666666667,0.5266666666666667,0.14285714285714285,1.1793333333333333,0.0
0.1,0.5549999999999999,0.5666666666666667,0.4,2.2106666666666666,0.0
0.125,0.5216666666666667,0.5433333333333333,0.125,1.7413333333333334,0.0
0.09090909090909091,0.55,0.5666666666666667,0.2727272727272727,2.3986666666666667,0.0
0.14285714285714285,0.5233333333333333,0.5666666666666667,0.2857142857142857,1.5533333333333332,0.0
0.1,0.6,0.5666666666666667,0.4,2.3653333333333335,0.0
0.1111111111111111,0.52,0.5733333333333334,0.4444444444444444,1.822,0.0
0.125,0.5416666666666666,0.5766666666666667,0.375,1.6613333333333333,0.0
0.1,0.5549999999999999,0.5700000000000001,0.3,2.24,0.0
0.1111111111111111,0.5466666666666666,0.5666666666666667,0.5555555555555556,1.9473333333333334,0.0
0.09090909090909091,0.55,0.5666666666666667,0.45454545454545453,2.4526666666666666,0.0
0.125,0.49333333333333335,0.5766666666666667,0.0,1.7373333333333334,0.0
0.125,0.565,0.5666666666666667,0.5,1.964,0.0
0.125,0.5266666666666667,0.5333333333333333,0.25,1.6033333333333333,0.0
0.1111111111111111,0.56,0.5666666666666667,0.4444444444444444,1.958,0.0
0.1,0.5549999999999999,0.5666666666666667,0.3,2.152,0.0
0.125,0.565,0.5666666666666667,0.375,1.8166666666666667,0.0
0.1,0.5549999999999999,0.5666666666666667,0.4,2.6226666666666665,0.04671866666666667
0.125,0.39333333333333337,0.52,0.125,1.3293333333333333,0.0
0.1,0.5549999999999999,0.5666666666666667,0.3,2.248666666666667,0.0
0.1111111111111111,0.6,0.5666666666666667,0.4444444444444444,2.215333333333333,0.0
0.1111111111111111,0.56,0.5733333333333334,0.1111111111111111,2.3153333333333332,0.028908444444444455
0.125,0.565,0.5666666666666667,0.125,1.8206666666666667,0.0
0.09090909090909091,0.5333333333333333,0.4666666666666667,0.45454545454545453,1.8406666666666667,0.0
0.125,0.565,0.5666666666666667,0.25,1.6333333333333333,0.0
0.08333333333333333,0.565,0.4633333333333333,0.5833333333333334,2.316,0.0
0.14285714285714285,0.5700000000000001,0.5666666666666667,0.14285714285714285,1.492,0.0
0.1111111111111111,0.4666666666666667,0.5133333333333333,0.3333333333333333,1.654,0.0
0.1,0.5333333333333333,0.5366666666666667,0.3,2.216,0.0
0.125,0.6,0.5666666666666667,0.25,1.8906666666666667,0.0
0.09090909090909091,0.5333333333333333,0.5666666666666667,0.5454545454545454,2.296666666666667,0.0
0.09090909090909091,0.5333333333333333,0.5666666666666667,0.6363636363636364,2.422,0.0
0.1111111111111111,0.56,0.5666666666666667,0.3333333333333333,1.978,0.0
0.125,0.5033333333333333,0.5766666666666667,0.0,1.5926666666666667,0.0
0.125,0.5266666666666667,0.5766666666666667,0.0,1.982,0.0
0.1,0.5850000000000001,0.5066666666666666,0.4,2.1433333333333335,0.0
0.1,0.55,0.4766666666666666,0.3,1.7606666666666666,0.0
0.1111111111111111,0.5466666666666666,0.5133333333333333,0.4444444444444444,1.7133333333333334,0.0
0.08333333333333333,0.565,0.4633333333333333,0.4166666666666667,2.300666666666667,0.0
0.125,0.5533333333333333,0.52,0.375,1.572,0.0
0.1,0.5399999999999999,0.5666666666666667,0.4,2.378,0.0
0.1111111111111111,0.5466666666666666,0.5666666666666667,0.4444444444444444,1.816,0.0
0.125,0.5383333333333333,0.5666666666666667,0.25,1.948,0.0
0.1111111111111111,0.6,0.5666666666666667,0.4444444444444444,1.9706666666666666,0.0
0.1,0.5399999999999999,0.5666666666666667,0.5,2.1313333333333335,0.0
0.1111111111111111,0.5466666666666666,0.5733333333333334,0.3333333333333333,1.8453333333333333,0.0
0.1,0.5399999999999999,0.5066666666666666,0.5,2.058,0.0
0.14285714285714285,0.4866666666666667,0.6,0.0,1.6213333333333333,0.0
0.14285714285714285,0.5633333333333332,0.5,0.2857142857142857,1.5326666666666666,0.0
0.1111111111111111,0.5700000000000001,0.44,0.6666666666666666,1.6293333333333333,0.0
0.1111111111111111,0.52,0.6,0.1111111111111111,2.4273333333333333,0.059072000000000006
0.1111111111111111,0.52,0.5733333333333334,0.1111111111111111,1.986,0.0
0.125,0.45666666666666667,0.52,0.125,1.49,0.0
0.1111111111111111,0.4766666666666667,0.5133333333333333,0.2222222222222222,1.7326666666666666,0.0
0.1111111111111111,0.5700000000000001,0.5133333333333333,0.4444444444444444,1.778,0.0
0.14285714285714285,0.47000000000000003,0.5266666666666667,0.2857142857142857,1.238,0.0
0.07692307692307693,0.56,0.52,0.46153846153846156,2.694,0.022001777777777787
0.125,0.45666666666666667,0.5666666666666667,0.125,1.574,0.0
0.1111111111111111,0.5066666666666666,0.5666666666666667,0.3333333333333333,1.7206666666666666,0.0
0.1111111111111111,0.4633333333333333,0.5133333333333333,0.3333333333333333,1.6473333333333333,0.0
0.125,0.49333333333333335,0.5766666666666667,0.125,1.8133333333333332,0.0
0.1,0.5183333333333333,0.5366666666666667,0.2,2.1973333333333334,0.0
0.125,0.5216666666666667,0.5433333333333333,0.25,1.8706666666666667,0.0
0.09090909090909091,0.5666666666666667,0.43333333333333335,0.5454545454545454,2.0206666666666666,0.0
0.1,0.5183333333333333,0.5366666666666667,0.1,2.058666666666667,0.0
0.1,0.5683333333333334,0.4766666666666666,0.7,1.8733333333333333,0.0
0.1111111111111111,0.56,0.5666666666666667,0.4444444444444444,2.0606666666666666,0.0
0.125,0.565,0.5666666666666667,0.25,1.736,0.0
0.1111111111111111,0.5366666666666667,0.5666666666666667,0.1111111111111111,2.136,0.0
0.1111111111111111,0.5466666666666666,0.5666666666666667,0.2222222222222222,2.122,0.0
0.1,0.5183333333333333,0.5700000000000001,0.5,2.048,0.0
0.1,0.5333333333333333,0.5666666666666667,0.3,2.2826666666666666,0.0
0.1111111111111111,0.52,0.5733333333333334,0.1111111111111111,1.9966666666666666,0.0
0.1111111111111111,0.4766666666666667,0.6,0.0,2.0533333333333332,0.0
0.14285714285714285,0.5233333333333333,0.5666666666666667,0.42857142857142855,1.6826666666666668,0.0
0.09090909090909091,0.43333333333333335,0.4666666666666667,0.2727272727272727,1.78,0.0
0.125,0.5216666666666667,0.5666666666666667,0.375,1.6766666666666667,0.0
0.08333333333333333,0.565,0.4666666666666667,0.4166666666666667,2.255333333333333,0.0
0.09090909090909091,0.5333333333333333,0.5,0.18181818181818182,2.13,0.0
0.125,0.5216666666666667,0.5666666666666667,0.25,1.7033333333333334,0.0
0.1111111111111111,0.5333333333333333,0.5666666666666667,0.4444444444444444,2.028,0.0
0.1,0.5399999999999999,0.5066666666666666,0.3,2.004,0.0
0.125,0.5533333333333333,0.5666666666666667,0.375,1.934,0.0
0.1,0.525,0.5700000000000001,0.3,2.0753333333333335,0.0
0.125,0.5216666666666667,0.5766666666666667,0.25,1.8086666666666666,0.0
0.1111111111111111,0.52,0.5666666666666667,0.4444444444444444,2.021333333333333,0.0
0.125,0.5416666666666666,0.6,0.125,2.02,0.0
0.125,0.5183333333333333,0.5766666666666667,0.125,1.5786666666666667,0.0
0.125,0.5416666666666666,0.5766666666666667,0.125,1.968,0.0
0.08333333333333333,0.5816666666666667,0.4633333333333333,0.5,2.2866666666666666,0.0
0.1,0.5549999999999999,0.5666666666666667,0.3,2.0966666666666667,0.0
0.1,0.535,0.5700000000000001,0.4,2.216666666666667,0.0
0.125,0.4716666666666666,0.5666666666666667,0.25,1.56,0.0
0.1111111111111111,0.52,0.6,0.2222222222222222,2.1806666666666668,0.0
0.1,0.5850000000000001,0.5700000000000001,0.6,2.26,0.0
0.08333333333333333,0.565,0.4966666666666667,0.5833333333333334,2.3826666666666667,0.0
0.1111111111111111,0.5333333333333333,0.5733333333333334,0.4444444444444444,1.8313333333333333,0.0
0.08333333333333333,0.565,0.49333333333333335,0.5833333333333334,2.336,0.0
0.09090909090909091,0.5333333333333333,0.5666666666666667,0.36363636363636365,2.2573333333333334,0.0
0.1,0.5549999999999999,0.5666666666666667,0.5,2.376,0.0
0.1111111111111111,0.56,0.5666666666666667,0.3333333333333333,2.0513333333333335,0.0
0.1111111111111111,0.5333333333333333,0.5666666666666667,0.4444444444444444,2.0946666666666665,0.0
0.09090909090909091,0.5333333333333333,0.5666666666666667,0.45454545454545453,2.3113333333333332,0.0
0.09090909090909091,0.5333333333333333,0.5666666666666667,0.45454545454545453,2.3633333333333333,0.0
0.08333333333333333,0.5583333333333333,0.4666666666666667,0.4166666666666667,2.1613333333333333,0.0
0.1,0.535,0.5700000000000001,0.2,1.9713333333333334,0.0
0.1111111111111111,0.56,0.5733333333333334,0.3333333333333333,2.09,0.0
0.125,0.565,0.5766666666666667,0.125,1.7653333333333334,0.0
0.125,0.39333333333333337,0.5766666666666667,0.125,1.4346666666666668,0.0
0.1,0.5399999999999999,0.6,0.3,2.54,0.032628000000000004
0.1111111111111111,0.5166666666666667,0.5733333333333334,0.2222222222222222,2.0553333333333335,0.0
0.1111111111111111,0.5466666666666666,0.5733333333333334,0.4444444444444444,1.858,0.0
0.125,0.5533333333333333,0.5766666666666667,0.375,1.7346666666666666,0.0
0.1,0.5183333333333333,0.5366666666666667,0.3,2.2093333333333334,0.0
0.09090909090909091,0.5166666666666667,0.6,0.09090909090909091,2.5453333333333332,0.08267814814814817
0.08333333333333333,0.5166666666666667,0.5966666666666666,0.16666666666666666,2.814,0.12894851851851855
0.07692307692307693,0.5166666666666667,0.5666666666666667,0.23076923076923078,3.0046666666666666,0.15348444444444448
0.2,0.48333333333333334,0.56,0.0,1.0053333333333334,0.0
0.1111111111111111,0.4966666666666667,0.44,0.2222222222222222,1.4673333333333334,0.0
0.14285714285714285,0.51,0.43333333333333335,0.14285714285714285,1.158,0.0
0.25,0.53,0.38999999999999996,0.25,0.7013333333333334,0.0
0.07142857142857142,0.5066666666666667,0.5666666666666667,0.21428571428571427,2.6746666666666665,0.06987496296296297
0.16666666666666666,0.575,0.5166666666666667,0.5,1.2933333333333332,0.0
0.1,0.5683333333333334,0.4799999999999999,0.5,1.8653333333333333,0.0
0.1,0.535,0.5066666666666666,0.2,1.9406666666666668,0.0
0.1,0.525,0.6,0.1,2.3366666666666664,0.00595
0.2,0.5233333333333333,0.5,0.0,1.0373333333333334,0.0
0.07692307692307693,0.53,0.5933333333333334,0.23076923076923078,2.9506666666666668,0.1009708888888889
0.07142857142857142,0.5283333333333334,0.5666666666666667,0.14285714285714285,3.0246666666666666,0.14690014814814817
0.16666666666666666,0.45,0.48333333333333334,0.0,1.0566666666666666,0.0
0.08333333333333333,0.5166666666666667,0.5966666666666666,0.16666666666666666,2.914,0.1470088888888889
0.25,0.3733333333333333,0.55,0.0,0.6766666666666666,0.0
0.09090909090909091,0.48333333333333334,0.5666666666666667,0.09090909090909091,2.3666666666666667,0.04666851851851852
0.14285714285714285,0.5233333333333333,0.58,0.14285714285714285,1.604,0.0
0.16666666666666666,0.5,0.45,0.3333333333333333,1.1106666666666667,0.0
0.07692307692307693,0.53,0.6,0.23076923076923078,3.0953333333333335,0.12200600000000002
0.09090909090909091,0.5166666666666667,0.6,0.18181818181818182,2.45,0.024811481481481497
0.125,0.5533333333333333,0.5766666666666667,0.375,1.756,0.0
0.1,0.5399999999999999,0.6,0.3,2.1506666666666665,0.0
0.1,0.5833333333333334,0.5333333333333333,0.6,2.2946666666666666,0.0
0.08333333333333333,0.5816666666666667,0.53,0.5833333333333334,2.5573333333333332,0.0
0.16666666666666666,0.55,0.4666666666666667,0.16666666666666666,1.1046666666666667,0.0
0.07142857142857142,0.5783333333333334,0.5233333333333333,0.5714285714285714,2.8666666666666667,0.04828440740740742
0.3333333333333333,0.55,0.48000000000000004,0.3333333333333333,0.648,0.0
0.058823529411764705,0.5733333333333334,0.5133333333333333,0.47058823529411764,3.3233333333333333,0.12778962962962964
0.09090909090909091,0.55,0.5333333333333333,0.2727272727272727,2.009333333333333,0.0
0.1111111111111111,0.55,0.5333333333333333,0.2222222222222222,1.7,0.0
0.09090909090909091,0.5833333333333334,0.4666666666666667,0.6363636363636364,2.271333333333333,0.0
0.16666666666666666,0.55,0.5333333333333333,0.3333333333333333,1.2433333333333334,0.0
0.07142857142857142,0.5783333333333334,0.4666666666666667,0.5,2.728,0.01587203703703705
0.08333333333333333,0.5466666666666666,0.53,0.3333333333333333,2.278,0.0
0.25,0.55,0.5466666666666666,0.0,0.984,0.0
0.07142857142857142,0.5683333333333334,0.5333333333333333,0.42857142857142855,3.0073333333333334,0.07988240740740742
0.07692307692307693,0.5466666666666666,0.5333333333333333,0.23076923076923078,2.622,0.04977096296296297
0.125,0.5883333333333333,0.52,0.375,1.798,0.0
0.14285714285714285,0.55,0.5466666666666666,0.14285714285714285,1.5793333333333333,0.0
0.09090909090909091,0.5833333333333334,0.5,0.45454545454545453,2.412,0.0
0.07692307692307693,0.5466666666666666,0.5333333333333333,0.3076923076923077,2.751333333333333,0.08095525925925927
0.09090909090909091,0.55,0.5333333333333333,0.36363636363636365,2.462,0.03588444444444446
0.14285714285714285,0.59,0.5266666666666667,0.2857142857142857,1.5293333333333334,0.0
0.07692307692307693,0.53,0.56,0.38461538461538464,2.970666666666667,0.12432622222222223
0.07692307692307693,0.53,0.56,0.23076923076923078,2.8913333333333333,0.13227622222222224
0.125,0.5483333333333333,0.5433333333333333,0.375,2.01,0.0
0.125,0.4799999999999999,0.5333333333333333,0.125,1.5986666666666667,0.0
0.1,0.5383333333333333,0.5666666666666667,0.4,2.3753333333333333,0.02106677777777779
0.25,0.5433333333333333,0.49,0.25,0.814,0.0
0.09090909090909091,0.5166666666666667,0.5333333333333333,0.2727272727272727,2.232666666666667,0.0
0.14285714285714285,0.5533333333333333,0.5466666666666666,0.2857142857142857,1.7413333333333334,0.0
0.16666666666666666,0.5916666666666667,0.5333333333333333,0.5,1.4813333333333334,0.0
0.1,0.52,0.5399999999999999,0.3,2.0473333333333334,0.0
0.07142857142857142,0.5283333333333334,0.5566666666666668,0.42857142857142855,2.9966666666666666,0.08772681481481483
0.09090909090909091,0.5166666666666667,0.5333333333333333,0.36363636363636365,2.316,0.0
0.1,0.5683333333333334,0.5066666666666666,0.5,2.175333333333333,0.0
0.125,0.5716666666666667,0.52,0.625,1.886,0.0
0.08333333333333333,0.5383333333333334,0.4633333333333333,0.3333333333333333,2.0633333333333335,0.0
0.2,0.5766666666666667,0.5,0.6,1.272,0.0
0.06666666666666667,0.5433333333333333,0.48666666666666664,0.4,2.6773333333333333,0.0
0.08333333333333333,0.565,0.49333333333333335,0.5,2.438,0.0
0.125,0.565,0.49666666666666665,0.375,1.5113333333333334,0.0
0.1,0.5683333333333334,0.5066666666666666,0.6,2.1486666666666667,0.0
0.1,0.5549999999999999,0.4766666666666666,0.3,1.8006666666666666,0.0
0.07692307692307693,0.5466666666666666,0.49333333333333335,0.38461538461538464,2.4146666666666667,0.0
0.2,0.58,0.5133333333333333,0.4,1.0626666666666666,0.0
0.16666666666666666,0.575,0.5,0.3333333333333333,1.202,0.0
0.08333333333333333,0.565,0.4966666666666667,0.5833333333333334,2.458,0.0
0.125,0.565,0.47333333333333333,0.25,1.4913333333333334,0.0
0.09090909090909091,0.55,0.5,0.36363636363636365,2.1053333333333333,0.0
0.05555555555555555,0.5549999999999999,0.4766666666666667,0.3888888888888889,3.3433333333333333,0.11314599999999998
0.058823529411764705,0.5566666666666666,0.48000000000000004,0.4117647058823529,3.204,0.09538792592592593
0.3333333333333333,0.59,0.5266666666666667,0.6666666666666666,0.7453333333333333,0.0
0.2,0.58,0.5,0.4,1.0346666666666666,0.0
0.125,0.565,0.52,0.5,1.6486666666666667,0.0
0.07142857142857142,0.5283333333333334,0.5566666666666668,0.35714285714285715,2.6406666666666667,0.03984807407407409
0.1,0.5683333333333334,0.5066666666666666,0.5,1.9193333333333333,0.0
0.1,0.535,0.5366666666666667,0.3,2.0126666666666666,0.0
0.125,0.5716666666666667,0.4766666666666667,0.5,1.554,0.0
0.08333333333333333,0.5316666666666666,0.5633333333333332,0.3333333333333333,2.378,0.0015241111111111202
0.06666666666666667,0.5533333333333333,0.5533333333333333,0.4666666666666667,3.156,0.12339333333333334
0.2,0.5033333333333333,0.43333333333333335,0.2,0.776,0.0
0.08333333333333333,0.5583333333333333,0.4966666666666667,0.5,2.228666666666667,0.0
0.1,0.5683333333333334,0.47,0.5,1.8633333333333333,0.0
0.1,0.535,0.5666666666666667,0.3,2.0686666666666667,0.0
0.05555555555555555,0.5433333333333333,0.5433333333333333,0.3888888888888889,3.6126666666666667,0.196904
0.5,0.5183333333333333,0.42,0.5,0.31933333333333336,0.0
0.06666666666666667,0.5333333333333333,0.48666666666666664,0.4,2.6853333333333333,0.011934814814814827
0.2,0.5433333333333333,0.5533333333333333,0.4,1.2466666666666666,0.0
0.07692307692307693,0.55,0.4666666666666667,0.38461538461538464,2.32,0.0
0.125,0.5716666666666667,0.5066666666666666,0.625,1.74,0.0
0.16666666666666666,0.575,0.45,0.8333333333333334,1.3453333333333333,0.0
0.06666666666666667,0.5433333333333333,0.5666666666666667,0.4,2.822,0.011458296296296307
0.07692307692307693,0.56,0.5533333333333333,0.6153846153846154,2.683333333333333,0.0
0.125,0.565,0.49666666666666665,0.375,1.484,0.0
0.1,0.5683333333333334,0.4799999999999999,0.6,2.002666666666667,0.0
0.09090909090909091,0.55,0.5666666666666667,0.45454545454545453,2.1646666666666667,0.0
0.125,0.5716666666666667,0.44333333333333336,0.75,1.608,0.0
0.07692307692307693,0.5466666666666666,0.5666666666666667,0.38461538461538464,2.5593333333333335,0.0
0.06666666666666667,0.5533333333333333,0.5399999999999999,0.6,2.9926666666666666,0.027617481481481493
0.16666666666666666,0.575,0.5,0.3333333333333333,1.1746666666666667,0.0
0.08333333333333333,0.5616666666666668,0.4666666666666667,0.5833333333333334,2.312,0.0
0.1111111111111111,0.56,0.5666666666666667,0.4444444444444444,1.8553333333333333,0.0
0.09090909090909091,0.55,0.5666666666666667,0.36363636363636365,2.25,0.0
0.05555555555555555,0.5433333333333333,0.52,0.5,3.449333333333333,0.10285903703703704
0.06666666666666667,0.5466666666666666,0.4666666666666667,0.4666666666666667,2.768666666666667,0.0
0.16666666666666666,0.575,0.5666666666666667,0.6666666666666666,1.3986666666666667,0.0
0.16666666666666666,0.5083333333333333,0.5666666666666667,0.3333333333333333,1.3266666666666667,0.0
0.08333333333333333,0.5333333333333333,0.5633333333333332,0.25,2.6253333333333333,0.045368888888888896
0.25,0.535,0.5466666666666666,0.25,0.9613333333333334,0.0
0.07142857142857142,0.5333333333333333,0.5666666666666667,0.2857142857142857,2.990666666666667,0.11496296296296296
0.1,0.5399999999999999,0.5666666666666667,0.3,2.3933333333333335,0.009744
0.125,0.5383333333333333,0.52,0.25,1.5586666666666666,0.0
0.09090909090909091,0.5333333333333333,0.5666666666666667,0.2727272727272727,2.486,0.02802962962962964
0.07692307692307693,0.5333333333333333,0.5666666666666667,0.3076923076923077,2.8513333333333333,0.09762370370370371
0.08333333333333333,0.5316666666666666,0.5666666666666667,0.25,2.6826666666666665,0.05363925925925926
0.16666666666666666,0.5416666666666666,0.5333333333333333,0.3333333333333333,1.2693333333333334,0.0
0.1111111111111111,0.45333333333333337,0.5666666666666667,0.2222222222222222,1.7553333333333334,0.0
0.1111111111111111,0.5366666666666667,0.5666666666666667,0.3333333333333333,2.1966666666666668,0.0
0.14285714285714285,0.47000000000000003,0.5266666666666667,0.14285714285714285,1.39,0.0
0.09090909090909091,0.5333333333333333,0.5666666666666667,0.36363636363636365,2.562,0.05344000000000001
0.06666666666666667,0.5333333333333333,0.5666666666666667,0.3333333333333333,3.296666666666667,0.14936888888888888
0.3333333333333333,0.52,0.5399999999999999,0.0,0.6553333333333333,0.0
0.08333333333333333,0.525,0.56,0.3333333333333333,2.3693333333333335,0.0
0.16666666666666666,0.5416666666666666,0.5666666666666667,0.16666666666666666,1.5826666666666667,0.0
0.16666666666666666,0.5583333333333333,0.5833333333333334,0.5,1.41,0.0
0.07692307692307693,0.5466666666666666,0.5666666666666667,0.38461538461538464,2.7773333333333334,0.013885333333333336
0.1111111111111111,0.56,0.5666666666666667,0.3333333333333333,1.9573333333333334,0.0
0.07142857142857142,0.545,0.5666666666666667,0.35714285714285715,3.0326666666666666,0.07014755555555556
0.08333333333333333,0.5316666666666666,0.5666666666666667,0.4166666666666667,2.5193333333333334,0.0
0.14285714285714285,0.5700000000000001,0.5666666666666667,0.42857142857142855,1.668,0.0
0.1111111111111111,0.5333333333333333,0.5733333333333334,0.3333333333333333,1.8386666666666667,0.0
0.1,0.5549999999999999,0.5666666666666667,0.5,2.3486666666666665,0.0
0.14285714285714285,0.55,0.5066666666666667,0.42857142857142855,1.444,0.0
0.08333333333333333,0.5483333333333333,0.5666666666666667,0.4166666666666667,2.743333333333333,0.025150222222222223
0.25,0.5850000000000001,0.5666666666666667,0.25,1.054,0.0
0.08333333333333333,0.5316666666666666,0.56,0.4166666666666667,2.4526666666666666,0.0
0.07692307692307693,0.5333333333333333,0.5666666666666667,0.38461538461538464,3.046666666666667,0.09809777777777778
0.06666666666666667,0.5333333333333333,0.5666666666666667,0.3333333333333333,3.441333333333333,0.1705362962962963
0.08333333333333333,0.5316666666666666,0.5666666666666667,0.4166666666666667,2.731333333333333,0.037488407407407415
0.1111111111111111,0.52,0.5733333333333334,0.3333333333333333,2.050666666666667,0.0
0.1,0.5399999999999999,0.5666666666666667,0.4,2.1193333333333335,0.0
0.14285714285714285,0.5233333333333333,0.5466666666666666,0.42857142857142855,1.656,0.0
0.08333333333333333,0.53,0.5666666666666667,0.3333333333333333,2.514,0.0
0.2,0.5133333333333333,0.5399999999999999,0.2,1.0733333333333333,0.0
0.09090909090909091,0.5166666666666667,0.5666666666666667,0.36363636363636365,2.416,0.0
0.08333333333333333,0.5483333333333333,0.56,0.25,2.488,0.0
0.08333333333333333,0.5133333333333333,0.5633333333333332,0.16666666666666666,2.470666666666667,0.03758740740740742
0.16666666666666666,0.45,0.5166666666666667,0.0,1.0586666666666666,0.0
0.08333333333333333,0.5483333333333333,0.5666666666666667,0.25,2.929333333333333,0.12655533333333333
0.08333333333333333,0.5166666666666667,0.5666666666666667,0.16666666666666666,2.912,0.15881185185185187
0.16666666666666666,0.5,0.5833333333333334,0.0,1.448,0.0
0.07142857142857142,0.5616666666666668,0.4566666666666667,0.42857142857142855,2.52,0.0
0.08333333333333333,0.5483333333333333,0.5666666666666667,0.25,2.54,0.0
0.3333333333333333,0.3766666666666667,0.5666666666666667,0.0,0.5553333333333333,0.0
0.09090909090909091,0.5166666666666667,0.6,0.0,2.453333333333333,0.06934814814814817
0.09090909090909091,0.55,0.5666666666666667,0.2727272727272727,2.4346666666666668,0.00990000000000001
0.09090909090909091,0.5333333333333333,0.5666666666666667,0.18181818181818182,2.417333333333333,0.05044148148148148
0.5,0.52,0.49,0.0,0.45,0.0
0.08333333333333333,0.48166666666666663,0.5966666666666666,0.08333333333333333,2.5986666666666665,0.06679111111111112
0.08333333333333333,0.5483333333333333,0.5633333333333332,0.3333333333333333,2.58,0.012307037037037047
0.08333333333333333,0.51,0.5633333333333332,0.25,2.562666666666667,0.05050133333333334
0.1,0.5166666666666667,0.6,0.1,2.272,0.016935185185185195
0.1,0.5549999999999999,0.5666666666666667,0.4,2.2533333333333334,0.0
0.1,0.5183333333333333,0.5666666666666667,0.3,2.236,0.0
0.08333333333333333,0.5133333333333333,0.5966666666666666,0.08333333333333333,2.696,0.09334681481481481
0.08333333333333333,0.58,0.56,0.3333333333333333,2.6773333333333333,0.03806088888888889
0.08333333333333333,0.5316666666666666,0.5633333333333332,0.25,2.66,0.075603
0.08333333333333333,0.5616666666666668,0.5966666666666666,0.25,2.7413333333333334,0.0697714814814815
0.125,0.4683333333333333,0.44333333333333336,0.375,1.2266666666666666,0.0
0.08333333333333333,0.5816666666666667,0.56,0.5,2.7226666666666666,0.0046533333333333374
0.08333333333333333,0.5633333333333332,0.5633333333333332,0.4166666666666667,2.7053333333333334,0.04764548148148148
0.1111111111111111,0.5700000000000001,0.44,0.5555555555555556,1.702,0.0
0.09090909090909091,0.48333333333333334,0.6,0.09090909090909091,2.266,0.007625925925925927
0.09090909090909091,0.55,0.5666666666666667,0.36363636363636365,2.247333333333333,0.0
0.09090909090909091,0.5166666666666667,0.5666666666666667,0.2727272727272727,2.23,0.0
0.5,0.39666666666666667,0.42,0.5,0.26266666666666666,0.0
0.1111111111111111,0.5700000000000001,0.43333333333333335,0.5555555555555556,1.6553333333333333,0.0
0.09090909090909091,0.55,0.5666666666666667,0.36363636363636365,2.294,0.0
0.09090909090909091,0.5166666666666667,0.5666666666666667,0.2727272727272727,2.276666666666667,0.005109259259259261
0.5,0.4266666666666667,0.44,0.5,0.30933333333333335,0.0
0.125,0.5716666666666667,0.44333333333333336,0.75,1.508,0.0
0.08333333333333333,0.48166666666666663,0.5966666666666666,0.0,2.46,0.03979637037037037
0.08333333333333333,0.5483333333333333,0.56,0.25,2.441333333333333,0.0
0.08333333333333333,0.5083333333333333,0.5633333333333332,0.16666666666666666,2.424,0.021847037037037036
0.1,0.5683333333333334,0.43666666666666665,0.5,1.7666666666666666,0.0
0.1,0.52,0.6,0.1,2.2013333333333334,0.0
0.1,0.5549999999999999,0.5666666666666667,0.4,2.1826666666666665,0.0
0.1,0.535,0.5666666666666667,0.3,2.1653333333333333,0.0
1.0,0.55,0.3,1.0,0.198,0.0
0.125,0.5383333333333333,0.52,0.25,1.5766666666666667,0.0
0.1,0.525,0.6,0.1,2.4113333333333333,0.034451666666666665
0.1,0.5399999999999999,0.5666666666666667,0.3,2.3753333333333333,0.014028000000000007
0.125,0.565,0.5666666666666667,0.375,1.8453333333333333,0.0
0.1,0.48666666666666664,0.6,0.0,2.1426666666666665,0.0
0.1,0.5183333333333333,0.5666666666666667,0.2,2.1066666666666665,0.0
0.09090909090909091,0.48333333333333334,0.6,0.0,2.292666666666667,0.012598888888888897
0.07692307692307693,0.5633333333333332,0.43333333333333335,0.46153846153846156,2.254,0.0
0.09090909090909091,0.5166666666666667,0.5666666666666667,0.18181818181818182,2.256666666666667,0.0
0.16666666666666666,0.575,0.5666666666666667,0.16666666666666666,1.3706666666666667,0.0
0.08333333333333333,0.5316666666666666,0.5633333333333332,0.3333333333333333,2.5813333333333333,0.043998370370370375
0.3333333333333333,0.5166666666666667,0.4666666666666667,0.6666666666666666,0.614,0.0
0.14285714285714285,0.56,0.5266666666666667,0.42857142857142855,1.4506666666666668,0.0
0.09090909090909091,0.5166666666666667,0.6,0.0,2.537333333333333,0.07919925925925927
0.09090909090909091,0.5333333333333333,0.5666666666666667,0.18181818181818182,2.501333333333333,0.06061037037037037
0.5,0.535,0.5433333333333333,0.0,0.534,0.0
0.125,0.5216666666666667,0.5666666666666667,0.25,1.846,0.0
1.0,0.23333333333333334,0.43333333333333335,0.0,0.12133333333333333,0.0
0.08333333333333333,0.5166666666666667,0.5966666666666666,0.08333333333333333,2.9306666666666668,0.14634296296296298
0.08333333333333333,0.5483333333333333,0.5666666666666667,0.3333333333333333,2.912,0.09158385185185186
0.09090909090909091,0.48333333333333334,0.6,0.09090909090909091,2.3686666666666665,0.03562703703703704
0.09090909090909091,0.55,0.5666666666666667,0.36363636363636365,2.35,0.0
0.5,0.4066666666666666,0.5399999999999999,0.5,0.36533333333333334,0.0
0.08333333333333333,0.48166666666666663,0.5966666666666666,0.0,2.5566666666666666,0.06543174074074075
0.08333333333333333,0.5483333333333333,0.56,0.25,2.538,0.010759518518518526
0.09090909090909091,0.5166666666666667,0.6,0.09090909090909091,2.5233333333333334,0.02508703703703705
0.09090909090909091,0.6,0.5666666666666667,0.36363636363636365,2.5046666666666666,0.0
0.09090909090909091,0.5333333333333333,0.5666666666666667,0.2727272727272727,2.4873333333333334,0.004752592592592597
0.5,0.5633333333333332,0.55,0.5,0.52,0.0
0.08333333333333333,0.515,0.5966666666666666,0.16666666666666666,2.684,0.08172477777777779
0.07142857142857142,0.5616666666666668,0.49000000000000005,0.5714285714285714,2.6453333333333333,0.0
0.08333333333333333,0.5483333333333333,0.5666666666666667,0.4166666666666667,2.6653333333333333,0.023285888888888898
0.08333333333333333,0.5316666666666666,0.5666666666666667,0.3333333333333333,2.648,0.06329196296296297
0.3333333333333333,0.5266666666666667,0.5533333333333333,0.6666666666666666,0.6806666666666666,0.0
0.09090909090909091,0.48333333333333334,0.6,0.0,2.398,0.03820481481481482
0.09090909090909091,0.55,0.5666666666666667,0.2727272727272727,2.3793333333333333,0.0
0.09090909090909091,0.5166666666666667,0.5666666666666667,0.18181818181818182,2.362,0.02035666666666668
0.08333333333333333,0.5483333333333333,0.56,0.4166666666666667,2.592,0.0
0.08333333333333333,0.5166666666666667,0.5633333333333332,0.3333333333333333,2.574666666666667,0.021872222222222223
0.3333333333333333,0.5033333333333333,0.46,0.6666666666666666,0.6073333333333333,0.0
0.1111111111111111,0.49,0.6,0.0,2.0033333333333334,0.0
0.1,0.5399999999999999,0.5700000000000001,0.5,2.2026666666666666,0.0
0.09090909090909091,0.48333333333333334,0.5333333333333333,0.36363636363636365,2.076,0.0
0.1,0.5850000000000001,0.5666666666666667,0.6,2.234,0.0
0.08333333333333333,0.5733333333333335,0.5633333333333332,0.5,2.6946666666666665,0.0
0.14285714285714285,0.5333333333333333,0.4666666666666667,0.5714285714285714,1.516,0.0
0.125,0.5883333333333333,0.5433333333333333,0.75,1.8393333333333333,0.0
0.125,0.48833333333333334,0.51,0.375,1.384,0.0
0.08333333333333333,0.575,0.5633333333333332,0.5833333333333334,2.756,0.020738333333333345
0.1111111111111111,0.5066666666666667,0.5666666666666667,0.5555555555555556,1.954,0.0
0.1,0.48500000000000004,0.5033333333333333,0.3,1.8033333333333332,0.0
0.09090909090909091,0.5833333333333334,0.5666666666666667,0.6363636363636364,2.402,0.0
0.25,0.44833333333333336,0.49,0.5,0.6466666666666666,0.0
0.14285714285714285,0.59,0.5666666666666667,0.42857142857142855,1.7586666666666666,0.0
0.08333333333333333,0.48333333333333334,0.4966666666666667,0.4166666666666667,2.0846666666666667,0.0
0.14285714285714285,0.59,0.5466666666666666,0.7142857142857143,1.7126666666666666,0.0
0.16666666666666666,0.6,0.5333333333333333,0.6666666666666666,1.4066666666666667,0.0
0.16666666666666666,0.5416666666666666,0.5166666666666667,0.5,1.3366666666666667,0.0
0.2,0.49333333333333335,0.4666666666666667,0.6,1.022,0.0
0.07692307692307693,0.4966666666666667,0.49333333333333335,0.46153846153846156,2.378,0.0
0.25,0.295,0.5,0.25,0.618,0.0
0.14285714285714285,0.53,0.5466666666666666,0.5714285714285714,1.4346666666666668,0.0
0.25,0.565,0.4666666666666667,0.75,0.8293333333333334,0.0
0.07692307692307693,0.48333333333333334,0.49333333333333335,0.38461538461538464,2.3033333333333332,0.0
0.09090909090909091,0.6,0.5666666666666667,0.6363636363636364,2.5766666666666667,0.0
0.09090909090909091,0.48333333333333334,0.5,0.36363636363636365,1.9713333333333334,0.0
0.1,0.48500000000000004,0.47,0.5,1.8206666666666667,0.0
0.2,0.5266666666666667,0.52,0.6,1.0906666666666667,0.0
0.1111111111111111,0.5866666666666667,0.5666666666666667,0.4444444444444444,2.0113333333333334,0.0
0.1,0.5850000000000001,0.5366666666666667,0.7,2.3613333333333335,0.0
0.1111111111111111,0.5866666666666667,0.5666666666666667,0.5555555555555556,2.202,0.0
0.16666666666666666,0.5416666666666666,0.5166666666666667,0.6666666666666666,1.2453333333333334,0.0
0.08333333333333333,0.48333333333333334,0.4966666666666667,0.4166666666666667,2.215333333333333,0.0
0.14285714285714285,0.59,0.5666666666666667,0.5714285714285714,1.708,0.0
0.06666666666666667,0.48333333333333334,0.5333333333333333,0.4666666666666667,2.8446666666666665,0.03543370370370372
0.125,0.5883333333333333,0.5666666666666667,0.5,1.8513333333333333,0.0
0.09090909090909091,0.48333333333333334,0.5,0.36363636363636365,1.93,0.0
0.1,0.48500000000000004,0.5333333333333333,0.5,1.7666666666666666,0.0
0.1111111111111111,0.5866666666666667,0.5666666666666667,0.4444444444444444,2.0566666666666666,0.0
0.09090909090909091,0.48333333333333334,0.5333333333333333,0.5454545454545454,2.064,0.0
0.07142857142857142,0.49500000000000005,0.5233333333333333,0.42857142857142855,2.720666666666667,0.016687
0.1,0.5850000000000001,0.5666666666666667,0.5,2.267333333333333,0.0
0.14285714285714285,0.53,0.5,0.42857142857142855,1.2793333333333334,0.0
0.125,0.5133333333333333,0.5433333333333333,0.5,1.6446666666666667,0.0
0.08333333333333333,0.4983333333333333,0.4666666666666667,0.5833333333333334,2.2773333333333334,0.0
0.16666666666666666,0.49166666666666664,0.48333333333333334,0.5,1.1686666666666667,0.0
0.2,0.49333333333333335,0.4666666666666667,0.8,0.9713333333333334,0.0
0.125,0.5183333333333333,0.5666666666666667,0.5,1.8273333333333333,0.0
0.25,0.565,0.49,0.75,0.784,0.0
0.1111111111111111,0.48666666666666664,0.5066666666666666,0.4444444444444444,1.5106666666666666,0.0
0.125,0.5133333333333333,0.5433333333333333,0.5,1.69,0.0
0.08333333333333333,0.48333333333333334,0.5,0.3333333333333333,2.1313333333333335,0.0
0.125,0.5883333333333333,0.5433333333333333,0.75,1.8673333333333333,0.0
0.1,0.48500000000000004,0.5033333333333333,0.5,1.6653333333333333,0.0
0.1,0.34833333333333333,0.5033333333333333,0.3,1.6093333333333333,0.0
0.1,0.48333333333333334,0.5033333333333333,0.3,1.6413333333333333,0.0
0.07142857142857142,0.48333333333333334,0.5233333333333333,0.35714285714285715,2.4926666666666666,0.007744074074074085
0.1,0.5850000000000001,0.5666666666666667,0.5,2.312666666666667,0.0
0.1,0.48500000000000004,0.47333333333333333,0.5,1.808,0.0
0.1,0.5850000000000001,0.5666666666666667,0.6,2.275333333333333,0.0
0.16666666666666666,0.5416666666666666,0.48333333333333334,0.6666666666666666,1.1573333333333333,0.0
0.16666666666666666,0.5416666666666666,0.5166666666666667,0.5,1.224,0.0
0.08333333333333333,0.48333333333333334,0.5266666666666667,0.4166666666666667,2.2026666666666666,0.0
0.1,0.5850000000000001,0.5366666666666667,0.6,2.3,0.0
0.1,0.4083333333333333,0.5333333333333333,0.4,1.7053333333333334,0.0
0.06666666666666667,0.45,0.5333333333333333,0.4,2.654,0.0043600000000000114
0.14285714285714285,0.49,0.48000000000000004,0.42857142857142855,1.312,0.0
0.14285714285714285,0.49,0.48000000000000004,0.5714285714285714,1.3366666666666667,0.0
0.07692307692307693,0.48333333333333334,0.5,0.38461538461538464,2.258,0.0
0.25,0.545,0.49,0.5,0.8346666666666667,0.0
0.06666666666666667,0.48333333333333334,0.48666666666666664,0.4666666666666667,2.652,0.01748592592592593
0.14285714285714285,0.43333333333333335,0.5466666666666666,0.42857142857142855,1.3646666666666667,0.0
0.09090909090909091,0.5833333333333334,0.5666666666666667,0.45454545454545453,2.3846666666666665,0.0
0.1,0.5083333333333333,0.4766666666666666,0.5,2.037333333333333,0.0
0.16666666666666666,0.5416666666666666,0.5333333333333333,0.5,1.3366666666666667,0.0
0.14285714285714285,0.53,0.5466666666666666,0.5714285714285714,1.638,0.0
0.125,0.5883333333333333,0.5433333333333333,0.5,1.7653333333333334,0.0
0.16666666666666666,0.55,0.5166666666666667,0.6666666666666666,1.398,0.0
0.125,0.5299999999999999,0.4766666666666667,0.625,1.638,0.0
0.0625,0.5416666666666666,0.5333333333333333,0.5625,3.223333333333333,0.10809259259259259
0.09090909090909091,0.5,0.5333333333333333,0.36363636363636365,2.058666666666667,0.0
0.07142857142857142,0.49500000000000005,0.5333333333333333,0.42857142857142855,2.808666666666667,0.04452800000000001
0.3333333333333333,0.46,0.49333333333333335,0.3333333333333333,0.52,0.0
0.125,0.5883333333333333,0.5666666666666667,0.5,1.8813333333333333,0.0
0.25,0.5950000000000001,0.4666666666666667,0.75,0.9546666666666667,0.0
0.2,0.5266666666666667,0.5066666666666666,0.4,0.952,0.0
0.16666666666666666,0.55,0.4666666666666667,0.6666666666666666,1.3233333333333333,0.0
0.1,0.5850000000000001,0.5666666666666667,0.4,2.300666666666667,0.0
0.09090909090909091,0.5833333333333334,0.5666666666666667,0.45454545454545453,2.3973333333333335,0.0
0.09090909090909091,0.48333333333333334,0.4666666666666667,0.5454545454545454,1.9753333333333334,0.0
0.14285714285714285,0.49,0.5133333333333333,0.42857142857142855,1.254,0.0
0.14285714285714285,0.5400000000000001,0.5266666666666667,0.5714285714285714,1.5993333333333333,0.0
0.058823529411764705,0.49,0.5133333333333333,0.4117647058823529,3.308,0.10126666666666666
0.07692307692307693,0.48333333333333334,0.5266666666666667,0.46153846153846156,2.354,0.0
0.08333333333333333,0.5983333333333333,0.5633333333333332,0.5833333333333334,2.736666666666667,0.004347888888888892
0.09090909090909091,0.5833333333333334,0.5666666666666667,0.5454545454545454,2.422,0.0
0.2,0.6,0.5266666666666667,0.8,1.2466666666666666,0.0
0.25,0.44833333333333336,0.5366666666666667,0.25,0.7546666666666667,0.0
0.07692307692307693,0.4966666666666667,0.49333333333333335,0.46153846153846156,2.4406666666666665,0.0069422962962963
0.1111111111111111,0.5866666666666667,0.5399999999999999,0.6666666666666666,2.0273333333333334,0.0
0.07692307692307693,0.48333333333333334,0.4666666666666667,0.5384615384615384,2.362,0.0
0.1111111111111111,0.5033333333333334,0.5399999999999999,0.4444444444444444,1.8046666666666666,0.0
0.06666666666666667,0.49333333333333335,0.52,0.3333333333333333,2.764666666666667,0.058421629629629636
0.5,0.31166666666666665,0.48333333333333334,0.5,0.2866666666666667,0.0
0.14285714285714285,0.4133333333333334,0.48000000000000004,0.2857142857142857,1.2093333333333334,0.0
0.16666666666666666,0.6,0.5166666666666667,0.6666666666666666,1.452,0.0
0.14285714285714285,0.59,0.5666666666666667,0.42857142857142855,1.7133333333333334,0.0
0.125,0.5883333333333333,0.5433333333333333,0.625,1.8726666666666667,0.0
0.5,0.4716666666666667,0.44666666666666666,0.5,0.36,0.0
0.3333333333333333,0.5766666666666667,0.4266666666666667,1.0,0.624,0.0
0.08333333333333333,0.5733333333333335,0.5633333333333332,0.4166666666666667,2.5446666666666666,0.0
0.1111111111111111,0.36333333333333334,0.5066666666666666,0.3333333333333333,1.4493333333333334,0.0
0.08333333333333333,0.48333333333333334,0.4966666666666667,0.4166666666666667,2.098,0.0
0.09090909090909091,0.48333333333333334,0.5333333333333333,0.45454545454545453,2.232,0.0
0.1111111111111111,0.6,0.5666666666666667,0.5555555555555556,2.1826666666666665,0.0
0.125,0.5883333333333333,0.5666666666666667,0.5,1.868,0.0
0.08333333333333333,0.48333333333333334,0.53,0.4166666666666667,2.227333333333333,0.0
0.1111111111111111,0.5866666666666667,0.5399999999999999,0.5555555555555556,2.078,0.0
0.09090909090909091,0.3333333333333333,0.5333333333333333,0.2727272727272727,1.844,0.0
0.1,0.49499999999999994,0.5666666666666667,0.5,2.1553333333333335,0.0
0.1,0.48333333333333334,0.5033333333333333,0.4,1.604,0.0
0.16666666666666666,0.5416666666666666,0.4666666666666667,0.6666666666666666,1.2113333333333334,0.0
0.08333333333333333,0.48333333333333334,0.5633333333333332,0.4166666666666667,2.574666666666667,0.0
0.16666666666666666,0.5416666666666666,0.4666666666666667,0.5,1.262,0.0
0.1,0.4933333333333333,0.5366666666666667,0.4,1.9346666666666668,0.0
0.07142857142857142,0.48333333333333334,0.49000000000000005,0.42857142857142855,2.484,0.0012459259259259318
0.05263157894736842,0.48666666666666664,0.5333333333333333,0.42105263157894735,3.574666666666667,0.1665914074074074
0.5,0.36166666666666664,0.4533333333333333,0.5,0.332,0.0
0.14285714285714285,0.53,0.4666666666666667,0.7142857142857143,1.3833333333333333,0.0
0.1111111111111111,0.5066666666666667,0.5666666666666667,0.4444444444444444,1.9873333333333334,0.0
0.2,0.5533333333333333,0.48666666666666664,0.6,0.9893333333333333,0.0
0.07142857142857142,0.49500000000000005,0.49000000000000005,0.5,2.5673333333333335,0.01945900000000001
0.3333333333333333,0.5633333333333332,0.4666666666666667,0.6666666666666666,0.6746666666666666,0.0
0.07692307692307693,0.5633333333333334,0.56,0.46153846153846156,2.8546666666666667,0.0
0.14285714285714285,0.5400000000000001,0.4666666666666667,0.7142857142857143,1.478,0.0
0.125,0.5183333333333333,0.4666666666666667,0.625,1.5433333333333332,0.0
0.3333333333333333,0.5566666666666666,0.5466666666666666,0.6666666666666666,0.7906666666666666,0.0
0.14285714285714285,0.59,0.5666666666666667,0.5714285714285714,1.68,0.0
0.2,0.5933333333333334,0.5399999999999999,0.6,1.2173333333333334,0.0
0.2,0.5933333333333334,0.48666666666666664,0.6,1.1146666666666667,0.0
0.06666666666666667,0.49333333333333335,0.48666666666666664,0.5333333333333333,2.997333333333333,0.040606814814814825
0.16666666666666666,0.49166666666666664,0.55,0.3333333333333333,1.208,0.0
0.14285714285714285,0.5233333333333333,0.5466666666666666,0.5714285714285714,1.4846666666666666,0.0
0.2,0.5933333333333334,0.48666666666666664,0.8,1.064,0.0
0.1111111111111111,0.48666666666666664,0.47333333333333333,0.5555555555555556,1.6773333333333333,0.0
0.1111111111111111,0.6,0.5399999999999999,0.7777777777777778,2.182,0.0
0.1111111111111111,0.5066666666666667,0.5666666666666667,0.5555555555555556,1.982,0.0
0.09090909090909091,0.48333333333333334,0.5666666666666667,0.45454545454545453,2.3473333333333333,0.0
0.14285714285714285,0.53,0.5466666666666666,0.5714285714285714,1.5926666666666667,0.0
0.1,0.48500000000000004,0.47,0.5,1.8073333333333332,0.0
0.1,0.5083333333333333,0.5366666666666667,0.6,2.1333333333333333,0.0
0.09090909090909091,0.5,0.4666666666666667,0.5454545454545454,2.1006666666666667,0.0
0.08333333333333333,0.4983333333333333,0.5266666666666667,0.5,2.4306666666666668,0.0
0.125,0.6,0.5666666666666667,0.625,2.022666666666667,0.0
0.1,0.48500000000000004,0.5033333333333333,0.4,1.716,0.0
0.16666666666666666,0.5083333333333333,0.5,0.3333333333333333,1.1246666666666667,0.0
0.1111111111111111,0.5866666666666667,0.5399999999999999,0.6666666666666666,1.954,0.0
0.125,0.5133333333333333,0.5433333333333333,0.625,1.6526666666666667,0.0
0.08333333333333333,0.4983333333333333,0.4666666666666667,0.5833333333333334,2.29,0.0
0.16666666666666666,0.5416666666666666,0.5,0.5,1.1066666666666667,0.0
0.1111111111111111,0.5866666666666667,0.5399999999999999,0.5555555555555556,2.002666666666667,0.0
0.16666666666666666,0.5416666666666666,0.5,0.5,1.074,0.0
0.07692307692307693,0.48333333333333334,0.5266666666666667,0.3076923076923077,2.366,0.0
0.2,0.5533333333333333,0.4666666666666667,0.8,0.956,0.0
0.1,0.48500000000000004,0.5033333333333333,0.4,1.6706666666666667,0.0
0.08333333333333333,0.4983333333333333,0.4966666666666667,0.4166666666666667,2.21,0.0
0.07142857142857142,0.5583333333333335,0.5133333333333334,0.6428571428571429,3.0753333333333335,0.04316537037037039
0.1111111111111111,0.48666666666666664,0.4666666666666667,0.5555555555555556,1.7226666666666666,0.0
0.07692307692307693,0.4966666666666667,0.4666666666666667,0.5384615384615384,2.482,0.011798592592592595
0.16666666666666666,0.5916666666666667,0.48333333333333334,0.6666666666666666,1.2693333333333334,0.0
0.16666666666666666,0.5916666666666667,0.5666666666666667,0.5,1.5533333333333332,0.0
0.1,0.5850000000000001,0.5666666666666667,0.6,2.262,0.0
0.14285714285714285,0.53,0.5133333333333333,0.42857142857142855,1.2666666666666666,0.0
0.1111111111111111,0.5866666666666667,0.5666666666666667,0.5555555555555556,2.1073333333333335,0.0
0.1,0.6,0.5666666666666667,0.6,2.296666666666667,0.0
0.09090909090909091,0.5,0.5666666666666667,0.5454545454545454,2.476,0.0
0.08333333333333333,0.4983333333333333,0.4966666666666667,0.4166666666666667,2.251333333333333,0.0
0.07692307692307693,0.48333333333333334,0.4666666666666667,0.5384615384615384,2.3746666666666667,0.0
0.08333333333333333,0.4683333333333334,0.4966666666666667,0.4166666666666667,2.0033333333333334,0.0
0.1111111111111111,0.5866666666666667,0.5666666666666667,0.5555555555555556,1.978,0.0
0.07692307692307693,0.48333333333333334,0.5266666666666667,0.3076923076923077,2.324666666666667,0.0
0.14285714285714285,0.53,0.48000000000000004,0.5714285714285714,1.3886666666666667,0.0
0.14285714285714285,0.53,0.48000000000000004,0.42857142857142855,1.422,0.0
0.14285714285714285,0.5400000000000001,0.48000000000000004,0.7142857142857143,1.4326666666666668,0.0
0.25,0.5533333333333333,0.4666666666666667,0.5,0.8673333333333333,0.0
0.09090909090909091,0.48333333333333334,0.4666666666666667,0.45454545454545453,2.0,0.0
0.06666666666666667,0.49333333333333335,0.48666666666666664,0.4666666666666667,2.759333333333333,0.06451703703703704
0.125,0.5183333333333333,0.4766666666666667,0.625,1.5433333333333332,0.0
0.14285714285714285,0.53,0.5266666666666667,0.42857142857142855,1.384,0.0
0.07692307692307693,0.4966666666666667,0.5266666666666667,0.38461538461538464,2.5526666666666666,5.5185185185188304e-05
0.125,0.5133333333333333,0.5433333333333333,0.625,1.6113333333333333,0.0
0.1111111111111111,0.5866666666666667,0.5666666666666667,0.4444444444444444,2.1406666666666667,0.0
0.1,0.5850000000000001,0.5666666666666667,0.4,2.1413333333333333,0.0
0.09090909090909091,0.48333333333333334,0.5,0.5454545454545454,2.0766666666666667,0.0
0.1111111111111111,0.5866666666666667,0.5399999999999999,0.5555555555555556,1.99,0.0
0.14285714285714285,0.53,0.48000000000000004,0.7142857142857143,1.338,0.0
0.09090909090909091,0.48333333333333334,0.5,0.45454545454545453,1.968,0.0
0.09090909090909091,0.48333333333333334,0.5,0.45454545454545453,1.9806666666666666,0.0
0.2,0.43666666666666665,0.5,0.2,0.81,0.0
0.1,0.37833333333333324,0.5033333333333333,0.3,1.6546666666666667,0.0
0.125,0.525,0.4666666666666667,0.625,1.6426666666666667,0.0
0.058823529411764705,0.5333333333333333,0.5133333333333333,0.47058823529411764,3.3866666666666667,0.13283555555555557
0.06666666666666667,0.55,0.5066666666666666,0.5333333333333333,3.0966666666666667,0.06383666666666668
0.3333333333333333,0.3266666666666667,0.5466666666666666,0.3333333333333333,0.5626666666666666,0.0
0.1,0.48500000000000004,0.5366666666666667,0.3,1.7786666666666666,0.0
0.09090909090909091,0.48333333333333334,0.5333333333333333,0.36363636363636365,1.9053333333333333,0.0
0.14285714285714285,0.6,0.5266666666666667,0.5714285714285714,1.612,0.0
0.16666666666666666,0.5416666666666666,0.48333333333333334,0.6666666666666666,1.116,0.0
0.1111111111111111,0.5066666666666667,0.5666666666666667,0.4444444444444444,2.0326666666666666,0.0
0.1,0.49499999999999994,0.5666666666666667,0.4,2.1046666666666667,0.0
0.2,0.5533333333333333,0.5066666666666666,0.8,1.0853333333333333,0.0
0.25,0.4583333333333333,0.5233333333333333,0.5,0.776,0.0
0.14285714285714285,0.59,0.5666666666666667,0.5714285714285714,1.7213333333333334,0.0
0.125,0.5883333333333333,0.5666666666666667,0.375,1.8433333333333333,0.0
0.16666666666666666,0.48333333333333334,0.48333333333333334,0.3333333333333333,1.1073333333333333,0.0
0.08333333333333333,0.48333333333333334,0.4966666666666667,0.3333333333333333,2.1353333333333335,0.0
0.25,0.44833333333333336,0.49,0.5,0.688,0.0
0.09090909090909091,0.48333333333333334,0.5666666666666667,0.45454545454545453,2.4146666666666667,0.0
0.09090909090909091,0.5833333333333334,0.5666666666666667,0.45454545454545453,2.4386666666666668,0.0
0.16666666666666666,0.5416666666666666,0.5166666666666667,0.5,1.382,0.0
0.1111111111111111,0.5066666666666667,0.5399999999999999,0.5555555555555556,1.8906666666666667,0.0
0.06666666666666667,0.49333333333333335,0.5333333333333333,0.5333333333333333,2.9433333333333334,0.05240296296296297
0.1,0.4933333333333333,0.5366666666666667,0.5,2.072,0.0
0.09090909090909091,0.5,0.5333333333333333,0.45454545454545453,2.1333333333333333,0.0
0.2,0.5533333333333333,0.48666666666666664,0.8,0.952,0.0
0.125,0.48833333333333334,0.4666666666666667,0.5,1.568,0.0
0.16666666666666666,0.48333333333333334,0.4666666666666667,0.5,1.074,0.0
0.09090909090909091,0.5,0.5,0.45454545454545453,2.013333333333333,0.0
0.125,0.5183333333333333,0.4766666666666667,0.5,1.5766666666666667,0.0
0.125,0.5883333333333333,0.5433333333333333,0.625,1.918,0.0
0.2,0.5533333333333333,0.48666666666666664,0.8,0.9106666666666666,0.0
0.125,0.5133333333333333,0.5433333333333333,0.625,1.6393333333333333,0.0
0.08333333333333333,0.48333333333333334,0.5,0.3333333333333333,2.09,0.0
0.14285714285714285,0.53,0.4666666666666667,0.5714285714285714,1.4166666666666667,0.0
0.08333333333333333,0.48333333333333334,0.53,0.4166666666666667,2.186,0.0
0.1,0.49499999999999994,0.5666666666666667,0.4,2.1173333333333333,0.0
0.1111111111111111,0.5033333333333334,0.5399999999999999,0.4444444444444444,1.762,0.0
0.07142857142857142,0.48333333333333334,0.49000000000000005,0.42857142857142855,2.525333333333333,0.00524148148148149
0.14285714285714285,0.59,0.5266666666666667,0.5714285714285714,1.4586666666666666,0.0
0.16666666666666666,0.5916666666666667,0.55,0.6666666666666666,1.4,0.0
0.1,0.5850000000000001,0.5366666666666667,0.6,2.114,0.0
0.2,0.5533333333333333,0.5399999999999999,0.4,1.1426666666666667,0.0
0.07692307692307693,0.46666666666666673,0.56,0.38461538461538464,2.562666666666667,0.0
0.05263157894736842,0.48666666666666664,0.5399999999999999,0.42105263157894735,3.7986666666666666,0.17896355555555554
0.058823529411764705,0.49,0.5333333333333333,0.47058823529411764,3.404,0.11381066666666667
0.125,0.5133333333333333,0.5433333333333333,0.5,1.6446666666666667,0.0
0.07142857142857142,0.49500000000000005,0.5133333333333334,0.5714285714285714,2.8473333333333333,0.029513000000000015
0.2,0.43666666666666665,0.4666666666666667,0.4,0.9193333333333333,0.0
0.16666666666666666,0.5083333333333333,0.5333333333333333,0.3333333333333333,1.2293333333333334,0.0
0.07692307692307693,0.4966666666666667,0.5266666666666667,0.38461538461538464,2.594,0.004160962962962969
0.16666666666666666,0.6,0.5333333333333333,0.5,1.4573333333333334,0.0
0.16666666666666666,0.5083333333333333,0.5166666666666667,0.3333333333333333,1.112,0.0
0.08333333333333333,0.48333333333333334,0.4966666666666667,0.4166666666666667,2.126,0.0
0.25,0.5533333333333333,0.49,0.5,0.8,0.0
0.09090909090909091,0.5,0.4666666666666667,0.5454545454545454,2.088,0.0
0.09090909090909091,0.48333333333333334,0.4666666666666667,0.5454545454545454,1.9626666666666666,0.0
0.125,0.5883333333333333,0.5666666666666667,0.375,1.8306666666666667,0.0
0.16666666666666666,0.5916666666666667,0.5333333333333333,0.5,1.304,0.0
0.125,0.5183333333333333,0.5433333333333333,0.625,1.7926666666666666,0.0
0.2,0.5933333333333334,0.5266666666666667,0.6,1.144,0.0
0.14285714285714285,0.53,0.5066666666666667,0.5714285714285714,1.5366666666666666,0.0
0.25,0.565,0.5366666666666667,0.5,0.9826666666666667,0.0
0.1,0.4933333333333333,0.5033333333333333,0.4,1.7293333333333334,0.0
0.2,0.5433333333333333,0.4666666666666667,0.6,0.994,0.0
0.5,0.5566666666666666,0.39333333333333337,1.0,0.4066666666666667,0.0
0.08333333333333333,0.4983333333333333,0.53,0.5833333333333334,2.5393333333333334,0.0
0.07142857142857142,0.49500000000000005,0.5333333333333333,0.5,2.816666666666667,0.040040000000000006
0.125,0.5299999999999999,0.49666666666666665,0.625,1.8253333333333333,0.0
0.1,0.51,0.5,0.6,1.8906666666666667,0.0
0.3333333333333333,0.46,0.44,0.6666666666666666,0.4866666666666667,0.0
0.09090909090909091,0.48333333333333334,0.5,0.2727272727272727,1.8013333333333332,0.0
0.1111111111111111,0.48333333333333334,0.5066666666666666,0.3333333333333333,1.5113333333333334,0.0
0.1,0.51,0.5033333333333333,0.5,1.8533333333333333,0.0
0.07692307692307693,0.48333333333333334,0.49333333333333335,0.46153846153846156,2.252666666666667,0.0
0.5,0.5783333333333334,0.5566666666666666,0.5,0.6226666666666667,0.0
0.08333333333333333,0.5733333333333335,0.53,0.5833333333333334,2.474,0.0
0.16666666666666666,0.4083333333333333,0.5,0.3333333333333333,0.9913333333333333,0.0
0.1111111111111111,0.5066666666666667,0.5666666666666667,0.5555555555555556,1.9953333333333334,0.0
0.09090909090909091,0.5,0.5333333333333333,0.5454545454545454,2.2933333333333334,0.0
0.1,0.49499999999999994,0.5366666666666667,0.3,1.9453333333333334,0.0
0.14285714285714285,0.5333333333333333,0.5066666666666667,0.5714285714285714,1.45,0.0
0.09090909090909091,0.48333333333333334,0.5333333333333333,0.36363636363636365,2.072,0.0
0.07692307692307693,0.4966666666666667,0.4666666666666667,0.5384615384615384,2.469333333333333,0.0
0.0625,0.49166666666666664,0.5333333333333333,0.5,3.1246666666666667,0.08193351851851852
0.1,0.48500000000000004,0.47333333333333333,0.5,1.7946666666666666,0.0
0.09090909090909091,0.48333333333333334,0.5333333333333333,0.45454545454545453,2.168,0.0
0.16666666666666666,0.5416666666666666,0.5166666666666667,0.6666666666666666,1.3446666666666667,0.0
0.08333333333333333,0.475,0.5333333333333333,0.5,2.2946666666666666,0.0
0.1111111111111111,0.5166666666666667,0.4866666666666667,0.4444444444444444,1.9106666666666667,0.0
0.1,0.49499999999999994,0.5033333333333333,0.5,1.6913333333333334,0.0
0.2,0.5533333333333333,0.4666666666666667,1.0,0.9186666666666666,0.0
0.07142857142857142,0.49500000000000005,0.49000000000000005,0.42857142857142855,2.6326666666666667,0.05219500000000001
0.125,0.36666666666666664,0.51,0.375,1.1766666666666667,0.0
0.09090909090909091,0.36666666666666664,0.5,0.2727272727272727,1.8146666666666667,0.0
0.16666666666666666,0.55,0.4666666666666667,0.8333333333333334,1.2726666666666666,0.0
0.25,0.3466666666666667,0.49,0.25,0.6633333333333333,0.0
0.07692307692307693,0.4966666666666667,0.49333333333333335,0.5384615384615384,2.424,0.0
0.06666666666666667,0.49333333333333335,0.5533333333333333,0.5333333333333333,3.19,0.05892592592592593
0.1,0.5850000000000001,0.5366666666666667,0.7,2.0806666666666667,0.0
0.09090909090909091,0.48333333333333334,0.5666666666666667,0.45454545454545453,2.244,0.0
0.125,0.5183333333333333,0.5433333333333333,0.5,1.798,0.0
0.16666666666666666,0.5416666666666666,0.48333333333333334,0.5,1.1193333333333333,0.0
0.125,0.5883333333333333,0.49666666666666665,0.625,1.6306666666666667,0.0
0.07692307692307693,0.4966666666666667,0.5333333333333333,0.46153846153846156,2.441333333333333,0.01303474074074075
0.1111111111111111,0.5866666666666667,0.5399999999999999,0.5555555555555556,1.892,0.0
0.125,0.5183333333333333,0.5433333333333333,0.625,1.7473333333333334,0.0
0.1,0.48500000000000004,0.5033333333333333,0.5,1.95,0.0
0.1,0.6,0.5366666666666667,0.7,2.216666666666667,0.0
0.125,0.5883333333333333,0.5433333333333333,0.625,1.732,0.0
0.5,0.46499999999999997,0.44666666666666666,1.0,0.32266666666666666,0.0
0.08333333333333333,0.475,0.5333333333333333,0.4166666666666667,2.1786666666666665,0.0
0.06666666666666667,0.49333333333333335,0.5333333333333333,0.4666666666666667,2.8273333333333333,0.0731448888888889
0.16666666666666666,0.5416666666666666,0.5166666666666667,0.5,1.378,0.0
0.08333333333333333,0.4983333333333333,0.53,0.4166666666666667,2.1853333333333333,0.0
0.09090909090909091,0.6,0.5666666666666667,0.6363636363636364,2.4233333333333333,0.0
0.1,0.49499999999999994,0.5666666666666667,0.6,2.122,0.0
0.1,0.5083333333333333,0.47,0.5,1.974,0.0
0.08333333333333333,0.4983333333333333,0.5633333333333332,0.5833333333333334,2.6026666666666665,0.0
0.2,0.43666666666666665,0.5399999999999999,0.2,0.9146666666666666,0.0
0.1111111111111111,0.5866666666666667,0.5399999999999999,0.6666666666666666,1.9993333333333334,0.0
0.09090909090909091,0.48333333333333334,0.5,0.36363636363636365,2.0886666666666667,0.0
0.1,0.5850000000000001,0.5666666666666667,0.6,2.1326666666666667,0.0
0.1,0.5850000000000001,0.5666666666666667,0.6,2.146,0.0
0.1111111111111111,0.48666666666666664,0.5333333333333333,0.4444444444444444,1.64,0.0
0.1111111111111111,0.6,0.5666666666666667,0.6666666666666666,2.1493333333333333,0.0
0.125,0.5883333333333333,0.5666666666666667,0.5,1.8853333333333333,0.0
0.09090909090909091,0.48333333333333334,0.5333333333333333,0.5454545454545454,2.1986666666666665,0.0
0.1,0.51,0.5366666666666667,0.4,2.006666666666667,0.0
0.2,0.43666666666666665,0.52,0.2,0.7973333333333333,0.0
0.2,0.5933333333333334,0.4666666666666667,0.8,1.1093333333333333,0.0
0.125,0.5883333333333333,0.5666666666666667,0.5,1.84,0.0
0.1111111111111111,0.36333333333333334,0.5066666666666666,0.2222222222222222,1.4826666666666666,0.0
0.1111111111111111,0.5866666666666667,0.5399999999999999,0.7777777777777778,1.994,0.0
0.2,0.5266666666666667,0.48666666666666664,0.6,1.0026666666666666,0.0
0.09090909090909091,0.48333333333333334,0.5,0.36363636363636365,1.958,0.0
0.1111111111111111,0.48333333333333334,0.5066666666666666,0.3333333333333333,1.4773333333333334,0.0
0.1,0.49499999999999994,0.5666666666666667,0.5,2.1593333333333335,0.0
0.2,0.5533333333333333,0.52,0.8,1.04,0.0
0.1,0.5850000000000001,0.5666666666666667,0.5,2.183333333333333,0.0
0.09090909090909091,0.48333333333333334,0.5,0.2727272727272727,2.0086666666666666,0.0
0.1111111111111111,0.48666666666666664,0.5066666666666666,0.3333333333333333,1.5893333333333333,0.0
0.1111111111111111,0.39,0.5066666666666666,0.2222222222222222,1.528,0.0
0.09090909090909091,0.48333333333333334,0.5333333333333333,0.36363636363636365,2.0593333333333335,0.0
0.08333333333333333,0.48333333333333334,0.5633333333333332,0.5,2.541333333333333,0.0
0.09090909090909091,0.48333333333333334,0.5,0.45454545454545453,1.938,0.0
0.09090909090909091,0.5833333333333334,0.5666666666666667,0.45454545454545453,2.268,0.0
0.09090909090909091,0.5,0.4666666666666667,0.5454545454545454,2.1506666666666665,0.0
0.1,0.48500000000000004,0.47333333333333333,0.5,1.836,0.0
0.1,0.48500000000000004,0.5,0.4,1.854,0.0
0.1,0.48500000000000004,0.47,0.4,1.8993333333333333,0.0
0.1111111111111111,0.5033333333333334,0.5066666666666666,0.3333333333333333,1.6026666666666667,0.0
0.1,0.34833333333333333,0.5366666666666667,0.2,1.7173333333333334,0.0
0.09090909090909091,0.5,0.5333333333333333,0.6363636363636364,2.26,0.0
0.1,0.49499999999999994,0.5033333333333333,0.4,1.792,0.0
0.09090909090909091,0.6,0.5666666666666667,0.5454545454545454,2.4566666666666666,0.0
0.14285714285714285,0.5233333333333333,0.5266666666666667,0.42857142857142855,1.3213333333333332,0.0
0.25,0.6,0.5366666666666667,0.75,1.092,0.0
0.1,0.4933333333333333,0.5366666666666667,0.6,1.9713333333333334,0.0
0.1111111111111111,0.5166666666666667,0.5066666666666666,0.4444444444444444,1.6226666666666667,0.0
0.14285714285714285,0.5333333333333333,0.49333333333333335,0.5714285714285714,1.3326666666666667,0.0
0.0625,0.48333333333333334,0.55,0.375,3.15,0.06646370370370372
0.14285714285714285,0.53,0.5466666666666666,0.7142857142857143,1.6006666666666667,0.0
0.1,0.49499999999999994,0.5366666666666667,0.6,2.188,0.0
0.1111111111111111,0.5166666666666667,0.5399999999999999,0.4444444444444444,1.7273333333333334,0.0
0.1,0.51,0.5033333333333333,0.4,1.8453333333333333,0.0
0.08333333333333333,0.5983333333333333,0.5633333333333332,0.6666666666666666,2.703333333333333,0.0
0.09090909090909091,0.5833333333333334,0.5666666666666667,0.5454545454545454,2.394,0.0
0.09090909090909091,0.5833333333333334,0.5666666666666667,0.6363636363636364,2.3886666666666665,0.0
0.09090909090909091,0.5833333333333334,0.5666666666666667,0.5454545454545454,2.4393333333333334,0.0
0.07692307692307693,0.5633333333333334,0.56,0.5384615384615384,2.8213333333333335,0.0
0.1111111111111111,0.48666666666666664,0.48000000000000004,0.4444444444444444,1.6813333333333333,0.0
0.08333333333333333,0.5733333333333335,0.5633333333333332,0.5,2.524,0.0
0.1111111111111111,0.48666666666666664,0.47333333333333333,0.4444444444444444,1.694,0.0
0.08333333333333333,0.5733333333333335,0.5633333333333332,0.5,2.5113333333333334,0.0
0.07692307692307693,0.5666666666666667,0.56,0.6153846153846154,2.8826666666666667,0.034793333333333336
0.125,0.3783333333333333,0.51,0.25,1.3226666666666667,0.0
0.1,0.5850000000000001,0.5366666666666667,0.6,2.1293333333333333,0.0
0.1,0.48500000000000004,0.5333333333333333,0.5,1.9373333333333334,0.0
0.08333333333333333,0.5733333333333335,0.5566666666666668,0.5,2.5653333333333332,0.0
0.1111111111111111,0.4166666666666667,0.5333333333333333,0.3333333333333333,1.5786666666666667,0.0
0.16666666666666666,0.48333333333333334,0.48333333333333334,0.5,1.074,0.0
0.1111111111111111,0.5866666666666667,0.5666666666666667,0.4444444444444444,1.9573333333333334,0.0
0.1,0.5850000000000001,0.5666666666666667,0.6,2.328666666666667,0.0
0.08333333333333333,0.4983333333333333,0.53,0.3333333333333333,2.426,0.0
0.09090909090909091,0.5,0.5333333333333333,0.45454545454545453,2.304,0.0
0.1,0.4933333333333333,0.5366666666666667,0.5,1.8886666666666667,0.0
0.09090909090909091,0.6,0.5666666666666667,0.6363636363636364,2.4473333333333334,0.0
0.08333333333333333,0.4983333333333333,0.4966666666666667,0.4166666666666667,2.272666666666667,0.0
0.1111111111111111,0.5033333333333334,0.5399999999999999,0.5555555555555556,1.7713333333333334,0.0
0.09090909090909091,0.48333333333333334,0.5,0.2727272727272727,1.9633333333333334,0.0
0.1111111111111111,0.48666666666666664,0.5066666666666666,0.3333333333333333,1.544,0.0
0.2,0.5266666666666667,0.48666666666666664,0.6,0.9613333333333334,0.0
0.125,0.5883333333333333,0.5666666666666667,0.625,1.8346666666666667,0.0
0.1,0.48500000000000004,0.47,0.5,1.8486666666666667,0.0
0.14285714285714285,0.5400000000000001,0.48000000000000004,0.5714285714285714,1.4833333333333334,0.0
0.1111111111111111,0.5866666666666667,0.5399999999999999,0.6666666666666666,2.0446666666666666,0.0
0.1,0.48500000000000004,0.47333333333333333,0.4,1.8866666666666667,0.0
0.08333333333333333,0.48333333333333334,0.53,0.25,2.198,0.0
0.1,0.5083333333333333,0.47333333333333333,0.5,1.9613333333333334,0.0
0.1,0.4933333333333333,0.5366666666666667,0.5,1.9013333333333333,0.0
0.1,0.5850000000000001,0.5366666666666667,0.6,2.1166666666666667,0.0
0.09090909090909091,0.5833333333333334,0.5666666666666667,0.45454545454545453,2.255333333333333,0.0
0.08333333333333333,0.48333333333333334,0.4666666666666667,0.5,2.248,0.0
0.09090909090909091,0.5,0.4666666666666667,0.5454545454545454,2.1633333333333336,0.0
0.14285714285714285,0.53,0.48000000000000004,0.5714285714285714,1.3713333333333333,0.0
0.08333333333333333,0.5883333333333334,0.5633333333333332,0.5833333333333334,2.5833333333333335,0.0
0.5,0.5616666666666668,0.46,0.5,0.48533333333333334,0.0
0.07692307692307693,0.5766666666666668,0.56,0.6153846153846154,2.738,0.0
0.25,0.5533333333333333,0.44666666666666666,0.75,0.7666666666666667,0.0
0.125,0.6,0.52,0.625,1.806,0.0
0.09090909090909091,0.5,0.5,0.36363636363636365,2.0833333333333335,0.0
0.058823529411764705,0.48333333333333334,0.5466666666666666,0.4117647058823529,3.276666666666667,0.07870814814814815
0.07692307692307693,0.48333333333333334,0.5266666666666667,0.38461538461538464,2.4993333333333334,0.0
0.05555555555555555,0.48833333333333334,0.5333333333333333,0.4444444444444444,3.4146666666666667,0.14632637037037036
0.1,0.51,0.47333333333333333,0.5,1.9826666666666666,0.0
0.16666666666666666,0.425,0.5,0.3333333333333333,0.978,0.0
0.2,0.56,0.4666666666666667,0.8,1.118,0.0
0.2,0.43666666666666665,0.48666666666666664,0.4,0.818,0.0
0.16666666666666666,0.55,0.48333333333333334,0.6666666666666666,1.278,0.0
0.08333333333333333,0.48333333333333334,0.4966666666666667,0.3333333333333333,2.1766666666666667,0.0
0.1,0.49499999999999994,0.5666666666666667,0.5,2.114,0.0
0.09090909090909091,0.5,0.5,0.45454545454545453,2.316666666666667,0.0
0.1,0.5850000000000001,0.5666666666666667,0.5,2.267333333333333,0.0
0.1,0.6,0.5366666666666667,0.8,2.308666666666667,0.0
0.16666666666666666,0.5416666666666666,0.5333333333333333,0.5,1.1786666666666668,0.0
0.2,0.5533333333333333,0.4666666666666667,0.8,0.9973333333333333,0.0
0.1111111111111111,0.5033333333333334,0.5399999999999999,0.5555555555555556,1.8166666666666667,0.0
0.07692307692307693,0.48333333333333334,0.49333333333333335,0.38461538461538464,2.3573333333333335,0.0
0.125,0.5883333333333333,0.5666666666666667,0.625,1.848,0.0
0.1111111111111111,0.5866666666666667,0.5399999999999999,0.7777777777777778,2.0073333333333334,0.0
0.1111111111111111,0.5166666666666667,0.5066666666666666,0.4444444444444444,1.664,0.0
0.09090909090909091,0.5833333333333334,0.5333333333333333,0.6363636363636364,2.4266666666666667,0.0
0.3333333333333333,0.5633333333333332,0.4533333333333333,0.6666666666666666,0.64,0.0
0.1111111111111111,0.5066666666666667,0.5399999999999999,0.6666666666666666,1.8006666666666666,0.0
0.1111111111111111,0.5866666666666667,0.5133333333333333,0.5555555555555556,1.9766666666666666,0.0
0.14285714285714285,0.59,0.5066666666666667,0.5714285714285714,1.662,0.0
0.16666666666666666,0.5083333333333333,0.5333333333333333,0.5,1.1506666666666667,0.0
0.25,0.545,0.49,0.75,0.756,0.0
0.1111111111111111,0.5166666666666667,0.48000000000000004,0.4444444444444444,1.7933333333333332,0.0
0.09090909090909091,0.5833333333333334,0.5333333333333333,0.45454545454545453,2.416,0.0
0.07142857142857142,0.5583333333333335,0.5133333333333334,0.5,2.97,0.050659444444444465
0.06666666666666667,0.55,0.5333333333333333,0.5333333333333333,3.226,0.08745000000000001
0.058823529411764705,0.5333333333333333,0.5466666666666666,0.47058823529411764,3.6206666666666667,0.15704888888888888
0.1111111111111111,0.52,0.47333333333333333,0.5555555555555556,1.8653333333333333,0.0
0.14285714285714285,0.4133333333333334,0.5133333333333333,0.2857142857142857,1.0953333333333333,0.0
0.5,0.36000000000000004,0.4666666666666667,0.5,0.37333333333333335,0.0
0.1,0.49499999999999994,0.5666666666666667,0.6,2.1086666666666667,0.0
0.1111111111111111,0.5866666666666667,0.5666666666666667,0.4444444444444444,1.97,0.0
0.08333333333333333,0.48333333333333334,0.4666666666666667,0.5,2.235333333333333,0.0
0.08333333333333333,0.575,0.5566666666666668,0.5833333333333334,2.6266666666666665,0.0
0.16666666666666666,0.5416666666666666,0.5166666666666667,0.5,1.0613333333333332,0.0
0.1111111111111111,0.5033333333333334,0.5399999999999999,0.6666666666666666,1.7793333333333334,0.0
0.1111111111111111,0.48666666666666664,0.5066666666666666,0.4444444444444444,1.5386666666666666,0.0
0.09090909090909091,0.5833333333333334,0.5333333333333333,0.7272727272727273,2.488,0.0
0.08333333333333333,0.5883333333333334,0.5633333333333332,0.6666666666666666,2.578,0.0
0.2,0.5933333333333334,0.5399999999999999,0.4,1.268,0.0
0.25,0.5950000000000001,0.5366666666666667,0.5,1.108,0.0
0.125,0.5883333333333333,0.52,0.5,1.822,0.0
0.1,0.5850000000000001,0.5366666666666667,0.6,2.232666666666667,0.0
0.2,0.5266666666666667,0.5266666666666667,0.6,0.9906666666666667,0.0
0.16666666666666666,0.5416666666666666,0.5166666666666667,0.6666666666666666,1.1453333333333333,0.0
0.14285714285714285,0.53,0.5266666666666667,0.5714285714285714,1.3053333333333332,0.0
0.09090909090909091,0.5833333333333334,0.5666666666666667,0.45454545454545453,2.4726666666666666,0.0
0.07142857142857142,0.4583333333333334,0.5566666666666668,0.42857142857142855,2.6893333333333334,0.005255555555555563
0.125,0.425,0.5433333333333333,0.625,1.4993333333333334,0.0
0.08333333333333333,0.39333333333333337,0.5333333333333333,0.4166666666666667,2.066666666666667,0.0
0.14285714285714285,0.36000000000000004,0.5466666666666666,0.42857142857142855,1.2353333333333334,0.0
0.1111111111111111,0.3466666666666667,0.5399999999999999,0.3333333333333333,1.5126666666666666,0.0
0.058823529411764705,0.5333333333333333,0.5333333333333333,0.47058823529411764,3.516,0.15573333333333336
0.5,0.315,0.4533333333333333,1.0,0.2946666666666667,0.0
0.05263157894736842,0.5166666666666666,0.5399999999999999,0.42105263157894735,3.9106666666666667,0.22085777777777774
0.06666666666666667,0.55,0.5533333333333333,0.5333333333333333,3.3433333333333333,0.10309444444444446
0.3333333333333333,0.35333333333333333,0.49333333333333335,0.3333333333333333,0.5333333333333333,0.0
0.14285714285714285,0.3266666666666667,0.5133333333333333,0.14285714285714285,1.1006666666666667,0.0
0.1,0.37833333333333324,0.5033333333333333,0.2,1.688,0.0
0.07142857142857142,0.49500000000000005,0.5,0.42857142857142855,2.5873333333333335,0.02927100000000001
0.09090909090909091,0.6,0.5,0.6363636363636364,2.446,0.0
0.125,0.48833333333333334,0.48666666666666664,0.375,1.5133333333333334,0.0
0.16666666666666666,0.49166666666666664,0.4666666666666667,0.5,1.236,0.0
0.1,0.49499999999999994,0.5033333333333333,0.4,1.7246666666666666,0.0
0.3333333333333333,0.4966666666666667,0.4666666666666667,0.6666666666666666,0.6486666666666666,0.0
0.07692307692307693,0.46666666666666673,0.5333333333333333,0.38461538461538464,2.38,0.0
0.09090909090909091,0.48333333333333334,0.5,0.2727272727272727,1.8426666666666667,0.0
0.2,0.4966666666666667,0.5399999999999999,0.2,1.04,0.0
0.125,0.5183333333333333,0.5433333333333333,0.625,1.674,0.0
0.07692307692307693,0.5966666666666666,0.56,0.6153846153846154,2.9366666666666665,0.0535011111111111
0.08333333333333333,0.5733333333333335,0.5633333333333332,0.5,2.5653333333333332,0.0
0.0625,0.49166666666666664,0.55,0.4375,3.211333333333333,0.10637481481481482
0.1111111111111111,0.4166666666666667,0.5399999999999999,0.4444444444444444,1.6626666666666667,0.0
0.07142857142857142,0.5583333333333335,0.5233333333333333,0.42857142857142855,2.832666666666667,0.05217314814814816
0.14285714285714285,0.43333333333333335,0.5466666666666666,0.5714285714285714,1.3726666666666667,0.0
0.1,0.5850000000000001,0.4766666666666666,0.7,2.232,0.0
0.09090909090909091,0.48333333333333334,0.5,0.36363636363636365,1.9973333333333334,0.0
0.0625,0.49166666666666664,0.55,0.4375,3.17,0.10231037037037037
0.2,0.5433333333333333,0.4666666666666667,0.6,1.0353333333333334,0.0
0.07692307692307693,0.4966666666666667,0.5266666666666667,0.46153846153846156,2.5193333333333334,0.00216325925925926
0.1,0.6,0.5066666666666666,0.7,2.0873333333333335,0.0
0.14285714285714285,0.53,0.5466666666666666,0.7142857142857143,1.4013333333333333,0.0
0.06666666666666667,0.55,0.52,0.5333333333333333,3.2386666666666666,0.1017377777777778
0.16666666666666666,0.49166666666666664,0.5166666666666667,0.3333333333333333,1.086,0.0
0.09090909090909091,0.48333333333333334,0.5666666666666667,0.45454545454545453,2.2853333333333334,0.0
0.1,0.5083333333333333,0.47333333333333333,0.5,1.92,0.0
0.25,0.495,0.4666666666666667,0.75,0.8033333333333333,0.0
0.1,0.6,0.5366666666666667,0.7,2.262,0.0
0.2,0.48333333333333334,0.5399999999999999,0.4,0.9613333333333334,0.0
0.1111111111111111,0.48666666666666664,0.48000000000000004,0.4444444444444444,1.668,0.0
0.16666666666666666,0.49166666666666664,0.55,0.5,1.2173333333333334,0.0
0.08333333333333333,0.48333333333333334,0.53,0.5,2.478,0.0
0.08333333333333333,0.475,0.5633333333333332,0.5,2.412,0.0
0.08333333333333333,0.4983333333333333,0.4666666666666667,0.5,2.3426666666666667,0.0
0.06666666666666667,0.49333333333333335,0.5333333333333333,0.4,2.8606666666666665,0.07105096296296297
0.09090909090909091,0.48333333333333334,0.5666666666666667,0.5454545454545454,2.314,0.0
0.25,0.5950000000000001,0.49,0.75,0.9093333333333333,0.0
0.09090909090909091,0.48333333333333334,0.5,0.36363636363636365,1.952,0.0
0.2,0.49333333333333335,0.4666666666666667,0.6,1.0086666666666666,0.0
0.14285714285714285,0.53,0.5266666666666667,0.5714285714285714,1.4633333333333334,0.0
0.25,0.5950000000000001,0.5366666666666667,0.75,1.0293333333333334,0.0
0.08333333333333333,0.48333333333333334,0.4966666666666667,0.4166666666666667,2.152,0.0
0.09090909090909091,0.48333333333333334,0.5,0.45454545454545453,1.9466666666666668,0.0
0.09090909090909091,0.5,0.5,0.5454545454545454,2.008,0.0
0.16666666666666666,0.425,0.48333333333333334,0.3333333333333333,1.0793333333333333,0.0
0.1,0.5850000000000001,0.5666666666666667,0.4,2.1286666666666667,0.0
0.09090909090909091,0.5833333333333334,0.5666666666666667,0.5454545454545454,2.5,0.0
0.08333333333333333,0.48333333333333334,0.4966666666666667,0.5,2.0646666666666667,0.0
0.1,0.5083333333333333,0.5033333333333333,0.5,1.7906666666666666,0.0
0.07692307692307693,0.4966666666666667,0.49333333333333335,0.46153846153846156,2.3993333333333333,0.0028365185185185186
0.1111111111111111,0.5866666666666667,0.5666666666666667,0.5555555555555556,2.006,0.0
0.1111111111111111,0.5866666666666667,0.5666666666666667,0.5555555555555556,2.0193333333333334,0.0
0.09090909090909091,0.48333333333333334,0.4666666666666667,0.45454545454545453,2.013333333333333,0.0
0.08333333333333333,0.4983333333333333,0.4966666666666667,0.5,2.4433333333333334,0.0
0.09090909090909091,0.48333333333333334,0.5,0.45454545454545453,1.9186666666666667,0.0
0.25,0.35666666666666663,0.5466666666666666,0.0,0.76,0.0
0.09090909090909091,0.6,0.5333333333333333,0.7272727272727273,2.542,0.0
0.16666666666666666,0.44166666666666665,0.55,0.3333333333333333,1.1706666666666667,0.0
0.2,0.38666666666666666,0.5533333333333333,0.2,1.016,0.0
0.1111111111111111,0.6,0.4866666666666667,0.7777777777777778,2.0806666666666667,0.0
0.25,0.38,0.5566666666666666,0.25,0.8106666666666666,0.0
0.1,0.6,0.4766666666666666,0.7,2.286,0.0
0.1111111111111111,0.48333333333333334,0.5399999999999999,0.4444444444444444,1.7246666666666666,0.0
0.16666666666666666,0.6,0.5166666666666667,0.8333333333333334,1.5266666666666666,0.0
0.14285714285714285,0.6,0.5066666666666667,0.7142857142857143,1.732,0.0
0.25,0.5950000000000001,0.44666666666666666,1.0,0.904,0.0
0.06666666666666667,0.5433333333333332,0.5333333333333333,0.4666666666666667,3.0353333333333334,0.05182192592592592
0.2,0.49333333333333335,0.5266666666666667,0.4,1.0433333333333332,0.0
0.0625,0.5333333333333333,0.5333333333333333,0.5,3.162,0.06437925925925926
0.07142857142857142,0.48333333333333334,0.5333333333333333,0.35714285714285715,2.5806666666666667,0.02449962962962963
0.14285714285714285,0.59,0.5066666666666667,0.7142857142857143,1.6246666666666667,0.0
0.1,0.48500000000000004,0.5366666666666667,0.5,2.013333333333333,0.0
0.16666666666666666,0.49166666666666664,0.55,0.5,1.2993333333333332,0.0
0.06666666666666667,0.5433333333333332,0.52,0.4666666666666667,2.906,0.028494814814814817
0.058823529411764705,0.48333333333333334,0.5333333333333333,0.4117647058823529,3.1346666666666665,0.09971703703703703
0.1111111111111111,0.48666666666666664,0.5399999999999999,0.5555555555555556,1.8533333333333333,0.0
0.05263157894736842,0.48666666666666664,0.5399999999999999,0.42105263157894735,3.7573333333333334,0.17494044444444445
0.5,0.5549999999999999,0.46,1.0,0.448,0.0
0.058823529411764705,0.49,0.5466666666666666,0.47058823529411764,3.4673333333333334,0.11096866666666667
0.25,0.49833333333333335,0.49,0.5,0.738,0.0
0.16666666666666666,0.44166666666666665,0.5166666666666667,0.3333333333333333,1.0153333333333334,0.0
0.16666666666666666,0.55,0.4666666666666667,0.8333333333333334,1.2446666666666666,0.0
0.07142857142857142,0.49500000000000005,0.49000000000000005,0.5,2.554,0.020691000000000005
0.2,0.33999999999999997,0.5,0.2,0.8233333333333334,0.0
0.1,0.51,0.4666666666666667,0.7,1.9866666666666666,0.0
0.09090909090909091,0.5,0.4666666666666667,0.6363636363636364,2.192,0.0
0.125,0.5883333333333333,0.5433333333333333,0.75,1.8806666666666667,0.0
0.1,0.6,0.5666666666666667,0.6,2.320666666666667,0.0
0.09090909090909091,0.5,0.5,0.5454545454545454,1.98,0.0
0.1,0.6,0.5366666666666667,0.8,2.3366666666666664,0.0
0.3333333333333333,0.36000000000000004,0.5466666666666666,0.0,0.6,0.0
0.09090909090909091,0.6,0.5333333333333333,0.7272727272727273,2.4966666666666666,0.0
0.25,0.38999999999999996,0.5566666666666666,0.25,0.856,0.0
0.125,0.425,0.5433333333333333,0.375,1.57,0.0
0.3333333333333333,0.5966666666666666,0.4533333333333333,1.0,0.7493333333333333,0.0
0.09090909090909091,0.48333333333333334,0.5333333333333333,0.36363636363636365,2.034666666666667,0.0
0.1111111111111111,0.48666666666666664,0.4866666666666667,0.4444444444444444,1.7573333333333334,0.0
0.1111111111111111,0.5866666666666667,0.5133333333333333,0.5555555555555556,1.9146666666666667,0.0
0.09090909090909091,0.5833333333333334,0.5333333333333333,0.45454545454545453,2.192,0.0
0.14285714285714285,0.49,0.5466666666666666,0.5714285714285714,1.426,0.0
0.07142857142857142,0.5533333333333333,0.5233333333333333,0.42857142857142855,2.779333333333333,0.015001481481481484
0.16666666666666666,0.5916666666666667,0.5333333333333333,0.5,1.3606666666666667,0.0
0.125,0.5883333333333333,0.5433333333333333,0.375,1.638,0.0
0.1,0.48500000000000004,0.5366666666666667,0.6,1.98,0.0
0.09090909090909091,0.5833333333333334,0.5333333333333333,0.36363636363636365,2.2253333333333334,0.0
0.125,0.4016666666666666,0.51,0.25,1.2553333333333334,0.0
0.08333333333333333,0.47166666666666673,0.5,0.3333333333333333,1.9693333333333334,0.0
0.06666666666666667,0.49333333333333335,0.5,0.4666666666666667,2.714,0.04167022222222223
0.09090909090909091,0.5,0.4666666666666667,0.6363636363636364,2.1466666666666665,0.0
0.16666666666666666,0.3333333333333333,0.5166666666666667,0.16666666666666666,0.9406666666666667,0.0
0.1111111111111111,0.5033333333333334,0.5399999999999999,0.4444444444444444,1.7746666666666666,0.0
0.09090909090909091,0.48333333333333334,0.4666666666666667,0.45454545454545453,2.026,0.0
0.25,0.535,0.5466666666666666,0.25,0.988,0.0
0.1,0.5850000000000001,0.5366666666666667,0.7,2.1086666666666667,0.0
0.125,0.5183333333333333,0.52,0.5,1.6966666666666668,0.0
0.14285714285714285,0.53,0.5266666666666667,0.42857142857142855,1.542,0.0
0.1111111111111111,0.5066666666666667,0.5399999999999999,0.5555555555555556,1.9526666666666668,0.0
0.16666666666666666,0.5916666666666667,0.5166666666666667,0.6666666666666666,1.2986666666666666,0.0
0.1,0.49499999999999994,0.5666666666666667,0.4,2.1926666666666668,0.0
0.09090909090909091,0.5,0.5333333333333333,0.45454545454545453,2.2626666666666666,0.0
0.1,0.4933333333333333,0.5366666666666667,0.5,1.9426666666666668,0.0
0.1111111111111111,0.52,0.4866666666666667,0.5555555555555556,1.9853333333333334,0.0
0.06666666666666667,0.48333333333333334,0.5333333333333333,0.4,2.8073333333333332,0.037549629629629634
0.2,0.51,0.5533333333333333,0.6,1.0986666666666667,0.0
0.14285714285714285,0.47333333333333344,0.5466666666666666,0.42857142857142855,1.3886666666666667,0.0
0.1111111111111111,0.4366666666666667,0.5399999999999999,0.3333333333333333,1.666,0.0
0.1111111111111111,0.52,0.4866666666666667,0.6666666666666666,1.952,0.0
0.08333333333333333,0.475,0.5333333333333333,0.3333333333333333,2.2533333333333334,0.0
0.25,0.5083333333333334,0.5366666666666667,0.5,0.8426666666666667,0.0
0.06666666666666667,0.49333333333333335,0.5333333333333333,0.5333333333333333,3.0726666666666667,0.04489333333333334
0.16666666666666666,0.4583333333333333,0.5333333333333333,0.3333333333333333,1.1326666666666667,0.0
0.07692307692307693,0.4966666666666667,0.52,0.6153846153846154,2.7953333333333332,0.0
0.125,0.40833333333333327,0.5433333333333333,0.25,1.41,0.0
0.09090909090909091,0.48333333333333334,0.5333333333333333,0.2727272727272727,1.9973333333333334,0.0
0.1111111111111111,0.52,0.5399999999999999,0.6666666666666666,2.0813333333333333,0.0
0.08333333333333333,0.4683333333333334,0.53,0.3333333333333333,2.124,0.0
0.09090909090909091,0.5,0.4666666666666667,0.5454545454545454,2.1093333333333333,0.0
0.125,0.5299999999999999,0.4766666666666667,0.75,1.5593333333333332,0.0
0.25,0.5283333333333334,0.5566666666666666,0.5,0.9306666666666666,0.0
0.125,0.5883333333333333,0.5433333333333333,0.625,1.7146666666666666,0.0
0.09090909090909091,0.6,0.5666666666666667,0.6363636363636364,2.4513333333333334,0.0
0.3333333333333333,0.5399999999999999,0.49333333333333335,0.3333333333333333,0.6453333333333333,0.0
0.1111111111111111,0.6,0.5399999999999999,0.6666666666666666,2.062,0.0
0.2,0.5433333333333333,0.5266666666666667,0.4,1.0346666666666666,0.0
0.16666666666666666,0.5083333333333333,0.5,0.5,1.0873333333333333,0.0
0.07692307692307693,0.48333333333333334,0.49333333333333335,0.38461538461538464,2.29,0.0
0.25,0.545,0.49,0.75,0.7973333333333333,0.0
0.08333333333333333,0.4766666666666667,0.5,0.3333333333333333,2.1573333333333333,0.0
0.1111111111111111,0.6,0.5133333333333333,0.5555555555555556,2.0113333333333334,0.0
0.2,0.5433333333333333,0.5533333333333333,0.6,1.0853333333333333,0.0
0.2,0.6,0.5399999999999999,0.6,1.252,0.0
0.1111111111111111,0.5033333333333334,0.5399999999999999,0.5555555555555556,1.8446666666666667,0.0
0.058823529411764705,0.49,0.5333333333333333,0.47058823529411764,3.3626666666666667,0.10976
0.07692307692307693,0.48333333333333334,0.5,0.3076923076923077,2.2953333333333332,0.0
0.07142857142857142,0.49500000000000005,0.49000000000000005,0.5,2.5953333333333335,0.024783000000000006
0.09090909090909091,0.6,0.5333333333333333,0.6363636363636364,2.5473333333333334,0.0
0.3333333333333333,0.4533333333333333,0.5466666666666666,0.3333333333333333,0.5493333333333333,0.0
0.14285714285714285,0.6,0.5266666666666667,0.5714285714285714,1.7373333333333334,0.0
0.14285714285714285,0.48333333333333334,0.5466666666666666,0.5714285714285714,1.3593333333333333,0.0
0.14285714285714285,0.59,0.5066666666666667,0.5714285714285714,1.6166666666666667,0.0
0.07142857142857142,0.48333333333333334,0.5333333333333333,0.42857142857142855,2.5886666666666667,0.03054666666666667
0.3333333333333333,0.5633333333333332,0.44,1.0,0.596,0.0
0.0625,0.48333333333333334,0.5333333333333333,0.4375,2.934,0.04979407407407408
0.2,0.56,0.5266666666666667,0.6,1.2713333333333334,0.0
0.3333333333333333,0.45,0.4666666666666667,0.6666666666666666,0.44133333333333336,0.0
0.07142857142857142,0.49500000000000005,0.49000000000000005,0.42857142857142855,2.646,0.05096300000000001
0.07692307692307693,0.48333333333333334,0.5333333333333333,0.46153846153846156,2.476,0.0
0.1111111111111111,0.5033333333333334,0.5399999999999999,0.3333333333333333,1.666,0.0
0.1111111111111111,0.5033333333333334,0.5399999999999999,0.6666666666666666,1.766,0.0
0.25,0.565,0.5466666666666666,0.5,0.9373333333333334,0.0
0.08333333333333333,0.48333333333333334,0.5,0.3333333333333333,2.118,0.0
0.25,0.545,0.4666666666666667,0.75,0.8426666666666667,0.0
0.1111111111111111,0.48666666666666664,0.5066666666666666,0.3333333333333333,1.6733333333333333,0.0
0.14285714285714285,0.53,0.48000000000000004,0.5714285714285714,1.2873333333333334,0.0
0.16666666666666666,0.325,0.5333333333333333,0.3333333333333333,0.9793333333333333,0.0
0.16666666666666666,0.5916666666666667,0.5166666666666667,0.5,1.49,0.0
0.06666666666666667,0.48333333333333334,0.5333333333333333,0.4666666666666667,2.715333333333333,0.04279111111111111
0.16666666666666666,0.5083333333333333,0.48333333333333334,0.5,1.1326666666666667,0.0
0.125,0.4716666666666666,0.51,0.375,1.41,0.0
0.09090909090909091,0.6,0.5333333333333333,0.7272727272727273,2.514,0.0
0.25,0.43833333333333335,0.5466666666666666,0.25,0.7093333333333334,0.0
0.08333333333333333,0.575,0.5266666666666667,0.5,2.542666666666667,0.0
0.25,0.43833333333333335,0.49,0.25,0.7473333333333333,0.0
0.08333333333333333,0.4983333333333333,0.4966666666666667,0.5,2.2133333333333334,0.0
0.1111111111111111,0.5866666666666667,0.4866666666666667,0.6666666666666666,1.9433333333333334,0.0
0.16666666666666666,0.5083333333333333,0.55,0.5,1.28,0.0
0.1,0.48500000000000004,0.5366666666666667,0.6,2.021333333333333,0.0
0.1111111111111111,0.5066666666666667,0.5,0.3333333333333333,1.712,0.0
0.14285714285714285,0.49,0.49333333333333335,0.5714285714285714,1.2486666666666666,0.0
0.14285714285714285,0.5233333333333333,0.48000000000000004,0.42857142857142855,1.284,0.0
0.07692307692307693,0.4966666666666667,0.49333333333333335,0.5384615384615384,2.34,0.006456666666666673
0.14285714285714285,0.39333333333333337,0.5,0.2857142857142857,1.164,0.0
0.1,0.51,0.47333333333333333,0.6,1.9233333333333333,0.0
0.06666666666666667,0.49333333333333335,0.5533333333333333,0.5333333333333333,3.0606666666666666,0.06643555555555557
0.1111111111111111,0.5866666666666667,0.5399999999999999,0.6666666666666666,2.0726666666666667,0.0
0.2,0.5266666666666667,0.5399999999999999,0.4,1.024,0.0
0.25,0.3283333333333333,0.5366666666666667,0.5,0.6893333333333334,0.0
0.25,0.5950000000000001,0.5466666666666666,0.5,1.0626666666666666,0.0
0.09090909090909091,0.48333333333333334,0.5,0.45454545454545453,1.8253333333333333,0.0
0.1,0.5850000000000001,0.5066666666666666,0.6,2.136,0.0
0.09090909090909091,0.48333333333333334,0.5333333333333333,0.36363636363636365,2.0693333333333332,0.0
0.14285714285714285,0.59,0.5066666666666667,0.7142857142857143,1.5833333333333333,0.0
0.07142857142857142,0.48333333333333334,0.5333333333333333,0.35714285714285715,2.622,0.02849518518518519
0.14285714285714285,0.59,0.5466666666666666,0.5714285714285714,1.4746666666666666,0.0
0.07142857142857142,0.48333333333333334,0.5233333333333333,0.42857142857142855,2.7306666666666666,0.0357451851851852
0.14285714285714285,0.3833333333333334,0.5133333333333333,0.42857142857142855,1.0166666666666666,0.0
0.1,0.51,0.47,0.5,2.070666666666667,0.0
0.09090909090909091,0.5833333333333334,0.5333333333333333,0.6363636363636364,2.284666666666667,0.0
0.1,0.48500000000000004,0.5066666666666666,0.3,1.9206666666666667,0.0
0.08333333333333333,0.5883333333333334,0.5633333333333332,0.5833333333333334,2.6113333333333335,0.0
0.16666666666666666,0.5916666666666667,0.5333333333333333,0.5,1.4226666666666667,0.0
0.1111111111111111,0.5066666666666667,0.5399999999999999,0.6666666666666666,1.8286666666666667,0.0
0.1,0.49499999999999994,0.5366666666666667,0.6,1.9886666666666666,0.0
0.2,0.5266666666666667,0.5533333333333333,0.6,1.12,0.0
0.16666666666666666,0.5416666666666666,0.55,0.6666666666666666,1.2746666666666666,0.0
0.25,0.545,0.5366666666666667,0.5,0.864,0.0
0.2,0.5533333333333333,0.5266666666666667,0.6,1.0186666666666666,0.0
0.14285714285714285,0.42333333333333345,0.5133333333333333,0.42857142857142855,1.142,0.0
0.07142857142857142,0.49500000000000005,0.5566666666666668,0.5,3.0633333333333335,0.04658500000000001
0.2,0.4766666666666667,0.5066666666666666,0.6,0.852,0.0
0.0625,0.49166666666666664,0.55,0.4375,3.3533333333333335,0.11166296296296296
0.25,0.5033333333333334,0.49333333333333335,0.5,0.684,0.0
0.058823529411764705,0.49,0.5466666666666666,0.47058823529411764,3.521333333333333,0.12774844444444444
0.1111111111111111,0.48333333333333334,0.5399999999999999,0.4444444444444444,1.792,0.0
0.1111111111111111,0.5866666666666667,0.5399999999999999,0.4444444444444444,1.7646666666666666,0.0
0.08333333333333333,0.48333333333333334,0.5266666666666667,0.5,2.4406666666666665,0.0
0.16666666666666666,0.5916666666666667,0.55,0.5,1.3066666666666666,0.0
0.06666666666666667,0.48333333333333334,0.52,0.4666666666666667,2.8986666666666667,0.05198518518518519
0.058823529411764705,0.48333333333333334,0.5333333333333333,0.4117647058823529,3.176,0.10371259259259259
0.06666666666666667,0.55,0.52,0.5333333333333333,2.9673333333333334,0.0722088888888889
0.16666666666666666,0.44166666666666665,0.55,0.3333333333333333,1.238,0.0
0.1111111111111111,0.48666666666666664,0.5399999999999999,0.4444444444444444,1.8866666666666667,0.0
0.09090909090909091,0.48333333333333334,0.5333333333333333,0.36363636363636365,2.1766666666666667,0.0
0.1111111111111111,0.5866666666666667,0.5399999999999999,0.5555555555555556,1.8606666666666667,0.0
0.08333333333333333,0.48333333333333334,0.53,0.4166666666666667,2.3446666666666665,0.0
0.2,0.4233333333333334,0.5266666666666667,0.2,0.982,0.0
0.07692307692307693,0.5633333333333334,0.5333333333333333,0.5384615384615384,2.574666666666667,0.0
0.09090909090909091,0.48333333333333334,0.5,0.36363636363636365,2.046,0.0
0.2,0.5266666666666667,0.5066666666666666,0.6,0.8733333333333333,0.0
0.08333333333333333,0.48333333333333334,0.4966666666666667,0.4166666666666667,2.214,0.0
0.07142857142857142,0.48333333333333334,0.5,0.35714285714285715,2.4913333333333334,0.011095185185185189
0.08333333333333333,0.4983333333333333,0.4966666666666667,0.5833333333333334,2.1346666666666665,0.0
0.1111111111111111,0.5066666666666667,0.5066666666666666,0.5555555555555556,1.486,0.0
0.125,0.48833333333333334,0.4766666666666667,0.375,1.6013333333333333,0.0
0.14285714285714285,0.53,0.49333333333333335,0.7142857142857143,1.196,0.0
0.1,0.48500000000000004,0.5,0.3,1.8913333333333333,0.0
0.16666666666666666,0.5416666666666666,0.5,0.6666666666666666,1.028,0.0
0.09090909090909091,0.48333333333333334,0.5,0.36363636363636365,2.0593333333333335,0.0
0.25,0.565,0.4266666666666667,1.0,0.7506666666666667,0.0
0.07692307692307693,0.48333333333333334,0.5,0.3076923076923077,2.3366666666666664,0.0
0.07692307692307693,0.4966666666666667,0.5,0.5384615384615384,2.2946666666666666,0.0
0.25,0.44833333333333336,0.4666666666666667,0.25,0.7926666666666666,0.0
0.1,0.49499999999999994,0.5033333333333333,0.5,1.646,0.0
0.14285714285714285,0.49,0.4666666666666667,0.42857142857142855,1.4413333333333334,0.0
0.125,0.5183333333333333,0.51,0.625,1.356,0.0
0.1111111111111111,0.48666666666666664,0.47333333333333333,0.3333333333333333,1.7313333333333334,0.0
0.14285714285714285,0.53,0.5133333333333333,0.5714285714285714,1.188,0.0
0.1,0.5066666666666666,0.5366666666666667,0.4,1.8033333333333332,0.0
1.0,0.25,0.3333333333333333,0.0,0.1,0.0
0.07692307692307693,0.4966666666666667,0.5266666666666667,0.3076923076923077,2.1693333333333333,0.0
0.5,0.5666666666666667,0.48000000000000004,1.0,0.544,0.0
0.1,0.5083333333333333,0.47333333333333333,0.4,1.6186666666666667,0.0
0.07142857142857142,0.5666666666666667,0.5033333333333334,0.5,2.378,0.0
0.09090909090909091,0.5333333333333333,0.5333333333333333,0.36363636363636365,2.26,0.0
0.058823529411764705,0.55,0.5333333333333333,0.47058823529411764,2.8593333333333333,0.0
0.09090909090909091,0.6,0.5666666666666667,0.6363636363636364,2.822,0.00544
0.06666666666666667,0.5666666666666667,0.5333333333333333,0.4666666666666667,2.667333333333333,0.0
0.07692307692307693,0.49333333333333335,0.46,0.38461538461538464,2.1986666666666665,0.0
0.058823529411764705,0.59,0.5133333333333333,0.5882352941176471,2.9806666666666666,0.010200444444444456
0.07692307692307693,0.46333333333333343,0.5133333333333334,0.38461538461538464,2.0893333333333333,0.0
0.1,0.5666666666666667,0.5399999999999999,0.7,2.171333333333333,0.0
0.1,0.5666666666666667,0.5399999999999999,0.6,2.3926666666666665,0.0
0.09090909090909091,0.5666666666666667,0.4666666666666667,0.5454545454545454,1.9986666666666666,0.0
0.1,0.535,0.5333333333333333,0.4,2.3493333333333335,0.0
0.09090909090909091,0.5666666666666667,0.6,0.6363636363636364,2.4273333333333333,0.0
0.1,0.5333333333333333,0.5033333333333333,0.6,2.0113333333333334,0.0
0.1111111111111111,0.5700000000000001,0.6,0.6666666666666666,2.004,0.0
0.125,0.5716666666666667,0.5433333333333333,0.5,1.7213333333333334,0.0
0.1,0.5850000000000001,0.6,0.5,2.2853333333333334,0.0
0.14285714285714285,0.59,0.5066666666666667,0.7142857142857143,1.5066666666666666,0.0
0.09090909090909091,0.5666666666666667,0.4666666666666667,0.5454545454545454,1.996,0.0
0.07692307692307693,0.4800000000000001,0.5266666666666667,0.3076923076923077,2.082666666666667,0.0
0.125,0.6,0.5333333333333333,0.5,1.8553333333333333,0.0
0.08333333333333333,0.5816666666666667,0.5933333333333334,0.6666666666666666,2.6626666666666665,0.02861800000000001
0.09090909090909091,0.6,0.5666666666666667,0.5454545454545454,2.756,0.018680000000000006
0.1111111111111111,0.5866666666666667,0.52,0.4444444444444444,1.81,0.0
0.14285714285714285,0.59,0.5400000000000001,0.42857142857142855,1.682,0.0
0.09090909090909091,0.6,0.5666666666666667,0.45454545454545453,2.9046666666666665,0.03434666666666667
0.09090909090909091,0.5833333333333334,0.6,0.5454545454545454,2.6806666666666668,0.03831851851851853
0.1111111111111111,0.5866666666666667,0.4866666666666667,0.3333333333333333,1.7266666666666666,0.0
0.1,0.5683333333333334,0.44999999999999996,0.5,1.844,0.0
0.1,0.6,0.5700000000000001,0.7,2.7546666666666666,0.0
0.25,0.5666666666666667,0.47000000000000003,1.0,1.0106666666666666,0.0
0.125,0.51,0.4766666666666667,0.625,1.6533333333333333,0.0
0.06666666666666667,0.5333333333333333,0.4933333333333333,0.4666666666666667,2.438,0.0
0.125,0.51,0.44333333333333336,0.625,1.654,0.0
0.15384615384615385,0.5266666666666667,0.5266666666666667,0.38461538461538464,2.4553333333333334,0.0
0.125,0.51,0.52,0.5,1.5993333333333333,0.0
0.08333333333333333,0.5466666666666666,0.5333333333333333,0.3333333333333333,2.267333333333333,0.0
0.0625,0.575,0.48333333333333334,0.5625,2.8906666666666667,0.02064888888888889
0.09090909090909091,0.5666666666666667,0.5333333333333333,0.5454545454545454,2.538,0.0
0.1111111111111111,0.6,0.5333333333333333,0.5555555555555556,2.154,0.0
0.1,0.535,0.5333333333333333,0.3,2.32,0.0
0.08333333333333333,0.5483333333333333,0.53,0.5833333333333334,2.4913333333333334,0.0
0.07692307692307693,0.5133333333333333,0.5333333333333333,0.46153846153846156,2.4166666666666665,0.0
0.09090909090909091,0.5666666666666667,0.5333333333333333,0.5454545454545454,2.2573333333333334,0.0
0.1,0.5683333333333334,0.44999999999999996,0.5,1.968,0.0
0.07692307692307693,0.5666666666666667,0.5333333333333333,0.6153846153846154,2.8686666666666665,0.0
0.1111111111111111,0.6,0.5733333333333334,0.5555555555555556,2.3106666666666666,0.0
0.1,0.5666666666666667,0.5333333333333333,0.7,2.1706666666666665,0.0
0.08333333333333333,0.5466666666666666,0.4966666666666667,0.4166666666666667,2.2986666666666666,0.0
0.09090909090909091,0.55,0.5333333333333333,0.45454545454545453,2.0613333333333332,0.0
0.07692307692307693,0.5700000000000001,0.5333333333333333,0.5384615384615384,2.664,0.022787333333333337
0.058823529411764705,0.5566666666666666,0.48000000000000004,0.5294117647058824,2.912,0.0223408888888889
0.058823529411764705,0.53,0.5333333333333333,0.4117647058823529,3.0946666666666665,0.08025377777777778
0.07142857142857142,0.5950000000000001,0.5233333333333333,0.6428571428571429,2.5993333333333335,0.0
0.05555555555555555,0.6,0.5433333333333333,0.6111111111111112,3.756666666666667,0.14404
0.06666666666666667,0.5700000000000001,0.5399999999999999,0.4,2.9473333333333334,0.05254133333333334
0.05,0.535,0.5033333333333334,0.6,3.477333333333333,0.06748133333333335
0.058823529411764705,0.5399999999999999,0.5133333333333333,0.5294117647058824,2.957333333333333,0.00561600000000001
0.09090909090909091,0.5333333333333333,0.4666666666666667,0.36363636363636365,2.254,0.0
0.1111111111111111,0.5666666666666667,0.5399999999999999,0.4444444444444444,1.858,0.0
0.07142857142857142,0.5616666666666668,0.5333333333333333,0.42857142857142855,3.1026666666666665,0.09492166666666668
0.16666666666666666,0.5666666666666667,0.43333333333333335,0.6666666666666666,1.1773333333333333,0.0
0.08333333333333333,0.565,0.43333333333333335,0.5833333333333334,2.3266666666666667,0.0
0.0625,0.575,0.48333333333333334,0.5625,3.216,0.06244500000000001
0.5,0.5333333333333333,0.45,0.5,0.33466666666666667,0.0
0.07142857142857142,0.5233333333333333,0.5333333333333333,0.35714285714285715,2.9306666666666668,0.05634555555555556
0.125,0.48833333333333334,0.5333333333333333,0.25,1.6433333333333333,0.0
0.06666666666666667,0.5333333333333333,0.4933333333333333,0.4,2.3586666666666667,0.0
0.14285714285714285,0.41666666666666674,0.5133333333333333,0.42857142857142855,1.0413333333333334,0.0
0.06666666666666667,0.5766666666666667,0.5733333333333334,0.5333333333333333,2.755333333333333,0.0
0.08333333333333333,0.5666666666666667,0.56,0.4166666666666667,2.1893333333333334,0.0
0.08333333333333333,0.5816666666666667,0.5900000000000001,0.4166666666666667,2.5006666666666666,0.0
0.06666666666666667,0.5666666666666667,0.5333333333333333,0.4666666666666667,2.6666666666666665,0.0
0.25,0.5466666666666666,0.5033333333333334,0.5,1.0393333333333334,0.0
0.07692307692307693,0.5333333333333333,0.5266666666666667,0.46153846153846156,2.694,0.0
0.06666666666666667,0.5666666666666667,0.4933333333333333,0.4666666666666667,2.474,0.0
0.14285714285714285,0.5266666666666667,0.5333333333333333,0.42857142857142855,1.614,0.0
0.09090909090909091,0.48333333333333334,0.4666666666666667,0.2727272727272727,1.6633333333333333,0.0
0.09090909090909091,0.5333333333333333,0.5333333333333333,0.2727272727272727,2.646,0.018192592592592597
0.1111111111111111,0.5866666666666667,0.4866666666666667,0.5555555555555556,2.0653333333333332,0.0
0.1111111111111111,0.6,0.5733333333333334,0.5555555555555556,2.3413333333333335,0.0
0.125,0.5383333333333333,0.4666666666666667,0.375,1.6513333333333333,0.0
0.2,0.5666666666666667,0.5333333333333333,0.6,1.1413333333333333,0.0
0.07692307692307693,0.4966666666666667,0.5266666666666667,0.3076923076923077,2.148,0.0
0.16666666666666666,0.45,0.55,0.3333333333333333,1.146,0.0
0.1111111111111111,0.5733333333333334,0.5466666666666666,0.6666666666666666,2.1973333333333334,0.0
0.06666666666666667,0.5933333333333334,0.5866666666666667,0.6666666666666666,3.8353333333333333,0.22185392592592593
0.25,0.5683333333333334,0.52,0.5,0.8186666666666667,0.0
0.1,0.5533333333333333,0.6,0.6,2.1826666666666665,0.0
0.07142857142857142,0.5666666666666667,0.5333333333333333,0.6428571428571429,3.0453333333333332,0.032740740740740744
0.07692307692307693,0.4766666666666667,0.5266666666666667,0.23076923076923078,2.312666666666667,0.0
0.25,0.5400000000000001,0.45666666666666667,0.25,0.792,0.0
0.07692307692307693,0.56,0.5333333333333333,0.46153846153846156,2.652,0.0017546666666666756
0.058823529411764705,0.58,0.5333333333333333,0.35294117647058826,3.22,0.133052
0.08333333333333333,0.5,0.4633333333333333,0.4166666666666667,2.046,0.0
0.07692307692307693,0.58,0.56,0.46153846153846156,2.739333333333333,0.005928888888888901
0.07692307692307693,0.5966666666666666,0.5666666666666667,0.6153846153846154,3.3233333333333333,0.11177555555555554
0.05,0.5666666666666667,0.5333333333333333,0.45,3.9073333333333333,0.18813333333333335
0.09090909090909091,0.5666666666666667,0.5333333333333333,0.45454545454545453,2.1693333333333333,0.0
0.2,0.5399999999999999,0.5399999999999999,0.6,1.1033333333333333,0.0
0.1111111111111111,0.6,0.5333333333333333,0.5555555555555556,2.231333333333333,0.0
0.1,0.6,0.5033333333333333,0.6,2.33,0.0
0.125,0.565,0.5333333333333333,0.5,1.718,0.0
0.1111111111111111,0.5666666666666667,0.5333333333333333,0.5555555555555556,2.168,0.0
0.09090909090909091,0.6,0.5666666666666667,0.5454545454545454,2.9886666666666666,0.05178666666666667
0.09090909090909091,0.5,0.4666666666666667,0.36363636363636365,1.8826666666666667,0.0
0.0625,0.5833333333333334,0.5166666666666667,0.5625,2.758,0.0
0.1111111111111111,0.5166666666666667,0.48000000000000004,0.4444444444444444,1.53,0.0
0.07142857142857142,0.5666666666666667,0.4566666666666667,0.5,2.512,0.0
0.05555555555555555,0.5666666666666667,0.46333333333333343,0.4444444444444444,2.99,0.03272814814814815
0.05555555555555555,0.5666666666666667,0.46333333333333343,0.3888888888888889,2.8153333333333332,0.005717037037037041
0.1111111111111111,0.5166666666666667,0.48000000000000004,0.5555555555555556,1.7046666666666668,0.0
0.09090909090909091,0.5,0.43333333333333335,0.36363636363636365,1.766,0.0
0.1,0.5366666666666667,0.5399999999999999,0.6,2.2173333333333334,0.0
0.1,0.6,0.5700000000000001,0.6,2.5906666666666665,0.0
0.09090909090909091,0.5,0.4666666666666667,0.36363636363636365,1.826,0.0
0.1111111111111111,0.5166666666666667,0.44,0.4444444444444444,1.5206666666666666,0.0
0.07692307692307693,0.5766666666666667,0.49333333333333335,0.5384615384615384,2.1893333333333334,0.0
0.15384615384615385,0.5666666666666667,0.5466666666666667,0.5384615384615384,2.4013333333333335,0.0
0.058823529411764705,0.5666666666666667,0.5466666666666666,0.47058823529411764,2.8793333333333333,0.0059562962962962955
0.08333333333333333,0.53,0.5333333333333333,0.3333333333333333,2.7253333333333334,0.01943333333333334
0.09090909090909091,0.5333333333333333,0.5666666666666667,0.5454545454545454,2.3426666666666667,0.0
0.09090909090909091,0.6,0.5666666666666667,0.5454545454545454,2.716,0.0
0.07692307692307693,0.5700000000000001,0.5266666666666667,0.5384615384615384,2.175333333333333,0.0
0.06666666666666667,0.5299999999999999,0.52,0.3333333333333333,2.5886666666666667,0.01639466666666667
0.1,0.6,0.5333333333333333,0.5,2.4266666666666667,0.0
0.07142857142857142,0.5733333333333335,0.5233333333333333,0.5714285714285714,2.474666666666667,0.0
0.1111111111111111,0.5866666666666667,0.5399999999999999,0.3333333333333333,1.9866666666666666,0.0
0.1111111111111111,0.6,0.5333333333333333,0.4444444444444444,2.1273333333333335,0.0
0.07692307692307693,0.5766666666666667,0.5266666666666667,0.6153846153846154,2.3173333333333335,0.0
0.07142857142857142,0.5,0.4566666666666667,0.35714285714285715,2.3233333333333333,0.0
0.09090909090909091,0.5333333333333333,0.4666666666666667,0.5454545454545454,2.062666666666667,0.0
0.08333333333333333,0.58,0.5266666666666667,0.5,2.1433333333333335,0.0
0.07692307692307693,0.5633333333333332,0.5800000000000001,0.6153846153846154,2.5913333333333335,0.0
0.09090909090909091,0.6,0.5333333333333333,0.5454545454545454,2.458666666666667,0.0
0.08333333333333333,0.5983333333333333,0.56,0.5833333333333334,2.762,0.0
0.08333333333333333,0.5433333333333333,0.53,0.5,2.124,0.0
0.0625,0.5416666666666666,0.5166666666666667,0.375,2.64,0.006788888888888892
0.125,0.5766666666666667,0.51,0.625,1.7926666666666666,0.0
0.07142857142857142,0.5666666666666667,0.5333333333333333,0.5714285714285714,2.8633333333333333,0.0
0.07142857142857142,0.5733333333333335,0.49000000000000005,0.5,2.424,0.0
0.09090909090909091,0.5333333333333333,0.5333333333333333,0.36363636363636365,2.490666666666667,0.0
0.07142857142857142,0.49500000000000005,0.5333333333333333,0.35714285714285715,2.34,0.0
0.1111111111111111,0.6,0.5333333333333333,0.5555555555555556,2.178,0.0
0.1,0.6,0.5700000000000001,0.6,2.481333333333333,0.0
0.08333333333333333,0.565,0.5333333333333333,0.5833333333333334,2.5633333333333335,0.0
0.0625,0.575,0.48333333333333334,0.5,2.754,0.0
0.09090909090909091,0.55,0.5333333333333333,0.36363636363636365,2.6,0.005353333333333339
0.1111111111111111,0.5866666666666667,0.5399999999999999,0.4444444444444444,2.1466666666666665,0.0
0.07142857142857142,0.5466666666666667,0.5233333333333333,0.35714285714285715,2.449333333333333,0.0
0.07142857142857142,0.5400000000000001,0.5233333333333333,0.5,2.3146666666666667,0.0
0.07692307692307693,0.5,0.46,0.38461538461538464,2.136,0.0
0.1,0.5366666666666667,0.5399999999999999,0.5,2.0273333333333334,0.0
0.1,0.5666666666666667,0.4766666666666666,0.6,1.906,0.0
0.07142857142857142,0.49500000000000005,0.5233333333333333,0.2857142857142857,2.259333333333333,0.0
0.1111111111111111,0.6,0.5333333333333333,0.4444444444444444,2.0973333333333333,0.0
0.1111111111111111,0.56,0.51,0.5555555555555556,3.206,0.053598222222222235
0.125,0.5666666666666667,0.49666666666666665,0.5,1.3846666666666667,0.0
0.05555555555555555,0.5666666666666667,0.46333333333333343,0.5,3.0853333333333333,0.025840000000000002
0.07692307692307693,0.5266666666666667,0.52,0.38461538461538464,2.9313333333333333,0.037791259259259274
0.07142857142857142,0.5616666666666668,0.5333333333333333,0.5714285714285714,3.004,0.0
0.1,0.5666666666666667,0.4766666666666666,0.5,1.792,0.0
0.0625,0.5666666666666667,0.48333333333333334,0.5,2.678,0.0
0.16666666666666666,0.5666666666666667,0.5166666666666667,0.6666666666666666,1.526,0.0
0.125,0.5666666666666667,0.49666666666666665,0.625,1.5633333333333332,0.0
0.09090909090909091,0.5833333333333334,0.5333333333333333,0.36363636363636365,2.2993333333333332,0.0
0.0625,0.5333333333333333,0.5166666666666667,0.3125,2.602,0.011045925925925933
0.08333333333333333,0.5333333333333333,0.4666666666666667,0.5833333333333334,2.218,0.0
0.1111111111111111,0.5666666666666667,0.46,0.4444444444444444,1.576,0.0
0.07142857142857142,0.5466666666666667,0.4666666666666667,0.5,2.466,0.0
0.058823529411764705,0.5666666666666667,0.49333333333333335,0.5294117647058824,2.894,0.0
0.08333333333333333,0.5483333333333333,0.5266666666666667,0.4166666666666667,2.74,0.007896000000000012
0.07692307692307693,0.5666666666666667,0.5333333333333333,0.6153846153846154,2.812666666666667,0.0
0.07692307692307693,0.5,0.52,0.38461538461538464,2.284,0.0
0.09090909090909091,0.5333333333333333,0.5333333333333333,0.2727272727272727,2.558,0.018880000000000008
0.07142857142857142,0.49500000000000005,0.5566666666666668,0.2857142857142857,2.4073333333333333,0.0
0.1,0.5666666666666667,0.43666666666666665,0.6,1.758,0.0
0.1111111111111111,0.6,0.5399999999999999,0.4444444444444444,2.2453333333333334,0.0
0.1,0.6,0.5700000000000001,0.5,2.5486666666666666,0.0
0.16666666666666666,0.5666666666666667,0.55,0.5,1.56,0.0
0.07142857142857142,0.5416666666666667,0.5033333333333334,0.42857142857142855,2.27,0.0
0.09090909090909091,0.55,0.5333333333333333,0.36363636363636365,2.524,0.0
0.1,0.5666666666666667,0.5399999999999999,0.6,2.1413333333333333,0.0
0.07142857142857142,0.5466666666666667,0.5233333333333333,0.35714285714285715,2.3733333333333335,0.0
0.1,0.5366666666666667,0.47,0.7,1.9893333333333334,0.0
0.08333333333333333,0.5666666666666667,0.5333333333333333,0.5833333333333334,2.5966666666666667,0.0
0.07692307692307693,0.5,0.46,0.38461538461538464,2.1726666666666667,0.0
0.0625,0.5666666666666667,0.5166666666666667,0.5,2.7213333333333334,0.0
0.07142857142857142,0.5666666666666667,0.5033333333333334,0.5,2.3473333333333333,0.0
0.1,0.5366666666666667,0.5399999999999999,0.5,2.064,0.0
0.09090909090909091,0.5666666666666667,0.6,0.5454545454545454,2.2666666666666666,0.0
0.07142857142857142,0.49500000000000005,0.5233333333333333,0.2857142857142857,2.296,0.0
0.1,0.5333333333333333,0.47,0.6,1.912,0.0
0.07692307692307693,0.5666666666666667,0.5133333333333334,0.46153846153846156,2.158,0.0
0.058823529411764705,0.5633333333333332,0.5133333333333333,0.5294117647058824,2.9106666666666667,0.01679985185185185
0.08333333333333333,0.565,0.5833333333333334,0.5833333333333334,2.456,0.0
0.1,0.5850000000000001,0.5366666666666667,0.4,2.1826666666666665,0.0
0.06666666666666667,0.49333333333333335,0.52,0.3333333333333333,2.485333333333333,0.0
0.14285714285714285,0.5666666666666667,0.5133333333333333,0.5714285714285714,1.638,0.0
0.09090909090909091,0.5333333333333333,0.4666666666666667,0.6363636363636364,2.1013333333333333,0.0
0.08333333333333333,0.5666666666666667,0.43,0.5,1.894,0.0
0.07692307692307693,0.5266666666666667,0.5333333333333333,0.3076923076923077,2.9,0.043678222222222236
0.08333333333333333,0.5316666666666666,0.5933333333333334,0.5,2.517333333333333,0.0
0.08333333333333333,0.5983333333333333,0.5966666666666666,0.5,2.8906666666666667,0.02407959259259259
0.08333333333333333,0.4733333333333334,0.5233333333333333,0.4166666666666667,1.968,0.0
0.08333333333333333,0.5666666666666667,0.53,0.5833333333333334,2.4433333333333334,0.0
0.09090909090909091,0.6,0.5333333333333333,0.5454545454545454,2.513333333333333,0.0
0.08333333333333333,0.5633333333333332,0.4666666666666667,0.6666666666666666,2.291333333333333,0.0
0.07142857142857142,0.5,0.5133333333333334,0.42857142857142855,2.4353333333333333,0.0
0.07692307692307693,0.5666666666666667,0.4266666666666667,0.46153846153846156,2.0846666666666667,0.0
0.07692307692307693,0.5666666666666667,0.52,0.5384615384615384,2.3853333333333335,0.0
0.08333333333333333,0.53,0.5333333333333333,0.3333333333333333,2.7093333333333334,0.021647555555555566
0.08333333333333333,0.565,0.5933333333333334,0.5833333333333334,2.529333333333333,0.0
0.1,0.5850000000000001,0.5366666666666667,0.4,2.256,0.0
0.06666666666666667,0.49333333333333335,0.5333333333333333,0.3333333333333333,2.558666666666667,0.0018637037037037131
0.14285714285714285,0.5666666666666667,0.5333333333333333,0.5714285714285714,1.7113333333333334,0.0
0.07692307692307693,0.5633333333333332,0.5333333333333333,0.5384615384615384,2.782,0.0
0.06666666666666667,0.5,0.4533333333333333,0.4,2.398,0.0
0.08333333333333333,0.5666666666666667,0.52,0.5,2.122,0.0
0.05555555555555555,0.56,0.51,0.5,2.9466666666666668,0.023532444444444457
0.07142857142857142,0.5666666666666667,0.4566666666666667,0.5,2.348,0.0
0.09090909090909091,0.5833333333333334,0.5333333333333333,0.36363636363636365,2.2186666666666666,0.0
0.09090909090909091,0.6,0.5333333333333333,0.45454545454545453,2.3593333333333333,0.0
0.08333333333333333,0.5983333333333333,0.56,0.5,2.6626666666666665,0.0
0.08333333333333333,0.53,0.4666666666666667,0.5833333333333334,2.1373333333333333,0.0
0.07142857142857142,0.5616666666666668,0.5333333333333333,0.5,2.744666666666667,0.0
0.1111111111111111,0.5366666666666667,0.48000000000000004,0.3333333333333333,2.064,0.0
0.08333333333333333,0.5666666666666667,0.5266666666666667,0.5,2.252,0.0
0.06666666666666667,0.5700000000000001,0.52,0.5333333333333333,2.5946666666666665,0.0
0.1,0.6,0.5700000000000001,0.5,2.566666666666667,0.0
0.125,0.5383333333333333,0.5333333333333333,0.25,1.8086666666666666,0.0
0.07692307692307693,0.5666666666666667,0.46,0.5384615384615384,2.5073333333333334,0.0
0.06666666666666667,0.5,0.52,0.3333333333333333,2.6806666666666668,0.020411111111111116
0.09090909090909091,0.6,0.5666666666666667,0.5454545454545454,2.822,0.021120000000000003
0.09090909090909091,0.5333333333333333,0.4666666666666667,0.6363636363636364,2.296666666666667,0.0
0.125,0.5383333333333333,0.48666666666666664,0.375,1.796,0.0
0.07142857142857142,0.5,0.5133333333333334,0.35714285714285715,2.57,0.028511111111111112
0.058823529411764705,0.5633333333333332,0.5333333333333333,0.47058823529411764,3.1186666666666665,0.08399925925925926
0.058823529411764705,0.5666666666666667,0.5333333333333333,0.4117647058823529,2.998,0.056100000000000004
0.09090909090909091,0.5333333333333333,0.5333333333333333,0.45454545454545453,2.461333333333333,0.016948148148148157
0.08333333333333333,0.565,0.5933333333333334,0.5,2.664,0.041131999999999995
0.06666666666666667,0.49333333333333335,0.5333333333333333,0.26666666666666666,2.6933333333333334,0.04345718518518519
0.07692307692307693,0.5633333333333332,0.5333333333333333,0.46153846153846156,2.9166666666666665,0.024586370370370373
0.05555555555555555,0.56,0.51,0.5555555555555556,3.3153333333333332,0.04386666666666667
0.07142857142857142,0.5666666666666667,0.4666666666666667,0.5714285714285714,2.716666666666667,0.0
0.05555555555555555,0.5666666666666667,0.4866666666666667,0.5,3.1946666666666665,0.015992592592592596
0.14285714285714285,0.49,0.5333333333333333,0.14285714285714285,1.5993333333333333,0.0
0.08333333333333333,0.5483333333333333,0.53,0.5833333333333334,2.658,0.0
0.07142857142857142,0.5616666666666668,0.5333333333333333,0.5714285714285714,3.1133333333333333,0.0
0.07692307692307693,0.5,0.4666666666666667,0.38461538461538464,2.223333333333333,0.0
0.1111111111111111,0.5366666666666667,0.5333333333333333,0.3333333333333333,2.1426666666666665,0.0
0.1,0.6,0.5700000000000001,0.5,2.488,0.0
0.16666666666666666,0.5666666666666667,0.5166666666666667,0.5,1.4993333333333334,0.0
0.1,0.5333333333333333,0.47,0.6,1.9626666666666666,0.0
0.1111111111111111,0.5366666666666667,0.5333333333333333,0.3333333333333333,2.1893333333333334,0.0
0.07692307692307693,0.5,0.4666666666666667,0.38461538461538464,2.1766666666666667,0.0
0.08333333333333333,0.5666666666666667,0.4666666666666667,0.5,2.1266666666666665,0.0
0.0625,0.5666666666666667,0.5,0.4375,2.6046666666666667,0.0
0.09090909090909091,0.5666666666666667,0.6,0.5454545454545454,2.2706666666666666,0.0
0.07142857142857142,0.49500000000000005,0.5233333333333333,0.2857142857142857,2.3,0.0
0.1111111111111111,0.6,0.5333333333333333,0.4444444444444444,2.138,0.0
0.16666666666666666,0.5666666666666667,0.5166666666666667,0.5,1.4526666666666668,0.0
0.1,0.5333333333333333,0.47,0.6,1.916,0.0
0.125,0.5433333333333333,0.5533333333333333,0.625,1.8486666666666667,0.0
0.07692307692307693,0.5,0.46,0.38461538461538464,2.1346666666666665,0.0
0.0625,0.5666666666666667,0.5166666666666667,0.5,2.683333333333333,0.0
0.08333333333333333,0.5666666666666667,0.4633333333333333,0.5,2.0846666666666667,0.0
0.0625,0.5666666666666667,0.48333333333333334,0.4375,2.562666666666667,0.0
0.09090909090909091,0.5333333333333333,0.5333333333333333,0.2727272727272727,2.4086666666666665,0.0
0.09090909090909091,0.5666666666666667,0.6,0.5454545454545454,2.228666666666667,0.0
0.07142857142857142,0.49500000000000005,0.5233333333333333,0.2857142857142857,2.258,0.0
0.1,0.6,0.5700000000000001,0.5,2.3993333333333333,0.0
0.1,0.5333333333333333,0.47,0.6,1.874,0.0
0.07692307692307693,0.5133333333333333,0.46,0.46153846153846156,2.252666666666667,0.0
0.125,0.5433333333333333,0.5533333333333333,0.5,1.7306666666666666,0.0
0.125,0.5666666666666667,0.5166666666666667,0.5625,2.8013333333333335,0.0013348148148148145
0.08333333333333333,0.5666666666666667,0.4633333333333333,0.5833333333333334,2.2026666666666666,0.0
0.07142857142857142,0.5116666666666667,0.5233333333333333,0.35714285714285715,2.376,0.0
0.1,0.6,0.5700000000000001,0.6,2.517333333333333,0.0
0.1,0.5333333333333333,0.47,0.7,1.992,0.0
0.08333333333333333,0.565,0.5333333333333333,0.5833333333333334,2.5993333333333335,0.0
0.5,0.3433333333333334,0.53,0.5,0.394,0.0
0.07142857142857142,0.5,0.5233333333333333,0.42857142857142855,2.44,0.0
0.14285714285714285,0.5466666666666666,0.5400000000000001,0.5714285714285714,1.5433333333333332,0.0
0.07692307692307693,0.5666666666666667,0.5266666666666667,0.5384615384615384,2.39,0.0
0.058823529411764705,0.5666666666666667,0.5333333333333333,0.47058823529411764,2.868,0.0
0.08333333333333333,0.53,0.5333333333333333,0.3333333333333333,2.714,0.012472666666666677
0.08333333333333333,0.565,0.5933333333333334,0.5833333333333334,2.534,0.0
0.1,0.5850000000000001,0.5366666666666667,0.4,2.260666666666667,0.0
0.06666666666666667,0.49333333333333335,0.5333333333333333,0.3333333333333333,2.5633333333333335,0.0
0.1,0.6,0.5333333333333333,0.5,2.4013333333333335,0.0
0.07692307692307693,0.5633333333333332,0.5333333333333333,0.5384615384615384,2.7866666666666666,0.0
0.06666666666666667,0.52,0.5066666666666666,0.4666666666666667,2.862,0.06233066666666667
0.05555555555555555,0.56,0.5433333333333333,0.5555555555555556,3.4106666666666667,0.11869511111111113
0.16666666666666666,0.5416666666666666,0.5166666666666667,0.5,1.1213333333333333,0.0
0.07142857142857142,0.5666666666666667,0.5366666666666667,0.5714285714285714,2.812,0.024555555555555556
0.05555555555555555,0.5666666666666667,0.5533333333333333,0.5,3.29,0.09171185185185185
0.07692307692307693,0.5333333333333333,0.5333333333333333,0.38461538461538464,3.136,0.10026666666666667
0.09090909090909091,0.5833333333333334,0.5666666666666667,0.45454545454545453,2.6826666666666665,0.05565000000000001
0.08333333333333333,0.5983333333333333,0.5966666666666666,0.5833333333333334,3.1266666666666665,0.08694448148148147
0.08333333333333333,0.5333333333333333,0.4966666666666667,0.6666666666666666,2.6013333333333333,0.0
0.07142857142857142,0.5616666666666668,0.5333333333333333,0.5714285714285714,3.208666666666667,0.05981125925925927
0.125,0.5433333333333333,0.5533333333333333,0.625,1.7773333333333334,0.0
0.0625,0.5666666666666667,0.5166666666666667,0.5,2.7546666666666666,0.011534814814814824
0.0625,0.5666666666666667,0.5166666666666667,0.4375,2.634,0.0
0.09090909090909091,0.5666666666666667,0.6,0.5454545454545454,2.3,0.0
0.1,0.6,0.5700000000000001,0.5,2.470666666666667,0.0
0.1,0.5333333333333333,0.5,0.6,1.9453333333333334,0.0
0.125,0.5216666666666667,0.5533333333333333,0.5,1.6653333333333333,0.0
0.0625,0.575,0.5166666666666667,0.5625,2.8666666666666667,0.012624444444444447
0.08333333333333333,0.5666666666666667,0.4633333333333333,0.5833333333333334,2.268,0.0
0.0625,0.5666666666666667,0.48333333333333334,0.5,2.746,0.0
0.09090909090909091,0.55,0.5333333333333333,0.36363636363636365,2.592,0.0
0.07142857142857142,0.5466666666666667,0.5233333333333333,0.35714285714285715,2.441333333333333,0.0
0.1,0.6,0.5700000000000001,0.6,2.582666666666667,0.0
0.1,0.5366666666666667,0.47,0.7,2.0573333333333332,0.0
0.08333333333333333,0.5666666666666667,0.5333333333333333,0.5833333333333334,2.6646666666666667,0.0
0.125,0.5549999999999999,0.48333333333333334,0.5,1.528,0.0
0.07142857142857142,0.5683333333333334,0.5133333333333334,0.5,2.658,0.0187928888888889
0.058823529411764705,0.5833333333333334,0.5466666666666666,0.5882352941176471,3.2066666666666666,0.07300740740740742
0.07692307692307693,0.5666666666666667,0.5466666666666667,0.6153846153846154,2.608,0.0
0.058823529411764705,0.5733333333333334,0.56,0.5294117647058824,3.086,0.04302548148148149
0.08333333333333333,0.5483333333333333,0.5333333333333333,0.4166666666666667,2.932,0.055491333333333344
0.09090909090909091,0.5666666666666667,0.6,0.6363636363636364,2.5493333333333332,0.004432592592592597
0.06666666666666667,0.5533333333333333,0.5533333333333333,0.4,2.7813333333333334,0.03548711111111112
0.09090909090909091,0.6,0.6,0.6363636363636364,2.9226666666666667,0.035106666666666675
0.18181818181818182,0.5333333333333333,0.5,0.7272727272727273,2.3973333333333335,0.0
0.07692307692307693,0.5666666666666667,0.5333333333333333,0.6153846153846154,3.0046666666666666,0.01115703703703704
0.1111111111111111,0.5700000000000001,0.6,0.6666666666666666,2.033333333333333,0.0
0.07692307692307693,0.5,0.46,0.38461538461538464,2.1526666666666667,0.0
0.0625,0.5666666666666667,0.5166666666666667,0.5,2.7013333333333334,0.0
0.0625,0.5666666666666667,0.48333333333333334,0.4375,2.5806666666666667,0.0
0.1,0.5366666666666667,0.5399999999999999,0.5,2.044,0.0
0.1111111111111111,0.6,0.5333333333333333,0.4444444444444444,2.114,0.0
0.1,0.6,0.5700000000000001,0.5,2.417333333333333,0.0
0.1,0.5333333333333333,0.47,0.6,1.892,0.0
0.5,0.35,0.39666666666666667,0.0,0.25733333333333336,0.0
0.125,0.5716666666666667,0.6,0.75,1.8826666666666667,0.0
0.07142857142857142,0.5,0.4566666666666667,0.35714285714285715,2.3033333333333332,0.0
0.11764705882352941,0.5633333333333332,0.5133333333333333,0.47058823529411764,2.852,0.017751259259259265
0.07692307692307693,0.5666666666666667,0.46,0.46153846153846156,2.2533333333333334,0.0
0.058823529411764705,0.5666666666666667,0.4733333333333334,0.4117647058823529,2.731333333333333,0.0
0.08333333333333333,0.53,0.5266666666666667,0.25,2.5773333333333333,0.00400444444444445
0.09090909090909091,0.5333333333333333,0.5333333333333333,0.45454545454545453,2.1946666666666665,0.0
0.1,0.5850000000000001,0.5366666666666667,0.3,2.124,0.0
0.06666666666666667,0.49333333333333335,0.52,0.26666666666666666,2.4266666666666667,0.0
0.09090909090909091,0.6,0.5666666666666667,0.45454545454545453,2.568,0.0
0.09090909090909091,0.5333333333333333,0.4666666666666667,0.5454545454545454,2.042666666666667,0.0
0.07692307692307693,0.5633333333333332,0.5333333333333333,0.46153846153846156,2.65,0.0
0.07692307692307693,0.5400000000000001,0.52,0.46153846153846156,2.442,0.0
0.1111111111111111,0.5700000000000001,0.4666666666666667,0.5555555555555556,1.744,0.0
0.0625,0.5666666666666667,0.55,0.5625,2.990666666666667,0.048481481481481487
0.08333333333333333,0.5666666666666667,0.5566666666666668,0.5833333333333334,2.392,0.0
0.09090909090909091,0.55,0.5333333333333333,0.36363636363636365,2.716,0.033880000000000014
0.1,0.5516666666666666,0.6,0.6,2.3333333333333335,0.0
0.07142857142857142,0.535,0.5566666666666668,0.35714285714285715,2.5653333333333332,0.013125333333333343
0.1111111111111111,0.6,0.5466666666666666,0.5555555555555556,2.4033333333333333,0.0
0.1,0.6,0.6,0.6,2.7066666666666666,0.011346666666666677
0.16666666666666666,0.5666666666666667,0.5666666666666667,0.6666666666666666,1.718,0.0
0.5,0.49333333333333335,0.4266666666666667,0.5,0.44533333333333336,0.0
0.07142857142857142,0.5,0.4566666666666667,0.42857142857142855,2.4913333333333334,0.0
0.07692307692307693,0.5666666666666667,0.46,0.5384615384615384,2.441333333333333,0.0
0.08333333333333333,0.53,0.5266666666666667,0.3333333333333333,2.7653333333333334,0.02289600000000001
0.125,0.5716666666666667,0.6,0.625,1.6946666666666668,0.0
0.09090909090909091,0.5333333333333333,0.5333333333333333,0.5454545454545454,2.3826666666666667,0.0
0.1,0.5850000000000001,0.5366666666666667,0.4,2.312,0.0
0.06666666666666667,0.5,0.52,0.3333333333333333,2.6146666666666665,0.003066666666666676
0.1,0.6,0.5333333333333333,0.5,2.4526666666666666,0.0
0.125,0.56,0.6,0.5,1.8173333333333332,0.0
0.07142857142857142,0.5466666666666667,0.4566666666666667,0.5,2.3686666666666665,0.0
0.058823529411764705,0.5733333333333334,0.5133333333333333,0.5882352941176471,2.917333333333333,0.02013037037037038
0.07692307692307693,0.5666666666666667,0.46,0.6153846153846154,2.3186666666666667,0.0
0.058823529411764705,0.5666666666666667,0.4733333333333334,0.5294117647058824,2.796666666666667,0.0
0.06666666666666667,0.5399999999999999,0.52,0.4,2.492,0.0
0.1,0.6,0.5333333333333333,0.6,2.33,0.0
0.09090909090909091,0.6,0.5666666666666667,0.6363636363636364,2.6333333333333333,0.0
0.07692307692307693,0.5666666666666667,0.5333333333333333,0.6153846153846154,2.715333333333333,0.0
0.5,0.5700000000000001,0.43333333333333335,0.5,0.468,0.0
0.16666666666666666,0.5166666666666667,0.55,0.3333333333333333,1.3986666666666667,0.0
0.07142857142857142,0.5583333333333335,0.4566666666666667,0.42857142857142855,2.514,0.002382222222222224
0.058823529411764705,0.59,0.5133333333333333,0.5294117647058824,3.062666666666667,0.056849777777777784
0.07692307692307693,0.5666666666666667,0.46,0.5384615384615384,2.464,0.0
0.058823529411764705,0.58,0.4733333333333334,0.47058823529411764,2.942,0.026821777777777778
0.08333333333333333,0.5483333333333333,0.5266666666666667,0.3333333333333333,2.788,0.03969933333333334
0.09090909090909091,0.5666666666666667,0.5333333333333333,0.5454545454545454,2.4053333333333335,0.0
0.08333333333333333,0.5816666666666667,0.5833333333333334,0.5833333333333334,2.608,0.011659185185185187
0.06666666666666667,0.5399999999999999,0.52,0.3333333333333333,2.6373333333333333,0.01908000000000001
0.1,0.6,0.5333333333333333,0.5,2.4753333333333334,0.0
0.14285714285714285,0.58,0.5133333333333333,0.5714285714285714,1.79,0.0
0.09090909090909091,0.5333333333333333,0.4666666666666667,0.6363636363636364,2.2533333333333334,0.0
0.07692307692307693,0.5666666666666667,0.5333333333333333,0.5384615384615384,2.8606666666666665,0.0
0.2,0.5399999999999999,0.52,0.2,1.248,0.0
0.06666666666666667,0.55,0.5066666666666666,0.4666666666666667,2.6646666666666667,0.006416666666666678
0.05555555555555555,0.5833333333333334,0.5433333333333333,0.5555555555555556,3.2133333333333334,0.06052407407407409
0.07142857142857142,0.5666666666666667,0.5366666666666667,0.5714285714285714,2.6146666666666665,0.0
0.05555555555555555,0.5716666666666667,0.5433333333333333,0.5,3.0926666666666667,0.03066674074074075
0.07692307692307693,0.5466666666666666,0.5333333333333333,0.38461538461538464,2.9386666666666668,0.043624
0.08333333333333333,0.5633333333333332,0.5633333333333332,0.5833333333333334,2.556,0.0
0.07692307692307693,0.58,0.5933333333333334,0.6153846153846154,2.7586666666666666,0.015917777777777788
0.1111111111111111,0.5399999999999999,0.5466666666666666,0.5555555555555556,1.9373333333333334,0.0
0.0625,0.5333333333333333,0.55,0.375,2.788,0.022791111111111116
0.09090909090909091,0.6,0.5333333333333333,0.5454545454545454,2.626,0.0
0.08333333333333333,0.5983333333333333,0.5666666666666667,0.5833333333333334,2.929333333333333,0.02220481481481482
0.125,0.6,0.5333333333333333,0.5,2.0073333333333334,0.0
0.125,0.5716666666666667,0.5433333333333333,0.625,1.9406666666666668,0.0
0.08333333333333333,0.5333333333333333,0.4966666666666667,0.6666666666666666,2.404,0.0
0.07142857142857142,0.5666666666666667,0.5333333333333333,0.5714285714285714,3.0113333333333334,0.0
0.2,0.5933333333333334,0.5133333333333333,0.6,1.0866666666666667,0.0
0.06666666666666667,0.5,0.52,0.3333333333333333,2.826,0.07633333333333334
0.05555555555555555,0.56,0.5333333333333333,0.4444444444444444,3.3746666666666667,0.13706311111111114
0.05555555555555555,0.5666666666666667,0.5333333333333333,0.3888888888888889,3.254,0.11029851851851852
0.07692307692307693,0.5266666666666667,0.5333333333333333,0.23076923076923078,3.1,0.11628800000000002
0.07692307692307693,0.5633333333333332,0.5866666666666667,0.46153846153846156,2.92,0.09489037037037036
0.0625,0.49166666666666664,0.5333333333333333,0.25,2.949333333333333,0.09033555555555556
0.09090909090909091,0.6,0.5333333333333333,0.36363636363636365,2.787333333333333,0.06861333333333335
0.125,0.5666666666666667,0.5333333333333333,0.375,2.102,0.0
0.08333333333333333,0.53,0.5,0.5,2.5653333333333332,0.0
0.08333333333333333,0.4983333333333333,0.53,0.3333333333333333,2.0593333333333335,0.0
1.0,0.25,0.36666666666666664,0.0,0.11,0.0
0.07692307692307693,0.5,0.46,0.38461538461538464,2.156,0.0
0.0625,0.5666666666666667,0.5166666666666667,0.5,2.7046666666666668,0.0
0.08333333333333333,0.5666666666666667,0.4633333333333333,0.5,2.106,0.0
0.125,0.5666666666666667,0.48333333333333334,0.4375,2.584,0.0
0.1,0.5366666666666667,0.5399999999999999,0.5,2.0473333333333334,0.0
0.09090909090909091,0.5666666666666667,0.6,0.5454545454545454,2.25,0.0
0.1111111111111111,0.5866666666666667,0.5399999999999999,0.3333333333333333,1.9766666666666666,0.0
0.1111111111111111,0.6,0.5333333333333333,0.4444444444444444,2.1173333333333333,0.0
0.1,0.6,0.5700000000000001,0.5,2.4206666666666665,0.0
0.1,0.5333333333333333,0.47,0.6,1.8953333333333333,0.0
0.08333333333333333,0.565,0.5333333333333333,0.5,2.502666666666667,0.0
0.3333333333333333,0.3733333333333333,0.4066666666666666,0.3333333333333333,0.3566666666666667,0.0
0.1,0.5066666666666666,0.5366666666666667,0.3,1.8126666666666666,0.0
0.13333333333333333,0.5,0.4533333333333333,0.4,2.4026666666666667,0.0
0.05555555555555555,0.56,0.51,0.5,2.9513333333333334,0.02634488888888889
0.07142857142857142,0.5666666666666667,0.4566666666666667,0.5,2.3526666666666665,0.0
0.05555555555555555,0.5666666666666667,0.46333333333333343,0.4444444444444444,2.8306666666666667,0.0
0.07692307692307693,0.5266666666666667,0.52,0.3076923076923077,2.6766666666666667,0.01216014814814816
0.08333333333333333,0.5316666666666666,0.53,0.5,2.294,0.0
0.07692307692307693,0.5633333333333332,0.5666666666666668,0.5384615384615384,2.4966666666666666,0.0
0.09090909090909091,0.5833333333333334,0.5333333333333333,0.36363636363636365,2.223333333333333,0.0
0.09090909090909091,0.6,0.5333333333333333,0.45454545454545453,2.364,0.0
0.08333333333333333,0.5983333333333333,0.56,0.5,2.667333333333333,0.0
0.125,0.5666666666666667,0.51,0.5,1.6786666666666668,0.0
0.08333333333333333,0.53,0.4666666666666667,0.5833333333333334,2.142,0.0
0.06666666666666667,0.5,0.4666666666666667,0.3333333333333333,2.412,0.0
0.05555555555555555,0.56,0.51,0.4444444444444444,2.9606666666666666,0.03803022222222223
0.07142857142857142,0.5666666666666667,0.4666666666666667,0.42857142857142855,2.362,0.0
0.05555555555555555,0.5666666666666667,0.4866666666666667,0.3888888888888889,2.84,0.010086666666666673
0.08333333333333333,0.5316666666666666,0.53,0.4166666666666667,2.3033333333333332,0.0
0.07692307692307693,0.5633333333333332,0.5733333333333335,0.46153846153846156,2.506,0.0
0.09090909090909091,0.6,0.5333333333333333,0.36363636363636365,2.3733333333333335,0.0
0.125,0.5666666666666667,0.51,0.375,1.688,0.0
0.07142857142857142,0.5616666666666668,0.5333333333333333,0.42857142857142855,2.7586666666666666,0.0
0.06666666666666667,0.5399999999999999,0.5066666666666666,0.4666666666666667,2.746,0.031031999999999994
0.1,0.41,0.5066666666666666,0.2,1.4693333333333334,0.0
0.05555555555555555,0.5716666666666667,0.5333333333333333,0.5555555555555556,3.2946666666666666,0.08549592592592592
0.07142857142857142,0.5666666666666667,0.5133333333333334,0.5714285714285714,2.696,0.0
0.05555555555555555,0.5666666666666667,0.5333333333333333,0.5,3.174,0.05635185185185186
0.08333333333333333,0.5633333333333332,0.5333333333333333,0.5833333333333334,2.6373333333333333,0.018151851851851857
0.07692307692307693,0.5666666666666667,0.5866666666666667,0.6153846153846154,2.84,0.04150518518518519
0.09090909090909091,0.5833333333333334,0.5333333333333333,0.45454545454545453,2.566666666666667,0.019250000000000003
0.08333333333333333,0.5983333333333333,0.5633333333333332,0.5833333333333334,3.010666666666667,0.04960848148148148
0.08333333333333333,0.5333333333333333,0.4966666666666667,0.6666666666666666,2.485333333333333,0.0
0.08333333333333333,0.475,0.53,0.25,1.9893333333333334,0.0
0.07692307692307693,0.5,0.46,0.46153846153846156,2.226,0.0
0.0625,0.5666666666666667,0.5166666666666667,0.5625,2.7746666666666666,0.0
0.08333333333333333,0.5666666666666667,0.4633333333333333,0.5833333333333334,2.176,0.0
0.0625,0.5666666666666667,0.48333333333333334,0.5,2.654,0.0
0.09090909090909091,0.5333333333333333,0.5333333333333333,0.36363636363636365,2.5,0.0
0.09090909090909091,0.5666666666666667,0.6,0.6363636363636364,2.32,0.0
0.1111111111111111,0.6,0.5333333333333333,0.5555555555555556,2.187333333333333,0.0
0.1,0.6,0.5700000000000001,0.6,2.490666666666667,0.0
0.16666666666666666,0.5666666666666667,0.5166666666666667,0.6666666666666666,1.502,0.0
0.1,0.5333333333333333,0.47,0.7,1.9653333333333334,0.0
0.08333333333333333,0.565,0.5333333333333333,0.5833333333333334,2.5726666666666667,0.0
0.09090909090909091,0.5,0.4666666666666667,0.36363636363636365,1.7126666666666666,0.0
0.07142857142857142,0.5,0.5233333333333333,0.35714285714285715,2.502666666666667,0.0004111111111111121
0.058823529411764705,0.5633333333333332,0.5466666666666666,0.47058823529411764,3.0513333333333335,0.05233992592592592
0.07692307692307693,0.5666666666666667,0.5533333333333333,0.46153846153846156,2.4526666666666666,0.0
0.058823529411764705,0.5666666666666667,0.5466666666666666,0.4117647058823529,2.9306666666666668,0.024253333333333335
0.08333333333333333,0.53,0.5333333333333333,0.25,2.776666666666667,0.03654644444444446
0.09090909090909091,0.5333333333333333,0.5666666666666667,0.45454545454545453,2.394,0.0
0.09090909090909091,0.6,0.5666666666666667,0.45454545454545453,2.767333333333333,0.015760000000000014
0.07692307692307693,0.5633333333333332,0.5333333333333333,0.46153846153846156,2.8493333333333335,0.0
1.0,0.5333333333333333,0.5,1.0,0.32,0.0
0.14285714285714285,0.6,0.5333333333333333,0.42857142857142855,1.6873333333333334,0.0
0.0625,0.5666666666666667,0.5166666666666667,0.5625,2.9146666666666667,0.0
0.08333333333333333,0.5666666666666667,0.4966666666666667,0.5833333333333334,2.316,0.0
0.0625,0.5666666666666667,0.5166666666666667,0.5,2.794,0.0
0.09090909090909091,0.5333333333333333,0.5333333333333333,0.36363636363636365,2.64,0.0
0.1,0.5366666666666667,0.5399999999999999,0.6,2.2573333333333334,0.0
0.09090909090909091,0.5666666666666667,0.6,0.6363636363636364,2.46,0.0
0.1111111111111111,0.5866666666666667,0.5399999999999999,0.4444444444444444,2.1866666666666665,0.0
0.07142857142857142,0.5233333333333333,0.5233333333333333,0.35714285714285715,2.489333333333333,0.0
0.16666666666666666,0.5666666666666667,0.5166666666666667,0.6666666666666666,1.642,0.0
0.1,0.5333333333333333,0.5,0.7,2.1053333333333333,0.0
0.2,0.5733333333333334,0.52,0.4,1.378,0.0
0.06666666666666667,0.55,0.52,0.4666666666666667,2.675333333333333,0.03011555555555556
0.05555555555555555,0.5883333333333333,0.5333333333333333,0.5555555555555556,3.224,0.08639348148148147
0.07142857142857142,0.5666666666666667,0.5233333333333333,0.5714285714285714,2.6253333333333333,0.0
0.05555555555555555,0.5766666666666667,0.5333333333333333,0.5,3.1033333333333335,0.05578288888888889
0.07692307692307693,0.5466666666666666,0.5333333333333333,0.38461538461538464,2.949333333333333,0.06717925925925926
0.08333333333333333,0.5633333333333332,0.5333333333333333,0.5833333333333334,2.566666666666667,0.016624592592592597
0.07692307692307693,0.58,0.5866666666666667,0.6153846153846154,2.7693333333333334,0.04090933333333333
0.0625,0.5333333333333333,0.5333333333333333,0.375,2.7986666666666666,0.045771851851851855
0.08333333333333333,0.6,0.5633333333333332,0.5833333333333334,2.94,0.04812
0.125,0.5766666666666667,0.5333333333333333,0.625,1.9513333333333334,0.0
0.08333333333333333,0.5333333333333333,0.5,0.6666666666666666,2.4146666666666667,0.0
0.2,0.5666666666666667,0.52,0.6,1.322,0.0
0.07142857142857142,0.5666666666666667,0.5333333333333333,0.5714285714285714,3.022,0.023447407407407413
0.2,0.5733333333333334,0.5333333333333333,0.6,1.2693333333333334,0.0
0.06666666666666667,0.55,0.48666666666666664,0.4,2.784,0.03872000000000001
0.05555555555555555,0.5883333333333333,0.51,0.5,3.332666666666667,0.09559762962962963
0.07142857142857142,0.5666666666666667,0.49000000000000005,0.5,2.734,0.0
0.05555555555555555,0.5766666666666667,0.51,0.4444444444444444,3.212,0.06480451851851853
0.07692307692307693,0.5466666666666666,0.5266666666666667,0.3076923076923077,3.058,0.07573155555555555
0.08333333333333333,0.5633333333333332,0.53,0.5,2.675333333333333,0.02543762962962963
0.07692307692307693,0.58,0.5800000000000001,0.5384615384615384,2.878,0.04998311111111111
0.1,0.5683333333333334,0.6,0.6,2.14,0.0
0.09090909090909091,0.6,0.5333333333333333,0.36363636363636365,2.6046666666666667,0.02756000000000001
0.0625,0.5333333333333333,0.5166666666666667,0.3125,2.9073333333333333,0.05411555555555556
0.08333333333333333,0.6,0.56,0.5,3.0486666666666666,0.05750666666666667
0.125,0.5766666666666667,0.51,0.5,2.06,0.0
0.08333333333333333,0.5333333333333333,0.4966666666666667,0.5833333333333334,2.5233333333333334,0.0
0.125,0.5883333333333333,0.5433333333333333,0.375,1.8666666666666667,0.0
0.07142857142857142,0.5666666666666667,0.5333333333333333,0.5,3.1306666666666665,0.032312592592592594
0.07692307692307693,0.5,0.52,0.38461538461538464,2.366,0.0
0.0625,0.5666666666666667,0.5333333333333333,0.5,2.9146666666666667,0.03873481481481481
0.14285714285714285,0.6,0.5133333333333333,0.5714285714285714,1.6873333333333334,0.0
0.08333333333333333,0.5666666666666667,0.5266666666666667,0.5,2.316,0.0
0.0625,0.5666666666666667,0.5333333333333333,0.4375,2.794,0.010338518518518523
0.09090909090909091,0.5333333333333333,0.5333333333333333,0.2727272727272727,2.64,0.023680000000000014
0.1,0.5366666666666667,0.5399999999999999,0.5,2.2573333333333334,0.0
0.09090909090909091,0.5666666666666667,0.6,0.5454545454545454,2.46,0.0
0.07142857142857142,0.5,0.5333333333333333,0.2857142857142857,2.489333333333333,0.0036666666666666653
0.1,0.6,0.5700000000000001,0.5,2.6306666666666665,0.0010266666666666811
0.16666666666666666,0.5666666666666667,0.5333333333333333,0.5,1.642,0.0
0.08333333333333333,0.565,0.5333333333333333,0.5,2.712666666666667,0.0
0.3333333333333333,0.5966666666666666,0.5466666666666666,0.6666666666666666,0.8526666666666667,0.0
0.06666666666666667,0.5833333333333334,0.5066666666666666,0.4666666666666667,2.8986666666666667,0.03856481481481482
0.16666666666666666,0.5916666666666667,0.55,0.5,1.458,0.0
0.05555555555555555,0.5883333333333333,0.5433333333333333,0.5555555555555556,3.4473333333333334,0.09307433333333333
0.07142857142857142,0.5783333333333334,0.5366666666666667,0.5714285714285714,2.8486666666666665,0.0
0.05555555555555555,0.5883333333333333,0.5433333333333333,0.5,3.3266666666666667,0.0635922962962963
0.07692307692307693,0.5766666666666667,0.5333333333333333,0.38461538461538464,3.1726666666666667,0.0774142962962963
0.07692307692307693,0.5833333333333334,0.5933333333333334,0.6153846153846154,2.9926666666666666,0.04776851851851853
0.09090909090909091,0.6,0.5666666666666667,0.45454545454545453,2.719333333333333,0.024986666666666674
0.0625,0.575,0.55,0.375,3.022,0.055877222222222224
0.125,0.5883333333333333,0.5433333333333333,0.625,2.1746666666666665,0.0
0.08333333333333333,0.5783333333333334,0.4966666666666667,0.6666666666666666,2.638,0.0
0.07142857142857142,0.5783333333333334,0.5333333333333333,0.5714285714285714,3.2453333333333334,0.03049744444444446
0.125,0.6,0.5766666666666667,0.5,2.1266666666666665,0.0
0.07692307692307693,0.5,0.46,0.46153846153846156,2.23,0.0
0.0625,0.5666666666666667,0.5166666666666667,0.5625,2.7786666666666666,0.0
0.08333333333333333,0.5666666666666667,0.4633333333333333,0.5833333333333334,2.18,0.0
0.0625,0.5666666666666667,0.48333333333333334,0.5,2.658,0.0
0.09090909090909091,0.5333333333333333,0.5333333333333333,0.36363636363636365,2.504,0.0
0.1,0.5366666666666667,0.5399999999999999,0.6,2.1213333333333333,0.0
0.09090909090909091,0.5666666666666667,0.6,0.6363636363636364,2.324,0.0
0.1111111111111111,0.5866666666666667,0.5399999999999999,0.4444444444444444,2.050666666666667,0.0
0.07142857142857142,0.49500000000000005,0.5233333333333333,0.35714285714285715,2.3533333333333335,0.0
0.16666666666666666,0.5666666666666667,0.5166666666666667,0.6666666666666666,1.506,0.0
0.1,0.5333333333333333,0.47,0.7,1.9693333333333334,0.0
0.08333333333333333,0.565,0.5333333333333333,0.5833333333333334,2.5766666666666667,0.0
0.06666666666666667,0.5833333333333334,0.52,0.4666666666666667,2.996,0.08921111111111112
0.16666666666666666,0.5916666666666667,0.5166666666666667,0.5,1.3606666666666667,0.0
0.05555555555555555,0.5883333333333333,0.5433333333333333,0.5555555555555556,3.5446666666666666,0.14415474074074072
0.07142857142857142,0.5783333333333334,0.5466666666666667,0.5714285714285714,2.946,0.04418466666666668
0.05555555555555555,0.5883333333333333,0.5533333333333333,0.5,3.424,0.1146727037037037
0.07692307692307693,0.5766666666666667,0.5333333333333333,0.38461538461538464,3.27,0.12748177777777778
0.08333333333333333,0.5816666666666667,0.5933333333333334,0.5833333333333334,2.8873333333333333,0.07427237037037038
0.07692307692307693,0.5833333333333334,0.6,0.6153846153846154,3.09,0.09841481481481483
0.09090909090909091,0.6,0.5666666666666667,0.45454545454545453,2.816666666666667,0.07708
0.0625,0.575,0.55,0.375,3.1193333333333335,0.10579999999999999
0.09090909090909091,0.6,0.5333333333333333,0.5454545454545454,2.957333333333333,0.06877333333333334
0.125,0.5883333333333333,0.5533333333333333,0.625,2.272,0.0
0.08333333333333333,0.5783333333333334,0.5,0.6666666666666666,2.735333333333333,0.0
0.07142857142857142,0.5783333333333334,0.5333333333333333,0.5714285714285714,3.3426666666666667,0.08070962962962965
0.125,0.6,0.5766666666666667,0.625,2.0866666666666664,0.0
1.0,0.4,0.4666666666666667,0.0,0.224,0.0
0.07692307692307693,0.5,0.4666666666666667,0.38461538461538464,2.27,0.0
0.0625,0.5666666666666667,0.5166666666666667,0.5,2.8186666666666667,0.012743703703703705
0.08333333333333333,0.5666666666666667,0.4666666666666667,0.5,2.22,0.0
0.0625,0.5666666666666667,0.5,0.4375,2.698,0.0
0.09090909090909091,0.5333333333333333,0.5333333333333333,0.2727272727272727,2.544,0.0
0.1,0.5366666666666667,0.5399999999999999,0.5,2.1613333333333333,0.0
0.09090909090909091,0.5666666666666667,0.6,0.5454545454545454,2.364,0.0
0.1111111111111111,0.5866666666666667,0.5399999999999999,0.3333333333333333,2.0906666666666665,0.0
0.07142857142857142,0.49500000000000005,0.5233333333333333,0.2857142857142857,2.3933333333333335,0.0
0.1111111111111111,0.6,0.5333333333333333,0.4444444444444444,2.231333333333333,0.0
0.16666666666666666,0.5666666666666667,0.5166666666666667,0.5,1.546,0.0
0.1,0.5333333333333333,0.47,0.6,2.009333333333333,0.0
0.08333333333333333,0.565,0.5333333333333333,0.5,2.6166666666666667,0.0
0.125,0.6,0.5766666666666667,0.625,2.2106666666666666,0.0
0.07692307692307693,0.5,0.46,0.38461538461538464,2.146,0.0
0.0625,0.5666666666666667,0.5166666666666667,0.5,2.6946666666666665,0.0
0.08333333333333333,0.5666666666666667,0.4633333333333333,0.5,2.096,0.0
0.0625,0.5666666666666667,0.48333333333333334,0.4375,2.574,0.0
0.09090909090909091,0.5333333333333333,0.5333333333333333,0.2727272727272727,2.42,0.0
0.1,0.5366666666666667,0.5399999999999999,0.5,2.037333333333333,0.0
0.09090909090909091,0.5666666666666667,0.6,0.5454545454545454,2.24,0.0
0.1111111111111111,0.5866666666666667,0.5399999999999999,0.3333333333333333,1.9666666666666666,0.0
0.07142857142857142,0.49500000000000005,0.5233333333333333,0.2857142857142857,2.2693333333333334,0.0
0.1111111111111111,0.6,0.5333333333333333,0.4444444444444444,2.1073333333333335,0.0
0.16666666666666666,0.5666666666666667,0.5166666666666667,0.5,1.422,0.0
0.1,0.5333333333333333,0.47,0.6,1.8853333333333333,0.0
0.08333333333333333,0.565,0.5333333333333333,0.5,2.4926666666666666,0.0
0.07142857142857142,0.5666666666666667,0.49000000000000005,0.5,2.59,0.0
0.3333333333333333,0.5433333333333333,0.5266666666666667,0.3333333333333333,0.778,0.0
0.058823529411764705,0.5733333333333334,0.5133333333333333,0.5882352941176471,3.1386666666666665,0.04507674074074075
0.07692307692307693,0.5666666666666667,0.49333333333333335,0.6153846153846154,2.54,0.0
0.11764705882352941,0.5666666666666667,0.5133333333333333,0.5294117647058824,3.018,0.016156296296296304
0.08333333333333333,0.565,0.53,0.4166666666666667,2.864,0.030886666666666666
0.09090909090909091,0.5666666666666667,0.5333333333333333,0.6363636363636364,2.481333333333333,0.0
0.08333333333333333,0.5666666666666667,0.5900000000000001,0.6666666666666666,2.684,0.0013096296296296374
0.1,0.5850000000000001,0.5366666666666667,0.5,2.4106666666666667,0.0
0.06666666666666667,0.5666666666666667,0.52,0.4,2.7133333333333334,0.009973333333333336
0.1,0.6,0.5333333333333333,0.6,2.5513333333333335,0.0
0.09090909090909091,0.6,0.5666666666666667,0.6363636363636364,2.8546666666666667,0.0071866666666666685
0.09090909090909091,0.5666666666666667,0.5,0.7272727272727273,2.3293333333333335,0.0
0.1111111111111111,0.5333333333333333,0.47333333333333333,0.6666666666666666,1.7853333333333334,0.0
0.07692307692307693,0.5666666666666667,0.5333333333333333,0.6153846153846154,2.9366666666666665,0.0
0.06666666666666667,0.5366666666666667,0.52,0.4,2.824,0.04339844444444446
0.05555555555555555,0.56,0.5333333333333333,0.5,3.3726666666666665,0.09685511111111113
0.07142857142857142,0.5666666666666667,0.5233333333333333,0.5,2.774,0.002455555555555568
0.05555555555555555,0.5666666666666667,0.5333333333333333,0.4444444444444444,3.252,0.06961185185185186
0.07692307692307693,0.5466666666666666,0.5333333333333333,0.3076923076923077,3.098,0.08145333333333334
0.08333333333333333,0.5483333333333333,0.5333333333333333,0.5,2.715333333333333,0.03049951851851853
0.07692307692307693,0.5633333333333332,0.5866666666666667,0.5384615384615384,2.918,0.05444303703703703
0.09090909090909091,0.5833333333333334,0.5333333333333333,0.36363636363636365,2.6446666666666667,0.032900000000000006
0.0625,0.5333333333333333,0.5333333333333333,0.3125,2.9473333333333334,0.05969777777777778
0.09090909090909091,0.6,0.5333333333333333,0.45454545454545453,2.7853333333333334,0.025533333333333342
0.08333333333333333,0.5983333333333333,0.5633333333333332,0.5,3.0886666666666667,0.06360948148148148
0.08333333333333333,0.5333333333333333,0.5,0.5833333333333334,2.5633333333333335,0.0
0.14285714285714285,0.5616666666666668,0.5333333333333333,0.5,3.1706666666666665,0.03790625925925927
0.125,0.5333333333333333,0.4766666666666667,0.75,1.664,0.0
1.0,0.23333333333333334,0.43333333333333335,0.0,0.12133333333333333,0.0
0.07692307692307693,0.5,0.46,0.38461538461538464,2.167333333333333,0.0
0.0625,0.5666666666666667,0.5166666666666667,0.5,2.716,0.0
0.08333333333333333,0.5666666666666667,0.4633333333333333,0.5,2.1173333333333333,0.0
0.0625,0.5666666666666667,0.48333333333333334,0.4375,2.5953333333333335,0.0
0.09090909090909091,0.5333333333333333,0.5333333333333333,0.2727272727272727,2.441333333333333,0.0
0.1,0.5366666666666667,0.5399999999999999,0.5,2.058666666666667,0.0
0.09090909090909091,0.5666666666666667,0.6,0.5454545454545454,2.2613333333333334,0.0
0.1111111111111111,0.5866666666666667,0.5399999999999999,0.3333333333333333,1.988,0.0
0.07142857142857142,0.49500000000000005,0.5233333333333333,0.2857142857142857,2.2906666666666666,0.0
0.1111111111111111,0.6,0.5333333333333333,0.4444444444444444,2.1286666666666667,0.0
0.1,0.6,0.5700000000000001,0.5,2.432,0.0
0.16666666666666666,0.5666666666666667,0.5166666666666667,0.5,1.4433333333333334,0.0
0.08333333333333333,0.565,0.5333333333333333,0.5,2.514,0.0
0.14285714285714285,0.5333333333333333,0.48000000000000004,0.7142857142857143,1.284,0.0
0.5,0.4966666666666667,0.46,0.5,0.5013333333333333,0.0
0.07142857142857142,0.5,0.4666666666666667,0.42857142857142855,2.5473333333333334,0.007688888888888898
0.058823529411764705,0.5633333333333332,0.5133333333333333,0.5294117647058824,3.096,0.060539555555555555
0.07692307692307693,0.5666666666666667,0.4666666666666667,0.5384615384615384,2.497333333333333,0.0
0.058823529411764705,0.5666666666666667,0.49333333333333335,0.47058823529411764,2.9753333333333334,0.03250148148148149
0.08333333333333333,0.53,0.5266666666666667,0.3333333333333333,2.8213333333333335,0.0442608888888889
0.09090909090909091,0.5333333333333333,0.5333333333333333,0.5454545454545454,2.4386666666666668,0.0
0.08333333333333333,0.565,0.5866666666666667,0.5833333333333334,2.6413333333333333,0.017602888888888897
0.1,0.5850000000000001,0.5366666666666667,0.4,2.368,0.0
0.06666666666666667,0.5,0.52,0.3333333333333333,2.6706666666666665,0.023222222222222227
0.1,0.6,0.5333333333333333,0.5,2.5086666666666666,0.0
0.09090909090909091,0.6,0.5666666666666667,0.5454545454545454,2.812,0.02449333333333334
0.14285714285714285,0.5666666666666667,0.5133333333333333,0.5714285714285714,1.8233333333333333,0.0
0.07692307692307693,0.5633333333333332,0.5333333333333333,0.5384615384615384,2.894,0.0011266666666666675
0.14285714285714285,0.5133333333333333,0.48000000000000004,0.5714285714285714,1.4333333333333333,0.0
0.07142857142857142,0.5233333333333333,0.4566666666666667,0.5,2.398,0.0
0.058823529411764705,0.5633333333333332,0.5133333333333333,0.5882352941176471,2.9466666666666668,0.01266874074074074
0.07692307692307693,0.5666666666666667,0.46,0.6153846153846154,2.348,0.0
0.058823529411764705,0.5666666666666667,0.4733333333333334,0.5294117647058824,2.826,0.0
0.08333333333333333,0.5333333333333333,0.5266666666666667,0.4166666666666667,2.672,0.0
0.09090909090909091,0.5333333333333333,0.5333333333333333,0.6363636363636364,2.2893333333333334,0.0
0.16666666666666666,0.565,0.5833333333333334,0.6666666666666666,2.492,0.0
0.1,0.5850000000000001,0.5366666666666667,0.5,2.2186666666666666,0.0
0.06666666666666667,0.52,0.52,0.4,2.521333333333333,0.0
0.1,0.6,0.5333333333333333,0.6,2.3593333333333333,0.0
0.09090909090909091,0.6,0.5666666666666667,0.6363636363636364,2.6626666666666665,0.0
0.14285714285714285,0.5666666666666667,0.5133333333333333,0.7142857142857143,1.674,0.0
0.07692307692307693,0.5633333333333332,0.5333333333333333,0.6153846153846154,2.744666666666667,0.0
0.125,0.5333333333333333,0.4766666666666667,0.625,1.6173333333333333,0.0
1.0,0.4666666666666667,0.3,1.0,0.168,0.0
0.07692307692307693,0.5,0.46,0.46153846153846156,2.214,0.0
0.0625,0.5666666666666667,0.5166666666666667,0.5625,2.7626666666666666,0.0
0.08333333333333333,0.5666666666666667,0.4633333333333333,0.5833333333333334,2.164,0.0
0.0625,0.5666666666666667,0.48333333333333334,0.5,2.642,0.0
0.09090909090909091,0.5333333333333333,0.5333333333333333,0.36363636363636365,2.488,0.0
0.1,0.5366666666666667,0.5399999999999999,0.6,2.1053333333333333,0.0
0.09090909090909091,0.5666666666666667,0.6,0.6363636363636364,2.308,0.0
0.1111111111111111,0.5866666666666667,0.5399999999999999,0.4444444444444444,2.034666666666667,0.0
0.07142857142857142,0.49500000000000005,0.5233333333333333,0.35714285714285715,2.3373333333333335,0.0
0.1111111111111111,0.6,0.5333333333333333,0.5555555555555556,2.175333333333333,0.0
0.1,0.6,0.5700000000000001,0.6,2.478666666666667,0.0
0.16666666666666666,0.5666666666666667,0.5166666666666667,0.6666666666666666,1.49,0.0
0.08333333333333333,0.565,0.5333333333333333,0.5833333333333334,2.5606666666666666,0.0
0.3333333333333333,0.5066666666666666,0.49333333333333335,0.6666666666666666,0.6426666666666667,0.0
0.16666666666666666,0.5166666666666667,0.45,0.6666666666666666,1.1426666666666667,0.0
0.06666666666666667,0.52,0.48666666666666664,0.4666666666666667,2.6886666666666668,0.006055111111111118
0.05555555555555555,0.56,0.51,0.5555555555555556,3.2373333333333334,0.05809066666666668
0.07142857142857142,0.5666666666666667,0.49000000000000005,0.5714285714285714,2.6386666666666665,0.0
0.05555555555555555,0.5666666666666667,0.51,0.5,3.1166666666666667,0.030385925925925934
0.07692307692307693,0.5333333333333333,0.5266666666666667,0.38461538461538464,2.962666666666667,0.042548148148148154
0.08333333333333333,0.5333333333333333,0.53,0.5833333333333334,2.58,0.0
0.07692307692307693,0.5633333333333332,0.5800000000000001,0.6153846153846154,2.7826666666666666,0.015447851851851857
0.09090909090909091,0.5833333333333334,0.5333333333333333,0.45454545454545453,2.509333333333333,0.0
0.125,0.5166666666666667,0.5166666666666667,0.375,2.812,0.022067407407407414
0.09090909090909091,0.6,0.5333333333333333,0.5454545454545454,2.65,0.0
0.08333333333333333,0.5983333333333333,0.56,0.5833333333333334,2.953333333333333,0.02219151851851852
0.125,0.5666666666666667,0.51,0.625,1.9646666666666666,0.0
0.07142857142857142,0.5616666666666668,0.5333333333333333,0.5714285714285714,3.0353333333333334,0.0
0.1111111111111111,0.5533333333333333,0.5333333333333333,0.4444444444444444,1.926,0.0
0.5,0.56,0.39333333333333337,1.0,0.4666666666666667,0.0
0.07142857142857142,0.5466666666666667,0.4566666666666667,0.5,2.5126666666666666,0.0
0.058823529411764705,0.5733333333333334,0.5133333333333333,0.5882352941176471,3.0613333333333332,0.036897185185185186
0.07692307692307693,0.5666666666666667,0.46,0.6153846153846154,2.462666666666667,0.0
0.058823529411764705,0.5666666666666667,0.4733333333333334,0.5294117647058824,2.9406666666666665,0.008071851851851854
0.08333333333333333,0.5483333333333333,0.5266666666666667,0.4166666666666667,2.7866666666666666,0.022152666666666678
0.09090909090909091,0.5666666666666667,0.5333333333333333,0.6363636363636364,2.404,0.0
0.08333333333333333,0.5666666666666667,0.5833333333333334,0.6666666666666666,2.6066666666666665,0.0
0.1,0.5850000000000001,0.5366666666666667,0.5,2.3333333333333335,0.0
0.06666666666666667,0.5399999999999999,0.52,0.4,2.636,0.0018000000000000114
0.1,0.6,0.5333333333333333,0.6,2.474,0.0
0.09090909090909091,0.6,0.5666666666666667,0.6363636363636364,2.7773333333333334,0.0
0.14285714285714285,0.5666666666666667,0.5133333333333333,0.7142857142857143,1.7886666666666666,0.0
0.09090909090909091,0.5333333333333333,0.4666666666666667,0.7272727272727273,2.252,0.0
0.5,0.5383333333333333,0.5333333333333333,0.5,0.544,0.0
0.1111111111111111,0.5533333333333333,0.5333333333333333,0.5555555555555556,1.8486666666666667,0.0
0.07142857142857142,0.5466666666666667,0.5333333333333333,0.42857142857142855,2.59,0.0
0.058823529411764705,0.5733333333333334,0.5333333333333333,0.5294117647058824,3.1386666666666665,0.04204444444444445
0.07692307692307693,0.5666666666666667,0.5333333333333333,0.5384615384615384,2.54,0.0
0.058823529411764705,0.5666666666666667,0.5333333333333333,0.47058823529411764,3.018,0.013159259259259261
0.08333333333333333,0.5483333333333333,0.5333333333333333,0.3333333333333333,2.864,0.027075481481481492
0.09090909090909091,0.5666666666666667,0.5333333333333333,0.5454545454545454,2.481333333333333,0.0
0.08333333333333333,0.5666666666666667,0.5933333333333334,0.5833333333333334,2.684,0.0
0.1,0.5850000000000001,0.5366666666666667,0.4,2.4106666666666667,0.0
0.06666666666666667,0.5399999999999999,0.5333333333333333,0.3333333333333333,2.7133333333333334,0.0066480000000000115
0.1,0.6,0.5333333333333333,0.5,2.5513333333333335,0.0
0.09090909090909091,0.6,0.5666666666666667,0.5454545454545454,2.8546666666666667,0.004013333333333346
0.14285714285714285,0.5666666666666667,0.5333333333333333,0.5714285714285714,1.866,0.0
0.09090909090909091,0.5333333333333333,0.5333333333333333,0.6363636363636364,2.3293333333333335,0.0
0.125,0.5666666666666667,0.5333333333333333,0.5,1.7793333333333334,0.0
0.3333333333333333,0.48666666666666664,0.5133333333333333,0.6666666666666666,0.6133333333333333,0.0
0.06666666666666667,0.51,0.5066666666666666,0.4666666666666667,2.6593333333333335,0.0
0.05555555555555555,0.56,0.5333333333333333,0.5555555555555556,3.208,0.0466168888888889
0.07142857142857142,0.5666666666666667,0.5133333333333334,0.5714285714285714,2.6093333333333333,0.0
0.05555555555555555,0.5666666666666667,0.5333333333333333,0.5,3.0873333333333335,0.018775555555555563
0.07692307692307693,0.53,0.5333333333333333,0.38461538461538464,2.933333333333333,0.03142311111111112
0.08333333333333333,0.5316666666666666,0.5333333333333333,0.5833333333333334,2.550666666666667,0.0
0.07692307692307693,0.5633333333333332,0.5866666666666667,0.6153846153846154,2.7533333333333334,0.003905777777777785
0.09090909090909091,0.5833333333333334,0.5333333333333333,0.45454545454545453,2.48,0.0
0.0625,0.5083333333333333,0.5333333333333333,0.375,2.7826666666666666,0.011296296296296297
0.09090909090909091,0.6,0.5333333333333333,0.5454545454545454,2.6206666666666667,0.0
0.08333333333333333,0.5983333333333333,0.5633333333333332,0.5833333333333334,2.924,0.009932333333333335
0.25,0.5666666666666667,0.5333333333333333,0.625,1.9353333333333333,0.0
0.08333333333333333,0.5316666666666666,0.4966666666666667,0.6666666666666666,2.3986666666666667,0.0
0.1,0.5666666666666667,0.5333333333333333,0.6,2.1686666666666667,0.0
1.0,0.4666666666666667,0.4,0.0,0.224,0.0
0.07692307692307693,0.5,0.46,0.38461538461538464,2.27,0.0
0.0625,0.5666666666666667,0.5166666666666667,0.5,2.8186666666666667,0.012743703703703705
0.08333333333333333,0.5666666666666667,0.4633333333333333,0.5,2.22,0.0
0.0625,0.5666666666666667,0.48333333333333334,0.4375,2.698,0.0
0.09090909090909091,0.5333333333333333,0.5333333333333333,0.2727272727272727,2.544,0.0
0.1,0.5366666666666667,0.5399999999999999,0.5,2.1613333333333333,0.0
0.09090909090909091,0.5666666666666667,0.6,0.5454545454545454,2.364,0.0
0.1111111111111111,0.5866666666666667,0.5399999999999999,0.3333333333333333,2.0906666666666665,0.0
0.07142857142857142,0.49500000000000005,0.5233333333333333,0.2857142857142857,2.3933333333333335,0.0
0.1111111111111111,0.6,0.5333333333333333,0.4444444444444444,2.231333333333333,0.0
0.1,0.6,0.5700000000000001,0.5,2.534666666666667,0.0
0.16666666666666666,0.5666666666666667,0.5166666666666667,0.5,1.546,0.0
0.1,0.5333333333333333,0.47,0.6,2.009333333333333,0.0
0.125,0.5666666666666667,0.5333333333333333,0.625,1.848,0.0
0.3333333333333333,0.5033333333333333,0.5066666666666666,0.3333333333333333,0.5446666666666666,0.0
0.06666666666666667,0.5299999999999999,0.5066666666666666,0.4,2.5906666666666665,0.0006124444444444554
0.05555555555555555,0.56,0.5333333333333333,0.5,3.1393333333333335,0.052216888888888896
0.07142857142857142,0.5666666666666667,0.5133333333333334,0.5,2.5406666666666666,0.0
0.05555555555555555,0.5666666666666667,0.5333333333333333,0.4444444444444444,3.018666666666667,0.024442222222222233
0.07692307692307693,0.5466666666666666,0.5333333333333333,0.3076923076923077,2.8646666666666665,0.03787792592592593
0.08333333333333333,0.5483333333333333,0.5333333333333333,0.5,2.482,0.0
0.07692307692307693,0.5633333333333332,0.5866666666666667,0.5384615384615384,2.6846666666666668,0.009539111111111121
0.09090909090909091,0.5833333333333334,0.5333333333333333,0.36363636363636365,2.4113333333333333,0.0
0.0625,0.525,0.5333333333333333,0.3125,2.714,0.016916666666666674
0.09090909090909091,0.6,0.5333333333333333,0.45454545454545453,2.552,0.0
0.08333333333333333,0.5983333333333333,0.5633333333333332,0.5,2.8553333333333333,0.01591566666666667
0.125,0.5666666666666667,0.5333333333333333,0.5,1.8666666666666667,0.0
0.08333333333333333,0.5333333333333333,0.4966666666666667,0.5833333333333334,2.33,0.0
0.09090909090909091,0.5666666666666667,0.5333333333333333,0.5454545454545454,2.3926666666666665,0.0
0.16666666666666666,0.5333333333333333,0.48333333333333334,0.8333333333333334,1.1626666666666667,0.0
0.125,0.5666666666666667,0.51,0.5,1.9446666666666668,0.0
0.16666666666666666,0.5666666666666667,0.5166666666666667,0.5,1.412,0.0
0.14285714285714285,0.5666666666666667,0.5066666666666667,0.5714285714285714,1.2946666666666666,0.0
0.1111111111111111,0.5666666666666667,0.5066666666666666,0.5555555555555556,2.0233333333333334,0.0
0.08333333333333333,0.53,0.4666666666666667,0.6666666666666666,2.3966666666666665,0.0
0.09090909090909091,0.6,0.5333333333333333,0.5454545454545454,2.6186666666666665,0.0
0.08333333333333333,0.5316666666666666,0.53,0.5833333333333334,2.5486666666666666,0.0
0.09090909090909091,0.5833333333333334,0.5333333333333333,0.45454545454545453,2.478,0.0
0.06666666666666667,0.5,0.4533333333333333,0.4666666666666667,2.6573333333333333,0.0018111111111111106
0.07692307692307693,0.5633333333333332,0.5666666666666668,0.6153846153846154,2.751333333333333,0.010928666666666665
0.08333333333333333,0.5983333333333333,0.56,0.5833333333333334,2.922,0.017391555555555566
0.0625,0.49166666666666664,0.5166666666666667,0.375,2.780666666666667,0.01705537037037038
0.25,0.5700000000000001,0.5233333333333333,0.25,1.058,0.0
0.09090909090909091,0.6,0.5333333333333333,0.45454545454545453,2.496,0.018173333333333336
0.16666666666666666,0.5666666666666667,0.5166666666666667,0.5,1.4106666666666667,0.0
0.14285714285714285,0.5466666666666666,0.56,0.5714285714285714,1.642,0.0
0.14285714285714285,0.5666666666666667,0.5133333333333333,0.5714285714285714,1.6173333333333333,0.0
0.2,0.5533333333333333,0.56,0.6,1.248,0.0
0.125,0.5666666666666667,0.5333333333333333,0.5,1.8046666666666666,0.0
0.5,0.5366666666666667,0.49,0.5,0.432,0.0
0.09090909090909091,0.5666666666666667,0.5333333333333333,0.5454545454545454,2.6206666666666667,0.0
0.07692307692307693,0.5333333333333333,0.49333333333333335,0.6923076923076923,2.808,0.015122962962962975
0.09090909090909091,0.6,0.5333333333333333,0.5454545454545454,2.8233333333333333,0.048933333333333336
0.07692307692307693,0.5633333333333332,0.6,0.6153846153846154,2.956,0.07641303703703703
0.0625,0.5166666666666667,0.55,0.375,2.985333333333333,0.07798222222222223
0.09090909090909091,0.6,0.5666666666666667,0.5454545454545454,2.7786666666666666,0.017826666666666678
0.14285714285714285,0.53,0.5333333333333333,0.42857142857142855,1.382,0.0
0.07692307692307693,0.56,0.5266666666666667,0.6923076923076923,2.796,0.0
0.16666666666666666,0.575,0.5166666666666667,0.6666666666666666,1.4853333333333334,0.0
0.125,0.5,0.48666666666666664,0.375,1.3666666666666667,0.0
0.1111111111111111,0.5700000000000001,0.5066666666666666,0.5555555555555556,2.001333333333333,0.0
0.08333333333333333,0.53,0.4666666666666667,0.5833333333333334,2.3013333333333335,0.0
0.2,0.5,0.5066666666666666,0.6,1.0253333333333334,0.0
0.1111111111111111,0.5700000000000001,0.5066666666666666,0.4444444444444444,1.8266666666666667,0.0
0.06666666666666667,0.52,0.4666666666666667,0.4666666666666667,2.6426666666666665,0.0
0.07142857142857142,0.5666666666666667,0.4566666666666667,0.42857142857142855,2.3373333333333335,0.0
0.25,0.47000000000000003,0.49333333333333335,0.5,0.7453333333333333,0.0
0.14285714285714285,0.5733333333333334,0.5133333333333333,0.7142857142857143,1.7653333333333334,0.0
0.07692307692307693,0.5266666666666667,0.4666666666666667,0.6153846153846154,2.5813333333333333,0.0
0.1111111111111111,0.6,0.5333333333333333,0.5555555555555556,2.287333333333333,0.0
0.1111111111111111,0.5866666666666667,0.5399999999999999,0.4444444444444444,2.1466666666666665,0.0
0.08333333333333333,0.565,0.5333333333333333,0.5833333333333334,2.6726666666666667,0.0
0.09090909090909091,0.5666666666666667,0.6,0.6363636363636364,2.42,0.0
0.07142857142857142,0.5,0.5233333333333333,0.35714285714285715,2.449333333333333,0.0
0.09090909090909091,0.5333333333333333,0.5333333333333333,0.36363636363636365,2.6,0.0
0.0625,0.5666666666666667,0.5166666666666667,0.5625,2.8746666666666667,0.008512592592592605
0.14285714285714285,0.5733333333333334,0.56,0.7142857142857143,1.934,0.0
0.14285714285714285,0.5566666666666666,0.5000000000000001,0.5714285714285714,1.4213333333333333,0.0
0.16666666666666666,0.5666666666666667,0.5166666666666667,0.5,1.4286666666666668,0.0
0.2,0.56,0.5333333333333333,0.8,1.164,0.0
0.125,0.5666666666666667,0.51,0.375,1.686,0.0
0.25,0.5466666666666666,0.41333333333333333,0.75,0.768,0.0
0.1111111111111111,0.5666666666666667,0.5466666666666666,0.4444444444444444,2.082,0.0
0.16666666666666666,0.5483333333333333,0.5900000000000001,0.75,2.7933333333333334,0.013574296296296298
0.1111111111111111,0.5866666666666667,0.5733333333333334,0.4444444444444444,2.2626666666666666,0.0
0.08333333333333333,0.565,0.5333333333333333,0.5833333333333334,2.788666666666667,0.0
0.0625,0.5666666666666667,0.5666666666666667,0.5,2.87,0.020085185185185185
0.09090909090909091,0.6,0.5333333333333333,0.5454545454545454,2.86,0.01668000000000001
0.08333333333333333,0.5816666666666667,0.5633333333333332,0.5833333333333334,2.79,0.02377077777777779
0.16666666666666666,0.5666666666666667,0.5166666666666667,0.5,1.432,0.0
0.1111111111111111,0.5133333333333333,0.5399999999999999,0.3333333333333333,1.7026666666666668,0.0
0.1111111111111111,0.5666666666666667,0.5066666666666666,0.4444444444444444,1.7886666666666666,0.0
0.16666666666666666,0.5333333333333333,0.55,0.5,1.3366666666666667,0.0
0.1111111111111111,0.5666666666666667,0.5066666666666666,0.3333333333333333,1.798,0.0
0.13333333333333333,0.52,0.4666666666666667,0.4666666666666667,2.508,0.0
0.09090909090909091,0.5833333333333334,0.5333333333333333,0.2727272727272727,2.232666666666667,0.0
0.08333333333333333,0.5983333333333333,0.56,0.4166666666666667,2.6766666666666667,0.0007578888888888883
0.07692307692307693,0.5266666666666667,0.52,0.23076923076923078,2.686,0.023149925925925928
0.16666666666666666,0.5666666666666667,0.5166666666666667,0.6666666666666666,1.526,0.0
0.1111111111111111,0.6,0.5333333333333333,0.5555555555555556,2.211333333333333,0.0
0.1111111111111111,0.5866666666666667,0.5399999999999999,0.4444444444444444,2.070666666666667,0.0
0.07692307692307693,0.5533333333333333,0.46,0.46153846153846156,2.25,0.0
0.09090909090909091,0.5666666666666667,0.6,0.6363636363636364,2.344,0.0
0.1,0.6,0.5700000000000001,0.6,2.514666666666667,0.0
0.0625,0.575,0.5166666666666667,0.5625,2.7986666666666666,0.000894444444444447
0.16666666666666666,0.5666666666666667,0.5333333333333333,0.5,1.578,0.0
0.14285714285714285,0.5399999999999999,0.49333333333333335,0.2857142857142857,1.5526666666666666,0.0
0.125,0.5666666666666667,0.5333333333333333,0.5,2.0893333333333333,0.0
0.2,0.5433333333333333,0.4666666666666667,0.4,1.0286666666666666,0.0
0.125,0.5666666666666667,0.5333333333333333,0.375,2.102,0.0
0.07692307692307693,0.5266666666666667,0.49333333333333335,0.5384615384615384,2.820666666666667,0.03423333333333334
0.07692307692307693,0.5666666666666667,0.52,0.46153846153846156,2.52,0.0
0.1,0.6,0.5333333333333333,0.4,2.5313333333333334,0.011226666666666673
0.1,0.5850000000000001,0.5366666666666667,0.3,2.3906666666666667,0.019045000000000006
0.09090909090909091,0.6,0.5666666666666667,0.45454545454545453,2.8346666666666667,0.04948
0.14285714285714285,0.5666666666666667,0.5466666666666666,0.5714285714285714,1.7273333333333334,0.0
0.09090909090909091,0.5833333333333334,0.5,0.5454545454545454,1.77,0.0
0.1111111111111111,0.5666666666666667,0.5399999999999999,0.5555555555555556,2.1466666666666665,0.0
0.09090909090909091,0.5333333333333333,0.4666666666666667,0.6363636363636364,2.2046666666666668,0.0
0.1,0.5850000000000001,0.5033333333333333,0.6,1.65,0.0
0.125,0.5666666666666667,0.5433333333333333,0.5,1.8473333333333333,0.0
0.08333333333333333,0.5333333333333333,0.4666666666666667,0.5833333333333334,2.324666666666667,0.0
0.08333333333333333,0.5666666666666667,0.4633333333333333,0.5,2.116,0.0
0.125,0.5883333333333333,0.51,0.75,1.3726666666666667,0.0
0.1111111111111111,0.5666666666666667,0.5399999999999999,0.4444444444444444,2.0046666666666666,0.0
0.07692307692307693,0.5333333333333333,0.4666666666666667,0.5384615384615384,2.482,0.0
0.07142857142857142,0.5666666666666667,0.4566666666666667,0.42857142857142855,2.3933333333333335,0.0
0.1,0.6,0.5333333333333333,0.4,2.284666666666667,0.0
0.2,0.5933333333333334,0.48000000000000004,0.8,0.9213333333333333,0.0
0.1,0.5666666666666667,0.5366666666666667,0.6,2.1786666666666665,0.0
0.07142857142857142,0.5333333333333333,0.49000000000000005,0.6428571428571429,2.656,0.0
0.06666666666666667,0.5666666666666667,0.48666666666666664,0.5333333333333333,2.5673333333333335,0.0
0.07692307692307693,0.5866666666666667,0.5266666666666667,0.46153846153846156,2.736,0.0
0.08333333333333333,0.5316666666666666,0.53,0.5833333333333334,2.3886666666666665,0.0
0.09090909090909091,0.5833333333333334,0.5333333333333333,0.45454545454545453,2.318,0.0
0.07142857142857142,0.5616666666666668,0.5333333333333333,0.5714285714285714,2.844,0.0
0.06666666666666667,0.5,0.48666666666666664,0.4666666666666667,2.497333333333333,0.0
0.0625,0.49166666666666664,0.5166666666666667,0.375,2.6206666666666667,0.0
0.05555555555555555,0.5666666666666667,0.51,0.5,2.925333333333333,0.001473333333333344
0.07692307692307693,0.5266666666666667,0.5266666666666667,0.38461538461538464,2.771333333333333,0.015144592592592598
0.08333333333333333,0.5466666666666666,0.4966666666666667,0.75,2.3866666666666667,0.0
0.08333333333333333,0.5316666666666666,0.5,0.5833333333333334,2.5853333333333333,0.0
0.1111111111111111,0.49333333333333335,0.5333333333333333,0.3333333333333333,1.9686666666666666,0.0
0.07142857142857142,0.5283333333333334,0.5,0.5714285714285714,2.925333333333333,0.01925481481481482
0.1,0.5850000000000001,0.5700000000000001,0.7,2.522,0.0
0.1,0.535,0.5333333333333333,0.5,2.1346666666666665,0.0
0.16666666666666666,0.5,0.5333333333333333,0.5,1.326,0.0
0.058823529411764705,0.5066666666666666,0.48000000000000004,0.5882352941176471,3.112,0.0
0.1111111111111111,0.5466666666666666,0.5333333333333333,0.4444444444444444,1.852,0.0
0.125,0.5833333333333334,0.5533333333333333,0.625,1.992,0.0
0.07142857142857142,0.5333333333333333,0.5233333333333333,0.5,2.6653333333333333,0.000651851851851859
0.25,0.5116666666666667,0.5366666666666667,0.5,0.788,0.0
0.14285714285714285,0.6,0.5466666666666666,0.42857142857142855,1.6586666666666667,0.0
0.08333333333333333,0.5316666666666666,0.53,0.25,2.384,0.0
0.1111111111111111,0.51,0.5333333333333333,0.5555555555555556,1.7833333333333334,0.0
0.1,0.5383333333333333,0.51,0.5,1.952,0.0
0.07692307692307693,0.5133333333333333,0.49333333333333335,0.5384615384615384,2.44,0.0
0.1111111111111111,0.5366666666666667,0.5066666666666666,0.1111111111111111,1.742,0.0
0.09090909090909091,0.48333333333333334,0.5333333333333333,0.45454545454545453,2.4106666666666667,0.0
0.09090909090909091,0.48333333333333334,0.5333333333333333,0.6363636363636364,2.4646666666666666,0.009430370370370374
0.1111111111111111,0.5433333333333333,0.5733333333333334,0.7777777777777778,2.2026666666666666,0.0
0.08333333333333333,0.5316666666666666,0.49333333333333335,0.3333333333333333,2.114,0.0
0.07142857142857142,0.5283333333333334,0.5,0.42857142857142855,2.5406666666666666,0.006527851851851858
0.1,0.5333333333333333,0.5333333333333333,0.2,1.902,0.0
0.09090909090909091,0.5333333333333333,0.5333333333333333,0.5454545454545454,2.2133333333333334,0.0
0.1111111111111111,0.5566666666666666,0.5466666666666666,0.2222222222222222,2.0686666666666667,0.0
0.07692307692307693,0.5466666666666666,0.4866666666666667,0.46153846153846156,2.530666666666667,0.0
0.14285714285714285,0.5533333333333333,0.52,0.8571428571428571,1.7973333333333332,0.0
0.1,0.5183333333333333,0.5,0.6,2.0933333333333333,0.0
0.1,0.5383333333333333,0.5700000000000001,0.7,2.529333333333333,0.0
0.125,0.5483333333333333,0.5766666666666667,0.75,2.022666666666667,0.0
0.07692307692307693,0.5433333333333333,0.5266666666666667,0.6153846153846154,2.743333333333333,0.0
0.09090909090909091,0.5166666666666667,0.5666666666666667,0.7272727272727273,2.3893333333333335,0.0
0.09090909090909091,0.5333333333333333,0.5666666666666667,0.7272727272727273,2.38,0.0
0.125,0.6,0.5333333333333333,0.625,1.7633333333333334,0.0
0.08333333333333333,0.5333333333333333,0.5333333333333333,0.3333333333333333,2.5086666666666666,0.016047407407407406
0.125,0.505,0.5433333333333333,0.75,1.7333333333333334,0.0
0.1111111111111111,0.55,0.5,0.3333333333333333,1.804,0.0
0.16666666666666666,0.5583333333333333,0.5333333333333333,0.6666666666666666,1.612,0.0
0.1111111111111111,0.5433333333333333,0.5466666666666666,0.5555555555555556,2.3726666666666665,0.0
0.07692307692307693,0.5766666666666667,0.5333333333333333,0.6923076923076923,3.25,0.12719985185185187
0.125,0.5883333333333333,0.5299999999999999,0.75,2.046666666666667,0.0
0.14285714285714285,0.55,0.5466666666666666,0.2857142857142857,1.498,0.0
0.125,0.5166666666666667,0.5,0.375,3.108,0.08049666666666667
0.16666666666666666,0.525,0.5333333333333333,0.5,1.1133333333333333,0.0
0.14285714285714285,0.5833333333333334,0.56,0.7142857142857143,1.812,0.0
0.2,0.5933333333333334,0.5866666666666667,0.8,1.5413333333333334,0.0
0.14285714285714285,0.55,0.5466666666666666,0.42857142857142855,1.5673333333333332,0.0
0.08333333333333333,0.5333333333333333,0.5333333333333333,0.25,2.5973333333333333,0.033090370370370374
0.1,0.44166666666666665,0.5366666666666667,0.4,2.03,0.0
0.125,0.5883333333333333,0.5766666666666667,0.5,1.9873333333333334,0.0
0.1,0.5383333333333333,0.5700000000000001,0.8,2.404,0.0
0.07692307692307693,0.5133333333333333,0.4866666666666667,0.6153846153846154,2.456,0.0
0.08333333333333333,0.515,0.4966666666666667,0.6666666666666666,2.46,0.0
0.09090909090909091,0.5,0.5,0.6363636363636364,2.1766666666666667,0.0
0.06666666666666667,0.5333333333333333,0.52,0.4,2.937333333333333,0.04654222222222223
0.09090909090909091,0.5166666666666667,0.4666666666666667,0.7272727272727273,2.026666666666667,0.0
0.08333333333333333,0.515,0.4966666666666667,0.5833333333333334,2.3466666666666667,0.0
0.09090909090909091,0.5,0.5,0.6363636363636364,2.3133333333333335,0.0
0.07692307692307693,0.5266666666666667,0.5333333333333333,0.5384615384615384,2.768666666666667,0.04731807407407408
0.06666666666666667,0.51,0.48666666666666664,0.6,2.9073333333333333,0.0
0.125,0.5883333333333333,0.5766666666666667,0.625,2.0873333333333335,0.0
0.08333333333333333,0.5333333333333333,0.5666666666666667,0.75,2.8646666666666665,0.015158518518518526
0.09090909090909091,0.48333333333333334,0.5333333333333333,0.5454545454545454,2.4426666666666668,0.008979259259259258
0.125,0.5383333333333333,0.4766666666666667,0.5,1.644,0.0
0.1111111111111111,0.5866666666666667,0.5733333333333334,0.6666666666666666,2.3786666666666667,0.0
0.1,0.6,0.5366666666666667,0.4,2.199333333333333,0.0
0.125,0.51,0.5333333333333333,0.5,1.8326666666666667,0.0
0.125,0.5883333333333333,0.5766666666666667,0.75,2.048,0.0
0.1111111111111111,0.52,0.5,0.5555555555555556,1.8133333333333332,0.0
0.1,0.5166666666666667,0.5,0.4,1.864,0.0
0.11764705882352941,0.5166666666666667,0.5,0.5882352941176471,3.1866666666666665,0.02547740740740741
0.08333333333333333,0.5133333333333333,0.5,0.5,2.4306666666666668,0.0
0.06666666666666667,0.5333333333333333,0.52,0.4,2.7346666666666666,0.015727407407407412
0.1111111111111111,0.52,0.47333333333333333,0.5555555555555556,1.84,0.0
0.08333333333333333,0.5166666666666667,0.5,0.5833333333333334,2.7386666666666666,0.04685592592592594
0.1111111111111111,0.52,0.47333333333333333,0.4444444444444444,1.532,0.0
0.1,0.48666666666666664,0.5066666666666666,0.5,2.0453333333333332,0.0
0.07692307692307693,0.5333333333333333,0.5266666666666667,0.38461538461538464,2.3493333333333335,0.0
0.09090909090909091,0.5166666666666667,0.5,0.5454545454545454,2.2253333333333334,0.0
0.125,0.48333333333333334,0.52,0.5,1.6833333333333333,0.0
0.14285714285714285,0.4966666666666667,0.5266666666666667,0.5714285714285714,1.4106666666666667,0.0
0.1,0.5833333333333334,0.5399999999999999,0.7,2.438,0.0
0.1,0.535,0.5033333333333333,0.2,1.9966666666666666,0.0
0.06666666666666667,0.51,0.52,0.6,2.9346666666666668,0.001303333333333336
0.125,0.49333333333333335,0.5,0.625,1.7253333333333334,0.0
0.125,0.5883333333333333,0.5766666666666667,0.625,2.1146666666666665,0.0
0.09090909090909091,0.5333333333333333,0.5,0.36363636363636365,1.9146666666666667,0.0
0.07692307692307693,0.5466666666666666,0.5266666666666667,0.6153846153846154,2.688,0.022340444444444454
0.08333333333333333,0.5483333333333333,0.5,0.3333333333333333,2.382,0.01790003703703704
0.08333333333333333,0.6,0.53,0.5833333333333334,2.482666666666667,0.0
0.07692307692307693,0.5266666666666667,0.5266666666666667,0.46153846153846156,2.538666666666667,0.0
0.08333333333333333,0.5916666666666667,0.53,0.4166666666666667,2.3333333333333335,0.0
0.125,0.5383333333333333,0.51,0.125,1.6486666666666667,0.0
0.125,0.5883333333333333,0.5766666666666667,0.625,2.068,0.0
0.07692307692307693,0.5466666666666666,0.5266666666666667,0.46153846153846156,2.9006666666666665,0.08175703703703703
0.1,0.5833333333333334,0.5399999999999999,0.6,2.578,0.0
0.1111111111111111,0.5833333333333334,0.5466666666666666,0.5555555555555556,2.208,0.0
0.125,0.5383333333333333,0.51,0.125,1.638,0.0
0.125,0.5883333333333333,0.5766666666666667,0.625,2.078666666666667,0.0
0.1,0.6,0.5366666666666667,0.4,2.12,0.0
0.0625,0.5083333333333333,0.5166666666666667,0.5625,3.004,0.000621296296296303
0.1111111111111111,0.5833333333333334,0.5466666666666666,0.5555555555555556,2.108,0.0
0.14285714285714285,0.5399999999999999,0.5,0.14285714285714285,1.5326666666666666,0.0
0.25,0.5583333333333333,0.56,1.0,1.0846666666666667,0.0
0.08333333333333333,0.5133333333333333,0.53,0.5,2.679333333333333,0.040872740740740744
0.08333333333333333,0.5983333333333333,0.5333333333333333,0.4166666666666667,2.6566666666666667,0.01066362962962964
0.2,0.5833333333333334,0.5733333333333334,0.6,1.4273333333333333,0.0
0.16666666666666666,0.5833333333333334,0.5666666666666667,0.6666666666666666,1.532,0.0
0.07142857142857142,0.5116666666666667,0.49000000000000005,0.6428571428571429,2.708,0.0
0.1,0.5016666666666667,0.5066666666666666,0.6,2.232,0.0
0.08333333333333333,0.5166666666666667,0.4966666666666667,0.5,2.3186666666666667,0.0
0.16666666666666666,0.5416666666666666,0.5,0.6666666666666666,1.392,0.0
0.1,0.6,0.5700000000000001,0.5,2.3493333333333335,0.0
0.07692307692307693,0.53,0.5333333333333333,0.5384615384615384,2.8726666666666665,0.03986777777777779
0.06666666666666667,0.5333333333333333,0.5333333333333333,0.4666666666666667,2.994,0.04810666666666667
0.14285714285714285,0.5533333333333333,0.58,0.7142857142857143,1.7426666666666666,0.0
0.08333333333333333,0.53,0.53,0.5833333333333334,2.544,0.0
0.1111111111111111,0.5833333333333334,0.5466666666666666,0.7777777777777778,2.2213333333333334,0.0
0.125,0.5216666666666667,0.5766666666666667,0.75,1.7553333333333334,0.0
0.06666666666666667,0.5366666666666667,0.52,0.6666666666666666,3.1046666666666667,0.0307688888888889
0.1,0.5233333333333333,0.5666666666666667,0.6,2.3486666666666665,0.0
0.07692307692307693,0.5733333333333335,0.5333333333333333,0.46153846153846156,2.6526666666666667,0.021506370370370387
0.1,0.6,0.5666666666666667,0.5,2.326,0.0
0.0625,0.525,0.5166666666666667,0.6875,3.14,0.005821666666666672
0.07142857142857142,0.5283333333333334,0.5,0.5714285714285714,2.7506666666666666,0.0
0.14285714285714285,0.5433333333333333,0.5666666666666667,0.7142857142857143,1.72,0.0
0.09090909090909091,0.5333333333333333,0.5333333333333333,0.45454545454545453,2.3106666666666666,0.0
0.125,0.5483333333333333,0.5766666666666667,0.875,1.976,0.0
0.07692307692307693,0.5333333333333333,0.5266666666666667,0.38461538461538464,2.432,0.0
0.058823529411764705,0.5633333333333332,0.5133333333333333,0.7058823529411765,3.808,0.15278851851851852
0.06666666666666667,0.5633333333333332,0.5,0.6,3.4186666666666667,0.12985459259259258
0.08333333333333333,0.5783333333333334,0.56,0.6666666666666666,3.052,0.11944511111111113
0.1111111111111111,0.5366666666666667,0.5066666666666666,0.1111111111111111,1.8286666666666667,0.0
0.08333333333333333,0.5333333333333333,0.53,0.4166666666666667,2.256,0.0
0.25,0.5950000000000001,0.5700000000000001,1.0,1.3146666666666667,0.0
0.08333333333333333,0.5133333333333333,0.56,0.5,2.525333333333333,0.0
0.1,0.5833333333333334,0.5700000000000001,0.6,2.3853333333333335,0.0
0.07142857142857142,0.5166666666666667,0.49000000000000005,0.5,2.5893333333333333,0.0
0.07142857142857142,0.5333333333333333,0.5233333333333333,0.42857142857142855,2.526666666666667,0.0
0.09090909090909091,0.5333333333333333,0.5,0.18181818181818182,2.0993333333333335,0.0
0.07692307692307693,0.53,0.5,0.5384615384615384,2.6786666666666665,0.0
0.125,0.5416666666666666,0.5433333333333333,0.375,1.5693333333333332,0.0
0.1,0.525,0.5066666666666666,0.6,2.312,0.0
0.125,0.5883333333333333,0.5533333333333333,0.75,2.172,0.0
0.16666666666666666,0.6,0.45,0.6666666666666666,1.2726666666666666,0.0
0.0625,0.5333333333333333,0.48333333333333334,0.6875,3.196,0.0354962962962963
0.08333333333333333,0.5483333333333333,0.53,0.5833333333333334,2.6226666666666665,0.017412629629629636
0.14285714285714285,0.51,0.5466666666666666,0.2857142857142857,1.4413333333333334,0.0
0.09090909090909091,0.5166666666666667,0.5,0.6363636363636364,2.44,0.0009644444444444531
0.125,0.6,0.5433333333333333,0.5,1.7753333333333334,0.0
0.07692307692307693,0.5166666666666667,0.49333333333333335,0.46153846153846156,2.4726666666666666,0.0
0.1,0.48666666666666664,0.5066666666666666,0.5,2.106,0.0
0.1111111111111111,0.6,0.5399999999999999,0.4444444444444444,1.9293333333333333,0.0
0.07142857142857142,0.5116666666666667,0.4800000000000001,0.5714285714285714,2.5493333333333332,0.0
0.1111111111111111,0.49,0.5133333333333333,0.5555555555555556,2.036,0.0
0.09090909090909091,0.5333333333333333,0.4666666666666667,0.5454545454545454,2.0166666666666666,0.0
0.07142857142857142,0.5116666666666667,0.49000000000000005,0.6428571428571429,2.736,0.0
0.0625,0.5166666666666667,0.5333333333333333,0.625,3.194,0.03080481481481483
0.125,0.5366666666666667,0.5666666666666667,0.75,1.972,0.0
0.06666666666666667,0.5266666666666667,0.48666666666666664,0.6666666666666666,3.1726666666666667,0.03203303703703704
0.1,0.535,0.5033333333333333,0.2,1.886,0.0
0.08333333333333333,0.4983333333333333,0.5,0.5833333333333334,2.4466666666666668,0.0
0.07142857142857142,0.5,0.49000000000000005,0.5714285714285714,2.682,0.0
0.1,0.52,0.5066666666666666,0.6,1.942,0.0
0.09090909090909091,0.5166666666666667,0.5,0.5454545454545454,2.3153333333333332,0.0
0.07142857142857142,0.545,0.4800000000000001,0.42857142857142855,2.446,0.0
0.07692307692307693,0.4966666666666667,0.49333333333333335,0.6923076923076923,2.586,0.0
0.1,0.5533333333333333,0.5700000000000001,0.7,2.274,0.0
0.08333333333333333,0.5166666666666667,0.5,0.5,2.494666666666667,0.0
0.07142857142857142,0.5166666666666667,0.5,0.5,2.9066666666666667,0.023043333333333336
0.08333333333333333,0.5333333333333333,0.53,0.5,2.4713333333333334,0.0
0.08333333333333333,0.515,0.4966666666666667,0.6666666666666666,2.2066666666666666,0.0
0.07692307692307693,0.5133333333333333,0.52,0.6153846153846154,2.3226666666666667,0.0
0.1,0.5383333333333333,0.5700000000000001,0.6,2.424,0.0
0.14285714285714285,0.59,0.5400000000000001,0.7142857142857143,1.996,0.0
0.07692307692307693,0.5133333333333333,0.45333333333333337,0.6923076923076923,2.2973333333333334,0.0
0.125,0.4066666666666666,0.51,0.25,1.424,0.0
0.1111111111111111,0.52,0.5399999999999999,0.4444444444444444,1.8026666666666666,0.0
0.08333333333333333,0.5166666666666667,0.4966666666666667,0.5,2.166,0.0
0.08333333333333333,0.5316666666666666,0.4966666666666667,0.6666666666666666,2.4153333333333333,0.0
0.08333333333333333,0.515,0.4966666666666667,0.5833333333333334,2.254,0.0
0.1111111111111111,0.5166666666666667,0.5333333333333333,0.6666666666666666,2.026,0.0
0.1,0.5233333333333333,0.5666666666666667,0.7,2.354,0.0
0.08333333333333333,0.5466666666666666,0.4966666666666667,0.6666666666666666,2.434,0.0
0.07142857142857142,0.5116666666666667,0.4800000000000001,0.5714285714285714,2.6553333333333335,0.0
0.16666666666666666,0.5316666666666666,0.53,0.5,2.4406666666666665,0.0
0.1111111111111111,0.48333333333333334,0.5133333333333333,0.4444444444444444,1.8826666666666667,0.0
0.1,0.535,0.5333333333333333,0.5,2.0566666666666666,0.0
0.1111111111111111,0.49,0.5133333333333333,0.4444444444444444,1.9833333333333334,0.0
0.1111111111111111,0.5366666666666667,0.5066666666666666,0.1111111111111111,1.848,0.0
0.18181818181818182,0.5333333333333333,0.5333333333333333,0.45454545454545453,2.231333333333333,0.0
0.14285714285714285,0.5833333333333334,0.56,0.5714285714285714,1.7313333333333334,0.0
0.1,0.5549999999999999,0.5333333333333333,0.6,1.9753333333333334,0.0
0.1111111111111111,0.5433333333333333,0.5733333333333334,0.7777777777777778,2.1266666666666665,0.0
0.1,0.5383333333333333,0.5700000000000001,0.7,2.4553333333333334,0.0
0.1,0.5383333333333333,0.5666666666666667,0.7,2.4326666666666665,0.0
0.1,0.505,0.5366666666666667,0.3,2.078666666666667,0.0
0.09090909090909091,0.5333333333333333,0.5,0.5454545454545454,2.4306666666666668,0.0
0.1,0.48666666666666664,0.5333333333333333,0.6,2.216,0.0
0.09090909090909091,0.55,0.4666666666666667,0.6363636363636364,2.1973333333333334,0.0
0.125,0.5483333333333333,0.5766666666666667,0.75,1.9046666666666667,0.0
0.1111111111111111,0.5366666666666667,0.47333333333333333,0.5555555555555556,1.8586666666666667,0.0
0.1111111111111111,0.5066666666666667,0.5399999999999999,0.3333333333333333,1.932,0.0
0.1111111111111111,0.6,0.5399999999999999,0.4444444444444444,2.1493333333333333,0.0
0.1,0.5183333333333333,0.5,0.5,2.11,0.0
0.14285714285714285,0.5833333333333334,0.56,0.5714285714285714,1.802,0.0
0.1,0.5533333333333333,0.5366666666666667,0.6,2.2613333333333334,0.0
0.09090909090909091,0.5333333333333333,0.5333333333333333,0.5454545454545454,2.364,0.0
0.2,0.5033333333333333,0.5333333333333333,0.5,2.374,0.005972888888888887
0.07692307692307693,0.5466666666666666,0.4866666666666667,0.38461538461538464,2.216666666666667,0.0
0.09090909090909091,0.5333333333333333,0.5333333333333333,0.45454545454545453,2.5986666666666665,0.03478518518518519
0.1,0.535,0.5333333333333333,0.5,2.2266666666666666,0.0
0.07692307692307693,0.5133333333333333,0.49333333333333335,0.6153846153846154,2.506666666666667,0.0
0.08333333333333333,0.5316666666666666,0.53,0.4166666666666667,2.453333333333333,0.0
0.09090909090909091,0.5333333333333333,0.5333333333333333,0.36363636363636365,2.3706666666666667,0.0
0.16666666666666666,0.5833333333333334,0.5666666666666667,0.6666666666666666,1.5873333333333333,0.0
0.14285714285714285,0.5533333333333333,0.58,0.8571428571428571,1.574,0.0
0.125,0.6,0.5433333333333333,0.5,1.8186666666666667,0.0
0.09090909090909091,0.5166666666666667,0.5,0.6363636363636364,2.1746666666666665,0.0
0.09090909090909091,0.5166666666666667,0.5333333333333333,0.45454545454545453,2.338,0.0
0.16666666666666666,0.5166666666666667,0.49333333333333335,0.4166666666666667,2.279333333333333,0.0
0.08333333333333333,0.5333333333333333,0.5,0.5,2.5793333333333335,0.0
0.2222222222222222,0.39666666666666667,0.5066666666666666,0.1111111111111111,1.568,0.0
0.1,0.5183333333333333,0.5,0.5,2.004,0.0
0.1,0.5383333333333333,0.5066666666666666,0.6,2.21,0.0
0.08333333333333333,0.5316666666666666,0.5,0.5,2.3866666666666667,0.0
0.1,0.5183333333333333,0.5,0.5,1.9673333333333334,0.0
0.07692307692307693,0.5166666666666667,0.5,0.46153846153846156,2.49,0.0
0.07692307692307693,0.5333333333333333,0.4866666666666667,0.46153846153846156,2.3693333333333335,0.0
0.07692307692307693,0.5166666666666667,0.49333333333333335,0.38461538461538464,2.268,0.0
0.08333333333333333,0.5166666666666667,0.5,0.3333333333333333,2.26,0.0
0.08333333333333333,0.5166666666666667,0.4966666666666667,0.5,2.248666666666667,0.0
0.125,0.5833333333333334,0.5533333333333333,0.75,1.9866666666666666,0.0
0.08333333333333333,0.5166666666666667,0.5,0.5,2.296,0.0
0.09090909090909091,0.5166666666666667,0.5,0.36363636363636365,2.04,0.0
0.16666666666666666,0.5916666666666667,0.55,1.0,1.7693333333333334,0.0
0.08333333333333333,0.5166666666666667,0.4966666666666667,0.5833333333333334,2.474,0.0
0.1,0.5183333333333333,0.47,0.6,2.0,0.0
0.1,0.5166666666666667,0.5066666666666666,0.5,1.8893333333333333,0.0
0.16666666666666666,0.5166666666666667,0.4633333333333333,0.4166666666666667,2.306,0.0
0.1,0.5183333333333333,0.5,0.5,2.02,0.0
0.1,0.5183333333333333,0.47,0.6,2.12,0.0
0.09090909090909091,0.5166666666666667,0.5666666666666667,0.6363636363636364,2.234,0.0
0.1,0.5183333333333333,0.47,0.5,2.016,0.0
0.09090909090909091,0.5333333333333333,0.4666666666666667,0.6363636363636364,2.328,0.0
0.16666666666666666,0.5316666666666666,0.46,0.5,2.0633333333333335,0.0
0.07142857142857142,0.5166666666666667,0.49000000000000005,0.6428571428571429,2.8606666666666665,0.0
0.09090909090909091,0.5166666666666667,0.5,0.6363636363636364,2.6173333333333333,0.025959629629629638
0.09090909090909091,0.5166666666666667,0.4666666666666667,0.5454545454545454,1.9166666666666667,0.0
0.1,0.535,0.5333333333333333,0.4,2.068,0.0
0.1111111111111111,0.48333333333333334,0.5133333333333333,0.4444444444444444,1.7766666666666666,0.0
0.07142857142857142,0.5166666666666667,0.5,0.5714285714285714,2.8513333333333333,0.013731851851851856
0.125,0.5383333333333333,0.5,0.125,1.626,0.0
0.2,0.49333333333333335,0.5266666666666667,0.4,0.8813333333333333,0.0
0.14285714285714285,0.6,0.44000000000000006,0.5714285714285714,1.366,0.0
0.07692307692307693,0.5166666666666667,0.49333333333333335,0.5384615384615384,2.496,0.0
0.07142857142857142,0.5166666666666667,0.4800000000000001,0.6428571428571429,2.724666666666667,0.0
0.1,0.48333333333333334,0.5066666666666666,0.5,1.9313333333333333,0.0
0.09090909090909091,0.5166666666666667,0.5,0.5454545454545454,2.2146666666666666,0.0
0.08333333333333333,0.5,0.4966666666666667,0.6666666666666666,2.445333333333333,0.0
0.1111111111111111,0.48666666666666664,0.5133333333333333,0.5555555555555556,1.8433333333333333,0.0
0.09090909090909091,0.48333333333333334,0.5,0.6363636363636364,2.236666666666667,0.0
0.1111111111111111,0.5366666666666667,0.5066666666666666,0.2222222222222222,1.9173333333333333,0.0
0.1111111111111111,0.5033333333333334,0.5733333333333334,0.5555555555555556,2.1033333333333335,0.0
0.09090909090909091,0.48333333333333334,0.5666666666666667,0.5454545454545454,2.421333333333333,0.0
0.14285714285714285,0.59,0.58,0.7142857142857143,1.942,0.0
0.06666666666666667,0.51,0.5,0.6,2.997333333333333,0.041106000000000004
0.1,0.5016666666666667,0.5066666666666666,0.5,2.092,0.0
0.07692307692307693,0.5133333333333333,0.49333333333333335,0.6923076923076923,2.568,0.0
0.1,0.5166666666666667,0.5066666666666666,0.6,2.1973333333333334,0.0
0.09090909090909091,0.5333333333333333,0.5333333333333333,0.5454545454545454,2.3313333333333333,0.0
0.1111111111111111,0.49,0.5399999999999999,0.4444444444444444,1.7066666666666668,0.0
0.16666666666666666,0.5416666666666666,0.55,0.8333333333333334,1.626,0.0
0.14285714285714285,0.4966666666666667,0.5266666666666667,0.5714285714285714,1.578,0.0
0.07142857142857142,0.49500000000000005,0.5,0.6428571428571429,2.8026666666666666,0.0
0.06666666666666667,0.51,0.5,0.6,2.9726666666666666,0.005825333333333333
0.14285714285714285,0.4966666666666667,0.5266666666666667,0.42857142857142855,1.5253333333333334,0.0
0.08333333333333333,0.5166666666666667,0.5,0.5833333333333334,2.4393333333333334,0.0
0.07692307692307693,0.53,0.4866666666666667,0.5384615384615384,2.3906666666666667,0.0
0.14285714285714285,0.5166666666666667,0.5266666666666667,0.5714285714285714,1.414,0.0
0.125,0.5416666666666666,0.52,0.625,1.814,0.0
0.14285714285714285,0.4966666666666667,0.5266666666666667,0.42857142857142855,1.48,0.0
0.07692307692307693,0.5133333333333333,0.49333333333333335,0.6153846153846154,2.5813333333333333,0.0
0.18181818181818182,0.5166666666666667,0.5,0.6363636363636364,2.5433333333333334,0.009667407407407414
0.1,0.5183333333333333,0.5066666666666666,0.7,2.2853333333333334,0.0
0.1,0.5183333333333333,0.47,0.4,1.6533333333333333,0.0
0.1111111111111111,0.53,0.5733333333333334,0.6666666666666666,2.2506666666666666,0.0
0.125,0.5483333333333333,0.5766666666666667,0.625,1.864,0.0
0.1111111111111111,0.49,0.5133333333333333,0.5555555555555556,2.006666666666667,0.0
0.1111111111111111,0.49,0.5133333333333333,0.6666666666666666,2.0453333333333332,0.0
0.09090909090909091,0.5166666666666667,0.5666666666666667,0.5454545454545454,2.404,0.0
0.1,0.48666666666666664,0.5066666666666666,0.6,2.1013333333333333,0.0
0.1,0.48666666666666664,0.5066666666666666,0.5,2.032,0.0
0.08333333333333333,0.4983333333333333,0.4966666666666667,0.6666666666666666,2.3446666666666665,0.0
0.1,0.52,0.5066666666666666,0.5,2.086,0.0
0.1,0.5333333333333333,0.5333333333333333,0.3,1.8706666666666667,0.0
0.125,0.5383333333333333,0.51,0.25,1.6006666666666667,0.0
0.1,0.5399999999999999,0.5366666666666667,0.4,2.078666666666667,0.0
0.09090909090909091,0.5333333333333333,0.43333333333333335,0.45454545454545453,1.858,0.0
0.09090909090909091,0.5333333333333333,0.43333333333333335,0.45454545454545453,1.886,0.0
0.1111111111111111,0.5366666666666667,0.5333333333333333,0.1111111111111111,1.924,0.0
0.08333333333333333,0.5316666666666666,0.43333333333333335,0.5833333333333334,2.1493333333333333,0.0
0.125,0.5883333333333333,0.5766666666666667,0.5,2.1646666666666667,0.0
0.07692307692307693,0.5966666666666666,0.5266666666666667,0.6153846153846154,2.8646666666666665,0.012370888888888898
0.1,0.5399999999999999,0.5333333333333333,0.6,2.042,0.0
0.09090909090909091,0.5333333333333333,0.5333333333333333,0.6363636363636364,2.1513333333333335,0.0
0.1,0.52,0.5333333333333333,0.3,1.888,0.0
0.09090909090909091,0.5166666666666667,0.5,0.45454545454545453,2.296666666666667,0.0
0.09090909090909091,0.5166666666666667,0.5,0.36363636363636365,2.25,0.0
0.1,0.535,0.5033333333333333,0.1,1.8986666666666667,0.0
0.09090909090909091,0.5333333333333333,0.5333333333333333,0.45454545454545453,2.086,0.0
0.08333333333333333,0.5983333333333333,0.5333333333333333,0.6666666666666666,2.89,0.05688155555555555
0.1,0.6,0.5366666666666667,0.3,2.1246666666666667,0.0
0.1,0.535,0.5333333333333333,0.6,2.206,0.0
0.08333333333333333,0.5316666666666666,0.49333333333333335,0.4166666666666667,2.074666666666667,0.0
0.14285714285714285,0.5283333333333334,0.5,0.42857142857142855,2.7013333333333334,0.041562222222222237
0.1,0.5333333333333333,0.5033333333333333,0.5,1.8733333333333333,0.0
0.14285714285714285,0.5833333333333334,0.56,0.7142857142857143,1.8733333333333333,0.0
0.14285714285714285,0.5533333333333333,0.58,0.8571428571428571,1.7553333333333334,0.0
0.1111111111111111,0.5333333333333333,0.5733333333333334,0.7777777777777778,2.0966666666666667,0.0
0.08333333333333333,0.5483333333333333,0.5266666666666667,0.6666666666666666,2.418,0.0
0.1,0.5333333333333333,0.5366666666666667,0.2,1.9293333333333333,0.0
0.08333333333333333,0.5333333333333333,0.5333333333333333,0.25,2.43,0.0
0.08333333333333333,0.5783333333333334,0.5333333333333333,0.4166666666666667,2.8026666666666666,0.05067485185185187
0.09090909090909091,0.6,0.5333333333333333,0.6363636363636364,2.328666666666667,0.0
0.06666666666666667,0.51,0.48666666666666664,0.6,2.864,0.0
0.09090909090909091,0.5333333333333333,0.4666666666666667,0.45454545454545453,2.048,0.0
0.08333333333333333,0.5166666666666667,0.4633333333333333,0.4166666666666667,1.936,0.0
0.09090909090909091,0.5333333333333333,0.5,0.18181818181818182,2.33,0.0
0.09090909090909091,0.5333333333333333,0.5,0.2727272727272727,2.3613333333333335,0.0
0.1111111111111111,0.5366666666666667,0.5,0.4444444444444444,1.824,0.0
0.2,0.55,0.5033333333333333,0.2,1.9506666666666668,0.0
0.1,0.535,0.5333333333333333,0.4,2.1546666666666665,0.0
0.14285714285714285,0.5333333333333333,0.5133333333333333,0.5714285714285714,1.572,0.0
0.2,0.49333333333333335,0.5399999999999999,0.4,0.968,0.0
0.1111111111111111,0.5333333333333333,0.5399999999999999,0.3333333333333333,1.7493333333333334,0.0
0.08333333333333333,0.5483333333333333,0.53,0.5,2.7013333333333334,0.04192922222222223
0.125,0.4016666666666666,0.5333333333333333,0.125,1.5533333333333332,0.0
0.14285714285714285,0.42000000000000004,0.5133333333333333,0.14285714285714285,1.2226666666666666,0.0
0.125,0.51,0.51,0.25,1.5173333333333334,0.0
0.125,0.4166666666666667,0.5533333333333333,0.25,1.4946666666666666,0.0
0.125,0.5416666666666666,0.51,0.25,1.5506666666666666,0.0
0.125,0.5383333333333333,0.51,0.125,1.7026666666666668,0.0
0.1,0.535,0.5033333333333333,0.3,2.219333333333333,0.0
0.125,0.5383333333333333,0.51,0.125,1.526,0.0
0.1111111111111111,0.5366666666666667,0.5066666666666666,0.2222222222222222,1.974,0.0
0.125,0.5383333333333333,0.51,0.125,1.554,0.0
0.09090909090909091,0.5333333333333333,0.5333333333333333,0.45454545454545453,2.186,0.0
0.1,0.5533333333333333,0.5333333333333333,0.2,2.16,0.0
0.16666666666666666,0.5416666666666666,0.55,0.6666666666666666,1.4806666666666666,0.0
0.1,0.535,0.5366666666666667,0.3,2.1706666666666665,0.0
0.125,0.5383333333333333,0.51,0.125,1.5866666666666667,0.0
0.07692307692307693,0.5133333333333333,0.49333333333333335,0.6153846153846154,2.6506666666666665,0.0
0.18181818181818182,0.5333333333333333,0.5,0.18181818181818182,2.1433333333333335,0.0
0.1111111111111111,0.5366666666666667,0.5066666666666666,0.2222222222222222,1.806,0.0
0.14285714285714285,0.5333333333333333,0.49333333333333335,0.5714285714285714,1.5826666666666667,0.0
0.125,0.5383333333333333,0.5,0.25,1.7846666666666666,0.0
0.1,0.55,0.5,0.3,2.064,0.0
0.1111111111111111,0.5366666666666667,0.5,0.3333333333333333,1.894,0.0
0.1,0.535,0.5,0.3,2.2453333333333334,0.0
0.09090909090909091,0.5166666666666667,0.5,0.45454545454545453,2.1093333333333333,0.0
0.1111111111111111,0.5366666666666667,0.5,0.3333333333333333,1.9873333333333334,0.0
0.1,0.535,0.5,0.1,1.9986666666666666,0.0
0.125,0.5383333333333333,0.51,0.25,1.874,0.0
0.1,0.5533333333333333,0.5033333333333333,0.2,2.26,0.006615407407407421
0.125,0.5833333333333334,0.5533333333333333,0.5,1.828,0.0
0.125,0.5883333333333333,0.5766666666666667,0.5,1.9693333333333334,0.0
0.1,0.5516666666666666,0.5066666666666666,0.2,2.106,0.0
0.125,0.5383333333333333,0.5,0.125,1.6866666666666668,0.0
0.08333333333333333,0.5316666666666666,0.5,0.5,2.5406666666666666,0.0
0.1,0.5233333333333333,0.5366666666666667,0.5,2.138,0.0
0.2,0.55,0.5466666666666666,1.0,1.2526666666666666,0.0
0.16666666666666666,0.5416666666666666,0.5666666666666667,0.6666666666666666,1.3806666666666667,0.0
0.2,0.5833333333333334,0.5866666666666667,1.0,1.4813333333333334,0.0
0.1,0.5833333333333334,0.5666666666666667,0.6,2.4473333333333334,0.0
0.2,0.5933333333333334,0.56,1.0,1.4446666666666668,0.0
0.14285714285714285,0.5833333333333334,0.56,0.7142857142857143,1.7886666666666666,0.0
0.09090909090909091,0.5333333333333333,0.5333333333333333,0.5454545454545454,2.3593333333333333,0.0
0.125,0.49333333333333335,0.52,0.625,1.7106666666666666,0.0
0.16666666666666666,0.5833333333333334,0.5666666666666667,0.5,1.5486666666666666,0.0
0.125,0.5883333333333333,0.5533333333333333,0.75,1.9806666666666666,0.0
0.1,0.5183333333333333,0.47,0.5,1.812,0.0
0.1111111111111111,0.48666666666666664,0.5133333333333333,0.5555555555555556,1.9633333333333334,0.0
0.1111111111111111,0.5033333333333333,0.5,0.6666666666666666,2.005333333333333,0.0
0.1,0.5399999999999999,0.5333333333333333,0.5,2.132,0.0
0.125,0.5833333333333334,0.5533333333333333,0.5,1.928,0.0
0.125,0.5383333333333333,0.51,0.25,1.7126666666666666,0.0
0.125,0.5833333333333334,0.5533333333333333,0.75,1.9413333333333334,0.0
0.14285714285714285,0.59,0.58,0.7142857142857143,1.9533333333333334,0.0
0.14285714285714285,0.5833333333333334,0.56,0.5714285714285714,1.686,0.0
0.07142857142857142,0.5400000000000001,0.5233333333333333,0.6428571428571429,2.876,0.0
0.1,0.5383333333333333,0.51,0.6,2.26,0.0
0.1111111111111111,0.5166666666666667,0.5066666666666666,0.6666666666666666,2.018,0.0
0.1,0.5850000000000001,0.5399999999999999,0.6,2.21,0.0
0.1111111111111111,0.53,0.5399999999999999,0.6666666666666666,2.13,0.0
0.09090909090909091,0.5166666666666667,0.5333333333333333,0.5454545454545454,2.570666666666667,0.0
0.08333333333333333,0.5316666666666666,0.5333333333333333,0.5,2.712666666666667,0.020144259259259258
0.08333333333333333,0.5166666666666667,0.53,0.5833333333333334,2.578,0.0
0.14285714285714285,0.5533333333333333,0.58,0.7142857142857143,1.594,0.0
0.25,0.5483333333333333,0.5766666666666667,0.625,1.81,0.0
0.14285714285714285,0.5533333333333333,0.58,0.8571428571428571,1.694,0.0
0.14285714285714285,0.5533333333333333,0.58,0.8571428571428571,1.6286666666666667,0.0
0.14285714285714285,0.59,0.58,0.8571428571428571,2.0526666666666666,0.0
0.07142857142857142,0.5116666666666667,0.49000000000000005,0.7142857142857143,2.8693333333333335,0.0
0.07692307692307693,0.5133333333333333,0.46,0.6923076923076923,2.4833333333333334,0.0
0.09090909090909091,0.5333333333333333,0.5333333333333333,0.6363636363636364,2.274,0.0
0.125,0.5483333333333333,0.5766666666666667,0.75,1.9026666666666667,0.0
0.09090909090909091,0.5166666666666667,0.4666666666666667,0.6363636363636364,2.2493333333333334,0.0
0.09090909090909091,0.5166666666666667,0.4666666666666667,0.5454545454545454,1.9413333333333334,0.0
0.125,0.5483333333333333,0.5766666666666667,0.75,2.0113333333333334,0.0
0.16666666666666666,0.5416666666666666,0.5333333333333333,1.0,1.494,0.0
0.1,0.5683333333333334,0.5700000000000001,0.6,2.316,0.0
0.16666666666666666,0.5916666666666667,0.55,1.0,1.724,0.0
0.1111111111111111,0.48000000000000004,0.5399999999999999,0.4444444444444444,1.8506666666666667,0.0
0.1111111111111111,0.52,0.5733333333333334,0.7777777777777778,2.0073333333333334,0.0
0.07692307692307693,0.5433333333333333,0.5266666666666667,0.6923076923076923,2.8566666666666665,0.0
0.1,0.5533333333333333,0.5366666666666667,0.5,2.3713333333333333,0.0
0.09090909090909091,0.5166666666666667,0.5666666666666667,0.7272727272727273,2.542,0.0
0.08333333333333333,0.5316666666666666,0.5,0.5833333333333334,2.622,0.0
0.1111111111111111,0.53,0.5666666666666667,0.5555555555555556,2.1806666666666668,0.0
0.2,0.5183333333333333,0.5700000000000001,0.6,2.1513333333333335,0.0
0.1,0.5183333333333333,0.5700000000000001,0.6,2.0513333333333335,0.0
0.2,0.5933333333333334,0.5866666666666667,1.0,1.7113333333333334,0.0
0.09090909090909091,0.5166666666666667,0.5666666666666667,0.5454545454545454,2.412,0.0
0.1111111111111111,0.5466666666666666,0.5733333333333334,0.7777777777777778,2.1153333333333335,0.0
0.1111111111111111,0.5866666666666667,0.5666666666666667,0.4444444444444444,1.966,0.0
0.1111111111111111,0.6,0.5666666666666667,0.5555555555555556,2.172,0.0
0.07692307692307693,0.53,0.52,0.7692307692307693,2.458666666666667,0.0
0.07692307692307693,0.53,0.49333333333333335,0.6923076923076923,2.506,0.0
0.09090909090909091,0.5333333333333333,0.5333333333333333,0.6363636363636364,2.296666666666667,0.0
0.125,0.5366666666666667,0.5666666666666667,0.625,1.9466666666666668,0.0
0.1111111111111111,0.5433333333333333,0.5666666666666667,0.5555555555555556,2.211333333333333,0.0
0.1,0.5233333333333333,0.5666666666666667,0.5,2.186,0.0
0.09090909090909091,0.5333333333333333,0.5333333333333333,0.6363636363636364,2.222,0.0
0.125,0.5483333333333333,0.5666666666666667,0.75,2.0613333333333332,0.0
0.07692307692307693,0.5333333333333333,0.5266666666666667,0.46153846153846156,2.3466666666666667,0.0
0.09090909090909091,0.5333333333333333,0.5333333333333333,0.36363636363636365,2.1346666666666665,0.0
0.1,0.5533333333333333,0.5666666666666667,0.6,2.486,0.0
0.1111111111111111,0.5366666666666667,0.5466666666666666,0.3333333333333333,1.8646666666666667,0.0
0.1111111111111111,0.5366666666666667,0.52,0.3333333333333333,1.9646666666666666,0.0
0.14285714285714285,0.5833333333333334,0.6,0.7142857142857143,1.8593333333333333,0.0
0.125,0.5366666666666667,0.5666666666666667,0.75,2.0,0.0
0.125,0.5833333333333334,0.6,0.75,1.964,0.0
0.16666666666666666,0.55,0.5833333333333334,0.6666666666666666,1.22,0.0
0.1,0.5683333333333334,0.5666666666666667,0.6,2.2933333333333334,0.0
0.16666666666666666,0.5916666666666667,0.6,1.0,1.7466666666666666,0.0
0.1111111111111111,0.5466666666666666,0.5733333333333334,0.4444444444444444,1.8733333333333333,0.0
0.125,0.5883333333333333,0.5666666666666667,0.75,2.08,0.0
0.08333333333333333,0.515,0.46,0.6666666666666666,2.2026666666666666,0.0
0.1,0.5533333333333333,0.5700000000000001,0.8,2.278,0.0
0.125,0.49333333333333335,0.52,0.5,1.5866666666666667,0.0
0.09090909090909091,0.5333333333333333,0.5666666666666667,0.6363636363636364,2.442,0.0
0.1,0.5333333333333333,0.5333333333333333,0.2,1.8786666666666667,0.0
0.2222222222222222,0.5366666666666667,0.5066666666666666,0.1111111111111111,1.814,0.0
0.25,0.5383333333333333,0.5,0.125,1.7086666666666666,0.0
0.2,0.55,0.5466666666666666,0.8,1.2606666666666666,0.0
0.1,0.5383333333333333,0.5700000000000001,0.9,2.3606666666666665,0.0
0.2,0.49333333333333335,0.5266666666666667,0.4,0.964,0.0
0.1,0.5850000000000001,0.5700000000000001,0.9,2.464,0.0
0.14285714285714285,0.6,0.44000000000000006,0.5714285714285714,1.4486666666666668,0.0
0.1111111111111111,0.5333333333333333,0.5399999999999999,0.3333333333333333,1.7453333333333334,0.0
0.1,0.5383333333333333,0.5700000000000001,0.8,2.2466666666666666,0.0
0.1111111111111111,0.5866666666666667,0.5733333333333334,0.5555555555555556,2.3546666666666667,0.0
0.14285714285714285,0.59,0.58,0.5714285714285714,1.8726666666666667,0.0
0.1111111111111111,0.5866666666666667,0.5733333333333334,0.6666666666666666,2.386,0.0
0.14285714285714285,0.59,0.58,0.5714285714285714,1.9433333333333334,0.0
0.125,0.5883333333333333,0.5766666666666667,0.625,1.9753333333333334,0.0
0.1,0.535,0.5333333333333333,0.5,2.1893333333333334,0.0
0.125,0.5883333333333333,0.5766666666666667,0.75,2.128,0.0
0.09090909090909091,0.5166666666666667,0.5,0.45454545454545453,2.078666666666667,0.0
0.14285714285714285,0.59,0.58,0.5714285714285714,1.7666666666666666,0.0
0.125,0.49333333333333335,0.52,0.625,1.6253333333333333,0.0
0.09090909090909091,0.5333333333333333,0.4666666666666667,0.5454545454545454,1.9793333333333334,0.0
0.1,0.5399999999999999,0.5333333333333333,0.6,2.0046666666666666,0.0
0.1,0.5399999999999999,0.5333333333333333,0.5,2.066666666666667,0.0
0.125,0.5883333333333333,0.5766666666666667,0.75,2.082666666666667,0.0
0.125,0.5883333333333333,0.6,0.75,2.1053333333333333,0.0
0.1111111111111111,0.5866666666666667,0.5733333333333334,0.4444444444444444,2.33,0.0
0.1111111111111111,0.5333333333333333,0.5399999999999999,0.4444444444444444,1.784,0.0
0.16666666666666666,0.525,0.5166666666666667,0.5,1.036,0.0
0.09090909090909091,0.5833333333333334,0.5333333333333333,0.6363636363636364,2.9326666666666665,0.08871851851851852
0.14285714285714285,0.5366666666666667,0.5266666666666667,0.42857142857142855,1.2666666666666666,0.0
0.1,0.5850000000000001,0.51,0.4,2.6326666666666667,0.08123700000000003
0.2,0.5866666666666667,0.5399999999999999,0.6,1.148,0.0
0.09090909090909091,0.6,0.5666666666666667,0.5454545454545454,2.6693333333333333,0.02924000000000001
0.2,0.5933333333333334,0.56,1.0,1.5666666666666667,0.0
0.06666666666666667,0.5366666666666667,0.52,0.6,3.033333333333333,0.0
0.07142857142857142,0.5400000000000001,0.49000000000000005,0.5714285714285714,2.6473333333333335,0.0
0.09090909090909091,0.55,0.5,0.45454545454545453,2.2173333333333334,0.0
0.2,0.5933333333333334,0.56,1.0,1.4746666666666666,0.0
0.08333333333333333,0.5316666666666666,0.4966666666666667,0.4166666666666667,2.1053333333333333,0.0
0.2,0.5933333333333334,0.56,1.0,1.5833333333333333,0.0
0.09090909090909091,0.5166666666666667,0.5666666666666667,0.45454545454545453,2.3573333333333335,0.0
0.08333333333333333,0.5633333333333332,0.5333333333333333,0.4166666666666667,2.425333333333333,0.0
0.2,0.5933333333333334,0.56,0.8,1.5053333333333334,0.0
0.16666666666666666,0.5916666666666667,0.5666666666666667,0.6666666666666666,1.6106666666666667,0.0
0.2,0.5933333333333334,0.56,0.8,1.4906666666666666,0.0
0.14285714285714285,0.59,0.58,0.5714285714285714,1.9713333333333334,0.0
0.2,0.6,0.56,1.0,1.6746666666666667,0.0
0.16666666666666666,0.5916666666666667,0.55,0.8333333333333334,1.5853333333333333,0.0
0.1,0.6,0.5666666666666667,0.4,2.232,0.0
0.07692307692307693,0.5133333333333333,0.49333333333333335,0.6923076923076923,2.6646666666666667,0.0
0.07692307692307693,0.5433333333333333,0.45333333333333337,0.7692307692307693,2.514666666666667,0.0
0.07142857142857142,0.5400000000000001,0.49000000000000005,0.6428571428571429,2.8346666666666667,0.0
0.1,0.49499999999999994,0.5366666666666667,0.4,2.0753333333333335,0.0
0.09090909090909091,0.55,0.5333333333333333,0.6363636363636364,2.3526666666666665,0.0
0.09090909090909091,0.55,0.5333333333333333,0.5454545454545454,2.462666666666667,0.0
0.1,0.525,0.5366666666666667,0.3,1.92,0.0
0.1,0.525,0.5366666666666667,0.4,2.228,0.0
0.125,0.495,0.5433333333333333,0.25,1.5346666666666666,0.0
0.07692307692307693,0.53,0.49333333333333335,0.6153846153846154,2.7133333333333334,0.0021553333333333463
0.125,0.5066666666666666,0.5433333333333333,0.375,1.6093333333333333,0.0
0.09090909090909091,0.5333333333333333,0.5333333333333333,0.36363636363636365,2.1906666666666665,0.0
0.1,0.4799999999999999,0.5366666666666667,0.3,1.8453333333333333,0.0
0.1111111111111111,0.56,0.5066666666666666,0.3333333333333333,1.9206666666666667,0.0
0.1,0.5549999999999999,0.5033333333333333,0.3,2.126,0.0
0.1,0.5399999999999999,0.5700000000000001,0.8,2.243333333333333,0.0
0.125,0.6,0.42999999999999994,0.625,1.5206666666666666,0.0
0.1111111111111111,0.6,0.42000000000000004,0.6666666666666666,1.804,0.0
0.125,0.6,0.42999999999999994,0.75,1.634,0.0
0.06666666666666667,0.51,0.5333333333333333,0.4666666666666667,3.0033333333333334,0.028900000000000002
0.125,0.6,0.42999999999999994,0.625,1.5746666666666667,0.0
0.09090909090909091,0.5,0.5333333333333333,0.36363636363636365,2.489333333333333,0.007588888888888895
0.08333333333333333,0.5283333333333334,0.5333333333333333,0.3333333333333333,2.6313333333333335,0.0328505925925926
0.08333333333333333,0.5166666666666667,0.53,0.4166666666666667,2.47,0.0
0.125,0.6,0.42999999999999994,0.75,1.7273333333333334,0.0
0.07692307692307693,0.5166666666666667,0.5266666666666667,0.3076923076923077,2.5206666666666666,0.0
0.07142857142857142,0.5166666666666667,0.5233333333333333,0.42857142857142855,2.882,0.037108148148148154
0.09090909090909091,0.48333333333333334,0.5333333333333333,0.45454545454545453,2.382,0.0
0.1111111111111111,0.6,0.42000000000000004,0.4444444444444444,1.7386666666666666,0.0
0.1111111111111111,0.6,0.5,0.5555555555555556,2.038666666666667,0.0
0.14285714285714285,0.5333333333333333,0.58,0.5714285714285714,1.7413333333333334,0.0
0.125,0.6,0.4533333333333333,0.75,1.682,0.0
0.1,0.525,0.5366666666666667,0.5,1.9306666666666668,0.0
0.1,0.525,0.5366666666666667,0.4,2.06,0.0
0.1,0.5549999999999999,0.5333333333333333,0.6,2.224666666666667,0.0
0.1111111111111111,0.5066666666666667,0.5133333333333333,0.5555555555555556,2.0433333333333334,0.0
0.1111111111111111,0.5333333333333333,0.5133333333333333,0.5555555555555556,2.144,0.0
0.1111111111111111,0.5466666666666666,0.5399999999999999,0.4444444444444444,1.9106666666666667,0.0
0.1111111111111111,0.56,0.5066666666666666,0.2222222222222222,2.0086666666666666,0.0
0.1111111111111111,0.5333333333333333,0.5399999999999999,0.3333333333333333,1.76,0.0
0.1111111111111111,0.56,0.5066666666666666,0.2222222222222222,1.998,0.0
0.14285714285714285,0.59,0.56,0.7142857142857143,1.892,0.0
0.1111111111111111,0.5866666666666667,0.5733333333333334,0.4444444444444444,1.9893333333333334,0.0
0.07142857142857142,0.5116666666666667,0.49000000000000005,0.6428571428571429,2.7306666666666666,0.0
0.08333333333333333,0.5166666666666667,0.4966666666666667,0.4166666666666667,2.1346666666666665,0.0
0.09090909090909091,0.5166666666666667,0.4666666666666667,0.5454545454545454,2.1106666666666665,0.0
0.125,0.6,0.5433333333333333,0.375,1.752,0.0
0.1111111111111111,0.49,0.5133333333333333,0.5555555555555556,1.6813333333333333,0.0
0.1,0.6,0.5366666666666667,0.5,2.284666666666667,0.0
0.1,0.48666666666666664,0.5066666666666666,0.5,2.054666666666667,0.0
0.09090909090909091,0.5333333333333333,0.5333333333333333,0.5454545454545454,2.0606666666666666,0.0
0.1,0.6,0.5366666666666667,0.6,2.212,0.0
0.125,0.6,0.5433333333333333,0.375,1.8386666666666667,0.0
0.1,0.6,0.5366666666666667,0.4,2.4246666666666665,0.0
0.1111111111111111,0.5366666666666667,0.5066666666666666,0.2222222222222222,1.7033333333333334,0.0
0.1,0.5183333333333333,0.5700000000000001,0.7,2.026,0.0
0.16666666666666666,0.475,0.5166666666666667,0.5,1.0586666666666666,0.0
0.09090909090909091,0.6,0.5333333333333333,0.5454545454545454,2.488,0.0
0.1111111111111111,0.5366666666666667,0.47333333333333333,0.4444444444444444,1.798,0.0
0.1111111111111111,0.6,0.5399999999999999,0.4444444444444444,2.0453333333333332,0.0
0.1,0.6,0.5366666666666667,0.5,2.0773333333333333,0.0
0.1,0.6,0.5366666666666667,0.6,2.23,0.0
0.1,0.6,0.5366666666666667,0.4,2.2666666666666666,0.0
0.09090909090909091,0.5333333333333333,0.43333333333333335,0.45454545454545453,1.9186666666666667,0.0
0.1,0.6,0.5366666666666667,0.4,2.0713333333333335,0.0
0.1,0.6,0.5366666666666667,0.6,2.16,0.0
0.14285714285714285,0.5333333333333333,0.49333333333333335,0.5714285714285714,1.546,0.0
0.09090909090909091,0.6,0.5666666666666667,0.5454545454545454,2.513333333333333,0.0
0.125,0.5366666666666667,0.5666666666666667,0.625,1.874,0.0
0.1111111111111111,0.5433333333333333,0.5733333333333334,0.7777777777777778,2.13,0.0
0.09090909090909091,0.6,0.5666666666666667,0.6363636363636364,2.8753333333333333,0.0622
0.2,0.49333333333333335,0.5266666666666667,0.4,0.942,0.0
0.05263157894736842,0.52,0.5333333333333333,0.5789473684210527,3.8586666666666667,0.1653137777777778
0.5,0.495,0.44666666666666666,1.0,0.412,0.0
0.16666666666666666,0.525,0.43333333333333335,0.6666666666666666,0.962,0.0
0.08333333333333333,0.5,0.4966666666666667,0.5833333333333334,2.5886666666666667,0.0
0.1111111111111111,0.5383333333333333,0.51,0.5555555555555556,3.648,0.1213881851851852
0.09090909090909091,0.5,0.5333333333333333,0.6363636363636364,2.398,0.0
0.1,0.535,0.5033333333333334,0.6,4.009333333333333,0.16217633333333337
0.1,0.4883333333333333,0.5333333333333333,0.5,2.3066666666666666,0.0
0.1,0.5166666666666667,0.5,0.5,1.8586666666666667,0.0
0.07692307692307693,0.5133333333333333,0.49333333333333335,0.6153846153846154,2.6366666666666667,0.0
0.07692307692307693,0.5166666666666667,0.49333333333333335,0.6153846153846154,2.434,0.0
0.1,0.52,0.47,0.5,1.806,0.0
0.16666666666666666,0.5,0.5,0.5,1.1393333333333333,0.0
0.06666666666666667,0.5166666666666667,0.48666666666666664,0.6,2.954,0.0
0.25,0.46166666666666667,0.5366666666666667,0.5,0.768,0.0
0.3333333333333333,0.4633333333333333,0.5466666666666666,0.6666666666666666,0.6466666666666666,0.0
0.09090909090909091,0.48333333333333334,0.5,0.5454545454545454,2.183333333333333,0.0
0.08333333333333333,0.5166666666666667,0.49333333333333335,0.6666666666666666,2.4766666666666666,0.0
0.05263157894736842,0.5166666666666667,0.5,0.631578947368421,3.933333333333333,0.18341666666666667
0.07142857142857142,0.5,0.5,0.6428571428571429,3.1126666666666667,0.08124444444444445
0.125,0.5266666666666667,0.49666666666666665,0.625,1.426,0.0
0.058823529411764705,0.5066666666666666,0.5,0.5294117647058824,3.396,0.09529837037037035
0.07692307692307693,0.4966666666666667,0.5,0.6923076923076923,2.720666666666667,0.023310222222222236
0.16666666666666666,0.5,0.5166666666666667,0.6666666666666666,1.444,0.0
0.1111111111111111,0.49,0.5066666666666666,0.6666666666666666,2.07,0.0
0.08333333333333333,0.515,0.4966666666666667,0.5833333333333334,2.300666666666667,0.0
0.125,0.5533333333333333,0.48666666666666664,0.75,1.5506666666666666,0.0
0.14285714285714285,0.52,0.44666666666666666,0.7142857142857143,1.2093333333333334,0.0
0.07692307692307693,0.53,0.46,0.5384615384615384,2.264666666666667,0.0
0.08333333333333333,0.5466666666666666,0.43,0.6666666666666666,1.9886666666666666,0.0
0.05263157894736842,0.5366666666666667,0.47333333333333333,0.5263157894736842,3.477333333333333,0.04448370370370371
0.14285714285714285,0.5133333333333333,0.5333333333333333,0.5714285714285714,1.4866666666666666,0.0
0.125,0.5216666666666667,0.5333333333333333,0.25,1.5913333333333333,0.0
0.1111111111111111,0.5366666666666667,0.5066666666666666,0.2222222222222222,1.9006666666666667,0.0
0.3333333333333333,0.42,0.52,0.3333333333333333,0.548,0.0
0.05,0.535,0.5,0.45,3.9886666666666666,0.2359468888888889
0.09090909090909091,0.5333333333333333,0.5,0.2727272727272727,2.1486666666666667,0.0
0.08333333333333333,0.53,0.5,0.5,2.6226666666666665,0.02547533333333334
0.1111111111111111,0.5233333333333333,0.48000000000000004,0.4444444444444444,1.518,0.0
0.07142857142857142,0.5233333333333333,0.5,0.42857142857142855,3.018666666666667,0.10881844444444445
0.16666666666666666,0.49166666666666664,0.5166666666666667,0.6666666666666666,1.1753333333333333,0.0
0.07142857142857142,0.5116666666666667,0.5,0.35714285714285715,2.5953333333333335,0.0
0.09090909090909091,0.5166666666666667,0.5,0.45454545454545453,2.0086666666666666,0.0
0.07142857142857142,0.5116666666666667,0.49000000000000005,0.5,2.5606666666666666,0.0
0.1,0.535,0.5033333333333333,0.3,2.1666666666666665,0.0
0.05263157894736842,0.5233333333333333,0.5066666666666666,0.631578947368421,3.848,0.1467891851851852
0.058823529411764705,0.53,0.5133333333333333,0.6470588235294118,3.6,0.11525733333333334
0.07142857142857142,0.5,0.5233333333333333,0.6428571428571429,3.0686666666666667,0.052300000000000006
0.09090909090909091,0.55,0.5,0.6363636363636364,2.4126666666666665,0.0
0.05263157894736842,0.5233333333333333,0.5399999999999999,0.6842105263157895,4.0,0.16444296296296296
0.047619047619047616,0.5333333333333333,0.5666666666666667,0.7142857142857143,4.432,0.22049185185185186
0.07142857142857142,0.5166666666666667,0.5333333333333333,0.6428571428571429,2.946,0.0
0.16666666666666666,0.5083333333333333,0.5333333333333333,0.6666666666666666,1.108,0.0
0.06666666666666667,0.5433333333333333,0.5399999999999999,0.6666666666666666,3.1266666666666665,0.021636740740740745
0.1,0.5016666666666667,0.5366666666666667,0.8,2.1426666666666665,0.0
0.09090909090909091,0.5166666666666667,0.5666666666666667,0.8181818181818182,2.5393333333333334,0.0
0.07142857142857142,0.5283333333333334,0.49000000000000005,0.6428571428571429,2.682,0.0
0.058823529411764705,0.5633333333333332,0.5133333333333333,0.7058823529411765,3.7706666666666666,0.1566442222222222
0.08333333333333333,0.515,0.4966666666666667,0.6666666666666666,2.4226666666666667,0.0
0.1111111111111111,0.5866666666666667,0.5466666666666666,0.8888888888888888,2.31,0.0
0.05555555555555555,0.5266666666666667,0.5333333333333333,0.5555555555555556,3.6006666666666667,0.12565096296296296
0.25,0.42000000000000004,0.44666666666666666,0.5,0.6766666666666666,0.0
0.058823529411764705,0.5700000000000001,0.5333333333333333,0.5882352941176471,3.712666666666667,0.15478666666666668
0.25,0.47333333333333333,0.4366666666666667,0.5,0.654,0.0
0.05263157894736842,0.5599999999999999,0.5333333333333333,0.5789473684210527,3.9833333333333334,0.19196799999999997
0.1,0.5549999999999999,0.47,0.6,1.816,0.0
0.14285714285714285,0.55,0.45333333333333337,0.8571428571428571,1.4833333333333334,0.0
0.11764705882352941,0.5333333333333333,0.5133333333333333,0.5294117647058824,3.374,0.1119525925925926
0.07692307692307693,0.53,0.49333333333333335,0.5384615384615384,2.7253333333333334,0.0
0.125,0.5216666666666667,0.4766666666666667,0.5,1.792,0.0
0.11764705882352941,0.5233333333333333,0.5133333333333333,0.5294117647058824,3.448,0.12635592592592593
0.14285714285714285,0.5033333333333334,0.5333333333333333,0.42857142857142855,1.496,0.0
0.0625,0.525,0.5166666666666667,0.5,3.486,0.13485500000000003
0.07142857142857142,0.5166666666666667,0.5233333333333333,0.42857142857142855,3.0313333333333334,0.08169074074074076
0.07692307692307693,0.53,0.5266666666666667,0.46153846153846156,2.8546666666666667,0.05566177777777779
0.125,0.525,0.5166666666666667,0.5625,3.4926666666666666,0.16870000000000002
0.14285714285714285,0.53,0.5333333333333333,0.5714285714285714,1.4913333333333334,0.0
0.14285714285714285,0.5033333333333334,0.5066666666666667,0.42857142857142855,1.428,0.0
0.08333333333333333,0.515,0.53,0.5833333333333334,2.6586666666666665,0.03550066666666667
0.07142857142857142,0.5116666666666667,0.5233333333333333,0.5714285714285714,2.948,0.07602229629629631
0.1,0.52,0.5,0.6,2.168,0.0
0.1,0.52,0.5,0.6,2.0193333333333334,0.0
0.125,0.4983333333333333,0.5433333333333333,0.375,1.8993333333333333,0.0
0.09090909090909091,0.5166666666666667,0.5,0.6363636363636364,2.187333333333333,0.0
0.06666666666666667,0.5133333333333333,0.5333333333333333,0.4666666666666667,3.1166666666666667,0.09611881481481482
0.08333333333333333,0.5283333333333334,0.5333333333333333,0.4166666666666667,2.490666666666667,0.005318555555555557
0.07692307692307693,0.5333333333333333,0.5333333333333333,0.6153846153846154,2.7013333333333334,0.0
0.1,0.535,0.5333333333333333,0.3,2.030666666666667,0.0
0.07692307692307693,0.5233333333333333,0.5266666666666667,0.5384615384615384,2.63,0.0018840000000000102
0.1111111111111111,0.5366666666666667,0.5333333333333333,0.3333333333333333,1.7606666666666666,0.0
0.05263157894736842,0.5366666666666667,0.5333333333333333,0.47368421052631576,3.739333333333333,0.16162014814814818
0.0625,0.5416666666666666,0.5333333333333333,0.5625,3.2733333333333334,0.07844537037037037
0.16666666666666666,0.375,0.5166666666666667,0.0,1.082,0.0
0.07692307692307693,0.5466666666666666,0.5266666666666667,0.46153846153846156,2.8813333333333335,0.09100177777777778
0.0625,0.5416666666666666,0.5166666666666667,0.375,3.468,0.20774722222222222
0.16666666666666666,0.5083333333333333,0.5,0.3333333333333333,1.208,0.0
0.2,0.53,0.5,0.4,0.912,0.0
0.5,0.48000000000000004,0.4766666666666667,0.5,0.34,0.0
0.16666666666666666,0.5283333333333334,0.5333333333333333,0.3333333333333333,2.461333333333333,0.0
0.08333333333333333,0.5483333333333333,0.5333333333333333,0.5,2.6626666666666665,0.01997151851851853
0.07142857142857142,0.545,0.5333333333333333,0.5714285714285714,3.0473333333333334,0.07575500000000002
0.2,0.5633333333333332,0.5466666666666666,0.6,1.332,0.0
0.14285714285714285,0.5533333333333333,0.56,0.5714285714285714,1.8226666666666667,0.0
0.16666666666666666,0.5416666666666666,0.48333333333333334,0.6666666666666666,1.272,0.0
0.14285714285714285,0.5333333333333333,0.49333333333333335,0.7142857142857143,1.552,0.0
0.2,0.5633333333333332,0.5866666666666667,0.6,1.204,0.0
0.058823529411764705,0.5399999999999999,0.5666666666666667,0.7058823529411765,3.9113333333333333,0.19220399999999996
0.125,0.5483333333333333,0.5766666666666667,0.625,1.9166666666666667,0.0
0.14285714285714285,0.5333333333333333,0.52,0.5714285714285714,1.52,0.0
0.08333333333333333,0.5333333333333333,0.5633333333333332,0.6666666666666666,2.816666666666667,0.03986962962962964
0.25,0.5116666666666666,0.5566666666666666,0.75,0.898,0.0
0.08333333333333333,0.5333333333333333,0.5333333333333333,0.5,2.582666666666667,0.0018607407407407479
0.14285714285714285,0.52,0.5333333333333333,0.5714285714285714,1.4373333333333334,0.0
0.14285714285714285,0.5466666666666666,0.5066666666666667,0.42857142857142855,1.4853333333333334,0.0
0.1111111111111111,0.5399999999999999,0.5399999999999999,0.4444444444444444,1.976,0.0
0.1,0.5366666666666667,0.5366666666666667,0.4,2.246,0.0
0.09090909090909091,0.55,0.5333333333333333,0.45454545454545453,2.3673333333333333,0.0
0.08333333333333333,0.5950000000000001,0.5333333333333333,0.5,2.727333333333333,0.03875433333333335
0.07142857142857142,0.5850000000000001,0.5333333333333333,0.5,2.998,0.07978100000000002
0.16666666666666666,0.575,0.45,0.6666666666666666,1.22,0.0
0.1,0.5399999999999999,0.5333333333333333,0.5,2.187333333333333,0.0
0.14285714285714285,0.5033333333333334,0.5333333333333333,0.42857142857142855,1.5566666666666666,0.0
0.09090909090909091,0.5333333333333333,0.5333333333333333,0.45454545454545453,2.457333333333333,0.0
0.1111111111111111,0.6,0.5399999999999999,0.5555555555555556,1.9666666666666666,0.0
0.09090909090909091,0.6,0.5333333333333333,0.5454545454545454,2.2373333333333334,0.0
0.0625,0.5416666666666666,0.5333333333333333,0.375,3.416,0.1465148148148148
0.0625,0.5166666666666667,0.5,0.5625,3.3706666666666667,0.11303518518518521
0.058823529411764705,0.5166666666666667,0.5,0.5882352941176471,3.538666666666667,0.13328851851851856
0.09090909090909091,0.5166666666666667,0.5,0.5454545454545454,2.102,0.0
0.14285714285714285,0.5233333333333333,0.5066666666666667,0.5714285714285714,1.3546666666666667,0.0
0.09090909090909091,0.5166666666666667,0.5,0.45454545454545453,1.9546666666666668,0.0
0.09090909090909091,0.5166666666666667,0.5,0.5454545454545454,2.437333333333333,0.0
0.14285714285714285,0.4966666666666667,0.5,0.5714285714285714,1.5293333333333334,0.0
0.06666666666666667,0.5333333333333333,0.4533333333333333,0.5333333333333333,2.724666666666667,0.0
0.05555555555555555,0.5333333333333333,0.4766666666666667,0.5,3.203333333333333,0.03589925925925927
0.16666666666666666,0.525,0.5166666666666667,0.3333333333333333,1.3713333333333333,0.0
0.05555555555555555,0.5333333333333333,0.5,0.6111111111111112,3.524,0.08238222222222222
0.16666666666666666,0.525,0.5166666666666667,0.0,1.0506666666666666,0.0
0.07692307692307693,0.5333333333333333,0.5,0.46153846153846156,2.759333333333333,0.03408592592592593
0.0625,0.5333333333333333,0.5,0.375,3.346,0.1498548148148148
0.2,0.5183333333333333,0.5033333333333333,0.3,1.8426666666666667,0.0
0.125,0.5333333333333333,0.5,0.3125,3.0873333333333335,0.09854814814814815
0.125,0.5383333333333333,0.5,0.375,1.826,0.0
0.18181818181818182,0.5166666666666667,0.5,0.36363636363636365,1.9253333333333333,0.0
0.2,0.5183333333333333,0.5033333333333333,0.4,1.7346666666666666,0.0
0.25,0.5633333333333332,0.56,0.5,0.9253333333333333,0.0
0.16666666666666666,0.5583333333333333,0.5333333333333333,0.6666666666666666,1.38,0.0
0.07692307692307693,0.5166666666666667,0.5,0.5384615384615384,2.7506666666666666,0.011205925925925932
0.1,0.5383333333333333,0.51,0.6,2.1386666666666665,0.0
0.1111111111111111,0.5433333333333333,0.52,0.5555555555555556,1.8586666666666667,0.0
0.16666666666666666,0.525,0.48333333333333334,0.5,1.2053333333333334,0.0
0.1,0.5166666666666667,0.5366666666666667,0.5,2.0966666666666667,0.0
0.07142857142857142,0.5333333333333333,0.5466666666666667,0.6428571428571429,2.8526666666666665,0.012930370370370377
0.1,0.5233333333333333,0.5666666666666667,0.7,2.424,0.0
0.125,0.5883333333333333,0.5299999999999999,0.75,2.1946666666666665,0.0
0.5,0.36833333333333335,0.4533333333333333,0.5,0.308,0.0
0.09090909090909091,0.5333333333333333,0.5,0.6363636363636364,2.3013333333333335,0.0
0.16666666666666666,0.43333333333333335,0.43333333333333335,0.3333333333333333,0.93,0.0
0.08333333333333333,0.5166666666666667,0.53,0.4166666666666667,2.5033333333333334,0.0
0.125,0.5216666666666667,0.42,0.5,1.3846666666666667,0.0
0.07692307692307693,0.5833333333333334,0.5266666666666667,0.46153846153846156,2.8633333333333333,0.04420370370370372
0.14285714285714285,0.6,0.5466666666666666,0.42857142857142855,1.598,0.0
0.1,0.4883333333333333,0.5366666666666667,0.4,2.1746666666666665,0.0
0.058823529411764705,0.5333333333333333,0.5333333333333333,0.47058823529411764,3.5353333333333334,0.19960888888888886
0.08333333333333333,0.5316666666666666,0.5333333333333333,0.3333333333333333,2.4406666666666665,0.0
0.06666666666666667,0.5333333333333333,0.5333333333333333,0.4666666666666667,2.994,0.08274962962962965
0.125,0.5216666666666667,0.5433333333333333,0.125,1.4733333333333334,0.0
0.058823529411764705,0.5233333333333333,0.5,0.5294117647058824,3.322,0.09353711111111113
0.3333333333333333,0.49333333333333335,0.56,0.0,0.718,0.0
0.13333333333333333,0.5133333333333333,0.5,0.3333333333333333,3.216,0.17768177777777777
0.1,0.535,0.5066666666666666,0.4,2.088,0.0
0.15384615384615385,0.5233333333333333,0.5,0.3076923076923077,2.6746666666666665,0.06647496296296297
0.18181818181818182,0.48333333333333334,0.5,0.36363636363636365,2.3186666666666667,0.0
0.3333333333333333,0.44,0.5533333333333333,0.3333333333333333,0.5746666666666667,0.0
0.5,0.33,0.56,0.0,0.4066666666666667,0.0
0.125,0.5383333333333333,0.52,0.125,1.7593333333333334,0.0
0.14285714285714285,0.5333333333333333,0.5466666666666666,0.5714285714285714,1.6186666666666667,0.0
0.14285714285714285,0.5533333333333333,0.58,0.8571428571428571,1.6826666666666668,0.0
0.07692307692307693,0.48333333333333334,0.56,0.6153846153846154,2.8306666666666667,0.03571296296296297
0.1111111111111111,0.52,0.52,0.6666666666666666,2.044,0.0
0.1111111111111111,0.53,0.5666666666666667,0.6666666666666666,2.06,0.0
0.1,0.5383333333333333,0.5700000000000001,0.8,2.3706666666666667,0.0
0.25,0.5516666666666666,0.5266666666666667,0.5,0.842,0.0
0.14285714285714285,0.48333333333333334,0.5266666666666667,0.5714285714285714,1.3566666666666667,0.0
0.08333333333333333,0.5816666666666667,0.56,0.6666666666666666,3.1093333333333333,0.10560481481481483
0.1111111111111111,0.5266666666666667,0.5133333333333333,0.5555555555555556,2.009333333333333,0.0
0.07692307692307693,0.58,0.5533333333333333,0.6153846153846154,3.2306666666666666,0.12875999999999999
0.07142857142857142,0.5783333333333334,0.5466666666666667,0.6428571428571429,3.3986666666666667,0.15106066666666668
0.25,0.4666666666666667,0.4233333333333333,0.5,0.6933333333333334,0.0
0.07142857142857142,0.5750000000000001,0.5566666666666668,0.5,3.188,0.13782111111111114
0.125,0.5416666666666666,0.52,0.625,1.63,0.0
0.14285714285714285,0.55,0.5,0.5714285714285714,1.5946666666666667,0.0
0.2,0.5666666666666667,0.5133333333333333,0.6,1.004,0.0
0.09090909090909091,0.6,0.5666666666666667,0.45454545454545453,2.291333333333333,0.0
0.125,0.49333333333333335,0.5,0.5,1.7113333333333334,0.0
0.3333333333333333,0.5833333333333334,0.5333333333333333,0.6666666666666666,0.7146666666666667,0.0
0.14285714285714285,0.6,0.5666666666666667,0.42857142857142855,1.7313333333333334,0.0
0.14285714285714285,0.4333333333333334,0.5333333333333333,0.0,1.374,0.0
0.07692307692307693,0.5333333333333333,0.5266666666666667,0.07692307692307693,2.606,0.08846222222222222
0.07142857142857142,0.545,0.5,0.42857142857142855,2.8313333333333333,0.04610700000000001
0.07142857142857142,0.5333333333333333,0.5333333333333333,0.14285714285714285,2.9473333333333334,0.11880296296296297
0.07692307692307693,0.5466666666666666,0.5,0.38461538461538464,2.49,0.01514874074074075
0.25,0.5683333333333334,0.58,0.5,1.1913333333333334,0.0
0.1,0.5850000000000001,0.5333333333333333,0.6,2.026,0.0
0.08333333333333333,0.5783333333333334,0.5233333333333333,0.6666666666666666,2.4106666666666667,0.0
0.09090909090909091,0.5833333333333334,0.5333333333333333,0.5454545454545454,2.552,0.0
0.1,0.5850000000000001,0.5399999999999999,0.5,2.272,0.0
0.16666666666666666,0.5583333333333333,0.5833333333333334,0.5,1.496,0.0
0.05555555555555555,0.5483333333333335,0.5666666666666667,0.6666666666666666,3.740666666666667,0.1169777777777778
0.09090909090909091,0.5333333333333333,0.5666666666666667,0.45454545454545453,2.3713333333333333,0.0028444444444444567
0.08333333333333333,0.5766666666666667,0.5633333333333332,0.75,2.501333333333333,0.0
0.06666666666666667,0.5633333333333332,0.5533333333333333,0.6,3.266,0.1273133333333333
0.07692307692307693,0.5733333333333335,0.56,0.5384615384615384,2.8566666666666665,0.06699081481481484
0.1111111111111111,0.53,0.5666666666666667,0.6666666666666666,1.948,0.0
0.125,0.5533333333333333,0.48666666666666664,0.75,1.5133333333333334,0.0
0.14285714285714285,0.59,0.5400000000000001,0.7142857142857143,1.7186666666666666,0.0
0.2,0.46,0.52,0.2,0.916,0.0
0.0625,0.6,0.5333333333333333,0.5,3.2693333333333334,0.08069333333333333
0.08333333333333333,0.5316666666666666,0.5333333333333333,0.16666666666666666,2.3986666666666667,0.00942822222222223
0.09090909090909091,0.6,0.5333333333333333,0.5454545454545454,2.102,0.0
0.1111111111111111,0.5333333333333333,0.5333333333333333,0.2222222222222222,1.7233333333333334,0.0
0.14285714285714285,0.5333333333333333,0.5333333333333333,0.14285714285714285,1.4526666666666668,0.0
0.07142857142857142,0.6,0.5233333333333333,0.5714285714285714,2.732666666666667,0.0
0.0625,0.5666666666666667,0.5333333333333333,0.375,3.2933333333333334,0.13509333333333334
0.1111111111111111,0.6,0.5399999999999999,0.4444444444444444,1.9086666666666667,0.0
0.1111111111111111,0.5566666666666666,0.52,0.3333333333333333,2.232666666666667,0.0
0.14285714285714285,0.5133333333333334,0.5333333333333333,0.42857142857142855,1.408,0.0
0.07142857142857142,0.545,0.5566666666666668,0.42857142857142855,3.1926666666666668,0.12622200000000003
0.5,0.36000000000000004,0.49,0.0,0.356,0.0
0.125,0.56,0.5766666666666667,0.5,1.9506666666666668,0.0
0.09090909090909091,0.5166666666666667,0.5666666666666667,0.45454545454545453,2.4266666666666667,0.0
0.07692307692307693,0.53,0.5666666666666667,0.5384615384615384,2.8586666666666667,0.030916666666666676
0.16666666666666666,0.5483333333333333,0.56,0.5,2.756,0.07713222222222223
0.2,0.5533333333333333,0.5700000000000001,0.4,2.3466666666666667,0.01743614814814816
0.08333333333333333,0.58,0.53,0.4166666666666667,2.9633333333333334,0.11335777777777777
0.1,0.5850000000000001,0.5700000000000001,0.5,2.6193333333333335,0.039273000000000016
0.08333333333333333,0.5816666666666667,0.56,0.4166666666666667,3.0153333333333334,0.13203833333333334
0.3333333333333333,0.36666666666666664,0.52,0.3333333333333333,0.5106666666666667,0.0
0.1,0.525,0.5366666666666667,0.2,2.0273333333333334,0.0
0.07692307692307693,0.5466666666666666,0.5266666666666667,0.23076923076923078,2.783333333333333,0.08367644444444444
0.14285714285714285,0.5399999999999999,0.5,0.14285714285714285,1.496,0.0
0.125,0.6,0.5433333333333333,0.375,1.8006666666666666,0.0
0.14285714285714285,0.5433333333333333,0.58,0.8571428571428571,1.8226666666666667,0.0
0.16666666666666666,0.5583333333333333,0.5666666666666667,0.5,1.3353333333333333,0.0
0.25,0.5483333333333333,0.5033333333333334,0.25,0.9033333333333333,0.0
0.08333333333333333,0.5783333333333334,0.5966666666666666,0.9166666666666666,3.0606666666666666,0.021115592592592606
0.09090909090909091,0.5833333333333334,0.5666666666666667,0.7272727272727273,2.526,0.0
0.14285714285714285,0.5433333333333333,0.58,0.8571428571428571,1.8473333333333333,0.0
0.1,0.5833333333333334,0.6,0.9,2.676,0.0
0.1,0.5833333333333334,0.5700000000000001,0.7,2.3966666666666665,0.0
0.16666666666666666,0.575,0.55,0.3333333333333333,1.3006666666666666,0.0
0.125,0.5716666666666667,0.5433333333333333,0.5,1.6853333333333333,0.0
0.1,0.5850000000000001,0.5366666666666667,0.3,2.1686666666666667,0.0
0.25,0.5483333333333333,0.5033333333333334,0.25,0.8813333333333333,0.0
0.08333333333333333,0.5716666666666668,0.5333333333333333,0.4166666666666667,2.5533333333333332,0.0
0.3333333333333333,0.5966666666666666,0.56,1.0,0.908,0.0
0.1111111111111111,0.5866666666666667,0.5733333333333334,0.6666666666666666,2.4113333333333333,0.0
0.08333333333333333,0.5833333333333334,0.5666666666666667,0.75,3.2173333333333334,0.09181666666666669
0.1111111111111111,0.5700000000000001,0.5666666666666667,0.6666666666666666,2.1173333333333333,0.0
0.14285714285714285,0.59,0.6,0.8571428571428571,1.9226666666666667,0.0
0.1111111111111111,0.5333333333333333,0.5399999999999999,0.6666666666666666,1.932,0.0
0.125,0.4583333333333333,0.5433333333333333,0.625,1.572,0.0
0.1,0.6,0.5700000000000001,0.6,2.509333333333333,0.0
0.1111111111111111,0.49,0.5133333333333333,0.5555555555555556,1.952,0.0
0.16666666666666666,0.475,0.55,0.6666666666666666,1.3013333333333332,0.0
0.1,0.5850000000000001,0.5666666666666667,0.7,2.328666666666667,0.0
0.125,0.495,0.5433333333333333,0.375,1.656,0.0
0.5,0.38,0.45666666666666667,0.5,0.36866666666666664,0.0
0.09090909090909091,0.6,0.5666666666666667,0.5454545454545454,2.756,0.028386666666666664
0.125,0.5766666666666667,0.5666666666666667,0.375,1.718,0.0
0.09090909090909091,0.5333333333333333,0.5333333333333333,0.5454545454545454,2.3866666666666667,0.0
0.07692307692307693,0.5166666666666667,0.49333333333333335,0.5384615384615384,2.570666666666667,0.0
0.1,0.48666666666666664,0.5066666666666666,0.6,2.204,0.0
0.07692307692307693,0.5333333333333333,0.5266666666666667,0.46153846153846156,2.508,0.0
0.125,0.5883333333333333,0.5766666666666667,0.75,2.14,0.0
0.1,0.6,0.5366666666666667,0.5,2.1813333333333333,0.0
0.08333333333333333,0.53,0.53,0.5,2.3826666666666667,0.0
0.07142857142857142,0.5166666666666667,0.49000000000000005,0.5,2.566666666666667,0.0
0.09090909090909091,0.48333333333333334,0.5,0.5454545454545454,2.2,0.0
0.07142857142857142,0.5333333333333333,0.5233333333333333,0.42857142857142855,2.504,0.0
0.09090909090909091,0.5333333333333333,0.5,0.18181818181818182,2.0766666666666667,0.0
0.09090909090909091,0.5333333333333333,0.5666666666666667,0.7272727272727273,2.4,0.0
0.1111111111111111,0.5866666666666667,0.5733333333333334,0.6666666666666666,2.136,0.0
0.09090909090909091,0.6,0.5333333333333333,0.45454545454545453,2.1773333333333333,0.0
0.15384615384615385,0.5466666666666666,0.5266666666666667,0.5384615384615384,2.666,0.0
0.08333333333333333,0.5166666666666667,0.5,0.5833333333333334,2.4833333333333334,0.0
0.06666666666666667,0.5433333333333333,0.52,0.4666666666666667,2.787333333333333,0.002680444444444451
0.1,0.5833333333333334,0.5399999999999999,0.7,2.3433333333333333,0.0
0.08333333333333333,0.5483333333333333,0.5666666666666667,0.75,2.683333333333333,0.0
0.1,0.5850000000000001,0.5700000000000001,0.7,2.4193333333333333,0.0
0.08333333333333333,0.5950000000000001,0.53,0.5,2.4606666666666666,0.0
0.07692307692307693,0.5266666666666667,0.5266666666666667,0.46153846153846156,2.816,0.03807214814814816
0.06666666666666667,0.5166666666666667,0.5,0.4666666666666667,3.0,0.03429518518518519
0.08333333333333333,0.4983333333333333,0.5,0.5,2.6333333333333333,0.021129333333333344
0.08333333333333333,0.53,0.5,0.16666666666666666,2.51,0.033955333333333344
0.1,0.5833333333333334,0.5399999999999999,0.6,2.493333333333333,0.0
0.08333333333333333,0.5316666666666666,0.5666666666666667,0.6666666666666666,2.8333333333333335,0.006202777777777788
0.08333333333333333,0.5916666666666667,0.53,0.4166666666666667,2.6106666666666665,0.0
0.08333333333333333,0.53,0.53,0.5833333333333334,2.496,0.0
0.07142857142857142,0.5166666666666667,0.49000000000000005,0.5714285714285714,2.68,0.0
0.07142857142857142,0.5333333333333333,0.5233333333333333,0.5,2.6173333333333333,0.0
0.09090909090909091,0.5333333333333333,0.5,0.2727272727272727,2.19,0.0
0.1111111111111111,0.5833333333333334,0.5466666666666666,0.7777777777777778,2.1733333333333333,0.0
0.09090909090909091,0.5333333333333333,0.5666666666666667,0.8181818181818182,2.513333333333333,0.0
0.1111111111111111,0.5866666666666667,0.5733333333333334,0.7777777777777778,2.2493333333333334,0.0
0.09090909090909091,0.6,0.5333333333333333,0.5454545454545454,2.2906666666666666,0.0
0.09090909090909091,0.5166666666666667,0.4666666666666667,0.6363636363636364,2.074,0.0
0.06666666666666667,0.5166666666666667,0.5,0.5333333333333333,2.9526666666666666,0.04336555555555557
0.3333333333333333,0.4766666666666667,0.5,0.6666666666666666,0.634,0.0
0.08333333333333333,0.48333333333333334,0.53,0.5833333333333334,2.586,0.028978518518518525
0.06666666666666667,0.5333333333333333,0.5333333333333333,0.4666666666666667,2.89,0.05590518518518519
0.08333333333333333,0.5283333333333334,0.53,0.25,2.462666666666667,0.043123740740740754
0.1,0.5833333333333334,0.5399999999999999,0.7,2.446,0.0
0.08333333333333333,0.5316666666666666,0.5666666666666667,0.75,2.786,0.015536481481481486
0.08333333333333333,0.5916666666666667,0.5333333333333333,0.5,2.5633333333333335,0.0
0.1111111111111111,0.5366666666666667,0.5333333333333333,0.5555555555555556,1.9353333333333333,0.0
0.07692307692307693,0.5166666666666667,0.49333333333333335,0.46153846153846156,2.518,0.0
0.1,0.48666666666666664,0.5066666666666666,0.5,2.1513333333333335,0.0
0.07692307692307693,0.5333333333333333,0.5266666666666667,0.38461538461538464,2.4553333333333334,0.0
0.125,0.5833333333333334,0.5533333333333333,0.625,2.0113333333333334,0.0
0.1,0.5383333333333333,0.5700000000000001,0.7,2.3513333333333333,0.0
0.1,0.6,0.5366666666666667,0.4,2.1286666666666667,0.0
0.058823529411764705,0.5233333333333333,0.48000000000000004,0.6470588235294118,3.4206666666666665,0.06481192592592593
0.14285714285714285,0.52,0.5333333333333333,0.42857142857142855,1.422,0.0
0.06666666666666667,0.5266666666666667,0.48666666666666664,0.5333333333333333,3.0313333333333334,0.04378355555555557
0.16666666666666666,0.5133333333333333,0.5,0.5833333333333334,2.6646666666666667,0.030366518518518525
0.06666666666666667,0.5333333333333333,0.52,0.4666666666666667,2.9686666666666666,0.055478518518518524
0.1,0.5833333333333334,0.5399999999999999,0.7,2.5246666666666666,0.0
0.1,0.5850000000000001,0.5700000000000001,0.7,2.6006666666666667,0.0
0.08333333333333333,0.5933333333333334,0.53,0.5,2.642,0.0
0.0625,0.5083333333333333,0.5333333333333333,0.625,3.1986666666666665,0.04232722222222223
0.07142857142857142,0.5166666666666667,0.5233333333333333,0.5,2.8093333333333335,0.021987037037037045
0.07142857142857142,0.5333333333333333,0.5333333333333333,0.42857142857142855,2.7466666666666666,0.033837037037037034
0.1111111111111111,0.5833333333333334,0.5466666666666666,0.6666666666666666,2.3026666666666666,0.0
0.09090909090909091,0.5333333333333333,0.5666666666666667,0.7272727272727273,2.6426666666666665,0.0
0.09090909090909091,0.6,0.5333333333333333,0.45454545454545453,2.42,0.0
0.1111111111111111,0.5366666666666667,0.5333333333333333,0.5555555555555556,1.8646666666666667,0.0
0.06666666666666667,0.51,0.5,0.6,2.978,0.0055533333333333355
0.07692307692307693,0.5166666666666667,0.5,0.46153846153846156,2.5886666666666667,0.0
1.0,0.45,0.5,0.0,0.27,0.0
0.1,0.48666666666666664,0.5066666666666666,0.5,2.222,0.0
0.07692307692307693,0.5333333333333333,0.5266666666666667,0.38461538461538464,2.526,0.0
0.1,0.535,0.5033333333333333,0.1,2.0986666666666665,0.0
0.125,0.5833333333333334,0.5533333333333333,0.625,2.082,0.0
0.125,0.5883333333333333,0.5766666666666667,0.625,2.158,0.0
0.125,0.5333333333333333,0.48333333333333334,0.625,3.01,0.0
0.14285714285714285,0.5283333333333334,0.49000000000000005,0.5,2.6206666666666667,0.0
0.09090909090909091,0.5166666666666667,0.5,0.5454545454545454,2.254,0.0
0.07142857142857142,0.545,0.5233333333333333,0.42857142857142855,2.558,0.0
0.18181818181818182,0.55,0.5,0.18181818181818182,2.1306666666666665,0.0
0.1111111111111111,0.5833333333333334,0.5466666666666666,0.6666666666666666,2.114,0.0
0.09090909090909091,0.55,0.5666666666666667,0.7272727272727273,2.454,0.0
0.09090909090909091,0.6,0.5333333333333333,0.45454545454545453,2.231333333333333,0.0
0.1111111111111111,0.5366666666666667,0.5333333333333333,0.4444444444444444,1.9746666666666666,0.0
0.06666666666666667,0.51,0.48666666666666664,0.6666666666666666,2.868,0.0
0.07692307692307693,0.5166666666666667,0.49333333333333335,0.5384615384615384,2.478666666666667,0.0
0.07692307692307693,0.5333333333333333,0.5266666666666667,0.46153846153846156,2.416,0.0
0.125,0.5833333333333334,0.5533333333333333,0.75,1.972,0.0
0.1,0.5383333333333333,0.5700000000000001,0.8,2.312,0.0
0.1,0.6,0.5366666666666667,0.5,2.0893333333333333,0.0
0.058823529411764705,0.5166666666666667,0.48000000000000004,0.5882352941176471,3.2133333333333334,0.04217148148148149
0.3333333333333333,0.46,0.4533333333333333,0.3333333333333333,0.5053333333333333,0.0
0.08333333333333333,0.5133333333333333,0.5,0.5,2.457333333333333,0.008692444444444456
0.06666666666666667,0.5333333333333333,0.52,0.4,2.7613333333333334,0.03296000000000001
0.16666666666666666,0.5316666666666666,0.5,0.16666666666666666,2.334,0.020522333333333344
0.1,0.5833333333333334,0.5399999999999999,0.6,2.3173333333333335,0.0
0.08333333333333333,0.5316666666666666,0.5666666666666667,0.6666666666666666,2.6573333333333333,0.0
0.1,0.5850000000000001,0.5700000000000001,0.6,2.3933333333333335,0.0
0.08333333333333333,0.5916666666666667,0.53,0.4166666666666667,2.4346666666666668,0.0
0.0625,0.525,0.48333333333333334,0.6875,3.1626666666666665,0.00558833333333334
0.08333333333333333,0.5333333333333333,0.53,0.5833333333333334,2.5893333333333333,0.0
0.07142857142857142,0.5333333333333333,0.5233333333333333,0.5,2.7106666666666666,0.0
0.09090909090909091,0.5333333333333333,0.5,0.2727272727272727,2.283333333333333,0.0
0.1111111111111111,0.5833333333333334,0.5466666666666666,0.7777777777777778,2.2666666666666666,0.0
0.09090909090909091,0.5333333333333333,0.5666666666666667,0.8181818181818182,2.6066666666666665,0.0
0.09090909090909091,0.6,0.5333333333333333,0.5454545454545454,2.384,0.0
0.07692307692307693,0.53,0.5266666666666667,0.46153846153846156,2.6133333333333333,0.00769088888888889
0.08333333333333333,0.5316666666666666,0.5,0.16666666666666666,2.3073333333333332,0.003343592592592598
0.1,0.5833333333333334,0.5399999999999999,0.6,2.2906666666666666,0.0
0.08333333333333333,0.5316666666666666,0.5666666666666667,0.6666666666666666,2.6306666666666665,0.0
0.1,0.5850000000000001,0.5700000000000001,0.6,2.3666666666666667,0.0
0.08333333333333333,0.5916666666666667,0.53,0.4166666666666667,2.408,0.0
0.058823529411764705,0.5166666666666667,0.5,0.6470588235294118,3.494666666666667,0.08027851851851853
0.07692307692307693,0.53,0.5266666666666667,0.5384615384615384,2.921333333333333,0.06390622222222223
0.13333333333333333,0.5333333333333333,0.52,0.4666666666666667,3.042666666666667,0.0722962962962963
0.08333333333333333,0.5316666666666666,0.5,0.25,2.6153333333333335,0.05973570370370371
0.1,0.5833333333333334,0.5399999999999999,0.7,2.5986666666666665,0.0
0.08333333333333333,0.5916666666666667,0.53,0.5,2.716,0.017092592592592604
0.06666666666666667,0.51,0.48666666666666664,0.6,2.8013333333333335,0.0
0.09090909090909091,0.5333333333333333,0.5333333333333333,0.45454545454545453,2.228,0.0
0.1,0.535,0.5033333333333333,0.1,1.922,0.0
0.125,0.5833333333333334,0.5533333333333333,0.625,1.9053333333333333,0.0
0.1,0.5383333333333333,0.5700000000000001,0.7,2.2453333333333334,0.0
0.125,0.5883333333333333,0.5766666666666667,0.625,1.9813333333333334,0.0
0.1,0.6,0.5366666666666667,0.4,2.022666666666667,0.0
0.06666666666666667,0.5166666666666667,0.48666666666666664,0.6666666666666666,2.9766666666666666,0.0
0.09090909090909091,0.5333333333333333,0.5333333333333333,0.5454545454545454,2.4033333333333333,0.0
0.07692307692307693,0.5166666666666667,0.49333333333333335,0.5384615384615384,2.5873333333333335,0.0
0.07692307692307693,0.5333333333333333,0.5266666666666667,0.46153846153846156,2.5246666666666666,0.0
0.1,0.535,0.5033333333333333,0.2,2.0973333333333333,0.0
0.125,0.5833333333333334,0.5533333333333333,0.75,2.0806666666666667,0.0
0.1,0.5383333333333333,0.5700000000000001,0.8,2.4206666666666665,0.0
0.125,0.5883333333333333,0.5766666666666667,0.75,2.1566666666666667,0.0
0.1,0.6,0.5366666666666667,0.5,2.198,0.0
0.0625,0.5083333333333333,0.5,0.625,3.2493333333333334,0.06659166666666666
0.16666666666666666,0.53,0.53,0.5,2.676,0.050986000000000004
0.07142857142857142,0.5166666666666667,0.5,0.5,2.86,0.04664925925925927
0.5,0.48333333333333334,0.49333333333333335,0.5,0.5413333333333333,0.0
0.07142857142857142,0.5333333333333333,0.5233333333333333,0.42857142857142855,2.7973333333333334,0.05929481481481482
0.09090909090909091,0.5333333333333333,0.5,0.18181818181818182,2.37,0.04692148148148149
0.1111111111111111,0.5833333333333334,0.5466666666666666,0.6666666666666666,2.3533333333333335,0.0
0.09090909090909091,0.5333333333333333,0.5666666666666667,0.7272727272727273,2.6933333333333334,0.018974814814814823
0.1111111111111111,0.5866666666666667,0.5733333333333334,0.6666666666666666,2.429333333333333,0.0
0.09090909090909091,0.6,0.5333333333333333,0.45454545454545453,2.470666666666667,0.0027066666666666793
0.058823529411764705,0.5066666666666666,0.5,0.6470588235294118,3.334,0.04512711111111111
0.07692307692307693,0.5266666666666667,0.5266666666666667,0.5384615384615384,2.760666666666667,0.028580444444444457
0.06666666666666667,0.5166666666666667,0.5,0.5333333333333333,2.9446666666666665,0.024983703703703713
0.06666666666666667,0.5333333333333333,0.52,0.4666666666666667,2.882,0.03693037037037037
0.16666666666666666,0.5283333333333334,0.5,0.25,2.4546666666666668,0.02432681481481482
0.08333333333333333,0.5316666666666666,0.5666666666666667,0.75,2.778,0.0
0.1,0.5850000000000001,0.5700000000000001,0.7,2.514,0.0
0.08333333333333333,0.5916666666666667,0.53,0.5,2.5553333333333335,0.0
0.125,0.49333333333333335,0.52,0.625,1.8306666666666667,0.0
0.06666666666666667,0.51,0.48666666666666664,0.6,2.8293333333333335,0.0
0.09090909090909091,0.5333333333333333,0.5333333333333333,0.45454545454545453,2.256,0.0
0.07692307692307693,0.5166666666666667,0.49333333333333335,0.46153846153846156,2.44,0.0
0.07692307692307693,0.5333333333333333,0.5266666666666667,0.38461538461538464,2.3773333333333335,0.0
0.1,0.535,0.5033333333333333,0.1,1.95,0.0
0.125,0.5833333333333334,0.5533333333333333,0.625,1.9333333333333333,0.0
0.1,0.5383333333333333,0.5700000000000001,0.7,2.2733333333333334,0.0
0.125,0.5883333333333333,0.5766666666666667,0.625,2.009333333333333,0.0
0.1,0.6,0.5366666666666667,0.4,2.050666666666667,0.0
0.125,0.49333333333333335,0.52,0.5,1.784,0.0
0.06666666666666667,0.51,0.48666666666666664,0.6666666666666666,2.876,0.0
0.09090909090909091,0.5333333333333333,0.5333333333333333,0.5454545454545454,2.3026666666666666,0.0
0.07692307692307693,0.5166666666666667,0.49333333333333335,0.5384615384615384,2.486666666666667,0.0
1.0,0.4666666666666667,0.3,1.0,0.168,0.0
0.07692307692307693,0.5333333333333333,0.5266666666666667,0.46153846153846156,2.424,0.0
0.125,0.5833333333333334,0.5533333333333333,0.75,1.98,0.0
0.1,0.5383333333333333,0.5700000000000001,0.8,2.32,0.0
0.125,0.5883333333333333,0.5766666666666667,0.75,2.056,0.0
0.1,0.6,0.5366666666666667,0.5,2.0973333333333333,0.0
0.09090909090909091,0.5333333333333333,0.5333333333333333,0.45454545454545453,2.3613333333333335,0.0
0.07692307692307693,0.5166666666666667,0.5,0.46153846153846156,2.5453333333333332,0.0
1.0,0.3333333333333333,0.5666666666666667,0.0,0.22666666666666666,0.0
0.07692307692307693,0.5333333333333333,0.5333333333333333,0.38461538461538464,2.482666666666667,0.0
0.1,0.535,0.5366666666666667,0.1,2.0553333333333335,0.0
0.125,0.5833333333333334,0.5766666666666667,0.625,2.038666666666667,0.0
0.1,0.5383333333333333,0.5700000000000001,0.7,2.3786666666666667,0.0
0.1,0.6,0.5666666666666667,0.4,2.156,0.0
0.1,0.5399999999999999,0.4433333333333333,0.5,1.7646666666666666,0.0
0.0625,0.525,0.5166666666666667,0.5625,3.199333333333333,0.07484166666666668
0.08333333333333333,0.5333333333333333,0.5333333333333333,0.4166666666666667,2.626,0.057469629629629634
0.07142857142857142,0.5283333333333334,0.5,0.42857142857142855,2.81,0.053807814814814836
0.09090909090909091,0.5166666666666667,0.5333333333333333,0.45454545454545453,2.4433333333333334,0.04023111111111112
0.09090909090909091,0.5333333333333333,0.5333333333333333,0.09090909090909091,2.32,0.053084444444444455
0.1111111111111111,0.5833333333333334,0.5466666666666666,0.5555555555555556,2.3033333333333332,0.0
0.09090909090909091,0.5333333333333333,0.5666666666666667,0.6363636363636364,2.6433333333333335,0.025137777777777776
0.1111111111111111,0.5866666666666667,0.5733333333333334,0.5555555555555556,2.3793333333333333,0.0
0.09090909090909091,0.6,0.5333333333333333,0.36363636363636365,2.4206666666666665,0.009640000000000004
0.058823529411764705,0.5166666666666667,0.48000000000000004,0.5294117647058824,3.174,0.03524814814814816
0.1111111111111111,0.5466666666666666,0.5333333333333333,0.5555555555555556,1.79,0.0
0.07692307692307693,0.53,0.5266666666666667,0.38461538461538464,2.6006666666666667,0.01771377777777779
0.13333333333333333,0.5166666666666667,0.48666666666666664,0.4,2.784666666666667,0.014214074074074082
0.3333333333333333,0.47,0.39333333333333337,0.0,0.466,0.0
0.08333333333333333,0.5133333333333333,0.5,0.4166666666666667,2.418,0.0018137777777777774
0.08333333333333333,0.5316666666666666,0.5,0.08333333333333333,2.2946666666666666,0.013397999999999998
0.1,0.5833333333333334,0.5399999999999999,0.5,2.278,0.0
0.08333333333333333,0.5316666666666666,0.5666666666666667,0.5833333333333334,2.618,0.0
0.1,0.5850000000000001,0.5700000000000001,0.5,2.354,0.0
0.08333333333333333,0.5916666666666667,0.53,0.3333333333333333,2.3953333333333333,0.0
0.06666666666666667,0.5266666666666667,0.52,0.6666666666666666,3.0493333333333332,0.0
0.09090909090909091,0.5333333333333333,0.5333333333333333,0.5454545454545454,2.476,0.0
0.07692307692307693,0.53,0.5,0.5384615384615384,2.66,0.0
1.0,0.5333333333333333,0.5333333333333333,1.0,0.3413333333333333,0.0
0.1,0.5183333333333333,0.5366666666666667,0.6,2.2933333333333334,0.0
0.1,0.535,0.5333333333333333,0.2,2.17,0.0
0.125,0.5833333333333334,0.5533333333333333,0.75,2.1533333333333333,0.0
0.1,0.5383333333333333,0.5700000000000001,0.8,2.493333333333333,0.0
0.125,0.5883333333333333,0.5766666666666667,0.75,2.2293333333333334,0.0
0.1,0.6,0.5366666666666667,0.5,2.2706666666666666,0.0
0.1111111111111111,0.5333333333333333,0.5333333333333333,0.2222222222222222,1.7026666666666668,0.0
0.058823529411764705,0.53,0.48000000000000004,0.7058823529411765,3.2613333333333334,0.04010333333333334
0.06666666666666667,0.5266666666666667,0.48666666666666664,0.6,2.872,0.018409925925925937
0.08333333333333333,0.5133333333333333,0.5,0.6666666666666666,2.505333333333333,0.005635259259259261
0.1,0.5850000000000001,0.5399999999999999,0.8,2.3653333333333335,0.0
0.08333333333333333,0.5783333333333334,0.5666666666666667,0.8333333333333334,2.7053333333333334,0.0
0.1,0.6,0.5700000000000001,0.8,2.441333333333333,0.0
0.06666666666666667,0.5166666666666667,0.48666666666666664,0.4666666666666667,2.7226666666666666,0.0
0.3333333333333333,0.43,0.41333333333333333,0.3333333333333333,0.404,0.0
0.08333333333333333,0.48333333333333334,0.5,0.5,2.356,0.0
0.08333333333333333,0.5266666666666667,0.5,0.16666666666666666,2.232666666666667,0.0
0.1,0.5833333333333334,0.5399999999999999,0.6,2.216,0.0
0.08333333333333333,0.5316666666666666,0.5666666666666667,0.6666666666666666,2.556,0.0
0.1,0.5850000000000001,0.5700000000000001,0.6,2.292,0.0
0.06666666666666667,0.51,0.5,0.6,2.888,0.0009633333333333452
0.09090909090909091,0.5333333333333333,0.5333333333333333,0.45454545454545453,2.3146666666666667,0.0
0.07692307692307693,0.5166666666666667,0.5,0.46153846153846156,2.498666666666667,0.0
1.0,0.3,0.5,0.0,0.18,0.0
0.1,0.48666666666666664,0.5066666666666666,0.5,2.132,0.0
0.07692307692307693,0.5333333333333333,0.5266666666666667,0.38461538461538464,2.436,0.0
0.1,0.5383333333333333,0.5700000000000001,0.7,2.332,0.0
0.1,0.6,0.5366666666666667,0.4,2.1093333333333333,0.0
0.16666666666666666,0.36666666666666664,0.5166666666666667,0.0,1.0626666666666666,0.0
0.058823529411764705,0.5399999999999999,0.5,0.5882352941176471,3.474,0.099552
0.06666666666666667,0.5333333333333333,0.5,0.4666666666666667,3.0846666666666667,0.07661037037037038
0.08333333333333333,0.5316666666666666,0.5,0.5,2.718,0.06362277777777778
0.06666666666666667,0.5433333333333333,0.52,0.4,3.022,0.08939644444444445
0.08333333333333333,0.5483333333333333,0.5666666666666667,0.6666666666666666,2.918,0.04876511111111112
0.1,0.5850000000000001,0.5700000000000001,0.6,2.654,0.020111000000000007
0.08333333333333333,0.5950000000000001,0.53,0.4166666666666667,2.695333333333333,0.03443066666666668
0.0625,0.5083333333333333,0.5,0.5625,3.104,0.036475740740740746
0.14285714285714285,0.5399999999999999,0.5133333333333333,0.14285714285714285,1.4326666666666668,0.0
0.08333333333333333,0.53,0.53,0.4166666666666667,2.530666666666667,0.019586444444444455
0.07142857142857142,0.5166666666666667,0.5,0.42857142857142855,2.7146666666666666,0.01603962962962964
0.18181818181818182,0.48333333333333334,0.5,0.45454545454545453,2.348,0.003415555555555555
0.07142857142857142,0.5333333333333333,0.5233333333333333,0.35714285714285715,2.652,0.027697777777777776
0.18181818181818182,0.5333333333333333,0.5666666666666667,0.6363636363636364,2.548,0.0
0.1111111111111111,0.5866666666666667,0.5733333333333334,0.5555555555555556,2.284,0.0
0.09090909090909091,0.6,0.5333333333333333,0.36363636363636365,2.3253333333333335,0.0
0.06666666666666667,0.51,0.48666666666666664,0.6,2.8986666666666667,0.0
0.09090909090909091,0.5333333333333333,0.5333333333333333,0.45454545454545453,2.3253333333333335,0.0
0.07692307692307693,0.5166666666666667,0.49333333333333335,0.46153846153846156,2.509333333333333,0.0
0.1,0.48666666666666664,0.5066666666666666,0.5,2.1426666666666665,0.0
0.07692307692307693,0.5333333333333333,0.5266666666666667,0.38461538461538464,2.4466666666666668,0.0
0.125,0.5833333333333334,0.5533333333333333,0.625,2.002666666666667,0.0
0.1,0.5383333333333333,0.5700000000000001,0.7,2.3426666666666667,0.0
0.16666666666666666,0.53,0.5333333333333333,0.4166666666666667,2.4306666666666668,0.0
0.14285714285714285,0.5166666666666667,0.5,0.42857142857142855,2.6146666666666665,0.0
0.5,0.2916666666666667,0.52,0.0,0.296,0.0
0.09090909090909091,0.48333333333333334,0.5333333333333333,0.45454545454545453,2.248,0.0
0.07142857142857142,0.5333333333333333,0.5333333333333333,0.35714285714285715,2.552,0.0
0.09090909090909091,0.5333333333333333,0.5666666666666667,0.6363636363636364,2.448,0.0
0.1111111111111111,0.5866666666666667,0.5733333333333334,0.5555555555555556,2.184,0.0
0.09090909090909091,0.6,0.5333333333333333,0.36363636363636365,2.2253333333333334,0.0
0.058823529411764705,0.53,0.5133333333333333,0.5882352941176471,3.4353333333333333,0.0764848888888889
0.07692307692307693,0.5466666666666666,0.5333333333333333,0.46153846153846156,2.862,0.05986607407407408
0.06666666666666667,0.5266666666666667,0.5,0.4666666666666667,3.046,0.054562666666666676
0.3333333333333333,0.56,0.5133333333333333,0.3333333333333333,0.7273333333333334,0.0
0.06666666666666667,0.5633333333333332,0.5333333333333333,0.4,2.9833333333333334,0.07012874074074074
0.08333333333333333,0.5483333333333333,0.53,0.16666666666666666,2.556,0.05554007407407408
0.08333333333333333,0.5783333333333334,0.5666666666666667,0.6666666666666666,2.8793333333333333,0.02827407407407408
0.1,0.5850000000000001,0.5700000000000001,0.6,2.6153333333333335,0.0
0.0625,0.5083333333333333,0.48333333333333334,0.6875,3.0926666666666667,0.007353888888888897
0.08333333333333333,0.53,0.53,0.5833333333333334,2.5193333333333334,0.0
0.07142857142857142,0.5166666666666667,0.49000000000000005,0.5714285714285714,2.703333333333333,0.0
0.5,0.46166666666666667,0.42,1.0,0.38466666666666666,0.0
0.09090909090909091,0.48333333333333334,0.5,0.6363636363636364,2.3366666666666664,0.0
0.07142857142857142,0.5333333333333333,0.5233333333333333,0.5,2.6406666666666667,0.0
0.09090909090909091,0.5333333333333333,0.5,0.2727272727272727,2.2133333333333334,0.0
0.09090909090909091,0.5333333333333333,0.5666666666666667,0.8181818181818182,2.5366666666666666,0.0
0.1111111111111111,0.5866666666666667,0.5733333333333334,0.7777777777777778,2.272666666666667,0.0
0.09090909090909091,0.6,0.5333333333333333,0.5454545454545454,2.314,0.0
0.06666666666666667,0.51,0.48666666666666664,0.6666666666666666,2.988,0.0
0.09090909090909091,0.5333333333333333,0.5333333333333333,0.5454545454545454,2.4146666666666667,0.0
0.07692307692307693,0.5166666666666667,0.49333333333333335,0.5384615384615384,2.5986666666666665,0.0
0.07692307692307693,0.5333333333333333,0.5266666666666667,0.46153846153846156,2.536,0.0
0.1,0.535,0.5033333333333333,0.2,2.1086666666666667,0.0
0.1,0.5383333333333333,0.5700000000000001,0.8,2.432,0.0
0.125,0.5883333333333333,0.5766666666666667,0.75,2.168,0.0
0.1,0.6,0.5366666666666667,0.5,2.2093333333333334,0.0
0.06666666666666667,0.5366666666666667,0.52,0.6666666666666666,3.128,0.005307037037037039
0.09090909090909091,0.55,0.5333333333333333,0.5454545454545454,2.554666666666667,0.0
0.07692307692307693,0.53,0.5,0.5384615384615384,2.7386666666666666,0.0
0.1,0.5233333333333333,0.5700000000000001,0.6,2.372,0.0
0.07692307692307693,0.5733333333333335,0.5333333333333333,0.46153846153846156,2.676,0.0
0.1,0.5533333333333333,0.5399999999999999,0.2,2.248666666666667,0.0
0.1,0.5833333333333334,0.6,0.8,2.572,0.0
0.25,0.5883333333333333,0.6,0.75,2.308,0.0
0.16666666666666666,0.5583333333333333,0.5833333333333334,0.8333333333333334,1.414,0.0
0.058823529411764705,0.5166666666666667,0.5333333333333333,0.6470588235294118,3.446,0.05684481481481483
0.06666666666666667,0.5166666666666667,0.52,0.5333333333333333,3.0566666666666666,0.035810740740740754
0.08333333333333333,0.5133333333333333,0.5633333333333332,0.5833333333333334,2.69,0.02327111111111111
0.08333333333333333,0.5316666666666666,0.5333333333333333,0.25,2.566666666666667,0.03562166666666666
0.1,0.5833333333333334,0.5700000000000001,0.7,2.55,0.0
0.1,0.5850000000000001,0.5700000000000001,0.7,2.626,0.0
0.08333333333333333,0.5916666666666667,0.5633333333333332,0.5,2.667333333333333,0.0
0.0625,0.5083333333333333,0.48333333333333334,0.6875,3.1173333333333333,0.010697592592592594
0.07142857142857142,0.5166666666666667,0.49000000000000005,0.5714285714285714,2.728,0.0
0.5,0.42833333333333334,0.43,1.0,0.4093333333333333,0.0
0.09090909090909091,0.48333333333333334,0.5,0.6363636363636364,2.3613333333333335,0.0
0.09090909090909091,0.5333333333333333,0.5,0.2727272727272727,2.238,0.0
0.1111111111111111,0.5866666666666667,0.5733333333333334,0.7777777777777778,2.2973333333333334,0.0
0.09090909090909091,0.6,0.5333333333333333,0.5454545454545454,2.3386666666666667,0.0
0.09090909090909091,0.55,0.5333333333333333,0.5454545454545454,2.5313333333333334,0.012393333333333343
0.07692307692307693,0.53,0.5,0.5384615384615384,2.715333333333333,0.008809777777777784
1.0,0.5833333333333334,0.5666666666666667,1.0,0.39666666666666667,0.0
0.1,0.5533333333333333,0.5366666666666667,0.2,2.2253333333333334,0.007918814814814828
0.125,0.5833333333333334,0.5766666666666667,0.75,2.208666666666667,0.0
0.125,0.5883333333333333,0.5766666666666667,0.75,2.284666666666667,0.0
0.14285714285714285,0.59,0.58,0.7142857142857143,1.888,0.0
0.08333333333333333,0.5333333333333333,0.5333333333333333,0.5833333333333334,2.566666666666667,0.0
0.5,0.5133333333333333,0.5700000000000001,1.0,0.432,0.0
0.09090909090909091,0.5166666666666667,0.5666666666666667,0.6363636363636364,2.384,0.0
0.07142857142857142,0.5333333333333333,0.5333333333333333,0.5,2.688,0.0
0.09090909090909091,0.5333333333333333,0.5333333333333333,0.2727272727272727,2.260666666666667,0.0
0.1111111111111111,0.5833333333333334,0.6,0.7777777777777778,2.244,0.0
0.1111111111111111,0.5866666666666667,0.6,0.7777777777777778,2.32,0.0
0.09090909090909091,0.6,0.5666666666666667,0.5454545454545454,2.3613333333333335,0.0
0.06666666666666667,0.51,0.48666666666666664,0.6,2.884,0.0
0.07692307692307693,0.5166666666666667,0.49333333333333335,0.46153846153846156,2.494666666666667,0.0
1.0,0.36666666666666664,0.4,0.0,0.176,0.0
0.1,0.48666666666666664,0.5066666666666666,0.5,2.128,0.0
0.2,0.535,0.5033333333333333,0.1,2.0046666666666666,0.0
0.125,0.5833333333333334,0.5533333333333333,0.625,1.988,0.0
0.125,0.5883333333333333,0.5766666666666667,0.625,2.064,0.0
0.1,0.6,0.5366666666666667,0.4,2.1053333333333333,0.0
0.16666666666666666,0.5916666666666667,0.5833333333333334,0.6666666666666666,1.6733333333333333,0.0
0.06666666666666667,0.51,0.48666666666666664,0.6666666666666666,2.9226666666666667,0.0
0.09090909090909091,0.5333333333333333,0.5333333333333333,0.5454545454545454,2.3493333333333335,0.0
0.07692307692307693,0.5166666666666667,0.49333333333333335,0.5384615384615384,2.533333333333333,0.0
1.0,0.38333333333333336,0.4666666666666667,1.0,0.21466666666666667,0.0
0.1,0.48666666666666664,0.5066666666666666,0.6,2.1666666666666665,0.0
0.07692307692307693,0.5333333333333333,0.5266666666666667,0.46153846153846156,2.470666666666667,0.0
0.1,0.535,0.5033333333333333,0.2,2.0433333333333334,0.0
0.125,0.5833333333333334,0.5533333333333333,0.75,2.026666666666667,0.0
0.1,0.5383333333333333,0.5700000000000001,0.8,2.3666666666666667,0.0
0.1,0.6,0.5366666666666667,0.5,2.144,0.0
0.07692307692307693,0.5766666666666667,0.5333333333333333,0.6153846153846154,3.2346666666666666,0.13633681481481483
0.3333333333333333,0.5966666666666666,0.58,1.0,1.1,0.0
0.06666666666666667,0.5933333333333334,0.5333333333333333,0.5333333333333333,3.356,0.14916400000000002
0.08333333333333333,0.58,0.53,0.3333333333333333,2.9286666666666665,0.132356
0.2,0.5850000000000001,0.6,0.8,2.912,0.044655000000000014
0.08333333333333333,0.5833333333333334,0.5966666666666666,0.8333333333333334,3.252,0.10255000000000002
0.08333333333333333,0.6,0.5633333333333332,0.5833333333333334,3.029333333333333,0.08684000000000001
0.058823529411764705,0.53,0.5133333333333333,0.5882352941176471,3.2813333333333334,0.030327777777777783
0.07692307692307693,0.5466666666666666,0.5333333333333333,0.46153846153846156,2.708,0.012257481481481486
0.06666666666666667,0.5266666666666667,0.5,0.4666666666666667,2.892,0.008695851851851856
0.3333333333333333,0.52,0.52,0.3333333333333333,0.5733333333333334,0.0
0.06666666666666667,0.5533333333333333,0.5333333333333333,0.4,2.8293333333333335,0.020694666666666677
0.08333333333333333,0.5483333333333333,0.53,0.16666666666666666,2.402,0.007786333333333343
0.08333333333333333,0.5633333333333332,0.5666666666666667,0.6666666666666666,2.7253333333333334,0.0
0.08333333333333333,0.5966666666666666,0.5633333333333332,0.4166666666666667,2.502666666666667,0.0
0.07142857142857142,0.5283333333333334,0.49000000000000005,0.5714285714285714,2.8066666666666666,0.013654481481481486
0.5,0.5916666666666667,0.39333333333333337,1.0,0.488,0.0
0.07142857142857142,0.5800000000000001,0.5233333333333333,0.5,2.744,0.027105333333333346
0.09090909090909091,0.55,0.5,0.2727272727272727,2.316666666666667,0.012943333333333343
0.1111111111111111,0.5866666666666667,0.5466666666666666,0.7777777777777778,2.3,0.0
0.09090909090909091,0.5833333333333334,0.5666666666666667,0.8181818181818182,2.64,0.0
0.1111111111111111,0.6,0.5733333333333334,0.7777777777777778,2.376,0.0
0.058823529411764705,0.5066666666666666,0.5333333333333333,0.5294117647058824,3.3646666666666665,0.06805096296296295
0.07692307692307693,0.5266666666666667,0.5333333333333333,0.38461538461538464,2.791333333333333,0.0524091851851852
0.06666666666666667,0.5166666666666667,0.52,0.4,2.9753333333333334,0.048360000000000014
0.3333333333333333,0.43,0.56,0.0,0.6566666666666666,0.0
0.08333333333333333,0.48333333333333334,0.5633333333333332,0.4166666666666667,2.6086666666666667,0.033650740740740745
0.06666666666666667,0.5333333333333333,0.5333333333333333,0.3333333333333333,2.9126666666666665,0.06106074074074075
0.08333333333333333,0.525,0.5333333333333333,0.08333333333333333,2.485333333333333,0.04792666666666668
0.1,0.5833333333333334,0.5700000000000001,0.5,2.4686666666666666,0.0
0.08333333333333333,0.5316666666666666,0.5666666666666667,0.5833333333333334,2.808666666666667,0.020675925925925924
0.1,0.5850000000000001,0.5700000000000001,0.5,2.5446666666666666,0.0
0.06666666666666667,0.5366666666666667,0.5,0.6666666666666666,3.068,0.004233703703703705
0.09090909090909091,0.55,0.5333333333333333,0.5454545454545454,2.494666666666667,0.0
1.0,0.6,0.5,1.0,0.36,0.0
0.07692307692307693,0.5866666666666667,0.5266666666666667,0.46153846153846156,2.616,0.0
0.1,0.5549999999999999,0.5033333333333333,0.2,2.1886666666666668,0.0
0.1,0.5850000000000001,0.5700000000000001,0.8,2.512,0.0
0.125,0.6,0.5766666666666667,0.75,2.248,0.0
0.0625,0.5083333333333333,0.48333333333333334,0.625,2.978666666666667,0.0
0.08333333333333333,0.53,0.53,0.5,2.4053333333333335,0.0
0.5,0.3383333333333333,0.39666666666666667,0.5,0.27066666666666667,0.0
0.09090909090909091,0.48333333333333334,0.5,0.5454545454545454,2.2226666666666666,0.0
0.1111111111111111,0.5833333333333334,0.5466666666666666,0.6666666666666666,2.082666666666667,0.0
0.09090909090909091,0.5333333333333333,0.5666666666666667,0.7272727272727273,2.4226666666666667,0.0
0.1111111111111111,0.5866666666666667,0.5733333333333334,0.6666666666666666,2.1586666666666665,0.0
0.06666666666666667,0.51,0.48666666666666664,0.6,2.862,0.0
0.09090909090909091,0.5333333333333333,0.5333333333333333,0.45454545454545453,2.288666666666667,0.0
1.0,0.35,0.36666666666666664,0.0,0.154,0.0
0.07692307692307693,0.5333333333333333,0.5266666666666667,0.38461538461538464,2.41,0.0
0.1,0.535,0.5033333333333333,0.1,1.9826666666666666,0.0
0.125,0.5833333333333334,0.5533333333333333,0.625,1.966,0.0
0.1,0.5383333333333333,0.5700000000000001,0.7,2.306,0.0
0.125,0.5883333333333333,0.5766666666666667,0.625,2.042,0.0
0.1111111111111111,0.5433333333333333,0.5733333333333334,0.7777777777777778,2.152,0.0
0.0625,0.525,0.5166666666666667,0.375,2.792666666666667,0.011923333333333341
0.14285714285714285,0.44333333333333336,0.5466666666666666,0.14285714285714285,1.2753333333333334,0.0
0.07692307692307693,0.5933333333333334,0.5266666666666667,0.5384615384615384,2.756,0.04182340740740742
0.3333333333333333,0.5466666666666666,0.47333333333333333,0.6666666666666666,0.7666666666666667,0.0
0.1,0.5666666666666667,0.5333333333333333,0.3,2.529333333333333,0.029391111111111114
0.1,0.535,0.5399999999999999,0.4,2.054,0.0
0.09090909090909091,0.5166666666666667,0.5333333333333333,0.5454545454545454,2.4193333333333333,0.0
0.14285714285714285,0.5700000000000001,0.5666666666666667,0.7142857142857143,1.9493333333333334,0.0
0.1,0.505,0.5333333333333333,0.1,2.138,0.0
0.1,0.41833333333333333,0.5,0.4,1.624,0.0
0.14285714285714285,0.58,0.46,0.7142857142857143,1.4986666666666666,0.0
0.1,0.5016666666666667,0.5066666666666666,0.5,1.752,0.0
0.09090909090909091,0.5666666666666667,0.5333333333333333,0.5454545454545454,2.259333333333333,0.0
0.08333333333333333,0.5816666666666667,0.5,0.3333333333333333,2.228,0.0
0.07142857142857142,0.5616666666666668,0.5233333333333333,0.35714285714285715,2.682,0.0002496296296296282
0.1111111111111111,0.49,0.5399999999999999,0.3333333333333333,2.002666666666667,0.0
0.07692307692307693,0.5566666666666668,0.56,0.46153846153846156,2.6766666666666667,0.019495703703703713
0.125,0.5666666666666667,0.51,0.5,1.9506666666666668,0.0
0.14285714285714285,0.4866666666666667,0.5466666666666666,0.2857142857142857,1.548,0.0
0.125,0.5883333333333333,0.51,0.25,1.6753333333333333,0.0
0.14285714285714285,0.5700000000000001,0.5666666666666667,0.42857142857142855,1.7233333333333334,0.0
0.07692307692307693,0.5466666666666666,0.5666666666666667,0.38461538461538464,2.9526666666666666,0.06392355555555555
0.09090909090909091,0.5666666666666667,0.5333333333333333,0.5454545454545454,2.316,0.0
0.08333333333333333,0.5583333333333333,0.53,0.4166666666666667,2.046,0.0
0.08333333333333333,0.5833333333333334,0.5333333333333333,0.4166666666666667,2.9426666666666668,0.09789629629629631
0.1,0.5700000000000001,0.5,0.6,1.9306666666666668,0.0
0.18181818181818182,0.5,0.5,0.45454545454545453,1.856,0.0
0.09090909090909091,0.5,0.5333333333333333,0.45454545454545453,2.008,0.0
0.07692307692307693,0.49000000000000005,0.4866666666666667,0.46153846153846156,2.072,0.0
0.1111111111111111,0.5666666666666667,0.5399999999999999,0.5555555555555556,2.078666666666667,0.0
0.08333333333333333,0.5566666666666668,0.5333333333333333,0.5833333333333334,2.4366666666666665,0.0
0.09090909090909091,0.5666666666666667,0.5333333333333333,0.6363636363636364,2.4526666666666666,0.0
0.16666666666666666,0.5833333333333334,0.5,0.5,1.2373333333333334,0.0
0.14285714285714285,0.59,0.5133333333333333,0.2857142857142857,1.4633333333333334,0.0
0.1,0.5366666666666667,0.5033333333333333,0.4,1.7453333333333334,0.0
0.1111111111111111,0.46,0.5066666666666666,0.2222222222222222,1.4886666666666666,0.0
0.06666666666666667,0.4766666666666667,0.52,0.3333333333333333,2.5886666666666667,0.0
0.08333333333333333,0.58,0.53,0.25,2.6373333333333333,0.05909555555555556
0.14285714285714285,0.5700000000000001,0.5666666666666667,0.42857142857142855,1.8706666666666667,0.0
0.07142857142857142,0.41166666666666674,0.5,0.2857142857142857,2.3753333333333333,0.0
0.09090909090909091,0.48333333333333334,0.5,0.36363636363636365,2.0233333333333334,0.0
0.0625,0.5083333333333333,0.5166666666666667,0.4375,2.9126666666666665,0.06832
0.14285714285714285,0.51,0.5133333333333333,0.42857142857142855,1.6553333333333333,0.0
0.07692307692307693,0.5533333333333333,0.49333333333333335,0.5384615384615384,2.529333333333333,0.0
0.14285714285714285,0.5399999999999999,0.56,0.42857142857142855,1.576,0.0
0.058823529411764705,0.49666666666666676,0.5333333333333333,0.5882352941176471,3.2826666666666666,0.01711844444444445
0.2,0.45666666666666667,0.52,0.2,0.9786666666666667,0.0
0.14285714285714285,0.5666666666666667,0.5466666666666666,0.7142857142857143,1.75,0.0
0.1111111111111111,0.5666666666666667,0.5066666666666666,0.4444444444444444,2.1613333333333333,0.0
0.08333333333333333,0.4783333333333334,0.53,0.3333333333333333,2.018,0.0
0.1,0.5700000000000001,0.5366666666666667,0.4,1.8653333333333333,0.0
0.09090909090909091,0.5666666666666667,0.5,0.36363636363636365,2.314,0.0
0.09090909090909091,0.5666666666666667,0.5333333333333333,0.45454545454545453,1.906,0.0
0.09090909090909091,0.5166666666666667,0.5333333333333333,0.36363636363636365,2.312,0.0
0.09090909090909091,0.5666666666666667,0.5,0.36363636363636365,1.878,0.0
0.08333333333333333,0.5316666666666666,0.5333333333333333,0.4166666666666667,2.6246666666666667,0.026559703703703703
0.1,0.49166666666666664,0.4766666666666666,0.4,1.5933333333333333,0.0
0.08333333333333333,0.5833333333333334,0.5,0.4166666666666667,2.5573333333333332,0.03485740740740741
0.09090909090909091,0.5666666666666667,0.5333333333333333,0.36363636363636365,1.8493333333333333,0.0
0.07142857142857142,0.5783333333333334,0.5233333333333333,0.35714285714285715,2.572,0.009240481481481487
0.1111111111111111,0.5866666666666667,0.5066666666666666,0.4444444444444444,1.8346666666666667,0.0
0.16666666666666666,0.5916666666666667,0.5666666666666667,0.5,1.876,0.0
0.07142857142857142,0.5416666666666667,0.5233333333333333,0.35714285714285715,2.334,0.0
0.1111111111111111,0.5866666666666667,0.5066666666666666,0.4444444444444444,2.0726666666666667,0.0
0.0625,0.575,0.5166666666666667,0.4375,2.9113333333333333,0.06322444444444444
0.058823529411764705,0.5399999999999999,0.5133333333333333,0.4117647058823529,3.3146666666666667,0.099012
0.14285714285714285,0.59,0.5133333333333333,0.2857142857142857,1.4953333333333334,0.0
0.125,0.5833333333333334,0.5,0.25,1.614,0.0
0.07692307692307693,0.5133333333333333,0.5266666666666667,0.5384615384615384,2.478666666666667,0.0
0.125,0.5883333333333333,0.51,0.5,1.826,0.0
0.1111111111111111,0.5866666666666667,0.5066666666666666,0.4444444444444444,2.0806666666666667,0.0
0.09090909090909091,0.5,0.5333333333333333,0.18181818181818182,2.4313333333333333,0.0
0.2,0.5666666666666667,0.52,0.4,1.378,0.0
0.07142857142857142,0.49500000000000005,0.5,0.42857142857142855,2.4873333333333334,0.005137000000000007
0.08333333333333333,0.5833333333333334,0.53,0.3333333333333333,2.722,0.08339074074074075
0.16666666666666666,0.5666666666666667,0.5,0.5,1.42,0.0
0.08333333333333333,0.56,0.53,0.5,2.6646666666666667,0.03557866666666668
0.07692307692307693,0.5466666666666667,0.5333333333333333,0.5384615384615384,2.9133333333333336,0.019121185185185203
0.2,0.4766666666666667,0.52,0.2,1.1166666666666667,0.0
0.125,0.5766666666666667,0.5666666666666667,0.625,2.3666666666666667,0.0044211111111111204
0.09090909090909091,0.5666666666666667,0.5333333333333333,0.2727272727272727,2.6926666666666668,0.01839777777777778
0.0625,0.5416666666666666,0.55,0.4375,3.033333333333333,0.06060648148148148
0.07692307692307693,0.5833333333333334,0.5266666666666667,0.46153846153846156,2.996,0.10209629629629631
0.16666666666666666,0.5083333333333333,0.5166666666666667,0.3333333333333333,1.1846666666666668,0.0
0.16666666666666666,0.49166666666666664,0.55,0.3333333333333333,1.4233333333333333,0.0
0.125,0.5216666666666667,0.52,0.5,1.74,0.0
0.1111111111111111,0.5666666666666667,0.5333333333333333,0.3333333333333333,2.2133333333333334,0.0
0.08333333333333333,0.49500000000000005,0.53,0.4166666666666667,2.164,0.0
0.16666666666666666,0.575,0.5666666666666667,0.5,1.702,0.0
0.25,0.5850000000000001,0.5666666666666667,0.5,1.2913333333333334,0.0
0.1111111111111111,0.5366666666666667,0.5333333333333333,0.2222222222222222,2.0866666666666664,0.0
0.08333333333333333,0.5833333333333334,0.5,0.4166666666666667,2.716666666666667,0.07990370370370373
0.3333333333333333,0.5866666666666667,0.5666666666666667,0.6666666666666666,0.994,0.0
0.08333333333333333,0.565,0.5,0.5833333333333334,2.6593333333333335,0.03251888888888888
0.2,0.48000000000000004,0.52,0.0,1.048,0.0
0.058823529411764705,0.5399999999999999,0.5333333333333333,0.35294117647058826,3.429333333333333,0.092148
0.14285714285714285,0.52,0.5333333333333333,0.14285714285714285,1.612,0.0
0.06666666666666667,0.4933333333333333,0.52,0.3333333333333333,2.8653333333333335,0.004790814814814816
0.09090909090909091,0.5666666666666667,0.5,0.5454545454545454,2.3673333333333333,0.0
0.08333333333333333,0.5833333333333334,0.5,0.3333333333333333,2.4206666666666665,0.0
0.16666666666666666,0.525,0.5333333333333333,0.16666666666666666,1.616,0.0
0.08333333333333333,0.5833333333333334,0.53,0.3333333333333333,2.756666666666667,0.09114259259259261
0.09090909090909091,0.5166666666666667,0.5333333333333333,0.36363636363636365,2.568,0.029082592592592594
0.14285714285714285,0.5700000000000001,0.5666666666666667,0.42857142857142855,2.098,0.0038760000000000005
0.16666666666666666,0.5,0.5166666666666667,0.16666666666666666,1.28,0.0
0.09090909090909091,0.5333333333333333,0.5333333333333333,0.36363636363636365,2.1933333333333334,0.0
0.09090909090909091,0.5,0.5333333333333333,0.18181818181818182,2.284,0.0
0.07142857142857142,0.5366666666666667,0.5333333333333333,0.5714285714285714,2.808,0.0
0.08333333333333333,0.5566666666666668,0.5333333333333333,0.6666666666666666,2.52,0.0
0.08333333333333333,0.5216666666666667,0.53,0.4166666666666667,2.287333333333333,0.0
0.1111111111111111,0.5666666666666667,0.5066666666666666,0.3333333333333333,2.104,0.0
0.1,0.5183333333333333,0.5366666666666667,0.4,2.1426666666666665,0.0
0.07142857142857142,0.5416666666666667,0.5233333333333333,0.35714285714285715,2.3613333333333335,0.0
0.07692307692307693,0.5133333333333334,0.5266666666666667,0.38461538461538464,2.486,0.0
0.16666666666666666,0.575,0.5666666666666667,0.5,1.6653333333333333,0.0
0.09090909090909091,0.5666666666666667,0.5,0.5454545454545454,2.2666666666666666,0.0
0.09090909090909091,0.4166666666666667,0.5,0.36363636363636365,1.7633333333333334,0.0
0.08333333333333333,0.5333333333333333,0.5633333333333332,0.4166666666666667,2.858,0.05653333333333334
0.1,0.5183333333333333,0.5366666666666667,0.4,2.166,0.0
0.06666666666666667,0.4933333333333333,0.52,0.3333333333333333,2.7953333333333332,0.002817481481481481
0.0625,0.525,0.5333333333333333,0.375,2.8506666666666667,0.024710000000000006
0.08333333333333333,0.5633333333333332,0.53,0.5833333333333334,2.7133333333333334,0.012030296296296303
0.07142857142857142,0.5516666666666666,0.5,0.5714285714285714,2.6253333333333333,0.014539481481481492
0.14285714285714285,0.58,0.5133333333333333,0.5714285714285714,1.516,0.0
0.09090909090909091,0.5666666666666667,0.5,0.45454545454545453,2.5686666666666667,0.014997777777777777
0.08333333333333333,0.5133333333333333,0.53,0.5,2.6073333333333335,0.015856296296296306
0.058823529411764705,0.5033333333333334,0.5133333333333333,0.4117647058823529,3.236666666666667,0.07102592592592595
0.0625,0.525,0.5166666666666667,0.4375,2.78,0.02266833333333334
0.09090909090909091,0.5666666666666667,0.5,0.45454545454545453,2.5153333333333334,0.0010955555555555608
0.125,0.505,0.52,0.375,1.35,0.0
0.08333333333333333,0.5133333333333333,0.53,0.5,2.554,0.00326251851851852
0.058823529411764705,0.48333333333333334,0.5133333333333333,0.4117647058823529,3.183333333333333,0.05634592592592593
0.16666666666666666,0.575,0.5666666666666667,0.5,1.682,0.0
0.09090909090909091,0.5666666666666667,0.5,0.5454545454545454,2.283333333333333,0.0
0.08333333333333333,0.5566666666666668,0.5333333333333333,0.5833333333333334,2.532,0.0
0.1,0.5016666666666667,0.5066666666666666,0.5,1.7833333333333334,0.0
0.1,0.5183333333333333,0.5366666666666667,0.4,2.1206666666666667,0.0
0.16666666666666666,0.575,0.5666666666666667,0.5,1.6506666666666667,0.0
0.1111111111111111,0.51,0.5333333333333333,0.1111111111111111,1.9766666666666666,0.0
0.06666666666666667,0.4933333333333333,0.52,0.3333333333333333,2.75,0.0
0.125,0.565,0.5666666666666667,0.75,2.1186666666666665,0.0
0.09090909090909091,0.5166666666666667,0.5333333333333333,0.36363636363636365,2.4446666666666665,0.0
0.125,0.43833333333333335,0.52,0.25,1.3153333333333332,0.0
0.07142857142857142,0.5416666666666667,0.5233333333333333,0.35714285714285715,2.326,0.0
0.1,0.5183333333333333,0.5366666666666667,0.4,2.1,0.0
0.1,0.5016666666666667,0.5,0.5,1.7153333333333334,0.0
0.1111111111111111,0.51,0.5399999999999999,0.1111111111111111,2.0446666666666666,0.0
0.08333333333333333,0.5566666666666668,0.5633333333333332,0.5833333333333334,2.5686666666666667,0.0
0.09090909090909091,0.5833333333333334,0.5,0.36363636363636365,2.3646666666666665,0.003175925925925927
0.1111111111111111,0.5666666666666667,0.5066666666666666,0.3333333333333333,2.1373333333333333,0.0
0.1111111111111111,0.51,0.5333333333333333,0.1111111111111111,2.032,0.0
0.1,0.5016666666666667,0.5066666666666666,0.5,1.728,0.0
0.07692307692307693,0.5833333333333334,0.5,0.38461538461538464,2.755333333333333,0.05007592592592594
0.125,0.5666666666666667,0.5433333333333333,0.75,1.8053333333333332,0.0
0.08333333333333333,0.5133333333333333,0.53,0.4166666666666667,2.566666666666667,0.0
0.125,0.5666666666666667,0.5433333333333333,0.625,1.9026666666666667,0.0
0.058823529411764705,0.4733333333333334,0.5133333333333333,0.4117647058823529,3.0986666666666665,0.022793629629629636
0.1111111111111111,0.5666666666666667,0.5399999999999999,0.6666666666666666,2.08,0.0
0.1,0.505,0.5333333333333333,0.2,2.148,0.0
0.08333333333333333,0.56,0.49333333333333335,0.5833333333333334,2.4233333333333333,0.0
0.08333333333333333,0.5633333333333332,0.5633333333333332,0.5833333333333334,3.032,0.061127925925925926
0.125,0.42,0.4766666666666667,0.5,1.34,0.0
0.058823529411764705,0.5566666666666666,0.5466666666666666,0.47058823529411764,3.6613333333333333,0.12176155555555555
0.07692307692307693,0.5666666666666667,0.5333333333333333,0.6923076923076923,3.1633333333333336,0.0731251851851852
0.07692307692307693,0.5633333333333334,0.5266666666666667,0.3076923076923077,2.368,0.0
0.07692307692307693,0.4733333333333334,0.5266666666666667,0.3076923076923077,2.13,0.0
0.14285714285714285,0.5466666666666666,0.5133333333333333,0.42857142857142855,1.3886666666666667,0.0
0.1111111111111111,0.5399999999999999,0.5399999999999999,0.5555555555555556,2.02,0.0
0.07142857142857142,0.4683333333333334,0.5233333333333333,0.2857142857142857,2.356,0.0
0.07692307692307693,0.5533333333333333,0.5,0.38461538461538464,2.394,0.0
0.07142857142857142,0.5833333333333334,0.5,0.5,2.8606666666666665,0.02142777777777778
0.125,0.5666666666666667,0.51,0.375,1.7346666666666666,0.0
0.09090909090909091,0.5666666666666667,0.5333333333333333,0.45454545454545453,2.009333333333333,0.0
0.09090909090909091,0.5666666666666667,0.5333333333333333,0.36363636363636365,2.012,0.0
0.1,0.5700000000000001,0.5033333333333333,0.5,1.8726666666666667,0.0
0.07692307692307693,0.55,0.5266666666666667,0.46153846153846156,2.4233333333333333,0.0
0.09090909090909091,0.5666666666666667,0.5333333333333333,0.36363636363636365,2.021333333333333,0.0
0.07142857142857142,0.5516666666666666,0.5566666666666668,0.5,2.7173333333333334,0.013031592592592602
0.125,0.48166666666666663,0.5433333333333333,0.25,1.7393333333333334,0.0
0.08333333333333333,0.5583333333333333,0.53,0.4166666666666667,2.076,0.0
0.08333333333333333,0.49500000000000005,0.4966666666666667,0.4166666666666667,2.0313333333333334,0.0
0.07692307692307693,0.55,0.5266666666666667,0.46153846153846156,2.202,0.0
0.08333333333333333,0.5833333333333334,0.53,0.4166666666666667,2.5286666666666666,0.0141425925925926
0.1,0.5183333333333333,0.5666666666666667,0.5,2.16,0.0
0.08333333333333333,0.5583333333333333,0.5,0.3333333333333333,2.058,0.0
0.07142857142857142,0.5666666666666667,0.5333333333333333,0.5,2.914,0.027502222222222227
0.125,0.5299999999999999,0.5333333333333333,0.125,1.6766666666666667,0.0
0.1111111111111111,0.56,0.5333333333333333,0.2222222222222222,2.244666666666667,0.0
0.07142857142857142,0.545,0.5333333333333333,0.2857142857142857,2.684,0.024864111111111118
0.1,0.6,0.5033333333333333,0.6,2.1273333333333335,0.0
0.09090909090909091,0.5166666666666667,0.5333333333333333,0.36363636363636365,1.9786666666666666,0.0
0.07692307692307693,0.5133333333333333,0.5266666666666667,0.46153846153846156,2.4326666666666665,0.008635407407407415
0.07692307692307693,0.5400000000000001,0.5266666666666667,0.46153846153846156,2.272666666666667,0.0
0.07692307692307693,0.5833333333333334,0.5,0.5384615384615384,2.8766666666666665,0.05377037037037038
0.1,0.5183333333333333,0.5066666666666666,0.5,2.1126666666666667,0.0
0.08333333333333333,0.5533333333333333,0.53,0.3333333333333333,2.029333333333333,0.0
0.07692307692307693,0.5233333333333333,0.5266666666666667,0.3076923076923077,2.4346666666666668,0.0
0.08333333333333333,0.5533333333333333,0.53,0.4166666666666667,1.9933333333333334,0.0
0.07692307692307693,0.5233333333333333,0.5266666666666667,0.3076923076923077,2.428,0.0
0.08333333333333333,0.5583333333333333,0.53,0.5,2.288666666666667,0.0
0.07692307692307693,0.5833333333333334,0.5,0.38461538461538464,2.764,0.061444444444444454
0.07692307692307693,0.5833333333333334,0.5,0.46153846153846156,2.7573333333333334,0.05080185185185186
0.125,0.4799999999999999,0.51,0.375,1.7033333333333334,0.0
0.07692307692307693,0.5833333333333334,0.5333333333333333,0.38461538461538464,3.046666666666667,0.12014074074074076
0.1111111111111111,0.5733333333333334,0.5,0.7777777777777778,1.922,0.0
0.08333333333333333,0.49500000000000005,0.5,0.5833333333333334,2.227333333333333,0.0
0.07142857142857142,0.5683333333333334,0.5,0.5714285714285714,2.8306666666666667,0.0033973703703703696
0.1,0.5533333333333333,0.5399999999999999,0.2,2.12,0.0
0.125,0.5883333333333333,0.5,0.625,1.8486666666666667,0.0
0.1111111111111111,0.53,0.5133333333333333,0.3333333333333333,1.7,0.0
0.07142857142857142,0.5633333333333334,0.5,0.6428571428571429,2.8506666666666667,0.0
0.07142857142857142,0.5833333333333334,0.5233333333333333,0.5,3.3,0.12164444444444446
0.14285714285714285,0.49000000000000005,0.5133333333333333,0.14285714285714285,1.392,0.0
0.08333333333333333,0.5833333333333334,0.5,0.5,2.6426666666666665,0.011433333333333337
0.1111111111111111,0.5033333333333333,0.5133333333333333,0.3333333333333333,1.462,0.0
0.08333333333333333,0.5833333333333334,0.5,0.5,2.652,0.02520000000000001
0.09090909090909091,0.5,0.5,0.45454545454545453,1.864,0.0
0.1,0.5850000000000001,0.5033333333333333,0.5,2.1226666666666665,0.0
0.08333333333333333,0.5816666666666667,0.5,0.5,2.759333333333333,0.0
0.09090909090909091,0.5333333333333333,0.5,0.5454545454545454,2.429333333333333,0.0
0.09090909090909091,0.6,0.5666666666666667,0.45454545454545453,2.678,0.030253333333333337
0.08333333333333333,0.5716666666666668,0.5,0.5,2.4766666666666666,0.0
0.09090909090909091,0.45,0.5,0.36363636363636365,2.0046666666666666,0.0
0.1,0.5850000000000001,0.5366666666666667,0.4,2.1113333333333335,0.0
0.09090909090909091,0.5833333333333334,0.5,0.45454545454545453,2.2146666666666666,0.0
0.08333333333333333,0.5666666666666667,0.5333333333333333,0.6666666666666666,2.7693333333333334,0.0
0.125,0.5766666666666667,0.51,0.625,1.9906666666666666,0.0
0.08333333333333333,0.5833333333333334,0.56,0.4166666666666667,2.796666666666667,0.0952388888888889
0.09090909090909091,0.5833333333333334,0.5,0.36363636363636365,2.1766666666666667,0.0
0.07692307692307693,0.5766666666666667,0.5266666666666667,0.38461538461538464,2.8993333333333333,0.08287340740740741
0.1111111111111111,0.6,0.5333333333333333,0.6666666666666666,2.0866666666666664,0.0
0.07692307692307693,0.5500000000000002,0.5,0.46153846153846156,2.510666666666667,0.0
0.09090909090909091,0.5833333333333334,0.5,0.6363636363636364,2.453333333333333,0.0
0.07692307692307693,0.5833333333333334,0.5,0.6153846153846154,2.822,0.012159259259259259
0.1,0.5183333333333333,0.5066666666666666,0.4,2.0986666666666665,0.0
0.1111111111111111,0.51,0.5333333333333333,0.1111111111111111,1.9706666666666666,0.0
0.1,0.435,0.5066666666666666,0.2,1.674,0.0
0.07142857142857142,0.5833333333333334,0.5,0.5714285714285714,3.0766666666666667,0.06971481481481483
0.14285714285714285,0.52,0.5333333333333333,0.14285714285714285,1.72,0.0
0.08333333333333333,0.5233333333333333,0.53,0.25,2.1593333333333335,0.0
0.125,0.5766666666666667,0.4533333333333333,0.625,1.6026666666666667,0.0
0.18181818181818182,0.5,0.5,0.45454545454545453,1.8873333333333333,0.0
0.08333333333333333,0.5833333333333334,0.5,0.5,2.608,0.0
0.16666666666666666,0.5666666666666667,0.5166666666666667,0.5,1.582,0.0
0.14285714285714285,0.5666666666666667,0.5133333333333333,0.2857142857142857,1.694,0.0
0.125,0.5716666666666667,0.51,0.5,2.0673333333333335,0.0
0.14285714285714285,0.5666666666666667,0.5133333333333333,0.2857142857142857,1.7366666666666666,0.0
0.09090909090909091,0.5166666666666667,0.5,0.45454545454545453,2.3193333333333332,0.0
0.09090909090909091,0.5166666666666667,0.5333333333333333,0.45454545454545453,2.3993333333333333,0.0
0.08333333333333333,0.5283333333333334,0.53,0.25,2.3493333333333335,0.0
0.07142857142857142,0.5183333333333333,0.5233333333333333,0.21428571428571427,2.6373333333333333,0.00842003703703704
0.08333333333333333,0.56,0.49333333333333335,0.5833333333333334,2.5366666666666666,0.0
0.07692307692307693,0.4966666666666667,0.5,0.46153846153846156,2.3833333333333333,0.0
0.16666666666666666,0.5666666666666667,0.5166666666666667,0.3333333333333333,1.558,0.0
0.1111111111111111,0.5666666666666667,0.5,0.4444444444444444,1.7766666666666666,0.0
0.07692307692307693,0.55,0.5333333333333333,0.38461538461538464,2.4433333333333334,0.0
0.07692307692307693,0.5400000000000001,0.5333333333333333,0.3076923076923077,2.3866666666666667,0.0
0.14285714285714285,0.5666666666666667,0.5,0.42857142857142855,1.6,0.0
0.14285714285714285,0.5666666666666667,0.5,0.5714285714285714,1.6546666666666667,0.0
0.125,0.5666666666666667,0.51,0.375,1.992,0.0
0.125,0.5666666666666667,0.5,0.375,1.758,0.0
0.07692307692307693,0.5133333333333334,0.5333333333333333,0.23076923076923078,2.5926666666666667,0.019848888888888902
0.09090909090909091,0.5666666666666667,0.5333333333333333,0.5454545454545454,2.494666666666667,0.0
0.08333333333333333,0.49500000000000005,0.53,0.4166666666666667,2.3413333333333335,0.0048840000000000125
0.1111111111111111,0.5666666666666667,0.5,0.4444444444444444,1.9906666666666666,0.0
