spare_x_count,near_limit_long_share,vol_cv
194312,0.0,0.31424960845033323
120554,0.0,0.3864513206783552
165393,0.0,0.5386631445981904
173390,0.0,0.5788734773748437
137709,0.0,0.5030552309432307
125050,0.0,0.48771970779409296
147930,0.0,0.37792015365852644
138886,0.0,0.5512125222213332
175725,0.0,0.5707366747971601
192192,0.0,0.4702758202860995
177424,0.0,0.3951617288588304
115940,0.0,0.5097573461464083
145866,0.0,0.42806883885929586
220121,0.0,0.40599835057472683
147600,0.0,0.4774193360084383
203607,0.0,0.5000670690570458
149136,0.0,0.4253365276996601
126340,0.0,0.44525189833658346
103740,0.0,0.4146883152691208
144696,0.0,0.3755298650941218
147469,0.0,0.4763281467021612
206016,0.0,0.5112201590456382
183015,0.0,0.6531269396135164
186057,0.0,0.4218080427773446
113308,0.0,0.5711088207651702
134608,0.0,0.36607318635600017
40632,0.0,0.0
169110,0.0,0.3357393206873583
192456,0.0,0.5043598736427509
131376,0.0,0.34203859147576016
142272,0.0,0.5654654419841759
152768,0.0,0.42325397109524693
67952,0.0,0.2935160223793216
157122,0.0,0.37595624172967385
147602,0.0,0.46471382134382605
179800,0.0,0.6094282887287354
197208,0.0,0.4856671660588285
175428,0.0,0.6085729144007179
107220,0.0,0.5238019868341331
121759,0.0,0.4280352705428638
154638,0.0,0.5492426609566708
83700,0.0,0.3232263327731436
192929,0.0,0.42845344248037
144948,0.0,0.5590186616962615
144254,0.0,0.37656820049641937
166991,0.0,0.5424511240252592
185185,0.0,0.5818821928922946
59579,0.0,0.35478821689692314
153384,0.0,0.47329852900575264
145464,0.0,0.5637319240928951
182688,0.0,0.33974359947065896
228240,0.0,0.3823867676818295
172400,0.0,0.5939951511977003
149226,0.0,0.4315662335244666
104436,0.0,0.36625921121350297
153840,0.0,0.3850969163359673
153210,0.0,0.3649229698316346
203016,0.0,0.42817375203564784
162987,0.0,0.3742674421269756
224070,0.0,0.4840020301453035
181656,0.0,0.44346978995501224
157355,0.0,0.6001671977526077
159204,0.0,0.6276974352788792
164660,0.0,0.5891311705095421
157920,0.0,0.580753477025809
26700,0.0,0.4126427642694716
124922,0.0,0.5965858598212453
104952,0.0,0.3720008463289926
183645,0.0,0.5734563924147611
184920,0.0,0.32814642233707964
180342,0.0,0.3522050102442337
63401,0.0,0.33999051760630533
-89642,0.0,0.40707707715563823
159390,0.0,0.5463402149909043
146880,0.0,0.4359149873087141
157536,0.0,0.5468034770551508
122556,0.0,0.4384529693091078
142252,0.0,0.41817050027575864
140980,0.0,0.5529315868713127
148740,0.0,0.45495708748789476
146512,0.0,0.3462502394460562
128632,0.0,0.538805736679736
114240,0.0,0.4142794668539957
163774,0.0,0.5978299711335748
100204,0.0,0.41454518214105046
195048,0.0,0.714121596321554
160270,0.0,0.537741015929908
135619,0.0,0.3049278189628402
161980,0.0,0.34052997704924526
179802,0.0,0.44862460992417574
180117,0.0,0.6563380036804826
163590,0.0,0.5358592390347451
217440,0.0,0.4470554107453665
140490,0.0,0.34036611227119445
41160,0.0,0.0
152370,0.0,0.3870937547970735
103292,0.0,0.3769940816000866
130900,0.0,0.3637959722337124
89683,0.0,0.2890741561616301
191570,0.0,0.6534769048871372
208824,0.0,0.3980890093806662
138576,0.0,0.4319231022777049
148500,0.0,0.42960334729966937
176077,0.0,0.41417499649105916
134676,0.0,0.41973837260068275
141600,0.0,0.5681357532099204
141012,0.0,0.4067227161785305
138540,0.0,0.4110960933052204
104517,0.0,0.037610050922165
38344,0.0,0.0
184608,0.0,0.6346139996906758
106236,0.0,0.4265659732296093
-1095,0.0,0.3445103378166954
174678,0.0,0.4754171429366775
109252,0.0,0.3661272142127142
146705,0.0,0.5086434691822443
206558,0.0,0.4091050929465178
40954,0.0,0.0
151150,0.0,0.369167212927771
177342,0.0,0.42899241977655617
144690,0.0,0.3303881018949826
166944,0.0,0.4549257412255739
186362,0.0,0.6365881658607516
110361,0.0,0.20181554680820374
73172,0.0,0.05412131769481062
158774,0.0,0.36488674203263866
106224,0.0,0.44275124126125526
170384,0.0,0.4015043153509956
147936,0.0,0.5618640902654397
146628,0.0,0.3704242238750739
111186,0.0,0.6283389019964916
108290,0.0,0.5360479923707143
133548,0.0,0.6000770234754447
146211,0.0,0.40368831242728526
141000,0.0,0.5456195870089441
176120,0.0,0.34839635556722387
177280,0.0,0.4441533677475672
122507,0.0,0.330162233891698
166720,0.0,0.5881048126382951
161608,0.0,0.46813849008387365
161100,0.0,0.5141021641764575
231048,0.0,0.3940913144367868
188000,0.0,0.4515296033553786
124773,0.0,0.32634284857999285
205280,0.0,0.48369757750743864
206492,0.0,0.43412230241321065
125279,0.0,0.48218014256864633
161440,0.0,0.5923399818104174
169540,0.0,0.3931233770688005
173000,0.0,0.42613770335967105
188496,0.0,0.6839517954285075
188986,0.0,0.4845727510813742
133620,0.0,0.5152463201205691
184317,0.0,0.5182491168749045
199260,0.0,0.4686174739543883
240570,0.0,0.35745456851521284
163152,0.0,0.5338142563572917
134771,0.0,0.4151848940617384
174370,0.0,0.33071690633218903
108300,0.0,0.3588443367227853
87564,0.0,0.3162757047385115
84098,0.0,0.50575555427661
108020,0.0,0.45952489037884603
79552,0.0,0.534932235690895
156849,0.0,0.4573419898327411
146201,0.0,0.350242558922232
146172,0.0,0.3570506006383319
175076,0.0,0.4349110029132948
82860,0.0,0.5823232315653921
164164,0.0,0.4442528884135313
165348,0.0,0.4123235836086907
144045,0.0,0.36094529722161495
142490,0.0,0.34991989404522006
154737,0.0,0.4627110887587018
202527,0.0,0.45646673157442863
162384,0.0,0.5669312993701843
146025,0.0,0.3429507717917551
184464,0.0,0.4619244717831249
-10560,0.0,0.35973964097440453
232317,0.0,0.44644631037453447
186856,0.0,0.4984395095959154
-29903,0.0,0.46216349168827614
172032,0.0,0.3965709176394739
73584,0.0,0.0909728022579184
172449,0.0,0.38377465064928284
145431,0.0,0.43996836467434053
108864,0.0,0.43895113140130576
142926,0.0,0.4305615625297033
177848,0.0,0.5957120889392851
154224,0.0,0.38415624043646884
81312,0.0,0.0859466805862102
166970,0.0,0.2897481744533276
113265,0.0,0.7316929535759767
125210,0.0,0.29453071896875166
214080,0.0,0.4624482334959749
215150,0.0,0.5467347661430519
124212,0.0,0.520890744733931
195280,0.0,0.3741368695299847
112152,0.0,0.5901078879496657
169912,0.0,0.49811481515671974
94620,0.0,0.4395565256808695
77546,0.0,0.4729238016390133
204192,0.0,0.43135212383343774
144530,0.0,0.5293617714682931
99540,0.0,0.3729731485897
105807,0.0,0.439562636581608
129676,0.0,0.2962140049236737
124474,0.0,0.4328316024330465
146032,0.0,0.47894292577202985
160853,0.0,0.2989302900334153
187083,0.0,0.37360072794532834
147490,0.0,0.26988842861658546
195354,0.0,0.492161017018012
164619,0.0,0.3606935709547919
160752,0.0,0.3925503201728578
171600,0.0,0.3873718831077361
157542,0.0,0.5235094926833277
176932,0.0,0.46367097899455045
8602,0.0,0.4105284712241017
172689,0.0,0.4956362070598147
156840,0.0,0.5860406917391717
104804,0.0,0.4397911870537182
215928,0.0,0.48615087221374376
171060,0.0,0.39729830301702174
160202,0.0,0.5960956445220539
144912,0.0,0.4189529251520485
99090,0.0,0.28358896236384834
114191,0.0,0.27770582124105314
169290,0.0,0.6489767592219569
141889,0.0,0.44672612821715585
174416,0.0,0.3099129069391366
185990,0.0,0.41870297106484095
81228,0.0,0.3258493190054565
183000,0.0,0.5210979986082126
146960,0.0,0.434960113859206
142483,0.0,0.5460260395574863
122928,0.0,0.4729741950286422
205062,0.0,0.4661437040170845
111111,0.0,0.3264852352108513
205972,0.0,0.3309111501205155
-127925,0.0,0.3615413521449885
179340,0.0,0.43889030550646835
47670,0.0,0.3722586794124595
116796,0.0,0.4263583888116316
150417,0.0,0.4451657637898912
129396,0.0,0.5331262309212642
110151,0.0,0.6575684441164411
161865,0.0,0.525455911990537
55796,0.0,0.44993530163548784
164336,0.0,0.3355996204110493
75985,0.0,0.4260820758373844
38077,0.0,0.31220031374183244
70774,0.0,0.43297340076314716
153307,0.0,0.3842487509512027
139623,0.0,0.4493072775946367
166212,0.0,0.34904010775604544
191994,0.0,0.3707436392366518
108691,0.0,0.34226245762365803
165720,0.0,0.47827205451031735
143664,0.0,0.5098639141990332
171864,0.0,0.6340812572824478
142497,0.0,0.43870303793485105
173921,0.0,0.4002970498862463
145620,0.0,0.48906771556019113
139840,0.0,0.43222784793247
91956,0.0,0.38646991486225063
163048,0.0,0.5588980157097923
143773,0.0,0.47595033820259186
106301,0.0,0.5004652919492576
135590,0.0,0.469018217720026
195390,0.0,0.522174719406231
124396,0.0,0.7380153626978009
70905,0.0,0.5284272812349666
-97812,0.0,0.4697116398028162
145684,0.0,0.3567537932126309
198864,0.0,0.41839553718350686
49699,0.0,0.36902603917322674
128815,0.0,0.4588140051401014
122066,0.0,0.4516395539806987
29471,0.0,0.4347776046395611
-49840,0.0,0.4724852775243772
136092,0.0,0.513187246492355
161253,0.0,0.45811091954957534
104800,0.0,0.4602959983259726
163260,0.0,0.5615762332814812
170910,0.0,0.5202126922293779
190611,0.0,0.623597036741426
141048,0.0,0.42801534726972673
204408,0.0,0.4507677324033403
40690,0.0,0.34433270056840853
139700,0.0,0.36492176035828516
177996,0.0,0.34506709937450314
140770,0.0,0.4288077969230887
-19440,0.0,0.479647271379661
199824,0.0,0.4481995446724288
129576,0.0,0.5227707694338343
158679,0.0,0.36244076966535005
143379,0.0,0.36200757613182777
177570,0.0,0.4570067122270811
94934,0.0,0.5380468771209842
137540,0.0,0.42680188654027146
81564,0.0,0.4244515709762369
163590,0.0,0.6215912233192015
92040,0.0,0.5356421801473286
135912,0.0,0.6248001165896018
167055,0.0,0.5436256603069871
154583,0.0,0.4607767454421757
81526,0.0,0.9576064929073423
72300,0.0,0.525617479027536
162655,0.0,0.5756648402150873
7770,0.0,0.3487470019476012
-29055,0.0,0.4589478997817004
92064,0.0,0.5457936049931018
166005,0.0,0.44860901718344437
129756,0.0,0.5199945971722083
162679,0.0,0.6153297644167978
187484,0.0,0.4116266905594726
156396,0.0,0.5895230453563447
128799,0.0,0.4040371045516318
176650,0.0,0.423919153554832
131901,0.0,0.5081848536124886
140322,0.0,0.40103229237690735
176904,0.0,0.4587861004614713
170964,0.0,0.32876200554886903
115687,0.0,0.5976112927181894
153216,0.0,0.6458426494817902
134167,0.0,0.5070475204752313
114296,0.0,0.5565370221295042
133420,0.0,0.511085136483334
122424,0.0,0.514448465646315
171504,0.0,0.45442695992638504
107030,0.0,0.5196360163978656
104988,0.0,0.5013661502193207
128208,0.0,0.4505918890436811
159670,0.0,0.6076850019388224
138960,0.0,0.5786503266074903
172008,0.0,0.4304450785923277
61012,0.0,0.3594413721394598
124718,0.0,0.3693566288642053
131040,0.0,0.5654876359686636
151570,0.0,0.5357449313993397
171501,0.0,0.4218873985619596
124487,0.0,0.5024553323360773
-39270,0.0,0.5146544003676726
65380,0.0,0.5442293571608557
155351,0.0,0.5550303531106547
207410,0.0,0.49845996095830264
168192,0.0,0.32337831660893895
204218,0.0,0.5857584738879743
60872,0.0,0.5470255145033175
115220,0.0,0.577525422184278
24585,0.0,0.49038865293533984
50505,0.0,0.5201864724221508
160370,0.0,0.540475402036218
128493,0.0,0.29463961187954973
117741,0.0,0.49978036684894706
160664,0.0,0.380700984902337
104304,0.0,0.5594268465935106
172670,0.0,0.46057330158692894
149604,0.0,0.5582080616150555
150888,0.0,0.604945036716558
84252,0.0,0.45971327264678724
156312,0.0,0.5770221437917815
154370,0.0,0.445641533850287
156954,0.0,0.4726999507579296
103020,0.0,0.5186204390659965
98852,0.0,0.49235915246650686
119132,0.0,0.5454079671474515
131538,0.0,0.5303996804677317
119244,0.0,0.5682812072677967
116130,0.0,0.3805923498499853
161730,0.0,0.6072837212930828
182322,0.0,0.44126222174266605
140701,0.0,0.37599453501393976
172146,0.0,0.5138407331639363
149660,0.0,0.5305221864682631
-73695,0.0,0.3777331683692401
163338,0.0,0.35720764375074865
-110700,0.0,0.49676850967378267
90649,0.0,0.4939032495968984
178280,0.0,0.4822802594942333
179410,0.0,0.4588432591282403
-193420,0.0,0.4922478899692839
200680,0.0,0.5466714750506106
86450,0.0,0.4915973257364843
161406,0.0,0.37460490898606025
-110286,0.0,0.4544530395928468
46787,0.0,0.4274201608896688
103480,0.0,0.5384206932857307
100802,0.0,0.5396671382106851
68325,0.0,0.5755740372696501
172016,0.0,0.4208957107478861
185094,0.0,0.3242148983154445
143781,0.0,0.36996605587513187
133632,0.0,0.49262153191326846
193518,0.0,0.43924519666579825
76388,0.0,0.4564204554906664
77779,0.0,0.4989171890030981
141515,0.0,0.37430314089804007
197870,0.0,0.5148320877403
170610,0.0,0.46455409534986714
133078,0.0,0.5545999646001252
131778,0.0,0.4919603687872807
143052,0.0,0.4635898867872933
138171,0.0,0.6073891142641474
107412,0.0,0.36024831103948857
156552,0.0,0.46623225122372774
195399,0.0,0.4357397914719433
152550,0.0,0.4778909445134853
-112,0.0,0.4683162610363058
146325,0.0,0.5447122461961511
106909,0.0,0.44105191965705354
163750,0.0,0.30652514166638056
107076,0.0,0.3505222881093957
237920,0.0,0.5287609080508949
110940,0.0,0.34217408807194266
143935,0.0,0.35529609718148797
164770,0.0,0.3182078516790226
172920,0.0,0.4284172437700955
192060,0.0,0.3878541539784469
118224,0.0,0.5391856229692901
100243,0.0,0.535461160577741
165042,0.0,0.37288373679370623
192784,0.0,0.46727449597293613
89976,0.0,0.35228766525176197
159336,0.0,0.3997633040661571
168648,0.0,0.4725428269287371
60718,0.0,0.4779940960586133
174447,0.0,0.5160510556955558
147238,0.0,0.4541074087106571
168110,0.0,0.5848286283057619
83168,0.0,0.43342248761533564
120320,0.0,0.44863423393558377
141715,0.0,0.48619828418522426
114336,0.0,0.4302081492917965
118120,0.0,0.45855791334109564
109701,0.0,0.35586319639704095
135344,0.0,0.5540635664036621
175392,0.0,0.42171712977118525
196800,0.0,0.43666674036287395
131360,0.0,0.511174403834127
149732,0.0,0.5750739905731433
158168,0.0,0.3886991037281162
89340,0.0,0.515311319255243
180156,0.0,0.4841335706444983
207414,0.0,0.3960501525060948
74544,0.0,0.4892458666469687
192060,0.0,0.3926616564333098
110572,0.0,0.5182111287943396
53115,0.0,0.3877602464664067
154302,0.0,0.6416401126250821
54936,0.0,0.5198514629526038
190080,0.0,0.5312416372392097
-72913,0.0,0.4796883372422105
82208,0.0,0.5439885706776048
-28528,0.0,0.46126940992295457
73095,0.0,0.35221507475781383
180144,0.0,0.704341555952782
157032,0.0,0.38950597491890354
75096,0.0,0.5397240165578479
159672,0.0,0.3674128923120403
-31136,0.0,0.48771762473707514
157450,0.0,0.4129825893199383
148643,0.0,0.552945967880253
-50512,0.0,0.36626456443548855
182208,0.0,0.3526092144256218
199476,0.0,0.3998138231470717
121884,0.0,0.13804288592413594
124544,0.0,0.42990286882937945
148380,0.0,0.5499786360884368
143660,0.0,0.5920165464404559
146650,0.0,0.35342253629608705
156520,0.0,0.3736291590275766
152187,0.0,0.4907632899931642
171821,0.0,0.42550840520080435
166878,0.0,0.5746143494925877
142545,0.0,0.45216299058066534
80064,0.0,0.3837921196931969
160530,0.0,0.6903475689377007
142534,0.0,0.49347234466654255
162108,0.0,0.3840760242210931
-8177,0.0,0.37089516654257043
108248,0.0,0.4052535956532063
150682,0.0,0.5558896006941337
20774,0.0,0.3595550360853506
-17440,0.0,0.47865640069685933
197094,0.0,0.5134800917594979
199908,0.0,0.4520899568483625
124111,0.0,0.5442139395001027
147440,0.0,0.41612580780632885
195828,0.0,0.20283698087334628
-52547,0.0,0.4785272009613236
109185,0.0,0.6746361928295141
9324,0.0,0.48605448001629303
74228,0.0,0.03694242884210723
74477,0.0,0.3662185203898303
172116,0.0,0.3500523537308842
151041,0.0,0.46792653187228733
-34048,0.0,0.5085106742537071
141728,0.0,0.3564345083946143
151624,0.0,0.5159906797099059
118044,0.0,0.46863615128328456
-95886,0.0,0.5033164099615451
148344,0.0,0.3282162517999273
124284,0.0,0.4062979694824365
178960,0.0,0.41768534918872213
185650,0.0,0.4264822386935472
164504,0.0,0.5223152638701241
195705,0.0,0.6654038823391253
72510,0.0,0.5679077969727379
63896,0.0,0.35572306090081884
188045,0.0,0.4232422499157781
199367,0.0,0.5501067685321807
128531,0.0,0.4056834358195631
118590,0.0,0.4550774840063038
214450,0.0,0.4850227670411809
8330,0.0,0.5473653074622098
156541,0.0,0.4186255898274844
166460,0.0,0.47696838595999247
189981,0.0,0.4022834125594362
87948,0.0,0.5561998936558474
180873,0.0,0.6588094090724554
160368,0.0,0.39574385910662563
126984,0.0,0.36624565399241044
112770,0.0,0.5650493446193955
-7920,0.0,0.3883649014299636
-35760,0.0,0.47421807624007045
157465,0.0,0.541883157250977
196035,0.0,0.5715179197863328
5744,0.0,0.5138897513699987
189224,0.0,0.47370707128417533
-92786,0.0,0.4659266950238391
61685,0.0,0.49192480308452163
196104,0.0,0.44142371126521235
45870,0.0,0.5181691899648379
141470,0.0,0.3397685546445854
166221,0.0,0.6115270171400249
142967,0.0,0.3717689436789388
180468,0.0,0.44658159081143917
167410,0.0,0.40459786432121314
159816,0.0,0.38569237019935276
156864,0.0,0.4056909741591265
150690,0.0,0.5274800256307984
43665,0.0,0.35784772345738564
101049,0.0,0.37449507810036625
148869,0.0,0.5151035906076515
152604,0.0,0.44606590354166226
110025,0.0,0.45289525337810776
90408,0.0,0.30211164487385106
113420,0.0,0.3601795061276475
105184,0.0,0.36746434518210275
117360,0.0,0.3067419326917704
29526,0.0,0.47880650909791456
96572,0.0,0.541377035172731
-134262,0.0,0.4674954261422323
144496,0.0,0.5767237827252288
11880,0.0,0.36881923895562685
-113924,0.0,0.48645970897016294
65842,0.0,0.5271364555140731
110935,0.0,0.49914798782821684
207672,0.0,0.42418404491022876
-186238,0.0,0.46059680624472
148772,0.0,0.681475222294691
-1064,0.0,0.43277427360364623
89507,0.0,0.45980010930131615
114060,0.0,0.10101414312456232
118854,0.0,0.22887106502910534
182315,0.0,0.37450920308731683
91052,0.0,0.4151899834547212
144824,0.0,0.5062787841939177
190650,0.0,0.32984559765979304
47700,0.0,0.36842787724098613
149345,0.0,0.49753490504456394
139356,0.0,0.3872297140496042
195966,0.0,0.4599767846583129
124025,0.0,0.35150067040057453
155111,0.0,0.43663242036796296
57495,0.0,0.48599067503788507
170568,0.0,0.3711933283263842
-61523,0.0,0.48394786610029883
131508,0.0,0.5205010153162235
10875,0.0,0.49214397302948726
73284,0.0,0.4574439608221043
208359,0.0,0.4747745975594832
128880,0.0,0.49256888418692507
179256,0.0,0.4073388334807902
167808,0.0,0.4115842548364964
148144,0.0,0.5422797174481684
133655,0.0,0.617649654849125
146384,0.0,0.5513390385491737
136395,0.0,0.3801852177046169
38992,0.0,0.519310188603579
247203,0.0,0.43898545421943586
183112,0.0,0.4345133682961088
167337,0.0,0.41440117627872164
159016,0.0,0.3961822305659039
60130,0.0,0.3441009139032135
82160,0.0,0.3716373419919026
187103,0.0,0.46325226273258285
147530,0.0,0.39065418390338197
182960,0.0,0.41132477804877443
174398,0.0,0.49225656667178835
105755,0.0,0.35375096983784665
134836,0.0,0.5871239433528678
115008,0.0,0.5120740697466453
47054,0.0,0.5065166822427271
181279,0.0,0.4342392150713107
92460,0.0,0.5130486080484397
193977,0.0,0.40584535354566426
117783,0.0,0.4539120522457339
194052,0.0,0.41170492145215654
127800,0.0,0.4692015056200711
119370,0.0,0.3692639783357834
139780,0.0,0.42480106698279346
20832,0.0,0.500908028612326
-7185,0.0,0.48444343982697147
178422,0.0,0.46466109214239437
50245,0.0,0.48671311859928806
203144,0.0,0.4146119932405359
92470,0.0,0.425228406623805
122220,0.0,0.43016103314108056
165172,0.0,0.3628955245834872
77130,0.0,0.5203159779810242
133095,0.0,0.40241001644448543
172890,0.0,0.32222137995710093
198740,0.0,0.5887418946307426
197750,0.0,0.39825621199095906
203434,0.0,0.5115580985351948
172035,0.0,0.39919965242383265
219588,0.0,0.44527563949222626
150920,0.0,0.7174927323489084
154584,0.0,0.6974063010246515
96922,0.0,0.6606024811872316
189980,0.0,0.416761226463834
179712,0.0,0.36382612303603423
189576,0.0,0.3675209201664483
140049,0.0,0.6594705544140655
201080,0.0,0.39328772785177557
213114,0.0,0.5094673063680147
176484,0.0,0.579517771829886
202952,0.0,0.5296106067954511
113448,0.0,0.6542786187688132
153608,0.0,0.7136144737161829
200376,0.0,0.37910338454869535
144297,0.0,0.6688618002408194
203379,0.0,0.6189445097933794
181330,0.0,0.6175338350333149
235092,0.0,0.4184519041104573
151918,0.0,0.4641808105737019
179712,0.0,0.39553907317258996
231864,0.0,0.5000250166362528
192698,0.0,0.3651700614613135
140361,0.0,0.6192869976950104
201260,0.0,0.48943943471820583
216448,0.0,0.31961102031786565
201303,0.0,0.35484870787539474
199122,0.0,0.38140106622974246
176111,0.0,0.4684534143050122
214368,0.0,0.5080333481768838
162264,0.0,0.5251846733070006
-68778,0.0,0.6035690301768024
207046,0.0,0.45064092758038
168518,0.0,0.36645255980652697
178722,0.0,0.6859519579124939
166810,0.0,0.40462001791068114
173172,0.0,0.4192414901387548
202290,0.0,0.5008273884995563
177330,0.0,0.6156367555771209
119713,0.0,0.6351842619304187
188960,0.0,0.4732374880614425
221420,0.0,0.5505443147402415
147940,0.0,0.5115484474232912
192776,0.0,0.35617833092243456
114243,0.0,0.4086582596713791
209200,0.0,0.3839299626881957
123816,0.0,0.673239379877596
173052,0.0,0.3706908252009944
229536,0.0,0.3894006860474657
213577,0.0,0.41573197636726367
200540,0.0,0.4899013637986231
230080,0.0,0.4324853979948205
118244,0.0,0.443163980243691
58548,0.0,0.6360479742224348
192910,0.0,0.4342643714517446
166356,0.0,0.6635655092548729
219420,0.0,0.4844075893625112
230692,0.0,0.43666686375595576
142848,0.0,0.6458587555977888
176694,0.0,0.3771484177652928
163539,0.0,0.7391199947753769
-34561,0.0,0.6522898454143746
220408,0.0,0.46568502981013404
192270,0.0,0.4218916698303634
185848,0.0,0.3832200077828454
206505,0.0,0.4070438110133996
219447,0.0,0.4184064096504271
190662,0.0,0.6518799379977952
213152,0.0,0.394185847956118
8128,0.0,0.6247724213672362
182938,0.0,0.4426965055270351
117760,0.0,0.6330931252647429
195399,0.0,0.4846364739576546
160874,0.0,0.4224639844560016
143192,0.0,0.5345131407003783
197770,0.0,0.38354510066968606
183126,0.0,0.3998338308701979
189576,0.0,0.46948184219784106
186996,0.0,0.46549571912764065
224812,0.0,0.42819775262761484
218799,0.0,0.440911933642832
206362,0.0,0.43458593891311514
191196,0.0,0.6012153241707475
139776,0.0,0.6690749585861547
146608,0.0,0.6953652684514812
215847,0.0,0.4348909692395716
197055,0.0,0.36915697719636975
207045,0.0,0.43492902239148706
163410,0.0,0.46524642011640416
118371,0.0,0.6492295775481907
23070,0.0,0.615476628929832
241191,0.0,0.4640869415620068
205260,0.0,0.48271298491359943
179130,0.0,0.4823742137921204
162918,0.0,0.3777492819357682
161210,0.0,0.4138343891351049
205200,0.0,0.3970331865899767
203150,0.0,0.6233359873232076
129100,0.0,0.5521092827923071
161447,0.0,0.7443289878320384
179744,0.0,0.3993271484752482
152073,0.0,0.6963720270296386
184646,0.0,0.4053190162575165
176638,0.0,0.6127132900199973
230436,0.0,0.41614740305215087
110684,0.0,0.6007868867105141
94556,0.0,0.5627309532125218
75150,0.0,0.41426457887696727
173404,0.0,0.41320735177447837
213894,0.0,0.5161381174454337
137640,0.0,0.7175109137872331
227744,0.0,0.4087723130331321
185746,0.0,0.46053257834546346
222640,0.0,0.38034076442978054
195420,0.0,0.4704979914922963
136763,0.0,0.6147244513460488
142590,0.0,0.6050774936866441
255096,0.0,0.38560775019219173
193536,0.0,0.41159667786772974
212184,0.0,0.4486883581210629
199752,0.0,0.5356469096318479
204768,0.0,0.4101668328749116
78045,0.0,0.6345635872037952
52688,0.0,0.5866589581144107
209646,0.0,0.5249756786786863
195872,0.0,0.6548440875280052
161445,0.0,0.4263135458933676
233136,0.0,0.3595334323625548
217448,0.0,0.4164786100064066
171691,0.0,0.4600680542453763
118557,0.0,0.2091196022834512
152594,0.0,0.6012246601985642
177160,0.0,0.6654651603384779
224368,0.0,0.3884413461555925
237591,0.0,0.48875500420006673
251016,0.0,0.4401996507868783
166562,0.0,0.5183493839401794
173544,0.0,0.3747860050561678
92690,0.0,0.687177928518099
79842,0.0,0.6554628001954254
41760,0.0,0.0
119366,0.0,0.5994817581757704
209524,0.0,0.4159793151954406
210440,0.0,0.4359368518827768
196368,0.0,0.5062781480135599
208,0.0,0.6303189865476508
15768,0.0,0.41869369434814513
130702,0.0,0.60321503273462
235742,0.0,0.424292556646305
188552,0.0,0.4866686037660072
248703,0.0,0.38825246860107065
194928,0.0,0.4392176226033923
193589,0.0,0.4783667257628353
176160,0.0,0.5549551802304836
184828,0.0,0.6004674000861531
184842,0.0,0.4674398727676295
187128,0.0,0.4097991540872525
170720,0.0,0.42430827042818003
214852,0.0,0.535805638410261
135476,0.0,0.6137738704227265
240456,0.0,0.4636692770200014
180960,0.0,0.4736358019209256
144747,0.0,0.6516862223794566
220596,0.0,0.45665366781290007
233091,0.0,0.4276115089383023
191191,0.0,0.43181994247541616
245256,0.0,0.44595939389954886
169092,0.0,0.4427817288365185
232650,0.0,0.44563911107780935
86916,0.0,0.5990281406120431
257100,0.0,0.39123101542846234
227510,0.0,0.4658481835554188
160433,0.0,0.6356179882148643
114897,0.0,0.6425595530305526
169104,0.0,0.45641848833315535
191680,0.0,0.4420816068065056
165616,0.0,0.4160313429911002
193424,0.0,0.5021466138251826
133790,0.0,0.6329848567393228
195630,0.0,0.48809033729881773
184110,0.0,0.4317560176363647
204990,0.0,0.49724234685938506
159252,0.0,0.4574288838703295
217168,0.0,0.4293857878285207
224268,0.0,0.4361001555360307
226140,0.0,0.5404784575506987
196042,0.0,0.43884790152035175
210236,0.0,0.44235136146970094
214621,0.0,0.44442379686333544
139706,0.0,0.6266643834636769
222096,0.0,0.40925996646728824
182730,0.0,0.689265091479524
185523,0.0,0.5892358606903494
174380,0.0,0.6412381760220414
97320,0.0,0.5523131954949703
141557,0.0,0.6404206246275175
153864,0.0,0.6349671089232871
162180,0.0,0.6345542322117106
257712,0.0,0.45143847208700544
205816,0.0,0.4355555532005256
236054,0.0,0.44922302960912325
201690,0.0,0.5195445213250476
225636,0.0,0.43285737810861147
180829,0.0,0.48398887439792876
169730,0.0,0.4689148719362671
69445,0.0,0.41066419815012345
113302,0.0,0.6007986795058814
179748,0.0,0.4273297594515128
218355,0.0,0.43032996073081387
208455,0.0,0.40478123093916407
198120,0.0,0.41189811533835974
109680,0.0,0.46310914645961887
133572,0.0,0.6273732969361451
189360,0.0,0.4047381969455534
113260,0.0,0.5641011741039237
167538,0.0,0.5671842344138603
51960,0.0,0.5973506097415799
110115,0.0,0.6201210252710647
202319,0.0,0.41999816158221104
129375,0.0,0.4926209701082519
107784,0.0,0.6488111423661945
147675,0.0,0.47038650799569165
122424,0.0,0.6586980141174048
246873,0.0,0.4225159643844392
183912,0.0,0.48346113793649287
218218,0.0,0.6630107529539463
163320,0.0,0.40214209676153617
178248,0.0,0.4887407571605255
224510,0.0,0.4348722177964339
206244,0.0,0.4832802553572607
143649,0.0,0.6671793651421563
146354,0.0,0.5932206075312245
181830,0.0,0.6138194560712457
208650,0.0,0.481351722208669
210221,0.0,0.45542298658900965
176680,0.0,0.4136166469726435
214000,0.0,0.3856319696595351
188573,0.0,0.4414507887744428
224917,0.0,0.4406481907877329
190652,0.0,0.5690245952785646
193050,0.0,0.39418815990903583
172524,0.0,0.6659554769294516
200580,0.0,0.39453984349377114
166180,0.0,0.6384894296652341
196764,0.0,0.5028850446091788
247182,0.0,0.3961682568067027
158780,0.0,0.6214971249200022
203488,0.0,0.42428567395793837
229034,0.0,0.41003335592138723
191889,0.0,0.4847013269991547
178068,0.0,0.4249058974857206
180336,0.0,0.5469134429107775
126105,0.0,0.45914957791580113
204281,0.0,0.4019283035462841
99974,0.0,0.6841875428290065
157118,0.0,0.459834583446924
200580,0.0,0.4922446930335921
191844,0.0,0.6018167287455954
199116,0.0,0.5253965320949884
145395,0.0,0.6533196017855608
196500,0.0,0.4833985285001327
212150,0.0,0.39742670252485074
192822,0.0,0.4150852346134377
204780,0.0,0.5183812741523729
214620,0.0,0.48782027966839253
186538,0.0,0.44763855442755046
187060,0.0,0.7148974948408967
231900,0.0,0.36046343421152044
137016,0.0,0.6167777516216301
168504,0.0,0.6350648751392219
199620,0.0,0.6204888672972791
203400,0.0,0.4125858885675909
172799,0.0,0.5438672174058989
28032,0.0,0.6662819649747294
213120,0.0,0.6179641423813229
114062,0.0,0.59095439503139
122850,0.0,0.6873935626510234
182847,0.0,0.49056765707535044
140546,0.0,0.429258832574664
107432,0.0,0.6096930844938896
174525,0.0,0.49872580564366137
190385,0.0,0.47299676598556123
208714,0.0,0.516960494350003
112584,0.0,0.6532277237788537
185376,0.0,0.35155319986047384
160459,0.0,0.44354528158515427
242770,0.0,0.4233335778845323
145266,0.0,0.7104421843179898
160105,0.0,0.7596968483422035
188617,0.0,0.5725166751074521
172579,0.0,0.6649769631391239
150252,0.0,0.6191559803391619
200648,0.0,0.49494700318889145
83174,0.0,0.635445327060727
210800,0.0,0.5367376353358166
166320,0.0,0.5825876605938992
118980,0.0,0.619468728611144
188922,0.0,0.4416352094763129
76240,0.0,0.08222171874262181
195912,0.0,0.5250622773950612
220220,0.0,0.38862442111449513
228384,0.0,0.3942140937136129
170145,0.0,0.45892027130399127
209088,0.0,0.5877719942843276
100044,0.0,0.669293982562674
111664,0.0,0.7179573964318794
67561,0.0,0.629924020339109
163275,0.0,0.3902279542534726
154680,0.0,0.5773438062726131
84030,0.0,0.5849979092286335
204776,0.0,0.3658972801495234
209568,0.0,0.3969520084514677
190536,0.0,0.46557025557993664
137184,0.0,0.6421482788741433
211708,0.0,0.43962379818668196
172256,0.0,0.3792030057035403
226952,0.0,0.4290215390872309
145483,0.0,0.400048046119015
135102,0.0,0.6781866397085479
205348,0.0,0.5773648883998517
220656,0.0,0.41580005548855514
203269,0.0,0.43819130954440466
183048,0.0,0.44843601015731344
175084,0.0,0.5619727111378293
159579,0.0,0.6579642132388054
168020,0.0,0.6564303919112033
175406,0.0,0.5949942369870527
57176,0.0,0.6441774812230868
203968,0.0,0.45501077236775284
144992,0.0,0.43905878257666964
110904,0.0,0.49901591225574515
138842,0.0,0.6901892430902558
11818,0.0,0.4375050843783245
208332,0.0,0.46375698725924513
219584,0.0,0.5428729582860823
225819,0.0,0.48693909274516395
194635,0.0,0.4290133182869704
173742,0.0,0.3617656573336847
138128,0.0,0.4723338410084845
191347,0.0,0.4588937266385898
95214,0.0,0.674915208242758
117015,0.0,0.47621622785455964
92778,0.0,0.6802111950772546
196042,0.0,0.46799178950460535
176810,0.0,0.45533675439774546
213756,0.0,0.4959195282761665
196392,0.0,0.3992804851504537
169965,0.0,0.5793184870759281
141147,0.0,0.6442940507797197
209033,0.0,0.6163724673654045
195580,0.0,0.4037924260943091
205926,0.0,0.4067225433675277
208638,0.0,0.49633621314007453
191140,0.0,0.6359746492789262
229350,0.0,0.48521095392488023
229428,0.0,0.4280428087321172
185838,0.0,0.4714052304486615
92905,0.0,0.4566243422148109
143735,0.0,0.40104420019430154
160986,0.0,0.4006530842093802
172627,0.0,0.4480628350375102
36397,0.0,0.6037523148359748
179154,0.0,0.5018468937606941
206360,0.0,0.43067914569176635
197015,0.0,0.418144356062195
99414,0.0,0.7442055276349242
43848,0.0,0.0
149310,0.0,0.6913834507186994
179208,0.0,0.4046445649870099
248922,0.0,0.5080240779584647
-96805,0.0,0.6321732468344788
211869,0.0,0.43219585060411575
126735,0.0,0.45879528301201505
132706,0.0,0.5816964445946274
167088,0.0,0.31091772654719524
187222,0.0,0.4270566602858568
209985,0.0,0.4205526441113812
223608,0.0,0.4414191547048123
247470,0.0,0.4488166358797629
-53244,0.0,0.5986760757206206
53018,0.0,0.6191710714182026
207430,0.0,0.41197198389010353
200040,0.0,0.494039375876568
123450,0.0,0.47336214055623427
149535,0.0,0.5004373247166843
223410,0.0,0.5114601652791829
253872,0.0,0.4181001141526312
231760,0.0,0.40502067709599887
159468,0.0,0.46465551079323036
201520,0.0,0.6476456331426205
180360,0.0,0.40764506073772677
169286,0.0,0.46571186359363925
95550,0.0,0.44796304956654853
63990,0.0,0.5726521917964359
194250,0.0,0.4725391793784585
162578,0.0,0.4482919870086699
152096,0.0,0.6245795925243409
178574,0.0,0.5521579001823571
208792,0.0,0.4897376773982939
158026,0.0,0.6825191063240503
-161519,0.0,0.5997142583245759
168145,0.0,0.4926249757763445
149184,0.0,0.3808531609526373
175734,0.0,0.5466381112746488
194556,0.0,0.41291997596791585
194220,0.0,0.3910396355318443
49408,0.0,0.681628494845357
170071,0.0,0.5644403653643516
216612,0.0,0.4843831914511072
209900,0.0,0.49737619482332085
229788,0.0,0.48179281807931
202164,0.0,0.4747495309300889
208780,0.0,0.4705465153088542
181989,0.0,0.60531481991827
155950,0.0,0.6335261830397746
205380,0.0,0.45955351756056617
193736,0.0,0.4597199875085808
195290,0.0,0.4239203854922692
169848,0.0,0.5470438921764641
182544,0.0,0.7068987070783653
194070,0.0,0.46331171792521386
239064,0.0,0.43061985037367345
182944,0.0,0.39445483418247407
170590,0.0,0.587060409376984
156024,0.0,0.4154986681840926
245388,0.0,0.4006549141254005
162441,0.0,0.7549894168665267
166900,0.0,0.639536984953748
175540,0.0,0.6606695782665781
155268,0.0,0.6352523875725015
173921,0.0,0.5593264116003711
187596,0.0,0.6003257313010024
116964,0.0,0.5677723028440574
152472,0.0,0.6179921173586607
234780,0.0,0.5418794479844034
199648,0.0,0.48115937284824795
149814,0.0,0.37886887878917436
148106,0.0,0.41271364955889683
203556,0.0,0.45889469258933224
206270,0.0,0.43178949723834437
212532,0.0,0.47638974431937353
204624,0.0,0.43363952049141263
134220,0.0,0.6000641250298328
215868,0.0,0.3932404566603585
179046,0.0,0.41669909246488374
157716,0.0,0.5548930582022954
177338,0.0,0.45207198570582735
151410,0.0,0.5905103204565048
140524,0.0,0.5113275618379866
167720,0.0,0.6469133183065977
100542,0.0,0.6571138507174039
153504,0.0,0.3489298897722337
188361,0.0,0.33276247606879095
24738,0.0,0.4716524400518754
93008,0.0,0.3665022603641661
196677,0.0,0.36992780752166643
206484,0.0,0.42394562216074605
186433,0.0,0.3807336325405625
144090,0.0,0.6999794047386657
32144,0.0,0.6614000389919907
55440,0.0,0.4910204541226672
176995,0.0,0.782058345763357
106575,0.0,0.5096470938401582
173160,0.0,0.7055980589326061
129430,0.0,0.6388689213686156
-159543,0.0,0.5709756215499014
148588,0.0,0.6574136590514355
221670,0.0,0.5211240939494503
168480,0.0,0.39414264151189876
192199,0.0,0.5024361513539137
151995,0.0,0.41452142134591424
121062,0.0,0.45842493492884
182756,0.0,0.42997381800096257
231096,0.0,0.4147786948771555
121842,0.0,0.4289606264838621
193479,0.0,0.46291979344303086
143235,0.0,0.40414563256833885
170712,0.0,0.5915240102555929
124488,0.0,0.5277938972114212
191893,0.0,0.49671301405733626
190080,0.0,0.37796859759902685
41360,0.0,0.0
207753,0.0,0.4626432152234784
194481,0.0,0.4115970975257613
207423,0.0,0.43414190232899597
189059,0.0,0.45519338211271526
221112,0.0,0.40398169980995935
213048,0.0,0.429770343593379
200442,0.0,0.4607365526121561
199200,0.0,0.3993713252238869
213900,0.0,0.4888245506886664
207560,0.0,0.510553627213025
219760,0.0,0.47520418269710063
176876,0.0,0.4208174772726213
197616,0.0,0.4202693750738397
191334,0.0,0.6289630900773914
216510,0.0,0.6350017137129911
153216,0.0,0.6629415528947429
187275,0.0,0.6857345042029256
178896,0.0,0.4430005771091173
162916,0.0,0.5528394151149981
257466,0.0,0.3692287985797146
198790,0.0,0.4078891196184002
220812,0.0,0.4665451965993279
193215,0.0,0.5901358814609428
222876,0.0,0.40398030615123304
157990,0.0,0.3909774160663857
249615,0.0,0.434035655437442
130572,0.0,0.5023560015091108
162883,0.0,0.669019429947712
94276,0.0,0.67436529259581
144536,0.0,0.660180852801199
244046,0.0,0.4602183460138501
137440,0.0,0.44910941973181606
112320,0.0,0.4703450752329808
44172,0.0,0.4564637129335562
179166,0.0,0.3962954195686323
207010,0.0,0.41281731170353025
203987,0.0,0.40417451687620715
116752,0.0,0.4781787815457944
208715,0.0,0.4464268885787605
157140,0.0,0.4171674614429295
204712,0.0,0.44524002131355866
140724,0.0,0.3863374588587055
187551,0.0,0.6610023048719667
31312,0.0,0.5754123001461605
13685,0.0,0.5941226774360049
41832,0.0,0.0
42696,0.0,0.0
172230,0.0,0.4404283860118953
115263,0.0,0.441635939278804
124800,0.0,0.6279978034640661
141405,0.0,0.4361610499978405
196152,0.0,0.4585238611374303
214404,0.0,0.43927984673431963
136404,0.0,0.6443673644828765
163737,0.0,0.6458911056137239
168102,0.0,0.6166546157432805
184410,0.0,0.38573977239312607
165150,0.0,0.4867819309166501
169344,0.0,0.36022540236099704
194400,0.0,0.41041380171281233
169785,0.0,0.679804827774654
173286,0.0,0.6505367532959769
152190,0.0,0.4852222019815207
206869,0.0,0.536555901378775
179725,0.0,0.49320464541279707
159256,0.0,0.72567969958881
115622,0.0,0.6279934668582189
187368,0.0,0.42254841191368747
179881,0.0,0.47560394168681197
197217,0.0,0.7486309544413509
173437,0.0,0.44068734428695233
162344,0.0,0.44072124665898355
200805,0.0,0.49448422244480217
218498,0.0,0.43853316570549633
141588,0.0,0.6884312921349343
157290,0.0,0.4919526465597938
135972,0.0,0.6414601195416706
137606,0.0,0.6012036661296961
162240,0.0,0.5966289637270196
146052,0.0,0.554415217359473
153072,0.0,0.6054336375526701
194350,0.0,0.6108914679374602
163071,0.0,0.6193481813415668
163233,0.0,0.6439634961203424
212312,0.0,0.7114771685451429
165270,0.0,0.6098294203675898
205632,0.0,0.6466817642152648
194128,0.0,0.6059345794597054
188276,0.0,0.48527871554176905
186720,0.0,0.4923823900469675
173760,0.0,0.4933789009675226
198575,0.0,0.4874055101739562
171842,0.0,0.4428661524468407
218101,0.0,0.5380910587359274
215644,0.0,0.5350775866739068
128115,0.0,0.3973022563276942
252408,0.0,0.47477005083859614
148500,0.0,0.7745365862609656
75852,0.0,0.5482683006099623
180198,0.0,0.7447972071728226
206108,0.0,0.4529781057059245
105084,0.0,0.599953127491723
167670,0.0,0.6151170307414716
158622,0.0,0.7353169039883025
137290,0.0,0.6556078278032845
170547,0.0,0.6117348012790297
164670,0.0,0.639314828493944
154980,0.0,0.47272473563129747
204028,0.0,0.45887215146776167
172774,0.0,0.45488581444412696
203736,0.0,0.4982489113379878
169535,0.0,0.5657366530370173
-60360,0.0,0.4317123784501312
2850,0.0,0.4442309943822711
121520,0.0,0.41310774424919505
199045,0.0,0.45829782264031654
177522,0.0,0.4021707241130063
30400,0.0,0.41394846366740345
214272,0.0,0.5155423090686588
-67012,0.0,0.4298081195140682
170724,0.0,0.45458826819902265
149664,0.0,0.46323388338634863
231322,0.0,0.4640099932202577
155259,0.0,0.44878576283020005
151029,0.0,0.6789948119325032
95248,0.0,0.5287823507168053
168119,0.0,0.6792918179914181
112554,0.0,0.5754392557001463
215148,0.0,0.5219558787081515
153171,0.0,0.6804414589419596
129510,0.0,0.695596751775137
130912,0.0,0.47523193970546207
159354,0.0,0.7105320046261157
112875,0.0,0.5829504766792919
155925,0.0,0.70310787427817
46384,0.0,0.6190199102808163
155694,0.0,0.4811236043781371
148480,0.0,0.47570826726883797
152262,0.0,0.7019737904954928
125472,0.0,0.46902119316109936
136444,0.0,0.6632730134405926
101136,0.0,0.477569852502641
190526,0.0,0.5144746696604201
161294,0.0,0.47530354942119335
185076,0.0,0.6886560735921425
192676,0.0,0.4801754089786924
149702,0.0,0.6117548495356375
185757,0.0,0.5041195751221274
142335,0.0,0.4971363549123695
98085,0.0,0.5881724913089329
142571,0.0,0.4437961191717244
177837,0.0,0.43624380839608395
129339,0.0,0.5961967209831169
227352,0.0,0.4469138642510443
184301,0.0,0.4837821348050469
151864,0.0,0.6807286242631666
189702,0.0,0.6942917191582191
158103,0.0,0.528310741303609
91005,0.0,0.6470668212201629
181960,0.0,0.5843201072294455
213738,0.0,0.4334095649719495
176760,0.0,0.649543228884236
160108,0.0,0.48078067449178014
139696,0.0,0.6358077030400942
177849,0.0,0.75802628775668
168931,0.0,0.7038177758048374
92174,0.0,0.43509145431569457
140236,0.0,0.5131646333380773
123616,0.0,0.4490613163023146
189618,0.0,0.5030270534459901
-13566,0.0,0.4424949591794932
163775,0.0,0.4522047046302962
206400,0.0,0.4815467884499269
206016,0.0,0.46145060560767837
178373,0.0,0.45210666066907185
212328,0.0,0.415082017715829
46265,0.0,0.44349481859863726
118344,0.0,0.6478298492150587
148642,0.0,0.5396496275299407
170250,0.0,0.49318175641013406
166764,0.0,0.4493534225090587
163368,0.0,0.7378453609758596
222552,0.0,0.46095143717530845
181038,0.0,0.4548293484489163
233870,0.0,0.4239987145933127
130824,0.0,0.691598841800593
181380,0.0,0.6825088228239136
236577,0.0,0.4386766601454966
131348,0.0,0.45002937557044
227408,0.0,0.47856379255378695
41871,0.0,0.43502740790961963
-87570,0.0,0.4468929969385742
76272,0.0,0.44658896571299217
85824,0.0,0.4240090135568319
241524,0.0,0.4305929246266782
84496,0.0,0.4412665990118543
70193,0.0,0.461127218046895
220467,0.0,0.42044571606982833
224400,0.0,0.4470140194793639
101805,0.0,0.29506694733550237
102486,0.0,0.41900321959122405
197008,0.0,0.4337775645670044
167184,0.0,0.38970423828065115
187109,0.0,0.5628251812084943
147406,0.0,0.5689477415735481
141390,0.0,0.5623135673168649
225664,0.0,0.3869664481202524
147516,0.0,0.5326896224934555
166968,0.0,0.4170785643895434
154116,0.0,0.42346555246631357
184722,0.0,0.4386135389451236
160184,0.0,0.335558529443074
259182,0.0,0.406846639162896
102578,0.0,0.4270577423411768
202473,0.0,0.7738399717041081
139044,0.0,0.5370152308422479
-10600,0.0,0.4521123308110546
157095,0.0,0.4488796777564678
180170,0.0,0.5207990086466634
-102900,0.0,0.42247871776608603
177310,0.0,0.4490125999794292
170048,0.0,0.7944033143430792
157840,0.0,0.7159130489058093
201300,0.0,0.4927521698232197
193344,0.0,0.5940498693823419
154712,0.0,0.5698846459723378
190957,0.0,0.4974784831183836
149076,0.0,0.48982494820687866
136005,0.0,0.48740261263483353
184751,0.0,0.6585087305346102
117754,0.0,0.5768767895803099
27330,0.0,0.6057886948965546
61845,0.0,0.42067664803580695
165804,0.0,0.4700106189176592
210084,0.0,0.5103060017886258
198690,0.0,0.4759478541587266
199640,0.0,0.4480964765493913
222464,0.0,0.4188351155893498
172764,0.0,0.4316873993891619
-29088,0.0,0.5793928899956695
191844,0.0,0.4519774022038256
192195,0.0,0.45598978290059367
179487,0.0,0.5818154894328609
181233,0.0,0.3920476104112284
121056,0.0,0.6571297994280343
121896,0.0,0.5645682316494461
-48174,0.0,0.4252649281932889
210296,0.0,0.46411145015993915
195613,0.0,0.500773758726688
212498,0.0,0.41952837179302654
171184,0.0,0.48859804940419477
230571,0.0,0.42086060827277116
162144,0.0,0.7362271229202129
153588,0.0,0.4604067207899357
255960,0.0,0.38139989207574965
137790,0.0,0.6389723625111524
230025,0.0,0.3831520812800855
91716,0.0,0.6035164111372853
171168,0.0,0.43076697880953574
190872,0.0,0.3768802521383805
176130,0.0,0.5631584030406537
206635,0.0,0.5758216604430211
144830,0.0,0.5333937725396949
231237,0.0,0.5336893643183175
234189,0.0,0.34851641328743505
103730,0.0,0.6058179049464212
-74480,0.0,0.44463338619105536
151412,0.0,0.4951828221182557
10830,0.0,0.6288168316730512
210854,0.0,0.3735063175773804
134838,0.0,0.5336335769346408
133936,0.0,0.5733018882108535
192444,0.0,0.46141953743163955
203830,0.0,0.4680396935226242
198200,0.0,0.5015118500399197
132288,0.0,0.6767769917786909
198792,0.0,0.4424022072324686
197640,0.0,0.34244544015533496
35154,0.0,0.5935177596200634
190510,0.0,0.5977068623765243
141948,0.0,0.5844112698738511
197180,0.0,0.5668601623155451
167600,0.0,0.451526256736884
220500,0.0,0.41226744133945165
109269,0.0,0.6419107641652535
105911,0.0,0.6795672825198246
204273,0.0,0.4526216413243529
15960,0.0,0.4665551994387261
166445,0.0,0.471645388612361
171960,0.0,0.41725384068139953
237062,0.0,0.4466990464757071
198462,0.0,0.4024098295758001
214230,0.0,0.5263021241572521
177884,0.0,0.41954175425332946
195872,0.0,0.4886751966516139
154320,0.0,0.44314808548166107
219725,0.0,0.45595928778444034
184002,0.0,0.47481037326776987
204061,0.0,0.4371214130901957
219882,0.0,0.47900249443524645
189365,0.0,0.4408707835100396
148904,0.0,0.4308333702992799
154370,0.0,0.5341593237037999
188076,0.0,0.6172227659956248
173240,0.0,0.6397746961638575
142506,0.0,0.637755581559009
189585,0.0,0.4751263632309778
218169,0.0,0.5477431420217895
148320,0.0,0.4159509222521374
57970,0.0,0.44684126119886836
215033,0.0,0.49458255473821044
-51700,0.0,0.44651665097936843
146856,0.0,0.5771615213156436
202968,0.0,0.3423462779993135
167700,0.0,0.41834692968479176
208550,0.0,0.45861882980243873
119180,0.0,0.5934302484921216
202176,0.0,0.5930235858649244
76999,0.0,0.6108453868219182
243666,0.0,0.4986027274373542
244075,0.0,0.4477529370564215
204312,0.0,0.497419768936859
119182,0.0,0.6211338188109962
113104,0.0,0.46215285228679814
207714,0.0,0.48259420885266785
164645,0.0,0.6210466893558296
100589,0.0,0.4790071461444707
197484,0.0,0.43717388558968767
230616,0.0,0.5026500942472482
178932,0.0,0.42422393595775054
207230,0.0,0.47918065710987534
125750,0.0,0.6021835406830294
224125,0.0,0.4425158837976654
151658,0.0,0.4341394458492242
210366,0.0,0.34200198619596833
-95292,0.0,0.6107533464078352
181048,0.0,0.4705724402774116
164136,0.0,0.41922146949851286
193815,0.0,0.4297134713027209
208818,0.0,0.42283039241018533
187044,0.0,0.4628423858789761
80175,0.0,0.5926056250854321
216207,0.0,0.48929698666206856
176371,0.0,0.4174064530383309
204302,0.0,0.39864818982333533
190170,0.0,0.46444023624014086
196119,0.0,0.7714309048400276
191114,0.0,0.5123398360502304
244343,0.0,0.3877360461548656
169147,0.0,0.4408211721064266
233056,0.0,0.4018616455452076
118412,0.0,0.42797089311234915
149963,0.0,0.49041444601659123
-122076,0.0,0.6075076277515029
139124,0.0,0.4195386367408501
146112,0.0,0.7213075986039547
226590,0.0,0.4143750777732048
233650,0.0,0.3620311992508578
49210,0.0,0.5549848186697895
194676,0.0,0.42135620263942025
171226,0.0,0.556074863065599
193212,0.0,0.4587949464627133
191280,0.0,0.4292415202735593
202690,0.0,0.4692032932285335
190596,0.0,0.41252528170012126
207830,0.0,0.4595938628322971
127870,0.0,0.44938331570157386
89771,0.0,0.48617711960289584
146542,0.0,0.4038387835600713
270491,0.0,0.39052235973608473
169839,0.0,0.40633553295676317
243347,0.0,0.38848952477270454
159962,0.0,0.3895549171342323
253528,0.0,0.44099149596387155
144144,0.0,0.3602494436518897
269346,0.0,0.41076225429080643
189618,0.0,0.45116693881461906
165810,0.0,0.5616247382569745
185193,0.0,0.43112222304903763
221169,0.0,0.425004749241982
201696,0.0,0.4593904626271475
185878,0.0,0.44058563089778685
227612,0.0,0.4374533575213108
144326,0.0,0.44932350719636577
125340,0.0,0.5340892739835384
75647,0.0,0.5641352335129597
158851,0.0,0.4283525132942396
254639,0.0,0.3581153360868303
181819,0.0,0.4916855761899286
228510,0.0,0.39515296391474675
139906,0.0,0.4400876786403684
155558,0.0,0.45714844477724176
135708,0.0,0.5497394156149169
86879,0.0,0.5803606413159929
153972,0.0,0.4849304682684378
168355,0.0,0.4408915646535791
245135,0.0,0.38400330949684547
222167,0.0,0.35586631424052045
169832,0.0,0.4653514117602807
220734,0.0,0.4055793759133955
151138,0.0,0.4481892144554656
233676,0.0,0.39889176189696
163150,0.0,0.4715030961903336
225360,0.0,0.37839345007654546
161694,0.0,0.4517074553618883
141372,0.0,0.5513286046610635
93015,0.0,0.5838374172277201
173547,0.0,0.4370423653480472
239943,0.0,0.4117137823295878
196515,0.0,0.4966191077501611
216975,0.0,0.3769869792491511
216486,0.0,0.4256659561136421
157274,0.0,0.44292091718551274
147884,0.0,0.3728833774033642
245362,0.0,0.37886383756642217
232265,0.0,0.40649874321724255
248083,0.0,0.3926243392035658
237919,0.0,0.379857946796959
218604,0.0,0.6093178900917134
193548,0.0,0.5580744947662362
204580,0.0,0.6086614490109498
131280,0.0,0.5960467810586688
131505,0.0,0.5924677505709603
176683,0.0,0.6704963056328477
174152,0.0,0.6556690897741579
189970,0.0,0.689780994509604
142740,0.0,0.4759908847445055
243776,0.0,0.43482023432579964
216632,0.0,0.41147070631810007
230923,0.0,0.45919896035381774
195620,0.0,0.40864686358989466
194025,0.0,0.3924321959905095
231671,0.0,0.3419916193695983
191323,0.0,0.5019894708957551
149539,0.0,0.616052864454264
207852,0.0,0.4215263419995377
175968,0.0,0.45840089992477223
217070,0.0,0.48731054960463577
241452,0.0,0.3730486297431205
218960,0.0,0.6371902082495702
246741,0.0,0.45471571532952354
201684,0.0,0.43503447592427114
154308,0.0,0.39308543355695785
209720,0.0,0.6061802076228687
179806,0.0,0.6587221101079054
125818,0.0,0.5343930174913195
-48875,0.0,0.6059971318205961
187821,0.0,0.35717424915784496
209824,0.0,0.5846198519231129
82964,0.0,0.6247516550917429
176584,0.0,0.5300920138301337
112321,0.0,0.6004005835181716
-61438,0.0,0.6294108346120673
158065,0.0,0.36150307014413774
185808,0.0,0.506458382654979
125150,0.0,0.6091810317641125
7264,0.0,0.5858336624113331
216336,0.0,0.4736024805780686
210980,0.0,0.4499603395933446
181006,0.0,0.4297557451922854
157900,0.0,0.5170181279511369
102170,0.0,0.41330113939173996
169456,0.0,0.29069308183199605
203476,0.0,0.4711616688927248
184448,0.0,0.3739757036630938
193325,0.0,0.39070518049178593
215472,0.0,0.5583124642058938
88956,0.0,0.47859140293975183
130592,0.0,0.18212269399815464
103598,0.0,0.4642870772664425
157480,0.0,0.3678153851524726
162050,0.0,0.4789219450157108
50122,0.0,0.46431511537399706
104856,0.0,0.07592135598242906
68220,0.0,0.45025897122667013
139065,0.0,0.4626678233205759
198233,0.0,0.40777155256569503
97648,0.0,0.4453444065363121
240312,0.0,0.35956768510198767
148090,0.0,0.7064919294250888
229563,0.0,0.3866159636739164
121264,0.0,0.7019245136240602
38544,0.0,0.6632821552564975
174570,0.0,0.5664778245889693
162379,0.0,0.6669852700039212
179060,0.0,0.5523233196461497
200981,0.0,0.5797184605103838
-4032,0.0,0.6619596333256986
15776,0.0,0.6473436787811154
89726,0.0,0.6569917810152707
205218,0.0,0.4344757770649348
192244,0.0,0.4542551774941782
245938,0.0,0.4029331260285498
238908,0.0,0.3676701588687384
185450,0.0,0.46882583803061995
228540,0.0,0.38312372652360527
123172,0.0,0.43644464921592635
218876,0.0,0.3823615966040749
105833,0.0,0.5223798683226893
194701,0.0,0.5766410402646026
144914,0.0,0.6351364998158375
121464,0.0,0.46238183421493245
254530,0.0,0.3793916882648546
145644,0.0,0.4173131076806453
170700,0.0,0.47421500522548893
221552,0.0,0.4248580537559352
138544,0.0,0.4445490653225768
224016,0.0,0.4147526302692501
160620,0.0,0.6424794688629751
220070,0.0,0.4156019644187351
240950,0.0,0.45698469281247633
161940,0.0,0.41237951028930125
237192,0.0,0.4012549839821814
178240,0.0,0.43841173595169686
219936,0.0,0.40785804791984864
174779,0.0,0.4066022253682136
152320,0.0,0.5090455744744691
116666,0.0,0.5445966194974159
211562,0.0,0.42139450134117973
186857,0.0,0.4171033100650685
226633,0.0,0.46837224125958526
171039,0.0,0.39526316529213373
242451,0.0,0.46829679996875007
203985,0.0,0.506248056628923
211794,0.0,0.43213482491033944
187343,0.0,0.4721477351323948
118664,0.0,0.6252347660129759
195250,0.0,0.4685865938217132
218240,0.0,0.4146496324178355
218218,0.0,0.5219199288554192
195272,0.0,0.3659540525232365
201617,0.0,0.47421154922551795
198729,0.0,0.4016677106740694
182923,0.0,0.46413422016917066
211671,0.0,0.4199116198939589
205370,0.0,0.4173080838431333
221188,0.0,0.42490856475965944
198121,0.0,0.5952960848915466
165048,0.0,0.5914275156523436
189264,0.0,0.5843107969919027
164208,0.0,0.528392715007156
180130,0.0,0.5637508946442503
194510,0.0,0.5972829798725783
144898,0.0,0.6325887915121267
209988,0.0,0.6811592837870105
163075,0.0,0.6388763380326883
211991,0.0,0.45803635943538346
219846,0.0,0.4710887445551715
238706,0.0,0.44830905996636367
184847,0.0,0.4202649330679576
147257,0.0,0.6033385970414705
192620,0.0,0.46616692478398414
160048,0.0,0.5591808194063088
-7310,0.0,0.639098791720891
209826,0.0,0.37223162335742876
176858,0.0,0.5325838752845735
59024,0.0,0.6100859907015396
18160,0.0,0.6787286596133364
117194,0.0,0.6653799908533512
222563,0.0,0.54844938765256
-19873,0.0,0.664554382714331
170639,0.0,0.5507106445412231
-78066,0.0,0.6399859672865176
184085,0.0,0.4347931223286198
229405,0.0,0.4420558678962175
177728,0.0,0.41789528608418963
215236,0.0,0.4150037232890691
145675,0.0,0.4088122064563127
186571,0.0,0.3410975169559269
169246,0.0,0.4711373837512712
204008,0.0,0.40090426040695476
193270,0.0,0.4846714743098059
183414,0.0,0.3765251921029889
208120,0.0,0.3792767001415182
210056,0.0,0.36670359987482753
135200,0.0,0.3993259627044001
194280,0.0,0.4897046781475184
210972,0.0,0.3921824163435731
207558,0.0,0.4025424820084673
179886,0.0,0.43205338271273835
137895,0.0,0.5518730273081021
176360,0.0,0.7125988718984517
174086,0.0,0.5433404262792066
135030,0.0,0.6393382288300137
-48042,0.0,0.6328650374102808
55496,0.0,0.6137906737077703
227223,0.0,0.4333007782813192
157402,0.0,0.4517962049551528
75528,0.0,0.9076295997319864
137618,0.0,0.5600935274985939
83440,0.0,0.5957074714673758
174984,0.0,0.44366354085132953
201992,0.0,0.4312631873277006
213496,0.0,0.4476122301358491
152642,0.0,0.44412689553613544
180090,0.0,0.5847345098243407
160349,0.0,0.4499452847736231
182240,0.0,0.6594827259433673
127854,0.0,0.36708438386436343
111040,0.0,0.3578092204833998
164850,0.0,0.40961328963953203
202041,0.0,0.6419650529722151
107129,0.0,0.3269010320380278
128214,0.0,0.29203833535800433
150488,0.0,0.3412733073701312
71724,0.0,0.46291878513867507
163544,0.0,0.3437367011652734
163845,0.0,0.38172689250046343
97830,0.0,0.3280565625638116
220635,0.0,0.729536168123835
78694,0.0,0.5645875700793853
123740,0.0,0.32487141851398627
190488,0.0,0.4478453974754093
161672,0.0,0.34147833105895486
105790,0.0,0.33003979349703094
162648,0.0,0.5453083666289539
117108,0.0,0.5688060835521469
137308,0.0,0.30182323061957683
125352,0.0,0.5472842180903783
144606,0.0,0.432744275002526
147330,0.0,0.4492053772960208
138350,0.0,0.40367918329218333
140940,0.0,0.5535372523205015
80234,0.0,0.420817592899469
175584,0.0,0.6480404822578727
78516,0.0,0.4104096853498695
112140,0.0,0.5434807739914466
147141,0.0,0.4058175262056594
158031,0.0,0.44180367003297005
149083,0.0,0.4871167575921151
69672,0.0,0.4501708730185665
143190,0.0,0.41441126386653626
165250,0.0,0.44353840526221305
175350,0.0,0.6088101595150253
135300,0.0,0.552019222919933
154422,0.0,0.41105980981239054
165732,0.0,0.6188621675712118
31542,0.0,0.49943616385763345
117585,0.0,0.3247892799609414
182730,0.0,0.5320624732939145
138024,0.0,0.5700588034213894
167616,0.0,0.4913806674772857
141822,0.0,0.5633033770001246
132453,0.0,0.3926081987431746
158165,0.0,0.466366145335699
187496,0.0,0.49260086336364467
152104,0.0,0.45797238531720785
188034,0.0,0.7123794004862436
151860,0.0,0.47070611734421264
110631,0.0,0.3177747116615969
211911,0.0,0.3854257320333004
124330,0.0,0.3574171359344963
152526,0.0,0.4572107916525242
155010,0.0,0.5118912737338871
207210,0.0,0.6327959536336781
138056,0.0,0.29588107632596544
192090,0.0,0.5948708885574825
132112,0.0,0.35390398574783893
147065,0.0,0.3665911843239434
76351,0.0,0.38526454568527396
153495,0.0,0.5057809776257752
164520,0.0,0.5498020217483135
181000,0.0,0.5600044585554186
168048,0.0,0.5976317242508647
197673,0.0,0.7553183962695112
192006,0.0,0.4013491946329515
145572,0.0,0.4935445214027938
85283,0.0,0.34987935321261243
177690,0.0,0.611489455813829
106353,0.0,0.4558827020291832
117227,0.0,0.4826077484546427
145410,0.0,0.4959077642480275
124080,0.0,0.26710776635775885
169344,0.0,0.4878282337460763
176715,0.0,0.5915154246351327
140063,0.0,0.4398526433253643
129855,0.0,0.41012605594611357
157398,0.0,0.3790289143213039
114261,0.0,0.3317055175491838
140472,0.0,0.31780020191724506
-34062,0.0,0.36073799830599534
162960,0.0,0.4793503093185183
160360,0.0,0.4563645797471585
105246,0.0,0.43964744645490395
122276,0.0,0.3549265141497621
72464,0.0,0.5173352151886991
126180,0.0,0.3539357080260448
131160,0.0,0.5558639845872482
150876,0.0,0.42143345050539954
157221,0.0,0.5402162661341819
90981,0.0,0.3864472813963708
81564,0.0,0.5029396700189064
84408,0.0,0.6494457131927948
78420,0.0,0.28577372503912285
139436,0.0,0.43281674234965906
42970,0.0,0.0
184167,0.0,0.6670005515005198
136300,0.0,0.35419405659771075
208242,0.0,0.7019991906986303
160304,0.0,0.31454072276994455
174468,0.0,0.5058411275953406
125748,0.0,0.36259813325189266
193226,0.0,0.5914950816712101
113232,0.0,0.41022879477915275
133155,0.0,0.316806369853226
152825,0.0,0.7049006431168556
138276,0.0,0.48361173537580177
170991,0.0,0.4179292539657101
124920,0.0,0.3096874028016426
134600,0.0,0.362143082317542
131985,0.0,0.3250426195536073
138397,0.0,0.27375186748387215
144344,0.0,0.3350182633739549
129978,0.0,0.3682009883462309
201072,0.0,0.6990769607645786
128310,0.0,0.2803459241502797
161580,0.0,0.5789366084373085
159572,0.0,0.4627049942859466
197001,0.0,0.5166610031580638
124674,0.0,0.4108090967014374
180072,0.0,0.4543837398124731
127708,0.0,0.3654530712585198
123136,0.0,0.5628190482300254
111780,0.0,0.47003349166598185
31224,0.0,0.33720462946697694
118440,0.0,0.562398252433961
136179,0.0,0.4300005251588725
187308,0.0,0.4821706706053533
188136,0.0,0.5932826770929679
204402,0.0,0.45919164540829277
176040,0.0,0.5401363382060768
132600,0.0,0.33488020932275664
151632,0.0,0.5026481637703845
178976,0.0,0.4519289989734167
134444,0.0,0.5933978700898149
226216,0.0,0.4396159243209286
133400,0.0,0.3051541124163085
194688,0.0,0.4771397706016065
197811,0.0,0.641410012072344
160578,0.0,0.5690696201459321
142527,0.0,0.5596183147394371
193689,0.0,0.6082958180736142
188472,0.0,0.6936951518529477
41760,0.0,0.0
137645,0.0,0.4228198358510358
100584,0.0,0.5423784489974146
167741,0.0,0.49269937437330186
162946,0.0,0.34120034254131076
180441,0.0,0.6327025195733135
118236,0.0,0.3679124076383509
79848,0.0,0.40266601789723167
137016,0.0,0.3815081106894966
171264,0.0,0.4601225881231116
168960,0.0,0.569631511751855
183258,0.0,0.5479521095880144
43272,0.0,0.0
82260,0.0,0.3998250107050654
136320,0.0,0.44654562629589994
142614,0.0,0.3569773183841962
112827,0.0,0.366613825550299
191247,0.0,0.49017660049072714
198656,0.0,0.6824383932864942
40320,0.0,0.0
140346,0.0,0.29320157778436895
136794,0.0,0.2869838815122362
136017,0.0,0.3010273749023627
156180,0.0,0.4180281219295894
131296,0.0,0.4066360436279769
197130,0.0,0.5180302824329617
144456,0.0,0.31458081454668824
183358,0.0,0.47582712950867084
161403,0.0,0.5980427967995445
118872,0.0,0.40996900496967426
113400,0.0,0.30432023131946595
210204,0.0,0.6686215854640956
73620,0.0,0.1709488921549895
103780,0.0,0.33285386205112527
116149,0.0,0.38022576658899604
130416,0.0,0.5539327976010583
171774,0.0,0.6311334279850868
127974,0.0,0.39355537566340854
177456,0.0,0.6527125993805071
177957,0.0,0.6042738669950015
92202,0.0,0.3783447160823509
131040,0.0,0.3050985575222248
160446,0.0,0.4035635445555359
75822,0.0,0.2950517504231637
149415,0.0,0.3659218332643748
135896,0.0,0.28794218276771566
84816,0.0,0.430902044249817
162552,0.0,0.5597850027125985
131288,0.0,0.31526424822012294
188127,0.0,0.6512193667654483
46995,0.0,0.3822739994160813
102348,0.0,0.38783994735151384
61971,0.0,0.5060078972225511
105894,0.0,0.30267220137952183
149288,0.0,0.27156717416521775
93220,0.0,0.2951540667569825
106311,0.0,0.46510441262201463
146940,0.0,0.3800938407830812
180960,0.0,0.42980384278190437
168544,0.0,0.4852309915599482
148752,0.0,0.4061361817601863
171828,0.0,0.5476731709523274
158808,0.0,0.41973763581473744
154848,0.0,0.3850667645298855
71456,0.0,0.3201201293278798
135003,0.0,0.5822625158314123
180190,0.0,0.6190740217234562
136955,0.0,0.5842143571397519
133424,0.0,0.5406343238245918
150139,0.0,0.6058602781082665
134568,0.0,0.3666870372096002
168749,0.0,0.5334365316994523
159415,0.0,0.589480179968385
188073,0.0,0.5630104592603864
144331,0.0,0.533914525067307
135009,0.0,0.24869061139405754
3390,0.0,0.5010705631569202
207016,0.0,0.5417574975969367
158520,0.0,0.543198962793632
180112,0.0,0.5717332779684153
143479,0.0,0.3153386196941339
109788,0.0,0.6813456675982799
198747,0.0,0.4521086609066018
107592,0.0,0.2651071005311078
156790,0.0,0.5411329125111051
185820,0.0,0.6009714900181129
83534,0.0,0.3360312099076971
133704,0.0,0.3362891178700713
146076,0.0,0.32506185350828426
129834,0.0,0.30608532656642407
130400,0.0,0.3267326694578845
141160,0.0,0.4291664765020488
39390,0.0,0.5066622421166709
190580,0.0,0.4933853773156027
-7395,0.0,0.5437829113640863
100890,0.0,0.4873799993086782
95920,0.0,0.3017126465676336
151268,0.0,0.5814686667277364
138435,0.0,0.39553476992538245
172161,0.0,0.46724646424079264
114670,0.0,0.29116220496910433
157428,0.0,0.5290613774468053
136056,0.0,0.6160422741353235
182651,0.0,0.4863970193131122
144404,0.0,0.5092626113238503
143780,0.0,0.6014320386041843
184129,0.0,0.6704352810430747
163917,0.0,0.3917450210926869
52248,0.0,0.32194957546120245
163816,0.0,0.38640890205795186
140888,0.0,0.39839526948038956
79140,0.0,0.43656255088806883
142530,0.0,0.2983135765336391
102888,0.0,0.32234987073093196
147272,0.0,0.5036620236200484
194910,0.0,0.5908914736681445
133866,0.0,0.30574907278113606
140067,0.0,0.37604534233553116
141519,0.0,0.3475541573165599
142296,0.0,0.3345345374433048
172400,0.0,0.4711941556242938
211880,0.0,0.4511860773914696
144756,0.0,0.34695020439394936
198350,0.0,0.6915714834051115
184580,0.0,0.6624340891844936
128448,0.0,0.3077024968695885
165074,0.0,0.4992296543326884
141295,0.0,0.33306883274860355
151389,0.0,0.3561115149861101
214100,0.0,0.6879718303037052
238941,0.0,0.42341883084927395
154287,0.0,0.40881892851640056
200870,0.0,0.47927532456314753
182810,0.0,0.5649195704012555
149208,0.0,0.5965098027507104
97350,0.0,0.42648655053764306
142072,0.0,0.3193798580218969
97965,0.0,0.30583586892598824
166070,0.0,0.5772027504835034
168160,0.0,0.6066337821686121
152860,0.0,0.4940653097251236
145206,0.0,0.2569682030687723
96720,0.0,0.5221024101630733
97344,0.0,0.51875458339442
103590,0.0,0.3395506146553244
59472,0.0,0.49513889574918796
139805,0.0,0.31727563607722803
112294,0.0,0.5683134704797642
200340,0.0,0.6194962507988364
131208,0.0,0.3495610088611283
119688,0.0,0.3455003916415757
153559,0.0,0.295590368635045
129808,0.0,0.4386062162552522
136530,0.0,0.3994028901798365
137085,0.0,0.38275171907716216
142337,0.0,0.6089877488700627
139155,0.0,0.45323213843908583
144610,0.0,0.4234290530175507
151605,0.0,0.4968398620577173
142816,0.0,0.26485362930424
128440,0.0,0.3268428756494555
137052,0.0,0.3991681723157976
137487,0.0,0.37039250180483424
160636,0.0,0.45172497747359386
183018,0.0,0.565341704892818
233940,0.0,0.4129442746943228
81174,0.0,0.07274563305204908
193303,0.0,0.4628924135327029
164836,0.0,0.3464484052927289
169659,0.0,0.4370168481439385
204190,0.0,0.6199899362592725
191686,0.0,0.6405789202557388
176539,0.0,0.617257011047234
150152,0.0,0.36560377068516076
159309,0.0,0.45159750409202243
171570,0.0,0.5466504985997787
170203,0.0,0.6363169113756535
74448,0.0,0.4714045207910317
136422,0.0,0.348790783223715
127449,0.0,0.3196510005290981
168982,0.0,0.6439617858596286
95985,0.0,0.28616669125680755
114240,0.0,0.2773737722684153
197930,0.0,0.6037435919707055
129248,0.0,0.28496585837990895
146641,0.0,0.540905175992956
227870,0.0,0.7090916222352572
106344,0.0,0.8557628127389487
123850,0.0,0.46347407898189114
198980,0.0,0.6485663471362528
156436,0.0,0.3714853057032297
116400,0.0,0.2874190785665615
138906,0.0,0.4069926301250109
23232,0.0,0.53524652033172
158670,0.0,0.5617214758545908
185350,0.0,0.6621220162899207
176814,0.0,0.6223586639719632
175188,0.0,0.5132802028332935
110016,0.0,0.5626923438791595
66570,0.0,0.5468145813095111
132822,0.0,0.39409456951984634
179946,0.0,0.5953095967601307
89370,0.0,0.3390452881497351
139761,0.0,0.3424649948821047
90670,0.0,0.2702824422953016
135330,0.0,0.389042681343587
143253,0.0,0.4592288342924717
152322,0.0,0.4124437376553948
148419,0.0,0.41588974779180404
224850,0.0,0.6961904459517165
133448,0.0,0.3234671575286571
158326,0.0,0.37832081640571813
145062,0.0,0.34841365540500524
126903,0.0,0.28203724818632786
225333,0.0,0.42430612134510837
212373,0.0,0.5122634670976185
168410,0.0,0.5800056774079276
156961,0.0,0.415331638929377
103599,0.0,0.2760032992475795
114489,0.0,0.3255057165482152
142920,0.0,0.5262464387556804
151195,0.0,0.5694882226333212
116823,0.0,0.2686999884214645
148584,0.0,0.47342180102396286
147546,0.0,0.40989307789626805
123723,0.0,0.2727585880057078
129804,0.0,0.5277690950743359
215952,0.0,0.6598762683231265
132363,0.0,0.30741325404049474
124632,0.0,0.3071639479090024
164976,0.0,0.42964471697206824
130530,0.0,0.24644360126786075
131148,0.0,0.3725414892809832
145530,0.0,0.5649252603337152
130668,0.0,0.3808820825262082
171624,0.0,0.42195703686915836
136653,0.0,0.36321846691981063
160251,0.0,0.4199213895805065
172490,0.0,0.5338230776841097
112968,0.0,0.3383736769172007
129364,0.0,0.46536851781738653
94810,0.0,0.3114162526449767
203964,0.0,0.6299273516092855
124659,0.0,0.35842949605682095
236223,0.0,0.41266001428373883
159464,0.0,0.35327321688961916
212750,0.0,0.6722598018053022
157716,0.0,0.3183936723043609
157738,0.0,0.4013143152559445
161028,0.0,0.4051448490090431
172347,0.0,0.5336673477412169
74670,0.0,0.4278618722952651
104598,0.0,0.265140909036023
154806,0.0,0.4704506067169937
145194,0.0,0.3871430736602106
146232,0.0,0.5618637940235216
175245,0.0,0.5802522388506102
211080,0.0,0.6749775602310344
164428,0.0,0.6156945552588817
163926,0.0,0.45612314390391334
155197,0.0,0.29981079713672804
150612,0.0,0.3704505192197267
179575,0.0,0.6414650266437733
107920,0.0,0.3693356963251124
117216,0.0,0.30867163011487564
197874,0.0,0.5003110913768537
135252,0.0,0.5867477688289225
153468,0.0,0.3244396127319318
161805,0.0,0.5692324991282443
158130,0.0,0.6271127953478796
134520,0.0,0.5238025376370596
183210,0.0,0.6321069125405806
129588,0.0,0.37023293823639286
159915,0.0,0.5612500717178219
164853,0.0,0.4756125228922558
168540,0.0,0.6205002994059716
84755,0.0,0.4413771019578381
205975,0.0,0.639991370807867
141944,0.0,0.4696538230464017
82552,0.0,0.7579941650098544
119964,0.0,0.23351228401474264
164298,0.0,0.37954248838887883
74160,0.0,0.25712973861329
162352,0.0,0.34308502968664706
153486,0.0,0.3195994288826097
151656,0.0,0.42778366296065456
146710,0.0,0.31685467629686337
129636,0.0,0.3018302501286486
158810,0.0,0.3458518303148795
118162,0.0,0.48406045097226674
147303,0.0,0.36742666074372965
177570,0.0,0.33890750148956345
192123,0.0,0.44625672825230517
183771,0.0,0.4139003620330946
159856,0.0,0.36602135234545885
160744,0.0,0.35052502264990026
132816,0.0,0.34728502163268843
182210,0.0,0.3498703124465831
199696,0.0,0.4362937249305034
91845,0.0,0.5350035529629957
162900,0.0,0.6195262592667732
145323,0.0,0.2838291702403948
179424,0.0,0.6408357975215448
128184,0.0,0.6122077263252537
144708,0.0,0.6381256263453141
165851,0.0,0.4863603671487797
129516,0.0,0.6060023019186158
175252,0.0,0.5080272539848312
110112,0.0,0.5384082214711645
184030,0.0,0.6580627758091402
218690,0.0,0.504432285973305
166243,0.0,0.5829096245146309
176451,0.0,0.6107708607796933
169477,0.0,0.48729460417141146
167398,0.0,0.619523322399131
140526,0.0,0.3443035055764173
161546,0.0,0.3465105327269158
135756,0.0,0.36130472260948676
205854,0.0,0.4759326484887385
142032,0.0,0.5331053208964408
149611,0.0,0.5446550601230342
174980,0.0,0.4412483168493863
172269,0.0,0.42823224908323143
108780,0.0,0.5448391559551601
195855,0.0,0.6704496721704966
145040,0.0,0.32058803409612535
165177,0.0,0.3155772217126959
175744,0.0,0.29220483913460327
146040,0.0,0.6315070506281599
173129,0.0,0.5990246071960924
153600,0.0,0.38313281483445216
159819,0.0,0.5730377013076786
154632,0.0,0.5760518125791757
121248,0.0,0.5649993157472089
114948,0.0,0.5460913398698457
104340,0.0,0.3789346602625938
24895,0.0,0.3525513839861002
130932,0.0,0.3400710805685295
75713,0.0,0.3366768882778988
135522,0.0,0.34113889948491755
6146,0.0,0.4411075697602996
167280,0.0,0.4244136867364713
-37712,0.0,0.49367613502900937
117738,0.0,0.5227853746902352
158256,0.0,0.6077651204866461
161199,0.0,0.33767223973209715
196548,0.0,0.6289191123382274
181296,0.0,0.38771692223774445
13245,0.0,0.5135759908399655
-83419,0.0,0.48645168577069026
203310,0.0,0.4499585908809415
166260,0.0,0.49420768075973615
42238,0.0,0.5703523341096709
100061,0.0,0.595050247106426
19335,0.0,0.5766827124540627
170731,0.0,0.5374869715913246
152672,0.0,0.29924892998659725
156195,0.0,0.6069624553877392
140465,0.0,0.5867568237294192
169001,0.0,0.3435945815265197
97384,0.0,0.5670915790351398
166548,0.0,0.3215400228273255
50115,0.0,0.554253508040062
128268,0.0,0.5861760010411701
102058,0.0,0.3406935058396267
87766,0.0,0.5886508598796537
103279,0.0,0.3302906372850019
89320,0.0,0.5824645053340979
153260,0.0,0.34778475913916745
160121,0.0,0.616760121493305
97504,0.0,0.3039824793741906
81970,0.0,0.5664345918321811
139051,0.0,0.3265134490419391
90024,0.0,0.46013357459701404
156838,0.0,0.4153108897348235
123904,0.0,0.3029987609762954
146630,0.0,0.3867638578802836
113080,0.0,0.3222699932102707
162272,0.0,0.38519991833217715
180708,0.0,0.6462441889494073
124600,0.0,0.48768429591477014
164592,0.0,0.4283902455361904
125180,0.0,0.3590391732283098
121608,0.0,0.25731653126904674
169281,0.0,0.39284529294945225
148336,0.0,0.3843487060122343
182545,0.0,0.6449279909578663
175482,0.0,0.45973861608373123
155248,0.0,0.3983957407918853
177401,0.0,0.43552436687319934
142512,0.0,0.3468377663441494
170248,0.0,0.36750951771191104
192272,0.0,0.4026832553095082
155960,0.0,0.36571393314464207
160160,0.0,0.3990080196881716
152600,0.0,0.32708903445528903
100802,0.0,0.573472643348614
79781,0.0,0.5105886354595285
147966,0.0,0.3170179315897928
133434,0.0,0.49406628212087594
171952,0.0,0.42334369372976477
110088,0.0,0.25330629179327885
88890,0.0,0.4309139307105554
113859,0.0,0.2800189636772417
151641,0.0,0.3587727351529934
135288,0.0,0.35459219596847
151048,0.0,0.3650073571591218
176856,0.0,0.5134252398371355
186760,0.0,0.3110457884546005
123216,0.0,0.587191311281205
156737,0.0,0.4010397341040758
174031,0.0,0.5191189989594136
163854,0.0,0.5218564340505016
138159,0.0,0.5200054291008576
172944,0.0,0.4642691246593987
117024,0.0,0.5232599221401768
143496,0.0,0.5507419631907983
172656,0.0,0.48371363589328387
103812,0.0,0.5193606020881347
145998,0.0,0.3264209197143934
148704,0.0,0.3258012530621881
199177,0.0,0.6822839637792181
169432,0.0,0.4729853886645009
155029,0.0,0.37699771201755794
159061,0.0,0.33838990646487205
80102,0.0,0.3472694659149294
134523,0.0,0.3526252700157635
158391,0.0,0.3603145725865087
129190,0.0,0.3604490152386905
214620,0.0,0.4820094645350585
166712,0.0,0.38744077921514997
145431,0.0,0.38271879803850506
79284,0.0,0.4886184958898539
85386,0.0,0.5559021322353211
140127,0.0,0.57113420989676
162736,0.0,0.4285916013405055
136960,0.0,0.5377454308857017
130800,0.0,0.5938926549768924
173502,0.0,0.4303943320703875
71540,0.0,0.550802254547162
45045,0.0,0.5501528583252461
171776,0.0,0.5848397498348663
96492,0.0,0.49605915816734436
77688,0.0,0.5573946277922703
153345,0.0,0.4165457212238181
66766,0.0,0.5599610853776114
147933,0.0,0.5376488117404539
150051,0.0,0.6001860768083634
102063,0.0,0.5529721845154
138585,0.0,0.3529340873307657
145320,0.0,0.5156295825293425
153890,0.0,0.42983728947130956
154084,0.0,0.34708995441476825
132147,0.0,0.3622614510188116
162554,0.0,0.3970801736180257
121257,0.0,0.31876761631383366
162426,0.0,0.41295271640851144
96240,0.0,0.31238610917180193
149190,0.0,0.34908689217909916
118300,0.0,0.3605027454202464
123170,0.0,0.3628329158432424
146268,0.0,0.3436136411620605
129087,0.0,0.26709831619028696
164286,0.0,0.3929942434127531
117920,0.0,0.33532554231987743
149418,0.0,0.39094612769839965
155690,0.0,0.3679378892142911
123000,0.0,0.3639966270754083
137718,0.0,0.36040345649370076
108297,0.0,0.32100601018223024
114730,0.0,0.49322219485996543
78771,0.0,0.4597923419968699
171860,0.0,0.4607399153994642
139170,0.0,0.455415061500563
141920,0.0,0.3411581041224753
109230,0.0,0.32792889293824246
162580,0.0,0.42964979406479126
129890,0.0,0.421341570514669
140013,0.0,0.38445900351156614
102168,0.0,0.256424977066967
181264,0.0,0.39586456636546746
152952,0.0,0.6155821503817841
128160,0.0,0.5495454162205697
156544,0.0,0.3144834749817584
122022,0.0,0.32104527655138954
169128,0.0,0.44267850486649346
118703,0.0,0.5960495262715171
129123,0.0,0.34354039351924937
137600,0.0,0.34207955377514787
139740,0.0,0.6126775309563336
141561,0.0,0.3663867487784782
136428,0.0,0.5915834305062182
159720,0.0,0.3677487269563475
126252,0.0,0.32664496054628206
136700,0.0,0.5214030536760175
157671,0.0,0.5497039512151433
137817,0.0,0.5000967777789972
154716,0.0,0.4741524161400442
183834,0.0,0.49385741379730075
194200,0.0,0.5102371991397241
176552,0.0,0.48333651524477467
119916,0.0,0.5714989983937888
165232,0.0,0.44237295290345424
137886,0.0,0.325355219111116
132208,0.0,0.451081742079364
43716,0.0,0.323307304271132
149060,0.0,0.38594253010996876
151459,0.0,0.3756531532810047
122440,0.0,0.39625664735812693
96564,0.0,0.48483164816201413
-8624,0.0,0.5041171767988145
76580,0.0,0.5585195142009988
204660,0.0,0.5068086312430897
156630,0.0,0.5187744015900457
40515,0.0,0.5252564271284046
166023,0.0,0.3933434497479591
90990,0.0,0.5792162602163832
-26832,0.0,0.5349314607504808
102375,0.0,0.467829811731339
117381,0.0,0.3998552005113042
173060,0.0,0.4984526498833986
160816,0.0,0.41404666331492945
118464,0.0,0.28375987003851705
-26224,0.0,0.5475297263804294
102869,0.0,0.4862644456923866
156849,0.0,0.5694188376710306
124398,0.0,0.3113810200467362
215670,0.0,0.49238751290916594
162921,0.0,0.5711299420838328
138656,0.0,0.33685295569074236
138312,0.0,0.310259468451839
186776,0.0,0.47371736580028684
156888,0.0,0.3634266546331225
161959,0.0,0.39502221066931464
152904,0.0,0.36129998210298236
181588,0.0,0.4758641262494599
203570,0.0,0.47901804862627195
140805,0.0,0.43246743074214195
146384,0.0,0.3633562669656628
147176,0.0,0.34921692885705663
138455,0.0,0.3046618073759911
146706,0.0,0.2767050872809544
138264,0.0,0.6154645964629674
173496,0.0,0.4238575346825895
164862,0.0,0.4840952691023716
124804,0.0,0.3605387543157038
45216,0.0,0.5544051634482291
167568,0.0,0.4377607151939669
165384,0.0,0.5711188860288485
148149,0.0,0.4283941626100521
155352,0.0,0.46177729794754435
1335,0.0,0.5408094922996003
168936,0.0,0.5765689478197498
123298,0.0,0.5834696447415282
148491,0.0,0.4529614531290496
160111,0.0,0.40975815772485297
163920,0.0,0.4008760113927206
163616,0.0,0.3668279963211288
134308,0.0,0.5174414449977401
158928,0.0,0.4170094566057906
102070,0.0,0.31597724487493095
141080,0.0,0.36685739082652236
121023,0.0,0.33162854565269706
149856,0.0,0.3303503165654766
148561,0.0,0.3197892584964701
207840,0.0,0.5486151213661827
-76734,0.0,0.5212299982269132
188910,0.0,0.49744957688974645
151360,0.0,0.5342094216639274
127872,0.0,0.5822409816215275
68124,0.0,0.5406768416313588
18272,0.0,0.5571799772283235
155970,0.0,0.4684672861438136
173136,0.0,0.6054734191899817
119120,0.0,0.37232191219349914
188460,0.0,0.6549264258508638
141616,0.0,0.3923484833997033
156672,0.0,0.5909437724722225
130648,0.0,0.599335935069704
-34624,0.0,0.5334779089231818
131688,0.0,0.4426156923737218
96044,0.0,0.4684116903968995
112024,0.0,0.3987794342301507
185166,0.0,0.658233339438864
162624,0.0,0.5900363225690713
166419,0.0,0.6383511298474889
170082,0.0,0.3569840697643429
149060,0.0,0.4936447470146667
197448,0.0,0.56264984473493
112152,0.0,0.4930362426198445
117190,0.0,0.370160546776272
-12592,0.0,0.5518584959205228
154374,0.0,0.384322249542977
179937,0.0,0.662176024373077
80010,0.0,0.2592980710891667
137196,0.0,0.5642126974932555
140525,0.0,0.38716012126783916
202680,0.0,0.5132036358527756
144958,0.0,0.5051449403900163
158220,0.0,0.5317517368768822
142584,0.0,0.3361535361055363
130564,0.0,0.30435570310295257
180918,0.0,0.5103324962582407
147735,0.0,0.2975459883261761
127171,0.0,0.42627123253290183
172773,0.0,0.6230867788941494
143766,0.0,0.4255383644443377
186830,0.0,0.5207558145997939
149284,0.0,0.5181875535073849
146850,0.0,0.5501107878864507
193800,0.0,0.4953892555092912
150228,0.0,0.3273699752135726
127816,0.0,0.4211916271215806
14115,0.0,0.5462370702981287
149085,0.0,0.41631999431237293
148984,0.0,0.6226976399072013
154926,0.0,0.3711491489062496
89650,0.0,0.49509703016728285
169380,0.0,0.5126343604114324
156814,0.0,0.5728516138156007
131197,0.0,0.5490648919575134
169479,0.0,0.4735592452149622
129528,0.0,0.2855789851218061
143080,0.0,0.36478335706701026
123264,0.0,0.5331785439070545
156984,0.0,0.3638835399249336
190620,0.0,0.6575301241163043
163590,0.0,0.5945865778648466
179070,0.0,0.47815943386615545
125440,0.0,0.3465907926388425
116136,0.0,0.2853625410753438
134475,0.0,0.301021690495528
160152,0.0,0.5561122293505233
-5040,0.0,0.503289577299039
162813,0.0,0.6036874762060996
129300,0.0,0.4928875665113926
151002,0.0,0.376364917295263
142056,0.0,0.3675440244778756
128970,0.0,0.2712967762765514
184512,0.0,0.45267429336723325
142030,0.0,0.4712557492342296
35280,0.0,0.530384866332964
69003,0.0,0.3087881893163039
132890,0.0,0.4057317965509202
174690,0.0,0.6255885304490579
162736,0.0,0.37843691501500876
167951,0.0,0.46287994268102167
87945,0.0,0.5453767339066977
130935,0.0,0.2563420422579317
139308,0.0,0.6046546740456863
185409,0.0,0.6366150524196283
120720,0.0,0.2699326482779644
48581,0.0,0.49603907387801943
189147,0.0,0.5284376345246043
165246,0.0,0.4115659474240985
140970,0.0,0.33422529437720766
164781,0.0,0.43531821315465274
151130,0.0,0.4647315208763121
109392,0.0,0.45728495642977696
172740,0.0,0.4078152806100415
138744,0.0,0.4884330163265815
163827,0.0,0.4161049215030069
138105,0.0,0.5890412711595581
172230,0.0,0.6199891124710318
169368,0.0,0.3085237531078397
158312,0.0,0.4181120362970271
105846,0.0,0.5682258720123968
128556,0.0,0.23175900563075538
156205,0.0,0.35328679247989214
50964,0.0,0.36395283451928445
174132,0.0,0.7203789306724069
100386,0.0,0.5206266037416752
155940,0.0,0.5912089028776651
60816,0.0,0.5182948375295827
82484,0.0,0.11364888127639028
4032,0.0,0.2686950066503698
154565,0.0,0.3609403595424712
178380,0.0,0.5146847006227462
120318,0.0,0.5150785961757123
157374,0.0,0.3507023411142775
131700,0.0,0.25902462083791455
191177,0.0,0.7088382684687974
127589,0.0,0.43056758341817364
172341,0.0,0.471655502712328
150072,0.0,0.44062891006474597
150822,0.0,0.3971587186913107
49770,0.0,0.5078065280160527
123708,0.0,0.44764077038487
165816,0.0,0.3967950474684291
170016,0.0,0.4286589457863518
190323,0.0,0.43742129870365976
185016,0.0,0.37626233615845966
157830,0.0,0.6237401913050263
196032,0.0,0.39080971851312557
208968,0.0,0.5051187332071977
174285,0.0,0.5823411649048442
136770,0.0,0.4201088522943433
150444,0.0,0.45053565384934846
157608,0.0,0.45913837629394
167319,0.0,0.4313031519318522
179712,0.0,0.4583376157251548
155925,0.0,0.5112393198338977
192648,0.0,0.44883446466900184
160320,0.0,0.44162725704970884
157734,0.0,0.4349803916183902
164520,0.0,0.47231572394890514
164850,0.0,0.4860606537567957
164700,0.0,0.6012831881493901
190536,0.0,0.4693176936588989
150930,0.0,0.5696505784003864
203472,0.0,0.5785738817961058
134760,0.0,0.487073250015409
168102,0.0,0.6094408324988819
182088,0.0,0.4432586623807113
134829,0.0,0.38420889490114396
124670,0.0,0.3865695427470559
171544,0.0,0.46023161475340235
147928,0.0,0.41595298560815597
156429,0.0,0.3978765300552714
168822,0.0,0.4284260028663092
183375,0.0,0.5263625731388979
166815,0.0,0.5466743481299586
136190,0.0,0.5418546577157126
202328,0.0,0.4706308767594266
186760,0.0,0.6374620011969405
172990,0.0,0.6086858331355924
156820,0.0,0.5259209836370257
201942,0.0,0.4517916374805705
145719,0.0,0.42304991546120585
153690,0.0,0.5940870248682446
139920,0.0,0.5608798880240633
172179,0.0,0.45222954441583096
141405,0.0,0.5783245353172038
126258,0.0,0.549331685490463
108471,0.0,0.47435623508950514
139554,0.0,0.41288763623805097
145170,0.0,0.5836471153115124
129000,0.0,0.5023001239948998
176904,0.0,0.4787679592740085
185514,0.0,0.517955741368904
196479,0.0,0.6867155900222996
184086,0.0,0.6531383197249491
169533,0.0,0.5613610871653903
204744,0.0,0.48655497863217306
182871,0.0,0.6378135948317003
179520,0.0,0.4438034388192625
193761,0.0,0.672023486715711
158940,0.0,0.6168337052671192
170478,0.0,0.6031258122607648
181368,0.0,0.6385251815401269
127890,0.0,0.5091964391438537
194265,0.0,0.5549293326684197
123750,0.0,0.47882268012256235
175905,0.0,0.4912230301871858
148290,0.0,0.5750674871692343
166170,0.0,0.44135318624917325
118644,0.0,0.5508038366529032
-22022,0.0,0.29687246404883944
134030,0.0,0.45460848621631106
158860,0.0,0.6126524666977087
66902,0.0,0.28374469724563556
111793,0.0,0.43035327805418383
166936,0.0,0.48955715740610095
171192,0.0,0.5355427537573383
39962,0.0,0.39940348862994884
137780,0.0,0.43767795328506215
129555,0.0,0.32391733050583343
202496,0.0,0.8343747413182935
109802,0.0,0.3450398898497737
158620,0.0,0.8194771511546122
93418,0.0,0.42436572879145873
190368,0.0,0.7225041726858054
159822,0.0,0.31972416710607104
167636,0.0,0.6714740958085359
164582,0.0,0.4120177119602447
161988,0.0,0.6299564546054283
152466,0.0,0.32805428371740386
179120,0.0,0.6698941077304345
167984,0.0,0.34365656075155454
165664,0.0,0.6163075995859016
182020,0.0,0.4375428951860951
9920,0.0,0.5375089807221328
89740,0.0,0.5747152712261127
130000,0.0,0.3878605935126692
129876,0.0,0.5978585436224928
168522,0.0,0.37402598692012284
171234,0.0,0.6783152271852345
110220,0.0,0.3689318844107086
93912,0.0,0.4438565494483049
165792,0.0,0.40355691555043055
132432,0.0,0.46310301344510824
179280,0.0,0.4864235037476789
-65760,0.0,0.48614650765374534
77184,0.0,0.6514916410932236
23520,0.0,0.5121209024312106
131208,0.0,0.42911038615591846
73116,0.0,0.5159276640557766
170334,0.0,0.3993048286398519
170667,0.0,0.48261447222765613
162197,0.0,0.4374300319663372
129510,0.0,0.3983885091397241
114807,0.0,0.3974427404129518
134760,0.0,0.423570122584195
174717,0.0,0.4586099253604973
115167,0.0,0.37898765356785874
153510,0.0,0.40376263446406685
167280,0.0,0.4281987493725494
183450,0.0,0.5162477586685241
127479,0.0,0.5423687951322976
184430,0.0,0.4900841152379099
153063,0.0,0.7141415251987563
63140,0.0,0.5668739679906349
116103,0.0,0.4573420444244672
203931,0.0,0.44945056201352995
147730,0.0,0.4277092264182623
160139,0.0,0.39422374141959793
157031,0.0,0.37039932683492305
130470,0.0,0.3642674788365659
122485,0.0,0.3922715845355496
177830,0.0,0.45878685989672163
158730,0.0,0.3808236205754989
166216,0.0,0.4005760182328349
110820,0.0,0.6336750693506861
111300,0.0,0.7017364659505095
48807,0.0,0.46432510111103076
121875,0.0,0.4674827678814838
173880,0.0,0.3892143988648068
144840,0.0,0.3599753840262571
137160,0.0,0.31899434094529205
150839,0.0,0.45743901909518175
155911,0.0,0.7383692271857862
117140,0.0,0.3428288447621679
167100,0.0,0.459256749341961
144088,0.0,0.14065388289413833
64776,0.0,0.3721207869005238
131632,0.0,0.3082802147902402
148790,0.0,0.4271637340731744
167055,0.0,0.4197366850764588
82940,0.0,0.4139209365596205
211280,0.0,0.46426878406907285
170550,0.0,0.25991686468467246
136962,0.0,0.44374567147674754
172172,0.0,0.4827502688150505
166460,0.0,0.3953948548239355
110745,0.0,0.5845918847949915
112164,0.0,0.6861242990146699
162820,0.0,0.7559746676476806
39840,0.0,0.44820610844378095
155001,0.0,0.7229044421333555
141435,0.0,0.33467828710604836
194030,0.0,0.5093505414217587
93660,0.0,0.4156530053750298
58786,0.0,0.6232104164683578
137379,0.0,0.6826483720959103
125092,0.0,0.6755263425362217
132977,0.0,0.4756968162897398
157322,0.0,0.40977757878956833
93615,0.0,0.46249392281960267
118188,0.0,0.6639240755242022
126819,0.0,0.6564813850850181
140250,0.0,0.4108266782324338
186057,0.0,0.489936828952814
51422,0.0,0.40990921545343856
151104,0.0,0.4566432790901508
141192,0.0,0.4274725008732412
112563,0.0,0.40689448653107463
161612,0.0,0.4638845621366886
169015,0.0,0.4410155147572081
123096,0.0,0.45527057889375583
120208,0.0,0.6615729060023691
114741,0.0,0.6018307184450628
160344,0.0,0.7128690101423049
99780,0.0,0.6773738827978449
186280,0.0,0.387777957631348
148043,0.0,0.724013622784279
115320,0.0,0.16452570954633558
90077,0.0,0.6685126887592241
133650,0.0,0.3766576645222744
187627,0.0,0.4481088460281768
153008,0.0,0.36244553215499176
154352,0.0,0.4349774310876806
175945,0.0,0.46095968982414043
162927,0.0,0.3980654857153456
169356,0.0,0.4520014765713356
143720,0.0,0.3615846905133694
158050,0.0,0.4745961057809108
150755,0.0,0.47012348931534104
165060,0.0,0.7486264287084194
94932,0.0,0.4153897151956496
192024,0.0,0.4547505568511638
99276,0.0,0.6589850798515244
165624,0.0,0.7502753124787046
107340,0.0,0.6173458895783808
216700,0.0,0.43107751572731623
95100,0.0,0.6449569771248765
132372,0.0,0.4621820487635385
158536,0.0,0.3666093507448082
149468,0.0,0.4329928610401322
209493,0.0,0.4265631875249816
154110,0.0,0.7222611810983097
63260,0.0,0.5048422837058598
132792,0.0,0.6584064411448516
127629,0.0,0.647947669369494
104335,0.0,0.39251161097036175
-30330,0.0,0.4196741762011278
162664,0.0,0.3810020872473045
123046,0.0,0.489535178766552
106860,0.0,0.3814130223705189
54262,0.0,0.610297129978691
162400,0.0,0.7331276496512674
79104,0.0,0.6214199231090389
164234,0.0,0.3779572224861489
156516,0.0,0.4412803439488381
154903,0.0,0.35077080970281177
128160,0.0,0.7092530669959007
120760,0.0,0.6282322208360313
83280,0.0,0.6353056347768575
159756,0.0,0.4147125377832238
187692,0.0,0.22062379401480178
-32480,0.0,0.6485718196007745
-75616,0.0,0.6360856472290007
152392,0.0,0.7183454998053938
142896,0.0,0.44487030189393456
155280,0.0,0.38708795212990893
123108,0.0,0.6765769822010295
144639,0.0,0.7097284762231773
164470,0.0,0.4129353271580787
168930,0.0,0.4340016535477665
155364,0.0,0.8086843325068725
170896,0.0,0.38266970409377393
155450,0.0,0.4362684384211188
132034,0.0,0.4956705942391976
119249,0.0,0.4397947103444341
144620,0.0,0.4044474347910773
141520,0.0,0.21882482039639875
28990,0.0,0.6086455061997258
156924,0.0,0.3915357009324309
138294,0.0,0.43424134367285033
208417,0.0,0.413770563456701
164934,0.0,0.44314467797275053
163980,0.0,0.4438389824692821
171080,0.0,0.4444119636885295
142317,0.0,0.3888313216313208
140085,0.0,0.6814492501130239
211915,0.0,0.4201989749340946
161520,0.0,0.7440764826215042
136050,0.0,0.7154254891106747
63480,0.0,0.6316509857946002
105510,0.0,0.3643565382468345
124927,0.0,0.38711067990990067
147275,0.0,0.3845662841221382
147366,0.0,0.7495056749637904
141560,0.0,0.8534010123893295
-29708,0.0,0.5830985599046887
207050,0.0,0.40641245122792863
203870,0.0,0.39844230557647203
115995,0.0,0.6803212861480675
206728,0.0,0.29287001716113187
198776,0.0,0.4315872399738209
182184,0.0,0.5020720149464545
142135,0.0,0.7010442052441738
126765,0.0,0.6562772055585785
202164,0.0,0.3996441276551769
115080,0.0,0.42038533474934237
116670,0.0,0.6448804527773968
107305,0.0,0.657023613843559
125125,0.0,0.7104972758216507
207576,0.0,0.36504314203028165
132432,0.0,0.6443315789920389
98900,0.0,0.6038770900450537
137700,0.0,0.6884235594785953
119540,0.0,0.6723131742824366
169697,0.0,0.42098575801815996
172440,0.0,0.39751848004921425
190674,0.0,0.44665282293531244
163170,0.0,0.3951911080013972
177240,0.0,0.4531315149558125
180576,0.0,0.44534704849487017
109840,0.0,0.6693789595003156
42900,0.0,0.0
66183,0.0,0.6697070311264015
220380,0.0,0.3799487501133182
79105,0.0,0.6613716467638073
94860,0.0,0.6646709873189688
147147,0.0,0.4097018694389418
62796,0.0,0.619429621746503
158984,0.0,0.801955791253885
112020,0.0,0.6520163596014297
141345,0.0,0.7221556440028931
201157,0.0,0.38572533016327265
174350,0.0,0.4236383571072344
159516,0.0,0.4151329126473323
165451,0.0,0.43846995829671037
175512,0.0,0.4110505274723707
187764,0.0,0.3823495180728018
180840,0.0,0.4198546505196062
169686,0.0,0.3667914267360956
126016,0.0,0.6129445621128475
161748,0.0,0.7547785819932337
199991,0.0,0.3900075045410725
196083,0.0,0.4004542276235261
171127,0.0,0.4374622113831222
152515,0.0,0.3844817083898274
141180,0.0,0.38230388045338026
91223,0.0,0.6446796050479399
112497,0.0,0.6698959512996928
203553,0.0,0.39145208877443843
81340,0.0,0.4670497446174425
110208,0.0,0.40626755880381493
148778,0.0,0.42798717288608296
182724,0.0,0.36739660651565254
124050,0.0,0.3477885423461386
90300,0.0,0.6434799176263851
126924,0.0,0.6860242243323068
127510,0.0,0.6867115660938219
151099,0.0,0.417532535642938
149456,0.0,0.3407963294849695
158752,0.0,0.42586423575226445
172400,0.0,0.4117308069445207
135938,0.0,0.4573755401143911
151580,0.0,0.7522032097619321
141696,0.0,0.705879794292647
120033,0.0,0.6321114344518134
164400,0.0,0.426059114111436
173730,0.0,0.46308213892293915
178343,0.0,0.4624063554902703
32200,0.0,0.6565069888550787
137298,0.0,0.6797535393846408
141375,0.0,0.40077237598728954
106067,0.0,0.666312223452004
160120,0.0,0.36555000917556507
183195,0.0,0.47852780903906955
179484,0.0,0.4364785857303042
161028,0.0,0.41718277667648596
155700,0.0,0.4070762243097563
119850,0.0,0.6563402802787701
171198,0.0,0.4658065863845157
226578,0.0,0.39082556716273315
120615,0.0,0.6964647538586004
159740,0.0,0.3557003887624564
167409,0.0,0.5100246408014124
157130,0.0,0.693253025104086
78372,0.0,0.6505679427011818
102795,0.0,0.6431837370713871
145640,0.0,0.7000449747618406
201070,0.0,0.4075278748538694
187985,0.0,0.4440740766255423
167958,0.0,0.37353037709302345
153234,0.0,0.37316543968770305
165540,0.0,0.44424838571107417
174434,0.0,0.42688652700177215
108394,0.0,0.6693952981463418
-3402,0.0,0.4480043958591893
111600,0.0,0.306439758262186
160710,0.0,0.36563428814149485
97834,0.0,0.6425261066152825
103755,0.0,0.3944890107792202
68124,0.0,0.6321419466949452
104799,0.0,0.47379634972570517
210663,0.0,0.449621812914525
189057,0.0,0.4649443978182601
109740,0.0,0.6920267947456447
168420,0.0,0.3935008484467091
141010,0.0,0.3572812110995124
148530,0.0,0.34202015332681
151194,0.0,0.37225549487731113
165438,0.0,0.7724848587291556
157740,0.0,0.4157484202302911
159901,0.0,0.39513867946304343
173514,0.0,0.38591547304057855
153102,0.0,0.39417664175650724
41249,0.0,0.0
142920,0.0,0.7075720757681558
140532,0.0,0.29402399058323336
69744,0.0,0.9316383183405698
180330,0.0,0.476173056578214
122952,0.0,0.5975756725782247
122423,0.0,0.5919104548740994
103340,0.0,0.6137811559667166
96107,0.0,0.6586717428425395
78287,0.0,0.6057501181347863
167255,0.0,0.4003373561238566
147342,0.0,0.341189089603968
154233,0.0,0.7265979669501696
140112,0.0,0.6826043085557498
210780,0.0,0.3765599242762642
158452,0.0,0.4157634287488155
155140,0.0,0.390935687195793
142120,0.0,0.42007950836576236
121751,0.0,0.5921073180221137
142296,0.0,0.34315525317863055
142875,0.0,0.3847915890964398
163530,0.0,0.5094416562582929
126510,0.0,0.4113007034791933
109527,0.0,0.3725458414892688
176111,0.0,0.37222001280928374
120528,0.0,0.8573657566606535
101380,0.0,0.3521019442781257
150120,0.0,0.40419501037854616
122480,0.0,0.34649127008058317
149225,0.0,0.40942014410580896
133168,0.0,0.44344061921349187
135865,0.0,0.33072847110083836
138085,0.0,0.36981995773978427
126450,0.0,0.6852234065566369
163672,0.0,0.38563478424539843
143775,0.0,0.6986344471465311
190597,0.0,0.3767145396778327
150600,0.0,0.42216178962007483
164896,0.0,0.785592586787138
151688,0.0,0.7289062064563485
143096,0.0,0.6854579192591823
169585,0.0,0.44492127794301906
186914,0.0,0.43408438074104144
125450,0.0,0.41119269886475235
116037,0.0,0.6148848318539543
132870,0.0,0.7037910001944118
194095,0.0,0.38434889449870585
196647,0.0,0.3751562877811958
60476,0.0,0.6321793500579824
202416,0.0,0.38876360160065015
214852,0.0,0.3963413817440977
114000,0.0,0.6451138617978996
132678,0.0,0.6392913339149401
148170,0.0,0.42521231924620223
136450,0.0,0.37660231042517683
202725,0.0,0.43074590849614547
183986,0.0,0.42090832391583377
99034,0.0,0.44870268721635015
196700,0.0,0.47598677185073107
128604,0.0,0.44560352162059425
58707,0.0,0.5475385707768763
191580,0.0,0.3887515081391575
160504,0.0,0.447704251688924
142600,0.0,0.38505409294210796
143196,0.0,0.3280276734970721
133770,0.0,0.41918456772009055
44040,0.0,0.5833889924245845
144678,0.0,0.30871332664522716
163009,0.0,0.4181163594919969
153610,0.0,0.46017858207345375
136848,0.0,0.35458495436433785
140400,0.0,0.37670697442951745
73403,0.0,0.5918149023385262
159656,0.0,0.44778085559144754
76064,0.0,0.4854762975310625
75176,0.0,0.3564153986121076
118584,0.0,0.4306118052667823
173120,0.0,0.3907624928232696
126854,0.0,0.4256541869372108
152362,0.0,0.3566740866568353
73190,0.0,0.6632959085419688
150269,0.0,0.740955332782547
209720,0.0,0.38188733796787033
32487,0.0,0.4554915362234441
208758,0.0,0.3631621427328298
93825,0.0,0.551484278979772
89850,0.0,0.5933540987906646
126100,0.0,0.33751581834723815
90693,0.0,0.5335642658683271
139185,0.0,0.3656926096240331
147190,0.0,0.7039476125396407
146424,0.0,0.40555167950795123
172139,0.0,0.4117344405933393
195570,0.0,0.36771534006916146
188730,0.0,0.36539138048160646
129636,0.0,0.4116431490609028
166923,0.0,0.41456052672682625
184290,0.0,0.3534664446861662
171496,0.0,0.44274321591310395
122970,0.0,0.6687324015797166
137450,0.0,0.6806897881572623
97812,0.0,0.6992970807868658
171660,0.0,0.3620899426540973
71988,0.0,0.42409833772646816
113664,0.0,0.4179632362473881
156564,0.0,0.36439324592810957
194040,0.0,0.4187643153941906
116084,0.0,0.7674094630596124
126324,0.0,0.6227361706879256
-18590,0.0,0.541536172112644
172125,0.0,0.42899423414546806
112338,0.0,0.6463573788504895
176530,0.0,0.44150501679278825
182532,0.0,0.4858026638802154
193527,0.0,0.5255978427071907
211010,0.0,0.2924605002064938
183032,0.0,0.5008449179252054
205029,0.0,0.2805175600563637
184440,0.0,0.49989393586361797
169998,0.0,0.4662185805847519
175257,0.0,0.45091052863755454
179851,0.0,0.44916865524580907
181104,0.0,0.5046047344972834
164255,0.0,0.44332668456674656
169785,0.0,0.5057700309274782
153230,0.0,0.4418953728281488
151209,0.0,0.42464927782610007
152170,0.0,0.4424908534160611
161147,0.0,0.4208542642417136
155623,0.0,0.4325983725269591
219609,0.0,0.31860631987261306
176904,0.0,0.46213028348911467
167944,0.0,0.4241372730804997
43560,0.0,0.0
190984,0.0,0.43135950854643784
182790,0.0,0.5427506136495716
189837,0.0,0.5101931109849975
165789,0.0,0.48970772380403965
125996,0.0,0.41493309852370813
123497,0.0,0.37160781574313
173136,0.0,0.3796583911113803
160080,0.0,0.4631318665293789
164810,0.0,0.18931860210145565
172224,0.0,0.46032816236183155
145410,0.0,0.4047184326129503
179838,0.0,0.49174022946448426
124728,0.0,0.38011665015949403
95678,0.0,0.39932390139469276
122168,0.0,0.8991128031506527
136590,0.0,0.8404370305996116
98316,0.0,0.9198504260505191
122285,0.0,0.6559363557522917
164200,0.0,0.5426164200568115
169491,0.0,0.4677042935953365
152165,0.0,0.4803781765338556
136060,0.0,0.8357966439248498
180831,0.0,0.5484339228389404
95436,0.0,0.8032175499554006
162580,0.0,0.4436706109315898
178790,0.0,0.43670161644755195
134160,0.0,0.42681456288784553
154984,0.0,0.3455892806634287
-10512,0.0,0.4160266548554543
-46869,0.0,0.4143120924925836
214758,0.0,0.40791433441787894
84840,0.0,0.6447690439851728
17225,0.0,0.6025677179910606
42582,0.0,0.0
80520,0.0,0.411733062463053
41940,0.0,0.0
181830,0.0,0.44757743242695613
179811,0.0,0.4443483380569758
123660,0.0,0.3773421711659172
168500,0.0,0.4408723741993328
178677,0.0,0.44098266373915035
171980,0.0,0.4602724314054989
168858,0.0,0.42118027605752556
177672,0.0,0.43709213523694435
174120,0.0,0.4191886777763367
194159,0.0,0.47247350953948736
178031,0.0,0.3909532766290241
176046,0.0,0.30748199891664024
151371,0.0,0.7135599637649062
192870,0.0,0.4783942452416063
217264,0.0,0.45643538699790165
166230,0.0,0.7615295409402427
178672,0.0,0.4077481500497404
185310,0.0,0.4669495811119725
206600,0.0,0.4811263942674672
204056,0.0,0.47072022483438974
197928,0.0,0.43570597984114806
182819,0.0,0.4024242598957149
191096,0.0,0.41200495365651935
204304,0.0,0.41075519225083523
134570,0.0,0.3811240819483521
137636,0.0,0.35319771915424775
76739,0.0,0.42101953690866195
53242,0.0,0.42154816851928606
163180,0.0,0.444786042146782
156398,0.0,0.4403406559675175
186288,0.0,0.4584465614171069
120,0.0,0.5084206131708553
176850,0.0,0.45697574845273975
133727,0.0,0.41882070235962837
176275,0.0,0.4695377483337037
208736,0.0,0.4549503901647362
203918,0.0,0.48197314982397566
193466,0.0,0.4312062262681192
93363,0.0,0.7394723329407451
168500,0.0,0.24749034001356765
168150,0.0,0.4026025928917048
157360,0.0,0.4189495664632477
190855,0.0,0.46318195207892726
175062,0.0,0.4460176991343164
162005,0.0,0.34234886994592095
185316,0.0,0.4547373866825093
188629,0.0,0.4497868504677341
145360,0.0,0.13714745162115796
138756,0.0,0.3241223483187922
200186,0.0,0.4455705742587129
148000,0.0,0.23752052542885635
164844,0.0,0.42504413153311094
162352,0.0,0.7704934503313494
128100,0.0,0.39362592785867334
211770,0.0,0.409584551049218
89661,0.0,0.38683894315807305
145320,0.0,0.4280992064975554
40860,0.0,0.41468500541086445
-145440,0.0,0.5558163604385923
9750,0.0,0.4380073511636931
210240,0.0,0.43753266503575994
44968,0.0,0.6488900220600559
132510,0.0,0.43745591403370965
200424,0.0,0.243026630842369
167692,0.0,0.43704999201713274
180474,0.0,0.3577203984568719
154968,0.0,0.4248091697425082
139656,0.0,0.3918271713541432
189504,0.0,0.42610028234212866
127624,0.0,0.643421167707676
131616,0.0,0.651978408521239
195228,0.0,0.4369493612535326
203264,0.0,0.382785361595106
176976,0.0,0.3900999793206979
99720,0.0,0.41048179806814916
138600,0.0,0.6911153536847271
83250,0.0,0.40825692442723827
115488,0.0,0.6257901580733679
157227,0.0,0.7399307454586321
153612,0.0,0.49164615729177696
163179,0.0,0.7185071683289507
47982,0.0,0.5322277724142893
157590,0.0,0.7275282936421319
161064,0.0,0.45828685951435516
117576,0.0,0.78121818153048
26146,0.0,0.4658681007807887
90480,0.0,0.43187173219237757
155754,0.0,0.3723448324011024
70170,0.0,0.5184320797401323
93528,0.0,0.3636764594065995
207664,0.0,0.4326480947500815
205380,0.0,0.47394116346563325
-62860,0.0,0.5270897176103625
163000,0.0,0.5154257431193511
128970,0.0,0.651254050339471
198385,0.0,0.48381975379951875
34200,0.0,0.4056304983577922
196362,0.0,0.45020131999896973
194000,0.0,0.4275143515475005
111616,0.0,0.7098679479780208
3090,0.0,0.42844043925612196
152780,0.0,0.4200657331219842
131176,0.0,0.6629455323645497
128843,0.0,0.4053229602100367
179249,0.0,0.3794851806636345
105885,0.0,0.4228953029498613
-109792,0.0,0.5786122522319489
104916,0.0,0.3652160059278183
10374,0.0,0.5725052880093162
163872,0.0,0.466549802494234
138019,0.0,0.6621867147231254
100716,0.0,0.44261283966045545
26856,0.0,0.543812002093842
79044,0.0,0.16574025320254238
90310,0.0,0.6236413933572137
159200,0.0,0.4184383188468703
96500,0.0,0.5927518144788273
166140,0.0,0.4585269417319908
152415,0.0,0.7325679146798794
185013,0.0,0.45685946238465813
67536,0.0,0.4164887036921951
106464,0.0,0.41508406490284205
7700,0.0,0.6209188332962156
137800,0.0,0.3167909884839652
170238,0.0,0.4379429326984822
70800,0.0,0.46515195442776025
195496,0.0,0.41530582550892153
-11152,0.0,0.6644353923014222
149238,0.0,0.35508679505733476
189840,0.0,0.4746487876039139
161462,0.0,0.4502196131616456
152280,0.0,0.7418455902727262
184570,0.0,0.44679203111284455
118426,0.0,0.6634874401328441
179610,0.0,0.4562890183406563
156457,0.0,0.3431217269809732
43484,0.0,0.6482394889905221
-37568,0.0,0.6416165178963945
1050,0.0,0.6542371610663895
112266,0.0,0.1935976273090641
69056,0.0,0.6545947170012102
160900,0.0,0.47786350113467724
149000,0.0,0.7222304976438323
96540,0.0,0.426680861807468
27748,0.0,0.6484560799847663
142040,0.0,0.31310821684446993
114480,0.0,0.3102585821724104
50862,0.0,0.6762376185647873
135436,0.0,0.3468618931671192
133497,0.0,0.6789431963741672
171990,0.0,0.4432309998261573
98802,0.0,0.6339770639875993
199570,0.0,0.49292328370816724
192792,0.0,0.4275871971672387
214722,0.0,0.4119935430189716
199863,0.0,0.4209859324732892
174923,0.0,0.37051758082400377
175815,0.0,0.42912688770971036
175888,0.0,0.38139861036363454
165320,0.0,0.4301901389650935
194670,0.0,0.46023225975783494
182673,0.0,0.4559321585653948
193640,0.0,0.42405616870091
196050,0.0,0.48772580228959256
185766,0.0,0.37978290481410687
168800,0.0,0.4497625202888936
193653,0.0,0.47858638882046073
209380,0.0,0.48339301409397756
210208,0.0,0.44190257105812786
126324,0.0,0.31917055977373815
169150,0.0,0.31960107226065015
77784,0.0,0.38568445023165704
56966,0.0,0.3919379585588259
166243,0.0,0.42592768597071723
188640,0.0,0.4457649531895691
150136,0.0,0.3371419757404642
184926,0.0,0.4033667700498371
138940,0.0,0.4083793457281708
171108,0.0,0.415713814661959
129734,0.0,0.41177684814633525
65772,0.0,0.4142377247858994
106842,0.0,0.429916540537305
109837,0.0,0.4315470459183456
127452,0.0,0.3475594910213297
170163,0.0,0.44138708027916324
140455,0.0,0.6852247131244048
46189,0.0,0.6326128916826911
112130,0.0,0.6370854753230927
152073,0.0,0.4199767369180164
113877,0.0,0.6025841203297335
154570,0.0,0.45561580042832117
136320,0.0,0.6835389807441407
70070,0.0,0.44168412755643555
146629,0.0,0.7290508235968548
181995,0.0,0.45826716007291757
181260,0.0,0.47276323243679724
97362,0.0,0.8773674929323909
75570,0.0,0.4716825828515662
104896,0.0,0.6589946751616418
195692,0.0,0.44327447878906934
137568,0.0,0.668094651896872
202960,0.0,0.47823743091635523
130452,0.0,0.6227357604400966
114812,0.0,0.7372129579130174
106062,0.0,0.6602331870684388
194950,0.0,0.4488172866808338
179773,0.0,0.47829409597444994
-1770,0.0,0.643777593782686
112830,0.0,0.35812260146287395
90504,0.0,0.656376053986747
179700,0.0,0.4754672349501396
184680,0.0,0.4623573167026749
171392,0.0,0.4278130369255127
53306,0.0,0.5800196941366356
83895,0.0,0.40256800859207986
217521,0.0,0.5767153025582594
165438,0.0,0.35388659929219096
138983,0.0,0.4146400955250688
153748,0.0,0.5357020931433286
155178,0.0,0.297436604673228
116996,0.0,0.5214485529141828
112914,0.0,0.5308072398591407
189408,0.0,0.5630247147621497
149019,0.0,0.358964177160153
149084,0.0,0.5337157460320772
156572,0.0,0.35002105881959006
102518,0.0,0.5031946720823357
153120,0.0,0.4059718257725378
143056,0.0,0.6091818608788406
186492,0.0,0.4026261504409176
153168,0.0,0.7455779971564576
81906,0.0,0.5847311440358444
131628,0.0,0.5739991973938313
187396,0.0,0.5165081544220093
136560,0.0,0.5433408675061773
169855,0.0,0.7191233836899692
81855,0.0,0.5916861306523863
202401,0.0,0.2788352044022549
149198,0.0,0.5023625235535053
216983,0.0,0.3686794246915113
211718,0.0,0.46412221367863465
143694,0.0,0.4491069976324704
174704,0.0,0.3678492680933289
175600,0.0,0.3362837219967417
248928,0.0,0.6014531064152735
250630,0.0,0.6746625900839349
212640,0.0,0.5392750594195647
223040,0.0,0.3355631466444933
112650,0.0,0.5469960752205105
195219,0.0,0.4151244076179777
142905,0.0,0.7589403428575433
128010,0.0,0.4397653162552134
238692,0.0,0.6177929831103178
147456,0.0,0.7195262734707494
149980,0.0,0.5092351181030688
147870,0.0,0.6313989797232
157509,0.0,0.59899813664184
158672,0.0,0.5544420873727918
200123,0.0,0.47960740490726295
147213,0.0,0.47094224635489135
186450,0.0,0.40018731274490477
189684,0.0,0.47393911018876694
147114,0.0,0.4776134808610898
206140,0.0,0.565657146896782
172176,0.0,0.407007982120952
77231,0.0,0.487907180383706
123000,0.0,0.44240981879646585
165501,0.0,0.26516720207137356
135770,0.0,0.6941860009646373
176931,0.0,0.3075344662379659
177507,0.0,0.3790188692345987
100536,0.0,0.6352550146121496
137214,0.0,0.4497043865478949
134519,0.0,0.5597783939239286
133299,0.0,0.33140911655515365
131000,0.0,0.602757546845455
211510,0.0,0.30126545682924527
119900,0.0,0.4524291862649835
82940,0.0,0.5221183766645702
161512,0.0,0.5907684656853497
181379,0.0,0.6250167879546236
146265,0.0,0.31860038595532475
150120,0.0,0.5557262580093096
181269,0.0,0.3758913620010303
158660,0.0,0.5321541360790897
106968,0.0,0.5512490214535057
128440,0.0,0.5851622201079245
5805,0.0,0.5375432507739141
142130,0.0,0.6114697414203952
213408,0.0,0.6772277014047374
141054,0.0,0.6467619662901309
149028,0.0,0.6953589108850435
179688,0.0,0.45135843068443676
149721,0.0,0.3530846659914636
173390,0.0,0.5773281001692344
126279,0.0,0.5506407246347459
167648,0.0,0.6873726468499518
148750,0.0,0.544635843474054
175680,0.0,0.646214078057311
195481,0.0,0.35033427161810027
132986,0.0,0.5067984736592942
136152,0.0,0.47452406172058303
141736,0.0,0.2109590934049331
131301,0.0,0.5376500857947453
143085,0.0,0.4877954532664283
203225,0.0,0.375266046235604
184032,0.0,0.38714753004500624
174432,0.0,0.492822509754046
153940,0.0,0.6191091380789896
116616,0.0,0.4334130585730979
115076,0.0,0.6588370250497299
209796,0.0,0.3960873729360873
178803,0.0,0.5730380871090658
117513,0.0,0.5840953213539277
113670,0.0,0.3387153189198977
-116520,0.0,0.5434325318186035
117910,0.0,0.6267460723118682
161466,0.0,0.6605553964291804
196587,0.0,0.27894665921314427
100089,0.0,0.4303733298638161
142032,0.0,0.30539883557782566
197910,0.0,0.4494997976404266
169225,0.0,0.5348649828386652
158829,0.0,0.5051670345615185
177864,0.0,0.6558741939621111
200160,0.0,0.6260024669792995
197925,0.0,0.5745360174350744
210230,0.0,0.553465894950241
44340,0.0,0.5654479660810555
-67725,0.0,0.6358811965882497
211820,0.0,0.5373386591237672
116536,0.0,0.4454985161273514
176490,0.0,0.37963982231369536
57447,0.0,0.5515859254053954
174951,0.0,0.35881518814699737
210216,0.0,0.2994683271048637
239895,0.0,0.3853088155187079
185143,0.0,0.5873929138909919
141396,0.0,0.5227349577848344
-87732,0.0,0.5156809336025869
158405,0.0,0.41963572987729547
25376,0.0,0.5565206793284412
120804,0.0,0.40887430485051524
141075,0.0,0.42616546828135654
62205,0.0,0.5729940268804795
200097,0.0,0.464530379392484
205096,0.0,0.5828518192261971
-12160,0.0,0.45630319989409374
142630,0.0,0.6780874016893229
86576,0.0,0.579376153533975
76738,0.0,0.4860492698911602
77181,0.0,0.4549728946058144
171738,0.0,0.4539379734303
191124,0.0,0.49949605771235306
149928,0.0,0.6977031528737357
157920,0.0,0.3990576238418297
78840,0.0,0.5872892012784529
156594,0.0,0.5918660836223861
82860,0.0,0.5863958260244141
134848,0.0,0.43211747373191034
109824,0.0,0.5295981908226753
54505,0.0,0.563490932218188
75446,0.0,0.6118183815757707
102456,0.0,0.5053266021568041
104146,0.0,0.6140695379683431
101790,0.0,0.4196758968447293
193998,0.0,0.4779041293891629
82907,0.0,0.5326951117676911
161752,0.0,0.6046080494100898
167492,0.0,0.5407456433164697
176363,0.0,0.3829601482673796
194142,0.0,0.5031754268534486
116028,0.0,0.5853997815961768
134890,0.0,0.3722548272912406
154847,0.0,0.5939008000525665
119713,0.0,0.5837175598258841
176930,0.0,0.3502647471229667
144365,0.0,0.36169441729626317
123530,0.0,0.5613426214788765
165208,0.0,0.6216537138635417
151019,0.0,0.6348346248959443
178908,0.0,0.42277522655063865
-156,0.0,0.549837080536886
178704,0.0,0.49055808526692185
17160,0.0,0.6283014004683274
147444,0.0,0.691768868734614
59235,0.0,0.37302927618485926
129855,0.0,0.6290149498126426
159848,0.0,0.6996499723964431
125762,0.0,0.4885050433064634
181468,0.0,0.5776260274279338
144450,0.0,0.6041977908543595
186693,0.0,0.4744276593851971
134640,0.0,0.5759650446196962
169520,0.0,0.5444703951155682
152009,0.0,0.37168598099804084
157487,0.0,0.6517728861821968
147819,0.0,0.6336840646539139
196170,0.0,0.5063664477419126
140229,0.0,0.5477341335824669
185964,0.0,0.4327791910051179
236770,0.0,0.3267330255825585
73920,0.0,0.487244938403649
94848,0.0,0.6563066039610538
117632,0.0,0.5998128009788983
120315,0.0,0.5012841847548963
163190,0.0,0.6023617050822809
184624,0.0,0.5591695141601923
134210,0.0,0.6013791970971186
202410,0.0,0.5208108377835919
164790,0.0,0.3489498996504595
144549,0.0,0.5709200709728552
191724,0.0,0.4494413550134629
194796,0.0,0.6150722643275318
98712,0.0,0.5768286780150522
153517,0.0,0.37812621709442834
145770,0.0,0.5204066202709129
158032,0.0,0.3406253571746838
155638,0.0,0.41546162604316184
131208,0.0,0.639290518142221
179420,0.0,0.5294504396079419
163512,0.0,0.7135574434319941
194870,0.0,0.39459559751174517
159610,0.0,0.564727332829951
145912,0.0,0.3697411156412541
200061,0.0,0.6323421773115704
145368,0.0,0.6054157431899763
136995,0.0,0.5134836665222383
147448,0.0,0.409142497551208
113860,0.0,0.5481870185530773
203324,0.0,0.5953051237604846
117210,0.0,0.5474452508549527
164659,0.0,0.37393463629269813
180310,0.0,0.49997626103826714
149490,0.0,0.2879804350617947
173376,0.0,0.34774214324837355
104090,0.0,0.5703541470074858
184591,0.0,0.39959077043576297
184938,0.0,0.49760211195112936
152694,0.0,0.29133325594373966
175596,0.0,0.4219048479384376
111405,0.0,0.5191757630383648
137488,0.0,0.3828286716223418
193770,0.0,0.3922990278264072
142155,0.0,0.4879822129269111
127275,0.0,0.5223374308245887
138376,0.0,0.4228947733925232
210492,0.0,0.39738049330976216
100416,0.0,0.5151985485837931
61620,0.0,0.5180992129408664
83535,0.0,0.5035832182463439
65640,0.0,0.5167539401168539
88998,0.0,0.5800106933943425
114758,0.0,0.3520267453782727
49896,0.0,0.5399672035203864
92604,0.0,0.4533777282890091
164725,0.0,0.3364402505838876
167810,0.0,0.6272438295940698
138830,0.0,0.6251876073611274
154413,0.0,0.6964290686763188
199320,0.0,0.3929820992616757
148707,0.0,0.5977023796082211
197268,0.0,0.4726405403922133
125710,0.0,0.6483661798690576
191210,0.0,0.3755200477540044
107107,0.0,0.564607783023224
155820,0.0,0.39439167884263493
133356,0.0,0.6295723384864687
123770,0.0,0.5329635899946091
92675,0.0,0.5882439374583219
148786,0.0,0.573168738185271
113223,0.0,0.5795087458798831
182300,0.0,0.38582480636678923
150432,0.0,0.6299476171473388
164990,0.0,0.5361650700651993
132680,0.0,0.5473406496524824
156233,0.0,0.6717478314134843
117535,0.0,0.5268953962018843
81972,0.0,0.5231042509270547
110404,0.0,0.5213063713197508
91546,0.0,0.37369052380498213
132420,0.0,0.38077050040844035
109956,0.0,0.5952286654330777
127704,0.0,0.5439177672150205
136682,0.0,0.36785323586962987
104270,0.0,0.4861434512529586
134459,0.0,0.42960791993965514
71225,0.0,0.5437261583535957
169928,0.0,0.5785552726216362
85300,0.0,0.5614345685617804
116532,0.0,0.6073435087907422
99021,0.0,0.47669675293450836
133243,0.0,0.48787114418844857
143182,0.0,0.6056537933368965
123786,0.0,0.39265061326713124
137052,0.0,0.5372128321206605
111120,0.0,0.5254681492122477
137100,0.0,0.635233517418657
183872,0.0,0.5882162363315432
128488,0.0,0.509947537070922
190223,0.0,0.44447878183115114
210522,0.0,0.5500966011082963
197626,0.0,0.5915202336353432
199212,0.0,0.4823892183617375
162920,0.0,0.5651153982832
99616,0.0,0.5873073930102481
167636,0.0,0.5820342742232294
64053,0.0,0.5667170500557501
87598,0.0,0.603164116717978
68740,0.0,0.48212615948705023
90408,0.0,0.6480021543789137
114672,0.0,0.5861903589599037
116298,0.0,0.6013775952711905
110470,0.0,0.41182303054329245
102410,0.0,0.6158774083181252
115505,0.0,0.4961490888769496
92455,0.0,0.5306392475804461
150381,0.0,0.5734985620236999
152208,0.0,0.5320284897868792
135331,0.0,0.5672545803825438
168252,0.0,0.38346842253608826
151592,0.0,0.6324168168659401
156620,0.0,0.3298927995831091
167020,0.0,0.53391510235987
134130,0.0,0.5485727383742053
104071,0.0,0.6050358089373186
138904,0.0,0.586201577357032
155309,0.0,0.6453112635652432
146433,0.0,0.6230596742335561
193596,0.0,0.5024405424406041
138447,0.0,0.5395640485880451
149900,0.0,0.5012216149556397
199048,0.0,0.2959574197898715
120008,0.0,0.5605875259217334
101150,0.0,0.41960757322997383
93203,0.0,0.5638651454569976
118188,0.0,0.6348798943698485
74496,0.0,0.5307840522841933
187677,0.0,0.46352677128918346
99630,0.0,0.49974185482333794
79425,0.0,0.34972944472288486
78516,0.0,0.5289922671963749
130380,0.0,0.46972721431479375
125752,0.0,0.2923093661886322
115500,0.0,0.5033482128424935
101013,0.0,0.49583138897482004
127386,0.0,0.40186511444649087
105480,0.0,0.4596686679549151
180752,0.0,0.3999673737933167
114675,0.0,0.5826625242408309
152026,0.0,0.5349534137246541
145632,0.0,0.6414221046582743
180726,0.0,0.4967193219311065
156490,0.0,0.33450446643348525
166838,0.0,0.5370489547659394
175331,0.0,0.3509497310826362
134000,0.0,0.550768509905476
173108,0.0,0.42831452884736904
143077,0.0,0.507718119857957
179319,0.0,0.42399674590322045
127620,0.0,0.5512317159960339
97335,0.0,0.3643252280321631
92844,0.0,0.5592432604656586
118469,0.0,0.6140044576954338
143217,0.0,0.6034668141788578
138886,0.0,0.324836010422639
133410,0.0,0.5184284057223993
114147,0.0,0.5291165741057942
119808,0.0,0.4876715729280213
160072,0.0,0.6460929495318236
158081,0.0,0.609136131144694
122518,0.0,0.614653236754535
126203,0.0,0.6131555735570144
176652,0.0,0.4224642979059176
141130,0.0,0.5865723838980839
182377,0.0,0.45881649059255486
150920,0.0,0.5417382396264929
102804,0.0,0.5951880426599848
180691,0.0,0.6908112284207305
86520,0.0,0.5876899431117084
66315,0.0,0.4639454258604832
68028,0.0,0.5867494053480355
115921,0.0,0.4791914724929687
117270,0.0,0.576102459444146
116138,0.0,0.41991973489884715
102390,0.0,0.5965606357112648
91399,0.0,0.5611804206521788
116868,0.0,0.5646113673583222
172487,0.0,0.7365644972507059
78072,0.0,0.5670350818628828
104100,0.0,0.5419385650111536
131157,0.0,0.41611689947333047
129030,0.0,0.3600284581175715
131558,0.0,0.4551596017230838
66348,0.0,0.588254172856722
202941,0.0,0.6451163806687009
118310,0.0,0.5850799171791786
85980,0.0,0.5599327883304918
99905,0.0,0.4728166312547366
89330,0.0,0.5613401605458436
144066,0.0,0.6019894308238812
124398,0.0,0.38864231973744673
131170,0.0,0.6180309083409048
137868,0.0,0.5333342415285715
111800,0.0,0.5230396986248266
166760,0.0,0.6211731742987583
159336,0.0,0.636008036632308
180401,0.0,0.5748408653949821
162890,0.0,0.4050521825008033
137780,0.0,0.6194355805214141
168003,0.0,0.37502935495595746
194155,0.0,0.5779707551062452
198060,0.0,0.38653985607964114
147762,0.0,0.5912355549485289
196008,0.0,0.466763653076541
160250,0.0,0.5487997171594972
109380,0.0,0.5652372112963208
152185,0.0,0.5760623534456047
116622,0.0,0.5840412555803608
154504,0.0,0.532440506130837
120307,0.0,0.5822841610739138
147756,0.0,0.6417701374635476
177632,0.0,0.3438889553663543
105875,0.0,0.6085047105029192
123028,0.0,0.7828392495941213
114653,0.0,0.5400364467077444
106736,0.0,0.5385618474463347
87878,0.0,0.39727799978014894
82775,0.0,0.5323619681156893
129276,0.0,0.40568721522613793
106812,0.0,0.6065936420220446
135436,0.0,0.5219651791480564
124140,0.0,0.32209740577318036
121548,0.0,0.5470064259582283
101650,0.0,0.4976386313152554
131053,0.0,0.45314909226782046
107492,0.0,0.4767588624577562
154820,0.0,0.4304027033477104
96421,0.0,0.683030972497807
78910,0.0,0.5703526771697879
73180,0.0,0.6087398922303009
116226,0.0,0.5833496772602357
95634,0.0,0.7052251847504869
123071,0.0,0.6953745057417906
110175,0.0,0.7010422640509009
120540,0.0,0.5974390718214155
89622,0.0,0.5795929707032959
118488,0.0,0.6311009396418144
60060,0.0,0.6126230123936073
95650,0.0,0.5901119604661959
155590,0.0,0.571775411779442
128105,0.0,0.6351550602144298
165880,0.0,0.5382126846367703
148369,0.0,0.3655319062727229
126610,0.0,0.5707356260699077
174999,0.0,0.37988842317410243
154407,0.0,0.6428620032581127
192530,0.0,0.501156369495409
157950,0.0,0.3078609960763673
179634,0.0,0.5418951717302077
184656,0.0,0.3446089223550474
182604,0.0,0.4266016144987234
113490,0.0,0.5948774431343681
149080,0.0,0.4985374142057466
42608,0.0,0.0
149130,0.0,0.555781859728193
116800,0.0,0.5538836164416856
222640,0.0,0.5563274810816321
157482,0.0,0.5309802134026029
139971,0.0,0.36093293426716155
167893,0.0,0.3726097265460358
147301,0.0,0.6281167434000587
141337,0.0,0.5915646996447792
152136,0.0,0.2903856317110649
176904,0.0,0.3432354080685895
131895,0.0,0.5165328476299303
174852,0.0,0.42203051930115076
107030,0.0,0.5764942716592347
142620,0.0,0.4829510819608887
217692,0.0,0.5506467460300093
92784,0.0,0.5845270143861085
122490,0.0,0.5410056811829611
102285,0.0,0.3944923272843508
96804,0.0,0.5828188258672653
147095,0.0,0.4103882887479696
122759,0.0,0.6373699259535701
146187,0.0,0.6330497163629016
142516,0.0,0.3641413422379057
138360,0.0,0.5439377636176729
151116,0.0,0.38117747379374217
117777,0.0,0.5554317562339887
123768,0.0,0.514963107654106
137775,0.0,0.6007015706890911
226280,0.0,0.464658386213179
136164,0.0,0.5783477758970261
117306,0.0,0.4349899163909576
105897,0.0,0.5952147098248631
154500,0.0,0.45292865267351634
132036,0.0,0.6623058427439511
142424,0.0,0.6432841587168809
145160,0.0,0.39415869471773923
122670,0.0,0.567630598794615
158379,0.0,0.4925577366274615
220086,0.0,0.5289901850804979
128388,0.0,0.5823942171233755
118500,0.0,0.5501801729485091
98295,0.0,0.40764540891154055
93612,0.0,0.5858278912886457
143637,0.0,0.42397091285456207
119301,0.0,0.6418173901062298
143793,0.0,0.6350458350956919
139590,0.0,0.37639436104353863
134370,0.0,0.5540938662339865
114851,0.0,0.5590200312135352
120576,0.0,0.5212480933227497
158829,0.0,0.6019949060158505
207140,0.0,0.5358426060555698
123266,0.0,0.60935941535145
162960,0.0,0.552610312383301
144102,0.0,0.38974500272700763
126951,0.0,0.6076857965473934
177468,0.0,0.4091039049338722
157736,0.0,0.67216237088081
164300,0.0,0.36617879363943157
177772,0.0,0.553944166027308
185484,0.0,0.36787408522085996
141810,0.0,0.5803174829203599
183261,0.0,0.4459909252782722
151668,0.0,0.5338386741464999
163670,0.0,0.604725968874145
131340,0.0,0.6046461453987692
176384,0.0,0.5615824619989175
158873,0.0,0.3901789671485353
206646,0.0,0.5251774977984888
134690,0.0,0.6036714135450728
163295,0.0,0.6728336210889514
151515,0.0,0.6663680628949552
190138,0.0,0.5646627518459748
194352,0.0,0.3699775909302982
144981,0.0,0.5735001959357985
157160,0.0,0.531958862349767
169582,0.0,0.30914377617395267
136670,0.0,0.5490490032480548
104340,0.0,0.53967471173983
141284,0.0,0.5425571583180212
107690,0.0,0.5395061954210144
154187,0.0,0.39521799062753293
133595,0.0,0.6209574038783051
132615,0.0,0.5640157604695549
167934,0.0,0.5207965978318725
120681,0.0,0.5017366008684433
159900,0.0,0.4463992093513995
94570,0.0,0.5596040416439936
130160,0.0,0.4791976648393046
137973,0.0,0.5397305767427635
152100,0.0,0.3352830263637165
102410,0.0,0.5454616593599856
136416,0.0,0.5106726998415533
117558,0.0,0.3474901053342493
106095,0.0,0.5438698575734948
154716,0.0,0.3576721925014112
132252,0.0,0.6083015632153106
142568,0.0,0.5824117722130864
165116,0.0,0.4757792381463549
151228,0.0,0.5138517429928483
160836,0.0,0.32706395240648123
122850,0.0,0.5093817723533103
158613,0.0,0.4036953465111993
130812,0.0,0.471150033499045
116556,0.0,0.5522273311645481
140900,0.0,0.2184395341028202
77760,0.0,0.5565596461878581
103710,0.0,0.5286272074632007
83505,0.0,0.38584881934008713
81780,0.0,0.5551170705653263
130819,0.0,0.39797452411028816
106483,0.0,0.613976035569186
134460,0.0,0.5022437081040335
119580,0.0,0.5331835752814277
133588,0.0,0.3763661446151116
104005,0.0,0.5251966718330481
131194,0.0,0.43819842861089736
66036,0.0,0.5785928257175649
108744,0.0,0.4908473030525186
110286,0.0,0.49467050032788557
162420,0.0,0.35903053511527727
119053,0.0,0.5188629721584888
83490,0.0,0.5171809550088249
112336,0.0,0.5109180700037796
93478,0.0,0.3592357207524169
87175,0.0,0.5162609946219759
134076,0.0,0.36537974832524245
111612,0.0,0.5883099428714731
128808,0.0,0.5375514493577996
141036,0.0,0.48753164189670767
127148,0.0,0.5174733075663477
138476,0.0,0.3501462100886779
105650,0.0,0.4790354808636859
136253,0.0,0.4152322175181012
111892,0.0,0.45257030571949036
176886,0.0,0.4659576661768754
174084,0.0,0.6833071158746811
135288,0.0,0.6940127866480326
175620,0.0,0.6129703669811634
155415,0.0,0.46229988547542017
139308,0.0,0.6920895199843842
193141,0.0,0.49180393844974696
168805,0.0,0.736942262795874
178065,0.0,0.784203785052535
206370,0.0,0.5704337981714541
181478,0.0,0.4788253189169783
200704,0.0,0.4446849807063943
156739,0.0,0.6746694849857245
198310,0.0,0.5162079407373957
123564,0.0,0.7179168904742379
166272,0.0,0.6196289285690849
124668,0.0,0.2993424789481119
236097,0.0,0.6681542725862606
95136,0.0,0.5034971731117446
76935,0.0,0.49581244218104875
56730,0.0,0.3530780683009598
60360,0.0,0.5045593096397207
107614,0.0,0.35781058747691846
83278,0.0,0.5693519635283667
118854,0.0,0.5242271411156689
107685,0.0,0.47361077845098454
109109,0.0,0.27795087496195997
108598,0.0,0.34443619085797994
84370,0.0,0.4691367880302868
44616,0.0,0.5276826877066215
87324,0.0,0.4414541300740119
119904,0.0,0.5773447017241433
81108,0.0,0.579075423843474
107895,0.0,0.553000818288144
87690,0.0,0.4150357623434837
85128,0.0,0.5779037144971888
110110,0.0,0.6366474938361968
138645,0.0,0.5292322439631106
131813,0.0,0.3773561709478496
137494,0.0,0.4098037661462091
107074,0.0,0.5506206242245497
135100,0.0,0.4679134788456737
112092,0.0,0.5173678273693537
212166,0.0,0.5702027998124962
127044,0.0,0.5888420006725454
88248,0.0,0.5919986306004901
116820,0.0,0.5586821070876
96615,0.0,0.4188892184373724
92268,0.0,0.5907010372382755
142181,0.0,0.43583908831116025
117845,0.0,0.6474899813096446
142785,0.0,0.640103773795546
147570,0.0,0.5325082985854047
138358,0.0,0.3881369832668761
145824,0.0,0.4120486893608125
113619,0.0,0.5645633683886632
143430,0.0,0.4719543722398971
76524,0.0,0.6133420481604551
119232,0.0,0.5284263793740769
112908,0.0,0.6767836322928836
211360,0.0,0.3676911499415598
111732,0.0,0.5303385650902266
72936,0.0,0.5360428202872992
97680,0.0,0.5092825810674078
77475,0.0,0.3630926245929606
76956,0.0,0.5344473009739785
125593,0.0,0.3722943826654578
101257,0.0,0.5942046056969456
131301,0.0,0.5669620003900518
128430,0.0,0.481790189970109
124322,0.0,0.30744374564854504
113550,0.0,0.5135878568996125
99583,0.0,0.5021263657830229
125566,0.0,0.4152317768795602
61212,0.0,0.5587886214907554
103920,0.0,0.4679015352635717
194508,0.0,0.35301738631843815
155309,0.0,0.5913458740942413
119746,0.0,0.5984470361171169
158480,0.0,0.5454427525565311
139622,0.0,0.38268090682521505
123431,0.0,0.5967865096641318
173628,0.0,0.40054253521205513
151164,0.0,0.655637999303841
155176,0.0,0.6567827826807204
187180,0.0,0.505812128702339
161100,0.0,0.35349100941959977
173292,0.0,0.547097526183852
138610,0.0,0.5682569683565871
179101,0.0,0.43888401615418837
148148,0.0,0.5232070335485233
118596,0.0,0.545888698475561
206784,0.0,0.3556907587200534
79800,0.0,0.5522754331795984
106260,0.0,0.5196059221044657
86055,0.0,0.37326778058694593
83820,0.0,0.5506320113972348
133029,0.0,0.3847695131038535
108693,0.0,0.6085075908382259
136449,0.0,0.5891391104008283
137010,0.0,0.4906017152249818
130614,0.0,0.3266543976995134
122130,0.0,0.5234163436001152
105875,0.0,0.5200065096403111
133574,0.0,0.4254980354899629
68076,0.0,0.5751259045120081
110784,0.0,0.4835835470928158
193400,0.0,0.344388074121961
163910,0.0,0.6059273603294105
131580,0.0,0.6058027384143896
176696,0.0,0.5625264713723437
159185,0.0,0.3912294125408272
134930,0.0,0.6048333541698502
184151,0.0,0.4109050899548523
163559,0.0,0.6739242774948275
151683,0.0,0.6680043648839448
203346,0.0,0.5235846671031
190450,0.0,0.5656048453779835
145197,0.0,0.5748079708344398
192588,0.0,0.45260005565040706
121810,0.0,0.628633288683724
157400,0.0,0.5331874497087002
206100,0.0,0.39139831033537675
141141,0.0,0.5516887991502285
105578,0.0,0.5572017505287828
140448,0.0,0.5198917222799585
121590,0.0,0.35793221872763353
109263,0.0,0.5556441443192124
158172,0.0,0.3699379901262066
135708,0.0,0.6191170387737823
144872,0.0,0.5984757028392756
169148,0.0,0.4847929756053165
148220,0.0,0.3051273723902504
155260,0.0,0.522965700509624
162357,0.0,0.41413255531037285
94831,0.0,0.5809874320261523
133980,0.0,0.48351159239678904
157750,0.0,0.5791602577197381
139083,0.0,0.538066767346155
125420,0.0,0.5793936030157788
168688,0.0,0.5428694235940575
151177,0.0,0.3700545031924799
128770,0.0,0.5783622637861204
177375,0.0,0.3855928039147502
147371,0.0,0.6301527890802922
195338,0.0,0.5049690182769342
159894,0.0,0.3173867850016566
182442,0.0,0.5462927977746299
187248,0.0,0.34878366107957265
185196,0.0,0.431137769820246
115650,0.0,0.602546172577036
151240,0.0,0.5059527603127412
120175,0.0,0.4329980431447844
139308,0.0,0.5915416128298161
100512,0.0,0.6003373657379457
132150,0.0,0.5489259799675693
111945,0.0,0.4007301114279753
104532,0.0,0.5985128085226009
155467,0.0,0.41865517191787105
131131,0.0,0.6509296606598202
151983,0.0,0.655233776719266
162900,0.0,0.514502578517586
149600,0.0,0.37858262110948254
148020,0.0,0.5510356280375528
160132,0.0,0.38553835501484307
157738,0.0,0.45326685731889027
88788,0.0,0.6237583153916064
131496,0.0,0.528996465944692
121726,0.0,0.52095438361905
147468,0.0,0.6408214491512622
86163,0.0,0.520407037537485
115738,0.0,0.5100815274948638
96880,0.0,0.3566086088326137
89848,0.0,0.5193815789324221
136992,0.0,0.36324838826617745
114528,0.0,0.5903605679185447
130752,0.0,0.5429543857930422
144438,0.0,0.48506962765590417
130570,0.0,0.2774799916167414
130550,0.0,0.5161634447301006
141635,0.0,0.3459442207734761
139412,0.0,0.4126936937038452
75416,0.0,0.5423195072198924
114565,0.0,0.4542769052369827
76230,0.0,0.17192400170025862
66517,0.0,0.5705692310935663
177582,0.0,0.4086218394185526
30954,0.0,0.5404778223397767
45472,0.0,0.6126719358524172
26614,0.0,0.5046869251544813
34639,0.0,0.5424615409043959
76764,0.0,0.5084520783114472
54300,0.0,0.6318652702391511
90600,0.0,0.5359336847050071
74172,0.0,0.6213128260123044
80380,0.0,0.4106999792676098
60284,0.0,0.6283359129282372
76388,0.0,0.524189975896001
74165,0.0,0.557332836958141
20207,0.0,0.5496666281015485
59356,0.0,0.5181515019154255
66192,0.0,0.20243782848485836
179816,0.0,0.3859324998580708
156996,0.0,0.6252510215608789
118200,0.0,0.6373666927157747
154260,0.0,0.5671344509641238
134055,0.0,0.4145701990629081
122220,0.0,0.6352665113078194
174629,0.0,0.43694843575743747
150293,0.0,0.6828284435064462
165249,0.0,0.7074394749916191
185010,0.0,0.5258445660311424
165814,0.0,0.41084613321732905
170130,0.0,0.5671754023317849
180768,0.0,0.39422760599217027
141075,0.0,0.612438551111994
106476,0.0,0.6618537102777052
149184,0.0,0.5615609915716334
114840,0.0,0.5246691561083421
207920,0.0,0.523006103606314
76044,0.0,0.5328584857494953
101565,0.0,0.49992282623428197
81360,0.0,0.3491998620315998
80064,0.0,0.5310220815089325
128960,0.0,0.3578457868251011
104624,0.0,0.5894542380943916
133632,0.0,0.56436887350977
132315,0.0,0.46915234560909236
127171,0.0,0.2932541756928332
117435,0.0,0.503304005859765
131586,0.0,0.33295129167178905
102432,0.0,0.4980323813657163
64320,0.0,0.5565762147449124
107028,0.0,0.46110940699494474
109857,0.0,0.26914038106637234
224992,0.0,0.41057902601720303
89232,0.0,0.5146440727709466
50436,0.0,0.5127342238742315
69555,0.0,0.5130128565840966
49350,0.0,0.3778249747243955
54456,0.0,0.511853624619721
101218,0.0,0.38340638930076926
76882,0.0,0.5787855225588346
114426,0.0,0.5300841332609626
100305,0.0,0.4959086694261368
103697,0.0,0.3044243335851043
85425,0.0,0.5203859692689773
101710,0.0,0.37489515129613665
78958,0.0,0.4777182270009887
38712,0.0,0.5327760634498387
81420,0.0,0.4547061300546122
103455,0.0,0.3389360796693317
191124,0.0,0.4303229429721695
157564,0.0,0.6039255334543359
122001,0.0,0.610096835416809
161350,0.0,0.5565829836151431
142492,0.0,0.395767841953476
125686,0.0,0.6085341523941667
176088,0.0,0.4153716071053545
153624,0.0,0.667055150637484
156816,0.0,0.6723271892386357
190050,0.0,0.5177466524308709
163150,0.0,0.37156550107034425
176162,0.0,0.5584465573152613
183989,0.0,0.37621628736762047
140660,0.0,0.5813847895245874
111254,0.0,0.6337417799072917
150403,0.0,0.5362465484961534
82746,0.0,0.5158545748606576
106932,0.0,0.5392124339315976
136686,0.0,0.6647558983388663
68136,0.0,0.5412190410218872
91680,0.0,0.523593357563255
71475,0.0,0.38377293985647215
72156,0.0,0.5399853505626626
120393,0.0,0.3936976002703495
96057,0.0,0.60170676946031
127701,0.0,0.5712283153620524
122430,0.0,0.5007901096265789
119922,0.0,0.3283398609851508
107550,0.0,0.5292320137829365
122360,0.0,0.37700130665395354
95183,0.0,0.5086711696000725
119966,0.0,0.4359437068167648
99120,0.0,0.47844527284112903
107880,0.0,0.4551342575758719
161850,0.0,0.29152389585033767
56604,0.0,0.677099608884469
17808,0.0,0.6453316974027399
28770,0.0,0.7054475024844432
8565,0.0,0.6103772973193141
21828,0.0,0.6475919361539784
65871,0.0,0.6250686584635121
41535,0.0,0.7256307459760862
89955,0.0,0.6711846086661526
59520,0.0,0.7179568270643021
73788,0.0,0.5552058067613199
44640,0.0,0.7215430161901522
63644,0.0,0.6367421997952659
49049,0.0,0.6277682918461297
61250,0.0,0.6638547875368827
48792,0.0,0.6315470989236657
95298,0.0,0.8362674006380835
136356,0.0,0.7015246114014532
107592,0.0,0.5044251257118523
68796,0.0,0.5125130837249076
92505,0.0,0.48489658962346105
72300,0.0,0.3325733308936304
72816,0.0,0.5106618989547009
121108,0.0,0.3381715041918519
96772,0.0,0.5710964465866951
128196,0.0,0.537095338756031
123255,0.0,0.45497264326371584
120527,0.0,0.26409190857585724
108375,0.0,0.4886226859373189
123130,0.0,0.31559770620283806
95788,0.0,0.47533125173034685
120736,0.0,0.3848117481858872
99780,0.0,0.4401926646772683
108045,0.0,0.06363120012632233
149380,0.0,0.4645339436842027
153021,0.0,0.6016760178489282
117458,0.0,0.6053869153917841
155568,0.0,0.5602556379595388
136710,0.0,0.40342635972589547
121143,0.0,0.6040482133820031
171132,0.0,0.42260045907803606
148668,0.0,0.6645682885525493
153512,0.0,0.6639258892045556
184268,0.0,0.5254526466909131
159020,0.0,0.3748760582527856
170380,0.0,0.5632986494473119
178620,0.0,0.3882886876858795
136530,0.0,0.5766645771306669
176397,0.0,0.460256815381442
106711,0.0,0.6281549518096118
81920,0.0,0.7281099529049598
187005,0.0,0.5607887103525286
93896,0.0,0.5227887556592007
58333,0.0,0.5082054564629322
80318,0.0,0.5412017177464555
61460,0.0,0.41022262095977985
62018,0.0,0.5085512863866917
106632,0.0,0.4139358379365717
84168,0.0,0.5900980561005935
110512,0.0,0.5125844598176893
109018,0.0,0.5338516942292779
105270,0.0,0.3157633282042686
95130,0.0,0.5523429824506174
108745,0.0,0.41627554432049385
82780,0.0,0.4711989597881118
106522,0.0,0.4646894062439764
47586,0.0,0.5246448817319616
71170,0.0,0.07585532118942251
147210,0.0,0.4762523141215836
156431,0.0,0.5914231254395274
120868,0.0,0.5992419707591029
159908,0.0,0.5439578769890853
141050,0.0,0.3799676249388232
124553,0.0,0.5975159868051071
174852,0.0,0.3978508535882737
152388,0.0,0.6558325494454385
155992,0.0,0.6583985373139244
188608,0.0,0.5031528898173947
162120,0.0,0.35174417777598915
174720,0.0,0.5452723790790958
182650,0.0,0.3570188221577666
139630,0.0,0.5689886845763203
180427,0.0,0.43605486952186895
110121,0.0,0.6235458048536998
163520,0.0,0.5075232368324548
130801,0.0,0.5775741396849396
95238,0.0,0.5726784471125608
127288,0.0,0.5611753745167192
108430,0.0,0.41737601898890336
98923,0.0,0.5721263952531402
146892,0.0,0.431954942751278
124428,0.0,0.6410970102898709
137352,0.0,0.6114031576334176
155988,0.0,0.5400766495909239
138820,0.0,0.3654513722091104
142100,0.0,0.56825191465805
152360,0.0,0.4147297100785945
116330,0.0,0.5419544610143135
150137,0.0,0.47427605026359076
84491,0.0,0.5923873380676846
77880,0.0,0.7421120673839013
174040,0.0,0.5472387568122736
134960,0.0,0.5503557757619886
102630,0.0,0.5396631906396196
139061,0.0,0.5463993740042449
121550,0.0,0.3916243555186364
105980,0.0,0.539621920464244
152306,0.0,0.4013415469949231
131714,0.0,0.6219500922598539
131418,0.0,0.5626349625611378
165711,0.0,0.5264362383623153
139383,0.0,0.307258931871621
152815,0.0,0.5550211953374107
159900,0.0,0.38809763936312125
119142,0.0,0.5019496940421315
157848,0.0,0.45248571591701403
92860,0.0,0.5590780449801516
40545,0.0,0.0
161559,0.0,0.5901230516416586
132462,0.0,0.5808665044317682
181824,0.0,0.5603774799453856
165660,0.0,0.3787347515798967
135477,0.0,0.5807326886619986
183010,0.0,0.3952665719348874
164290,0.0,0.665600064743866
183204,0.0,0.4922216822621322
159536,0.0,0.309211544200966
194520,0.0,0.5658603321898411
195580,0.0,0.3602826502053717
141544,0.0,0.5440399209949276
193699,0.0,0.4457952741254222
123669,0.0,0.6023378037654848
155700,0.0,0.5115665737533289
172360,0.0,0.6682660384983952
175720,0.0,0.5622609303573542
93110,0.0,0.5164201924818496
98296,0.0,0.5620447799989529
125524,0.0,0.517162978795871
106632,0.0,0.4563840437521155
106404,0.0,0.5916551689870863
91900,0.0,0.6164513895665341
159309,0.0,0.5367982281894119
111888,0.0,0.6481023718723666
92356,0.0,0.5584813314102826
109900,0.0,0.6298619487841645
147653,0.0,0.4212450487557339
171752,0.0,0.4210055124799572
181070,0.0,0.6737720251137134
164216,0.0,0.4180934067810566
127464,0.0,0.5541173379414549
82797,0.0,0.4761209616540091
136176,0.0,0.48553036239102815
207756,0.0,0.43144657385644
52273,0.0,0.4217463264722331
152310,0.0,0.37548972468157993
122796,0.0,0.5503450671453098
139455,0.0,0.728855477926128
84760,0.0,0.4932230214246821
125536,0.0,0.5292036137406221
80600,0.0,0.45461188703374855
153640,0.0,0.6178567740855497
180180,0.0,0.49747661062405957
157464,0.0,0.41058354584022544
114084,0.0,0.576815680702733
102375,0.0,0.6128793502419279
195894,0.0,0.46345406518367194
82970,0.0,0.49206933616731174
86779,0.0,0.39271130302947055
119844,0.0,0.5293683376246596
158440,0.0,0.47637883220761884
165340,0.0,0.3497698797227941
85150,0.0,0.5850216898332442
99156,0.0,0.5748359165079782
116380,0.0,0.5795867689352346
155947,0.0,0.6687439503807168
102816,0.0,0.44842441191359494
59172,0.0,0.3634245777858912
148008,0.0,0.5800230205422142
178424,0.0,0.7020446359932546
147945,0.0,0.4490165747429037
130144,0.0,0.5467980253880529
178664,0.0,0.5842677407115023
135477,0.0,0.5326739225253763
180208,0.0,0.4438479890686951
126664,0.0,0.6143362027034484
-79650,0.0,0.49488927932695675
-46704,0.0,0.6041625325444485
120472,0.0,0.599694242516724
156960,0.0,0.42341130031334484
113498,0.0,0.4225088072698441
91390,0.0,0.5588246213222338
122220,0.0,0.4903803687217368
160668,0.0,0.6156587341353663
149580,0.0,0.6219147153277618
155600,0.0,0.6398769564693565
134123,0.0,0.5901424874433436
161856,0.0,0.4687840842771201
208336,0.0,0.5052848687312208
138760,0.0,0.397423677476809
176246,0.0,0.4749894943244669
111760,0.0,0.3407084246369465
161328,0.0,0.7588926414053494
75708,0.0,0.530404398424133
140660,0.0,0.6368117023812193
137848,0.0,0.5960835470634097
135810,0.0,0.5993431093218905
172116,0.0,0.436861413233901
125811,0.0,0.5564176142350072
131648,0.0,0.5668019057584773
165375,0.0,0.6691132060002697
71200,0.0,0.4213761860015495
112211,0.0,0.4197789253096561
177795,0.0,0.6750656737298212
140096,0.0,0.5949675625845852
162127,0.0,0.6488748443184104
184968,0.0,0.3170866824119799
154640,0.0,0.3973638677245022
144245,0.0,0.3987938445378969
115450,0.0,0.34803644475229367
130527,0.0,0.38404410498139696
114555,0.0,0.5650103563297317
130113,0.0,0.5270784595090486
148167,0.0,0.3315622916769848
104335,0.0,0.5962853377047123
164129,0.0,0.4775757426683357
154688,0.0,0.6334102130122454
190656,0.0,0.5901628888243222
111770,0.0,0.4108225475942249
148225,0.0,0.6254514167486798
31668,0.0,0.5033045969659781
145908,0.0,0.6011869382644301
190908,0.0,0.3671927944904304
127875,0.0,0.45605808217969784
104038,0.0,0.5954060690783458
103248,0.0,0.9024572970671555
145216,0.0,0.6221264328710489
71844,0.0,0.6503018699526669
149898,0.0,0.5788261287072316
92532,0.0,0.5337781912502141
181008,0.0,0.697188091276716
93880,0.0,0.5165207223400602
88332,0.0,0.44770062895739143
145629,0.0,0.461488725030447
165600,0.0,0.3531487206748169
167083,0.0,0.5618523800417073
160976,0.0,0.28270480302248224
179560,0.0,0.43402892946317456
129483,0.0,0.3588615080876357
132282,0.0,0.6034245601381426
187520,0.0,0.7619431173174668
101699,0.0,0.48007361008373073
171801,0.0,0.730739755048168
59543,0.0,0.5933930507976913
176787,0.0,0.6648621917607315
79836,0.0,0.16752392061168894
130808,0.0,0.38534132266537097
133216,0.0,0.43090307161216973
124448,0.0,0.5230321765209541
132084,0.0,0.5400481732050276
126756,0.0,0.5997741491247884
101628,0.0,0.4941300731073855
134685,0.0,0.5395444571609538
120210,0.0,0.4587700905109888
180872,0.0,0.5940350612816041
223191,0.0,0.5734016969934751
180912,0.0,0.4946412967474295
113443,0.0,0.6493122482546435
147616,0.0,0.5686281125616623
148420,0.0,0.6918987191654414
104040,0.0,0.44898113591763766
167790,0.0,0.5496460650587266
148524,0.0,0.641257785707719
110100,0.0,0.498051576472644
164430,0.0,0.536676546344704
215676,0.0,0.5678104501973184
210070,0.0,0.5950760369826136
194337,0.0,0.5493144390868616
168530,0.0,0.5748232818407268
156936,0.0,0.668151274708827
174048,0.0,0.2751327315771281
173990,0.0,0.6601240248968235
152845,0.0,0.5253104751728509
177856,0.0,0.44091824348818615
104468,0.0,0.5135158186488965
196280,0.0,0.6052032495604724
140232,0.0,0.5270505466760601
156840,0.0,0.7119165221199737
97568,0.0,0.5746515527556001
150520,0.0,0.23830558501382118
123480,0.0,0.7017525366320545
163860,0.0,0.592239849841129
236159,0.0,0.5679861587499597
193186,0.0,0.4601558348957819
92590,0.0,0.5095977304571758
154770,0.0,0.5392819150149134
177440,0.0,0.42694094324621595
113272,0.0,0.5031363155765451
105930,0.0,0.38103947068997485
136920,0.0,0.11350794228032163
163790,0.0,0.46365580359790576
110724,0.0,0.5054420982503351
224415,0.0,0.576867393661191
143480,0.0,0.40659324587777357
142016,0.0,0.6779455351610271
125545,0.0,0.5439408188542767
110223,0.0,0.5156475820504632
129624,0.0,0.578441973541528
167994,0.0,0.5261465473250381
105972,0.0,0.45606521660529187
128590,0.0,0.621263926288825
120720,0.0,0.5046001934894385
175544,0.0,0.7621761319671647
207272,0.0,0.5602501380295931
156646,0.0,0.4771745253440052
170760,0.0,0.42613543716093116
181356,0.0,0.31246412940045704
159248,0.0,0.5955575029011073
197632,0.0,0.4040348072436822
52164,0.0,0.6322507008125307
160754,0.0,0.5698798509760833
175131,0.0,0.6000448525423691
199968,0.0,0.42299575120550736
171348,0.0,0.3864431459092064
170584,0.0,0.498773304624606
147931,0.0,0.5594294422694684
173556,0.0,0.4201814203327286
197400,0.0,0.465669645039685
174895,0.0,0.6247493579902031
217400,0.0,0.6170594554331521
108880,0.0,0.4341940218577547
117400,0.0,0.5638968624962685
173128,0.0,0.6103242159631014
186522,0.0,0.4086018793182745
138853,0.0,0.5652493150270008
186544,0.0,0.3738578905205655
122964,0.0,0.5930526368144503
139884,0.0,0.5815956399600214
128060,0.0,0.5127472040153748
99900,0.0,0.7400047976815528
61035,0.0,0.522758089923859
128032,0.0,0.13433245538939292
65080,0.0,0.5571982687611227
108350,0.0,0.5782261887835299
145187,0.0,0.5833743051246838
115353,0.0,0.5989966327106202
128464,0.0,0.45260921252219927
171435,0.0,0.5885240158675278
192464,0.0,0.39493910710894425
140826,0.0,0.48260019358321216
128905,0.0,0.7184629966759167
171648,0.0,0.40465116679533364
144909,0.0,0.5809148135401817
130410,0.0,0.5806480264274221
151452,0.0,0.3890888332769722
135696,0.0,0.5735864807716874
110121,0.0,0.17730750837899142
137956,0.0,0.6095207410929335
95152,0.0,0.470912428221151
105624,0.0,0.513185276778088
169695,0.0,0.6368309531528139
133028,0.0,0.5669716199794654
141630,0.0,0.4902019735202479
155853,0.0,0.5864169367076267
121312,0.0,0.5403204433838804
138635,0.0,0.4666029584362518
160362,0.0,0.7796927996584901
127044,0.0,0.5704501439419801
162144,0.0,0.6886076437751139
159664,0.0,0.43768816604672756
163194,0.0,0.8118900998130244
175672,0.0,0.7276975931939538
207264,0.0,0.4403851964122139
143340,0.0,0.4502955678553738
156760,0.0,0.6639664975696167
193260,0.0,0.4564437144094168
133450,0.0,0.607064879747589
79956,0.0,0.5501330453408432
185859,0.0,0.5033764139749722
184681,0.0,0.6272281443009762
141924,0.0,0.5806134919453692
147180,0.0,0.45715758350282254
178906,0.0,0.38705506892965685
114048,0.0,0.5106008660244795
194490,0.0,0.7689068843391408
163405,0.0,0.6241005227155176
113391,0.0,0.5407177019996494
182070,0.0,0.7618960908912087
137934,0.0,0.4054164479455192
218896,0.0,0.3646884510847398
171090,0.0,0.4725287302873455
136312,0.0,0.36332570976476636
98136,0.0,0.463717745574365
180032,0.0,0.25737760018928457
158305,0.0,0.40892923256532904
165088,0.0,0.33901163957292624
179424,0.0,0.4473785806064574
134559,0.0,0.5956756615090927
147854,0.0,0.3617617449680039
170865,0.0,0.6948174771413349
131920,0.0,0.3284523193747617
192258,0.0,0.4829860686142623
146920,0.0,0.5739766957016932
104010,0.0,0.4780584869378997
152568,0.0,0.40857306024763446
143192,0.0,0.556346429644339
151728,0.0,0.6725275682442617
173830,0.0,0.6924240627748096
142030,0.0,0.5731143430369636
175736,0.0,0.4350139222840298
156808,0.0,0.4972931116955458
152312,0.0,0.6377339785271923
174320,0.0,0.7627550021577715
126350,0.0,0.25327414659259817
114042,0.0,0.20408438239810195
112850,0.0,0.5312202408724236
183008,0.0,0.4840907379070577
173076,0.0,0.4222281415030231
117180,0.0,0.6355470224200905
91480,0.0,0.6227366682243031
167272,0.0,0.564242802491513
175230,0.0,0.42581240785994295
138728,0.0,0.5454817830699915
105876,0.0,0.5145991355299204
117640,0.0,0.3196033378013721
189992,0.0,0.49816755708424637
13848,0.0,0.5368479791559266
132307,0.0,0.507543013100086
172670,0.0,0.6388021484661237
135426,0.0,0.5099384368290862
152106,0.0,0.4603273435504393
115650,0.0,0.5134283237508085
141176,0.0,0.5536498028688973
137760,0.0,0.5029149388252037
87516,0.0,0.6273321387181156
165904,0.0,0.652670645462824
81244,0.0,0.4218736666192924
174042,0.0,0.5222075467402936
204764,0.0,0.3539892366287672
135970,0.0,0.5705582078686277
161735,0.0,0.6580991799965774
165630,0.0,0.5537600116817316
144712,0.0,0.5629598359053859
81640,0.0,0.4290146466264105
171060,0.0,0.32524753799703043
160171,0.0,0.6087661779243012
168588,0.0,0.70502556510782
140679,0.0,0.35397752638611224
131369,0.0,0.5521276946140592
131540,0.0,0.3466524192447125
112164,0.0,0.5650534464689727
173418,0.0,0.3089337897800306
144441,0.0,0.6178507142161266
147294,0.0,0.7048702261309231
119385,0.0,0.3935157129462119
149310,0.0,0.43647467467162493
176103,0.0,0.7295851642692815
148194,0.0,0.37620792237337436
164353,0.0,0.747718861635821
126180,0.0,0.5628308576928508
145515,0.0,0.8270067469795515
128502,0.0,0.43446835681166285
99909,0.0,0.48296218682559205
184786,0.0,0.8546688120627138
156042,0.0,0.367409611166375
159607,0.0,0.6943893656310631
97940,0.0,0.4966016026129967
185946,0.0,0.6708655051367577
128678,0.0,0.39489335213284515
102583,0.0,0.5873267087813878
107680,0.0,0.5286576547725044
171550,0.0,0.7086846840779819
157750,0.0,0.7011126321571918
170058,0.0,0.408364965964206
173619,0.0,0.7198332712801954
150458,0.0,0.3889441708439387
145910,0.0,0.5102617798500321
57376,0.0,0.44717307870073036
127633,0.0,0.6124073952708017
169152,0.0,0.3052786124486291
157950,0.0,0.46314165016922487
68220,0.0,0.5628177867324586
135948,0.0,0.2694816796296412
134628,0.0,0.6210565803432195
178607,0.0,0.737344032236085
144496,0.0,0.4373695615705236
66528,0.0,0.48893187410942124
129800,0.0,0.7684290334997308
95689,0.0,0.5263054773391469
162552,0.0,0.6083384126996955
156015,0.0,0.6941780790794584
178336,0.0,0.44168826589042504
128106,0.0,0.3621808813139665
155124,0.0,0.37546563656876947
67100,0.0,0.495367465150037
103246,0.0,0.37626148672961973
177327,0.0,0.7350030663429872
197280,0.0,0.4079061229288968
140745,0.0,0.6059921742558001
188300,0.0,0.4302062614943618
141390,0.0,0.7871664762470839
137568,0.0,0.54906080814689
140136,0.0,0.6158579926296088
184842,0.0,0.46047899155194005
150624,0.0,0.3851874798077364
151092,0.0,0.39679495618596883
114496,0.0,0.5036257515435056
156720,0.0,0.6418900725699004
179142,0.0,0.3244903023463656
164320,0.0,0.6197357427510212
160119,0.0,0.6594432158564366
142702,0.0,0.6599565554963635
163905,0.0,0.6983433422264396
191660,0.0,0.28524546365353914
164458,0.0,0.4321495618253025
139842,0.0,0.6281891780090946
127392,0.0,0.5440154951346075
103160,0.0,0.5201901147206626
163668,0.0,0.518907913159073
181112,0.0,0.7189807283307801
121760,0.0,0.5060982029462661
137792,0.0,0.6362505533235908
141156,0.0,0.7117503191690048
107930,0.0,0.4563317204300426
154270,0.0,0.5953770576684072
200305,0.0,0.6109111180275706
141974,0.0,0.2968234076526144
115119,0.0,0.6988675759739669
158840,0.0,0.4743660136957692
117523,0.0,0.49911950913468156
107816,0.0,0.47282078617015777
163398,0.0,0.4558963079417122
206920,0.0,0.7930725008849246
168900,0.0,0.7012061360173109
160704,0.0,0.6583254448883349
165930,0.0,0.6036054105781181
189480,0.0,0.7910086700205975
155352,0.0,0.7384851518971756
158706,0.0,0.763910424572179
177009,0.0,0.8026441615238504
149796,0.0,0.643381473759663
157176,0.0,0.6724955992833316
157566,0.0,0.7543061959572674
203609,0.0,0.6330599789580783
177898,0.0,0.6730321350172382
112014,0.0,0.504799977630091
116545,0.0,0.6943098482055902
154165,0.0,0.4132432207790199
116230,0.0,0.5605801338692139
149976,0.0,0.6554344155649642
176304,0.0,0.48330372040733094
181368,0.0,0.477764043207962
167307,0.0,0.6837020388502503
196224,0.0,0.5013557341781888
170205,0.0,0.74939424003985
183510,0.0,0.44863847582830046
188480,0.0,0.3836986374340864
135000,0.0,0.43150261871609513
159204,0.0,0.41491649102754163
162816,0.0,0.4440379417731753
128920,0.0,0.5412961696755564
152944,0.0,0.3888560481922467
161192,0.0,0.6589690284413294
135088,0.0,0.36634305848543697
169910,0.0,0.630817324626137
143136,0.0,0.31958614845597744
155826,0.0,0.4552960533613231
84270,0.0,0.4645164387764907
131390,0.0,0.5927095650032413
170784,0.0,0.3544056420972573
156534,0.0,0.2691438483314319
174867,0.0,0.27829460998322586
127161,0.0,0.6306935780463323
153432,0.0,0.7111977555800572
187232,0.0,0.3065198372373919
156366,0.0,0.47131717872149287
168156,0.0,0.3287751881013728
152600,0.0,0.4280081315371361
195104,0.0,0.47010812251838513
142926,0.0,0.3058468692375484
187176,0.0,0.7919341238177368
105237,0.0,0.6086467326265244
124695,0.0,0.6989932501023672
116250,0.0,0.5035172735349404
84240,0.0,0.4863764493891156
165784,0.0,0.451835338328945
162550,0.0,0.8323364702413847
113510,0.0,0.5399069060101688
112635,0.0,0.4871890501551866
157913,0.0,0.621780052803164
177390,0.0,0.6564498563781761
106592,0.0,0.4722569639835357
150968,0.0,0.6724366972717595
162480,0.0,0.46367430552829086
168010,0.0,0.6262982918929605
106092,0.0,0.5204511058528943
140230,0.0,0.6443697176435842
140520,0.0,0.24427561759250488
168624,0.0,0.3435589168368086
152050,0.0,0.3478354159397477
147455,0.0,0.33136317929775283
132216,0.0,0.5586819394313179
162358,0.0,0.3634676225754706
150465,0.0,0.3685116753372215
188448,0.0,0.7848366613135447
197043,0.0,0.599295545872094
153260,0.0,0.3826028908329781
126315,0.0,0.721077661068064
134428,0.0,0.6500023841138474
145760,0.0,0.5543246983801063
169764,0.0,0.6583555111156074
106533,0.0,0.6741565432962875
115688,0.0,0.5960181755577431
185688,0.0,0.48649273179428487
149515,0.0,0.5256512795762536
46824,0.0,0.33341352307603556
115209,0.0,0.36181734574626934
103185,0.0,0.5017822228721894
103430,0.0,0.5344876519474446
68420,0.0,0.5575987403168572
156705,0.0,0.623002665626579
174664,0.0,0.5123709582477972
159831,0.0,0.4222356155186378
138564,0.0,0.6478040858875879
168318,0.0,0.49194792952199506
187110,0.0,0.7413042089340827
149420,0.0,0.611901195658666
140772,0.0,0.5832437724974274
142200,0.0,0.5483361918414356
178250,0.0,0.6078894389253148
149358,0.0,0.6386472821850767
162400,0.0,0.7074566841637491
129613,0.0,0.6329079895202272
164853,0.0,0.6213424714823854
137985,0.0,0.6654104437479837
182896,0.0,0.5806735439844299
79070,0.0,0.4549958251308136
207760,0.0,0.4620478064646326
145830,0.0,0.13237885753836837
138712,0.0,0.27093881201723713
145808,0.0,0.3783660655153622
188608,0.0,0.4262773037966096
112550,0.0,0.7245322682119253
138418,0.0,0.5500110846451836
189512,0.0,0.39541412964557066
130064,0.0,0.5837681780692976
163506,0.0,0.3327521807301153
162550,0.0,0.6740542287340536
180351,0.0,0.7501569090118082
196192,0.0,0.4034143520992984
139249,0.0,0.6018097570483825
168516,0.0,0.35485560230482405
202912,0.0,0.4459987795279443
155754,0.0,0.4196998808726256
177624,0.0,0.5011575585139596
186416,0.0,0.44553754126828754
140540,0.0,0.3851502356440258
179718,0.0,0.363165801254796
126740,0.0,0.39493294675308055
116136,0.0,0.5139995846973093
136213,0.0,0.5944053535640339
166860,0.0,0.3427824390265366
62060,0.0,0.4648700394628575
125930,0.0,0.6559556261799164
147784,0.0,0.396386945921855
181270,0.0,0.7441152319849572
136785,0.0,0.653454881548024
173920,0.0,0.4113172083379267
102674,0.0,0.36698923198116323
167632,0.0,0.3636273732195039
98532,0.0,0.48288954376819176
72527,0.0,0.5644119687154799
149418,0.0,0.38185166517524344
114426,0.0,0.5079689350068997
171909,0.0,0.7140701804780105
144000,0.0,0.3611511766750776
165876,0.0,0.549521757452735
150350,0.0,0.6189321131058236
177702,0.0,0.5181157835825453
114990,0.0,0.5764255736466958
171900,0.0,0.4119857773639012
165144,0.0,0.38756135192780655
137270,0.0,0.6280747172147401
124644,0.0,0.5479699897300514
90477,0.0,0.578281480631466
143830,0.0,0.5996003557077245
143272,0.0,0.641110420293288
87471,0.0,0.5771269694927057
170784,0.0,0.44781049443177195
141255,0.0,0.4491992407150459
120608,0.0,0.5456371604062187
172270,0.0,0.4971440189112422
99909,0.0,0.6240835165728793
116452,0.0,0.49795915369143784
153505,0.0,0.5937418008052178
162084,0.0,0.30895841525259454
128814,0.0,0.5386774808208812
182547,0.0,0.48335205332066133
118464,0.0,0.4882929214972325
175460,0.0,0.29385843920964666
79520,0.0,0.46775536352096425
186192,0.0,0.4741718487349089
153990,0.0,0.40551590417508004
157000,0.0,0.4348047073599682
133424,0.0,0.5096219625886971
117776,0.0,0.5292151463608442
108765,0.0,0.5965827790280576
156666,0.0,0.5222057721176034
148326,0.0,0.5668829148940849
129425,0.0,0.469349534596533
132200,0.0,0.5102140192537709
103023,0.0,0.5005605901376788
135625,0.0,0.4246954879895772
116210,0.0,0.5198774038504871
175872,0.0,0.4361632238272682
122240,0.0,0.5116068702712865
172600,0.0,0.7404529506528528
75920,0.0,0.44072957932569684
163350,0.0,0.684166441458712
168219,0.0,0.6980866399190201
150736,0.0,0.37760813489354084
169912,0.0,0.7234148566191808
165096,0.0,0.699378151318575
130966,0.0,0.5793446082059119
120170,0.0,0.6070125691680198
125400,0.0,0.6033776585670934
125686,0.0,0.6063581823283926
148362,0.0,0.45491600095094986
90684,0.0,0.5709887433666515
151558,0.0,0.6411168649284511
97032,0.0,0.5698987457638801
151880,0.0,0.6173471902738188
91399,0.0,0.4896139160390407
101299,0.0,0.5212756866072487
86119,0.0,0.5145153439755568
124610,0.0,0.555004200197387
51117,0.0,0.47448881498108336
180690,0.0,0.43648339205554976
53868,0.0,0.48681266572877696
46248,0.0,0.5934803221641857
54492,0.0,0.4931071157691241
117180,0.0,0.5137542945373754
117570,0.0,0.5246774549462624
171756,0.0,0.46389199288786775
136704,0.0,0.5362061979120286
143384,0.0,0.5647307013513525
107720,0.0,0.5640094595525714
150104,0.0,0.60858403643353
176176,0.0,0.534532516369619
98541,0.0,0.49627517757529654
144472,0.0,0.5707963381019923
149490,0.0,0.5000002099896071
165473,0.0,0.45980972118042474
173990,0.0,0.46020383180590807
167688,0.0,0.7734328878351938
145170,0.0,0.5999673347382353
158211,0.0,0.46475803651917225
174105,0.0,0.45230477515525597
170136,0.0,0.3721106189607734
126900,0.0,0.5728547398957434
160700,0.0,0.4707330491419624
142335,0.0,0.5183099180807491
107880,0.0,0.5383386644284464
82236,0.0,0.5239600634923535
131550,0.0,0.5644200735014869
180340,0.0,0.44876952135763176
163870,0.0,0.2971208588341887
183120,0.0,0.40607496031990903
182000,0.0,0.3831331975846165
178704,0.0,0.4636848415015898
184980,0.0,0.5727321718448706
139599,0.0,0.5638078164240058
143577,0.0,0.5712958391673661
186984,0.0,0.3348260193509679
155799,0.0,0.6861485104074222
171678,0.0,0.4127127734716489
168140,0.0,0.662228182994415
168910,0.0,0.5567790856758139
151764,0.0,0.49275381464188595
188896,0.0,0.40048022950935075
148750,0.0,0.6641522556806999
178570,0.0,0.5461742951511369
182496,0.0,0.31036886397100016
166736,0.0,0.5127805861186859
172956,0.0,0.4542442118404062
156776,0.0,0.5939682327108604
160580,0.0,0.6551326655347175
169944,0.0,0.620132779279496
184056,0.0,0.7409551238469377
147444,0.0,0.45812596664919364
158040,0.0,0.4661732741492175
135152,0.0,0.3965145337295641
72990,0.0,0.43071875329652276
184968,0.0,0.49572620270533185
166026,0.0,0.46550102849280495
187971,0.0,0.7727952181808432
161940,0.0,0.5163712483515596
140112,0.0,0.37951315472648545
143724,0.0,0.4150765249604736
176967,0.0,0.7378131843404087
153020,0.0,0.6529984307118156
111991,0.0,0.5528984653613391
170114,0.0,0.5468040680747027
153678,0.0,0.4397755235520729
186543,0.0,0.7138801061315744
134270,0.0,0.44065966893038117
144408,0.0,0.2928773620894459
130288,0.0,0.5305181484277093
99492,0.0,0.563855131607834
145930,0.0,0.6129847856858197
177336,0.0,0.6960232265751713
107910,0.0,0.5169713734005709
173608,0.0,0.6789391688452946
182416,0.0,0.45252366785289316
133360,0.0,0.7545371959140321
89412,0.0,0.6815494394725652
101560,0.0,0.6340320256207087
189136,0.0,0.4969942425770967
178688,0.0,0.439557119248846
111636,0.0,0.5463849576363335
187850,0.0,0.7139525386833623
125528,0.0,0.5202593257204775
149988,0.0,0.6137857772698023
113223,0.0,0.5968738565460211
116770,0.0,0.5111124359345715
97656,0.0,0.5762789534682057
122272,0.0,0.40745647013337233
150870,0.0,0.6265383519616997
148875,0.0,0.7433997893164203
168028,0.0,0.4062681741570213
141235,0.0,0.35737899131148315
159020,0.0,0.4444984403182438
176688,0.0,0.4426866387675043
155830,0.0,0.4464903956281543
161652,0.0,0.49582368159036216
183504,0.0,0.45787713220905046
174030,0.0,0.6433657837421438
127400,0.0,0.5344028949557289
146328,0.0,0.5323411327874648
147520,0.0,0.607038633723311
162230,0.0,0.5694555680991041
145536,0.0,0.6135410822083005
156010,0.0,0.4176764647280932
143100,0.0,0.4646473181612261
166572,0.0,0.38901453094063276
137968,0.0,0.7640282127429238
114490,0.0,0.3123485776257097
101056,0.0,0.5887862642264495
95800,0.0,0.6665494720582131
152920,0.0,0.34135228257437006
119144,0.0,0.6488264593521094
110265,0.0,0.5733257836292288
86346,0.0,0.45607006228629776
46704,0.0,0.6284607390976135
91817,0.0,0.669920479571568
155920,0.0,0.4643573778372316
135630,0.0,0.49594972114673064
25844,0.0,0.6359166662163327
149758,0.0,0.4441647130960191
20688,0.0,0.5904991817248597
161826,0.0,0.4154087367656708
112576,0.0,0.6030516208431397
157432,0.0,0.4010008705716562
141015,0.0,0.5727195808472114
124665,0.0,0.5596355613796842
76736,0.0,0.5218372025745297
141920,0.0,0.3343397466165869
184152,0.0,0.3130761492033452
126876,0.0,0.5739871906824034
176448,0.0,0.42616106320384584
121984,0.0,0.7606487584114071
127060,0.0,0.4309260390413175
131192,0.0,0.5913784099246931
143253,0.0,0.45677198445800726
96877,0.0,0.5626068364409512
141054,0.0,0.4774536334897899
38760,0.0,0.5413617378435955
115308,0.0,0.2656615998077216
132360,0.0,0.43206463519248123
13305,0.0,0.5501768992845708
87580,0.0,0.5904128571206808
147672,0.0,0.346113482298284
34991,0.0,0.555966583074926
130095,0.0,0.5709327025262534
147416,0.0,0.5384189843733196
137955,0.0,0.4558751532983786
132672,0.0,0.4181797203522354
142460,0.0,0.3102799328429715
153992,0.0,0.33228191180833566
165519,0.0,0.43053728820417264
168600,0.0,0.641893575448347
166616,0.0,0.7060825694395803
139527,0.0,0.41359332658381553
189968,0.0,0.7914719959620982
143960,0.0,0.6820793355359771
172228,0.0,0.7314497056351045
137286,0.0,0.6221577055723293
183710,0.0,0.4914661787377913
134484,0.0,0.5950348267137807
107445,0.0,0.644637216200136
120208,0.0,0.16269823105827821
65406,0.0,0.4499769539946012
200052,0.0,0.7973076251941617
127985,0.0,0.15892643526346603
131364,0.0,0.5597266664608995
148434,0.0,0.4002727768667952
48090,0.0,0.6826422885292532
151230,0.0,0.8278671136625971
89232,0.0,0.575991315724298
166302,0.0,0.6976271597687272
169855,0.0,0.38966670486262805
153864,0.0,0.6218257974578153
179136,0.0,0.4511449181378423
170200,0.0,0.38574717338321035
108540,0.0,0.48502781192665373
138576,0.0,0.5251317525130483
112931,0.0,0.5972076101430639
178784,0.0,0.4249917337289338
195902,0.0,0.2910277984988997
69174,0.0,0.6182376901144296
156366,0.0,0.7028132593023676
166200,0.0,0.507108034461622
108612,0.0,0.5303624929789942
177390,0.0,0.3703888658613524
167418,0.0,0.5017183562413594
158280,0.0,0.4593978206810043
145551,0.0,0.5929618749650811
148424,0.0,0.5888535996645152
123744,0.0,0.39302167229577856
29412,0.0,0.6023691822152174
135664,0.0,0.6096908174673149
109208,0.0,0.5618993881918777
171045,0.0,0.49556793044646535
89412,0.0,0.5476123151723943
175664,0.0,0.46657662400683264
123585,0.0,0.5970771257045859
180194,0.0,0.5445858833484056
83182,0.0,0.5674004410047778
154483,0.0,0.5404799142763187
118393,0.0,0.5809234589546487
176890,0.0,0.5194060388672971
158346,0.0,0.6391756888215179
162337,0.0,0.5028057220400023
125973,0.0,0.5240730086318016
187516,0.0,0.6311472159585833
142093,0.0,0.5716174064633016
184374,0.0,0.5520415117656253
177496,0.0,0.4833513075094791
148784,0.0,0.6371025516395807
77935,0.0,0.5731700745259962
184518,0.0,0.5039350991536601
100212,0.0,0.5758952465310463
182864,0.0,0.5089607629190739
83652,0.0,0.5712879373602319
151490,0.0,0.602680243877543
115357,0.0,0.5732975024640922
148489,0.0,0.633344530199275
147984,0.0,0.3350950361383836
45468,0.0,0.5379123944627369
125848,0.0,0.5126896911111679
96629,0.0,0.6092762234851065
211940,0.0,0.43619995840418857
197460,0.0,0.5500670421113161
198048,0.0,0.42147494327026713
47203,0.0,0.5409672427108231
163242,0.0,0.4775170106287315
38948,0.0,0.6421031820351839
167570,0.0,0.62698337836893
157527,0.0,0.6604934925352745
93841,0.0,0.5556273923901167
161266,0.0,0.5065400540976647
47879,0.0,0.5467638505138956
174440,0.0,0.4231485793696943
163710,0.0,0.48797998205773696
119889,0.0,0.5851739055905054
177842,0.0,0.5257742725429044
113267,0.0,0.5688205768963991
173628,0.0,0.502935878990104
144669,0.0,0.5388598178613753
161400,0.0,0.27503551305086077
182982,0.0,0.3642773353957852
156149,0.0,0.5615451794999335
193688,0.0,0.25548918863657866
185969,0.0,0.2196233908461705
147000,0.0,0.619076335567157
172218,0.0,0.16168385490606113
154035,0.0,0.3540833015814547
160482,0.0,0.29036992412237767
174690,0.0,0.18182451780993944
118321,0.0,0.5121527016778682
118640,0.0,0.6080066793969495
170862,0.0,0.4198907077366593
148582,0.0,0.5588726276229243
162522,0.0,0.532198397266331
156394,0.0,0.6223120623923254
116224,0.0,0.49334581702349417
160496,0.0,0.6130125272971372
129330,0.0,0.5161124707355856
123615,0.0,0.6475100095322287
134890,0.0,0.5207607367128411
126384,0.0,0.46100962395382755
166302,0.0,0.3517770482921539
147096,0.0,0.42330896478977387
131400,0.0,0.5242040573503995
153560,0.0,0.6227932980872563
131499,0.0,0.5250892511474455
121149,0.0,0.6118164266913071
153688,0.0,0.5889441917555908
150969,0.0,0.5894192059770932
142218,0.0,0.5758979777986374
187848,0.0,0.2974387955612505
157773,0.0,0.6406541434931141
134776,0.0,0.5259373135330012
129696,0.0,0.6611445468997842
130482,0.0,0.5233647150465093
135192,0.0,0.5346524657028465
145595,0.0,0.431360179355084
153321,0.0,0.40407990915944897
124668,0.0,0.5286367727286341
176680,0.0,0.3237473382011572
154273,0.0,0.41153068297086476
110079,0.0,0.41693530026630604
151991,0.0,0.6170047672912485
139433,0.0,0.49899993244291907
147245,0.0,0.5634360646262264
105768,0.0,0.4384423257245579
147790,0.0,0.5317060043429973
151785,0.0,0.5790109346037653
118035,0.0,0.478545676397279
131612,0.0,0.5665392191896329
142317,0.0,0.5192637920088766
118958,0.0,0.46835144254010797
141365,0.0,0.5121139239101821
118521,0.0,0.4550002402964059
133378,0.0,0.5075679666708105
158557,0.0,0.6637167730489018
111550,0.0,0.5060445026464058
139656,0.0,0.5469744822832463
147285,0.0,0.5596516156036838
145999,0.0,0.5465966984151707
113272,0.0,0.4815457181068121
126009,0.0,0.5069305526792133
127860,0.0,0.480813390521388
148494,0.0,0.42768901989707897
168120,0.0,0.17928833956095258
121842,0.0,0.4643351172341725
165928,0.0,0.33579017769054315
181824,0.0,0.30333645374591767
186592,0.0,0.34935921340456155
177730,0.0,0.7334663669096725
148380,0.0,0.37876503927642874
146802,0.0,0.35149591949236103
138008,0.0,0.3476267264772596
143216,0.0,0.6804559405280449
168824,0.0,0.7172649219535703
75966,0.0,0.6410103163108283
135961,0.0,0.52070632437693
140866,0.0,0.6101370102236843
142656,0.0,0.6422349944858097
153540,0.0,0.6249154478877467
158838,0.0,0.389853902036284
152180,0.0,0.620242201520267
36399,0.0,0.5426490433960668
152982,0.0,0.7121832193720017
176640,0.0,0.6935582673158079
93890,0.0,0.4889955562717025
135796,0.0,0.7230386725023439
160398,0.0,0.584154916242291
161214,0.0,0.5921954896668161
86499,0.0,0.5676829809308882
138699,0.0,0.55637253378109
188188,0.0,0.5102687913692168
208852,0.0,0.482271361594273
148347,0.0,0.602841974557372
108430,0.0,0.5241538291187887
165882,0.0,0.5704905480872902
190144,0.0,0.456852251773323
164990,0.0,0.4266208038789855
175815,0.0,0.4562845784270249
140938,0.0,0.6014590437773202
128370,0.0,0.46771572806994083
181291,0.0,0.49642356474437976
139469,0.0,0.44354434136688364
132484,0.0,0.609807493709865
179523,0.0,0.46892661867303503
129801,0.0,0.5502516126116951
153160,0.0,0.5991958307645341
150606,0.0,0.5680672454111956
185232,0.0,0.5369047219742458
208964,0.0,0.35275461613205916
198366,0.0,0.4791695131324492
163576,0.0,0.4648482882258823
158340,0.0,0.4362001859441804
152720,0.0,0.5688518571985721
158480,0.0,0.6480044155028024
170758,0.0,0.48354319164473153
193248,0.0,0.3277840539331253
160044,0.0,0.4906244797371874
150095,0.0,0.5069747552512083
159621,0.0,0.45799715112260636
182980,0.0,0.3755325288026837
160573,0.0,0.46502705252812265
156660,0.0,0.6393076361092309
176309,0.0,0.32514904727732347
141680,0.0,0.5561889971460386
141309,0.0,0.5696354586755046
131224,0.0,0.5043589459036146
127179,0.0,0.5518553639612366
160190,0.0,0.47877723667326877
189192,0.0,0.3668005853059728
161098,0.0,0.49280861111794316
131157,0.0,0.5601799208278034
183400,0.0,0.6725749904463305
164946,0.0,0.5144805495565127
150913,0.0,0.4647367253975698
155058,0.0,0.5328720773258464
113450,0.0,0.5111962663771676
185104,0.0,0.5881253295179306
174216,0.0,0.4263667475431718
196736,0.0,0.5904647722633782
166320,0.0,0.5015402383275516
128620,0.0,0.49402984998343874
168348,0.0,0.5703994723068557
149634,0.0,0.43653419734627
169656,0.0,0.35965174048672277
129458,0.0,0.5657861162916801
178914,0.0,0.2588933529675292
153811,0.0,0.6101387713687109
162540,0.0,0.5087904211110302
187808,0.0,0.5387292432947625
157392,0.0,0.4449527656434029
133084,0.0,0.6142684170584832
156330,0.0,0.5152251002613633
160836,0.0,0.4878127379241244
157848,0.0,0.7400073665941721
119035,0.0,0.48905986701340437
170770,0.0,0.3189433926315499
162705,0.0,0.4982833318765503
148164,0.0,0.4587366258900652
102519,0.0,0.5058595836912533
192416,0.0,0.4364956651100132
136737,0.0,0.6214571570994747
142452,0.0,0.4613366246637908
127285,0.0,0.42117260647266114
127687,0.0,0.3975887995882593
173100,0.0,0.2911482140916307
154644,0.0,0.42856895309934373
150040,0.0,0.5630560737042637
135035,0.0,0.4382656049873952
152325,0.0,0.6102369343964071
149233,0.0,0.6442507159496909
154042,0.0,0.45263360633923505
146110,0.0,0.5030743545031751
166425,0.0,0.509279875540559
189784,0.0,0.41867048751766045
167377,0.0,0.5160332366850278
140240,0.0,0.5457347385397503
163548,0.0,0.622056403914451
150696,0.0,0.5967145844353527
160227,0.0,0.6138232150002091
159064,0.0,0.6645628798170965
207856,0.0,0.47210917726467766
219030,0.0,0.3402306242645701
180292,0.0,0.5575991033824056
174606,0.0,0.5794424763813827
174776,0.0,0.28578764981857924
170656,0.0,0.6691741233313195
117567,0.0,0.4703017622235911
139710,0.0,0.6372823775109325
151794,0.0,0.44505396623850507
145752,0.0,0.42262799149832525
169696,0.0,0.5856079009509715
157220,0.0,0.4440022580083988
147984,0.0,0.6805526147720843
140672,0.0,0.6027936614591598
98505,0.0,0.6744351599212561
125741,0.0,0.45850194268161415
154140,0.0,0.5360085437806941
174097,0.0,0.6543534658425033
120796,0.0,0.4476776752182089
137898,0.0,0.40667295275259835
138714,0.0,0.4158940632630663
175192,0.0,0.3051070027915373
129798,0.0,0.5242474636796308
140041,0.0,0.4526739075329923
165978,0.0,0.5034829704445984
143195,0.0,0.5112372857782269
157808,0.0,0.456543949523896
192780,0.0,0.45590008437481616
122244,0.0,0.5921484377455655
146280,0.0,0.4143526520493042
151466,0.0,0.5786243288271878
154122,0.0,0.48433286666644354
148883,0.0,0.5664498283140308
138816,0.0,0.40456644985187956
149961,0.0,0.4574910905602209
173780,0.0,0.288191434315808
175080,0.0,0.5241601041475026
144664,0.0,0.4161928331409845
139584,0.0,0.5967312428424785
128107,0.0,0.5308332035176001
164704,0.0,0.29957624465672084
84200,0.0,0.5004802612213775
176352,0.0,0.4337174006781525
151046,0.0,0.41728190925209496
201776,0.0,0.42867967128417883
171360,0.0,0.3783340829097946
157920,0.0,0.39817241221429195
119273,0.0,0.5193046925977479
173874,0.0,0.17269744638912643
150514,0.0,0.5716303933792174
143874,0.0,0.5912118924300416
154938,0.0,0.49265339268445785
130753,0.0,0.5573158951023968
178299,0.0,0.46414078761601224
164664,0.0,0.47078354822759494
150450,0.0,0.4452241271461913
167532,0.0,0.5627216227778561
176168,0.0,0.5298146775392139
149040,0.0,0.22121401927759443
126728,0.0,0.683546219217
111046,0.0,0.38930814101275857
169582,0.0,0.1931169600007059
170217,0.0,0.3575082701967896
149570,0.0,0.22966645811336087
92050,0.0,0.6113255035718373
172207,0.0,0.41025178135410373
174410,0.0,0.4542594212914648
80311,0.0,0.6234073971323073
159030,0.0,0.3942728839185786
194230,0.0,0.2619391893444642
191954,0.0,0.26499969214223273
203706,0.0,0.26863608775641357
165550,0.0,0.3216051689264591
134715,0.0,0.5220901324218933
198254,0.0,0.3078072542581121
125530,0.0,0.5396452366938259
140056,0.0,0.3318206312684717
190169,0.0,0.23541654338423632
160353,0.0,0.3872993228935402
182268,0.0,0.2353393929862737
136425,0.0,0.6762051531645684
168224,0.0,0.41655324288132956
107110,0.0,0.5512314052758898
112806,0.0,0.2010912883540792
144264,0.0,0.2760573705852804
151179,0.0,0.5940183421308087
160296,0.0,0.48311031778571284
113910,0.0,0.30110770813226817
157544,0.0,0.6030809169622816
205192,0.0,0.29401038429485443
117366,0.0,0.6202601642856926
89112,0.0,0.4533333299006478
83972,0.0,0.5366445094530835
202020,0.0,0.29750627065221025
114450,0.0,0.5941956599682864
193520,0.0,0.36425698509338533
119717,0.0,0.5632957930583379
200320,0.0,0.4190866024565106
124830,0.0,0.46529251369801117
163867,0.0,0.6204967121714259
120595,0.0,0.5616073095393747
105436,0.0,0.5155482348360155
176931,0.0,0.302570177844876
95808,0.0,0.6534956376299746
140820,0.0,0.38373879075787026
125448,0.0,0.531577962345807
175770,0.0,0.3312075232347198
115740,0.0,0.4986512066002015
182960,0.0,0.3242162581703058
114900,0.0,0.5881119420828873
155637,0.0,0.4085127284429959
138222,0.0,0.535123178207425
160867,0.0,0.4589399513196157
144222,0.0,0.2948567264153229
176022,0.0,0.6874497258593456
173184,0.0,0.6856063774426364
162253,0.0,0.43948602046302043
144040,0.0,0.7197413325079832
109351,0.0,0.6351896823774292
176974,0.0,0.787376215206945
158334,0.0,0.34803896919925625
146450,0.0,0.49069987771959894
178717,0.0,0.4674735532111819
127056,0.0,0.7966934761697283
139363,0.0,0.5193763254424398
123632,0.0,0.4740637937824549
152640,0.0,0.6812667218048631
184688,0.0,0.7483131145832411
-31080,0.0,0.5334263467244422
129136,0.0,0.1776873627565026
74472,0.0,0.6081722924426656
140084,0.0,0.3264683537999676
133512,0.0,0.2909996080920261
162380,0.0,0.6783612147708474
117271,0.0,0.6477783003013649
115190,0.0,0.5911446744137981
132480,0.0,0.6149843946530822
142340,0.0,0.48991022220783964
172830,0.0,0.5153734443870793
164048,0.0,0.4808379236167341
183660,0.0,0.5024212115171783
179118,0.0,0.48614862224588956
132992,0.0,0.4657800920085837
188944,0.0,0.48095523055133094
150939,0.0,0.46252186260664047
183000,0.0,0.4702116711649548
146880,0.0,0.4550223904821054
175805,0.0,0.4878225955840812
165924,0.0,0.5223623276206483
75480,0.0,0.38101952176332976
148977,0.0,0.59266285830033
79233,0.0,0.5332550965091151
133688,0.0,0.5836281227366461
79944,0.0,0.07762986141904818
153095,0.0,0.5440866343651024
148883,0.0,0.4841887702570595
158640,0.0,0.4871095117190105
176928,0.0,0.45208420918671716
145430,0.0,0.49294597136125595
41616,0.0,0.5147846862226055
176337,0.0,0.49771368359659757
191870,0.0,0.4357999241770066
116784,0.0,0.5542224146143842
113400,0.0,0.6103365923930111
156775,0.0,0.17945645435425836
117304,0.0,0.5284329770067303
143268,0.0,0.5817449387170295
154980,0.0,0.4214576110201127
131775,0.0,0.5985344689988868
157304,0.0,0.40730311978660605
141054,0.0,0.5664540513261022
157563,0.0,0.4313223202436452
103270,0.0,0.4421384476733419
135099,0.0,0.36012027654796297
129696,0.0,0.49142642313417134
146272,0.0,0.42011499187822715
158472,0.0,0.6242804440954255
171451,0.0,0.5638142523840557
135070,0.0,0.5649502904658199
163719,0.0,0.5019574781551489
104571,0.0,0.5804714295094562
130424,0.0,0.5578012949836754
135230,0.0,0.5344289311707263
163863,0.0,0.4577937738010389
142911,0.0,0.5326269209711131
164504,0.0,0.45317520546144835
130491,0.0,0.5240531684831182
171824,0.0,0.5241954563231881
153464,0.0,0.45901569192194525
144120,0.0,0.5213300723294925
193984,0.0,0.39712416102281073
158893,0.0,0.4382300753731076
153048,0.0,0.5767318299471889
166705,0.0,0.5039045152825675
101853,0.0,0.4726860818524034
128008,0.0,0.41775402071142165
151659,0.0,0.5715982716292135
111876,0.0,0.6043237386403045
172280,0.0,0.49668309243818004
149610,0.0,0.5824916531519255
176805,0.0,0.5087002542512926
111590,0.0,0.48969096714458055
142587,0.0,0.42056121976416927
105240,0.0,0.6156057925967968
136872,0.0,0.5932699131786558
128472,0.0,0.4919733086285964
145201,0.0,0.42290881706231037
104421,0.0,0.5558469416751034
112110,0.0,0.4973007667967216
229990,0.0,0.4338542507410151
85408,0.0,0.6012330236740632
248710,0.0,0.5325918059061951
195328,0.0,0.2853937518785169
52130,0.0,0.5518718374487526
105347,0.0,0.5755760514062841
138681,0.0,0.6054121206127892
107600,0.0,0.5224983757369323
187852,0.0,0.5003753438064027
109304,0.0,0.44767205476313476
118622,0.0,0.5870305935507527
121965,0.0,0.5884767138896668
130819,0.0,0.364029179607163
82544,0.0,0.3307924427010029
137384,0.0,0.39711105955504516
119135,0.0,0.3993999079007823
152300,0.0,0.5314729065949982
89122,0.0,0.5291656587961986
156564,0.0,0.4798009036880947
200080,0.0,0.36627407031344955
157080,0.0,0.42350351492343774
41904,0.0,0.5792263387215245
137140,0.0,0.47975556513448014
122823,0.0,0.64670223703136
120880,0.0,0.6006316078315184
181800,0.0,0.6668825471077847
189868,0.0,0.6031823748473006
129496,0.0,0.4622099044234907
150059,0.0,0.5102274868102035
141480,0.0,0.5251866736145797
86339,0.0,0.6325596660149784
8372,0.0,0.5812406970571079
50088,0.0,0.5149244795446161
98065,0.0,0.4875441993438902
171164,0.0,0.4124755180067686
32660,0.0,0.49685522903480395
140085,0.0,0.5186349053731516
156898,0.0,0.6380596119195678
110000,0.0,0.5676135484029975
253561,0.0,0.5105342387207664
224081,0.0,0.5217965807086191
198430,0.0,0.45712523610839195
159984,0.0,0.6324717964754945
167220,0.0,0.4478444005209844
88692,0.0,0.5798754886446452
13486,0.0,0.48445847017280136
116391,0.0,0.41893020457800684
137462,0.0,0.4160561974766497
27650,0.0,0.5573945681727742
126896,0.0,0.49446669355815054
129822,0.0,0.5185934749734693
97110,0.0,0.48058615120278525
134976,0.0,0.5683313895659621
154872,0.0,0.6667228061379801
56364,0.0,0.4974524695484802
-1692,0.0,0.6052275306761112
37279,0.0,0.5515845392517349
124020,0.0,0.41319095008141093
162810,0.0,0.5033145414865438
183584,0.0,0.42103875246483974
167712,0.0,0.4257858238359135
122166,0.0,0.5367575343101924
81510,0.0,0.5833575123205929
172752,0.0,0.545030687419468
173781,0.0,0.5167434213563662
66370,0.0,0.5787806080674666
103328,0.0,0.5431107687993496
138424,0.0,0.4862078198267772
62764,0.0,0.6493818447628127
219108,0.0,0.41040158635472035
132485,0.0,0.6913510321504494
227892,0.0,0.4874059617326263
16450,0.0,0.4645434297398446
57024,0.0,0.40392820169621796
221751,0.0,0.31026777404297473
126030,0.0,0.4430481498294894
165000,0.0,0.47288845654986306
159024,0.0,0.572943098122857
156474,0.0,0.5201650510024456
116721,0.0,0.5154947295226158
96764,0.0,0.1061369930189267
179711,0.0,0.5035768231523117
208684,0.0,0.4554521312757177
-18538,0.0,0.5841281362175123
224994,0.0,0.48545494197361794
179316,0.0,0.4247856319466187
161088,0.0,0.45768944331020367
79563,0.0,0.608361897366877
15171,0.0,0.5689042372915079
157052,0.0,0.5471349014803089
158664,0.0,0.7183440419147079
134394,0.0,0.5951439943169491
151945,0.0,0.5890892709047931
-4992,0.0,0.574482017292238
112400,0.0,0.5937503591674096
60093,0.0,0.4511392677878702
194560,0.0,0.4565306428539594
74030,0.0,0.4906551711502321
77776,0.0,0.2350852387714438
156936,0.0,0.5299402604669743
132885,0.0,0.5955331286102913
138467,0.0,0.6330069520933869
170775,0.0,0.47143305331686164
101552,0.0,0.5554082024796703
163226,0.0,0.5054519649098549
159381,0.0,0.5417443743295934
179352,0.0,0.5591993384043229
187124,0.0,0.5303049211981243
186516,0.0,0.4339758904548954
146976,0.0,0.6015709996775833
136070,0.0,0.6157921380983841
192401,0.0,0.5386740330062754
100074,0.0,0.5361495581325388
109458,0.0,0.6314664181152052
156741,0.0,0.6400707088725482
164576,0.0,0.67508873315525
96690,0.0,0.6184760839629359
127296,0.0,0.6481294885407274
152558,0.0,0.5994245761786713
139356,0.0,0.6233220879835648
156324,0.0,0.6929716850758552
133301,0.0,0.5103629055110115
103527,0.0,0.601519324368223
182608,0.0,0.5048626645023716
17281,0.0,0.4685308370370809
52547,0.0,0.5399956454438067
143530,0.0,0.5143826333026643
190992,0.0,0.3238830103977232
139744,0.0,0.4722366424457209
163890,0.0,0.4316878178251861
-131068,0.0,0.5443980716954105
125716,0.0,0.5584637874237915
147744,0.0,0.16778684720172302
47630,0.0,0.5535095346418549
205114,0.0,0.39582122814463
-70155,0.0,0.5602290557412762
190773,0.0,0.4766786886820384
141442,0.0,0.6008506464053885
221632,0.0,0.5170010631402726
79776,0.0,0.5301069580732868
98472,0.0,0.4440430404861376
190792,0.0,0.41165882191579195
72254,0.0,0.5066346479104074
135680,0.0,0.631622701804147
140693,0.0,0.5113165849299595
165004,0.0,0.48591242072384166
164330,0.0,0.6076747235445206
80878,0.0,0.6082502507268842
182124,0.0,0.4260725010236404
134710,0.0,0.5832579776491661
180528,0.0,0.4330750104327764
100188,0.0,0.580774814638557
145472,0.0,0.46849010927522805
82775,0.0,0.4762752846935305
192381,0.0,0.49707135457764723
57348,0.0,0.5303175520975059
138608,0.0,0.479507682967269
111069,0.0,0.6159396137215437
95808,0.0,0.5579410317524299
100254,0.0,0.5597445832802845
173760,0.0,0.41250904123549587
118940,0.0,0.5173675107224465
39507,0.0,0.6372246154686988
78828,0.0,0.5745575860225394
146630,0.0,0.6737746195667651
97746,0.0,0.5216810027563177
236610,0.0,0.39277243479175533
103750,0.0,0.5040923425880706
213682,0.0,0.4674152418820852
109095,0.0,0.644632294436708
128928,0.0,0.4758796696875793
41280,0.0,0.5987947242553345
135576,0.0,0.6297367965960672
-77857,0.0,0.5089195484700165
54864,0.0,0.6000725112097457
37752,0.0,0.5102779606737148
93120,0.0,0.6024984205127593
31962,0.0,0.6556292511853188
204291,0.0,0.5433137087553348
193380,0.0,0.415671794054722
208160,0.0,0.5095168442169482
72835,0.0,0.49018798063741237
106730,0.0,0.6516967396173062
199745,0.0,0.44554831750188845
167565,0.0,0.48214047469353005
146594,0.0,0.6611468657172795
120573,0.0,0.45870319875760657
97506,0.0,0.5520426742066048
27907,0.0,0.5664657024913182
152320,0.0,0.5526863306121141
58308,0.0,0.6284909326702166
202500,0.0,0.4531925859940782
188258,0.0,0.4360903745245641
129024,0.0,0.5894056826755233
122436,0.0,0.5775142207504613
159792,0.0,0.5519377805745248
62080,0.0,0.5713066290250443
150507,0.0,0.5367727093035448
183729,0.0,0.6272262997001455
213795,0.0,0.48063073088176034
222336,0.0,0.4782481329052763
143934,0.0,0.5374243917762646
111020,0.0,0.6583537356354112
181790,0.0,0.47176755262126
236280,0.0,0.3816116545130531
173280,0.0,0.716768345152475
129976,0.0,0.48981688837453413
200174,0.0,0.3800098858723441
192075,0.0,0.4885516973799537
87100,0.0,0.7192202851733912
88010,0.0,0.5645054439085979
35844,0.0,0.5550922634802171
225108,0.0,0.4908498135510978
163070,0.0,0.36294013418449766
102276,0.0,0.5307605743713781
192024,0.0,0.5213794550035518
212993,0.0,0.6283881979524976
128286,0.0,0.5496164214745997
130296,0.0,0.5411099719555145
67437,0.0,0.5827709072858057
107856,0.0,0.5599102819847835
186627,0.0,0.5795742880637703
165544,0.0,0.5340201131980629
148670,0.0,0.6085189518045975
132042,0.0,0.47116353250174
134184,0.0,0.5007325773697102
123579,0.0,0.5683149679002716
173768,0.0,0.5256395703762579
124005,0.0,0.3910831531960956
136224,0.0,0.6564317302247054
117410,0.0,0.4923414547348288
114327,0.0,0.5581630031961532
210550,0.0,0.4660284561878744
151930,0.0,0.5180228368500472
217815,0.0,0.3879255445597913
177012,0.0,0.4775300076094926
157840,0.0,0.4164265153547027
84427,0.0,0.4435987140431058
91196,0.0,0.3098869549929759
-50016,0.0,0.5155741231530047
44270,0.0,0.5186555924690214
225390,0.0,0.47436149254755183
78661,0.0,0.5780884277787885
74457,0.0,0.6005331674236705
115134,0.0,0.5390992304559906
149830,0.0,0.6165993812011856
97350,0.0,0.5993622985748465
188150,0.0,0.47833108525248214
-21758,0.0,0.4662923242224676
204687,0.0,0.45800244948023705
180008,0.0,0.48675998959016903
24128,0.0,0.6300669043942866
-145806,0.0,0.5848994191536585
-2873,0.0,0.5836965865961843
163376,0.0,0.3860022498675191
60450,0.0,0.6559401874025602
146816,0.0,0.6096292965476202
208769,0.0,0.45927545381260737
230859,0.0,0.30985070469653464
254900,0.0,0.3866924396337757
50742,0.0,0.48797931711176795
153912,0.0,0.6046492438821005
158925,0.0,0.6228289796004962
78288,0.0,0.5733907887479539
-63948,0.0,0.4973442904704839
-23120,0.0,0.6588806268642021
-33132,0.0,0.44047825549003067
180268,0.0,0.4085204536564855
78056,0.0,0.4727049266903531
121625,0.0,0.5985529520307551
6721,0.0,0.5874875432214096
121410,0.0,0.6100286510787344
70004,0.0,0.4651619382125597
65640,0.0,0.4670990442168026
115356,0.0,0.5021737388183519
48631,0.0,0.4696368361542614
58102,0.0,0.5662542449187331
177744,0.0,0.4738172378088689
135248,0.0,0.5893571901560775
100161,0.0,0.41416808661731175
155958,0.0,0.3954671351008155
67008,0.0,0.6281941559293758
219901,0.0,0.4745684950220001
159039,0.0,0.6863961683140384
88638,0.0,0.5623391159424179
145368,0.0,0.6670835139052825
225660,0.0,0.48507541437721924
127910,0.0,0.5821018858998883
77154,0.0,0.4340508994213609
73340,0.0,0.4971252894402158
57060,0.0,0.495505526637031
105060,0.0,0.5538197597088061
21736,0.0,0.5914847796785722
114304,0.0,0.6728064766985746
82709,0.0,0.46428512737632727
122680,0.0,0.6010169953225875
126186,0.0,0.3980678282247437
76670,0.0,0.5324075611171882
56350,0.0,0.5099878708529494
145764,0.0,0.6288406325253025
104190,0.0,0.46497049949998037
112480,0.0,0.5040510393520389
38400,0.0,0.564718991324946
159210,0.0,0.43940859681300787
90470,0.0,0.42079772653299957
115578,0.0,0.5253210824893072
9510,0.0,0.6649124036520236
175800,0.0,0.5444415763991839
162270,0.0,0.6478491557233687
25740,0.0,0.3919393028541657
126027,0.0,0.5425551564195364
194264,0.0,0.4200203108403817
168454,0.0,0.4294484018408256
18469,0.0,0.5840375994543572
134477,0.0,0.4528158380198914
190152,0.0,0.4258807618282896
96899,0.0,0.5625195868987102
126990,0.0,0.6661006704132167
122368,0.0,0.6152471949485591
218504,0.0,0.5357556385852209
71298,0.0,0.5920786090160662
143591,0.0,0.6513290230840252
76790,0.0,0.5715175971298333
101367,0.0,0.5598018731267068
186880,0.0,0.5006322121295768
138276,0.0,0.5978479774015609
158841,0.0,0.6443482110541925
97472,0.0,0.542008613638827
101618,0.0,0.5664556749488353
71020,0.0,0.5441595529493856
208659,0.0,0.4480897880286209
95997,0.0,0.5271172193393038
90244,0.0,0.5457626967465974
170262,0.0,0.40223530515823197
116908,0.0,0.5790110320286914
167450,0.0,0.5574549422359824
139653,0.0,0.5280419892639326
150808,0.0,0.5388009400098643
126504,0.0,0.48395689772067646
141354,0.0,0.6495612200020195
134208,0.0,0.5074552409907717
74511,0.0,0.41602740279023914
118962,0.0,0.6390268998434784
81444,0.0,0.6171651672562055
154167,0.0,0.6002212081996202
131440,0.0,0.598338878921201
136024,0.0,0.5678512250775803
192200,0.0,0.43046186891484584
198940,0.0,0.43830709362526865
65660,0.0,0.5386222441887085
190365,0.0,0.5533322005719099
162552,0.0,0.6508237017616031
192928,0.0,0.6015995530127389
183425,0.0,0.4678136656719468
142940,0.0,0.6024510548481918
181062,0.0,0.5185089333465591
196910,0.0,0.4585392828933696
188415,0.0,0.4395515455248719
178984,0.0,0.41053631613179054
143017,0.0,0.605217697331783
150732,0.0,0.6282182846962903
153072,0.0,0.6609533311488609
236896,0.0,0.43711843932376226
140920,0.0,0.6358301343630344
142240,0.0,0.6079925653283069
132216,0.0,0.5931279860071146
136976,0.0,0.47856487864012853
74190,0.0,0.5847934373836136
113016,0.0,0.5605467175296222
143013,0.0,0.6571367214152973
147049,0.0,0.6240648561223505
93060,0.0,0.5928914066402077
143460,0.0,0.5169096100917986
142752,0.0,0.7158189299395361
167475,0.0,0.4629344470935184
92925,0.0,0.453800576323375
168388,0.0,0.40818311111298433
29568,0.0,0.5671122228957596
106624,0.0,0.4355647722566343
118782,0.0,0.360682764679555
158522,0.0,0.476174721959781
109914,0.0,0.35971181662523327
100618,0.0,0.4661946390954749
57860,0.0,0.5830040036787787
116712,0.0,0.4537623198124455
183547,0.0,0.5071322836686512
205524,0.0,0.4880052073762013
133083,0.0,0.4740364359794645
171840,0.0,0.5325057418677848
179176,0.0,0.5085185382487315
20740,0.0,0.47275654670958844
153055,0.0,0.5721000761535301
72142,0.0,0.5505881910957218
52560,0.0,0.5595916685256218
100287,0.0,0.54420038341477
173982,0.0,0.5635079607385867
180040,0.0,0.4898147546330972
204282,0.0,0.4570109476899351
196830,0.0,0.44565538336518357
130328,0.0,0.44130477843032073
97330,0.0,0.5682593285949544
208672,0.0,0.28834136866163323
191090,0.0,0.3939703329048582
124956,0.0,0.5030667959259857
136635,0.0,0.5163531352698301
182610,0.0,0.43867946957205195
205920,0.0,0.4521368745302295
198517,0.0,0.4896967138493158
169308,0.0,0.5060163528421363
172172,0.0,0.4509015130795847
138537,0.0,0.5610359624891438
142713,0.0,0.49819807620626144
192458,0.0,0.43075093115840113
242151,0.0,0.4642986867213066
184254,0.0,0.5228785777296765
76113,0.0,0.5497006453602724
240361,0.0,0.4976959367524142
-129078,0.0,0.6361548880605388
166045,0.0,0.519294210853708
77888,0.0,0.5445714801993826
-15353,0.0,0.6321294858521077
-45576,0.0,0.4982786803815334
-39998,0.0,0.5491438449483942
185912,0.0,0.6018087478634822
155720,0.0,0.5198977306834152
-16422,0.0,0.5568138840910896
34485,0.0,0.5446772203989259
190883,0.0,0.6605565999557301
138915,0.0,0.4801255205791978
60288,0.0,0.5930679616095146
71357,0.0,0.564986456983106
120256,0.0,0.4576290996070807
141228,0.0,0.5055465436856634
79211,0.0,0.5156028194260648
142164,0.0,0.49260331613948954
147610,0.0,0.5894115399833507
194510,0.0,0.7080928556463563
184228,0.0,0.5654114888768117
184168,0.0,0.5508485337854555
166830,0.0,0.5056246628304774
158942,0.0,0.5802776463194751
191916,0.0,0.45019452101319823
182756,0.0,0.36671565389410116
191460,0.0,0.44183007485357007
187725,0.0,0.44481736160342594
66627,0.0,0.4962004892508776
182560,0.0,0.48032600524131563
156960,0.0,0.46410625365204655
132088,0.0,0.605969723134585
132992,0.0,0.5927534683102529
76648,0.0,0.5559047623975863
39348,0.0,0.4350045676472605
481,0.0,0.5456690648842467
62496,0.0,0.5338461494265646
133020,0.0,0.6244183493276253
110220,0.0,0.5457897294789489
152928,0.0,0.660489632343627
131885,0.0,0.42285650542597336
122369,0.0,0.4311151678518957
40970,0.0,0.0
155155,0.0,0.44733376992036966
54336,0.0,0.6265252375326422
107630,0.0,0.5349967574680352
150856,0.0,0.6470100871319466
117720,0.0,0.46522233850556555
177419,0.0,0.398647586932668
110565,0.0,0.2418324880797318
41844,0.0,0.5666077348079989
139700,0.0,0.4555670526021972
113790,0.0,0.5625363833768939
184195,0.0,0.42584222844307956
62424,0.0,0.523605549287251
145376,0.0,0.4498677173947875
148032,0.0,0.4397481329352766
22800,0.0,0.5527586364599096
37791,0.0,0.4452140504192199
179790,0.0,0.4438727052815653
39884,0.0,0.6136110925361953
79176,0.0,0.5452015785206291
146552,0.0,0.6469510529914493
-14289,0.0,0.5196109691888631
212100,0.0,0.5196531811588738
98312,0.0,0.5385261466611178
212390,0.0,0.4424662048855435
133740,0.0,0.5106095535034213
173474,0.0,0.49138433901840717
113319,0.0,0.6395720027981144
113715,0.0,0.6084161078481597
135468,0.0,0.586862042743553
223608,0.0,0.4731844684727123
17232,0.0,0.5586354314618845
55220,0.0,0.5471455364169221
58656,0.0,0.6041966414666261
181056,0.0,0.4250079494359001
138030,0.0,0.5126602301054463
109854,0.0,0.6007532523710132
28044,0.0,0.5733982939461129
178010,0.0,0.457585937805113
208988,0.0,0.5540922050858396
126120,0.0,0.5353847699839227
163548,0.0,0.5611071059738125
167895,0.0,0.5739967231645975
142792,0.0,0.6681325919735251
127690,0.0,0.49271187494523655
61360,0.0,0.42716454057740355
150273,0.0,0.5052223312221943
197088,0.0,0.4854466003087381
121320,0.0,0.5647011115693769
78936,0.0,0.5403515690737056
129542,0.0,0.5567299987739636
159393,0.0,0.552106881169128
92637,0.0,0.44537089217103587
149402,0.0,0.5253558291323145
179480,0.0,0.48070161059948596
143272,0.0,0.5794087279859227
149368,0.0,0.6388014290017356
189566,0.0,0.5176631354184492
166992,0.0,0.4819419206101062
218052,0.0,0.46384408625169127
156744,0.0,0.4955010700513539
191532,0.0,0.47394618532425803
136994,0.0,0.6442179595646862
172914,0.0,0.4518021311624655
144130,0.0,0.5028788545397556
180427,0.0,0.4380070369690783
232969,0.0,0.42149339137447966
184652,0.0,0.4779197221393309
116589,0.0,0.6108763149584463
145134,0.0,0.6506724405311816
193496,0.0,0.5612039641883592
134824,0.0,0.5781921042695215
149877,0.0,0.5541615949990333
240564,0.0,0.3957540573621609
179788,0.0,0.4336018935337803
203294,0.0,0.4634845975396289
86926,0.0,0.5348027550066177
179732,0.0,0.5752728313755753
213724,0.0,0.35364781542375423
203232,0.0,0.47409836575819037
161130,0.0,0.4930088023810372
118936,0.0,0.6059477527018915
121005,0.0,0.5704864020949666
152055,0.0,0.4885721835579172
187821,0.0,0.41357100049427903
210639,0.0,0.5315563102972707
125456,0.0,0.4206329321734588
227988,0.0,0.5702702582775261
124410,0.0,0.6096770757735247
197275,0.0,0.5650834524563989
181728,0.0,0.7092593635438638
173796,0.0,0.54630000564902
164691,0.0,0.6056053876290514
108661,0.0,0.3705203505300987
173632,0.0,0.6670664269191618
162656,0.0,0.6152757428010803
151552,0.0,0.4432163129015947
38052,0.0,0.5022215928893701
128583,0.0,0.5385558900592152
257488,0.0,0.5249687139768529
141272,0.0,0.5956364170227052
97744,0.0,0.5539762509764601
178608,0.0,0.5459589737597569
185016,0.0,0.7317112744775776
171619,0.0,0.5732871289582051
169939,0.0,0.4855058306240784
124866,0.0,0.6132960867196947
199667,0.0,0.42165988057790715
224003,0.0,0.4986718840700327
202640,0.0,0.31753695529992243
87070,0.0,0.5833877758503939
129544,0.0,0.4775828677581069
104712,0.0,0.4530051759273748
186303,0.0,0.4548486093120181
130488,0.0,0.4515982888979653
140664,0.0,0.49845865675344997
120519,0.0,0.4439965712287152
102015,0.0,0.42484314549604024
198288,0.0,0.3997280081731535
121820,0.0,0.5001405976125224
-50028,0.0,0.48267587998208533
157776,0.0,0.548275910842501
170286,0.0,0.5138158886213738
178520,0.0,0.4316376967556443
63882,0.0,0.45578686911067606
120704,0.0,0.4691445656991398
84117,0.0,0.4388237095352481
99209,0.0,0.4769878799227869
193728,0.0,0.4853098912272965
70312,0.0,0.5862605515168862
150720,0.0,0.5257392934418975
198263,0.0,0.44794691893215455
181640,0.0,0.4784714156546558
241572,0.0,0.4935540004646396
133609,0.0,0.4595060126168472
177870,0.0,0.5020123612524723
198410,0.0,0.3711083194518841
107469,0.0,0.5062106541378854
217584,0.0,0.2984701260717365
172939,0.0,0.4889127673321698
165396,0.0,0.47187167732088414
132160,0.0,0.6052140315336831
166112,0.0,0.5013298361792925
192339,0.0,0.4316890476790608
124200,0.0,0.4807024580629723
137925,0.0,0.4595122505139923
186446,0.0,0.4481099864809789
200169,0.0,0.44160585914880884
134784,0.0,0.5939144691858044
119352,0.0,0.38252978919548974
170436,0.0,0.43980859293292107
168180,0.0,0.4268210602154812
156570,0.0,0.4361720155557779
134991,0.0,0.5507092344897545
193160,0.0,0.5321486857969954
31194,0.0,0.4567220181883012
96546,0.0,0.46972437437152403
187257,0.0,0.5145994086451449
39980,0.0,0.510932502196112
141260,0.0,0.5437999325947345
-83421,0.0,0.5345519892142713
23958,0.0,0.5402066895313056
159808,0.0,0.57774181857325
143514,0.0,0.5318682768974997
66576,0.0,0.6308754376396948
106389,0.0,0.5871075032897385
199038,0.0,0.49390714528758034
116235,0.0,0.5322702103502608
112104,0.0,0.49332784674635405
-98260,0.0,0.6327371867431695
45096,0.0,0.5854020106436146
227448,0.0,0.5283204067003958
215838,0.0,0.5082445939657517
168190,0.0,0.48413947105722444
-69360,0.0,0.6192723119602316
25194,0.0,0.597073511966893
241000,0.0,0.49284428294536026
184608,0.0,0.5659177406194236
-1764,0.0,0.5981809855026193
45248,0.0,0.3722607496670231
69168,0.0,0.22611526375131172
115784,0.0,0.55899923052666
97090,0.0,0.4415368770141656
184836,0.0,0.4332083504709928
189990,0.0,0.48295708550635297
-76590,0.0,0.5571006014477059
163130,0.0,0.44695506921766365
183440,0.0,0.4817558252719291
108823,0.0,0.6319998352154543
53805,0.0,0.6389256373815461
168360,0.0,0.415441540590018
88606,0.0,0.5694042987498632
102864,0.0,0.5199174808669341
112903,0.0,0.4707836807505278
152896,0.0,0.6167357846836
117328,0.0,0.5351223624031924
99594,0.0,0.6301604146166285
123620,0.0,0.4513436648416756
139566,0.0,0.5380179624770113
136455,0.0,0.6121165171481335
170928,0.0,0.5900786116445386
158608,0.0,0.5337478390103858
188226,0.0,0.7006901589379512
171388,0.0,0.5239183787004581
125910,0.0,0.6862940012656752
137998,0.0,0.6833103868695508
125388,0.0,0.4382518260313969
55470,0.0,0.6002172728243524
96288,0.0,0.49084657780411556
145230,0.0,0.4674109794581281
83266,0.0,0.4988488292295423
180216,0.0,0.2637760350294152
204316,0.0,0.4601504792682574
248472,0.0,0.48588580182580693
156508,0.0,0.36328515901840275
159770,0.0,0.49346246972580554
88308,0.0,0.5349056044233839
163100,0.0,0.38338182182100705
191808,0.0,0.37496249658984715
91510,0.0,0.40984538491207445
128730,0.0,0.6196139675488396
112098,0.0,0.5491331592029591
108615,0.0,0.5881540205823469
102786,0.0,0.6434644493324967
114310,0.0,0.49954342021207687
72564,0.0,0.6426213923118853
116181,0.0,0.6860665188378376
86859,0.0,0.42380332673598664
39492,0.0,0.0
123264,0.0,0.49719309010636736
43537,0.0,0.0
108996,0.0,0.5203702032749836
-29508,0.0,0.4459956976895056
89097,0.0,0.12322288555867984
133416,0.0,0.5815948507667408
146920,0.0,0.6397272123769129
179952,0.0,0.45225421945758487
169122,0.0,0.3718589764391616
-50724,0.0,0.4919599856864627
157086,0.0,0.5400726879891208
54192,0.0,0.5900613043364455
168160,0.0,0.4145922745386273
151866,0.0,0.7595168213043788
-90967,0.0,0.6348168514507274
46995,0.0,0.5255238574538191
212569,0.0,0.39774241802336174
94835,0.0,0.6461340756046372
188334,0.0,0.49245562184883535
166059,0.0,0.5896618738305451
172830,0.0,0.42195207352877456
227610,0.0,0.5393785371254113
112164,0.0,0.6468407608058878
126112,0.0,0.47092890147221395
238590,0.0,0.5235071795293172
156525,0.0,0.5331512994857132
168343,0.0,0.5430536418196806
104268,0.0,0.5165011650171109
442,0.0,0.5253820182679652
169526,0.0,0.515281990240136
115320,0.0,0.34736034003591026
127432,0.0,0.5691822843085372
-20930,0.0,0.6267335298299017
112671,0.0,0.5392870895709506
150805,0.0,0.6594997798888625
12446,0.0,0.4586148807799489
196648,0.0,0.3872959233892112
35268,0.0,0.5769839666318446
94393,0.0,0.599519918115709
212807,0.0,0.6155537171662364
183060,0.0,0.4008080724331702
156126,0.0,0.726913334986001
76059,0.0,0.5405107980178169
68680,0.0,0.5491780141799573
177925,0.0,0.39378395547102435
141060,0.0,0.7578255461984265
149650,0.0,0.677245100493986
74481,0.0,0.6106460454737234
189522,0.0,0.44631295559504797
175168,0.0,0.4675055297181897
169407,0.0,0.7267992812447786
126882,0.0,0.6223308365299974
184492,0.0,0.6659547143497501
136906,0.0,0.5411540290513823
150150,0.0,0.5075635232895984
73853,0.0,0.5203001370340353
209632,0.0,0.5503566844745393
85491,0.0,0.544342215315577
190832,0.0,0.4907626610375819
76703,0.0,0.5167107852593443
134395,0.0,0.6433388807549005
127276,0.0,0.8170715605728819
61200,0.0,0.542750036201219
156522,0.0,0.6895201413057143
45771,0.0,0.5809426843021414
178108,0.0,0.3869187388805503
110275,0.0,0.6169576974237229
72708,0.0,0.6636296254959146
222220,0.0,0.35332090441035996
93910,0.0,0.4606867128425072
133780,0.0,0.7130316171757468
122132,0.0,0.6389739198702388
63732,0.0,0.5997137240859913
136552,0.0,0.6513236039244105
130194,0.0,0.530371664247827
-52448,0.0,0.6313648250483043
100506,0.0,0.6108771001164471
156702,0.0,0.504246351940218
230615,0.0,0.5481860221650879
99396,0.0,0.5365991046636469
186152,0.0,0.6990564450776741
95303,0.0,0.6427889562493698
116028,0.0,0.5989582393908336
173063,0.0,0.6662992158531442
120051,0.0,0.4777745832554805
151065,0.0,0.6736617252844675
123111,0.0,0.5953379464397345
148005,0.0,0.547907706881579
217008,0.0,0.500554883501148
123750,0.0,0.558877052894821
-11556,0.0,0.6073952473293354
193020,0.0,0.4818633772286965
211248,0.0,0.4310716333499473
119770,0.0,0.5716626007572052
193687,0.0,0.49586737560853594
95767,0.0,0.4840216866012088
161249,0.0,0.6629770802737854
116754,0.0,0.6222499063766957
128790,0.0,0.6309114362625923
154926,0.0,0.6795007717883041
189054,0.0,0.5052031359041387
106536,0.0,0.5623513658194467
115770,0.0,0.48171557317267066
129357,0.0,0.5038738241829394
202700,0.0,0.3525760667626133
104616,0.0,0.5165076178090856
188379,0.0,0.4723186694957393
179872,0.0,0.42927152657147316
48681,0.0,0.4804835517518255
199536,0.0,0.5167935164336155
211077,0.0,0.49088339348097276
56706,0.0,0.6595265445935679
45342,0.0,0.6466238566139908
847,0.0,0.5710573453732584
23420,0.0,0.5563454490179047
194967,0.0,0.4596507382122691
80670,0.0,0.6103486245965597
195342,0.0,0.44140269294883083
34524,0.0,0.43723053136744167
180270,0.0,0.4743736688125159
188912,0.0,0.3853092608582828
67639,0.0,0.579167632154893
125973,0.0,0.5296640260916474
106155,0.0,0.509246838424175
99450,0.0,0.5472719591245863
230549,0.0,0.5229054836766428
127440,0.0,0.648654341803941
211176,0.0,0.4040992902794629
116298,0.0,0.6435138986004554
119812,0.0,0.5836741153127344
193609,0.0,0.4751607654601047
124124,0.0,0.6209538964795721
185980,0.0,0.5451909755997455
189000,0.0,0.4820700480739288
94743,0.0,0.5592478042655491
129303,0.0,0.4896461654124844
104664,0.0,0.5278435872678783
84752,0.0,0.5275149540537567
137970,0.0,0.4979084461892601
84800,0.0,0.5371246571504739
151640,0.0,0.5611656704271076
127432,0.0,0.4846632393978767
96530,0.0,0.6193169188307577
107262,0.0,0.6179783564543093
158787,0.0,0.6285350041600047
95544,0.0,0.4756821588706266
107296,0.0,0.4858681188861517
157250,0.0,0.5528978324032686
93546,0.0,0.5562136266865921
93600,0.0,0.5661516440500814
121428,0.0,0.4950517803044773
179088,0.0,0.5035528389425812
197316,0.0,0.4679170564499837
197252,0.0,0.487635411392642
148478,0.0,0.6561705311374748
141218,0.0,0.5807446965664887
174430,0.0,0.568312065810413
178605,0.0,0.5149338380189616
118908,0.0,0.4890435235659841
135176,0.0,0.5360678741013468
155683,0.0,0.44313049787314185
221121,0.0,0.5699512740545093
133137,0.0,0.574911060661625
127962,0.0,0.5934210642470895
145726,0.0,0.6511877987075239
170892,0.0,0.5369332638324231
155772,0.0,0.562514924115705
155763,0.0,0.5866462763015537
153335,0.0,0.5808823984732214
82610,0.0,0.6103171649823902
126990,0.0,0.6570379851495542
141664,0.0,0.5337597628019756
84730,0.0,0.47707618249540257
101421,0.0,0.4905152027490915
171660,0.0,0.48259827355258034
114708,0.0,0.7166421876676727
194229,0.0,0.37059489690794467
200040,0.0,0.6945589823710367
217844,0.0,0.578359038032613
196471,0.0,0.6487592895074005
207819,0.0,0.6581690825350547
155628,0.0,0.6200362399845889
244224,0.0,0.5692816839877972
123680,0.0,0.5894454806632355
150327,0.0,0.6328015203919352
180930,0.0,0.5086732252791288
241011,0.0,0.5509970331337988
146278,0.0,0.61089580684368
110660,0.0,0.4341349673484136
124758,0.0,0.4530914335619483
224870,0.0,0.5138233506274382
245905,0.0,0.4906458129818805
211688,0.0,0.45485203896444754
192948,0.0,0.4603508309354347
166364,0.0,0.5948600189043078
196890,0.0,0.48113842152908504
162520,0.0,0.5901781204267125
182110,0.0,0.5528958949692021
190280,0.0,0.7223823975331144
222560,0.0,0.49878949417419616
156926,0.0,0.651690408279692
101016,0.0,0.5278335653625235
196317,0.0,0.5190547265318214
143514,0.0,0.5281116553528613
193677,0.0,0.4426243805438581
209700,0.0,0.4423358917067098
115240,0.0,0.6056920730088836
115288,0.0,0.6162524913203766
183073,0.0,0.5862554421380994
212080,0.0,0.43188574734501967
150368,0.0,0.5752832942354055
237750,0.0,0.4142580578418735
134640,0.0,0.6616482148974256
141561,0.0,0.6723034380064905
206100,0.0,0.44711541253420084
160512,0.0,0.7333513637958077
193086,0.0,0.6240051436022057
234180,0.0,0.3968409815910462
190848,0.0,0.5703426312952893
129843,0.0,0.5150806111670093
137784,0.0,0.5400082945891101
225478,0.0,0.38818714802292886
210386,0.0,0.3850172558713857
195360,0.0,0.5070837639974058
210023,0.0,0.45712143339003536
209957,0.0,0.430869755704167
204273,0.0,0.45669781224891987
175879,0.0,0.5599197447676513
190971,0.0,0.5480387602543951
227376,0.0,0.4599005647211202
131725,0.0,0.6668142363372933
205304,0.0,0.4706448998298951
167175,0.0,0.7354927940354032
172740,0.0,0.6612935254149505
199650,0.0,0.6078302423064286
201303,0.0,0.5528814683740152
198649,0.0,0.46297892194661905
141606,0.0,0.55948915764408
219870,0.0,0.4223293827199777
187341,0.0,0.4958160496688395
216310,0.0,0.3851272023841021
206150,0.0,0.4102434376735061
178594,0.0,0.5196358684447964
203533,0.0,0.5016213023724407
187275,0.0,0.574922966000295
231770,0.0,0.5091299786646625
145521,0.0,0.6431578277416006
147472,0.0,0.6529482906981886
159383,0.0,0.7201046369795513
227843,0.0,0.49354898367681804
199932,0.0,0.5345821947503561
137056,0.0,0.47235534087621633
139496,0.0,0.4959828995050467
211757,0.0,0.45400011651670985
95809,0.0,0.49528640967466614
127105,0.0,0.6672178602240847
175090,0.0,0.7159283856417543
197300,0.0,0.5333484671255035
176220,0.0,0.7068770326081011
181926,0.0,0.701507857360586
184257,0.0,0.7137575688100768
161924,0.0,0.5415271667928414
164210,0.0,0.684016675203322
115493,0.0,0.43368380858547884
179168,0.0,0.4464509390054501
197841,0.0,0.46836817056783075
154819,0.0,0.5774728700758713
149830,0.0,0.6775788740301082
147852,0.0,0.6550946064515066
190239,0.0,0.5533411679471381
123760,0.0,0.628467873709822
141984,0.0,0.5086350591972365
105380,0.0,0.6014681348892407
143808,0.0,0.5369057199190871
135080,0.0,0.6262620155210813
193365,0.0,0.4470805734905508
211528,0.0,0.3156738959377445
121360,0.0,0.584297885550664
205713,0.0,0.4737350862537334
132044,0.0,0.635227937789331
123736,0.0,0.6268940953770393
131864,0.0,0.5941135386241504
158816,0.0,0.5680780348118014
155232,0.0,0.6933587540346046
142400,0.0,0.6803946713594251
149544,0.0,0.6663714265094922
52120,0.0,0.5118548486500512
199296,0.0,0.5222428340228976
118450,0.0,0.6069633502805584
141957,0.0,0.6355672210272822
60093,0.0,0.5890628836750857
130024,0.0,0.6688652805018902
225896,0.0,0.5615856352122308
172664,0.0,0.7579231190925274
187872,0.0,0.4915104012786178
161196,0.0,0.7358205215726967
185193,0.0,0.510421730391445
111480,0.0,0.4782295381199809
160864,0.0,0.6913918283688344
163735,0.0,0.4359306325010161
178827,0.0,0.4620441062799292
167436,0.0,0.6980584455419063
162184,0.0,0.6333768068001686
77936,0.0,0.5534573932739901
155000,0.0,0.6011219361430922
191460,0.0,0.7577555371642282
206757,0.0,0.6079169291729972
156960,0.0,0.6718521786146795
195344,0.0,0.5993272886012038
109370,0.0,0.5277427882220882
183294,0.0,0.5937272645618797
100432,0.0,0.5161381765096319
193482,0.0,0.5598253017386057
165420,0.0,0.5621059548878047
181134,0.0,0.5232502317149844
199940,0.0,0.5502685557013212
121583,0.0,0.5866220347232031
138719,0.0,0.5567937381918927
224163,0.0,0.44026238513491917
34992,0.0,0.41648852438702
129825,0.0,0.46962033364121747
160360,0.0,0.5858772935592722
161118,0.0,0.5582850643497745
184455,0.0,0.43849175032272003
185927,0.0,0.5116931837871046
94016,0.0,0.5558273447395483
153496,0.0,0.6385311150787747
170496,0.0,0.5100963934304591
201564,0.0,0.4808089847703248
106584,0.0,0.5729507443447337
104160,0.0,0.47053997745992193
121448,0.0,0.41566019317016906
213026,0.0,0.47788485125772767
129380,0.0,0.5315876269543893
208550,0.0,0.5024914428528204
131769,0.0,0.6346968559724193
151808,0.0,0.6900911347030573
87822,0.0,0.5072473512878937
130239,0.0,0.47002971617415784
170760,0.0,0.4547288582108071
95150,0.0,0.45559492006180413
117891,0.0,0.4211575662401281
94689,0.0,0.5491140653179754
125839,0.0,0.4274018015921632
219241,0.0,0.5544360392503246
149936,0.0,0.559001088314384
180612,0.0,0.4831188072908063
149875,0.0,0.6452689540395178
146232,0.0,0.53665492929694
125496,0.0,0.49905825760708034
175700,0.0,0.5516586585541756
138136,0.0,0.493166001611354
192360,0.0,0.36262777225736736
127160,0.0,0.4373299326342176
141867,0.0,0.5188018317883042
115592,0.0,0.5723469055907179
199888,0.0,0.4142570293041863
115640,0.0,0.5835290409554621
213516,0.0,0.473673400287013
175530,0.0,0.6723573639343228
134950,0.0,0.567919639678899
191200,0.0,0.4898408410060998
85437,0.0,0.5345175801856967
197590,0.0,0.26191014439456495
168276,0.0,0.5083135308067256
208080,0.0,0.41430560919449994
186504,0.0,0.48020765616348793
138567,0.0,0.6448271186764298
108170,0.0,0.5986774774888561
136368,0.0,0.6432224242118494
110799,0.0,0.47103768766676113
183546,0.0,0.4540264936717986
183480,0.0,0.4319456461636648
197052,0.0,0.461997739474861
161810,0.0,0.6328742576750577
129609,0.0,0.5879604174288845
149888,0.0,0.637175313033735
180224,0.0,0.4507052040409429
62810,0.0,0.5096963699227388
116559,0.0,0.6148250280015007
190683,0.0,0.4520247873992295
183912,0.0,0.44921476266046473
129670,0.0,0.4923343174585236
19789,0.0,0.5464934524871784
-26772,0.0,0.5199832510266308
-56784,0.0,0.5306164500734954
143825,0.0,0.6049013900045205
218070,0.0,0.5648546673924422
203098,0.0,0.5174561527392254
141148,0.0,0.4795450817608184
39116,0.0,0.6852475111000389
175290,0.0,0.3188992958085171
211660,0.0,0.4470643924026198
161220,0.0,0.6488138048311971
84900,0.0,0.6086013695856256
139565,0.0,0.6984915708224595
5551,0.0,0.6035099137894753
-49168,0.0,0.64472235191952
172188,0.0,0.4828257793129538
-45648,0.0,0.490945170191836
142160,0.0,0.42358692472934445
51205,0.0,0.5656947647021591
141673,0.0,0.47061067734942963
186732,0.0,0.4110307165759331
-17667,0.0,0.52286417747978
75229,0.0,0.5712995228253307
183392,0.0,0.45574456631658095
168120,0.0,0.40497629353931763
132920,0.0,0.46364429661847634
120324,0.0,0.5004696771886331
168318,0.0,0.7038830866352563
73402,0.0,0.5265527563783671
102978,0.0,0.7003609406535188
-17510,0.0,0.5428568154206644
159214,0.0,0.6374003387071843
173322,0.0,0.6270384288056599
154418,0.0,0.5398345946442924
153186,0.0,0.6000243891522918
108710,0.0,0.5561117997296608
125328,0.0,0.599025612467794
107808,0.0,0.6069040256266761
37450,0.0,0.5453735927093407
63739,0.0,0.6479438927346951
156264,0.0,0.5819212241007614
127099,0.0,0.6090034049407097
126170,0.0,0.5621497477993396
30368,0.0,0.5945476931175995
66704,0.0,0.5689365656545923
164941,0.0,0.6421333053113532
-20228,0.0,0.4748408835173801
-29003,0.0,0.4824912021989346
104888,0.0,0.4273641610150308
151536,0.0,0.5503371195747255
72390,0.0,0.4596147279094989
129768,0.0,0.6612858268462097
99440,0.0,0.5148351735280796
119987,0.0,0.46230799684615037
152952,0.0,0.5154644833160481
152540,0.0,0.5232715052555885
21392,0.0,0.4832707059313356
123464,0.0,0.4919471496641643
156110,0.0,0.602970479281106
154712,0.0,0.5890874878637616
214800,0.0,0.6281946689876706
137010,0.0,0.6174596708144976
147555,0.0,0.5966266006873817
148152,0.0,0.6180457576841335
199144,0.0,0.6748324998095739
160740,0.0,0.6202427631212253
211650,0.0,0.6438032023633421
170326,0.0,0.6023151723039409
155700,0.0,0.6620821306615032
178062,0.0,0.6759761309956558
135480,0.0,0.6311986636297678
207592,0.0,0.6347700047691799
196746,0.0,0.5879636814466014
-3132,0.0,0.6308493795852607
21913,0.0,0.6259957858881882
107850,0.0,0.7224633795271503
161110,0.0,0.6627384081374662
193272,0.0,0.5859596683249587
78484,0.0,0.6003348958317701
190500,0.0,0.4597298736311384
147430,0.0,0.5911113841533293
199376,0.0,0.41209322490296124
106452,0.0,0.5825097482314839
-15525,0.0,0.5103059582104859
174140,0.0,0.5020939277589719
171192,0.0,0.5005008799592814
201380,0.0,0.4779298511777295
136550,0.0,0.5598722934331307
-131544,0.0,0.5334007891360184
82202,0.0,0.09394237308402965
119895,0.0,0.5163707895163061
129000,0.0,0.46469619360890047
180245,0.0,0.4996410134411986
195992,0.0,0.2521089886803496
183666,0.0,0.2471506708954616
120765,0.0,0.5046092071786603
149994,0.0,0.3948676935034187
216992,0.0,0.5464740339244868
212340,0.0,0.29126718397440865
191708,0.0,0.5499782825622205
218768,0.0,0.27842301834526856
147108,0.0,0.4986312165423847
101310,0.0,0.4403791767355229
191448,0.0,0.4662145275379279
197400,0.0,0.3908144743966647
199908,0.0,0.5182420677388766
177100,0.0,0.4621104887947476
8658,0.0,0.4630075229717055
152655,0.0,0.4280540892846464
170910,0.0,0.48153064683480445
149712,0.0,0.5216078012241648
62064,0.0,0.6008861908447278
123296,0.0,0.5064413446602951
-9800,0.0,0.5949591778472944
81880,0.0,0.47599739195719737
175488,0.0,0.6995991308194554
72985,0.0,0.5733925538068244
9919,0.0,0.5724805823986866
53520,0.0,0.5166946827254685
153984,0.0,0.6983835770510411
177849,0.0,0.575896325858547
93267,0.0,0.5290787842125376
179431,0.0,0.5863526645125208
49401,0.0,0.5401076914382913
-54045,0.0,0.5181751881876852
101181,0.0,0.8160395094726394
140376,0.0,0.550792721312518
110556,0.0,0.4768255615384487
162816,0.0,0.4662020825389697
102141,0.0,0.6194874146427902
171144,0.0,0.6574688231194814
44912,0.0,0.557583023613934
146988,0.0,0.5018627348903363
159208,0.0,0.6516124125766474
197505,0.0,0.502022683569169
130480,0.0,0.5915614251953056
196399,0.0,0.5863764986869148
83232,0.0,0.5435782337944615
123228,0.0,0.7218187897152514
166584,0.0,0.494265505607651
9399,0.0,0.46254151645830965
-80835,0.0,0.4394550818595812
69924,0.0,0.4569939372233997
139707,0.0,0.459015067142214
160240,0.0,0.4852755498605776
151445,0.0,0.5107960268125239
118944,0.0,0.4417517788218564
157960,0.0,0.44892943018586523
106161,0.0,0.47500208335243804
109812,0.0,0.6412749939842644
68460,0.0,0.4927234339963122
178356,0.0,0.44857435360963555
-16632,0.0,0.6076332208401868
-57984,0.0,0.47555245938304713
115170,0.0,0.5522183257018227
179396,0.0,0.4607041997240964
109740,0.0,0.6307934510399965
112080,0.0,0.4489745541453364
32560,0.0,0.5652178234092783
90090,0.0,0.6480668100126183
52184,0.0,0.4943654088843703
72810,0.0,0.7034046514421154
33120,0.0,0.5701331806307064
95880,0.0,0.6314577770007418
54528,0.0,0.484257941858863
75250,0.0,0.5414939674737757
127550,0.0,0.6237123027281403
93090,0.0,0.44629942483327
9804,0.0,0.5651183311754547
72564,0.0,0.6349902038314061
31212,0.0,0.4918258944656532
40920,0.0,0.5508197076119554
228792,0.0,0.5803170973544798
103680,0.0,0.6048053976742565
62328,0.0,0.4536722454893826
213471,0.0,0.49254334192733285
91190,0.0,0.6291332966586152
148720,0.0,0.693442754644621
110814,0.0,0.5309803675809976
83470,0.0,0.049811503728301974
227142,0.0,0.409708609160886
132011,0.0,0.6813788576729007
94105,0.0,0.5216501452361123
80432,0.0,0.9530569659470859
213816,0.0,0.4542998081767462
63384,0.0,0.6247204352634654
126144,0.0,0.6819172699496182
84792,0.0,0.5335861514486913
225330,0.0,0.5076881355287745
94760,0.0,0.5888671485615385
147060,0.0,0.666453560395839
112600,0.0,0.4886388286918503
42921,0.0,0.0
178344,0.0,0.7213776657029214
60470,0.0,0.5402764631756636
78310,0.0,0.4587229591866767
145984,0.0,0.6447228329784442
100920,0.0,0.6154480387788697
118760,0.0,0.5170553245777788
86097,0.0,0.6133728751981021
217438,0.0,0.46631959743510526
105721,0.0,0.5150405170510283
149088,0.0,0.7290272090053093
63312,0.0,0.4901076710364204
110811,0.0,0.5766647713254365
183666,0.0,0.6091661332532818
23122,0.0,0.5836991996438815
42746,0.0,0.5226709104981402
71094,0.0,0.767921106068031
121272,0.0,0.44579978365047845
43180,0.0,0.0
-44952,0.0,0.48144668957683223
17808,0.0,0.5587603859181494
62513,0.0,0.5801490055369314
120043,0.0,0.6516502131001584
78256,0.0,0.7639450646879185
34644,0.0,0.5635860232494664
97404,0.0,0.6230470221447917
74965,0.0,0.5825117479278226
132495,0.0,0.6471694275678986
94589,0.0,0.484521353546488
80520,0.0,0.411733062463053
22308,0.0,0.5556493771796752
150612,0.0,0.5132950406385494
85068,0.0,0.619231877881428
43716,0.0,0.4725745455042364
105912,0.0,0.5532842673898504
59873,0.0,0.5435099854487258
117403,0.0,0.6097628563744414
79497,0.0,0.4460871543963048
126492,0.0,0.6512601880620597
85140,0.0,0.5008760872941636
116268,0.0,0.18359488045532038
103995,0.0,0.5784990526646031
182080,0.0,0.40544960652865125
169444,0.0,0.5568311251710361
165970,0.0,0.4044130162065227
131100,0.0,0.36436151673192424
165396,0.0,0.5340084161719636
181544,0.0,0.4207899983259903
178616,0.0,0.5830890788546907
88524,0.0,0.425383133844902
187173,0.0,0.41199707466438257
170270,0.0,0.534578445237869
165935,0.0,0.4269005937931604
145248,0.0,0.5814643113324078
145152,0.0,0.22240450926573155
171156,0.0,0.571615444615386
166831,0.0,0.3450390657852439
164520,0.0,0.5279036317415097
180936,0.0,0.43207815887802686
145620,0.0,0.5930572761312304
132275,0.0,0.5527325322813338
142332,0.0,0.43170128308752503
176008,0.0,0.527721061585877
128912,0.0,0.60470767296243
134823,0.0,0.5499044453223905
116523,0.0,0.4158843781790393
170665,0.0,0.5486449261269016
191910,0.0,0.5751714442149859
144300,0.0,0.49835699090066243
170001,0.0,0.3803921843043967
134730,0.0,0.4412541063821549
129420,0.0,0.38518529119082195
163416,0.0,0.5339548685044515
157140,0.0,0.5358390016163243
161812,0.0,0.3161567388286705
85515,0.0,0.5317581954499733
166472,0.0,0.36783668489750665
174757,0.0,0.568295358112788
181150,0.0,0.579302211019818
151245,0.0,0.34810719987835587
190168,0.0,0.5925828572674935
104762,0.0,0.5203181332797735
158170,0.0,0.3570183858465268
170261,0.0,0.5147419195744625
181672,0.0,0.40629576633846176
158592,0.0,0.6416754614378364
162552,0.0,0.5838184051809733
157520,0.0,0.7119179806242936
175496,0.0,0.34984525475353495
137248,0.0,0.7186335627239496
190683,0.0,0.6219970667637815
165000,0.0,0.3754544299857991
163140,0.0,0.5423057390346934
177672,0.0,0.3809799941665529
195630,0.0,0.6230716796699999
228150,0.0,0.4787759199299547
206190,0.0,0.4857777758177782
115906,0.0,0.5428322803656461
137330,0.0,0.3288940255124543
203600,0.0,0.6338157980405998
162250,0.0,0.3795315642115522
172776,0.0,0.6234835385687526
156792,0.0,0.5194665363772946
171168,0.0,0.5844394011666055
170210,0.0,0.36799373934974366
216630,0.0,0.4663588545990718
128460,0.0,0.45278740781312005
161973,0.0,0.5166075984571766
179060,0.0,0.6074556176076402
161915,0.0,0.5669146476308873
127728,0.0,0.5677475265736567
110580,0.0,0.5554156226975193
188363,0.0,0.40850335327424586
142131,0.0,0.39417369407821684
163920,0.0,0.5386281593525184
175110,0.0,0.3964892563684079
168203,0.0,0.33665656435549046
148512,0.0,0.4193884066852744
159648,0.0,0.5659704119679742
159584,0.0,0.5848118251457727
320,0.0,0.4925619464914249
132341,0.0,0.5050212252332364
69328,0.0,0.46611671913738584
112356,0.0,0.5155472189026645
170464,0.0,0.34831641804453534
118608,0.0,0.4276522764109427
145180,0.0,0.583331072795975
140952,0.0,0.536661923277275
160080,0.0,0.33635580699726175
129272,0.0,0.3316851779603469
193237,0.0,0.5764175299894961
184744,0.0,0.6569615452229617
170212,0.0,0.5347676318492489
-5100,0.0,0.4883623175525204
146939,0.0,0.5461809134898982
104076,0.0,0.42559853294842626
156123,0.0,0.379438717825133
146700,0.0,0.5231346779949079
133104,0.0,0.4412104375633967
108823,0.0,0.5681320851531176
182601,0.0,0.38658333966879893
173641,0.0,0.5959506303948122
195840,0.0,0.4340300316246451
55065,0.0,0.5117937593271104
83880,0.0,0.3604858100166713
189413,0.0,0.4485776257419726
152016,0.0,0.4601607257209218
159740,0.0,0.28946152807428344
175304,0.0,0.36100488064124875
78744,0.0,0.5980505114513088
108696,0.0,0.776747139936163
132012,0.0,0.39993918673577167
222615,0.0,0.4978932561857859
172500,0.0,0.5763938456380868
174867,0.0,0.4030240472803469
141084,0.0,0.3924152058224927
169568,0.0,0.33929844270289644
149316,0.0,0.5184976410191872
161181,0.0,0.34662122364538756
205029,0.0,0.4798298287787472
185050,0.0,0.3853592906555564
231110,0.0,0.4913191466455892
176520,0.0,0.6152860088526968
158460,0.0,0.365864652351421
162240,0.0,0.5356380869372313
167240,0.0,0.3806358825380375
124376,0.0,0.5493969838741362
-121676,0.0,0.49039001597884696
79712,0.0,0.7873848449915521
176575,0.0,0.5727741002723764
180153,0.0,0.35899248910493536
151540,0.0,0.6011453906660432
101234,0.0,0.5938201896303481
101556,0.0,0.5349058774091944
117065,0.0,0.36942972901450055
153076,0.0,0.5768055183724234
194208,0.0,0.5991892767618491
109788,0.0,0.40667676285513865
165200,0.0,0.3661157428768758
151820,0.0,0.38092390260209547
138660,0.0,0.4805529160274325
79440,0.0,0.5029231684570076
160896,0.0,0.42242987573132745
172403,0.0,0.3995919941599467
150560,0.0,0.60379502327213
208296,0.0,0.6195358873561148
150201,0.0,0.4320428298720311
182817,0.0,0.37642561850005507
158279,0.0,0.37308288214546925
182791,0.0,0.3588251671410541
190790,0.0,0.569382758865449
142690,0.0,0.4756779534900814
164901,0.0,0.5463510197723623
161616,0.0,0.5581386082258398
140768,0.0,0.3670037409467156
171830,0.0,0.5787662861170856
155682,0.0,0.4839348789672396
157365,0.0,0.4707855316206157
184936,0.0,0.433091226506612
144564,0.0,0.5937898674624635
164472,0.0,0.6088392948495449
160632,0.0,0.3297871152176389
169962,0.0,0.5709125602218077
122447,0.0,0.5165494900110663
155440,0.0,0.6856052530153649
192670,0.0,0.6095292519275929
140244,0.0,0.541247500888196
77294,0.0,0.4825359523410397
189540,0.0,0.5921748377789299
103103,0.0,0.5583820353562386
156648,0.0,0.5277640685418109
148440,0.0,0.23797484835073626
161130,0.0,0.37283633938180305
178444,0.0,0.6004799595869692
159633,0.0,0.3435131598544173
147930,0.0,0.4366524046144625
127347,0.0,0.4455712369953409
135780,0.0,0.5233872779091062
158444,0.0,0.5512904002493688
212784,0.0,0.4844665987267815
177021,0.0,0.4317797115759618
127283,0.0,0.5331946660540461
174503,0.0,0.5527873734886307
175840,0.0,0.5347983025031456
167664,0.0,0.6455488576159341
135952,0.0,0.45027260198723473
178684,0.0,0.5910483122169955
46725,0.0,0.5636668410339902
186440,0.0,0.5648662071836724
169484,0.0,0.5257770672465562
116935,0.0,0.5085473187531475
187912,0.0,0.46312883271996164
161352,0.0,0.3217423922647608
148240,0.0,0.35015299624932605
177309,0.0,0.5393338104676945
171153,0.0,0.40693150725228355
191163,0.0,0.6154887217575159
202840,0.0,0.6173548305983482
189981,0.0,0.5642257670164298
157335,0.0,0.41405059985079745
207310,0.0,0.49174819250304763
179904,0.0,0.5878044437338521
-37536,0.0,0.49046394091852963
56655,0.0,0.5163284273753772
112176,0.0,0.5365466016752768
162310,0.0,0.5349876526360602
166001,0.0,0.5705035724574918
163912,0.0,0.47647702200062697
175008,0.0,0.6602501605078993
161397,0.0,0.337410212372084
171210,0.0,0.4037161908751042
145780,0.0,0.5279678636917364
137520,0.0,0.41241797001422426
162596,0.0,0.32706109292765484
150040,0.0,0.2533609016151466
183840,0.0,0.42909823336358055
142596,0.0,0.5386877699669169
143760,0.0,0.5174571241092054
166375,0.0,0.3636844175394404
153967,0.0,0.3840457795463726
162606,0.0,0.37015234569937316
184824,0.0,0.36745557438626714
63300,0.0,0.508008300787503
178170,0.0,0.40281049587996653
157245,0.0,0.5411471933733858
164000,0.0,0.7139226627552824
181472,0.0,0.5850234378313333
188520,0.0,0.5044869673601138
145893,0.0,0.5880934340470477
187968,0.0,0.5470293554436728
158632,0.0,0.32616308516032827
165860,0.0,0.7602894579911105
184040,0.0,0.425077805481574
167604,0.0,0.5604364255775879
177912,0.0,0.5549022744091147
153780,0.0,0.5366436448690084
159520,0.0,0.3350637314181572
178317,0.0,0.44533180358114505
119168,0.0,0.5338904592900294
168112,0.0,0.5286130684707606
146928,0.0,0.4330770881968434
155650,0.0,0.4769238488939868
152800,0.0,0.3674708655882695
125112,0.0,0.4031296279619197
-143412,0.0,0.45844805158656404
-24684,0.0,0.4721311742777511
189440,0.0,0.4384101153110455
88438,0.0,0.5056165016005545
165220,0.0,0.5133945705424207
155016,0.0,0.49533480424803333
112099,0.0,0.4917457819892676
150240,0.0,0.4349081186946725
162696,0.0,0.5854378135031387
166692,0.0,0.5535226535950586
133008,0.0,0.4606778901079448
177760,0.0,0.5993250615583148
206096,0.0,0.6295227767610134
159392,0.0,0.3527108789323782
153840,0.0,0.4971199066880867
179240,0.0,0.3725476451989924
137800,0.0,0.4714376872630911
178339,0.0,0.4056548195912973
129920,0.0,0.33679314466818955
205350,0.0,0.5000756127912875
164240,0.0,0.532164200246066
79320,0.0,0.8103920413598635
122112,0.0,0.4610975084025781
75040,0.0,0.48021623585519607
165960,0.0,0.5017201564885302
164550,0.0,0.5953858487702387
114696,0.0,0.6795361675051137
205689,0.0,0.4744473944048972
222156,0.0,0.5098886763517803
151830,0.0,0.5890665459806269
165763,0.0,0.5771410307779903
76216,0.0,0.09274877106683677
119244,0.0,0.4683111006598298
193392,0.0,0.553318776356284
183825,0.0,0.3839009900671714
146520,0.0,0.5080623139092436
189830,0.0,0.416122625938248
162428,0.0,0.5571752703319446
196273,0.0,0.45269985974389537
118300,0.0,0.6023535902515676
24016,0.0,0.515947668628012
202480,0.0,0.6280386252893564
172920,0.0,0.41254560014012326
177558,0.0,0.4330876225016569
174960,0.0,0.44790813750996317
157788,0.0,0.49256368296224795
187750,0.0,0.5905832780176002
167900,0.0,0.8024265357843059
59570,0.0,0.5370344204783747
224024,0.0,0.5220125062806307
206921,0.0,0.47985622311337994
155232,0.0,0.646332343255754
133996,0.0,0.42813912059085024
145392,0.0,0.628111443440992
54375,0.0,0.47805062175008456
163450,0.0,0.5186742886572404
162932,0.0,0.3883216642631044
176872,0.0,0.35236925838477656
157458,0.0,0.5082789615064504
166336,0.0,0.5352345368308341
101647,0.0,0.515857911046771
156816,0.0,0.484208829388067
195912,0.0,0.37968911468839117
172590,0.0,0.5044437894719354
173450,0.0,0.48269199119067463
154752,0.0,0.47343246622822416
83728,0.0,0.05050762722761054
152256,0.0,0.4548917923117947
34920,0.0,0.5005792542033756
178704,0.0,0.38780963375624516
130692,0.0,0.5416384802142373
150183,0.0,0.48208085950373997
192850,0.0,0.43124229380410467
161310,0.0,0.5091106331809663
125244,0.0,0.48688917979710633
156780,0.0,0.44259611067216553
186957,0.0,0.42166264524041863
156585,0.0,0.5032431198099218
180450,0.0,0.4474254531798957
181570,0.0,0.45358438851490057
173295,0.0,0.5411007505299796
148104,0.0,0.4417963174039549
156768,0.0,0.3429296718503917
183447,0.0,0.44375367693695933
154350,0.0,0.5019102027500785
163180,0.0,0.5462774996065765
140140,0.0,0.5101729781298716
173440,0.0,0.3813035634783381
215595,0.0,0.45008878122426793
189621,0.0,0.437813559119365
152100,0.0,0.613107345721803
169433,0.0,0.5433963424643471
218259,0.0,0.46481928247485865
167930,0.0,0.3985851082495662
156200,0.0,0.6077493579135631
156650,0.0,0.4110876667027503
143253,0.0,0.5038015803413464
164907,0.0,0.5378491641558711
196839,0.0,0.4558338401044371
153505,0.0,0.5035141533964383
167820,0.0,0.4046643032500498
168564,0.0,0.56119875588056
150524,0.0,0.40437329421889473
157916,0.0,0.6143527373330347
198760,0.0,0.6062545690296473
184110,0.0,0.5338309813015094
163270,0.0,0.5062212821084184
195075,0.0,0.464117194706404
197790,0.0,0.44791909865661783
144419,0.0,0.5191945701789189
187310,0.0,0.5483605686669332
141603,0.0,0.44324979037526274
182112,0.0,0.48828376100291804
123856,0.0,0.46232615531172394
178610,0.0,0.4548251195211357
166491,0.0,0.5631061480613518
171388,0.0,0.632247718275924
44992,0.0,0.4008162848592449
185647,0.0,0.39128261479535636
197090,0.0,0.3843926256632199
165492,0.0,0.5703555605659089
147750,0.0,0.570026678843566
113436,0.0,0.4613495703370831
161447,0.0,0.4079184521904702
164703,0.0,0.4212007915143205
138523,0.0,0.38858387750554724
127205,0.0,0.4049784426506438
193500,0.0,0.6055884425103634
127344,0.0,0.3837016739599606
182979,0.0,0.539987623961911
141372,0.0,0.43711325805611073
81081,0.0,0.4667226813495813
207000,0.0,0.4653826845103429
167080,0.0,0.3923484418721994
184280,0.0,0.5637258255724454
154284,0.0,0.4256439078406539
205227,0.0,0.43189467200465526
182694,0.0,0.4764466676881685
169056,0.0,0.4220667871366985
132400,0.0,0.4495268059315985
121620,0.0,0.4747532958183579
160688,0.0,0.5275576159718283
186730,0.0,0.48875715101258765
137775,0.0,0.4853474666648941
118596,0.0,0.5539114742192585
194121,0.0,0.45813480054482575
166177,0.0,0.531026374691276
183663,0.0,0.5765892108527995
153960,0.0,0.6569710359892468
175808,0.0,0.4007946960926353
187070,0.0,0.5474722294971737
151004,0.0,0.5573732369077485
168201,0.0,0.4001966529849713
174960,0.0,0.5652025519537307
131172,0.0,0.5021840125039232
173000,0.0,0.5679488654804399
175040,0.0,0.4267036010508541
178770,0.0,0.45634758330233
163383,0.0,0.4616182211861128
159936,0.0,0.5254778879645984
145057,0.0,0.5621648159320068
192500,0.0,0.5922966824151559
140796,0.0,0.4823083986292368
73592,0.0,0.033786672138606366
131417,0.0,0.4915097617735923
136128,0.0,0.5779708593154188
176328,0.0,0.5024192905541705
141097,0.0,0.5061304271871194
28424,0.0,0.4260104964244273
155740,0.0,0.4248598535734543
-80712,0.0,0.4914672936479211
158680,0.0,0.6001044530944428
179730,0.0,0.44454790110427395
137480,0.0,0.6108672504783977
159375,0.0,0.4586734693373085
153456,0.0,0.6235662237087148
138132,0.0,0.5207568364084323
188770,0.0,0.4105712664256621
147829,0.0,0.4732997287205343
167880,0.0,0.3852874821862968
155490,0.0,0.4854565060163274
169296,0.0,0.584786882505166
153580,0.0,0.6417555220684767
175365,0.0,0.43902075441132693
130312,0.0,0.5243341072145371
176704,0.0,0.40901592275374604
190629,0.0,0.44477414454789616
163143,0.0,0.539695602050203
174691,0.0,0.4144981992279314
105516,0.0,0.43773702657442315
184905,0.0,0.5505292847683393
174213,0.0,0.4000446788583812
160307,0.0,0.3509601511539579
172200,0.0,0.631391366864068
139184,0.0,0.7921804372574215
169308,0.0,0.5503631610851744
131120,0.0,0.4829023499266613
68838,0.0,0.4883878537092126
27675,0.0,0.468719057166036
-72267,0.0,0.45367427267692834
168876,0.0,0.5949366784205069
189413,0.0,0.49828325009132973
78968,0.0,0.6389086652345455
191730,0.0,0.4249649941497635
158535,0.0,0.34681959485912056
173964,0.0,0.5742317679523847
111708,0.0,0.48861559096107443
176976,0.0,0.6719564440638239
197793,0.0,0.4804910711519142
186327,0.0,0.5917691390280749
135663,0.0,0.48913240104701866
144348,0.0,0.4938215603234722
139920,0.0,0.26695704860450276
119616,0.0,0.11362853159719948
167848,0.0,0.3714165481363661
162850,0.0,0.3750429040925839
153100,0.0,0.6493181112270416
173976,0.0,0.6548651189634108
189532,0.0,0.6324278632431753
129943,0.0,0.3451168248180167
118776,0.0,0.4353583919008661
209416,0.0,0.48335370480370793
184512,0.0,0.47339416554278396
190365,0.0,0.44657411769389016
201411,0.0,0.4809445627008375
-70380,0.0,0.44830416540063445
84696,0.0,0.19837384811568304
-194484,0.0,0.4369306584022884
8475,0.0,0.4343491919594686
112692,0.0,0.5392562835757964
187341,0.0,0.47800225543692604
199510,0.0,0.448482731601806
88746,0.0,0.5612809370002518
134343,0.0,0.46276787689820414
184096,0.0,0.5937786475331938
166968,0.0,0.5932664641536755
179950,0.0,0.5495794114309804
103920,0.0,0.6634584663685101
147771,0.0,0.4526754486742831
201597,0.0,0.4529627429805709
143900,0.0,0.3598676973790779
173480,0.0,0.5040143569889362
64545,0.0,0.4183779227572386
122880,0.0,0.3627072785808664
-11776,0.0,0.4627535984044496
191988,0.0,0.40549247420679724
67130,0.0,0.4896555815563465
191219,0.0,0.4388066260447209
154050,0.0,0.5172314932690054
161997,0.0,0.518970120458634
-5824,0.0,0.4764991540381106
162380,0.0,0.4824738075092505
114452,0.0,0.5190951547871459
192770,0.0,0.5530183301597668
181468,0.0,0.5878114218424317
10140,0.0,0.428261251052813
167424,0.0,0.6426740838771642
158840,0.0,0.3651159871983467
176720,0.0,0.5892244630399834
132064,0.0,0.6950427348701483
152610,0.0,0.4542185758351426
158220,0.0,0.518061200222517
192492,0.0,0.5991642771080952
171432,0.0,0.4559960557057281
164688,0.0,0.3703697949365163
159600,0.0,0.40753764621082744
122880,0.0,0.5734844504385354
37785,0.0,0.4917434094429552
166859,0.0,0.4151953903894011
126944,0.0,0.5679020796619078
184921,0.0,0.5397131688556173
145060,0.0,0.5813282584184883
196315,0.0,0.4578448563496191
131072,0.0,0.4381675655014982
157236,0.0,0.5267637580919612
188177,0.0,0.5519609865334334
149149,0.0,0.6003045173169022
186744,0.0,0.4820185195546338
159930,0.0,0.41730432618556673
114939,0.0,0.44527919918799436
170208,0.0,0.5887769691245978
169870,0.0,0.5810105012067457
113659,0.0,0.5841288833978199
172665,0.0,0.3975478470526859
173673,0.0,0.4048053080231221
179916,0.0,0.5962503656602879
147588,0.0,0.5092231272811367
193501,0.0,0.5772004631927261
131920,0.0,0.39882441084276543
121671,0.0,0.4322795891768078
169704,0.0,0.3909901255760315
149540,0.0,0.3440019849002117
163233,0.0,0.48628166632548847
135648,0.0,0.36661325298251307
141330,0.0,0.45546290525057587
191529,0.0,0.41569760169352693
150840,0.0,0.46192347731291405
147952,0.0,0.4165808089195895
128128,0.0,0.6047291488636918
70620,0.0,0.4065131459524584
142720,0.0,0.5440756154043145
57088,0.0,0.43387050088504175
94066,0.0,0.508654111585071
177751,0.0,0.42411254983735347
175200,0.0,0.5355581296511973
152832,0.0,0.4928660004740233
99600,0.0,0.45175556053717586
-4828,0.0,0.5036985587642319
166221,0.0,0.5063007011363165
-136344,0.0,0.47012725519146653
78576,0.0,0.6655122646461623
-20247,0.0,0.49101682244123906
133212,0.0,0.44224706739280667
170922,0.0,0.4953507606348057
158136,0.0,0.6892889929041545
99666,0.0,0.5898067198357343
157895,0.0,0.4278712994178401
179200,0.0,0.6450464352204449
153076,0.0,0.6025136856441837
178568,0.0,0.38942938321563836
136650,0.0,0.4375539905803379
154473,0.0,0.6240962152893161
150650,0.0,0.4572277451676608
104700,0.0,0.3476223946776775
144595,0.0,0.4621024702251587
127312,0.0,0.2936109626560803
183240,0.0,0.3978309507795517
100968,0.0,0.5302507788828148
173536,0.0,0.5763767681037442
185328,0.0,0.5738609966445375
174672,0.0,0.3914154115156223
160512,0.0,0.4301715086780362
170324,0.0,0.5650253282047822
108920,0.0,0.4241905516637606
158466,0.0,0.33798765768456585
172760,0.0,0.41092143381575735
173290,0.0,0.5489006221926448
162613,0.0,0.41299829790838816
201112,0.0,0.4849791927597263
206244,0.0,0.47933432834612727
77985,0.0,0.5845950939839821
176000,0.0,0.6350003945433061
172098,0.0,0.4866417329106652
167796,0.0,0.3723181579398899
167057,0.0,0.5431921632706346
128736,0.0,0.28536788073705494
158610,0.0,0.4909804537687533
188456,0.0,0.40724760879332816
176267,0.0,0.3832744204984601
184365,0.0,0.3779107920484829
155616,0.0,0.5211842742237692
160130,0.0,0.350720628115149
164780,0.0,0.5472132185043194
171320,0.0,0.402363271417717
178164,0.0,0.5375637710754961
82560,0.0,0.4280646123732439
150600,0.0,0.40431305032597176
168945,0.0,0.36693895174994295
173871,0.0,0.42214447420352147
176445,0.0,0.5515859967562362
150084,0.0,0.41945706981822445
132768,0.0,0.4701877494238727
73575,0.0,0.5108183758187285
163242,0.0,0.40375000295010544
126373,0.0,0.4991554008256575
179128,0.0,0.45459802042857467
171369,0.0,0.44309963466445146
159057,0.0,0.4686478246738368
173268,0.0,0.4765747287310688
162008,0.0,0.6331959901795402
182496,0.0,0.6902686453963983
126528,0.0,0.3047555369222733
167552,0.0,0.4879674936914466
144859,0.0,0.4562530688408828
104628,0.0,0.37443233499659606
170721,0.0,0.4669024507413938
145380,0.0,0.39422164802268056
170634,0.0,0.5808872245712138
133367,0.0,0.5455024550498488
137696,0.0,0.7342154185260173
153684,0.0,0.5154442838159112
162333,0.0,0.4675522759013909
150040,0.0,0.39012269997198384
145220,0.0,0.49337144350697276
171009,0.0,0.405181518024867
-18360,0.0,0.48513248057986297
129519,0.0,0.5351391025159536
94458,0.0,0.5748565104716961
118415,0.0,0.41897385294329353
111840,0.0,0.5127397891048743
145880,0.0,0.3944340482591385
190435,0.0,0.429597193109209
181692,0.0,0.43145470458261465
86184,0.0,0.5033448999320462
110148,0.0,0.8766818747332353
69824,0.0,0.4532350551068312
138740,0.0,0.47181500424521017
120948,0.0,0.2521934006505842
61138,0.0,0.5410505563131689
154193,0.0,0.4672183540151357
197424,0.0,0.5040413546894886
196785,0.0,0.4737296742665461
138256,0.0,0.37996746901172657
161796,0.0,0.5374925643133338
129360,0.0,0.6198210385709862
189828,0.0,0.5840044764784925
173117,0.0,0.543451649495579
181602,0.0,0.4959665755306975
162576,0.0,0.3467263835834332
75240,0.0,0.5291085797024825
158130,0.0,0.5183108664347712
172312,0.0,0.5410759063717331
126995,0.0,0.45815613568665203
141440,0.0,0.4671218841309467
129360,0.0,0.5210493710029629
145072,0.0,0.3655420424806634
114660,0.0,0.5650720331687497
181233,0.0,0.45037217479685476
160608,0.0,0.5040414249100194
169570,0.0,0.5272638819348566
172215,0.0,0.48062828218615067
186816,0.0,0.6768585715161624
188041,0.0,0.46014948581379406
109395,0.0,0.5953068380436142
204001,0.0,0.42827992479367566
155400,0.0,0.6119866616100178
44100,0.0,0.47493909400176915
163845,0.0,0.3647115424079562
149200,0.0,0.5647424272109468
145008,0.0,0.5999371278058567
127952,0.0,0.2996430800519233
194073,0.0,0.6092840680718477
149110,0.0,0.49684874412883473
189211,0.0,0.43895309325750764
180355,0.0,0.4590017031751438
88858,0.0,0.4930510473316285
185080,0.0,0.5195108109884227
79408,0.0,0.46451379312912844
209461,0.0,0.5546378688694842
147600,0.0,0.55257381290856
180015,0.0,0.4720144447756982
157470,0.0,0.48336369483585745
134988,0.0,0.4585931003801509
158160,0.0,0.3508291124550476
180549,0.0,0.5195843415776537
181410,0.0,0.5152257796142048
143440,0.0,0.4901372309153619
162384,0.0,0.5281746457232855
127040,0.0,0.5565856689710188
150680,0.0,0.5936060215456244
191429,0.0,0.549465658183914
66710,0.0,0.44785919880650127
166660,0.0,0.6608917755045167
-19520,0.0,0.42816473983737235
139376,0.0,0.6695720869848295
-46444,0.0,0.4427952166351425
198153,0.0,0.40009359679852285
184095,0.0,0.4665408521545167
139884,0.0,0.49335526308584904
167712,0.0,0.4944695318433544
62400,0.0,0.4779354954678455
-11152,0.0,0.49081522856588145
46380,0.0,0.5123751097447304
174120,0.0,0.37069444454710976
167940,0.0,0.49249740263883673
139425,0.0,0.4567260826239086
188541,0.0,0.4887009580915668
133956,0.0,0.4767543793005268
160460,0.0,0.4186870225003536
134940,0.0,0.44351817437848917
157245,0.0,0.5003206376499222
159500,0.0,0.758343832298746
153396,0.0,0.5147038904141008
111538,0.0,0.5248350341469121
149028,0.0,0.629640502404877
205011,0.0,0.6318308564543342
175232,0.0,0.5334278863750667
201348,0.0,0.7337363604909027
159190,0.0,0.48637256553519187
181656,0.0,0.7428799397952227
158477,0.0,0.5056530136539353
140368,0.0,0.8303435138673756
124683,0.0,0.5184849908728588
136487,0.0,0.6222995237415895
136736,0.0,0.4308294920406746
208590,0.0,0.6134724911742545
166768,0.0,0.5318650397155149
214752,0.0,0.6970355002393916
160551,0.0,0.481900631346495
198492,0.0,0.7050397903715262
201700,0.0,0.5820686444401354
44100,0.0,0.0
187590,0.0,0.5532023499288259
77556,0.0,0.44049274893588203
224350,0.0,0.637089840031146
205310,0.0,0.5602188334666025
164703,0.0,0.6143808388652684
153068,0.0,0.3927687524865632
94512,0.0,0.390321141014559
148335,0.0,0.6485116240913311
169351,0.0,0.5138951531737967
139774,0.0,0.4603537600917616
216541,0.0,0.5735421277662456
136310,0.0,0.4530230104248344
119110,0.0,0.4077787525628762
198132,0.0,0.5050826279998566
131640,0.0,0.4887088446475542
123827,0.0,0.6143182200136298
194270,0.0,0.3514583233812307
153324,0.0,0.6896345358551658
157480,0.0,0.6224052160835479
123620,0.0,0.6393143362934758
183519,0.0,0.7271509427588307
211992,0.0,0.5399883438153977
226382,0.0,0.4539643047461593
147520,0.0,0.5904253715082509
81432,0.0,0.6784282264066392
83589,0.0,0.5543663507273687
179199,0.0,0.6487954483737883
145530,0.0,0.5073035624266609
70664,0.0,0.5167871323604357
66484,0.0,0.477435526348075
203877,0.0,0.41949563095513626
207520,0.0,0.7186491723214603
93610,0.0,0.36263813901623476
132792,0.0,0.2853667057010693
185056,0.0,0.3722857418086192
227715,0.0,0.5954367549733035
182568,0.0,0.3786154049425032
154427,0.0,0.49428076134696747
185784,0.0,0.4111658922197112
199404,0.0,0.4111385193539481
118144,0.0,0.42173357631337494
150634,0.0,0.5056943675619363
129348,0.0,0.5118537735713785
127620,0.0,0.4807168833280627
180744,0.0,0.30162957531583584
178620,0.0,0.5403191845621856
211145,0.0,0.39161391332406975
179560,0.0,0.6265288642626189
139256,0.0,0.4262470171847126
132147,0.0,0.4634487995092412
190460,0.0,0.42394569768230433
164604,0.0,0.583427908154536
211541,0.0,0.3318483708679536
93613,0.0,0.566735506428628
122298,0.0,0.4666443741175839
37162,0.0,0.5217025975397461
191324,0.0,0.6804560932138084
-32454,0.0,0.5604660332485377
72780,0.0,0.5741987358943339
66480,0.0,0.41990603055290593
145044,0.0,0.4358714623934555
182226,0.0,0.5662856835697787
152982,0.0,0.47236684125325645
19530,0.0,0.514013441448838
190362,0.0,0.4048479188359281
177516,0.0,0.6244962758133433
65808,0.0,0.5671584823991858
81356,0.0,0.3880743371065457
58170,0.0,0.5538085837759481
153248,0.0,0.5591469210598442
236430,0.0,0.6205607999190149
223181,0.0,0.41166466164997884
151305,0.0,0.6906443469564496
206988,0.0,0.5178762310270271
128520,0.0,0.5917685588545081
174510,0.0,0.5129345288351633
117812,0.0,0.1642027126201972
125671,0.0,0.502719219080883
209085,0.0,0.5753675568618005
136269,0.0,0.4739942229639216
243727,0.0,0.6001290249507767
82115,0.0,0.422507675997424
198180,0.0,0.3409069839403549
126135,0.0,0.4183607330253542
194616,0.0,0.37165222922189783
159340,0.0,0.4376989195318402
192647,0.0,0.5731842513936943
177558,0.0,0.4541587585132077
124326,0.0,0.5418225089091139
-117390,0.0,0.38234053797009
139296,0.0,1.0046837624059375
162240,0.0,0.7023421406789336
89600,0.0,0.5435541965762694
130351,0.0,0.5916891484703288
133536,0.0,0.6516621946017989
115167,0.0,0.5887965623406478
-22491,0.0,0.6294860700827959
189936,0.0,0.5290031157053955
111020,0.0,0.41959839572828567
7410,0.0,0.4179244469431678
-118800,0.0,0.46505844093163135
164681,0.0,0.4434849398935215
150625,0.0,0.29807185853546686
123570,0.0,0.5126310258120775
159600,0.0,0.5358502437524156
181856,0.0,0.5950665395358711
157950,0.0,0.4549841629677506
56276,0.0,0.45803445064825105
187583,0.0,0.5072016424443196
167344,0.0,0.4789866227528267
210294,0.0,0.6001232328213472
164276,0.0,0.4888416097569414
115218,0.0,0.5290341208295548
153828,0.0,0.5597181211905673
190989,0.0,0.5148483672071568
211068,0.0,0.5597204202216797
136040,0.0,0.448636166199745
113230,0.0,0.4370554612717194
210408,0.0,0.5603239850885713
217656,0.0,0.41785534268332747
222248,0.0,0.5053341598165123
180180,0.0,0.4914034898495635
144959,0.0,0.5343994115758758
88200,0.0,0.45593419148079467
127072,0.0,0.4475899533084717
101981,0.0,0.44256034173950576
240578,0.0,0.4854363978569204
114120,0.0,0.5068464313244958
107300,0.0,0.48117636676753095
183736,0.0,0.46312653228801065
139401,0.0,0.5931876211656119
145008,0.0,0.5818073201422695
192348,0.0,0.4662834459708583
178024,0.0,0.531225470100417
215864,0.0,0.41866301903695924
200880,0.0,0.42604153988196014
130806,0.0,0.7252664815189953
137456,0.0,0.623865389582109
115524,0.0,0.5492181142899821
212136,0.0,0.4942254614781174
134976,0.0,0.525172357290316
178536,0.0,0.6147875950079413
146104,0.0,0.3445285318629956
181496,0.0,0.4560834532450153
126302,0.0,0.5194195458059951
184100,0.0,0.5636183860715734
146448,0.0,0.5911918934239186
134030,0.0,0.5105735450808089
181800,0.0,0.36677549672503956
155824,0.0,0.5754407955258005
94182,0.0,0.4526371991626666
114561,0.0,0.5112680361714037
143220,0.0,0.541130166902151
222376,0.0,0.44054364757160014
191724,0.0,0.5530587248068737
158840,0.0,0.5312054447599037
203520,0.0,0.5097563108034335
186900,0.0,0.5729244594619031
148248,0.0,0.6036412415379633
84474,0.0,0.4226665383288175
210104,0.0,0.6426910644305902
125064,0.0,0.514769783665398
75023,0.0,0.4642142392061815
132146,0.0,0.3054176819649791
208020,0.0,0.5376142197382339
198544,0.0,0.568964215531999
160686,0.0,0.6526053240528497
205072,0.0,0.5831398549629991
116237,0.0,0.5756674505604592
129088,0.0,0.5275564763684538
196488,0.0,0.40033324450643876
213138,0.0,0.5457214867591733
159852,0.0,0.5275791814789202
161993,0.0,0.5676460587135688
100224,0.0,0.5022976451607802
156260,0.0,0.3663658536199292
136149,0.0,0.5551129227393392
81477,0.0,0.46948909386760007
127050,0.0,0.5788658342572583
246270,0.0,0.39892577339493146
109773,0.0,0.5102238379819181
93280,0.0,0.4486182238511972
137736,0.0,0.5484586206765161
233702,0.0,0.6037548125943034
110088,0.0,0.46431109582230756
142100,0.0,0.4582773712240545
163464,0.0,0.5270214905659462
199820,0.0,0.37724070231389684
164112,0.0,0.31818304557479277
183534,0.0,0.5250979812179549
159584,0.0,0.4621530009588276
219086,0.0,0.5876763566687735
152540,0.0,0.49584120259551945
147488,0.0,0.6981251085174904
178080,0.0,0.5471396344804917
210260,0.0,0.4046706425525213
233545,0.0,0.5851936812422462
130186,0.0,0.47308337843308657
133104,0.0,0.694757559295327
129030,0.0,0.5887105708843887
156060,0.0,0.5508668672525119
169995,0.0,0.6398390461794532
205810,0.0,0.4264153022334176
257196,0.0,0.5502203502220095
68484,0.0,0.5101733171144052
113640,0.0,0.5091962309053185
86268,0.0,0.5022316468258515
226092,0.0,0.5991312854164976
144744,0.0,0.5283159501542481
139150,0.0,0.6065129279489962
214008,0.0,0.4196291731910951
143192,0.0,0.5605280132446535
254007,0.0,0.5079114846263434
177736,0.0,0.5755185345940337
85944,0.0,0.5121404820865944
114216,0.0,0.688178517234041
113290,0.0,0.5775589684679444
132450,0.0,0.5804558317833
158977,0.0,0.6293588850059932
140790,0.0,0.4168559318357098
168795,0.0,0.5411511680072462
222168,0.0,0.5822445062958912
127962,0.0,0.47378079191294176
205758,0.0,0.5451798726403951
135894,0.0,0.6360939387521374
142747,0.0,0.6229815159724846
121296,0.0,0.5460950949935547
217932,0.0,0.4380968457919629
165970,0.0,0.3861576680112798
156330,0.0,0.5083704756210653
175968,0.0,0.5422595186647363
175260,0.0,0.46771925381050883
100750,0.0,0.4361235703523757
160232,0.0,0.5504975787544831
156065,0.0,0.4998626952114354
107445,0.0,0.5156225575117294
81576,0.0,0.415353122821552
170159,0.0,0.384838675707682
177248,0.0,0.41259504794748864
90076,0.0,0.5824536094350903
38930,0.0,0.5664059603687871
77265,0.0,0.6519984063759495
83270,0.0,0.49499203464138203
68688,0.0,0.6517509085573308
75540,0.0,0.6045116088755268
91468,0.0,0.45834889059033196
98550,0.0,0.44797574805647755
182882,0.0,0.5072376837523461
139140,0.0,0.5387853027376788
132797,0.0,0.41983369052347685
129060,0.0,0.4904098569080509
143094,0.0,0.3442156389633139
164268,0.0,0.5017865553709776
143586,0.0,0.5093057928001871
114910,0.0,0.4395618283881374
150714,0.0,0.5553150729450153
195440,0.0,0.3797421559440426
128970,0.0,0.4470702018525869
185380,0.0,0.53044847178014
212448,0.0,0.5383638760323382
197936,0.0,0.5677770701155258
149050,0.0,0.7043089320422141
180068,0.0,0.5520470955309942
143856,0.0,0.5746707548573983
160458,0.0,0.6493654276944585
211680,0.0,0.4121768573016165
143160,0.0,0.39338527322757144
193661,0.0,0.5612516962327952
172048,0.0,0.49249697751667804
220092,0.0,0.5720895292868983
208128,0.0,0.5930363035947044
130141,0.0,0.5387832092711051
156057,0.0,0.736502928750272
188986,0.0,0.5805291841206458
137520,0.0,0.5317125246674932
218050,0.0,0.45644279524242876
169494,0.0,0.5024278852608314
158032,0.0,0.5036461818996237
142304,0.0,0.4491837340484018
197784,0.0,0.5096687941826532
162960,0.0,0.5268143355158579
118930,0.0,0.44800084632235004
199460,0.0,0.3771524134319276
163680,0.0,0.31805919107740577
80358,0.0,0.23144876596398506
154098,0.0,0.4913588364640956
152495,0.0,0.4956759448023244
187863,0.0,0.49552511184456877
155006,0.0,0.5348120614871541
95292,0.0,0.4685186085978001
123564,0.0,0.6559529691745434
121080,0.0,0.5429405236635295
144135,0.0,0.514431619260595
127310,0.0,0.5302889705555255
150917,0.0,0.31660918531502474
54090,0.0,0.5562519529510794
-9684,0.0,0.5423953917494396
175116,0.0,0.3923294463886369
98700,0.0,0.5730211490790003
30906,0.0,0.6235878652957525
7020,0.0,0.47449832873929093
51777,0.0,0.5141996051480431
29532,0.0,0.45752123252266247
126168,0.0,0.4923837395977389
58912,0.0,0.4364535508814443
164512,0.0,0.5181943362170254
129344,0.0,0.4599271584293094
165424,0.0,0.5598758312880389
126698,0.0,0.6492686571374563
110830,0.0,0.434498258675413
191360,0.0,0.38850988500184125
165088,0.0,0.5184738097685581
128192,0.0,0.46162009514980634
187200,0.0,0.5160014082673012
164272,0.0,0.5613841168641213
99990,0.0,0.4522545258778255
150612,0.0,0.5309837579041311
110110,0.0,0.43396211103477295
190640,0.0,0.3906290172999692
153096,0.0,0.32955589076594227
187472,0.0,0.7165440329798703
105168,0.0,0.5903097635342973
57256,0.0,0.567517935170739
142428,0.0,0.6110496678623719
95591,0.0,0.6541880971888099
53352,0.0,0.5066278314192993
95128,0.0,0.5131484504943791
91710,0.0,0.6111324433613591
70037,0.0,0.4906442111799732
158620,0.0,0.5306684713151012
105482,0.0,0.46472128840538385
144702,0.0,0.6428835812710049
193284,0.0,0.5596103827756843
171584,0.0,0.49105544598079115
207664,0.0,0.59163917756
160040,0.0,0.5389807229044963
149328,0.0,0.6114906316347138
137230,0.0,0.5298656077798735
217760,0.0,0.4540667234254744
81796,0.0,0.42129911585078555
153760,0.0,0.7015139406118125
164164,0.0,0.5111460429961722
128894,0.0,0.45299301955724863
197210,0.0,0.5162347911474032
167229,0.0,0.5488486311873418
103920,0.0,0.4943622530006398
141482,0.0,0.48888165943436435
128270,0.0,0.5732050747962117
154920,0.0,0.5325059103533061
116391,0.0,0.4855771774596143
204974,0.0,0.39546348422909633
160264,0.0,0.34107164299611004
120822,0.0,0.6104215785870746
194868,0.0,0.6779532312414654
82400,0.0,0.5914303983706347
152856,0.0,0.6352350890638673
68508,0.0,0.504145409783551
104300,0.0,0.5131443075526377
110544,0.0,0.6326803383420032
99162,0.0,0.5373729515399197
81490,0.0,0.48302645169829544
130662,0.0,0.582599582644755
78588,0.0,0.596319283398119
141708,0.0,0.5149047478591552
176358,0.0,0.5243876378209503
84672,0.0,0.4742748232399299
166592,0.0,0.7480820854617162
123838,0.0,0.47026662557169835
112230,0.0,0.5409258834465209
130860,0.0,0.5372915059434246
118460,0.0,0.5301561791633801
155056,0.0,0.6848564925452258
161896,0.0,0.5392311477826627
126140,0.0,0.4842950548633232
195104,0.0,0.5488362405769893
164475,0.0,0.5781890847644342
152490,0.0,0.5591652123572155
132880,0.0,0.5785159942215712
114609,0.0,0.5051119653625137
158158,0.0,0.3816112402522847
75960,0.0,0.6599663291074443
143694,0.0,0.5854465208550933
123312,0.0,0.542340617661687
79288,0.0,0.5097571816209145
159276,0.0,0.5571548911895371
117623,0.0,0.5999162412100169
68904,0.0,0.47993594613031376
109384,0.0,0.4802335745986446
97176,0.0,0.6543167628297794
111150,0.0,0.564327382467286
105320,0.0,0.5274984920576309
149037,0.0,0.5694433089676386
172876,0.0,0.4611095263682366
122330,0.0,0.39932204185270986
121410,0.0,0.3442833274542142
127125,0.0,0.6125084826089024
77958,0.0,0.5699443601184421
166866,0.0,0.6313262692414643
118548,0.0,0.654671035508392
70317,0.0,0.5682787716665815
115332,0.0,0.5760290413705046
100945,0.0,0.7290890191062452
152676,0.0,0.47886593801365496
113232,0.0,0.6284471635343228
112189,0.0,0.627571951601949
87960,0.0,0.5628560070637669
140416,0.0,0.5438904224921696
167664,0.0,0.7040186320515194
184596,0.0,0.5584433541359003
127078,0.0,0.4901772534043379
153135,0.0,0.7712548249804728
31950,0.0,0.5170187795343681
-36252,0.0,0.5110708043117491
4338,0.0,0.5922909687915595
-12168,0.0,0.42614036932025334
18460,0.0,0.5833861243968942
11712,0.0,0.5417236983027762
42394,0.0,0.45229469204485045
116904,0.0,0.4578996429488165
108456,0.0,0.4412082942051598
189000,0.0,0.5413719458622331
43680,0.0,0.0
188604,0.0,0.5411249012818922
165824,0.0,0.47515010559706033
215424,0.0,0.5499596728525555
201904,0.0,0.5762562109588946
156440,0.0,0.5166402934055012
151778,0.0,0.7159760940787316
140481,0.0,0.6000616213980356
146088,0.0,0.5887976320435231
133630,0.0,0.5083042531710706
214160,0.0,0.4273928574580631
181320,0.0,0.36437685592840324
120597,0.0,0.6007441154569166
192310,0.0,0.5215727079781765
165405,0.0,0.5496525154262913
123894,0.0,0.4848443748451599
202594,0.0,0.5556445024500757
164484,0.0,0.5745415724865772
103493,0.0,0.5507343432181491
145956,0.0,0.5488607774796271
134121,0.0,0.7259162400325274
133408,0.0,0.6371836883831433
140261,0.0,0.6246484098621817
118584,0.0,0.5488694129586169
188080,0.0,0.6953044541710588
215220,0.0,0.4535567981537376
151320,0.0,0.5082947626942788
106992,0.0,0.44857119843600013
189448,0.0,0.5108079741264338
147582,0.0,0.5396501336855996
134688,0.0,0.500275811410547
121914,0.0,0.6838894091552852
129932,0.0,0.5756129006446272
180568,0.0,0.6247314852740078
149660,0.0,0.34748034687396856
96210,0.0,0.5432868181776745
238440,0.0,0.496816048545332
40860,0.0,0.5125022648034795
138012,0.0,0.5569587572302708
81450,0.0,0.5973674677461456
90600,0.0,0.4903072223160118
74152,0.0,0.6527625998668577
82665,0.0,0.5467490361761496
63228,0.0,0.4781579573285844
159864,0.0,0.46941285634469454
202320,0.0,0.5793169160335213
174174,0.0,0.5064979628086059
148064,0.0,0.4498266271062375
202104,0.0,0.513315459707879
184144,0.0,0.5515666210636005
113652,0.0,0.47263124967677267
139568,0.0,0.672287107463299
136098,0.0,0.5353279357490459
122530,0.0,0.4585137907097289
155286,0.0,0.5887475629341109
203060,0.0,0.3805432312073876
168000,0.0,0.3215749154715337
234245,0.0,0.5745444863629281
125482,0.0,0.5068365056474131
81923,0.0,0.4720042091395425
161291,0.0,0.5173732492105534
120258,0.0,0.5643343759433535
70764,0.0,0.4523795702377545
111089,0.0,0.4477535318885457
85998,0.0,0.436001301763921
124345,0.0,0.3506391167543282
42600,0.0,0.0
139664,0.0,0.5490725036487379
148544,0.0,0.4500423433809075
202464,0.0,0.5137955565997969
184624,0.0,0.5517937277925685
113982,0.0,0.47351063654908987
145640,0.0,0.4680221315383436
139898,0.0,0.673181554195117
130761,0.0,0.5481592277092178
168420,0.0,0.5307468873709889
155466,0.0,0.5904453653088724
203360,0.0,0.38108217737017996
134220,0.0,0.3557160498996232
98040,0.0,0.6290354317252351
43056,0.0,0.5991624300763898
139720,0.0,0.6510170898675062
83646,0.0,0.6814518507839726
45110,0.0,0.5630124652456725
92064,0.0,0.57319277777324
75738,0.0,0.7163137650435972
82208,0.0,0.6458097192598137
64692,0.0,0.5543674208651551
152152,0.0,0.6804829540898817
161328,0.0,0.5845128364449398
141555,0.0,0.616018541366836
99932,0.0,0.5160720390823239
137740,0.0,0.7013614559747596
87480,0.0,0.4633926446166226
30384,0.0,0.43413892413749344
129864,0.0,0.4691838861944231
70974,0.0,0.5231632268646185
35958,0.0,0.4167716843064084
83616,0.0,0.4065816933937576
66586,0.0,0.5902947358613378
151180,0.0,0.6940840369266708
76263,0.0,0.473824068015542
70944,0.0,0.48848587931829346
56244,0.0,0.39995270797182275
146520,0.0,0.47087037504460655
152880,0.0,0.3539666855894865
135432,0.0,0.5541024955411349
90076,0.0,0.3053110197857454
130884,0.0,0.5727357937098343
94784,0.0,0.5478161766188604
163184,0.0,0.561774904459282
162144,0.0,0.5935143968043316
130864,0.0,0.640926952503748
77022,0.0,0.4797370748937605
112040,0.0,0.4841741162801194
102938,0.0,0.6597643586031696
121380,0.0,0.5959875943931692
89230,0.0,0.45868027312070775
135306,0.0,0.5580834754942777
128040,0.0,0.4311450289828267
105591,0.0,0.22141902094168833
90375,0.0,0.47044728696859567
146916,0.0,0.5611534191315305
33858,0.0,0.440088821092009
132566,0.0,0.47674420891834435
74448,0.0,0.5288175440856162
38467,0.0,0.4249835729876461
69095,0.0,0.597648195513224
78386,0.0,0.48281894271283665
74032,0.0,0.4949852070321375
148064,0.0,0.4837999749731049
155196,0.0,0.3640578338074236
92778,0.0,0.31469454852472567
135128,0.0,0.45616154653444413
177060,0.0,0.5107243430646998
151616,0.0,0.4520283283330521
204768,0.0,0.51752597674486
187696,0.0,0.5538103864096776
116094,0.0,0.4795761066380051
147560,0.0,0.47459437550944333
142010,0.0,0.6792782736609642
132489,0.0,0.555736588199712
171108,0.0,0.5340785219761841
156618,0.0,0.6020100889241758
205280,0.0,0.3854866269642266
170664,0.0,0.32630160405666425
31770,0.0,0.5586947255276596
170358,0.0,0.4106741812917238
-36468,0.0,0.5526899500951685
77868,0.0,0.5759993404675632
4122,0.0,0.6321717672528547
-12324,0.0,0.46446142108139893
39048,0.0,0.46758756275397095
18304,0.0,0.614985531519045
35409,0.0,0.49577320423087273
11520,0.0,0.5814830275135633
42262,0.0,0.49098072256222364
116808,0.0,0.5101010863497366
108312,0.0,0.4965507836926851
38080,0.0,0.4431176636720746
147032,0.0,0.4999879194572093
41304,0.0,0.0
157716,0.0,0.5063739953196008
127808,0.0,0.4622088383556475
186912,0.0,0.5164476460873371
163888,0.0,0.5619098307522339
99726,0.0,0.4521606048293632
132680,0.0,0.4469788152389096
125642,0.0,0.6483662069880408
119097,0.0,0.5155652103694685
150276,0.0,0.5313299744106426
124704,0.0,0.5050793769522459
147690,0.0,0.5430105338243968
190400,0.0,0.39137066649353464
152808,0.0,0.33022238635146733
124664,0.0,0.36547043195577544
194064,0.0,0.5630310586014942
172544,0.0,0.49406399400602286
220464,0.0,0.5740579143181944
208624,0.0,0.5945557065982503
130482,0.0,0.5406147470351743
160640,0.0,0.5429897606481385
156398,0.0,0.7382557330126104
144261,0.0,0.6262564899830921
189420,0.0,0.5821829915695426
149868,0.0,0.6155213231502235
164466,0.0,0.7133184022075163
218360,0.0,0.4590191741283519
186360,0.0,0.39222937580829403
134484,0.0,0.5010838496165014
103599,0.0,0.7812975039880127
92854,0.0,0.4608873817678115
169650,0.0,0.5097996683299837
131189,0.0,0.5544885327618846
78480,0.0,0.4561850813050606
118162,0.0,0.4504441366204947
106752,0.0,0.6386932539937783
107070,0.0,0.5197574569380122
123120,0.0,0.5246597351528953
113300,0.0,0.5088427309057196
93071,0.0,0.44125964158043096
181654,0.0,0.39546828931702577
204624,0.0,0.40286903696053333
132704,0.0,0.33921617066477683
80415,0.0,0.6046189606751591
21906,0.0,0.5813171757175225
123270,0.0,0.624890562352551
62496,0.0,0.6629015333964143
29835,0.0,0.5319192725640505
77964,0.0,0.5396375573360156
60463,0.0,0.6844520112239936
71082,0.0,0.5802353981702729
63408,0.0,0.6231983934204811
77935,0.0,0.5747424426835158
50592,0.0,0.5202625533909894
147228,0.0,0.5541035875759589
83482,0.0,0.49034007332353485
199360,0.0,0.42193903379066006
42816,0.0,0.0
177372,0.0,0.511261134929037
152000,0.0,0.45235081005717936
205056,0.0,0.5180729506894437
188080,0.0,0.554131653083738
116358,0.0,0.48038742144298235
147800,0.0,0.47547955254303775
142274,0.0,0.6800858282473039
132705,0.0,0.5567341699487909
171444,0.0,0.5345609955841125
138312,0.0,0.5449974795020903
124990,0.0,0.4673049159566885
156762,0.0,0.6035409532724316
170952,0.0,0.3269302029185502
211792,0.0,0.36981963200811213
74960,0.0,0.060179300526514684
116312,0.0,0.4880662333614821
70788,0.0,0.45768195982398985
152776,0.0,0.49740808061542646
109123,0.0,0.5503503396246479
62904,0.0,0.42825560636489396
103884,0.0,0.4211719171623434
91176,0.0,0.6099735643111188
94090,0.0,0.4831591169471604
103650,0.0,0.5134263270174707
100320,0.0,0.4728014920939911
78793,0.0,0.40907544434545606
145537,0.0,0.4898034372192715
115830,0.0,0.3272563497511156
185024,0.0,0.4037640751342989
169848,0.0,0.5126493706454939
135796,0.0,0.45077075730118094
202488,0.0,0.5167480305905526
174131,0.0,0.5470763268976485
108792,0.0,0.5016895453407755
145948,0.0,0.4961573833521363
137064,0.0,0.6894418663026368
132330,0.0,0.5835838412118419
161010,0.0,0.5336172995906516
138560,0.0,0.570799218808654
120857,0.0,0.4940541032923694
172305,0.0,0.6291022140280068
165542,0.0,0.3405288800168328
193984,0.0,0.3828852498306988
43488,0.0,0.0
186108,0.0,0.5327114250000115
162752,0.0,0.46819596056229035
213120,0.0,0.5408101540556117
198832,0.0,0.5695406900520593
123750,0.0,0.5078484617199609
154520,0.0,0.5059512107764412
149666,0.0,0.7068469588359281
138753,0.0,0.5891947030819809
180852,0.0,0.5541273932190924
144360,0.0,0.57775226077167
131710,0.0,0.4978599299203752
160794,0.0,0.6541567875184889
179016,0.0,0.3536465518520207
112944,0.0,0.4772343691407101
180528,0.0,0.41063508807751264
127140,0.0,0.5021324155866196
77976,0.0,0.45513611720892094
166880,0.0,0.5078105695050488
118566,0.0,0.5446876001012028
70330,0.0,0.48082655664261553
115344,0.0,0.47441611439525033
100958,0.0,0.6541044899544168
105347,0.0,0.5523672809468968
113248,0.0,0.5232128387404021
112200,0.0,0.5402167276460839
87972,0.0,0.4718128276880689
167672,0.0,0.5780408577568618
127092,0.0,0.3477827686945914
198090,0.0,0.37469979901274414
78840,0.0,0.13685937700384793
143472,0.0,0.4813379541232018
103768,0.0,0.4346733463103391
177996,0.0,0.4860346531949823
142103,0.0,0.5306720909213729
86184,0.0,0.4495026391860145
125224,0.0,0.4404868633031955
114456,0.0,0.636570351524691
113490,0.0,0.5188314889664163
132750,0.0,0.5056016415082725
119720,0.0,0.5064276938121478
100133,0.0,0.43542642714253554
159117,0.0,0.5366116526922966
188716,0.0,0.35894374545895846
78032,0.0,0.6428243465332251
201726,0.0,0.2630254980458693
137816,0.0,0.5230918648490938
96900,0.0,0.4818903422099215
172744,0.0,0.5341325616762067
135235,0.0,0.5744306957968648
81336,0.0,0.4771131261923602
120780,0.0,0.4743932183763651
109608,0.0,0.6569930444863359
109450,0.0,0.54134524676963
126690,0.0,0.5452492856884188
115680,0.0,0.5311897790083088
95689,0.0,0.4638197905974773
156289,0.0,0.574574648287873
184272,0.0,0.4280741117980854
182880,0.0,0.3210015193140092
115710,0.0,0.3600782276716061
140970,0.0,0.49828650510574996
94572,0.0,0.4436560641137746
179788,0.0,0.5012378300944472
135162,0.0,0.5346032111094787
82316,0.0,0.4900883048617489
126408,0.0,0.4824132602834734
112944,0.0,0.6662072828858693
115489,0.0,0.5678525831277098
128000,0.0,0.518970255718876
122342,0.0,0.5546945572159504
99036,0.0,0.4830245797787907
175048,0.0,0.5961659329809614
195672,0.0,0.38624173406047585
201260,0.0,0.3346936399939161
41304,0.0,0.0
157716,0.0,0.5063739953196008
127808,0.0,0.4622088383556475
186912,0.0,0.5164476460873371
163888,0.0,0.5619098307522339
99726,0.0,0.4521606048293632
132680,0.0,0.4469788152389096
125642,0.0,0.6483662069880408
119097,0.0,0.5155652103694685
150276,0.0,0.5313299744106426
124704,0.0,0.5050793769522459
109870,0.0,0.4338067790583981
147690,0.0,0.5430105338243968
190400,0.0,0.39137066649353464
186480,0.0,0.3725979408305395
114360,0.0,0.062434389575157186
134220,0.0,0.4754089140348804
86472,0.0,0.4229135906449061
173488,0.0,0.4762706891237843
127062,0.0,0.5150708628175055
76466,0.0,0.46658281661409506
121008,0.0,0.4559729013189239
107094,0.0,0.6445866571256921
110539,0.0,0.5426287622794576
120800,0.0,0.49770885006017773
117392,0.0,0.5288771834835811
93636,0.0,0.4576822536716789
171448,0.0,0.5591741510007574
190272,0.0,0.35245664979168095
180730,0.0,0.33489332512538594
194640,0.0,0.407229088908416
148856,0.0,0.49459678678053626
163386,0.0,0.6946257954202045
191401,0.0,0.6064457473350462
182160,0.0,0.6034091401708681
188940,0.0,0.351604614178029
116171,0.0,0.5258992303023037
119676,0.0,0.4535351765471927
109318,0.0,0.5395990737479716
132555,0.0,0.4743137681561534
105651,0.0,0.6421121428706318
92304,0.0,0.45501311375424963
119024,0.0,0.49675085366537636
116976,0.0,0.3204180696919338
84007,0.0,0.6175495057474082
164280,0.0,0.7100224611345292
144795,0.0,0.40758202160521045
172130,0.0,0.6530933435224523
127530,0.0,0.37500850809706887
180472,0.0,0.6386301099197428
75456,0.0,0.014002114478941535
113707,0.0,0.5876856754746937
100412,0.0,0.472551339691907
58630,0.0,0.5082464025148705
37648,0.0,0.6287012657411206
35328,0.0,0.5780948428642041
84293,0.0,0.46485947031217106
195958,0.0,0.29765775991044
145236,0.0,0.38928745099027523
162516,0.0,0.680350479438009
196728,0.0,0.575423383387961
175932,0.0,0.5942766081425969
182376,0.0,0.3735393390296004
149920,0.0,0.5414166667992569
195237,0.0,0.6858655179507921
147075,0.0,0.40077946366560724
194306,0.0,0.5355761874456286
133376,0.0,0.6394451722496721
166082,0.0,0.6119173738754852
153894,0.0,0.36099002843847344
127728,0.0,0.5099822642808861
122121,0.0,0.5209642851974344
156840,0.0,0.32247830005047545
129338,0.0,0.6521570857458855
154980,0.0,0.5275570789527254
103422,0.0,0.4544804004394879
133184,0.0,0.4551072804752892
139965,0.0,0.5943821284515092
170758,0.0,0.6603922080010731
164106,0.0,0.706968031608839
142480,0.0,0.6722790321252377
185992,0.0,0.6747413912384431
140120,0.0,0.5964278628954784
150435,0.0,0.6796224624940138
94632,0.0,0.5741155104729929
93555,0.0,0.5408437714025744
118752,0.0,0.4809253243632659
118480,0.0,0.6822602955009427
85239,0.0,0.47137271283818283
85932,0.0,0.4157092755935123
161946,0.0,0.67137667569902
184959,0.0,0.4956333496050569
199710,0.0,0.7123893745540812
157746,0.0,0.4722130044012298
191259,0.0,0.6485582751610195
182925,0.0,0.43293537833476575
123079,0.0,0.5889864880957966
107316,0.0,0.5019392252121407
91286,0.0,0.5071139386141235
153342,0.0,0.5722736541976827
133182,0.0,0.5244960440942292
127575,0.0,0.5360666236666147
169962,0.0,0.5026830526597029
136004,0.0,0.6636181041291915
119290,0.0,0.4489261436679545
142880,0.0,0.4490892531004841
142218,0.0,0.5383246284588509
172459,0.0,0.5977605262834162
131488,0.0,0.45890708202521246
170155,0.0,0.37575502115542864
114472,0.0,0.5091118519567626
78975,0.0,0.47231293577122263
128414,0.0,0.6028666088760388
81580,0.0,0.5229914700067282
75350,0.0,0.5278135698057438
58179,0.0,0.47056150654023654
160293,0.0,0.5475003472790794
263098,0.0,0.5280701205470542
144693,0.0,0.4683707437398311
175054,0.0,0.3682073154903426
253580,0.0,0.536466092404601
171672,0.0,0.5816869455669986
173688,0.0,0.3896674902885323
213984,0.0,0.5441030203706161
227760,0.0,0.5659570988726648
178083,0.0,0.5908873883412352
166426,0.0,0.39502575375737164
206080,0.0,0.5372827300159417
144400,0.0,0.5974770481539533
167630,0.0,0.5300117755049679
178430,0.0,0.6190620538159921
152012,0.0,0.4346304579783983
191640,0.0,0.562655344547607
121992,0.0,0.6435137097069726
142896,0.0,0.5506039550279973
130603,0.0,0.6359149594247882
159236,0.0,0.4080119143784073
161580,0.0,0.555385895179926
149984,0.0,0.5721892352175042
159894,0.0,0.5822535142851957
100178,0.0,0.5514866829223859
209148,0.0,0.5773837345390604
137484,0.0,0.41156321145386926
143874,0.0,0.2741729165195722
103040,0.0,0.45905371209979356
101400,0.0,0.5064919367003071
145310,0.0,0.3242541675676825
143094,0.0,0.4568098059739771
155839,0.0,0.5406479166497885
158895,0.0,0.7087432893245996
141480,0.0,0.3416226249889201
125230,0.0,0.7223946942039429
143536,0.0,0.2529307758722542
153041,0.0,0.3149957885700788
149316,0.0,0.6844035355348964
185175,0.0,0.42252312040064144
213440,0.0,0.5096554086360147
201227,0.0,0.5488193016065165
161739,0.0,0.5155577227360618
99484,0.0,0.47550435632566684
89342,0.0,0.46747274287441404
144747,0.0,0.45679718033799055
157536,0.0,0.7638428540616963
118216,0.0,0.744657109738985
179380,0.0,0.7498007320918216
155771,0.0,0.7118766381004357
130869,0.0,0.4146866178102885
155688,0.0,0.654537992948792
158592,0.0,0.2609654764155206
186550,0.0,0.46028425133934736
112140,0.0,0.4021702539008297
147128,0.0,0.4477668055543395
128882,0.0,0.6131165985823814
156530,0.0,0.38354779760468516
180015,0.0,0.6005141702396403
167632,0.0,0.38214081735880184
91752,0.0,0.6161767700321614
184128,0.0,0.48989658310681755
144180,0.0,0.46181045762232104
143898,0.0,0.17410340240570987
106344,0.0,0.16371110682256843
-12038,0.0,0.4045436220981025
130592,0.0,0.5067890463817206
160258,0.0,0.2982496598789841
31824,0.0,0.3811974751335226
179964,0.0,0.31700907891722324
152145,0.0,0.36977260661395894
110870,0.0,0.3173145908004861
157892,0.0,0.2988596398879687
74496,0.0,0.5350238349696413
173840,0.0,0.29902427733533227
154200,0.0,0.396818704017165
149910,0.0,0.4582527415230103
198029,0.0,0.5277301211718776
189612,0.0,0.48582711445905585
198484,0.0,0.49769420279451615
76095,0.0,0.682233337815557
239239,0.0,0.577415359985279
197508,0.0,0.5201200389292683
136202,0.0,0.5048191047646995
64441,0.0,0.3837780649570173
145140,0.0,0.48757677969953656
131400,0.0,0.47133371305430233
92652,0.0,0.40069226554839465
89804,0.0,0.41815531862131583
177944,0.0,0.3501149616177513
108018,0.0,0.4317416180537331
142020,0.0,0.39217528293976023
146608,0.0,0.26381243058353493
144272,0.0,0.5379448714763428
201915,0.0,0.48390676697013935
192410,0.0,0.4888848410503044
115277,0.0,0.5129661077896357
116304,0.0,0.5175515598613238
115095,0.0,0.7529708147275391
188829,0.0,0.42183385399419976
59028,0.0,0.4053966648666778
231786,0.0,0.48026497814766694
148960,0.0,0.5351098157327676
167401,0.0,0.8030186724655163
173547,0.0,0.4127201233241371
156024,0.0,0.5114871470242391
180152,0.0,0.43765816703955635
137620,0.0,0.40347136910358017
131370,0.0,0.43615018312084475
133275,0.0,0.5028271585645838
159648,0.0,0.5118538951220918
125072,0.0,0.4597918516862144
180587,0.0,0.8149043385302933
93093,0.0,0.4169318112460514
90372,0.0,0.4827279210362832
135444,0.0,0.4752539973266237
139529,0.0,0.4485911609861422
178308,0.0,0.5080163165992972
151608,0.0,0.4431323603484975
125312,0.0,0.45998766713380745
29510,0.0,0.3812781204461084
94740,0.0,0.3964375051369953
130869,0.0,0.33264275268290033
139800,0.0,0.41782201609487635
137120,0.0,0.49369890068094663
160830,0.0,0.38474648163871206
143120,0.0,0.48383381227319977
159435,0.0,0.4026195437096479
132447,0.0,0.3530903031032691
128776,0.0,0.3403721178288495
65004,0.0,0.4503647902696109
98376,0.0,0.4064623869775324
131755,0.0,0.32846956658802207
153090,0.0,0.40895710929382273
181510,0.0,0.5073776186073301
120960,0.0,0.44204886202791877
177564,0.0,0.4577134262217102
156870,0.0,0.3945156472108273
142470,0.0,0.39092097862609737
72995,0.0,0.31311121998833213
74115,0.0,0.6873965913302966
155197,0.0,0.4895050576728708
115428,0.0,0.31502226196692074
151407,0.0,0.36341131070332233
190432,0.0,0.24436126041410627
96300,0.0,0.6097672080089874
93310,0.0,0.5000221625404134
95056,0.0,0.7664000884308969
121120,0.0,0.48405592760070765
136016,0.0,0.4740127109508462
144662,0.0,0.4301419139218692
152061,0.0,0.4683567323633942
127897,0.0,0.30925793487678455
161304,0.0,0.4928273649344137
142389,0.0,0.7388017525690839
-54485,0.0,0.5811743738306933
-20595,0.0,0.5227900986134786
-3528,0.0,0.4474357016143565
134109,0.0,0.4112630870112716
166284,0.0,0.7779519549221355
105016,0.0,0.3506074307129613
112032,0.0,0.4775999640429215
151950,0.0,0.39836374984827727
162274,0.0,0.46557843580675423
149114,0.0,0.771208067149128
128645,0.0,0.46839622274695936
136201,0.0,0.4560354187113926
183816,0.0,0.40833621270079873
115560,0.0,0.44385549604037483
139320,0.0,0.345431789297396
171996,0.0,0.43780948661394314
96080,0.0,0.47524401105258623
90852,0.0,0.29340501021313353
179319,0.0,0.4691737641236235
98076,0.0,0.4200536168704477
164040,0.0,0.3848232343038074
168337,0.0,0.45365762328005876
140280,0.0,0.48738552545431413
167913,0.0,0.40112928053532765
199542,0.0,0.5521314600481452
138348,0.0,0.4494857685542886
241659,0.0,0.610037604815571
160342,0.0,0.512220880048536
101072,0.0,0.4853895131360475
155640,0.0,0.4664888217603299
93945,0.0,0.43055201485232536
146390,0.0,0.5078369164098223
163068,0.0,0.4962110368924099
145684,0.0,0.4724265224434414
206570,0.0,0.48129641828975334
138171,0.0,0.5268484763420817
158732,0.0,0.7997100263448901
170716,0.0,0.45604985650428115
170920,0.0,0.5570492508921779
163812,0.0,0.41992547117896284
97902,0.0,0.37200623879234607
145296,0.0,0.7054158814116632
212388,0.0,0.5674424548346978
230477,0.0,0.5345110464229204
133870,0.0,0.42944891985982026
122290,0.0,0.3947882661291136
241059,0.0,0.5558083948297715
189344,0.0,0.38418589504594997
199107,0.0,0.47692113794643426
194160,0.0,0.5453315061319738
239748,0.0,0.3748103567284261
221868,0.0,0.4352025069197153
149139,0.0,0.4424454416447139
121490,0.0,0.48159648049576537
218628,0.0,0.4527294983899327
167216,0.0,0.5045409568372201
122184,0.0,0.3606421921317001
145926,0.0,0.47687735402476417
160000,0.0,0.36376428496194124
129159,0.0,0.4198217640730847
140958,0.0,0.4140615278507909
151800,0.0,0.36233170020217714
155582,0.0,0.37267595039762
166990,0.0,0.4826328007230236
149733,0.0,0.4340862305060066
126330,0.0,0.41072424890824183
121850,0.0,0.3960070926679672
140600,0.0,0.36586631570760636
124146,0.0,0.3158414582062848
122440,0.0,0.4438040137685654
163603,0.0,0.4524522302182162
147704,0.0,0.4463740602571698
177003,0.0,0.3325005517368876
161145,0.0,0.4096785907471346
127359,0.0,0.276398283238961
165260,0.0,0.4222588561170439
147420,0.0,0.37878109093532286
124410,0.0,0.44155668832414774
145717,0.0,0.38868068265544575
84660,0.0,0.3184437523474771
164086,0.0,0.7838401643642717
66715,0.0,0.33687973577947106
139430,0.0,0.2937077763663024
192127,0.0,0.516254321479101
120324,0.0,0.3765721539712536
99187,0.0,0.2722058125661157
148026,0.0,0.4069390131709807
171465,0.0,0.5607462712849259
161464,0.0,0.36175208627414396
208351,0.0,0.47621628203459765
117568,0.0,0.31396512450120284
184800,0.0,0.4965591546733511
122088,0.0,0.5190141101701125
175716,0.0,0.35918673610467283
198610,0.0,0.45509729804829324
158900,0.0,0.5889030165516494
190740,0.0,0.44642381372067524
205870,0.0,0.4762686847265649
146484,0.0,0.47970036896759577
155649,0.0,0.7638837077201345
200759,0.0,0.5520825543055463
144564,0.0,0.45232027320505774
175500,0.0,0.4545643968064017
168568,0.0,0.4097265451826766
177324,0.0,0.4555520605244658
179707,0.0,0.46005702636071405
130860,0.0,0.4673683851373729
136884,0.0,0.4656246263328698
193010,0.0,0.4305594031358888
195520,0.0,0.4783280606128877
167352,0.0,0.45188305986909216
169310,0.0,0.408904549169031
172010,0.0,0.4021919896173966
193820,0.0,0.34369307494998175
180770,0.0,0.39520097593520886
154231,0.0,0.3779738143853945
248100,0.0,0.47457033535125664
162148,0.0,0.42832827974886184
74129,0.0,0.38192500153717024
232518,0.0,0.42888193040792105
152310,0.0,0.37371957403692596
166707,0.0,0.5755107329197903
109256,0.0,0.4217843510976525
143528,0.0,0.46044689352303153
174520,0.0,0.3793346270521496
193802,0.0,0.5141821457917348
163423,0.0,0.4317136508088413
162484,0.0,0.5092631216612699
166670,0.0,0.5762808411131509
158664,0.0,0.5661851463904871
173004,0.0,0.4753391360432449
160407,0.0,0.5316845786342176
133463,0.0,0.5585328087147071
137916,0.0,0.41104546721644286
135837,0.0,0.4750014317490987
116457,0.0,0.459933366762687
130641,0.0,0.46692325235289767
80595,0.0,0.5749252535424331
169520,0.0,0.3726588722677772
154557,0.0,0.6311453435508697
147790,0.0,0.3725777387401157
121352,0.0,0.730647802047284
195444,0.0,0.42635344526892793
134004,0.0,0.37877488937471127
151067,0.0,0.46177810443799233
140994,0.0,0.48810684982885466
127290,0.0,0.5069934392206233
143920,0.0,0.4218134943631665
173544,0.0,0.4758446092450002
211432,0.0,0.6036201756627773
195377,0.0,0.39381575915279377
135112,0.0,0.3890777073962786
154007,0.0,0.4872450740304656
181753,0.0,0.4796661417316103
89738,0.0,0.39200450951145394
132520,0.0,0.4565135749493355
239340,0.0,0.462121929998016
119574,0.0,0.41855028593985777
162808,0.0,0.5074026634761761
133128,0.0,0.43109017064915345
136080,0.0,0.44089855353759116
122716,0.0,0.46778997643407383
144900,0.0,0.5098405881983337
148040,0.0,0.5309411211907732
195360,0.0,0.49288249081137886
138450,0.0,0.47981210106945843
194630,0.0,0.7979524622976494
162648,0.0,0.4902758580328738
135750,0.0,0.6545083532863682
255827,0.0,0.6668219481417174
246587,0.0,0.6226409614190862
105435,0.0,0.5418896541406953
235452,0.0,0.5798057190021246
95280,0.0,0.5317036469495477
104871,0.0,0.672326067548055
186240,0.0,0.8000093824948263
191378,0.0,0.8103536026963946
170340,0.0,0.4403823129602824
117271,0.0,0.49288664038033064
116655,0.0,0.4905309677360134
150600,0.0,0.5038611358581765
185592,0.0,0.7901693465415057
56664,0.0,0.6877775674016291
148280,0.0,0.3999836687973957
164260,0.0,0.3015056771498201
176844,0.0,0.8074351132002178
76440,0.0,0.6836124310005456
231940,0.0,0.4482331195832162
160685,0.0,0.3937107433035465
165305,0.0,0.5115460827391017
191196,0.0,0.2297184073899311
139392,0.0,0.42099641887856165
171470,0.0,0.7429620929916313
129216,0.0,0.6982648822051329
60684,0.0,0.6768674044429367
144485,0.0,0.47081894743444114
180045,0.0,0.5339683051489489
202895,0.0,0.4732986492871171
263472,0.0,0.5165894066516244
111837,0.0,0.3978496756699155
103543,0.0,0.3809185496503128
163737,0.0,0.3406254560770427
151560,0.0,0.4684789593847469
121610,0.0,0.27539325805043086
154665,0.0,0.36140894551785646
159170,0.0,0.3555411997982834
170343,0.0,0.3924487124811799
66708,0.0,0.39825292996778117
155600,0.0,0.30079955914151074
178374,0.0,0.37383306019237783
181744,0.0,0.3337589182239595
181584,0.0,0.3298809654453851
161616,0.0,0.28820695359965265
141120,0.0,0.43134379354754077
111380,0.0,0.38525512554578145
168920,0.0,0.5460673322935128
110115,0.0,0.4447812890420024
162200,0.0,0.4869429292241652
150678,0.0,0.7224263166949116
116360,0.0,0.44079981771636306
150000,0.0,0.29183093735928683
131790,0.0,0.42160667826326004
161976,0.0,0.48530995166482727
171951,0.0,0.46335888800651764
108207,0.0,0.4315661190916683
141399,0.0,0.44747563387259526
164997,0.0,0.3763004087906968
133224,0.0,0.373209878651851
138420,0.0,0.48264754972570956
138843,0.0,0.43677001158197726
93830,0.0,0.3188794430443686
202565,0.0,0.4598862141756471
130293,0.0,0.3902920369823649
118860,0.0,0.4393850297414024
130888,0.0,0.35915011691759663
84620,0.0,0.36335770868850925
171960,0.0,0.4322249669331464
146160,0.0,0.5471435711700062
123810,0.0,0.41229959228860064
136584,0.0,0.3973347454612148
143712,0.0,0.48124175693708543
152770,0.0,0.4371864225783338
152150,0.0,0.39185669027033276
169044,0.0,0.37832658299063543
128245,0.0,0.45686494322884996
112640,0.0,0.44152784786947413
139370,0.0,0.3118300089937734
159999,0.0,0.4400447887487363
127545,0.0,0.2977809374589612
153864,0.0,0.4598888200393992
147186,0.0,0.3942123246023908
151848,0.0,0.4809386661573063
219740,0.0,0.477136915273128
141507,0.0,0.47268379959840084
145584,0.0,0.47286357065065204
138750,0.0,0.6566250382417169
146568,0.0,0.3577358381855631
146520,0.0,0.4275137161144494
164824,0.0,0.3896034049651852
129570,0.0,0.4639583865366162
165669,0.0,0.4340317759077112
151522,0.0,0.5291965263366605
165710,0.0,0.4205988811221964
163548,0.0,0.41864184423322853
164820,0.0,0.7630633466029499
155061,0.0,0.3576593996196028
103510,0.0,0.271264332169323
87540,0.0,0.2850646644605026
144780,0.0,0.38601018167523005
154875,0.0,0.4851568989086634
151848,0.0,0.45966016746679705
156765,0.0,0.485058844858463
165193,0.0,0.5108911155776192
121366,0.0,0.4019675905991046
152446,0.0,0.4480947785130862
229151,0.0,0.35974750597194044
154814,0.0,0.2978780650299143
163928,0.0,0.5157933658218252
176759,0.0,0.38655269245212165
229262,0.0,0.425347449051285
148352,0.0,0.44863588338067145
163692,0.0,0.3186221739199048
156310,0.0,0.4898310576350655
128052,0.0,0.4371596527993375
186345,0.0,0.4224152461035356
193824,0.0,0.23736127069718144
120328,0.0,0.584353981992351
96660,0.0,0.3865115751381695
141317,0.0,0.26790797584412335
110784,0.0,0.5146169076049213
99855,0.0,0.4694105952063258
166100,0.0,0.27109551802272813
197840,0.0,0.25637645664490094
98545,0.0,0.3257948352434604
151745,0.0,0.2977586038211972
175356,0.0,0.2901834496262479
147888,0.0,0.5179904804608961
125640,0.0,0.4641729599420186
224705,0.0,0.5232036786402917
234975,0.0,0.35654362812607265
159742,0.0,0.308399016489835
141144,0.0,0.4288108750615006
102087,0.0,0.5378273081078145
146880,0.0,0.5067917128914645
180708,0.0,0.7724632023115168
153304,0.0,0.45424998457877375
155389,0.0,0.7624128688275108
184393,0.0,0.7489576002407592
94620,0.0,0.45312082454210056
158679,0.0,0.46070477211040867
130113,0.0,0.38789651383871976
153209,0.0,0.3754111568208419
143544,0.0,0.4289685993058971
168408,0.0,0.40670101729453895
188520,0.0,0.1985885065628042
151830,0.0,0.47675597703263206
130740,0.0,0.46449266884565327
190377,0.0,0.4341309667472861
139224,0.0,0.43023806287910143
226140,0.0,0.5440720984680631
163680,0.0,0.5045772987107713
182656,0.0,0.40288148623167663
144408,0.0,0.515548052875222
183230,0.0,0.7573783208812188
131139,0.0,0.4012325818345838
128136,0.0,0.3455935281434154
146450,0.0,0.3033231849641845
155470,0.0,0.47443207403113186
164900,0.0,0.23798912657196855
132030,0.0,0.4287590101030154
180334,0.0,0.3966770604144273
180657,0.0,0.38008324689709133
169570,0.0,0.5317350781367307
121554,0.0,0.46331156177211763
133007,0.0,0.47540721058473323
114768,0.0,0.43939351685546674
124845,0.0,0.45711134248548024
147960,0.0,0.5577826108224716
136350,0.0,0.28233746543214
142768,0.0,0.5255822460727273
183315,0.0,0.46379524668831484
149170,0.0,0.6060406894328662
185280,0.0,0.4090934870811779
238271,0.0,0.6055483623210318
183160,0.0,0.7893700337439289
150790,0.0,0.6802917136927665
139024,0.0,0.504838460814519
142608,0.0,0.5233829009051724
110529,0.0,0.4568769349711719
183609,0.0,0.38531427378632466
198288,0.0,0.3455425981001777
23716,0.0,0.3327531040293598
207900,0.0,0.40525573211229327
27510,0.0,0.33807241059737786
157820,0.0,0.3871521747230665
74877,0.0,0.46600020738899345
119930,0.0,0.42528234156107964
138915,0.0,0.4543329978628732
223986,0.0,0.3641288037872618
172733,0.0,0.35194362681169555
122870,0.0,0.47922428508081594
230568,0.0,0.4283885971302807
113135,0.0,0.335180407879899
122100,0.0,0.46538917009962494
133380,0.0,0.6722186487207623
118400,0.0,0.400573424336836
133404,0.0,0.4976013607108523
116750,0.0,0.37668760410760865
113715,0.0,0.37707835504336473
109670,0.0,0.3104988991043303
138288,0.0,0.557384598124142
153230,0.0,0.3559394497895567
144092,0.0,0.45330317408556603
192257,0.0,0.529504778056729
132986,0.0,0.4771159080187436
160430,0.0,0.4942811825479638
132286,0.0,0.28435375129508245
101761,0.0,0.25658195547825613
194330,0.0,0.5017004716161252
146600,0.0,0.3925948870949394
197096,0.0,0.5338870519117412
114621,0.0,0.37802419682525473
190824,0.0,0.4744534722513555
156937,0.0,0.6972036938538364
218190,0.0,0.5669462645576278
136215,0.0,0.40137487942467626
105150,0.0,0.3691352421088947
168440,0.0,0.24126116230431985
206640,0.0,0.49974574108577885
212283,0.0,0.4819074210792059
201376,0.0,0.44552232113007323
96750,0.0,0.4900617395188042
198968,0.0,0.42986974280964496
91487,0.0,0.27788399348963966
74424,0.0,0.29376036671118383
149112,0.0,0.4511074837654199
193776,0.0,0.401060830433
120016,0.0,0.4546666400050231
80752,0.0,0.3993702336495318
109417,0.0,0.457311559864108
194679,0.0,0.4727589264891705
147645,0.0,0.4772386232638357
155295,0.0,0.32578898874183265
190032,0.0,0.3853700548370951
194830,0.0,0.4226835438001327
152650,0.0,0.3717473534368681
146660,0.0,0.3188822454743381
136647,0.0,0.4741773959412627
119880,0.0,0.4148191569981489
183753,0.0,0.38567929556135716
131679,0.0,0.413567393697842
183627,0.0,0.3853593369571509
118395,0.0,0.3889683700408531
148365,0.0,0.37590542305210756
167103,0.0,0.404411545486865
176330,0.0,0.4877625592138045
192420,0.0,0.4975763020832924
195525,0.0,0.4428684269940692
167064,0.0,0.4202476954814361
202770,0.0,0.46482217564771694
138900,0.0,0.36631080352647166
144340,0.0,0.5072525406307954
194546,0.0,0.8236764387677794
144930,0.0,0.43842636255206474
142504,0.0,0.2940322053704648
96020,0.0,0.36897563284063056
170001,0.0,0.5221618523395815
205980,0.0,0.2962388998613836
196068,0.0,0.27739642579135654
120637,0.0,0.32880237774627274
183555,0.0,0.3617854865310922
144450,0.0,0.3718174029805837
167100,0.0,0.40737457658159754
160610,0.0,0.38140210358980753
101250,0.0,0.51793905814451
246279,0.0,0.6216351507307821
164850,0.0,0.39919430538648665
158890,0.0,0.3762692173632567
170079,0.0,0.41688919418395404
127479,0.0,0.3566761552547681
159000,0.0,0.4883017743802923
164835,0.0,0.5029551034614592
47685,0.0,0.4164763689525093
170180,0.0,0.24403578457142594
-100814,0.0,0.4376752123880076
82104,0.0,0.21062755184280138
206526,0.0,0.2518243476991948
123852,0.0,0.3748049342087032
-20646,0.0,0.409327235980098
125323,0.0,0.38182873153109514
-92820,0.0,0.4126084859521038
104320,0.0,0.3128612398038121
217750,0.0,0.5364152149172575
143858,0.0,0.42919915902038686
177658,0.0,0.5040077955999257
250530,0.0,0.4545287689165904
166728,0.0,0.5259084059749625
159030,0.0,0.4579068480407677
140272,0.0,0.4382987980832036
110664,0.0,0.4504456087642059
158389,0.0,0.5601682300277858
173304,0.0,0.48263697673858413
-132525,0.0,0.5131661964739281
23632,0.0,0.468729084361518
231784,0.0,0.5024573880707026
9112,0.0,0.5217241572674144
89544,0.0,0.5324514766470486
131634,0.0,0.44017472196652435
125694,0.0,0.47461218045386566
221508,0.0,0.43708250521700065
232032,0.0,0.637839798587835
220948,0.0,0.7062795811707305
248729,0.0,0.6063940235927973
283788,0.0,0.6139609202838651
100130,0.0,0.5351384930380942
150864,0.0,0.6929554245507225
144088,0.0,0.6616348978620232
150147,0.0,0.44156555351250804
116136,0.0,0.15724310729095053
-216920,0.0,0.5016803105148315
152317,0.0,0.5081791450311521
82044,0.0,0.465367315660836
254007,0.0,0.33108083331520544
-4998,0.0,0.4310416636735149
167292,0.0,0.5467128110599118
171430,0.0,0.398611218790929
242143,0.0,0.3840939568615806
223230,0.0,0.35141566856163836
93470,0.0,0.40665116658421613
-68818,0.0,0.48904716526546976
-13362,0.0,0.4631714535828823
60102,0.0,0.42613614638863767
196273,0.0,0.46035004105122096
-97660,0.0,0.5424678462825971
-201684,0.0,0.5244912977428822
128142,0.0,0.45942043396867355
195168,0.0,0.3066137771246303
108120,0.0,0.5244338790063989
181040,0.0,0.44591999353193035
127149,0.0,0.535054210881997
212394,0.0,0.3489947521989621
-59721,0.0,0.575751992295587
185916,0.0,0.4805239110385439
118674,0.0,0.530127968429913
-31248,0.0,0.4692451559754674
150712,0.0,0.1761159302435098
-54740,0.0,0.43237153580359033
152192,0.0,0.31188738046721626
-122094,0.0,0.45085600875756976
254430,0.0,0.49482526256519516
174804,0.0,0.48665776368422914
-7582,0.0,0.39617667361200515
124904,0.0,0.3930482594289825
161888,0.0,0.3246193028428141
-31705,0.0,0.408989565940119
164367,0.0,0.3383775338033555
-40944,0.0,0.373787456421945
26390,0.0,0.37254975628629144
55562,0.0,0.33473815993840067
-87360,0.0,0.40874942712286183
166117,0.0,0.38963456787123574
171563,0.0,0.3064905336391237
70776,0.0,0.43806962948386763
32396,0.0,0.46473841678107836
136100,0.0,0.4906909317571619
162450,0.0,0.5269756703308334
127408,0.0,0.16495430854065488
159291,0.0,0.5320339770660787
8610,0.0,0.3585052531535501
102564,0.0,0.3311863611363878
139529,0.0,0.48466452966474527
150950,0.0,0.6546650179636854
114894,0.0,0.49348348802149267
175950,0.0,0.7085157849430327
-86488,0.0,0.486334527028663
39728,0.0,0.47644156183643915
167538,0.0,0.3114709985663665
19617,0.0,0.37991301216995066
-132144,0.0,0.3559888381652729
168918,0.0,0.2613090706014713
155100,0.0,0.481530791484789
78540,0.0,0.5849364996202854
115404,0.0,0.312629979265385
88332,0.0,0.3669200129458742
38430,0.0,0.36661525391024186
138815,0.0,0.1928188932058908
140357,0.0,0.1703090779575069
169470,0.0,0.47189622202218423
171255,0.0,0.4293491321998421
138990,0.0,0.521578026578419
-119289,0.0,0.409639855252056
146080,0.0,0.4171346507690818
173635,0.0,0.1943766186900592
67632,0.0,0.36752762202763717
137616,0.0,0.3930660485575255
106116,0.0,0.287622553858647
173474,0.0,0.4027501821327972
179431,0.0,0.26787237646931944
161289,0.0,0.2716972244436415
134660,0.0,0.2842007165317814
114279,0.0,0.3463709304880585
72828,0.0,0.3368886680900625
40082,0.0,0.3884981725586414
168660,0.0,0.41204666995556033
150870,0.0,0.34235836327085656
158291,0.0,0.23890708635246616
116952,0.0,0.34153543814434245
164124,0.0,0.37713489040544235
165330,0.0,0.4209496488941287
-50752,0.0,0.35939729988826025
-13520,0.0,0.4956375791248185
-44353,0.0,0.5001780920117687
190091,0.0,0.41566888362548793
189518,0.0,0.39404510745363963
209770,0.0,0.43636195614508533
107613,0.0,0.468477710208866
157920,0.0,0.5547147750085757
182325,0.0,0.5421304086637735
107478,0.0,0.5410783262282168
136098,0.0,0.6041405262945936
36882,0.0,0.5122069183337377
159630,0.0,0.8251836188829038
79612,0.0,0.4938566869095432
-58304,0.0,0.4494181447711351
191300,0.0,0.3420609476903801
10960,0.0,0.4687924174019736
134016,0.0,0.43240562120346787
221540,0.0,0.37880887341936886
227140,0.0,0.4019184157686797
131808,0.0,0.4464729619409817
171048,0.0,0.41078740587409407
104312,0.0,0.4553101992283663
185440,0.0,0.4432954586421028
200916,0.0,0.4643192757074804
173670,0.0,0.545379266010587
179630,0.0,0.45730925224642466
110726,0.0,0.5106918155058672
126900,0.0,0.47403272814572767
114536,0.0,0.44351437862461646
82888,0.0,0.634725772088712
170225,0.0,0.4319145869866246
193848,0.0,0.42223912873310854
118920,0.0,0.42075603165532216
222912,0.0,0.35829357764161257
72670,0.0,0.4090215045258818
159117,0.0,0.399255314946336
91230,0.0,0.5683548586557658
-133314,0.0,0.6007580760415306
112656,0.0,0.616909602958593
30270,0.0,0.6296922420104376
159368,0.0,0.6808380823054645
16269,0.0,0.5991103727017786
91620,0.0,0.5334331128003356
-98640,0.0,0.4262131308743309
130520,0.0,0.47326519330575567
42692,0.0,0.4242627556430641
107272,0.0,0.42695470887385667
105318,0.0,0.40284040320321746
73740,0.0,0.005218500230159022
118728,0.0,0.32476192696236106
154455,0.0,0.3619551384256837
157836,0.0,0.48589569528475085
73775,0.0,0.44343584454013935
145548,0.0,0.4417464694672019
152667,0.0,0.49796838974090907
143190,0.0,0.4750966722027937
139332,0.0,0.35550874901329654
187509,0.0,0.43853995766998155
9960,0.0,0.4620691516479436
153000,0.0,0.481798630095328
-12870,0.0,0.48286322338508053
-38556,0.0,0.5008193187477291
145276,0.0,0.45194256371247193
-25004,0.0,0.39867243380875245
179224,0.0,0.4030192191210911
154973,0.0,0.5158427573399356
151880,0.0,0.36801217891250976
141251,0.0,0.4013993972592414
158976,0.0,0.5069624434123908
101880,0.0,0.11451797557448629
137417,0.0,0.2327400911229992
145824,0.0,0.5858367980182589
19968,0.0,0.5563043364784177
72702,0.0,0.556785420263403
-14336,0.0,0.5472956390243702
100789,0.0,0.5743482985895559
105720,0.0,0.46194515423492166
208130,0.0,0.6397525051409304
194364,0.0,0.5857039460908298
104115,0.0,0.612279570577646
132450,0.0,0.6537749873403109
124242,0.0,0.5964397255478779
-10800,0.0,0.5852338278755602
96360,0.0,0.6181462166774994
161508,0.0,0.6518669368983081
-17550,0.0,0.6231195746811008
48646,0.0,0.646282869318369
187461,0.0,0.6461357718320152
229568,0.0,0.6325798612314343
157192,0.0,0.6806440773086957
147830,0.0,0.844809599263302
47168,0.0,0.5238187297942771
98424,0.0,0.6092458318222204
185493,0.0,0.5611292840537417
179739,0.0,0.7298269021605545
162239,0.0,0.7096865226159067
130718,0.0,0.5502901926264592
-27648,0.0,0.6093772391803378
179217,0.0,0.4931589402297356
96579,0.0,0.30505305697159224
181335,0.0,0.44429231135489655
-19908,0.0,0.45032942469824744
76092,0.0,0.23305849043422014
118208,0.0,0.459950407864935
119229,0.0,0.4456028254615456
82875,0.0,0.43939051899207676
32040,0.0,0.4276154401533197
75820,0.0,0.4192610393309817
2460,0.0,0.4283839087102232
59790,0.0,0.4378224176665484
-14580,0.0,0.40968637156772314
115212,0.0,0.1999254789359256
142430,0.0,0.3068684228221062
27456,0.0,0.42167963894735755
137529,0.0,0.398622046315978
157528,0.0,0.33255619589492064
162946,0.0,0.3128017125658533
163038,0.0,0.4056872426300458
126548,0.0,0.40951714027201913
88284,0.0,0.42957591812342816
122100,0.0,0.47695836581891954
160874,0.0,0.29500637695455706
119730,0.0,0.4300394254272911
122320,0.0,0.4640166683163383
168006,0.0,0.46824822217691076
187080,0.0,0.42852625244025966
151580,0.0,0.4546580522262348
130772,0.0,0.5095575898170445
126504,0.0,0.43925877887526826
100890,0.0,0.15518011559401174
120366,0.0,0.4699644609990833
23004,0.0,0.48460051235726825
162783,0.0,0.5041231530438408
132202,0.0,0.45040449366928376
196182,0.0,0.3904181104426238
208944,0.0,0.346815754081159
97980,0.0,0.3891518077522981
142884,0.0,0.47339949673980597
175944,0.0,0.3035441033190071
152530,0.0,0.5287776587629152
184328,0.0,0.4388928252361915
81152,0.0,0.2327186874791169
75581,0.0,0.4791552174496598
171928,0.0,0.33915402985555565
134893,0.0,0.32466919746234496
162877,0.0,0.4424507610839129
136080,0.0,0.4703080179222925
150657,0.0,0.752956317349273
139568,0.0,0.5068180831833514
163890,0.0,0.39369556472869727
140340,0.0,0.4004934949533084
167454,0.0,0.4853176988439312
143440,0.0,0.539455954201068
154294,0.0,0.788393347680474
132715,0.0,0.490747310340947
158653,0.0,0.5255201880929361
151902,0.0,0.5946775094639699
174031,0.0,0.46382767099325317
122876,0.0,0.39935351813834075
129564,0.0,0.5334114154427603
131670,0.0,0.7674903780085817
166560,0.0,0.4695383697283649
146160,0.0,0.5177988829650516
146350,0.0,0.5889089535792236
162936,0.0,0.4569670562752648
74711,0.0,0.30052436792136544
90195,0.0,0.4121810362337091
85104,0.0,0.4273906930657579
73404,0.0,0.37897830809739247
129510,0.0,0.3362886878452984
101700,0.0,0.41486992466367606
118476,0.0,0.3581697122098859
132444,0.0,0.36293732479708657
158242,0.0,0.45542218737538953
145082,0.0,0.7609632723966355
125477,0.0,0.45507868537933416
164169,0.0,0.427659000337731
151415,0.0,0.489837472203239
145980,0.0,0.5546507217598735
166793,0.0,0.42536693893384475
247929,0.0,0.3939970294090454
78345,0.0,0.4898864732855697
106278,0.0,0.6241906208497995
75624,0.0,0.48325116876037305
64245,0.0,0.7210196730595445
63924,0.0,0.4385391705023464
121610,0.0,0.4189476898993259
92220,0.0,0.4788182943665496
108996,0.0,0.44050026985927815
160380,0.0,0.345698337697496
149604,0.0,0.43611869240324247
125870,0.0,0.44562551901625874
137384,0.0,0.7334317572572235
147568,0.0,0.3428083964015083
139700,0.0,0.4358441267354875
153680,0.0,0.37556039359513166
58259,0.0,0.45815237176494955
168483,0.0,0.3888013210339277
78885,0.0,0.4066708600260231
76056,0.0,0.41199867765933906
64785,0.0,0.6702380358017574
121970,0.0,0.3165812197707976
101760,0.0,0.4359452217603421
109428,0.0,0.34596992833555973
84048,0.0,0.4878270696629185
99190,0.0,0.43301171310214026
86030,0.0,0.6906869120562961
126207,0.0,0.32005233944308376
105017,0.0,0.411704774801559
120395,0.0,0.36322462635221386
170874,0.0,0.313804975135408
127650,0.0,0.5141868848216619
134446,0.0,0.46023623875042957
40545,0.0,0.0
114210,0.0,0.4451787841778709
122226,0.0,0.7306191932681444
104460,0.0,0.38880108979890243
138240,0.0,0.34807249337939467
122072,0.0,0.45886318551601507
146720,0.0,0.4872093262547165
154028,0.0,0.4470610785595938
132891,0.0,0.49305272612107026
140868,0.0,0.7516304148076658
122166,0.0,0.44291432668945574
161460,0.0,0.4122613544387776
148104,0.0,0.4780840101772864
163482,0.0,0.4133944089227527
145899,0.0,0.2862803875895781
169275,0.0,0.502621170375582
170521,0.0,0.4595814543981464
158301,0.0,0.7721746436215425
160440,0.0,0.4097328496962638
155790,0.0,0.4832505841443446
169770,0.0,0.4193333762515507
90559,0.0,0.48510595315702526
112086,0.0,0.46634245058743895
98856,0.0,0.46855700696586555
93285,0.0,0.71368213786725
87156,0.0,0.42215833753249243
140970,0.0,0.3911662626771643
115452,0.0,0.4560924234639004
120760,0.0,0.5057691135884785
132228,0.0,0.400864899522597
136336,0.0,0.47574277199863013
121044,0.0,0.32830527808572063
131782,0.0,0.7335172230183927
115027,0.0,0.4189944917595022
155619,0.0,0.38202263694883126
140965,0.0,0.4553599208429894
156343,0.0,0.39072034107248477
108511,0.0,0.391966324017265
104604,0.0,0.47266644099235167
155510,0.0,0.45329022163142574
132900,0.0,0.5047428104040713
135300,0.0,0.5647665093748891
149676,0.0,0.4496946469260114
34136,0.0,0.4753703335926224
46462,0.0,0.29542054681491003
43500,0.0,0.6633264632724496
47328,0.0,0.35635558610934187
107780,0.0,0.3124972752455226
92400,0.0,0.3526342734668874
179775,0.0,0.530957123733386
149061,0.0,0.39368411725453517
139210,0.0,0.48162562159128786
166040,0.0,0.46443456524918664
162790,0.0,0.5242075937567646
149872,0.0,0.5848638182432245
176770,0.0,0.4635885469519306
140070,0.0,0.4925169075249664
119944,0.0,0.30760089472996366
145210,0.0,0.440050170233499
132990,0.0,0.7306066545486006
112740,0.0,0.38540518462166984
144864,0.0,0.33998135397482365
136320,0.0,0.43413054088920294
128696,0.0,0.4647511394932855
150300,0.0,0.37666766354339015
49680,0.0,0.5615216012454471
56052,0.0,0.37408318758381737
69118,0.0,0.5061431956190171
70280,0.0,0.3327561323230812
55958,0.0,0.7141693682007161
55451,0.0,0.40774662344920776
106875,0.0,0.381438729465248
81389,0.0,0.4597764168047619
88686,0.0,0.45395545419114874
96767,0.0,0.4327431582078309
84864,0.0,0.500101329270635
85254,0.0,0.35785671896187987
102360,0.0,0.45712787149703693
88260,0.0,0.7185255876851807
83136,0.0,0.4302642890507024
111432,0.0,0.4657123940300579
117410,0.0,0.510705914921915
128208,0.0,0.4150305481253755
141568,0.0,0.4500914992129093
167175,0.0,0.4985686996049168
139821,0.0,0.34327297600365847
168701,0.0,0.4545878472757646
156481,0.0,0.7670515153250026
130810,0.0,0.43342080129034694
159320,0.0,0.4005131912041111
154390,0.0,0.4765032090143196
143152,0.0,0.5298353812413122
168370,0.0,0.4122396683618628
141120,0.0,0.44668971290977694
168015,0.0,0.5001248502804061
140437,0.0,0.3460262858926738
169429,0.0,0.4565168531187599
43236,0.0,0.0
157209,0.0,0.7690593535411099
159768,0.0,0.40412869591077516
154950,0.0,0.4791430885776849
143600,0.0,0.5330272865402498
168930,0.0,0.415004221735598
114961,0.0,0.3144644419636414
139321,0.0,0.44939347992894796
40920,0.0,0.0
127101,0.0,0.729444589595306
108210,0.0,0.38545393833800495
141240,0.0,0.3419444786280067
131790,0.0,0.4359374530731853
145770,0.0,0.3830848993945442
242370,0.0,0.6477690857847379
41360,0.0,0.6508887533592458
49812,0.0,0.47566290838280184
61838,0.0,0.5994076086283668
60456,0.0,0.538662462788234
49731,0.0,0.4944599800968914
102195,0.0,0.4903445376094286
75669,0.0,0.5481963371274987
84006,0.0,0.5354531539490808
91047,0.0,0.5342272161362897
100810,0.0,0.5125110060127597
188028,0.0,0.83394529180059
97448,0.0,0.3821996078381204
116430,0.0,0.47341062367009573
113895,0.0,0.6514533097941263
106092,0.0,0.5025850446418475
94392,0.0,0.45751013085497233
147000,0.0,0.4364620718035339
122688,0.0,0.491463694429843
126790,0.0,0.5436630642350495
139464,0.0,0.43975462663884146
156075,0.0,0.4860335764823156
131681,0.0,0.31595507230775505
159081,0.0,0.4376766548946003
42440,0.0,0.0
133160,0.0,0.4608139556128536
123410,0.0,0.40425227025479044
153400,0.0,0.36225034454205746
146990,0.0,0.4491288915561972
137232,0.0,0.4942526866619928
160970,0.0,0.38508954551472313
191043,0.0,0.8106206084170312
95115,0.0,0.5465222133902778
111405,0.0,0.5082572488552188
102072,0.0,0.5267192898952578
143650,0.0,0.4708304259139636
118668,0.0,0.519223797019619
123440,0.0,0.5649904099207975
164985,0.0,0.5143289447913467
123606,0.0,0.45869933208413244
144936,0.0,0.583411277750876
133236,0.0,0.5392923117600333
179370,0.0,0.5315891213363851
161532,0.0,0.5680683389049678
159160,0.0,0.648172021610686
133725,0.0,0.5020235577784682
115291,0.0,0.31384060224683785
139711,0.0,0.4486415403859865
40950,0.0,0.0
118260,0.0,0.44223416285739636
127491,0.0,0.7294322054482915
132090,0.0,0.43567984324419706
146070,0.0,0.3824980032593472
162972,0.0,0.3392406132324173
11968,0.0,0.551852217107277
38040,0.0,0.5002797875963623
43380,0.0,0.4623646340354833
23940,0.0,0.7018708727291849
59976,0.0,0.4635000900779807
74530,0.0,0.46798438998971265
76752,0.0,0.4358095792409023
92336,0.0,0.4880808173685405
154665,0.0,0.4669798912714602
88044,0.0,0.30755563107695205
106442,0.0,0.43508242640361794
95502,0.0,0.427779970877772
93282,0.0,0.6981935390145245
110715,0.0,0.4202897512602404
112680,0.0,0.4458288810192779
126093,0.0,0.3699708424143784
155865,0.0,0.48593756159210166
131527,0.0,0.3156068082066516
158899,0.0,0.4375091037665009
133020,0.0,0.4604080093365794
146679,0.0,0.7453051818275828
153288,0.0,0.36170335694536093
146850,0.0,0.4487465656485401
126132,0.0,0.3439536050640838
150878,0.0,0.44252141091587843
81960,0.0,0.20685511807845272
130416,0.0,0.48558206254242575
137718,0.0,0.7456734254678781
145629,0.0,0.4707829146681008
141246,0.0,0.5309808803455297
161007,0.0,0.40629134893977464
42602,0.0,0.5141722669323833
52936,0.0,0.35024838835986283
65070,0.0,0.4646879531851048
103623,0.0,0.4695992112163141
50970,0.0,0.6955920972481592
53304,0.0,0.40430354809693436
81600,0.0,0.44577729149443773
92550,0.0,0.4675958691626884
133584,0.0,0.47413240562025577
118980,0.0,0.3239048028456495
142534,0.0,0.4296531302852099
80768,0.0,0.1789212999189531
123860,0.0,0.4651278733500557
129374,0.0,0.7296337806813433
113135,0.0,0.41389263268324444
139073,0.0,0.45068014992155603
135882,0.0,0.5054994698436813
154451,0.0,0.3863841592936645
137775,0.0,0.495549390130247
118261,0.0,0.3092878775243807
143221,0.0,0.44270954054495854
131001,0.0,0.7298862812879968
111210,0.0,0.3849105290407011
134790,0.0,0.43423174254417823
127472,0.0,0.46259051065725826
148770,0.0,0.37823209895529386
128325,0.0,0.5127007290089561
111331,0.0,0.32276222328104365
135031,0.0,0.4588003903782861
114660,0.0,0.4447007996122623
122811,0.0,0.7303806901026523
104910,0.0,0.3882504439899272
128490,0.0,0.43998160511797113
122432,0.0,0.45882934132748276
157050,0.0,0.5402874521437206
68833,0.0,0.4719349793949585
88215,0.0,0.423732591613009
83520,0.0,0.43515673780442715
71820,0.0,0.38735109602727985
128190,0.0,0.34853432768062836
107980,0.0,0.4634259237828347
116892,0.0,0.37046050363201405
128848,0.0,0.4703480067030648
138390,0.0,0.42436379261458484
80176,0.0,0.14280332388783695
120604,0.0,0.45582943328564973
109879,0.0,0.4041687995229739
133218,0.0,0.49368783444035724
151195,0.0,0.377650642139167
87846,0.0,0.41932602014281484
107276,0.0,0.5553795922992246
38455,0.0,0.0
83560,0.0,0.44890867045273847
121520,0.0,0.4320440748913744
105352,0.0,0.4961001165843996
137998,0.0,0.502241795177746
120804,0.0,0.3259179708122503
81072,0.0,0.045619792334615966
125532,0.0,0.4681513545546038
131502,0.0,0.7321363020046954
114807,0.0,0.4170150140260843
155439,0.0,0.3793095932896602
137250,0.0,0.5098490386660115
156123,0.0,0.38834397192600767
150915,0.0,0.4851304815187957
154609,0.0,0.43515029338756783
42096,0.0,0.0
129720,0.0,0.45214172960904286
119970,0.0,0.3951747161684218
150648,0.0,0.35077545221864104
134480,0.0,0.4819368862333459
157530,0.0,0.3784938916309207
133740,0.0,0.5081447411277064
155835,0.0,0.48592426212139894
131505,0.0,0.31555757915892296
158873,0.0,0.4374856219994083
42424,0.0,0.0
133000,0.0,0.46035038488731983
146653,0.0,0.7452603536333469
123250,0.0,0.4037662801088636
153272,0.0,0.3616257665500451
146830,0.0,0.4486923588922429
160810,0.0,0.3846979917415594
-21307,0.0,0.39101753499036
86490,0.0,0.19283391689917875
-34695,0.0,0.6870347679683326
-15228,0.0,0.4041407534006992
55650,0.0,0.3798088932020372
13068,0.0,0.45554164213376924
29844,0.0,0.4408990689805646
109225,0.0,0.47299294349845655
103883,0.0,0.34234507234220174
123855,0.0,0.4330111508198343
115380,0.0,0.3041391642981794
109755,0.0,0.722575848664611
100332,0.0,0.4311616553971948
128628,0.0,0.4616750659278073
145404,0.0,0.39919895712875675
109718,0.0,0.42188450658058196
76080,0.0,0.09753196981883415
96558,0.0,0.6933775907033463
87351,0.0,0.36690059473316894
132975,0.0,0.3195864783127669
113289,0.0,0.41083412613503234
114786,0.0,0.4401012526882647
50252,0.0,0.48906773182555424
58786,0.0,0.3231576466012956
71820,0.0,0.43890291864989855
104973,0.0,0.37744027939574515
70404,0.0,0.4333522172292964
57720,0.0,0.6842046103026529
58704,0.0,0.38596180023039733
117260,0.0,0.3503948623292515
87000,0.0,0.42583181723605984
97050,0.0,0.45371768257391365
129675,0.0,0.5098260221574521
112321,0.0,0.32024796212589224
40680,0.0,0.0
123981,0.0,0.72998230829382
105810,0.0,0.3872685569149413
129390,0.0,0.4386639481906172
123152,0.0,0.45887869313342666
156144,0.0,0.5023108324047506
135900,0.0,0.3764497227156836
83588,0.0,0.08028286598624557
139370,0.0,0.5177314444012385
166761,0.0,0.4446611500130895
154583,0.0,0.5029365532702468
148572,0.0,0.5699556451433063
166755,0.0,0.49782301914798893
139513,0.0,0.34193104922784695
43152,0.0,0.0
156117,0.0,0.7660682476905611
130530,0.0,0.43208302415919764
159096,0.0,0.3987419901567155
154110,0.0,0.4752129194459582
142928,0.0,0.5282654622191354
155331,0.0,0.46483836758701
127648,0.0,0.745655141272266
169085,0.0,0.3543148863646769
75764,0.0,0.6304552418280662
97209,0.0,0.48075622071394847
66660,0.0,0.39745656132237345
190320,0.0,0.7255020905205591
149468,0.0,0.6679939675014558
110705,0.0,0.5988004499123273
140130,0.0,0.4936525984051257
262170,0.0,0.3912946760180652
168441,0.0,0.34207019602102745
195800,0.0,0.5989960892396492
204985,0.0,0.6429871991529924
151644,0.0,0.884790515439534
125720,0.0,0.7668313120523933
143478,0.0,0.6089463405366862
96512,0.0,0.7562871411267846
142264,0.0,0.4665264705068847
157157,0.0,0.6488995796089839
169272,0.0,0.588063444604913
117670,0.0,0.6441315238028905
48594,0.0,0.7320082133047217
188628,0.0,0.572673067485516
208776,0.0,0.8717882254521345
17376,0.0,0.6336349813658212
187150,0.0,0.3985258734059668
196504,0.0,0.5941940904031944
156244,0.0,0.5994773043409954
226382,0.0,0.6367555772868999
177462,0.0,0.5199568941417004
201564,0.0,0.6328862137560752
157322,0.0,0.4995253545513802
174060,0.0,0.25230396448924886
148414,0.0,0.8723883487587681
223030,0.0,0.6738793309235513
229635,0.0,0.6169511570771543
151800,0.0,0.7677521028985572
52980,0.0,0.7217535159759724
99071,0.0,0.5560845609258821
201936,0.0,0.509777588294807
168487,0.0,0.6170431762125442
47232,0.0,0.5845289386313449
154875,0.0,0.3273318881646059
154323,0.0,0.4136036397545341
149632,0.0,0.6808153753130616
126633,0.0,0.5890884835036462
151030,0.0,0.30434015441964835
148841,0.0,0.562554200428615
133380,0.0,0.4407282026690763
206976,0.0,0.8676035053898915
185650,0.0,0.784156622593284
148533,0.0,0.588577303505693
209858,0.0,0.888221308812452
140701,0.0,0.6364408719519405
214082,0.0,0.9039550501607868
81024,0.0,0.7689684773009359
251170,0.0,0.4246511092390166
75732,0.0,0.6212465827045872
231660,0.0,0.9413201244721834
115934,0.0,0.8415267943694396
171810,0.0,0.6580440935224549
72990,0.0,0.3723718181364088
197372,0.0,0.8509281845629909
119457,0.0,0.6102446488064395
64832,0.0,0.8456593884148458
12733,0.0,0.7426736354377035
163233,0.0,0.6001288281422398
145928,0.0,0.7330422552424092
137306,0.0,0.5088295988952958
147368,0.0,0.7419218282411487
125829,0.0,0.6490296337584007
108559,0.0,0.5004847646604195
124835,0.0,0.29786525093445987
119462,0.0,0.5621816264379934
30804,0.0,0.5875862306805036
159960,0.0,0.4713584207495126
73692,0.0,0.37303077167316356
96538,0.0,0.548212418766009
136485,0.0,0.511110944923341
69240,0.0,0.4327970277573894
82929,0.0,0.41894503837364416
63440,0.0,0.8130065834345512
14612,0.0,0.658098355798004
167424,0.0,0.6031704682668999
143682,0.0,0.607824075494398
177112,0.0,0.6828457919492039
104274,0.0,0.4143880129669097
133944,0.0,0.5680274086287013
99684,0.0,0.47474844773392466
88632,0.0,0.37005303846807147
132354,0.0,0.4417387799125228
34032,0.0,0.6231932857864878
85257,0.0,0.4285429990480349
76920,0.0,0.4311402680642465
141780,0.0,0.5674464910916021
22457,0.0,0.620713402759911
147798,0.0,0.502159351720848
128445,0.0,0.6505924878382862
138589,0.0,0.3273027041539472
109884,0.0,0.7011776314965493
125892,0.0,0.3169779266350393
23628,0.0,0.5905594720684276
71137,0.0,0.5684703257444567
60858,0.0,0.3459896992249528
169020,0.0,0.46915825516160853
188661,0.0,0.7110905627131735
137786,0.0,0.522720060506882
164864,0.0,0.551832211106432
189936,0.0,0.5796238251060597
205284,0.0,0.7302481766059138
134838,0.0,0.44834774037435576
147830,0.0,0.6384522754296448
185150,0.0,0.8149461667582213
177892,0.0,0.6987870554580813
102654,0.0,0.506878747831081
153538,0.0,0.3574151312443902
267696,0.0,0.371166473072304
50760,0.0,0.6378913186459241
137030,0.0,0.6052754230508669
131145,0.0,0.6513713375305125
110112,0.0,0.74754379146747
96468,0.0,0.5824582960426536
109396,0.0,0.5150453860817329
174944,0.0,0.34607306682734296
85899,0.0,0.41326027206654076
91320,0.0,0.5770314758484756
45050,0.0,0.6239244073658136
112912,0.0,0.8142302419489188
98043,0.0,0.5150528876231282
196696,0.0,0.46373715495974865
104568,0.0,0.6614893577780849
63818,0.0,0.6970014723188611
95688,0.0,0.43768101438013285
140767,0.0,0.32787767626854036
168984,0.0,0.5320544653989908
180340,0.0,0.5498043116356164
152670,0.0,0.6605477679803005
104964,0.0,0.5344377315083579
147402,0.0,0.5074375148010395
154605,0.0,0.6833996855439376
101408,0.0,0.588700980994308
127160,0.0,0.5127914514836235
182816,0.0,0.5642572305538619
187460,0.0,0.8206128418760872
150470,0.0,0.6499437397838598
208730,0.0,0.5818080875132678
121851,0.0,0.43425951604461155
153468,0.0,0.5434481117578516
96305,0.0,0.6276933089650796
121068,0.0,0.4012083477459311
129276,0.0,0.4364187978066815
200480,0.0,0.5997749903245334
66781,0.0,0.6308950439559727
194016,0.0,0.6518385490670996
115620,0.0,0.5958667016917967
176752,0.0,0.5419649899927553
116161,0.0,0.667423980248218
182304,0.0,0.5469631947452206
147420,0.0,0.5285874851294499
152484,0.0,0.3927774049446255
49404,0.0,0.5723169742731284
238160,0.0,0.2708474138246608
-14331,0.0,0.652776957193666
41509,0.0,0.40153813887084044
135499,0.0,0.862010597953098
211120,0.0,0.8836194163441173
180334,0.0,0.5790905858433244
151029,0.0,0.6411136732814934
167216,0.0,0.8041616553214361
150891,0.0,0.8373760838907472
102858,0.0,0.7674057170799304
172064,0.0,0.5965098935967681
189959,0.0,0.7965384588781316
182435,0.0,0.7652159873444196
215330,0.0,0.5020050607275296
136708,0.0,0.7689900740102392
170753,0.0,0.7352277454523487
111118,0.0,0.8393085208333525
159800,0.0,0.6218774623880937
192216,0.0,0.8305967880354591
202812,0.0,0.5509145053956838
207298,0.0,0.8657198158998676
94908,0.0,0.6540767839193571
145670,0.0,0.6322651570080029
191424,0.0,0.8386873252008333
95424,0.0,0.78381074155032
146760,0.0,0.7856886419694452
98739,0.0,0.6105699058198759
97258,0.0,0.8385089465740785
140520,0.0,0.6831647786499501
160336,0.0,0.7656596452290294
107159,0.0,0.7569587856021843
232505,0.0,0.9046257389980755
63076,0.0,0.6417631287187812
161850,0.0,0.6114014388544728
226800,0.0,0.89807885372039
139152,0.0,0.632912209280924
237168,0.0,0.9366519214612701
143052,0.0,0.643042216720763
184680,0.0,0.7795186203333907
55380,0.0,0.6535558290956948
66053,0.0,0.6751259590134833
199960,0.0,0.5023916285211215
-3484,0.0,0.650406515566464
187992,0.0,0.4069681769570286
180948,0.0,0.5722220890972752
122234,0.0,0.6670096817860007
135010,0.0,0.7104587332242253
137904,0.0,0.4765342770180862
159858,0.0,0.5960611514405317
134414,0.0,0.652086205869517
-5376,0.0,0.5858907490806433
190134,0.0,0.5415553993581458
97416,0.0,0.6554163818703603
212211,0.0,0.5128380632650745
84672,0.0,0.6278081877635003
204292,0.0,0.6313101598453988
180020,0.0,0.6146942982311814
117708,0.0,0.5459642375533225
121935,0.0,0.7210051324951878
74041,0.0,0.6603422319279937
145140,0.0,0.657078335753977
129778,0.0,0.6641366487073089
158090,0.0,0.589700727374318
187132,0.0,0.6438137243074127
110424,0.0,0.649771562791969
165472,0.0,0.4091207160270097
19836,0.0,0.7133651993974349
145035,0.0,0.7599834141993771
32929,0.0,0.7253144014144693
171144,0.0,0.30822364024760296
131248,0.0,0.7731991305353884
144144,0.0,0.7567065234967737
104806,0.0,0.7558948341826974
159830,0.0,0.5950240241527498
134622,0.0,0.4479846804079339
166960,0.0,0.4903199105269309
50708,0.0,0.6903279158356124
134862,0.0,0.393139532637219
182904,0.0,0.6984832400238534
178776,0.0,0.3704684909801869
179498,0.0,0.5512116917854065
109080,0.0,0.6953505215845989
136950,0.0,0.3547391395620567
146965,0.0,0.4089002193806355
111304,0.0,0.506928017479263
131677,0.0,0.2892702182459251
155474,0.0,0.6522761254903718
122474,0.0,0.6422801043966999
147852,0.0,0.6720610883876866
115766,0.0,0.6503860187207243
130728,0.0,0.42520037428557317
133237,0.0,0.5614045199204034
128742,0.0,0.2769015694117175
208809,0.0,0.6216969127504139
121940,0.0,0.7809865802552084
147706,0.0,0.8249897780168485
171500,0.0,0.4637803084428079
164444,0.0,0.4282810915123154
130912,0.0,0.44409841486356416
170848,0.0,0.46127147099165344
94380,0.0,0.6439797125209291
101211,0.0,0.38886937110296843
102672,0.0,0.5324464564342326
175788,0.0,0.426116994451346
